phase,workload,nodes,edges,sample,nanos,allocations,allocated_bytes,checksum
adapter_setup,current_thread_runtime,0,0,0,20408,0,0,0
adapter_setup,current_thread_runtime,0,0,1,2055,0,0,0
adapter_setup,current_thread_runtime,0,0,2,1907,0,0,0
adapter_setup,current_thread_runtime,0,0,3,1833,0,0,0
adapter_setup,current_thread_runtime,0,0,4,1852,0,0,0
adapter_setup,current_thread_runtime,0,0,5,1815,0,0,0
adapter_setup,current_thread_runtime,0,0,6,1815,0,0,0
adapter_setup,current_thread_runtime,0,0,7,1944,0,0,0
adapter_setup,current_thread_runtime,0,0,8,1926,0,0,0
adapter_setup,current_thread_runtime,0,0,9,2777,0,0,0
adapter_setup,current_thread_runtime,0,0,10,3093,0,0,0
adapter_setup,current_thread_runtime,0,0,11,2130,0,0,0
adapter_setup,current_thread_runtime,0,0,12,2186,0,0,0
adapter_setup,current_thread_runtime,0,0,13,2148,0,0,0
adapter_setup,current_thread_runtime,0,0,14,2037,0,0,0
adapter_setup,current_thread_runtime,0,0,15,2019,0,0,0
adapter_setup,current_thread_runtime,0,0,16,2037,0,0,0
adapter_setup,current_thread_runtime,0,0,17,1926,0,0,0
adapter_setup,current_thread_runtime,0,0,18,2129,0,0,0
adapter_setup,current_thread_runtime,0,0,19,1981,0,0,0
adapter_setup,current_thread_runtime,0,0,20,2018,0,0,0
adapter_setup,current_thread_runtime,0,0,21,2056,0,0,0
adapter_setup,current_thread_runtime,0,0,22,2056,0,0,0
adapter_setup,current_thread_runtime,0,0,23,3130,0,0,0
adapter_setup,current_thread_runtime,0,0,24,2186,0,0,0
adapter_setup,current_thread_runtime,0,0,25,2000,0,0,0
adapter_setup,current_thread_runtime,0,0,26,4371,0,0,0
adapter_setup,current_thread_runtime,0,0,27,2000,0,0,0
adapter_setup,current_thread_runtime,0,0,28,2148,0,0,0
adapter_setup,current_thread_runtime,0,0,29,1982,0,0,0
adapter_setup,current_thread_runtime,0,0,30,2166,0,0,0
adapter_setup,current_thread_runtime,0,0,31,1981,0,0,0
adapter_setup,current_thread_runtime,0,0,32,2186,0,0,0
adapter_setup,current_thread_runtime,0,0,33,1963,0,0,0
adapter_setup,current_thread_runtime,0,0,34,2019,0,0,0
adapter_setup,current_thread_runtime,0,0,35,2000,0,0,0
adapter_setup,current_thread_runtime,0,0,36,2018,0,0,0
adapter_setup,current_thread_runtime,0,0,37,1963,0,0,0
adapter_setup,current_thread_runtime,0,0,38,2037,0,0,0
adapter_setup,current_thread_runtime,0,0,39,2018,0,0,0
fixture_generation,graph_chain,1,0,0,1000,0,0,5
fixture_generation,graph_chain,1,0,1,259,0,0,5
fixture_generation,graph_chain,1,0,2,241,0,0,5
fixture_generation,graph_chain,1,0,3,259,0,0,5
fixture_generation,graph_chain,1,0,4,241,0,0,5
fixture_generation,graph_chain,1,0,5,241,0,0,5
fixture_generation,graph_chain,1,0,6,241,0,0,5
fixture_generation,graph_chain,1,0,7,241,0,0,5
fixture_generation,graph_chain,1,0,8,222,0,0,5
fixture_generation,graph_chain,1,0,9,259,0,0,5
fixture_generation,graph_chain,1,0,10,241,0,0,5
fixture_generation,graph_chain,1,0,11,241,0,0,5
fixture_generation,graph_chain,1,0,12,241,0,0,5
fixture_generation,graph_chain,1,0,13,240,0,0,5
fixture_generation,graph_chain,1,0,14,241,0,0,5
fixture_generation,graph_chain,1,0,15,260,0,0,5
fixture_generation,graph_chain,1,0,16,241,0,0,5
fixture_generation,graph_chain,1,0,17,223,0,0,5
fixture_generation,graph_chain,1,0,18,259,0,0,5
fixture_generation,graph_chain,1,0,19,333,0,0,5
plan_build,graph_chain,1,0,0,7297,0,0,11
plan_build,graph_chain,1,0,1,1445,0,0,11
plan_build,graph_chain,1,0,2,1297,0,0,11
plan_build,graph_chain,1,0,3,1055,0,0,11
plan_build,graph_chain,1,0,4,1074,0,0,11
plan_build,graph_chain,1,0,5,1000,0,0,11
plan_build,graph_chain,1,0,6,1092,0,0,11
plan_build,graph_chain,1,0,7,1111,0,0,11
plan_build,graph_chain,1,0,8,1093,0,0,11
plan_build,graph_chain,1,0,9,1074,0,0,11
plan_build,graph_chain,1,0,10,1000,0,0,11
plan_build,graph_chain,1,0,11,1185,0,0,11
plan_build,graph_chain,1,0,12,1129,0,0,11
plan_build,graph_chain,1,0,13,1092,0,0,11
plan_build,graph_chain,1,0,14,1000,0,0,11
plan_build,graph_chain,1,0,15,1037,0,0,11
plan_build,graph_chain,1,0,16,2056,0,0,11
plan_build,graph_chain,1,0,17,1222,0,0,11
plan_build,graph_chain,1,0,18,981,0,0,11
plan_build,graph_chain,1,0,19,1074,0,0,11
plan_build_alloc,graph_chain,1,0,0,0,13,2317,11
engine_execution,graph_chain,1,0,0,11666,0,0,1
engine_execution,graph_chain,1,0,1,11537,0,0,0
engine_execution,graph_chain,1,0,2,11519,0,0,3
engine_execution,graph_chain,1,0,3,11871,0,0,2
engine_execution,graph_chain,1,0,4,11945,0,0,5
engine_execution,graph_chain,1,0,5,11426,0,0,4
engine_execution,graph_chain,1,0,6,11444,0,0,7
engine_execution,graph_chain,1,0,7,11297,0,0,6
engine_execution,graph_chain,1,0,8,11519,0,0,9
engine_execution,graph_chain,1,0,9,13537,0,0,8
engine_execution,graph_chain,1,0,10,11741,0,0,11
engine_execution,graph_chain,1,0,11,11537,0,0,10
engine_execution,graph_chain,1,0,12,11574,0,0,13
engine_execution,graph_chain,1,0,13,11611,0,0,12
engine_execution,graph_chain,1,0,14,11908,0,0,15
engine_execution,graph_chain,1,0,15,11760,0,0,14
engine_execution,graph_chain,1,0,16,11556,0,0,17
engine_execution,graph_chain,1,0,17,11556,0,0,16
engine_execution,graph_chain,1,0,18,11426,0,0,19
engine_execution,graph_chain,1,0,19,11630,0,0,18
engine_execution,graph_chain,1,0,20,11574,0,0,21
engine_execution,graph_chain,1,0,21,11444,0,0,20
engine_execution,graph_chain,1,0,22,11611,0,0,23
engine_execution,graph_chain,1,0,23,11574,0,0,22
engine_execution,graph_chain,1,0,24,11778,0,0,25
engine_execution,graph_chain,1,0,25,11685,0,0,24
engine_execution,graph_chain,1,0,26,11741,0,0,27
engine_execution,graph_chain,1,0,27,11592,0,0,26
engine_execution,graph_chain,1,0,28,11352,0,0,29
engine_execution,graph_chain,1,0,29,11519,0,0,28
engine_execution,graph_chain,1,0,30,11851,0,0,31
engine_execution,graph_chain,1,0,31,11796,0,0,30
engine_execution,graph_chain,1,0,32,11501,0,0,33
engine_execution,graph_chain,1,0,33,11611,0,0,32
engine_execution,graph_chain,1,0,34,11426,0,0,35
engine_execution,graph_chain,1,0,35,11537,0,0,34
engine_execution,graph_chain,1,0,36,11704,0,0,37
engine_execution,graph_chain,1,0,37,11685,0,0,36
engine_execution,graph_chain,1,0,38,11630,0,0,39
engine_execution,graph_chain,1,0,39,11611,0,0,38
engine_execution_alloc,graph_chain,1,0,0,0,110,15124,23131
machine_state_setup,graph_chain,1,0,0,1926,0,0,1
body_state_setup,graph_chain,1,0,0,649,0,0,0
machine_state_setup,graph_chain,1,0,1,1370,0,0,1
body_state_setup,graph_chain,1,0,1,352,0,0,0
machine_state_setup,graph_chain,1,0,2,1166,0,0,1
body_state_setup,graph_chain,1,0,2,389,0,0,0
machine_state_setup,graph_chain,1,0,3,1167,0,0,1
body_state_setup,graph_chain,1,0,3,537,0,0,0
machine_state_setup,graph_chain,1,0,4,1204,0,0,1
body_state_setup,graph_chain,1,0,4,481,0,0,0
machine_state_setup,graph_chain,1,0,5,1241,0,0,1
body_state_setup,graph_chain,1,0,5,370,0,0,0
machine_state_setup,graph_chain,1,0,6,1111,0,0,1
body_state_setup,graph_chain,1,0,6,389,0,0,0
machine_state_setup,graph_chain,1,0,7,1166,0,0,1
body_state_setup,graph_chain,1,0,7,444,0,0,0
machine_state_setup,graph_chain,1,0,8,1148,0,0,1
body_state_setup,graph_chain,1,0,8,407,0,0,0
machine_state_setup,graph_chain,1,0,9,1185,0,0,1
body_state_setup,graph_chain,1,0,9,370,0,0,0
machine_state_setup,graph_chain,1,0,10,1185,0,0,1
body_state_setup,graph_chain,1,0,10,426,0,0,0
machine_state_setup,graph_chain,1,0,11,1315,0,0,1
body_state_setup,graph_chain,1,0,11,407,0,0,0
machine_state_setup,graph_chain,1,0,12,1037,0,0,1
body_state_setup,graph_chain,1,0,12,1000,0,0,0
machine_state_setup,graph_chain,1,0,13,1185,0,0,1
body_state_setup,graph_chain,1,0,13,352,0,0,0
machine_state_setup,graph_chain,1,0,14,1038,0,0,1
body_state_setup,graph_chain,1,0,14,407,0,0,0
machine_state_setup,graph_chain,1,0,15,1074,0,0,1
body_state_setup,graph_chain,1,0,15,574,0,0,0
machine_state_setup,graph_chain,1,0,16,1037,0,0,1
body_state_setup,graph_chain,1,0,16,426,0,0,0
machine_state_setup,graph_chain,1,0,17,1130,0,0,1
body_state_setup,graph_chain,1,0,17,352,0,0,0
machine_state_setup,graph_chain,1,0,18,1019,0,0,1
body_state_setup,graph_chain,1,0,18,426,0,0,0
machine_state_setup,graph_chain,1,0,19,1259,0,0,1
body_state_setup,graph_chain,1,0,19,370,0,0,0
machine_state_setup,graph_chain,1,0,20,1111,0,0,1
body_state_setup,graph_chain,1,0,20,1574,0,0,0
machine_state_setup,graph_chain,1,0,21,1204,0,0,1
body_state_setup,graph_chain,1,0,21,444,0,0,0
machine_state_setup,graph_chain,1,0,22,1092,0,0,1
body_state_setup,graph_chain,1,0,22,444,0,0,0
machine_state_setup,graph_chain,1,0,23,1204,0,0,1
body_state_setup,graph_chain,1,0,23,500,0,0,0
machine_state_setup,graph_chain,1,0,24,1704,0,0,1
body_state_setup,graph_chain,1,0,24,389,0,0,0
machine_state_setup,graph_chain,1,0,25,1092,0,0,1
body_state_setup,graph_chain,1,0,25,426,0,0,0
machine_state_setup,graph_chain,1,0,26,1130,0,0,1
body_state_setup,graph_chain,1,0,26,389,0,0,0
machine_state_setup,graph_chain,1,0,27,1129,0,0,1
body_state_setup,graph_chain,1,0,27,370,0,0,0
machine_state_setup,graph_chain,1,0,28,1074,0,0,1
body_state_setup,graph_chain,1,0,28,370,0,0,0
machine_state_setup,graph_chain,1,0,29,1092,0,0,1
body_state_setup,graph_chain,1,0,29,389,0,0,0
machine_state_setup,graph_chain,1,0,30,1055,0,0,1
body_state_setup,graph_chain,1,0,30,407,0,0,0
machine_state_setup,graph_chain,1,0,31,1111,0,0,1
body_state_setup,graph_chain,1,0,31,333,0,0,0
machine_state_setup,graph_chain,1,0,32,1019,0,0,1
body_state_setup,graph_chain,1,0,32,371,0,0,0
machine_state_setup,graph_chain,1,0,33,1204,0,0,1
body_state_setup,graph_chain,1,0,33,389,0,0,0
machine_state_setup,graph_chain,1,0,34,1074,0,0,1
body_state_setup,graph_chain,1,0,34,370,0,0,0
machine_state_setup,graph_chain,1,0,35,1037,0,0,1
body_state_setup,graph_chain,1,0,35,371,0,0,0
machine_state_setup,graph_chain,1,0,36,1092,0,0,1
body_state_setup,graph_chain,1,0,36,389,0,0,0
machine_state_setup,graph_chain,1,0,37,1148,0,0,1
body_state_setup,graph_chain,1,0,37,1685,0,0,0
machine_state_setup,graph_chain,1,0,38,1167,0,0,1
body_state_setup,graph_chain,1,0,38,371,0,0,0
machine_state_setup,graph_chain,1,0,39,1056,0,0,1
body_state_setup,graph_chain,1,0,39,482,0,0,0
pure_machine_events_preseeded,graph_chain,1,0,0,4166,0,0,1
pure_machine_events_preseeded,graph_chain,1,0,1,2611,0,0,1
pure_machine_events_preseeded,graph_chain,1,0,2,2426,0,0,1
pure_machine_events_preseeded,graph_chain,1,0,3,2389,0,0,1
pure_machine_events_preseeded,graph_chain,1,0,4,2278,0,0,1
pure_machine_events_preseeded,graph_chain,1,0,5,2351,0,0,1
pure_machine_events_preseeded,graph_chain,1,0,6,2296,0,0,1
pure_machine_events_preseeded,graph_chain,1,0,7,2222,0,0,1
pure_machine_events_preseeded,graph_chain,1,0,8,2185,0,0,1
pure_machine_events_preseeded,graph_chain,1,0,9,2185,0,0,1
pure_machine_events_preseeded,graph_chain,1,0,10,2167,0,0,1
pure_machine_events_preseeded,graph_chain,1,0,11,2185,0,0,1
pure_machine_events_preseeded,graph_chain,1,0,12,2296,0,0,1
pure_machine_events_preseeded,graph_chain,1,0,13,2259,0,0,1
pure_machine_events_preseeded,graph_chain,1,0,14,2296,0,0,1
pure_machine_events_preseeded,graph_chain,1,0,15,2222,0,0,1
pure_machine_events_preseeded,graph_chain,1,0,16,2166,0,0,1
pure_machine_events_preseeded,graph_chain,1,0,17,2241,0,0,1
pure_machine_events_preseeded,graph_chain,1,0,18,2278,0,0,1
pure_machine_events_preseeded,graph_chain,1,0,19,2259,0,0,1
pure_machine_events_preseeded,graph_chain,1,0,20,2334,0,0,1
pure_machine_events_preseeded,graph_chain,1,0,21,2222,0,0,1
pure_machine_events_preseeded,graph_chain,1,0,22,2204,0,0,1
pure_machine_events_preseeded,graph_chain,1,0,23,2204,0,0,1
pure_machine_events_preseeded,graph_chain,1,0,24,2204,0,0,1
pure_machine_events_preseeded,graph_chain,1,0,25,2204,0,0,1
pure_machine_events_preseeded,graph_chain,1,0,26,2241,0,0,1
pure_machine_events_preseeded,graph_chain,1,0,27,2203,0,0,1
pure_machine_events_preseeded,graph_chain,1,0,28,2204,0,0,1
pure_machine_events_preseeded,graph_chain,1,0,29,2167,0,0,1
pure_machine_events_preseeded,graph_chain,1,0,30,2260,0,0,1
pure_machine_events_preseeded,graph_chain,1,0,31,2167,0,0,1
pure_machine_events_preseeded,graph_chain,1,0,32,2148,0,0,1
pure_machine_events_preseeded,graph_chain,1,0,33,2112,0,0,1
pure_machine_events_preseeded,graph_chain,1,0,34,2223,0,0,1
pure_machine_events_preseeded,graph_chain,1,0,35,2223,0,0,1
pure_machine_events_preseeded,graph_chain,1,0,36,2149,0,0,1
pure_machine_events_preseeded,graph_chain,1,0,37,2130,0,0,1
pure_machine_events_preseeded,graph_chain,1,0,38,2167,0,0,1
pure_machine_events_preseeded,graph_chain,1,0,39,2148,0,0,1
fixture_generation,graph_wide,1,0,0,259,0,0,5
fixture_generation,graph_wide,1,0,1,204,0,0,5
fixture_generation,graph_wide,1,0,2,203,0,0,5
fixture_generation,graph_wide,1,0,3,204,0,0,5
fixture_generation,graph_wide,1,0,4,1240,0,0,5
fixture_generation,graph_wide,1,0,5,222,0,0,5
fixture_generation,graph_wide,1,0,6,203,0,0,5
fixture_generation,graph_wide,1,0,7,204,0,0,5
fixture_generation,graph_wide,1,0,8,371,0,0,5
fixture_generation,graph_wide,1,0,9,222,0,0,5
fixture_generation,graph_wide,1,0,10,222,0,0,5
fixture_generation,graph_wide,1,0,11,259,0,0,5
fixture_generation,graph_wide,1,0,12,314,0,0,5
fixture_generation,graph_wide,1,0,13,222,0,0,5
fixture_generation,graph_wide,1,0,14,222,0,0,5
fixture_generation,graph_wide,1,0,15,370,0,0,5
fixture_generation,graph_wide,1,0,16,296,0,0,5
fixture_generation,graph_wide,1,0,17,333,0,0,5
fixture_generation,graph_wide,1,0,18,315,0,0,5
fixture_generation,graph_wide,1,0,19,296,0,0,5
plan_build,graph_wide,1,0,0,2278,0,0,10
plan_build,graph_wide,1,0,1,1111,0,0,10
plan_build,graph_wide,1,0,2,1111,0,0,10
plan_build,graph_wide,1,0,3,1055,0,0,10
plan_build,graph_wide,1,0,4,1093,0,0,10
plan_build,graph_wide,1,0,5,1018,0,0,10
plan_build,graph_wide,1,0,6,1000,0,0,10
plan_build,graph_wide,1,0,7,1000,0,0,10
plan_build,graph_wide,1,0,8,1092,0,0,10
plan_build,graph_wide,1,0,9,1037,0,0,10
plan_build,graph_wide,1,0,10,1129,0,0,10
plan_build,graph_wide,1,0,11,1037,0,0,10
plan_build,graph_wide,1,0,12,1074,0,0,10
plan_build,graph_wide,1,0,13,1093,0,0,10
plan_build,graph_wide,1,0,14,1037,0,0,10
plan_build,graph_wide,1,0,15,1204,0,0,10
plan_build,graph_wide,1,0,16,1111,0,0,10
plan_build,graph_wide,1,0,17,1093,0,0,10
plan_build,graph_wide,1,0,18,1037,0,0,10
plan_build,graph_wide,1,0,19,1055,0,0,10
plan_build_alloc,graph_wide,1,0,0,0,13,2316,10
engine_execution,graph_wide,1,0,0,11518,0,0,1
engine_execution,graph_wide,1,0,1,11741,0,0,0
engine_execution,graph_wide,1,0,2,11500,0,0,3
engine_execution,graph_wide,1,0,3,12278,0,0,2
engine_execution,graph_wide,1,0,4,11555,0,0,5
engine_execution,graph_wide,1,0,5,11963,0,0,4
engine_execution,graph_wide,1,0,6,11630,0,0,7
engine_execution,graph_wide,1,0,7,11222,0,0,6
engine_execution,graph_wide,1,0,8,11723,0,0,9
engine_execution,graph_wide,1,0,9,11796,0,0,8
engine_execution,graph_wide,1,0,10,11722,0,0,11
engine_execution,graph_wide,1,0,11,11760,0,0,10
engine_execution,graph_wide,1,0,12,11648,0,0,13
engine_execution,graph_wide,1,0,13,11611,0,0,12
engine_execution,graph_wide,1,0,14,11741,0,0,15
engine_execution,graph_wide,1,0,15,11556,0,0,14
engine_execution,graph_wide,1,0,16,11630,0,0,17
engine_execution,graph_wide,1,0,17,11500,0,0,16
engine_execution,graph_wide,1,0,18,11667,0,0,19
engine_execution,graph_wide,1,0,19,11760,0,0,18
engine_execution,graph_wide,1,0,20,11537,0,0,21
engine_execution,graph_wide,1,0,21,11852,0,0,20
engine_execution,graph_wide,1,0,22,11741,0,0,23
engine_execution,graph_wide,1,0,23,11370,0,0,22
engine_execution,graph_wide,1,0,24,11759,0,0,25
engine_execution,graph_wide,1,0,25,11667,0,0,24
engine_execution,graph_wide,1,0,26,11648,0,0,27
engine_execution,graph_wide,1,0,27,11704,0,0,26
engine_execution,graph_wide,1,0,28,11518,0,0,29
engine_execution,graph_wide,1,0,29,11815,0,0,28
engine_execution,graph_wide,1,0,30,11704,0,0,31
engine_execution,graph_wide,1,0,31,11556,0,0,30
engine_execution,graph_wide,1,0,32,11482,0,0,33
engine_execution,graph_wide,1,0,33,11574,0,0,32
engine_execution,graph_wide,1,0,34,11537,0,0,35
engine_execution,graph_wide,1,0,35,11463,0,0,34
engine_execution,graph_wide,1,0,36,11371,0,0,37
engine_execution,graph_wide,1,0,37,11648,0,0,36
engine_execution,graph_wide,1,0,38,11723,0,0,39
engine_execution,graph_wide,1,0,39,11630,0,0,38
engine_execution_alloc,graph_wide,1,0,0,0,110,15122,23131
machine_state_setup,graph_wide,1,0,0,1611,0,0,1
body_state_setup,graph_wide,1,0,0,408,0,0,0
machine_state_setup,graph_wide,1,0,1,1185,0,0,1
body_state_setup,graph_wide,1,0,1,333,0,0,0
machine_state_setup,graph_wide,1,0,2,944,0,0,1
body_state_setup,graph_wide,1,0,2,334,0,0,0
machine_state_setup,graph_wide,1,0,3,1111,0,0,1
body_state_setup,graph_wide,1,0,3,407,0,0,0
machine_state_setup,graph_wide,1,0,4,1148,0,0,1
body_state_setup,graph_wide,1,0,4,444,0,0,0
machine_state_setup,graph_wide,1,0,5,1166,0,0,1
body_state_setup,graph_wide,1,0,5,426,0,0,0
machine_state_setup,graph_wide,1,0,6,1185,0,0,1
body_state_setup,graph_wide,1,0,6,407,0,0,0
machine_state_setup,graph_wide,1,0,7,1092,0,0,1
body_state_setup,graph_wide,1,0,7,389,0,0,0
machine_state_setup,graph_wide,1,0,8,1204,0,0,1
body_state_setup,graph_wide,1,0,8,408,0,0,0
machine_state_setup,graph_wide,1,0,9,1056,0,0,1
body_state_setup,graph_wide,1,0,9,389,0,0,0
machine_state_setup,graph_wide,1,0,10,1166,0,0,1
body_state_setup,graph_wide,1,0,10,370,0,0,0
machine_state_setup,graph_wide,1,0,11,1055,0,0,1
body_state_setup,graph_wide,1,0,11,389,0,0,0
machine_state_setup,graph_wide,1,0,12,1166,0,0,1
body_state_setup,graph_wide,1,0,12,389,0,0,0
machine_state_setup,graph_wide,1,0,13,1055,0,0,1
body_state_setup,graph_wide,1,0,13,426,0,0,0
machine_state_setup,graph_wide,1,0,14,1149,0,0,1
body_state_setup,graph_wide,1,0,14,370,0,0,0
machine_state_setup,graph_wide,1,0,15,1056,0,0,1
body_state_setup,graph_wide,1,0,15,426,0,0,0
machine_state_setup,graph_wide,1,0,16,1185,0,0,1
body_state_setup,graph_wide,1,0,16,333,0,0,0
machine_state_setup,graph_wide,1,0,17,1185,0,0,1
body_state_setup,graph_wide,1,0,17,463,0,0,0
machine_state_setup,graph_wide,1,0,18,1148,0,0,1
body_state_setup,graph_wide,1,0,18,370,0,0,0
machine_state_setup,graph_wide,1,0,19,1055,0,0,1
body_state_setup,graph_wide,1,0,19,389,0,0,0
machine_state_setup,graph_wide,1,0,20,1111,0,0,1
body_state_setup,graph_wide,1,0,20,407,0,0,0
machine_state_setup,graph_wide,1,0,21,1111,0,0,1
body_state_setup,graph_wide,1,0,21,334,0,0,0
machine_state_setup,graph_wide,1,0,22,1074,0,0,1
body_state_setup,graph_wide,1,0,22,389,0,0,0
machine_state_setup,graph_wide,1,0,23,1093,0,0,1
body_state_setup,graph_wide,1,0,23,388,0,0,0
machine_state_setup,graph_wide,1,0,24,1167,0,0,1
body_state_setup,graph_wide,1,0,24,426,0,0,0
machine_state_setup,graph_wide,1,0,25,1148,0,0,1
body_state_setup,graph_wide,1,0,25,408,0,0,0
machine_state_setup,graph_wide,1,0,26,1093,0,0,1
body_state_setup,graph_wide,1,0,26,370,0,0,0
machine_state_setup,graph_wide,1,0,27,1093,0,0,1
body_state_setup,graph_wide,1,0,27,370,0,0,0
machine_state_setup,graph_wide,1,0,28,1129,0,0,1
body_state_setup,graph_wide,1,0,28,407,0,0,0
machine_state_setup,graph_wide,1,0,29,1055,0,0,1
body_state_setup,graph_wide,1,0,29,370,0,0,0
machine_state_setup,graph_wide,1,0,30,1092,0,0,1
body_state_setup,graph_wide,1,0,30,389,0,0,0
machine_state_setup,graph_wide,1,0,31,1093,0,0,1
body_state_setup,graph_wide,1,0,31,388,0,0,0
machine_state_setup,graph_wide,1,0,32,1074,0,0,1
body_state_setup,graph_wide,1,0,32,370,0,0,0
machine_state_setup,graph_wide,1,0,33,1037,0,0,1
body_state_setup,graph_wide,1,0,33,371,0,0,0
machine_state_setup,graph_wide,1,0,34,1056,0,0,1
body_state_setup,graph_wide,1,0,34,389,0,0,0
machine_state_setup,graph_wide,1,0,35,1130,0,0,1
body_state_setup,graph_wide,1,0,35,408,0,0,0
machine_state_setup,graph_wide,1,0,36,1167,0,0,1
body_state_setup,graph_wide,1,0,36,352,0,0,0
machine_state_setup,graph_wide,1,0,37,1019,0,0,1
body_state_setup,graph_wide,1,0,37,388,0,0,0
machine_state_setup,graph_wide,1,0,38,1037,0,0,1
body_state_setup,graph_wide,1,0,38,370,0,0,0
machine_state_setup,graph_wide,1,0,39,1074,0,0,1
body_state_setup,graph_wide,1,0,39,426,0,0,0
fixture_generation,graph_sparse,1,0,0,259,0,0,5
fixture_generation,graph_sparse,1,0,1,351,0,0,5
fixture_generation,graph_sparse,1,0,2,241,0,0,5
fixture_generation,graph_sparse,1,0,3,241,0,0,5
fixture_generation,graph_sparse,1,0,4,222,0,0,5
fixture_generation,graph_sparse,1,0,5,260,0,0,5
fixture_generation,graph_sparse,1,0,6,315,0,0,5
fixture_generation,graph_sparse,1,0,7,222,0,0,5
fixture_generation,graph_sparse,1,0,8,223,0,0,5
fixture_generation,graph_sparse,1,0,9,222,0,0,5
fixture_generation,graph_sparse,1,0,10,222,0,0,5
fixture_generation,graph_sparse,1,0,11,222,0,0,5
fixture_generation,graph_sparse,1,0,12,260,0,0,5
fixture_generation,graph_sparse,1,0,13,297,0,0,5
fixture_generation,graph_sparse,1,0,14,222,0,0,5
fixture_generation,graph_sparse,1,0,15,222,0,0,5
fixture_generation,graph_sparse,1,0,16,222,0,0,5
fixture_generation,graph_sparse,1,0,17,223,0,0,5
fixture_generation,graph_sparse,1,0,18,222,0,0,5
fixture_generation,graph_sparse,1,0,19,241,0,0,5
plan_build,graph_sparse,1,0,0,1907,0,0,12
plan_build,graph_sparse,1,0,1,1148,0,0,12
plan_build,graph_sparse,1,0,2,1129,0,0,12
plan_build,graph_sparse,1,0,3,1129,0,0,12
plan_build,graph_sparse,1,0,4,1093,0,0,12
plan_build,graph_sparse,1,0,5,1019,0,0,12
plan_build,graph_sparse,1,0,6,1037,0,0,12
plan_build,graph_sparse,1,0,7,1037,0,0,12
plan_build,graph_sparse,1,0,8,1019,0,0,12
plan_build,graph_sparse,1,0,9,1019,0,0,12
plan_build,graph_sparse,1,0,10,1000,0,0,12
plan_build,graph_sparse,1,0,11,1000,0,0,12
plan_build,graph_sparse,1,0,12,1092,0,0,12
plan_build,graph_sparse,1,0,13,1037,0,0,12
plan_build,graph_sparse,1,0,14,1074,0,0,12
plan_build,graph_sparse,1,0,15,1019,0,0,12
plan_build,graph_sparse,1,0,16,1093,0,0,12
plan_build,graph_sparse,1,0,17,1018,0,0,12
plan_build,graph_sparse,1,0,18,1111,0,0,12
plan_build,graph_sparse,1,0,19,1000,0,0,12
plan_build_alloc,graph_sparse,1,0,0,0,13,2318,12
engine_execution,graph_sparse,1,0,0,11722,0,0,1
engine_execution,graph_sparse,1,0,1,11815,0,0,0
engine_execution,graph_sparse,1,0,2,11889,0,0,3
engine_execution,graph_sparse,1,0,3,12000,0,0,2
engine_execution,graph_sparse,1,0,4,12167,0,0,5
engine_execution,graph_sparse,1,0,5,11834,0,0,4
engine_execution,graph_sparse,1,0,6,11630,0,0,7
engine_execution,graph_sparse,1,0,7,11648,0,0,6
engine_execution,graph_sparse,1,0,8,11612,0,0,9
engine_execution,graph_sparse,1,0,9,11556,0,0,8
engine_execution,graph_sparse,1,0,10,11481,0,0,11
engine_execution,graph_sparse,1,0,11,11444,0,0,10
engine_execution,graph_sparse,1,0,12,11518,0,0,13
engine_execution,graph_sparse,1,0,13,11296,0,0,12
engine_execution,graph_sparse,1,0,14,11722,0,0,15
engine_execution,graph_sparse,1,0,15,11778,0,0,14
engine_execution,graph_sparse,1,0,16,11593,0,0,17
engine_execution,graph_sparse,1,0,17,11630,0,0,16
engine_execution,graph_sparse,1,0,18,33407,0,0,19
engine_execution,graph_sparse,1,0,19,12815,0,0,18
engine_execution,graph_sparse,1,0,20,11889,0,0,21
engine_execution,graph_sparse,1,0,21,11648,0,0,20
engine_execution,graph_sparse,1,0,22,11426,0,0,23
engine_execution,graph_sparse,1,0,23,11481,0,0,22
engine_execution,graph_sparse,1,0,24,11519,0,0,25
engine_execution,graph_sparse,1,0,25,11481,0,0,24
engine_execution,graph_sparse,1,0,26,11592,0,0,27
engine_execution,graph_sparse,1,0,27,11537,0,0,26
engine_execution,graph_sparse,1,0,28,11334,0,0,29
engine_execution,graph_sparse,1,0,29,11519,0,0,28
engine_execution,graph_sparse,1,0,30,11592,0,0,31
engine_execution,graph_sparse,1,0,31,11297,0,0,30
engine_execution,graph_sparse,1,0,32,11389,0,0,33
engine_execution,graph_sparse,1,0,33,11351,0,0,32
engine_execution,graph_sparse,1,0,34,11945,0,0,35
engine_execution,graph_sparse,1,0,35,11537,0,0,34
engine_execution,graph_sparse,1,0,36,11389,0,0,37
engine_execution,graph_sparse,1,0,37,12111,0,0,36
engine_execution,graph_sparse,1,0,38,12074,0,0,39
engine_execution,graph_sparse,1,0,39,11777,0,0,38
engine_execution_alloc,graph_sparse,1,0,0,0,110,15126,23131
machine_state_setup,graph_sparse,1,0,0,1666,0,0,1
body_state_setup,graph_sparse,1,0,0,408,0,0,0
machine_state_setup,graph_sparse,1,0,1,1130,0,0,1
body_state_setup,graph_sparse,1,0,1,352,0,0,0
machine_state_setup,graph_sparse,1,0,2,945,0,0,1
body_state_setup,graph_sparse,1,0,2,334,0,0,0
machine_state_setup,graph_sparse,1,0,3,1111,0,0,1
body_state_setup,graph_sparse,1,0,3,426,0,0,0
machine_state_setup,graph_sparse,1,0,4,1130,0,0,1
body_state_setup,graph_sparse,1,0,4,389,0,0,0
machine_state_setup,graph_sparse,1,0,5,1167,0,0,1
body_state_setup,graph_sparse,1,0,5,426,0,0,0
machine_state_setup,graph_sparse,1,0,6,1148,0,0,1
body_state_setup,graph_sparse,1,0,6,389,0,0,0
machine_state_setup,graph_sparse,1,0,7,1240,0,0,1
body_state_setup,graph_sparse,1,0,7,370,0,0,0
machine_state_setup,graph_sparse,1,0,8,1074,0,0,1
body_state_setup,graph_sparse,1,0,8,389,0,0,0
machine_state_setup,graph_sparse,1,0,9,1203,0,0,1
body_state_setup,graph_sparse,1,0,9,389,0,0,0
machine_state_setup,graph_sparse,1,0,10,1074,0,0,1
body_state_setup,graph_sparse,1,0,10,444,0,0,0
machine_state_setup,graph_sparse,1,0,11,1130,0,0,1
body_state_setup,graph_sparse,1,0,11,388,0,0,0
machine_state_setup,graph_sparse,1,0,12,1074,0,0,1
body_state_setup,graph_sparse,1,0,12,389,0,0,0
machine_state_setup,graph_sparse,1,0,13,1148,0,0,1
body_state_setup,graph_sparse,1,0,13,426,0,0,0
machine_state_setup,graph_sparse,1,0,14,1185,0,0,1
body_state_setup,graph_sparse,1,0,14,500,0,0,0
machine_state_setup,graph_sparse,1,0,15,1204,0,0,1
body_state_setup,graph_sparse,1,0,15,388,0,0,0
machine_state_setup,graph_sparse,1,0,16,1038,0,0,1
body_state_setup,graph_sparse,1,0,16,445,0,0,0
machine_state_setup,graph_sparse,1,0,17,1222,0,0,1
body_state_setup,graph_sparse,1,0,17,370,0,0,0
machine_state_setup,graph_sparse,1,0,18,1056,0,0,1
body_state_setup,graph_sparse,1,0,18,371,0,0,0
machine_state_setup,graph_sparse,1,0,19,1111,0,0,1
body_state_setup,graph_sparse,1,0,19,389,0,0,0
machine_state_setup,graph_sparse,1,0,20,1074,0,0,1
body_state_setup,graph_sparse,1,0,20,463,0,0,0
machine_state_setup,graph_sparse,1,0,21,1185,0,0,1
body_state_setup,graph_sparse,1,0,21,426,0,0,0
machine_state_setup,graph_sparse,1,0,22,1112,0,0,1
body_state_setup,graph_sparse,1,0,22,444,0,0,0
machine_state_setup,graph_sparse,1,0,23,1111,0,0,1
body_state_setup,graph_sparse,1,0,23,371,0,0,0
machine_state_setup,graph_sparse,1,0,24,1074,0,0,1
body_state_setup,graph_sparse,1,0,24,370,0,0,0
machine_state_setup,graph_sparse,1,0,25,1074,0,0,1
body_state_setup,graph_sparse,1,0,25,371,0,0,0
machine_state_setup,graph_sparse,1,0,26,1092,0,0,1
body_state_setup,graph_sparse,1,0,26,370,0,0,0
machine_state_setup,graph_sparse,1,0,27,1055,0,0,1
body_state_setup,graph_sparse,1,0,27,370,0,0,0
machine_state_setup,graph_sparse,1,0,28,1093,0,0,1
body_state_setup,graph_sparse,1,0,28,408,0,0,0
machine_state_setup,graph_sparse,1,0,29,1056,0,0,1
body_state_setup,graph_sparse,1,0,29,426,0,0,0
machine_state_setup,graph_sparse,1,0,30,1130,0,0,1
body_state_setup,graph_sparse,1,0,30,352,0,0,0
machine_state_setup,graph_sparse,1,0,31,1055,0,0,1
body_state_setup,graph_sparse,1,0,31,370,0,0,0
machine_state_setup,graph_sparse,1,0,32,1074,0,0,1
body_state_setup,graph_sparse,1,0,32,370,0,0,0
machine_state_setup,graph_sparse,1,0,33,1112,0,0,1
body_state_setup,graph_sparse,1,0,33,389,0,0,0
machine_state_setup,graph_sparse,1,0,34,1074,0,0,1
body_state_setup,graph_sparse,1,0,34,371,0,0,0
machine_state_setup,graph_sparse,1,0,35,1093,0,0,1
body_state_setup,graph_sparse,1,0,35,389,0,0,0
machine_state_setup,graph_sparse,1,0,36,1055,0,0,1
body_state_setup,graph_sparse,1,0,36,407,0,0,0
machine_state_setup,graph_sparse,1,0,37,1426,0,0,1
body_state_setup,graph_sparse,1,0,37,370,0,0,0
machine_state_setup,graph_sparse,1,0,38,1074,0,0,1
body_state_setup,graph_sparse,1,0,38,1241,0,0,0
machine_state_setup,graph_sparse,1,0,39,1167,0,0,1
body_state_setup,graph_sparse,1,0,39,388,0,0,0
fixture_generation,graph_chain,10,9,0,1556,0,0,50
fixture_generation,graph_chain,10,9,1,1426,0,0,50
fixture_generation,graph_chain,10,9,2,1315,0,0,50
fixture_generation,graph_chain,10,9,3,1278,0,0,50
fixture_generation,graph_chain,10,9,4,1259,0,0,50
fixture_generation,graph_chain,10,9,5,1537,0,0,50
fixture_generation,graph_chain,10,9,6,1315,0,0,50
fixture_generation,graph_chain,10,9,7,1296,0,0,50
fixture_generation,graph_chain,10,9,8,1389,0,0,50
fixture_generation,graph_chain,10,9,9,1259,0,0,50
fixture_generation,graph_chain,10,9,10,1278,0,0,50
fixture_generation,graph_chain,10,9,11,1296,0,0,50
fixture_generation,graph_chain,10,9,12,1259,0,0,50
fixture_generation,graph_chain,10,9,13,1278,0,0,50
fixture_generation,graph_chain,10,9,14,1278,0,0,50
fixture_generation,graph_chain,10,9,15,1260,0,0,50
fixture_generation,graph_chain,10,9,16,1297,0,0,50
fixture_generation,graph_chain,10,9,17,1426,0,0,50
fixture_generation,graph_chain,10,9,18,1277,0,0,50
fixture_generation,graph_chain,10,9,19,1259,0,0,50
plan_build,graph_chain,10,9,0,7351,0,0,11
plan_build,graph_chain,10,9,1,5759,0,0,11
plan_build,graph_chain,10,9,2,5148,0,0,11
plan_build,graph_chain,10,9,3,4740,0,0,11
plan_build,graph_chain,10,9,4,4518,0,0,11
plan_build,graph_chain,10,9,5,5037,0,0,11
plan_build,graph_chain,10,9,6,4685,0,0,11
plan_build,graph_chain,10,9,7,4667,0,0,11
plan_build,graph_chain,10,9,8,4407,0,0,11
plan_build,graph_chain,10,9,9,4407,0,0,11
plan_build,graph_chain,10,9,10,4407,0,0,11
plan_build,graph_chain,10,9,11,4333,0,0,11
plan_build,graph_chain,10,9,12,4352,0,0,11
plan_build,graph_chain,10,9,13,4518,0,0,11
plan_build,graph_chain,10,9,14,4500,0,0,11
plan_build,graph_chain,10,9,15,4407,0,0,11
plan_build,graph_chain,10,9,16,4870,0,0,11
plan_build,graph_chain,10,9,17,4518,0,0,11
plan_build,graph_chain,10,9,18,4519,0,0,11
plan_build,graph_chain,10,9,19,4463,0,0,11
plan_build_alloc,graph_chain,10,9,0,0,57,14266,11
engine_execution,graph_chain,10,9,0,72853,0,0,0
engine_execution,graph_chain,10,9,1,73426,0,0,1
engine_execution,graph_chain,10,9,2,72926,0,0,2
engine_execution,graph_chain,10,9,3,72926,0,0,3
engine_execution,graph_chain,10,9,4,71685,0,0,4
engine_execution,graph_chain,10,9,5,71667,0,0,5
engine_execution,graph_chain,10,9,6,72019,0,0,6
engine_execution,graph_chain,10,9,7,71648,0,0,7
engine_execution,graph_chain,10,9,8,71556,0,0,8
engine_execution,graph_chain,10,9,9,72389,0,0,9
engine_execution,graph_chain,10,9,10,71408,0,0,10
engine_execution,graph_chain,10,9,11,72500,0,0,11
engine_execution,graph_chain,10,9,12,71297,0,0,12
engine_execution,graph_chain,10,9,13,71667,0,0,13
engine_execution,graph_chain,10,9,14,71704,0,0,14
engine_execution,graph_chain,10,9,15,72093,0,0,15
engine_execution,graph_chain,10,9,16,72686,0,0,16
engine_execution,graph_chain,10,9,17,72797,0,0,17
engine_execution,graph_chain,10,9,18,71426,0,0,18
engine_execution,graph_chain,10,9,19,71629,0,0,19
engine_execution,graph_chain,10,9,20,72297,0,0,20
engine_execution,graph_chain,10,9,21,73815,0,0,21
engine_execution,graph_chain,10,9,22,71389,0,0,22
engine_execution,graph_chain,10,9,23,70796,0,0,23
engine_execution,graph_chain,10,9,24,70945,0,0,24
engine_execution,graph_chain,10,9,25,70500,0,0,25
engine_execution,graph_chain,10,9,26,71037,0,0,26
engine_execution,graph_chain,10,9,27,70926,0,0,27
engine_execution,graph_chain,10,9,28,71223,0,0,28
engine_execution,graph_chain,10,9,29,70501,0,0,29
engine_execution,graph_chain,10,9,30,70519,0,0,30
engine_execution,graph_chain,10,9,31,70926,0,0,31
engine_execution,graph_chain,10,9,32,70722,0,0,32
engine_execution,graph_chain,10,9,33,70834,0,0,33
engine_execution,graph_chain,10,9,34,71315,0,0,34
engine_execution,graph_chain,10,9,35,71333,0,0,35
engine_execution,graph_chain,10,9,36,70389,0,0,36
engine_execution,graph_chain,10,9,37,70796,0,0,37
engine_execution,graph_chain,10,9,38,71444,0,0,38
engine_execution,graph_chain,10,9,39,70130,0,0,39
engine_execution_alloc,graph_chain,10,9,0,0,654,66005,23130
machine_state_setup,graph_chain,10,9,0,11371,0,0,10
body_state_setup,graph_chain,10,9,0,630,0,0,0
machine_state_setup,graph_chain,10,9,1,7333,0,0,10
body_state_setup,graph_chain,10,9,1,408,0,0,0
machine_state_setup,graph_chain,10,9,2,7203,0,0,10
body_state_setup,graph_chain,10,9,2,352,0,0,0
machine_state_setup,graph_chain,10,9,3,6778,0,0,10
body_state_setup,graph_chain,10,9,3,370,0,0,0
machine_state_setup,graph_chain,10,9,4,6981,0,0,10
body_state_setup,graph_chain,10,9,4,352,0,0,0
machine_state_setup,graph_chain,10,9,5,6851,0,0,10
body_state_setup,graph_chain,10,9,5,370,0,0,0
machine_state_setup,graph_chain,10,9,6,7093,0,0,10
body_state_setup,graph_chain,10,9,6,389,0,0,0
machine_state_setup,graph_chain,10,9,7,6814,0,0,10
body_state_setup,graph_chain,10,9,7,370,0,0,0
machine_state_setup,graph_chain,10,9,8,6926,0,0,10
body_state_setup,graph_chain,10,9,8,352,0,0,0
machine_state_setup,graph_chain,10,9,9,6704,0,0,10
body_state_setup,graph_chain,10,9,9,370,0,0,0
machine_state_setup,graph_chain,10,9,10,7018,0,0,10
body_state_setup,graph_chain,10,9,10,352,0,0,0
machine_state_setup,graph_chain,10,9,11,6722,0,0,10
body_state_setup,graph_chain,10,9,11,333,0,0,0
machine_state_setup,graph_chain,10,9,12,6518,0,0,10
body_state_setup,graph_chain,10,9,12,352,0,0,0
machine_state_setup,graph_chain,10,9,13,6704,0,0,10
body_state_setup,graph_chain,10,9,13,389,0,0,0
machine_state_setup,graph_chain,10,9,14,6629,0,0,10
body_state_setup,graph_chain,10,9,14,371,0,0,0
machine_state_setup,graph_chain,10,9,15,6445,0,0,10
body_state_setup,graph_chain,10,9,15,370,0,0,0
machine_state_setup,graph_chain,10,9,16,6481,0,0,10
body_state_setup,graph_chain,10,9,16,371,0,0,0
machine_state_setup,graph_chain,10,9,17,6408,0,0,10
body_state_setup,graph_chain,10,9,17,371,0,0,0
machine_state_setup,graph_chain,10,9,18,6333,0,0,10
body_state_setup,graph_chain,10,9,18,333,0,0,0
machine_state_setup,graph_chain,10,9,19,6445,0,0,10
body_state_setup,graph_chain,10,9,19,389,0,0,0
machine_state_setup,graph_chain,10,9,20,6370,0,0,10
body_state_setup,graph_chain,10,9,20,370,0,0,0
machine_state_setup,graph_chain,10,9,21,6407,0,0,10
body_state_setup,graph_chain,10,9,21,370,0,0,0
machine_state_setup,graph_chain,10,9,22,6518,0,0,10
body_state_setup,graph_chain,10,9,22,389,0,0,0
machine_state_setup,graph_chain,10,9,23,6519,0,0,10
body_state_setup,graph_chain,10,9,23,389,0,0,0
machine_state_setup,graph_chain,10,9,24,6481,0,0,10
body_state_setup,graph_chain,10,9,24,352,0,0,0
machine_state_setup,graph_chain,10,9,25,6500,0,0,10
body_state_setup,graph_chain,10,9,25,407,0,0,0
machine_state_setup,graph_chain,10,9,26,6445,0,0,10
body_state_setup,graph_chain,10,9,26,371,0,0,0
machine_state_setup,graph_chain,10,9,27,6556,0,0,10
body_state_setup,graph_chain,10,9,27,371,0,0,0
machine_state_setup,graph_chain,10,9,28,6426,0,0,10
body_state_setup,graph_chain,10,9,28,352,0,0,0
machine_state_setup,graph_chain,10,9,29,6778,0,0,10
body_state_setup,graph_chain,10,9,29,389,0,0,0
machine_state_setup,graph_chain,10,9,30,6814,0,0,10
body_state_setup,graph_chain,10,9,30,370,0,0,0
machine_state_setup,graph_chain,10,9,31,6574,0,0,10
body_state_setup,graph_chain,10,9,31,351,0,0,0
machine_state_setup,graph_chain,10,9,32,6519,0,0,10
body_state_setup,graph_chain,10,9,32,370,0,0,0
machine_state_setup,graph_chain,10,9,33,6556,0,0,10
body_state_setup,graph_chain,10,9,33,371,0,0,0
machine_state_setup,graph_chain,10,9,34,6704,0,0,10
body_state_setup,graph_chain,10,9,34,389,0,0,0
machine_state_setup,graph_chain,10,9,35,6833,0,0,10
body_state_setup,graph_chain,10,9,35,407,0,0,0
machine_state_setup,graph_chain,10,9,36,6648,0,0,10
body_state_setup,graph_chain,10,9,36,370,0,0,0
machine_state_setup,graph_chain,10,9,37,6574,0,0,10
body_state_setup,graph_chain,10,9,37,370,0,0,0
machine_state_setup,graph_chain,10,9,38,6760,0,0,10
body_state_setup,graph_chain,10,9,38,352,0,0,0
machine_state_setup,graph_chain,10,9,39,6759,0,0,10
body_state_setup,graph_chain,10,9,39,388,0,0,0
pure_machine_events_preseeded,graph_chain,10,9,0,18907,0,0,10
pure_machine_events_preseeded,graph_chain,10,9,1,16907,0,0,10
pure_machine_events_preseeded,graph_chain,10,9,2,16315,0,0,10
pure_machine_events_preseeded,graph_chain,10,9,3,16204,0,0,10
pure_machine_events_preseeded,graph_chain,10,9,4,15759,0,0,10
pure_machine_events_preseeded,graph_chain,10,9,5,16167,0,0,10
pure_machine_events_preseeded,graph_chain,10,9,6,16000,0,0,10
pure_machine_events_preseeded,graph_chain,10,9,7,16241,0,0,10
pure_machine_events_preseeded,graph_chain,10,9,8,15722,0,0,10
pure_machine_events_preseeded,graph_chain,10,9,9,16537,0,0,10
pure_machine_events_preseeded,graph_chain,10,9,10,16389,0,0,10
pure_machine_events_preseeded,graph_chain,10,9,11,16260,0,0,10
pure_machine_events_preseeded,graph_chain,10,9,12,16333,0,0,10
pure_machine_events_preseeded,graph_chain,10,9,13,16333,0,0,10
pure_machine_events_preseeded,graph_chain,10,9,14,16241,0,0,10
pure_machine_events_preseeded,graph_chain,10,9,15,16038,0,0,10
pure_machine_events_preseeded,graph_chain,10,9,16,16611,0,0,10
pure_machine_events_preseeded,graph_chain,10,9,17,16185,0,0,10
pure_machine_events_preseeded,graph_chain,10,9,18,16537,0,0,10
pure_machine_events_preseeded,graph_chain,10,9,19,16797,0,0,10
pure_machine_events_preseeded,graph_chain,10,9,20,16333,0,0,10
pure_machine_events_preseeded,graph_chain,10,9,21,16259,0,0,10
pure_machine_events_preseeded,graph_chain,10,9,22,16408,0,0,10
pure_machine_events_preseeded,graph_chain,10,9,23,16907,0,0,10
pure_machine_events_preseeded,graph_chain,10,9,24,16351,0,0,10
pure_machine_events_preseeded,graph_chain,10,9,25,16889,0,0,10
pure_machine_events_preseeded,graph_chain,10,9,26,16407,0,0,10
pure_machine_events_preseeded,graph_chain,10,9,27,16630,0,0,10
pure_machine_events_preseeded,graph_chain,10,9,28,15945,0,0,10
pure_machine_events_preseeded,graph_chain,10,9,29,16648,0,0,10
pure_machine_events_preseeded,graph_chain,10,9,30,16870,0,0,10
pure_machine_events_preseeded,graph_chain,10,9,31,16278,0,0,10
pure_machine_events_preseeded,graph_chain,10,9,32,16796,0,0,10
pure_machine_events_preseeded,graph_chain,10,9,33,16574,0,0,10
pure_machine_events_preseeded,graph_chain,10,9,34,16315,0,0,10
pure_machine_events_preseeded,graph_chain,10,9,35,16370,0,0,10
pure_machine_events_preseeded,graph_chain,10,9,36,16315,0,0,10
pure_machine_events_preseeded,graph_chain,10,9,37,16334,0,0,10
pure_machine_events_preseeded,graph_chain,10,9,38,17037,0,0,10
pure_machine_events_preseeded,graph_chain,10,9,39,16555,0,0,10
fixture_generation,graph_wide,10,9,0,1389,0,0,50
fixture_generation,graph_wide,10,9,1,1352,0,0,50
fixture_generation,graph_wide,10,9,2,1259,0,0,50
fixture_generation,graph_wide,10,9,3,1259,0,0,50
fixture_generation,graph_wide,10,9,4,1278,0,0,50
fixture_generation,graph_wide,10,9,5,1259,0,0,50
fixture_generation,graph_wide,10,9,6,1260,0,0,50
fixture_generation,graph_wide,10,9,7,1278,0,0,50
fixture_generation,graph_wide,10,9,8,1259,0,0,50
fixture_generation,graph_wide,10,9,9,1260,0,0,50
fixture_generation,graph_wide,10,9,10,1278,0,0,50
fixture_generation,graph_wide,10,9,11,1259,0,0,50
fixture_generation,graph_wide,10,9,12,1260,0,0,50
fixture_generation,graph_wide,10,9,13,1260,0,0,50
fixture_generation,graph_wide,10,9,14,1278,0,0,50
fixture_generation,graph_wide,10,9,15,1260,0,0,50
fixture_generation,graph_wide,10,9,16,1260,0,0,50
fixture_generation,graph_wide,10,9,17,1278,0,0,50
fixture_generation,graph_wide,10,9,18,1259,0,0,50
fixture_generation,graph_wide,10,9,19,1259,0,0,50
plan_build,graph_wide,10,9,0,7703,0,0,10
plan_build,graph_wide,10,9,1,4870,0,0,10
plan_build,graph_wide,10,9,2,4649,0,0,10
plan_build,graph_wide,10,9,3,4574,0,0,10
plan_build,graph_wide,10,9,4,4518,0,0,10
plan_build,graph_wide,10,9,5,4481,0,0,10
plan_build,graph_wide,10,9,6,4500,0,0,10
plan_build,graph_wide,10,9,7,4407,0,0,10
plan_build,graph_wide,10,9,8,4407,0,0,10
plan_build,graph_wide,10,9,9,4500,0,0,10
plan_build,graph_wide,10,9,10,4333,0,0,10
plan_build,graph_wide,10,9,11,4370,0,0,10
plan_build,graph_wide,10,9,12,4519,0,0,10
plan_build,graph_wide,10,9,13,4482,0,0,10
plan_build,graph_wide,10,9,14,4426,0,0,10
plan_build,graph_wide,10,9,15,4463,0,0,10
plan_build,graph_wide,10,9,16,4519,0,0,10
plan_build,graph_wide,10,9,17,4574,0,0,10
plan_build,graph_wide,10,9,18,4518,0,0,10
plan_build,graph_wide,10,9,19,4500,0,0,10
plan_build_alloc,graph_wide,10,9,0,0,57,14265,10
engine_execution,graph_wide,10,9,0,72370,0,0,8
engine_execution,graph_wide,10,9,1,68427,0,0,9
engine_execution,graph_wide,10,9,2,67944,0,0,10
engine_execution,graph_wide,10,9,3,69000,0,0,11
engine_execution,graph_wide,10,9,4,68481,0,0,12
engine_execution,graph_wide,10,9,5,69278,0,0,13
engine_execution,graph_wide,10,9,6,67648,0,0,14
engine_execution,graph_wide,10,9,7,69648,0,0,15
engine_execution,graph_wide,10,9,8,66389,0,0,0
engine_execution,graph_wide,10,9,9,69167,0,0,1
engine_execution,graph_wide,10,9,10,68037,0,0,2
engine_execution,graph_wide,10,9,11,67889,0,0,3
engine_execution,graph_wide,10,9,12,65667,0,0,4
engine_execution,graph_wide,10,9,13,70297,0,0,5
engine_execution,graph_wide,10,9,14,70612,0,0,6
engine_execution,graph_wide,10,9,15,67797,0,0,7
engine_execution,graph_wide,10,9,16,68501,0,0,24
engine_execution,graph_wide,10,9,17,67612,0,0,25
engine_execution,graph_wide,10,9,18,67704,0,0,26
engine_execution,graph_wide,10,9,19,67593,0,0,27
engine_execution,graph_wide,10,9,20,67649,0,0,28
engine_execution,graph_wide,10,9,21,66371,0,0,29
engine_execution,graph_wide,10,9,22,68408,0,0,30
engine_execution,graph_wide,10,9,23,67908,0,0,31
engine_execution,graph_wide,10,9,24,67093,0,0,16
engine_execution,graph_wide,10,9,25,67500,0,0,17
engine_execution,graph_wide,10,9,26,70556,0,0,18
engine_execution,graph_wide,10,9,27,68167,0,0,19
engine_execution,graph_wide,10,9,28,67760,0,0,20
engine_execution,graph_wide,10,9,29,134464,0,0,21
engine_execution,graph_wide,10,9,30,69648,0,0,22
engine_execution,graph_wide,10,9,31,69222,0,0,23
engine_execution,graph_wide,10,9,32,67593,0,0,40
engine_execution,graph_wide,10,9,33,67482,0,0,41
engine_execution,graph_wide,10,9,34,68019,0,0,42
engine_execution,graph_wide,10,9,35,68352,0,0,43
engine_execution,graph_wide,10,9,36,67963,0,0,44
engine_execution,graph_wide,10,9,37,67408,0,0,45
engine_execution,graph_wide,10,9,38,65444,0,0,46
engine_execution,graph_wide,10,9,39,69816,0,0,47
engine_execution_alloc,graph_wide,10,9,0,0,631,67859,23122
machine_state_setup,graph_wide,10,9,0,7870,0,0,10
body_state_setup,graph_wide,10,9,0,537,0,0,0
machine_state_setup,graph_wide,10,9,1,6852,0,0,10
body_state_setup,graph_wide,10,9,1,389,0,0,0
machine_state_setup,graph_wide,10,9,2,6592,0,0,10
body_state_setup,graph_wide,10,9,2,555,0,0,0
machine_state_setup,graph_wide,10,9,3,7000,0,0,10
body_state_setup,graph_wide,10,9,3,538,0,0,0
machine_state_setup,graph_wide,10,9,4,6778,0,0,10
body_state_setup,graph_wide,10,9,4,463,0,0,0
machine_state_setup,graph_wide,10,9,5,6722,0,0,10
body_state_setup,graph_wide,10,9,5,370,0,0,0
machine_state_setup,graph_wide,10,9,6,6667,0,0,10
body_state_setup,graph_wide,10,9,6,463,0,0,0
machine_state_setup,graph_wide,10,9,7,6703,0,0,10
body_state_setup,graph_wide,10,9,7,407,0,0,0
machine_state_setup,graph_wide,10,9,8,6778,0,0,10
body_state_setup,graph_wide,10,9,8,889,0,0,0
machine_state_setup,graph_wide,10,9,9,6778,0,0,10
body_state_setup,graph_wide,10,9,9,463,0,0,0
machine_state_setup,graph_wide,10,9,10,6907,0,0,10
body_state_setup,graph_wide,10,9,10,796,0,0,0
machine_state_setup,graph_wide,10,9,11,6759,0,0,10
body_state_setup,graph_wide,10,9,11,445,0,0,0
machine_state_setup,graph_wide,10,9,12,7092,0,0,10
body_state_setup,graph_wide,10,9,12,370,0,0,0
machine_state_setup,graph_wide,10,9,13,6666,0,0,10
body_state_setup,graph_wide,10,9,13,481,0,0,0
machine_state_setup,graph_wide,10,9,14,6907,0,0,10
body_state_setup,graph_wide,10,9,14,481,0,0,0
machine_state_setup,graph_wide,10,9,15,7240,0,0,10
body_state_setup,graph_wide,10,9,15,426,0,0,0
machine_state_setup,graph_wide,10,9,16,6760,0,0,10
body_state_setup,graph_wide,10,9,16,426,0,0,0
machine_state_setup,graph_wide,10,9,17,6926,0,0,10
body_state_setup,graph_wide,10,9,17,426,0,0,0
machine_state_setup,graph_wide,10,9,18,7148,0,0,10
body_state_setup,graph_wide,10,9,18,481,0,0,0
machine_state_setup,graph_wide,10,9,19,6944,0,0,10
body_state_setup,graph_wide,10,9,19,482,0,0,0
machine_state_setup,graph_wide,10,9,20,6908,0,0,10
body_state_setup,graph_wide,10,9,20,444,0,0,0
machine_state_setup,graph_wide,10,9,21,6834,0,0,10
body_state_setup,graph_wide,10,9,21,482,0,0,0
machine_state_setup,graph_wide,10,9,22,6796,0,0,10
body_state_setup,graph_wide,10,9,22,445,0,0,0
machine_state_setup,graph_wide,10,9,23,6759,0,0,10
body_state_setup,graph_wide,10,9,23,463,0,0,0
machine_state_setup,graph_wide,10,9,24,6722,0,0,10
body_state_setup,graph_wide,10,9,24,463,0,0,0
machine_state_setup,graph_wide,10,9,25,6686,0,0,10
body_state_setup,graph_wide,10,9,25,537,0,0,0
machine_state_setup,graph_wide,10,9,26,6797,0,0,10
body_state_setup,graph_wide,10,9,26,592,0,0,0
machine_state_setup,graph_wide,10,9,27,6649,0,0,10
body_state_setup,graph_wide,10,9,27,407,0,0,0
machine_state_setup,graph_wide,10,9,28,6519,0,0,10
body_state_setup,graph_wide,10,9,28,463,0,0,0
machine_state_setup,graph_wide,10,9,29,6611,0,0,10
body_state_setup,graph_wide,10,9,29,575,0,0,0
machine_state_setup,graph_wide,10,9,30,6666,0,0,10
body_state_setup,graph_wide,10,9,30,426,0,0,0
machine_state_setup,graph_wide,10,9,31,6630,0,0,10
body_state_setup,graph_wide,10,9,31,426,0,0,0
machine_state_setup,graph_wide,10,9,32,6481,0,0,10
body_state_setup,graph_wide,10,9,32,481,0,0,0
machine_state_setup,graph_wide,10,9,33,6685,0,0,10
body_state_setup,graph_wide,10,9,33,444,0,0,0
machine_state_setup,graph_wide,10,9,34,6833,0,0,10
body_state_setup,graph_wide,10,9,34,463,0,0,0
machine_state_setup,graph_wide,10,9,35,6666,0,0,10
body_state_setup,graph_wide,10,9,35,611,0,0,0
machine_state_setup,graph_wide,10,9,36,6685,0,0,10
body_state_setup,graph_wide,10,9,36,463,0,0,0
machine_state_setup,graph_wide,10,9,37,6797,0,0,10
body_state_setup,graph_wide,10,9,37,482,0,0,0
machine_state_setup,graph_wide,10,9,38,6704,0,0,10
body_state_setup,graph_wide,10,9,38,482,0,0,0
machine_state_setup,graph_wide,10,9,39,6963,0,0,10
body_state_setup,graph_wide,10,9,39,556,0,0,0
fixture_generation,graph_sparse,10,9,0,1426,0,0,50
fixture_generation,graph_sparse,10,9,1,1334,0,0,50
fixture_generation,graph_sparse,10,9,2,1296,0,0,50
fixture_generation,graph_sparse,10,9,3,1296,0,0,50
fixture_generation,graph_sparse,10,9,4,1537,0,0,50
fixture_generation,graph_sparse,10,9,5,1371,0,0,50
fixture_generation,graph_sparse,10,9,6,1389,0,0,50
fixture_generation,graph_sparse,10,9,7,1629,0,0,50
fixture_generation,graph_sparse,10,9,8,1574,0,0,50
fixture_generation,graph_sparse,10,9,9,1389,0,0,50
fixture_generation,graph_sparse,10,9,10,1296,0,0,50
fixture_generation,graph_sparse,10,9,11,1296,0,0,50
fixture_generation,graph_sparse,10,9,12,1352,0,0,50
fixture_generation,graph_sparse,10,9,13,1259,0,0,50
fixture_generation,graph_sparse,10,9,14,1315,0,0,50
fixture_generation,graph_sparse,10,9,15,1315,0,0,50
fixture_generation,graph_sparse,10,9,16,1315,0,0,50
fixture_generation,graph_sparse,10,9,17,1278,0,0,50
fixture_generation,graph_sparse,10,9,18,1260,0,0,50
fixture_generation,graph_sparse,10,9,19,1297,0,0,50
plan_build,graph_sparse,10,9,0,7889,0,0,12
plan_build,graph_sparse,10,9,1,5186,0,0,12
plan_build,graph_sparse,10,9,2,5167,0,0,12
plan_build,graph_sparse,10,9,3,4704,0,0,12
plan_build,graph_sparse,10,9,4,4611,0,0,12
plan_build,graph_sparse,10,9,5,4722,0,0,12
plan_build,graph_sparse,10,9,6,4741,0,0,12
plan_build,graph_sparse,10,9,7,4648,0,0,12
plan_build,graph_sparse,10,9,8,4555,0,0,12
plan_build,graph_sparse,10,9,9,5222,0,0,12
plan_build,graph_sparse,10,9,10,4630,0,0,12
plan_build,graph_sparse,10,9,11,4685,0,0,12
plan_build,graph_sparse,10,9,12,4686,0,0,12
plan_build,graph_sparse,10,9,13,4666,0,0,12
plan_build,graph_sparse,10,9,14,4741,0,0,12
plan_build,graph_sparse,10,9,15,4611,0,0,12
plan_build,graph_sparse,10,9,16,4630,0,0,12
plan_build,graph_sparse,10,9,17,4555,0,0,12
plan_build,graph_sparse,10,9,18,4630,0,0,12
plan_build,graph_sparse,10,9,19,4611,0,0,12
plan_build_alloc,graph_sparse,10,9,0,0,57,14267,12
engine_execution,graph_sparse,10,9,0,67482,0,0,13
engine_execution,graph_sparse,10,9,1,72111,0,0,12
engine_execution,graph_sparse,10,9,2,67908,0,0,15
engine_execution,graph_sparse,10,9,3,70333,0,0,14
engine_execution,graph_sparse,10,9,4,71778,0,0,9
engine_execution,graph_sparse,10,9,5,69926,0,0,8
engine_execution,graph_sparse,10,9,6,69315,0,0,11
engine_execution,graph_sparse,10,9,7,69981,0,0,10
engine_execution,graph_sparse,10,9,8,69000,0,0,5
engine_execution,graph_sparse,10,9,9,69519,0,0,4
engine_execution,graph_sparse,10,9,10,69815,0,0,7
engine_execution,graph_sparse,10,9,11,68870,0,0,6
engine_execution,graph_sparse,10,9,12,68871,0,0,1
engine_execution,graph_sparse,10,9,13,67278,0,0,0
engine_execution,graph_sparse,10,9,14,69908,0,0,3
engine_execution,graph_sparse,10,9,15,69592,0,0,2
engine_execution,graph_sparse,10,9,16,68926,0,0,29
engine_execution,graph_sparse,10,9,17,69444,0,0,28
engine_execution,graph_sparse,10,9,18,69074,0,0,31
engine_execution,graph_sparse,10,9,19,69093,0,0,30
engine_execution,graph_sparse,10,9,20,69427,0,0,25
engine_execution,graph_sparse,10,9,21,69574,0,0,24
engine_execution,graph_sparse,10,9,22,68907,0,0,27
engine_execution,graph_sparse,10,9,23,69926,0,0,26
engine_execution,graph_sparse,10,9,24,69371,0,0,21
engine_execution,graph_sparse,10,9,25,68926,0,0,20
engine_execution,graph_sparse,10,9,26,69278,0,0,23
engine_execution,graph_sparse,10,9,27,69445,0,0,22
engine_execution,graph_sparse,10,9,28,69260,0,0,17
engine_execution,graph_sparse,10,9,29,69316,0,0,16
engine_execution,graph_sparse,10,9,30,78278,0,0,19
engine_execution,graph_sparse,10,9,31,69796,0,0,18
engine_execution,graph_sparse,10,9,32,69278,0,0,45
engine_execution,graph_sparse,10,9,33,68889,0,0,44
engine_execution,graph_sparse,10,9,34,68389,0,0,47
engine_execution,graph_sparse,10,9,35,68556,0,0,46
engine_execution,graph_sparse,10,9,36,69500,0,0,41
engine_execution,graph_sparse,10,9,37,68870,0,0,40
engine_execution,graph_sparse,10,9,38,69427,0,0,43
engine_execution,graph_sparse,10,9,39,69500,0,0,42
engine_execution_alloc,graph_sparse,10,9,0,0,642,66839,23127
machine_state_setup,graph_sparse,10,9,0,10204,0,0,10
body_state_setup,graph_sparse,10,9,0,574,0,0,0
machine_state_setup,graph_sparse,10,9,1,6797,0,0,10
body_state_setup,graph_sparse,10,9,1,426,0,0,0
machine_state_setup,graph_sparse,10,9,2,6537,0,0,10
body_state_setup,graph_sparse,10,9,2,482,0,0,0
machine_state_setup,graph_sparse,10,9,3,6629,0,0,10
body_state_setup,graph_sparse,10,9,3,389,0,0,0
machine_state_setup,graph_sparse,10,9,4,6463,0,0,10
body_state_setup,graph_sparse,10,9,4,463,0,0,0
machine_state_setup,graph_sparse,10,9,5,6519,0,0,10
body_state_setup,graph_sparse,10,9,5,370,0,0,0
machine_state_setup,graph_sparse,10,9,6,6667,0,0,10
body_state_setup,graph_sparse,10,9,6,1019,0,0,0
machine_state_setup,graph_sparse,10,9,7,7315,0,0,10
body_state_setup,graph_sparse,10,9,7,593,0,0,0
machine_state_setup,graph_sparse,10,9,8,6982,0,0,10
body_state_setup,graph_sparse,10,9,8,482,0,0,0
machine_state_setup,graph_sparse,10,9,9,6833,0,0,10
body_state_setup,graph_sparse,10,9,9,370,0,0,0
machine_state_setup,graph_sparse,10,9,10,6389,0,0,10
body_state_setup,graph_sparse,10,9,10,371,0,0,0
machine_state_setup,graph_sparse,10,9,11,6611,0,0,10
body_state_setup,graph_sparse,10,9,11,481,0,0,0
machine_state_setup,graph_sparse,10,9,12,6852,0,0,10
body_state_setup,graph_sparse,10,9,12,371,0,0,0
machine_state_setup,graph_sparse,10,9,13,6574,0,0,10
body_state_setup,graph_sparse,10,9,13,444,0,0,0
machine_state_setup,graph_sparse,10,9,14,6759,0,0,10
body_state_setup,graph_sparse,10,9,14,444,0,0,0
machine_state_setup,graph_sparse,10,9,15,6815,0,0,10
body_state_setup,graph_sparse,10,9,15,426,0,0,0
machine_state_setup,graph_sparse,10,9,16,6871,0,0,10
body_state_setup,graph_sparse,10,9,16,445,0,0,0
machine_state_setup,graph_sparse,10,9,17,6741,0,0,10
body_state_setup,graph_sparse,10,9,17,371,0,0,0
machine_state_setup,graph_sparse,10,9,18,6630,0,0,10
body_state_setup,graph_sparse,10,9,18,482,0,0,0
machine_state_setup,graph_sparse,10,9,19,6629,0,0,10
body_state_setup,graph_sparse,10,9,19,426,0,0,0
machine_state_setup,graph_sparse,10,9,20,6759,0,0,10
body_state_setup,graph_sparse,10,9,20,408,0,0,0
machine_state_setup,graph_sparse,10,9,21,6444,0,0,10
body_state_setup,graph_sparse,10,9,21,444,0,0,0
machine_state_setup,graph_sparse,10,9,22,6538,0,0,10
body_state_setup,graph_sparse,10,9,22,407,0,0,0
machine_state_setup,graph_sparse,10,9,23,6556,0,0,10
body_state_setup,graph_sparse,10,9,23,482,0,0,0
machine_state_setup,graph_sparse,10,9,24,6482,0,0,10
body_state_setup,graph_sparse,10,9,24,445,0,0,0
machine_state_setup,graph_sparse,10,9,25,6574,0,0,10
body_state_setup,graph_sparse,10,9,25,481,0,0,0
machine_state_setup,graph_sparse,10,9,26,6519,0,0,10
body_state_setup,graph_sparse,10,9,26,445,0,0,0
machine_state_setup,graph_sparse,10,9,27,6611,0,0,10
body_state_setup,graph_sparse,10,9,27,481,0,0,0
machine_state_setup,graph_sparse,10,9,28,6852,0,0,10
body_state_setup,graph_sparse,10,9,28,371,0,0,0
machine_state_setup,graph_sparse,10,9,29,6760,0,0,10
body_state_setup,graph_sparse,10,9,29,463,0,0,0
machine_state_setup,graph_sparse,10,9,30,6833,0,0,10
body_state_setup,graph_sparse,10,9,30,407,0,0,0
machine_state_setup,graph_sparse,10,9,31,6963,0,0,10
body_state_setup,graph_sparse,10,9,31,352,0,0,0
machine_state_setup,graph_sparse,10,9,32,6759,0,0,10
body_state_setup,graph_sparse,10,9,32,444,0,0,0
machine_state_setup,graph_sparse,10,9,33,6741,0,0,10
body_state_setup,graph_sparse,10,9,33,426,0,0,0
machine_state_setup,graph_sparse,10,9,34,7074,0,0,10
body_state_setup,graph_sparse,10,9,34,370,0,0,0
machine_state_setup,graph_sparse,10,9,35,6704,0,0,10
body_state_setup,graph_sparse,10,9,35,426,0,0,0
machine_state_setup,graph_sparse,10,9,36,6666,0,0,10
body_state_setup,graph_sparse,10,9,36,481,0,0,0
machine_state_setup,graph_sparse,10,9,37,6630,0,0,10
body_state_setup,graph_sparse,10,9,37,445,0,0,0
machine_state_setup,graph_sparse,10,9,38,6630,0,0,10
body_state_setup,graph_sparse,10,9,38,445,0,0,0
machine_state_setup,graph_sparse,10,9,39,6945,0,0,10
body_state_setup,graph_sparse,10,9,39,352,0,0,0
fixture_generation,graph_chain,100,99,0,16500,0,0,500
fixture_generation,graph_chain,100,99,1,16186,0,0,500
fixture_generation,graph_chain,100,99,2,16093,0,0,500
fixture_generation,graph_chain,100,99,3,16093,0,0,500
fixture_generation,graph_chain,100,99,4,16148,0,0,500
fixture_generation,graph_chain,100,99,5,16223,0,0,500
fixture_generation,graph_chain,100,99,6,16259,0,0,500
fixture_generation,graph_chain,100,99,7,16296,0,0,500
fixture_generation,graph_chain,100,99,8,16352,0,0,500
fixture_generation,graph_chain,100,99,9,16463,0,0,500
fixture_generation,graph_chain,100,99,10,16389,0,0,500
fixture_generation,graph_chain,100,99,11,16444,0,0,500
fixture_generation,graph_chain,100,99,12,16389,0,0,500
fixture_generation,graph_chain,100,99,13,16482,0,0,500
fixture_generation,graph_chain,100,99,14,16482,0,0,500
fixture_generation,graph_chain,100,99,15,16537,0,0,500
fixture_generation,graph_chain,100,99,16,16500,0,0,500
fixture_generation,graph_chain,100,99,17,16518,0,0,500
fixture_generation,graph_chain,100,99,18,16463,0,0,500
fixture_generation,graph_chain,100,99,19,16592,0,0,500
plan_build,graph_chain,100,99,0,67408,0,0,11
plan_build,graph_chain,100,99,1,65056,0,0,11
plan_build,graph_chain,100,99,2,64056,0,0,11
plan_build,graph_chain,100,99,3,63278,0,0,11
plan_build,graph_chain,100,99,4,63167,0,0,11
plan_build,graph_chain,100,99,5,62908,0,0,11
plan_build,graph_chain,100,99,6,62908,0,0,11
plan_build,graph_chain,100,99,7,62686,0,0,11
plan_build,graph_chain,100,99,8,62426,0,0,11
plan_build,graph_chain,100,99,9,62149,0,0,11
plan_build,graph_chain,100,99,10,62278,0,0,11
plan_build,graph_chain,100,99,11,158408,0,0,11
plan_build,graph_chain,100,99,12,64556,0,0,11
plan_build,graph_chain,100,99,13,62148,0,0,11
plan_build,graph_chain,100,99,14,62222,0,0,11
plan_build,graph_chain,100,99,15,61945,0,0,11
plan_build,graph_chain,100,99,16,62037,0,0,11
plan_build,graph_chain,100,99,17,61944,0,0,11
plan_build,graph_chain,100,99,18,62130,0,0,11
plan_build,graph_chain,100,99,19,61796,0,0,11
plan_build_alloc,graph_chain,100,99,0,0,429,126588,11
engine_execution,graph_chain,100,99,0,890652,0,0,1
engine_execution,graph_chain,100,99,1,912745,0,0,0
engine_execution,graph_chain,100,99,2,891911,0,0,3
engine_execution,graph_chain,100,99,3,892800,0,0,2
engine_execution,graph_chain,100,99,4,918411,0,0,5
engine_execution,graph_chain,100,99,5,871133,0,0,4
engine_execution,graph_chain,100,99,6,897188,0,0,7
engine_execution,graph_chain,100,99,7,895800,0,0,6
engine_execution,graph_chain,100,99,8,896615,0,0,9
engine_execution,graph_chain,100,99,9,889856,0,0,8
engine_execution,graph_chain,100,99,10,889059,0,0,11
engine_execution,graph_chain,100,99,11,895336,0,0,10
engine_execution,graph_chain,100,99,12,892855,0,0,13
engine_execution,graph_chain,100,99,13,889781,0,0,12
engine_execution,graph_chain,100,99,14,893688,0,0,15
engine_execution,graph_chain,100,99,15,894337,0,0,14
engine_execution,graph_chain,100,99,16,915225,0,0,17
engine_execution,graph_chain,100,99,17,868115,0,0,16
engine_execution,graph_chain,100,99,18,911985,0,0,19
engine_execution,graph_chain,100,99,19,866578,0,0,18
engine_execution,graph_chain,100,99,20,896133,0,0,21
engine_execution,graph_chain,100,99,21,891041,0,0,20
engine_execution,graph_chain,100,99,22,913003,0,0,23
engine_execution,graph_chain,100,99,23,868152,0,0,22
engine_execution,graph_chain,100,99,24,893855,0,0,25
engine_execution,graph_chain,100,99,25,893708,0,0,24
engine_execution,graph_chain,100,99,26,891559,0,0,27
engine_execution,graph_chain,100,99,27,889336,0,0,26
engine_execution,graph_chain,100,99,28,894874,0,0,29
engine_execution,graph_chain,100,99,29,893022,0,0,28
engine_execution,graph_chain,100,99,30,891708,0,0,31
engine_execution,graph_chain,100,99,31,890151,0,0,30
engine_execution,graph_chain,100,99,32,894911,0,0,33
engine_execution,graph_chain,100,99,33,915152,0,0,32
engine_execution,graph_chain,100,99,34,868874,0,0,35
engine_execution,graph_chain,100,99,35,912596,0,0,34
engine_execution,graph_chain,100,99,36,868522,0,0,37
engine_execution,graph_chain,100,99,37,896059,0,0,36
engine_execution,graph_chain,100,99,38,894022,0,0,39
engine_execution,graph_chain,100,99,39,891040,0,0,38
engine_execution_alloc,graph_chain,100,99,0,0,5983,769127,23131
machine_state_setup,graph_chain,100,99,0,69945,0,0,100
body_state_setup,graph_chain,100,99,0,2315,0,0,0
machine_state_setup,graph_chain,100,99,1,65111,0,0,100
body_state_setup,graph_chain,100,99,1,1889,0,0,0
machine_state_setup,graph_chain,100,99,2,64111,0,0,100
body_state_setup,graph_chain,100,99,2,1796,0,0,0
machine_state_setup,graph_chain,100,99,3,64278,0,0,100
body_state_setup,graph_chain,100,99,3,1815,0,0,0
machine_state_setup,graph_chain,100,99,4,63778,0,0,100
body_state_setup,graph_chain,100,99,4,1778,0,0,0
machine_state_setup,graph_chain,100,99,5,64296,0,0,100
body_state_setup,graph_chain,100,99,5,1722,0,0,0
machine_state_setup,graph_chain,100,99,6,64185,0,0,100
body_state_setup,graph_chain,100,99,6,1741,0,0,0
machine_state_setup,graph_chain,100,99,7,63297,0,0,100
body_state_setup,graph_chain,100,99,7,1834,0,0,0
machine_state_setup,graph_chain,100,99,8,64093,0,0,100
body_state_setup,graph_chain,100,99,8,1797,0,0,0
machine_state_setup,graph_chain,100,99,9,63426,0,0,100
body_state_setup,graph_chain,100,99,9,1833,0,0,0
machine_state_setup,graph_chain,100,99,10,63352,0,0,100
body_state_setup,graph_chain,100,99,10,1741,0,0,0
machine_state_setup,graph_chain,100,99,11,63555,0,0,100
body_state_setup,graph_chain,100,99,11,1759,0,0,0
machine_state_setup,graph_chain,100,99,12,63759,0,0,100
body_state_setup,graph_chain,100,99,12,1833,0,0,0
machine_state_setup,graph_chain,100,99,13,63501,0,0,100
body_state_setup,graph_chain,100,99,13,1814,0,0,0
machine_state_setup,graph_chain,100,99,14,63444,0,0,100
body_state_setup,graph_chain,100,99,14,1778,0,0,0
machine_state_setup,graph_chain,100,99,15,63500,0,0,100
body_state_setup,graph_chain,100,99,15,1759,0,0,0
machine_state_setup,graph_chain,100,99,16,63186,0,0,100
body_state_setup,graph_chain,100,99,16,1815,0,0,0
machine_state_setup,graph_chain,100,99,17,63204,0,0,100
body_state_setup,graph_chain,100,99,17,1815,0,0,0
machine_state_setup,graph_chain,100,99,18,67407,0,0,100
body_state_setup,graph_chain,100,99,18,1981,0,0,0
machine_state_setup,graph_chain,100,99,19,64260,0,0,100
body_state_setup,graph_chain,100,99,19,1834,0,0,0
machine_state_setup,graph_chain,100,99,20,63519,0,0,100
body_state_setup,graph_chain,100,99,20,1833,0,0,0
machine_state_setup,graph_chain,100,99,21,63500,0,0,100
body_state_setup,graph_chain,100,99,21,1834,0,0,0
machine_state_setup,graph_chain,100,99,22,63593,0,0,100
body_state_setup,graph_chain,100,99,22,1833,0,0,0
machine_state_setup,graph_chain,100,99,23,63796,0,0,100
body_state_setup,graph_chain,100,99,23,1926,0,0,0
machine_state_setup,graph_chain,100,99,24,64092,0,0,100
body_state_setup,graph_chain,100,99,24,1925,0,0,0
machine_state_setup,graph_chain,100,99,25,64611,0,0,100
body_state_setup,graph_chain,100,99,25,1963,0,0,0
machine_state_setup,graph_chain,100,99,26,63981,0,0,100
body_state_setup,graph_chain,100,99,26,1944,0,0,0
machine_state_setup,graph_chain,100,99,27,64445,0,0,100
body_state_setup,graph_chain,100,99,27,1926,0,0,0
machine_state_setup,graph_chain,100,99,28,63686,0,0,100
body_state_setup,graph_chain,100,99,28,1926,0,0,0
machine_state_setup,graph_chain,100,99,29,63463,0,0,100
body_state_setup,graph_chain,100,99,29,2000,0,0,0
machine_state_setup,graph_chain,100,99,30,64056,0,0,100
body_state_setup,graph_chain,100,99,30,1944,0,0,0
machine_state_setup,graph_chain,100,99,31,63797,0,0,100
body_state_setup,graph_chain,100,99,31,1926,0,0,0
machine_state_setup,graph_chain,100,99,32,64333,0,0,100
body_state_setup,graph_chain,100,99,32,2019,0,0,0
machine_state_setup,graph_chain,100,99,33,63871,0,0,100
body_state_setup,graph_chain,100,99,33,2000,0,0,0
machine_state_setup,graph_chain,100,99,34,64204,0,0,100
body_state_setup,graph_chain,100,99,34,2037,0,0,0
machine_state_setup,graph_chain,100,99,35,64278,0,0,100
body_state_setup,graph_chain,100,99,35,2037,0,0,0
machine_state_setup,graph_chain,100,99,36,64278,0,0,100
body_state_setup,graph_chain,100,99,36,2037,0,0,0
machine_state_setup,graph_chain,100,99,37,63575,0,0,100
body_state_setup,graph_chain,100,99,37,2037,0,0,0
machine_state_setup,graph_chain,100,99,38,64501,0,0,100
body_state_setup,graph_chain,100,99,38,2111,0,0,0
machine_state_setup,graph_chain,100,99,39,64444,0,0,100
body_state_setup,graph_chain,100,99,39,2148,0,0,0
pure_machine_events_preseeded,graph_chain,100,99,0,341760,0,0,101
pure_machine_events_preseeded,graph_chain,100,99,1,338390,0,0,101
pure_machine_events_preseeded,graph_chain,100,99,2,331797,0,0,101
pure_machine_events_preseeded,graph_chain,100,99,3,335557,0,0,101
pure_machine_events_preseeded,graph_chain,100,99,4,335557,0,0,101
pure_machine_events_preseeded,graph_chain,100,99,5,336576,0,0,101
pure_machine_events_preseeded,graph_chain,100,99,6,338779,0,0,101
pure_machine_events_preseeded,graph_chain,100,99,7,334779,0,0,101
pure_machine_events_preseeded,graph_chain,100,99,8,333390,0,0,101
pure_machine_events_preseeded,graph_chain,100,99,9,334724,0,0,101
pure_machine_events_preseeded,graph_chain,100,99,10,335260,0,0,101
pure_machine_events_preseeded,graph_chain,100,99,11,336112,0,0,101
pure_machine_events_preseeded,graph_chain,100,99,12,334001,0,0,101
pure_machine_events_preseeded,graph_chain,100,99,13,333834,0,0,101
pure_machine_events_preseeded,graph_chain,100,99,14,334298,0,0,101
pure_machine_events_preseeded,graph_chain,100,99,15,331260,0,0,101
pure_machine_events_preseeded,graph_chain,100,99,16,337612,0,0,101
pure_machine_events_preseeded,graph_chain,100,99,17,333390,0,0,101
pure_machine_events_preseeded,graph_chain,100,99,18,332538,0,0,101
pure_machine_events_preseeded,graph_chain,100,99,19,334427,0,0,101
pure_machine_events_preseeded,graph_chain,100,99,20,330020,0,0,101
pure_machine_events_preseeded,graph_chain,100,99,21,333242,0,0,101
pure_machine_events_preseeded,graph_chain,100,99,22,332131,0,0,101
pure_machine_events_preseeded,graph_chain,100,99,23,332372,0,0,101
pure_machine_events_preseeded,graph_chain,100,99,24,333705,0,0,101
pure_machine_events_preseeded,graph_chain,100,99,25,332890,0,0,101
pure_machine_events_preseeded,graph_chain,100,99,26,336446,0,0,101
pure_machine_events_preseeded,graph_chain,100,99,27,333445,0,0,101
pure_machine_events_preseeded,graph_chain,100,99,28,329557,0,0,101
pure_machine_events_preseeded,graph_chain,100,99,29,334853,0,0,101
pure_machine_events_preseeded,graph_chain,100,99,30,334335,0,0,101
pure_machine_events_preseeded,graph_chain,100,99,31,333964,0,0,101
pure_machine_events_preseeded,graph_chain,100,99,32,331872,0,0,101
pure_machine_events_preseeded,graph_chain,100,99,33,334390,0,0,101
pure_machine_events_preseeded,graph_chain,100,99,34,328390,0,0,101
pure_machine_events_preseeded,graph_chain,100,99,35,334242,0,0,101
pure_machine_events_preseeded,graph_chain,100,99,36,332668,0,0,101
pure_machine_events_preseeded,graph_chain,100,99,37,337890,0,0,101
pure_machine_events_preseeded,graph_chain,100,99,38,334001,0,0,101
pure_machine_events_preseeded,graph_chain,100,99,39,333724,0,0,101
fixture_generation,graph_wide,100,99,0,16093,0,0,500
fixture_generation,graph_wide,100,99,1,15982,0,0,500
fixture_generation,graph_wide,100,99,2,15926,0,0,500
fixture_generation,graph_wide,100,99,3,15889,0,0,500
fixture_generation,graph_wide,100,99,4,15870,0,0,500
fixture_generation,graph_wide,100,99,5,15944,0,0,500
fixture_generation,graph_wide,100,99,6,15944,0,0,500
fixture_generation,graph_wide,100,99,7,16000,0,0,500
fixture_generation,graph_wide,100,99,8,16019,0,0,500
fixture_generation,graph_wide,100,99,9,16204,0,0,500
fixture_generation,graph_wide,100,99,10,16092,0,0,500
fixture_generation,graph_wide,100,99,11,16130,0,0,500
fixture_generation,graph_wide,100,99,12,16074,0,0,500
fixture_generation,graph_wide,100,99,13,16056,0,0,500
fixture_generation,graph_wide,100,99,14,16111,0,0,500
fixture_generation,graph_wide,100,99,15,16148,0,0,500
fixture_generation,graph_wide,100,99,16,16203,0,0,500
fixture_generation,graph_wide,100,99,17,16389,0,0,500
fixture_generation,graph_wide,100,99,18,16334,0,0,500
fixture_generation,graph_wide,100,99,19,16352,0,0,500
plan_build,graph_wide,100,99,0,65408,0,0,10
plan_build,graph_wide,100,99,1,66853,0,0,10
plan_build,graph_wide,100,99,2,65834,0,0,10
plan_build,graph_wide,100,99,3,65741,0,0,10
plan_build,graph_wide,100,99,4,64778,0,0,10
plan_build,graph_wide,100,99,5,64723,0,0,10
plan_build,graph_wide,100,99,6,64741,0,0,10
plan_build,graph_wide,100,99,7,64500,0,0,10
plan_build,graph_wide,100,99,8,64685,0,0,10
plan_build,graph_wide,100,99,9,64630,0,0,10
plan_build,graph_wide,100,99,10,64556,0,0,10
plan_build,graph_wide,100,99,11,64592,0,0,10
plan_build,graph_wide,100,99,12,64426,0,0,10
plan_build,graph_wide,100,99,13,64056,0,0,10
plan_build,graph_wide,100,99,14,64018,0,0,10
plan_build,graph_wide,100,99,15,64223,0,0,10
plan_build,graph_wide,100,99,16,64001,0,0,10
plan_build,graph_wide,100,99,17,64185,0,0,10
plan_build,graph_wide,100,99,18,64241,0,0,10
plan_build,graph_wide,100,99,19,64296,0,0,10
plan_build_alloc,graph_wide,100,99,0,0,429,126587,10
engine_execution,graph_wide,100,99,0,771540,0,0,98
engine_execution,graph_wide,100,99,1,768873,0,0,99
engine_execution,graph_wide,100,99,2,774503,0,0,96
engine_execution,graph_wide,100,99,3,823614,0,0,97
engine_execution,graph_wide,100,99,4,812633,0,0,102
engine_execution,graph_wide,100,99,5,773521,0,0,103
engine_execution,graph_wide,100,99,6,776244,0,0,100
engine_execution,graph_wide,100,99,7,769985,0,0,101
engine_execution,graph_wide,100,99,8,782743,0,0,106
engine_execution,graph_wide,100,99,9,774226,0,0,107
engine_execution,graph_wide,100,99,10,773225,0,0,104
engine_execution,graph_wide,100,99,11,782336,0,0,105
engine_execution,graph_wide,100,99,12,783947,0,0,110
engine_execution,graph_wide,100,99,13,778854,0,0,111
engine_execution,graph_wide,100,99,14,777428,0,0,108
engine_execution,graph_wide,100,99,15,769670,0,0,109
engine_execution,graph_wide,100,99,16,773948,0,0,114
engine_execution,graph_wide,100,99,17,775077,0,0,115
engine_execution,graph_wide,100,99,18,769262,0,0,112
engine_execution,graph_wide,100,99,19,782799,0,0,113
engine_execution,graph_wide,100,99,20,775206,0,0,118
engine_execution,graph_wide,100,99,21,775003,0,0,119
engine_execution,graph_wide,100,99,22,772429,0,0,116
engine_execution,graph_wide,100,99,23,768652,0,0,117
engine_execution,graph_wide,100,99,24,780558,0,0,122
engine_execution,graph_wide,100,99,25,770855,0,0,123
engine_execution,graph_wide,100,99,26,770225,0,0,120
engine_execution,graph_wide,100,99,27,770170,0,0,121
engine_execution,graph_wide,100,99,28,765706,0,0,126
engine_execution,graph_wide,100,99,29,777596,0,0,127
engine_execution,graph_wide,100,99,30,772633,0,0,124
engine_execution,graph_wide,100,99,31,767281,0,0,125
engine_execution,graph_wide,100,99,32,770726,0,0,66
engine_execution,graph_wide,100,99,33,773632,0,0,67
engine_execution,graph_wide,100,99,34,783059,0,0,64
engine_execution,graph_wide,100,99,35,771947,0,0,65
engine_execution,graph_wide,100,99,36,769614,0,0,70
engine_execution,graph_wide,100,99,37,770725,0,0,71
engine_execution,graph_wide,100,99,38,765725,0,0,68
engine_execution,graph_wide,100,99,39,777892,0,0,69
engine_execution_alloc,graph_wide,100,99,0,0,5618,723205,23096
machine_state_setup,graph_wide,100,99,0,96407,0,0,100
body_state_setup,graph_wide,100,99,0,2371,0,0,0
machine_state_setup,graph_wide,100,99,1,70926,0,0,100
body_state_setup,graph_wide,100,99,1,1907,0,0,0
machine_state_setup,graph_wide,100,99,2,69593,0,0,100
body_state_setup,graph_wide,100,99,2,1907,0,0,0
machine_state_setup,graph_wide,100,99,3,69241,0,0,100
body_state_setup,graph_wide,100,99,3,1945,0,0,0
machine_state_setup,graph_wide,100,99,4,69093,0,0,100
body_state_setup,graph_wide,100,99,4,1833,0,0,0
machine_state_setup,graph_wide,100,99,5,68482,0,0,100
body_state_setup,graph_wide,100,99,5,1852,0,0,0
machine_state_setup,graph_wide,100,99,6,68445,0,0,100
body_state_setup,graph_wide,100,99,6,1797,0,0,0
machine_state_setup,graph_wide,100,99,7,68316,0,0,100
body_state_setup,graph_wide,100,99,7,1870,0,0,0
machine_state_setup,graph_wide,100,99,8,67722,0,0,100
body_state_setup,graph_wide,100,99,8,1722,0,0,0
machine_state_setup,graph_wide,100,99,9,68148,0,0,100
body_state_setup,graph_wide,100,99,9,1759,0,0,0
machine_state_setup,graph_wide,100,99,10,68574,0,0,100
body_state_setup,graph_wide,100,99,10,3092,0,0,0
machine_state_setup,graph_wide,100,99,11,68648,0,0,100
body_state_setup,graph_wide,100,99,11,1834,0,0,0
machine_state_setup,graph_wide,100,99,12,68352,0,0,100
body_state_setup,graph_wide,100,99,12,1723,0,0,0
machine_state_setup,graph_wide,100,99,13,68260,0,0,100
body_state_setup,graph_wide,100,99,13,1833,0,0,0
machine_state_setup,graph_wide,100,99,14,68296,0,0,100
body_state_setup,graph_wide,100,99,14,1796,0,0,0
machine_state_setup,graph_wide,100,99,15,68371,0,0,100
body_state_setup,graph_wide,100,99,15,1926,0,0,0
machine_state_setup,graph_wide,100,99,16,68074,0,0,100
body_state_setup,graph_wide,100,99,16,1815,0,0,0
machine_state_setup,graph_wide,100,99,17,68278,0,0,100
body_state_setup,graph_wide,100,99,17,1889,0,0,0
machine_state_setup,graph_wide,100,99,18,67963,0,0,100
body_state_setup,graph_wide,100,99,18,2037,0,0,0
machine_state_setup,graph_wide,100,99,19,68000,0,0,100
body_state_setup,graph_wide,100,99,19,1926,0,0,0
machine_state_setup,graph_wide,100,99,20,68019,0,0,100
body_state_setup,graph_wide,100,99,20,1833,0,0,0
machine_state_setup,graph_wide,100,99,21,67963,0,0,100
body_state_setup,graph_wide,100,99,21,1870,0,0,0
machine_state_setup,graph_wide,100,99,22,67963,0,0,100
body_state_setup,graph_wide,100,99,22,1852,0,0,0
machine_state_setup,graph_wide,100,99,23,67926,0,0,100
body_state_setup,graph_wide,100,99,23,1982,0,0,0
machine_state_setup,graph_wide,100,99,24,67500,0,0,100
body_state_setup,graph_wide,100,99,24,1852,0,0,0
machine_state_setup,graph_wide,100,99,25,68297,0,0,100
body_state_setup,graph_wide,100,99,25,1963,0,0,0
machine_state_setup,graph_wide,100,99,26,67685,0,0,100
body_state_setup,graph_wide,100,99,26,1870,0,0,0
machine_state_setup,graph_wide,100,99,27,67926,0,0,100
body_state_setup,graph_wide,100,99,27,1945,0,0,0
machine_state_setup,graph_wide,100,99,28,68316,0,0,100
body_state_setup,graph_wide,100,99,28,1851,0,0,0
machine_state_setup,graph_wide,100,99,29,68333,0,0,100
body_state_setup,graph_wide,100,99,29,1963,0,0,0
machine_state_setup,graph_wide,100,99,30,68185,0,0,100
body_state_setup,graph_wide,100,99,30,1944,0,0,0
machine_state_setup,graph_wide,100,99,31,68390,0,0,100
body_state_setup,graph_wide,100,99,31,2093,0,0,0
machine_state_setup,graph_wide,100,99,32,68427,0,0,100
body_state_setup,graph_wide,100,99,32,2000,0,0,0
machine_state_setup,graph_wide,100,99,33,68612,0,0,100
body_state_setup,graph_wide,100,99,33,2000,0,0,0
machine_state_setup,graph_wide,100,99,34,68001,0,0,100
body_state_setup,graph_wide,100,99,34,2000,0,0,0
machine_state_setup,graph_wide,100,99,35,67908,0,0,100
body_state_setup,graph_wide,100,99,35,2074,0,0,0
machine_state_setup,graph_wide,100,99,36,68056,0,0,100
body_state_setup,graph_wide,100,99,36,1981,0,0,0
machine_state_setup,graph_wide,100,99,37,67889,0,0,100
body_state_setup,graph_wide,100,99,37,2092,0,0,0
machine_state_setup,graph_wide,100,99,38,67778,0,0,100
body_state_setup,graph_wide,100,99,38,2018,0,0,0
machine_state_setup,graph_wide,100,99,39,68223,0,0,100
body_state_setup,graph_wide,100,99,39,2130,0,0,0
fixture_generation,graph_sparse,100,99,0,15871,0,0,500
fixture_generation,graph_sparse,100,99,1,15815,0,0,500
fixture_generation,graph_sparse,100,99,2,15834,0,0,500
fixture_generation,graph_sparse,100,99,3,15834,0,0,500
fixture_generation,graph_sparse,100,99,4,15760,0,0,500
fixture_generation,graph_sparse,100,99,5,15778,0,0,500
fixture_generation,graph_sparse,100,99,6,16074,0,0,500
fixture_generation,graph_sparse,100,99,7,53945,0,0,500
fixture_generation,graph_sparse,100,99,8,15963,0,0,500
fixture_generation,graph_sparse,100,99,9,15852,0,0,500
fixture_generation,graph_sparse,100,99,10,15907,0,0,500
fixture_generation,graph_sparse,100,99,11,15926,0,0,500
fixture_generation,graph_sparse,100,99,12,15963,0,0,500
fixture_generation,graph_sparse,100,99,13,15963,0,0,500
fixture_generation,graph_sparse,100,99,14,15945,0,0,500
fixture_generation,graph_sparse,100,99,15,15945,0,0,500
fixture_generation,graph_sparse,100,99,16,16111,0,0,500
fixture_generation,graph_sparse,100,99,17,15982,0,0,500
fixture_generation,graph_sparse,100,99,18,16019,0,0,500
fixture_generation,graph_sparse,100,99,19,16038,0,0,500
plan_build,graph_sparse,100,99,0,70519,0,0,12
plan_build,graph_sparse,100,99,1,66667,0,0,12
plan_build,graph_sparse,100,99,2,64944,0,0,12
plan_build,graph_sparse,100,99,3,64908,0,0,12
plan_build,graph_sparse,100,99,4,65037,0,0,12
plan_build,graph_sparse,100,99,5,64778,0,0,12
plan_build,graph_sparse,100,99,6,64463,0,0,12
plan_build,graph_sparse,100,99,7,64352,0,0,12
plan_build,graph_sparse,100,99,8,64056,0,0,12
plan_build,graph_sparse,100,99,9,63816,0,0,12
plan_build,graph_sparse,100,99,10,63759,0,0,12
plan_build,graph_sparse,100,99,11,63519,0,0,12
plan_build,graph_sparse,100,99,12,63982,0,0,12
plan_build,graph_sparse,100,99,13,64130,0,0,12
plan_build,graph_sparse,100,99,14,64241,0,0,12
plan_build,graph_sparse,100,99,15,64037,0,0,12
plan_build,graph_sparse,100,99,16,63870,0,0,12
plan_build,graph_sparse,100,99,17,63593,0,0,12
plan_build,graph_sparse,100,99,18,63833,0,0,12
plan_build,graph_sparse,100,99,19,63908,0,0,12
plan_build_alloc,graph_sparse,100,99,0,0,429,126589,12
engine_execution,graph_sparse,100,99,0,832300,0,0,71
engine_execution,graph_sparse,100,99,1,831633,0,0,70
engine_execution,graph_sparse,100,99,2,832170,0,0,69
engine_execution,graph_sparse,100,99,3,836096,0,0,68
engine_execution,graph_sparse,100,99,4,827188,0,0,67
engine_execution,graph_sparse,100,99,5,831596,0,0,66
engine_execution,graph_sparse,100,99,6,831818,0,0,65
engine_execution,graph_sparse,100,99,7,826781,0,0,64
engine_execution,graph_sparse,100,99,8,845447,0,0,79
engine_execution,graph_sparse,100,99,9,836300,0,0,78
engine_execution,graph_sparse,100,99,10,833299,0,0,77
engine_execution,graph_sparse,100,99,11,829096,0,0,76
engine_execution,graph_sparse,100,99,12,832910,0,0,75
engine_execution,graph_sparse,100,99,13,837725,0,0,74
engine_execution,graph_sparse,100,99,14,833281,0,0,73
engine_execution,graph_sparse,100,99,15,828336,0,0,72
engine_execution,graph_sparse,100,99,16,832003,0,0,87
engine_execution,graph_sparse,100,99,17,830799,0,0,86
engine_execution,graph_sparse,100,99,18,837762,0,0,85
engine_execution,graph_sparse,100,99,19,825818,0,0,84
engine_execution,graph_sparse,100,99,20,828281,0,0,83
engine_execution,graph_sparse,100,99,21,826522,0,0,82
engine_execution,graph_sparse,100,99,22,829337,0,0,81
engine_execution,graph_sparse,100,99,23,836652,0,0,80
engine_execution,graph_sparse,100,99,24,836707,0,0,95
engine_execution,graph_sparse,100,99,25,829151,0,0,94
engine_execution,graph_sparse,100,99,26,830096,0,0,93
engine_execution,graph_sparse,100,99,27,831096,0,0,92
engine_execution,graph_sparse,100,99,28,838503,0,0,91
engine_execution,graph_sparse,100,99,29,827670,0,0,90
engine_execution,graph_sparse,100,99,30,830799,0,0,89
engine_execution,graph_sparse,100,99,31,827503,0,0,88
engine_execution,graph_sparse,100,99,32,835244,0,0,103
engine_execution,graph_sparse,100,99,33,831447,0,0,102
engine_execution,graph_sparse,100,99,34,834059,0,0,101
engine_execution,graph_sparse,100,99,35,833558,0,0,100
engine_execution,graph_sparse,100,99,36,827726,0,0,99
engine_execution,graph_sparse,100,99,37,841096,0,0,98
engine_execution,graph_sparse,100,99,38,831096,0,0,97
engine_execution,graph_sparse,100,99,39,834003,0,0,96
engine_execution_alloc,graph_sparse,100,99,0,0,5838,748713,23069
machine_state_setup,graph_sparse,100,99,0,94297,0,0,100
body_state_setup,graph_sparse,100,99,0,2537,0,0,0
machine_state_setup,graph_sparse,100,99,1,66408,0,0,100
body_state_setup,graph_sparse,100,99,1,2074,0,0,0
machine_state_setup,graph_sparse,100,99,2,66482,0,0,100
body_state_setup,graph_sparse,100,99,2,2037,0,0,0
machine_state_setup,graph_sparse,100,99,3,65667,0,0,100
body_state_setup,graph_sparse,100,99,3,1944,0,0,0
machine_state_setup,graph_sparse,100,99,4,64648,0,0,100
body_state_setup,graph_sparse,100,99,4,1907,0,0,0
machine_state_setup,graph_sparse,100,99,5,64964,0,0,100
body_state_setup,graph_sparse,100,99,5,2278,0,0,0
machine_state_setup,graph_sparse,100,99,6,64907,0,0,100
body_state_setup,graph_sparse,100,99,6,1907,0,0,0
machine_state_setup,graph_sparse,100,99,7,64686,0,0,100
body_state_setup,graph_sparse,100,99,7,1871,0,0,0
machine_state_setup,graph_sparse,100,99,8,64834,0,0,100
body_state_setup,graph_sparse,100,99,8,1870,0,0,0
machine_state_setup,graph_sparse,100,99,9,65056,0,0,100
body_state_setup,graph_sparse,100,99,9,1834,0,0,0
machine_state_setup,graph_sparse,100,99,10,63964,0,0,100
body_state_setup,graph_sparse,100,99,10,1908,0,0,0
machine_state_setup,graph_sparse,100,99,11,65148,0,0,100
body_state_setup,graph_sparse,100,99,11,1852,0,0,0
machine_state_setup,graph_sparse,100,99,12,64518,0,0,100
body_state_setup,graph_sparse,100,99,12,1944,0,0,0
machine_state_setup,graph_sparse,100,99,13,64537,0,0,100
body_state_setup,graph_sparse,100,99,13,1852,0,0,0
machine_state_setup,graph_sparse,100,99,14,64537,0,0,100
body_state_setup,graph_sparse,100,99,14,1944,0,0,0
machine_state_setup,graph_sparse,100,99,15,69759,0,0,100
body_state_setup,graph_sparse,100,99,15,2037,0,0,0
machine_state_setup,graph_sparse,100,99,16,65056,0,0,100
body_state_setup,graph_sparse,100,99,16,2000,0,0,0
machine_state_setup,graph_sparse,100,99,17,64390,0,0,100
body_state_setup,graph_sparse,100,99,17,1945,0,0,0
machine_state_setup,graph_sparse,100,99,18,64723,0,0,100
body_state_setup,graph_sparse,100,99,18,1889,0,0,0
machine_state_setup,graph_sparse,100,99,19,64278,0,0,100
body_state_setup,graph_sparse,100,99,19,1889,0,0,0
machine_state_setup,graph_sparse,100,99,20,64185,0,0,100
body_state_setup,graph_sparse,100,99,20,1944,0,0,0
machine_state_setup,graph_sparse,100,99,21,64018,0,0,100
body_state_setup,graph_sparse,100,99,21,1926,0,0,0
machine_state_setup,graph_sparse,100,99,22,64112,0,0,100
body_state_setup,graph_sparse,100,99,22,1926,0,0,0
machine_state_setup,graph_sparse,100,99,23,65426,0,0,100
body_state_setup,graph_sparse,100,99,23,1944,0,0,0
machine_state_setup,graph_sparse,100,99,24,64093,0,0,100
body_state_setup,graph_sparse,100,99,24,2074,0,0,0
machine_state_setup,graph_sparse,100,99,25,64463,0,0,100
body_state_setup,graph_sparse,100,99,25,2018,0,0,0
machine_state_setup,graph_sparse,100,99,26,63593,0,0,100
body_state_setup,graph_sparse,100,99,26,2056,0,0,0
machine_state_setup,graph_sparse,100,99,27,63556,0,0,100
body_state_setup,graph_sparse,100,99,27,2018,0,0,0
machine_state_setup,graph_sparse,100,99,28,64204,0,0,100
body_state_setup,graph_sparse,100,99,28,2056,0,0,0
machine_state_setup,graph_sparse,100,99,29,63667,0,0,100
body_state_setup,graph_sparse,100,99,29,2056,0,0,0
machine_state_setup,graph_sparse,100,99,30,64037,0,0,100
body_state_setup,graph_sparse,100,99,30,2148,0,0,0
machine_state_setup,graph_sparse,100,99,31,64130,0,0,100
body_state_setup,graph_sparse,100,99,31,2037,0,0,0
machine_state_setup,graph_sparse,100,99,32,63797,0,0,100
body_state_setup,graph_sparse,100,99,32,2093,0,0,0
machine_state_setup,graph_sparse,100,99,33,63667,0,0,100
body_state_setup,graph_sparse,100,99,33,2352,0,0,0
machine_state_setup,graph_sparse,100,99,34,63871,0,0,100
body_state_setup,graph_sparse,100,99,34,2130,0,0,0
machine_state_setup,graph_sparse,100,99,35,64333,0,0,100
body_state_setup,graph_sparse,100,99,35,2537,0,0,0
machine_state_setup,graph_sparse,100,99,36,64130,0,0,100
body_state_setup,graph_sparse,100,99,36,2204,0,0,0
machine_state_setup,graph_sparse,100,99,37,63519,0,0,100
body_state_setup,graph_sparse,100,99,37,2092,0,0,0
machine_state_setup,graph_sparse,100,99,38,63741,0,0,100
body_state_setup,graph_sparse,100,99,38,2074,0,0,0
machine_state_setup,graph_sparse,100,99,39,63741,0,0,100
body_state_setup,graph_sparse,100,99,39,2074,0,0,0
fixture_generation,graph_chain,1000,999,0,163482,0,0,5000
fixture_generation,graph_chain,1000,999,1,162852,0,0,5000
fixture_generation,graph_chain,1000,999,2,163038,0,0,5000
fixture_generation,graph_chain,1000,999,3,162889,0,0,5000
fixture_generation,graph_chain,1000,999,4,162723,0,0,5000
fixture_generation,graph_chain,1000,999,5,162890,0,0,5000
fixture_generation,graph_chain,1000,999,6,162815,0,0,5000
fixture_generation,graph_chain,1000,999,7,162520,0,0,5000
fixture_generation,graph_chain,1000,999,8,162704,0,0,5000
fixture_generation,graph_chain,1000,999,9,162945,0,0,5000
fixture_generation,graph_chain,1000,999,10,163075,0,0,5000
fixture_generation,graph_chain,1000,999,11,162964,0,0,5000
fixture_generation,graph_chain,1000,999,12,163056,0,0,5000
fixture_generation,graph_chain,1000,999,13,166278,0,0,5000
fixture_generation,graph_chain,1000,999,14,162205,0,0,5000
fixture_generation,graph_chain,1000,999,15,162408,0,0,5000
fixture_generation,graph_chain,1000,999,16,162389,0,0,5000
fixture_generation,graph_chain,1000,999,17,162464,0,0,5000
fixture_generation,graph_chain,1000,999,18,162167,0,0,5000
fixture_generation,graph_chain,1000,999,19,162389,0,0,5000
plan_build,graph_chain,1000,999,0,3670551,0,0,11
plan_build,graph_chain,1000,999,1,3615236,0,0,11
plan_build,graph_chain,1000,999,2,3561292,0,0,11
plan_build,graph_chain,1000,999,3,3564310,0,0,11
plan_build,graph_chain,1000,999,4,3556365,0,0,11
plan_build,graph_chain,1000,999,5,3569255,0,0,11
plan_build,graph_chain,1000,999,6,3564810,0,0,11
plan_build,graph_chain,1000,999,7,3581329,0,0,11
plan_build,graph_chain,1000,999,8,3577551,0,0,11
plan_build,graph_chain,1000,999,9,3605069,0,0,11
plan_build,graph_chain,1000,999,10,3575403,0,0,11
plan_build,graph_chain,1000,999,11,3566773,0,0,11
plan_build,graph_chain,1000,999,12,3589050,0,0,11
plan_build,graph_chain,1000,999,13,3598495,0,0,11
plan_build,graph_chain,1000,999,14,3585792,0,0,11
plan_build,graph_chain,1000,999,15,3583236,0,0,11
plan_build,graph_chain,1000,999,16,3585070,0,0,11
plan_build,graph_chain,1000,999,17,3577680,0,0,11
plan_build,graph_chain,1000,999,18,3573384,0,0,11
plan_build,graph_chain,1000,999,19,3575310,0,0,11
plan_build_alloc,graph_chain,1000,999,0,0,4041,1049104,11
engine_execution,graph_chain,1000,999,0,45201488,0,0,1
engine_execution,graph_chain,1000,999,1,44408522,0,0,0
engine_execution,graph_chain,1000,999,2,44424782,0,0,3
engine_execution,graph_chain,1000,999,3,44806375,0,0,2
engine_execution,graph_chain,1000,999,4,44474522,0,0,5
engine_execution,graph_chain,1000,999,5,44817376,0,0,4
engine_execution,graph_chain,1000,999,6,45149433,0,0,7
engine_execution,graph_chain,1000,999,7,44473726,0,0,6
engine_execution,graph_chain,1000,999,8,45321137,0,0,9
engine_execution,graph_chain,1000,999,9,44559449,0,0,8
engine_execution,graph_chain,1000,999,10,44299447,0,0,11
engine_execution,graph_chain,1000,999,11,44621172,0,0,10
engine_execution,graph_chain,1000,999,12,44618375,0,0,13
engine_execution,graph_chain,1000,999,13,42942850,0,0,12
engine_execution,graph_chain,1000,999,14,43125480,0,0,15
engine_execution,graph_chain,1000,999,15,43031462,0,0,14
engine_execution,graph_chain,1000,999,16,43509149,0,0,17
engine_execution,graph_chain,1000,999,17,44183188,0,0,16
engine_execution,graph_chain,1000,999,18,43527074,0,0,19
engine_execution,graph_chain,1000,999,19,43227092,0,0,18
engine_execution,graph_chain,1000,999,20,43360555,0,0,21
engine_execution,graph_chain,1000,999,21,43092591,0,0,20
engine_execution,graph_chain,1000,999,22,45020840,0,0,23
engine_execution,graph_chain,1000,999,23,43932779,0,0,22
engine_execution,graph_chain,1000,999,24,43516427,0,0,25
engine_execution,graph_chain,1000,999,25,44855839,0,0,24
engine_execution,graph_chain,1000,999,26,43266332,0,0,27
engine_execution,graph_chain,1000,999,27,44107411,0,0,26
engine_execution,graph_chain,1000,999,28,43708890,0,0,29
engine_execution,graph_chain,1000,999,29,43077591,0,0,28
engine_execution,graph_chain,1000,999,30,43270962,0,0,31
engine_execution,graph_chain,1000,999,31,44099428,0,0,30
engine_execution,graph_chain,1000,999,32,43774798,0,0,33
engine_execution,graph_chain,1000,999,33,44321614,0,0,32
engine_execution,graph_chain,1000,999,34,44118892,0,0,35
engine_execution,graph_chain,1000,999,35,42975610,0,0,34
engine_execution,graph_chain,1000,999,36,43490889,0,0,37
engine_execution,graph_chain,1000,999,37,43203981,0,0,36
engine_execution,graph_chain,1000,999,38,43798594,0,0,39
engine_execution,graph_chain,1000,999,39,43765057,0,0,38
engine_execution_alloc,graph_chain,1000,999,0,0,59102,28976331,23131
machine_state_setup,graph_chain,1000,999,0,754466,0,0,1000
body_state_setup,graph_chain,1000,999,0,15666,0,0,0
machine_state_setup,graph_chain,1000,999,1,633114,0,0,1000
body_state_setup,graph_chain,1000,999,1,12575,0,0,0
machine_state_setup,graph_chain,1000,999,2,602595,0,0,1000
body_state_setup,graph_chain,1000,999,2,11019,0,0,0
machine_state_setup,graph_chain,1000,999,3,594613,0,0,1000
body_state_setup,graph_chain,1000,999,3,10778,0,0,0
machine_state_setup,graph_chain,1000,999,4,594817,0,0,1000
body_state_setup,graph_chain,1000,999,4,10593,0,0,0
machine_state_setup,graph_chain,1000,999,5,593966,0,0,1000
body_state_setup,graph_chain,1000,999,5,10481,0,0,0
machine_state_setup,graph_chain,1000,999,6,596669,0,0,1000
body_state_setup,graph_chain,1000,999,6,10648,0,0,0
machine_state_setup,graph_chain,1000,999,7,598983,0,0,1000
body_state_setup,graph_chain,1000,999,7,12574,0,0,0
machine_state_setup,graph_chain,1000,999,8,605540,0,0,1000
body_state_setup,graph_chain,1000,999,8,10982,0,0,0
machine_state_setup,graph_chain,1000,999,9,598688,0,0,1000
body_state_setup,graph_chain,1000,999,9,11612,0,0,0
machine_state_setup,graph_chain,1000,999,10,597984,0,0,1000
body_state_setup,graph_chain,1000,999,10,11685,0,0,0
machine_state_setup,graph_chain,1000,999,11,597780,0,0,1000
body_state_setup,graph_chain,1000,999,11,11352,0,0,0
machine_state_setup,graph_chain,1000,999,12,596780,0,0,1000
body_state_setup,graph_chain,1000,999,12,10666,0,0,0
machine_state_setup,graph_chain,1000,999,13,596484,0,0,1000
body_state_setup,graph_chain,1000,999,13,10852,0,0,0
machine_state_setup,graph_chain,1000,999,14,606465,0,0,1000
body_state_setup,graph_chain,1000,999,14,12963,0,0,0
machine_state_setup,graph_chain,1000,999,15,599613,0,0,1000
body_state_setup,graph_chain,1000,999,15,11241,0,0,0
machine_state_setup,graph_chain,1000,999,16,596298,0,0,1000
body_state_setup,graph_chain,1000,999,16,11204,0,0,0
machine_state_setup,graph_chain,1000,999,17,600502,0,0,1000
body_state_setup,graph_chain,1000,999,17,11352,0,0,0
machine_state_setup,graph_chain,1000,999,18,595817,0,0,1000
body_state_setup,graph_chain,1000,999,18,10926,0,0,0
machine_state_setup,graph_chain,1000,999,19,599928,0,0,1000
body_state_setup,graph_chain,1000,999,19,11667,0,0,0
machine_state_setup,graph_chain,1000,999,20,697243,0,0,1000
body_state_setup,graph_chain,1000,999,20,29685,0,0,0
machine_state_setup,graph_chain,1000,999,21,3329105,0,0,1000
body_state_setup,graph_chain,1000,999,21,48037,0,0,0
machine_state_setup,graph_chain,1000,999,22,804484,0,0,1000
body_state_setup,graph_chain,1000,999,22,19537,0,0,0
machine_state_setup,graph_chain,1000,999,23,660318,0,0,1000
body_state_setup,graph_chain,1000,999,23,13871,0,0,0
machine_state_setup,graph_chain,1000,999,24,619076,0,0,1000
body_state_setup,graph_chain,1000,999,24,12611,0,0,0
machine_state_setup,graph_chain,1000,999,25,604891,0,0,1000
body_state_setup,graph_chain,1000,999,25,11278,0,0,0
machine_state_setup,graph_chain,1000,999,26,599280,0,0,1000
body_state_setup,graph_chain,1000,999,26,12500,0,0,0
machine_state_setup,graph_chain,1000,999,27,600132,0,0,1000
body_state_setup,graph_chain,1000,999,27,11556,0,0,0
machine_state_setup,graph_chain,1000,999,28,623947,0,0,1000
body_state_setup,graph_chain,1000,999,28,14352,0,0,0
machine_state_setup,graph_chain,1000,999,29,608094,0,0,1000
body_state_setup,graph_chain,1000,999,29,13000,0,0,0
machine_state_setup,graph_chain,1000,999,30,604002,0,0,1000
body_state_setup,graph_chain,1000,999,30,12408,0,0,0
machine_state_setup,graph_chain,1000,999,31,601354,0,0,1000
body_state_setup,graph_chain,1000,999,31,12537,0,0,0
machine_state_setup,graph_chain,1000,999,32,608576,0,0,1000
body_state_setup,graph_chain,1000,999,32,12815,0,0,0
machine_state_setup,graph_chain,1000,999,33,604892,0,0,1000
body_state_setup,graph_chain,1000,999,33,11815,0,0,0
machine_state_setup,graph_chain,1000,999,34,600928,0,0,1000
body_state_setup,graph_chain,1000,999,34,11407,0,0,0
machine_state_setup,graph_chain,1000,999,35,619576,0,0,1000
body_state_setup,graph_chain,1000,999,35,13574,0,0,0
machine_state_setup,graph_chain,1000,999,36,605928,0,0,1000
body_state_setup,graph_chain,1000,999,36,12556,0,0,0
machine_state_setup,graph_chain,1000,999,37,610910,0,0,1000
body_state_setup,graph_chain,1000,999,37,11444,0,0,0
machine_state_setup,graph_chain,1000,999,38,603428,0,0,1000
body_state_setup,graph_chain,1000,999,38,12111,0,0,0
machine_state_setup,graph_chain,1000,999,39,604354,0,0,1000
body_state_setup,graph_chain,1000,999,39,11500,0,0,0
pure_machine_events_preseeded,graph_chain,1000,999,0,30437543,0,0,1001
pure_machine_events_preseeded,graph_chain,1000,999,1,30056837,0,0,1001
pure_machine_events_preseeded,graph_chain,1000,999,2,30063041,0,0,1001
pure_machine_events_preseeded,graph_chain,1000,999,3,30056189,0,0,1001
pure_machine_events_preseeded,graph_chain,1000,999,4,30179542,0,0,1001
pure_machine_events_preseeded,graph_chain,1000,999,5,30101911,0,0,1001
pure_machine_events_preseeded,graph_chain,1000,999,6,30149671,0,0,1001
pure_machine_events_preseeded,graph_chain,1000,999,7,30090819,0,0,1001
pure_machine_events_preseeded,graph_chain,1000,999,8,29914430,0,0,1001
pure_machine_events_preseeded,graph_chain,1000,999,9,30025671,0,0,1001
pure_machine_events_preseeded,graph_chain,1000,999,10,29885707,0,0,1001
pure_machine_events_preseeded,graph_chain,1000,999,11,30030245,0,0,1001
pure_machine_events_preseeded,graph_chain,1000,999,12,29819411,0,0,1001
pure_machine_events_preseeded,graph_chain,1000,999,13,30323468,0,0,1001
pure_machine_events_preseeded,graph_chain,1000,999,14,30016060,0,0,1001
pure_machine_events_preseeded,graph_chain,1000,999,15,30072597,0,0,1001
pure_machine_events_preseeded,graph_chain,1000,999,16,30052782,0,0,1001
pure_machine_events_preseeded,graph_chain,1000,999,17,29894392,0,0,1001
pure_machine_events_preseeded,graph_chain,1000,999,18,30191449,0,0,1001
pure_machine_events_preseeded,graph_chain,1000,999,19,29998801,0,0,1001
pure_machine_events_preseeded,graph_chain,1000,999,20,30089412,0,0,1001
pure_machine_events_preseeded,graph_chain,1000,999,21,29955244,0,0,1001
pure_machine_events_preseeded,graph_chain,1000,999,22,30864137,0,0,1001
pure_machine_events_preseeded,graph_chain,1000,999,23,30039560,0,0,1001
pure_machine_events_preseeded,graph_chain,1000,999,24,30025615,0,0,1001
pure_machine_events_preseeded,graph_chain,1000,999,25,30077430,0,0,1001
pure_machine_events_preseeded,graph_chain,1000,999,26,29918300,0,0,1001
pure_machine_events_preseeded,graph_chain,1000,999,27,30023782,0,0,1001
pure_machine_events_preseeded,graph_chain,1000,999,28,30223653,0,0,1001
pure_machine_events_preseeded,graph_chain,1000,999,29,30118411,0,0,1001
pure_machine_events_preseeded,graph_chain,1000,999,30,29727133,0,0,1001
pure_machine_events_preseeded,graph_chain,1000,999,31,29873781,0,0,1001
pure_machine_events_preseeded,graph_chain,1000,999,32,30143171,0,0,1001
pure_machine_events_preseeded,graph_chain,1000,999,33,30726821,0,0,1001
pure_machine_events_preseeded,graph_chain,1000,999,34,29820559,0,0,1001
pure_machine_events_preseeded,graph_chain,1000,999,35,29660595,0,0,1001
pure_machine_events_preseeded,graph_chain,1000,999,36,29873300,0,0,1001
pure_machine_events_preseeded,graph_chain,1000,999,37,29846651,0,0,1001
pure_machine_events_preseeded,graph_chain,1000,999,38,30130301,0,0,1001
pure_machine_events_preseeded,graph_chain,1000,999,39,29790504,0,0,1001
fixture_generation,graph_wide,1000,999,0,166871,0,0,5000
fixture_generation,graph_wide,1000,999,1,166316,0,0,5000
fixture_generation,graph_wide,1000,999,2,166315,0,0,5000
fixture_generation,graph_wide,1000,999,3,166334,0,0,5000
fixture_generation,graph_wide,1000,999,4,166575,0,0,5000
fixture_generation,graph_wide,1000,999,5,166390,0,0,5000
fixture_generation,graph_wide,1000,999,6,171816,0,0,5000
fixture_generation,graph_wide,1000,999,7,166186,0,0,5000
fixture_generation,graph_wide,1000,999,8,165704,0,0,5000
fixture_generation,graph_wide,1000,999,9,165760,0,0,5000
fixture_generation,graph_wide,1000,999,10,165945,0,0,5000
fixture_generation,graph_wide,1000,999,11,165945,0,0,5000
fixture_generation,graph_wide,1000,999,12,165759,0,0,5000
fixture_generation,graph_wide,1000,999,13,166075,0,0,5000
fixture_generation,graph_wide,1000,999,14,165834,0,0,5000
fixture_generation,graph_wide,1000,999,15,166075,0,0,5000
fixture_generation,graph_wide,1000,999,16,165964,0,0,5000
fixture_generation,graph_wide,1000,999,17,166094,0,0,5000
fixture_generation,graph_wide,1000,999,18,165853,0,0,5000
fixture_generation,graph_wide,1000,999,19,166167,0,0,5000
plan_build,graph_wide,1000,999,0,3699996,0,0,10
plan_build,graph_wide,1000,999,1,3672459,0,0,10
plan_build,graph_wide,1000,999,2,3645329,0,0,10
plan_build,graph_wide,1000,999,3,3637496,0,0,10
plan_build,graph_wide,1000,999,4,3642680,0,0,10
plan_build,graph_wide,1000,999,5,3632884,0,0,10
plan_build,graph_wide,1000,999,6,3638996,0,0,10
plan_build,graph_wide,1000,999,7,3661514,0,0,10
plan_build,graph_wide,1000,999,8,3650440,0,0,10
plan_build,graph_wide,1000,999,9,3651921,0,0,10
plan_build,graph_wide,1000,999,10,3643699,0,0,10
plan_build,graph_wide,1000,999,11,3642829,0,0,10
plan_build,graph_wide,1000,999,12,3645162,0,0,10
plan_build,graph_wide,1000,999,13,3661496,0,0,10
plan_build,graph_wide,1000,999,14,3646866,0,0,10
plan_build,graph_wide,1000,999,15,3635236,0,0,10
plan_build,graph_wide,1000,999,16,3633070,0,0,10
plan_build,graph_wide,1000,999,17,3652495,0,0,10
plan_build,graph_wide,1000,999,18,3630903,0,0,10
plan_build,graph_wide,1000,999,19,3636681,0,0,10
plan_build_alloc,graph_wide,1000,999,0,0,4041,1049103,10
engine_execution,graph_wide,1000,999,0,30993637,0,0,998
engine_execution,graph_wide,1000,999,1,29782984,0,0,999
engine_execution,graph_wide,1000,999,2,30406338,0,0,996
engine_execution,graph_wide,1000,999,3,29858800,0,0,997
engine_execution,graph_wide,1000,999,4,30523321,0,0,994
engine_execution,graph_wide,1000,999,5,29647799,0,0,995
engine_execution,graph_wide,1000,999,6,29297834,0,0,992
engine_execution,graph_wide,1000,999,7,29482576,0,0,993
engine_execution,graph_wide,1000,999,8,29137964,0,0,1006
engine_execution,graph_wide,1000,999,9,29255372,0,0,1007
engine_execution,graph_wide,1000,999,10,29215797,0,0,1004
engine_execution,graph_wide,1000,999,11,30088078,0,0,1005
engine_execution,graph_wide,1000,999,12,29746207,0,0,1002
engine_execution,graph_wide,1000,999,13,29380946,0,0,1003
engine_execution,graph_wide,1000,999,14,29184649,0,0,1000
engine_execution,graph_wide,1000,999,15,29173964,0,0,1001
engine_execution,graph_wide,1000,999,16,35439154,0,0,1014
engine_execution,graph_wide,1000,999,17,29749244,0,0,1015
engine_execution,graph_wide,1000,999,18,29667540,0,0,1012
engine_execution,graph_wide,1000,999,19,29606021,0,0,1013
engine_execution,graph_wide,1000,999,20,29815892,0,0,1010
engine_execution,graph_wide,1000,999,21,29726095,0,0,1011
engine_execution,graph_wide,1000,999,22,29536613,0,0,1008
engine_execution,graph_wide,1000,999,23,29622188,0,0,1009
engine_execution,graph_wide,1000,999,24,29643448,0,0,1022
engine_execution,graph_wide,1000,999,25,29557595,0,0,1023
engine_execution,graph_wide,1000,999,26,29816095,0,0,1020
engine_execution,graph_wide,1000,999,27,29974597,0,0,1021
engine_execution,graph_wide,1000,999,28,29742115,0,0,1018
engine_execution,graph_wide,1000,999,29,30189209,0,0,1019
engine_execution,graph_wide,1000,999,30,29717873,0,0,1016
engine_execution,graph_wide,1000,999,31,29566984,0,0,1017
engine_execution,graph_wide,1000,999,32,29566428,0,0,966
engine_execution,graph_wide,1000,999,33,30432302,0,0,967
engine_execution,graph_wide,1000,999,34,31086267,0,0,964
engine_execution,graph_wide,1000,999,35,29627114,0,0,965
engine_execution,graph_wide,1000,999,36,29579614,0,0,962
engine_execution,graph_wide,1000,999,37,29918245,0,0,963
engine_execution,graph_wide,1000,999,38,29549243,0,0,960
engine_execution,graph_wide,1000,999,39,29256871,0,0,961
engine_execution_alloc,graph_wide,1000,999,0,0,55207,21300249,22972
machine_state_setup,graph_wide,1000,999,0,1528617,0,0,1000
body_state_setup,graph_wide,1000,999,0,20315,0,0,0
machine_state_setup,graph_wide,1000,999,1,1364431,0,0,1000
body_state_setup,graph_wide,1000,999,1,12149,0,0,0
machine_state_setup,graph_wide,1000,999,2,1347820,0,0,1000
body_state_setup,graph_wide,1000,999,2,12259,0,0,0
machine_state_setup,graph_wide,1000,999,3,1361338,0,0,1000
body_state_setup,graph_wide,1000,999,3,13870,0,0,0
machine_state_setup,graph_wide,1000,999,4,1347449,0,0,1000
body_state_setup,graph_wide,1000,999,4,12223,0,0,0
machine_state_setup,graph_wide,1000,999,5,1344394,0,0,1000
body_state_setup,graph_wide,1000,999,5,12352,0,0,0
machine_state_setup,graph_wide,1000,999,6,1356709,0,0,1000
body_state_setup,graph_wide,1000,999,6,14000,0,0,0
machine_state_setup,graph_wide,1000,999,7,1349265,0,0,1000
body_state_setup,graph_wide,1000,999,7,13278,0,0,0
machine_state_setup,graph_wide,1000,999,8,1347894,0,0,1000
body_state_setup,graph_wide,1000,999,8,12796,0,0,0
machine_state_setup,graph_wide,1000,999,9,1357413,0,0,1000
body_state_setup,graph_wide,1000,999,9,13796,0,0,0
machine_state_setup,graph_wide,1000,999,10,1348209,0,0,1000
body_state_setup,graph_wide,1000,999,10,11944,0,0,0
machine_state_setup,graph_wide,1000,999,11,1346931,0,0,1000
body_state_setup,graph_wide,1000,999,11,12167,0,0,0
machine_state_setup,graph_wide,1000,999,12,1433339,0,0,1000
body_state_setup,graph_wide,1000,999,12,18389,0,0,0
machine_state_setup,graph_wide,1000,999,13,1420098,0,0,1000
body_state_setup,graph_wide,1000,999,13,17908,0,0,0
machine_state_setup,graph_wide,1000,999,14,1360431,0,0,1000
body_state_setup,graph_wide,1000,999,14,14334,0,0,0
machine_state_setup,graph_wide,1000,999,15,1372116,0,0,1000
body_state_setup,graph_wide,1000,999,15,13889,0,0,0
machine_state_setup,graph_wide,1000,999,16,1359339,0,0,1000
body_state_setup,graph_wide,1000,999,16,12945,0,0,0
machine_state_setup,graph_wide,1000,999,17,1358746,0,0,1000
body_state_setup,graph_wide,1000,999,17,14278,0,0,0
machine_state_setup,graph_wide,1000,999,18,1355635,0,0,1000
body_state_setup,graph_wide,1000,999,18,13129,0,0,0
machine_state_setup,graph_wide,1000,999,19,1349245,0,0,1000
body_state_setup,graph_wide,1000,999,19,12796,0,0,0
machine_state_setup,graph_wide,1000,999,20,1377005,0,0,1000
body_state_setup,graph_wide,1000,999,20,14926,0,0,0
machine_state_setup,graph_wide,1000,999,21,1360597,0,0,1000
body_state_setup,graph_wide,1000,999,21,12240,0,0,0
machine_state_setup,graph_wide,1000,999,22,1353432,0,0,1000
body_state_setup,graph_wide,1000,999,22,12796,0,0,0
machine_state_setup,graph_wide,1000,999,23,1356802,0,0,1000
body_state_setup,graph_wide,1000,999,23,14629,0,0,0
machine_state_setup,graph_wide,1000,999,24,1352005,0,0,1000
body_state_setup,graph_wide,1000,999,24,12222,0,0,0
machine_state_setup,graph_wide,1000,999,25,1348154,0,0,1000
body_state_setup,graph_wide,1000,999,25,13296,0,0,0
machine_state_setup,graph_wide,1000,999,26,1356135,0,0,1000
body_state_setup,graph_wide,1000,999,26,13186,0,0,0
machine_state_setup,graph_wide,1000,999,27,1352079,0,0,1000
body_state_setup,graph_wide,1000,999,27,12222,0,0,0
machine_state_setup,graph_wide,1000,999,28,1349802,0,0,1000
body_state_setup,graph_wide,1000,999,28,12148,0,0,0
machine_state_setup,graph_wide,1000,999,29,1352320,0,0,1000
body_state_setup,graph_wide,1000,999,29,13778,0,0,0
machine_state_setup,graph_wide,1000,999,30,1346931,0,0,1000
body_state_setup,graph_wide,1000,999,30,12389,0,0,0
machine_state_setup,graph_wide,1000,999,31,1349023,0,0,1000
body_state_setup,graph_wide,1000,999,31,12463,0,0,0
machine_state_setup,graph_wide,1000,999,32,1356134,0,0,1000
body_state_setup,graph_wide,1000,999,32,13982,0,0,0
machine_state_setup,graph_wide,1000,999,33,1349839,0,0,1000
body_state_setup,graph_wide,1000,999,33,13407,0,0,0
machine_state_setup,graph_wide,1000,999,34,1351302,0,0,1000
body_state_setup,graph_wide,1000,999,34,12630,0,0,0
machine_state_setup,graph_wide,1000,999,35,1357857,0,0,1000
body_state_setup,graph_wide,1000,999,35,13704,0,0,0
machine_state_setup,graph_wide,1000,999,36,1352005,0,0,1000
body_state_setup,graph_wide,1000,999,36,12630,0,0,0
machine_state_setup,graph_wide,1000,999,37,1351450,0,0,1000
body_state_setup,graph_wide,1000,999,37,13129,0,0,0
machine_state_setup,graph_wide,1000,999,38,1361783,0,0,1000
body_state_setup,graph_wide,1000,999,38,12870,0,0,0
machine_state_setup,graph_wide,1000,999,39,1354745,0,0,1000
body_state_setup,graph_wide,1000,999,39,12519,0,0,0
fixture_generation,graph_sparse,1000,999,0,165779,0,0,5000
fixture_generation,graph_sparse,1000,999,1,165612,0,0,5000
fixture_generation,graph_sparse,1000,999,2,165519,0,0,5000
fixture_generation,graph_sparse,1000,999,3,165334,0,0,5000
fixture_generation,graph_sparse,1000,999,4,165482,0,0,5000
fixture_generation,graph_sparse,1000,999,5,165241,0,0,5000
fixture_generation,graph_sparse,1000,999,6,165241,0,0,5000
fixture_generation,graph_sparse,1000,999,7,164797,0,0,5000
fixture_generation,graph_sparse,1000,999,8,165260,0,0,5000
fixture_generation,graph_sparse,1000,999,9,171445,0,0,5000
fixture_generation,graph_sparse,1000,999,10,165556,0,0,5000
fixture_generation,graph_sparse,1000,999,11,165464,0,0,5000
fixture_generation,graph_sparse,1000,999,12,165445,0,0,5000
fixture_generation,graph_sparse,1000,999,13,165575,0,0,5000
fixture_generation,graph_sparse,1000,999,14,165445,0,0,5000
fixture_generation,graph_sparse,1000,999,15,165723,0,0,5000
fixture_generation,graph_sparse,1000,999,16,165334,0,0,5000
fixture_generation,graph_sparse,1000,999,17,165797,0,0,5000
fixture_generation,graph_sparse,1000,999,18,165371,0,0,5000
fixture_generation,graph_sparse,1000,999,19,165371,0,0,5000
plan_build,graph_sparse,1000,999,0,3732570,0,0,12
plan_build,graph_sparse,1000,999,1,3717292,0,0,12
plan_build,graph_sparse,1000,999,2,3708014,0,0,12
plan_build,graph_sparse,1000,999,3,3695126,0,0,12
plan_build,graph_sparse,1000,999,4,3697570,0,0,12
plan_build,graph_sparse,1000,999,5,3692774,0,0,12
plan_build,graph_sparse,1000,999,6,3689292,0,0,12
plan_build,graph_sparse,1000,999,7,3697940,0,0,12
plan_build,graph_sparse,1000,999,8,3701607,0,0,12
plan_build,graph_sparse,1000,999,9,3695125,0,0,12
plan_build,graph_sparse,1000,999,10,3697329,0,0,12
plan_build,graph_sparse,1000,999,11,3705070,0,0,12
plan_build,graph_sparse,1000,999,12,3693533,0,0,12
plan_build,graph_sparse,1000,999,13,3715274,0,0,12
plan_build,graph_sparse,1000,999,14,3693181,0,0,12
plan_build,graph_sparse,1000,999,15,3699681,0,0,12
plan_build,graph_sparse,1000,999,16,3705458,0,0,12
plan_build,graph_sparse,1000,999,17,3701329,0,0,12
plan_build,graph_sparse,1000,999,18,3683440,0,0,12
plan_build,graph_sparse,1000,999,19,3681477,0,0,12
plan_build_alloc,graph_sparse,1000,999,0,0,4041,1049105,12
engine_execution,graph_sparse,1000,999,0,36159712,0,0,697
engine_execution,graph_sparse,1000,999,1,36446344,0,0,696
engine_execution,graph_sparse,1000,999,2,36205694,0,0,699
engine_execution,graph_sparse,1000,999,3,36230232,0,0,698
engine_execution,graph_sparse,1000,999,4,36400510,0,0,701
engine_execution,graph_sparse,1000,999,5,36228083,0,0,700
engine_execution,graph_sparse,1000,999,6,36827790,0,0,703
engine_execution,graph_sparse,1000,999,7,36188176,0,0,702
engine_execution,graph_sparse,1000,999,8,36353991,0,0,689
engine_execution,graph_sparse,1000,999,9,37990646,0,0,688
engine_execution,graph_sparse,1000,999,10,37064568,0,0,691
engine_execution,graph_sparse,1000,999,11,36531010,0,0,690
engine_execution,graph_sparse,1000,999,12,36758030,0,0,693
engine_execution,graph_sparse,1000,999,13,36357621,0,0,692
engine_execution,graph_sparse,1000,999,14,36163953,0,0,695
engine_execution,graph_sparse,1000,999,15,36451195,0,0,694
engine_execution,graph_sparse,1000,999,16,36355121,0,0,681
engine_execution,graph_sparse,1000,999,17,36305028,0,0,680
engine_execution,graph_sparse,1000,999,18,36469584,0,0,683
engine_execution,graph_sparse,1000,999,19,36475307,0,0,682
engine_execution,graph_sparse,1000,999,20,36340566,0,0,685
engine_execution,graph_sparse,1000,999,21,36428010,0,0,684
engine_execution,graph_sparse,1000,999,22,36056583,0,0,687
engine_execution,graph_sparse,1000,999,23,36328436,0,0,686
engine_execution,graph_sparse,1000,999,24,36530289,0,0,673
engine_execution,graph_sparse,1000,999,25,36188138,0,0,672
engine_execution,graph_sparse,1000,999,26,37003031,0,0,675
engine_execution,graph_sparse,1000,999,27,36470325,0,0,674
engine_execution,graph_sparse,1000,999,28,36255250,0,0,677
engine_execution,graph_sparse,1000,999,29,36247417,0,0,676
engine_execution,graph_sparse,1000,999,30,36552825,0,0,679
engine_execution,graph_sparse,1000,999,31,37643830,0,0,678
engine_execution,graph_sparse,1000,999,32,36293214,0,0,665
engine_execution,graph_sparse,1000,999,33,36826345,0,0,664
engine_execution,graph_sparse,1000,999,34,36286713,0,0,667
engine_execution,graph_sparse,1000,999,35,36298713,0,0,666
engine_execution,graph_sparse,1000,999,36,36232491,0,0,669
engine_execution,graph_sparse,1000,999,37,36757771,0,0,668
engine_execution,graph_sparse,1000,999,38,46223233,0,0,671
engine_execution,graph_sparse,1000,999,39,36139009,0,0,670
engine_execution_alloc,graph_sparse,1000,999,0,0,57643,25214541,22755
machine_state_setup,graph_sparse,1000,999,0,1065726,0,0,1000
body_state_setup,graph_sparse,1000,999,0,21186,0,0,0
machine_state_setup,graph_sparse,1000,999,1,923652,0,0,1000
body_state_setup,graph_sparse,1000,999,1,13630,0,0,0
machine_state_setup,graph_sparse,1000,999,2,902318,0,0,1000
body_state_setup,graph_sparse,1000,999,2,12667,0,0,0
machine_state_setup,graph_sparse,1000,999,3,898504,0,0,1000
body_state_setup,graph_sparse,1000,999,3,12278,0,0,0
machine_state_setup,graph_sparse,1000,999,4,900633,0,0,1000
body_state_setup,graph_sparse,1000,999,4,12260,0,0,0
machine_state_setup,graph_sparse,1000,999,5,916985,0,0,1000
body_state_setup,graph_sparse,1000,999,5,14463,0,0,0
machine_state_setup,graph_sparse,1000,999,6,904485,0,0,1000
body_state_setup,graph_sparse,1000,999,6,12241,0,0,0
machine_state_setup,graph_sparse,1000,999,7,900855,0,0,1000
body_state_setup,graph_sparse,1000,999,7,12408,0,0,0
machine_state_setup,graph_sparse,1000,999,8,901355,0,0,1000
body_state_setup,graph_sparse,1000,999,8,12982,0,0,0
machine_state_setup,graph_sparse,1000,999,9,912337,0,0,1000
body_state_setup,graph_sparse,1000,999,9,12889,0,0,0
machine_state_setup,graph_sparse,1000,999,10,904522,0,0,1000
body_state_setup,graph_sparse,1000,999,10,12519,0,0,0
machine_state_setup,graph_sparse,1000,999,11,901745,0,0,1000
body_state_setup,graph_sparse,1000,999,11,12592,0,0,0
machine_state_setup,graph_sparse,1000,999,12,896837,0,0,1000
body_state_setup,graph_sparse,1000,999,12,12278,0,0,0
machine_state_setup,graph_sparse,1000,999,13,903578,0,0,1000
body_state_setup,graph_sparse,1000,999,13,14019,0,0,0
machine_state_setup,graph_sparse,1000,999,14,903448,0,0,1000
body_state_setup,graph_sparse,1000,999,14,11982,0,0,0
machine_state_setup,graph_sparse,1000,999,15,902559,0,0,1000
body_state_setup,graph_sparse,1000,999,15,12370,0,0,0
machine_state_setup,graph_sparse,1000,999,16,895299,0,0,1000
body_state_setup,graph_sparse,1000,999,16,12093,0,0,0
machine_state_setup,graph_sparse,1000,999,17,897967,0,0,1000
body_state_setup,graph_sparse,1000,999,17,11981,0,0,0
machine_state_setup,graph_sparse,1000,999,18,905874,0,0,1000
body_state_setup,graph_sparse,1000,999,18,13185,0,0,0
machine_state_setup,graph_sparse,1000,999,19,900059,0,0,1000
body_state_setup,graph_sparse,1000,999,19,12463,0,0,0
machine_state_setup,graph_sparse,1000,999,20,899651,0,0,1000
body_state_setup,graph_sparse,1000,999,20,12056,0,0,0
machine_state_setup,graph_sparse,1000,999,21,899744,0,0,1000
body_state_setup,graph_sparse,1000,999,21,12667,0,0,0
machine_state_setup,graph_sparse,1000,999,22,904226,0,0,1000
body_state_setup,graph_sparse,1000,999,22,12704,0,0,0
machine_state_setup,graph_sparse,1000,999,23,903707,0,0,1000
body_state_setup,graph_sparse,1000,999,23,12482,0,0,0
machine_state_setup,graph_sparse,1000,999,24,902929,0,0,1000
body_state_setup,graph_sparse,1000,999,24,12389,0,0,0
machine_state_setup,graph_sparse,1000,999,25,898763,0,0,1000
body_state_setup,graph_sparse,1000,999,25,12130,0,0,0
machine_state_setup,graph_sparse,1000,999,26,899411,0,0,1000
body_state_setup,graph_sparse,1000,999,26,12593,0,0,0
machine_state_setup,graph_sparse,1000,999,27,907929,0,0,1000
body_state_setup,graph_sparse,1000,999,27,13259,0,0,0
machine_state_setup,graph_sparse,1000,999,28,902022,0,0,1000
body_state_setup,graph_sparse,1000,999,28,12259,0,0,0
machine_state_setup,graph_sparse,1000,999,29,898633,0,0,1000
body_state_setup,graph_sparse,1000,999,29,12092,0,0,0
machine_state_setup,graph_sparse,1000,999,30,902170,0,0,1000
body_state_setup,graph_sparse,1000,999,30,11907,0,0,0
machine_state_setup,graph_sparse,1000,999,31,904911,0,0,1000
body_state_setup,graph_sparse,1000,999,31,12889,0,0,0
machine_state_setup,graph_sparse,1000,999,32,900615,0,0,1000
body_state_setup,graph_sparse,1000,999,32,12018,0,0,0
machine_state_setup,graph_sparse,1000,999,33,899319,0,0,1000
body_state_setup,graph_sparse,1000,999,33,12074,0,0,0
machine_state_setup,graph_sparse,1000,999,34,897541,0,0,1000
body_state_setup,graph_sparse,1000,999,34,13371,0,0,0
machine_state_setup,graph_sparse,1000,999,35,904966,0,0,1000
body_state_setup,graph_sparse,1000,999,35,13834,0,0,0
machine_state_setup,graph_sparse,1000,999,36,903836,0,0,1000
body_state_setup,graph_sparse,1000,999,36,13315,0,0,0
machine_state_setup,graph_sparse,1000,999,37,900540,0,0,1000
body_state_setup,graph_sparse,1000,999,37,12333,0,0,0
machine_state_setup,graph_sparse,1000,999,38,901689,0,0,1000
body_state_setup,graph_sparse,1000,999,38,12167,0,0,0
machine_state_setup,graph_sparse,1000,999,39,898818,0,0,1000
body_state_setup,graph_sparse,1000,999,39,13389,0,0,0
fixture_generation,tiny_yield_chain,1,0,0,2018,0,0,5
fixture_generation,tiny_yield_chain,1,0,1,370,0,0,5
fixture_generation,tiny_yield_chain,1,0,2,333,0,0,5
fixture_generation,tiny_yield_chain,1,0,3,277,0,0,5
fixture_generation,tiny_yield_chain,1,0,4,445,0,0,5
fixture_generation,tiny_yield_chain,1,0,5,241,0,0,5
fixture_generation,tiny_yield_chain,1,0,6,241,0,0,5
fixture_generation,tiny_yield_chain,1,0,7,222,0,0,5
fixture_generation,tiny_yield_chain,1,0,8,223,0,0,5
fixture_generation,tiny_yield_chain,1,0,9,296,0,0,5
fixture_generation,tiny_yield_chain,1,0,10,870,0,0,5
fixture_generation,tiny_yield_chain,1,0,11,204,0,0,5
fixture_generation,tiny_yield_chain,1,0,12,240,0,0,5
fixture_generation,tiny_yield_chain,1,0,13,204,0,0,5
fixture_generation,tiny_yield_chain,1,0,14,297,0,0,5
fixture_generation,tiny_yield_chain,1,0,15,204,0,0,5
fixture_generation,tiny_yield_chain,1,0,16,204,0,0,5
fixture_generation,tiny_yield_chain,1,0,17,203,0,0,5
fixture_generation,tiny_yield_chain,1,0,18,241,0,0,5
fixture_generation,tiny_yield_chain,1,0,19,296,0,0,5
plan_build,tiny_yield_chain,1,0,0,40037,0,0,11
plan_build,tiny_yield_chain,1,0,1,1426,0,0,11
plan_build,tiny_yield_chain,1,0,2,3130,0,0,11
plan_build,tiny_yield_chain,1,0,3,1186,0,0,11
plan_build,tiny_yield_chain,1,0,4,1056,0,0,11
plan_build,tiny_yield_chain,1,0,5,945,0,0,11
plan_build,tiny_yield_chain,1,0,6,11797,0,0,11
plan_build,tiny_yield_chain,1,0,7,1259,0,0,11
plan_build,tiny_yield_chain,1,0,8,926,0,0,11
plan_build,tiny_yield_chain,1,0,9,1203,0,0,11
plan_build,tiny_yield_chain,1,0,10,981,0,0,11
plan_build,tiny_yield_chain,1,0,11,944,0,0,11
plan_build,tiny_yield_chain,1,0,12,981,0,0,11
plan_build,tiny_yield_chain,1,0,13,907,0,0,11
plan_build,tiny_yield_chain,1,0,14,1148,0,0,11
plan_build,tiny_yield_chain,1,0,15,1222,0,0,11
plan_build,tiny_yield_chain,1,0,16,1944,0,0,11
plan_build,tiny_yield_chain,1,0,17,1315,0,0,11
plan_build,tiny_yield_chain,1,0,18,1371,0,0,11
plan_build,tiny_yield_chain,1,0,19,1222,0,0,11
plan_build_alloc,tiny_yield_chain,1,0,0,0,13,2317,11
engine_execution,tiny_yield_chain,1,0,0,11982,0,0,1
engine_execution,tiny_yield_chain,1,0,1,12574,0,0,0
engine_execution,tiny_yield_chain,1,0,2,12426,0,0,3
engine_execution,tiny_yield_chain,1,0,3,12055,0,0,2
engine_execution,tiny_yield_chain,1,0,4,12149,0,0,5
engine_execution,tiny_yield_chain,1,0,5,12408,0,0,4
engine_execution,tiny_yield_chain,1,0,6,12056,0,0,7
engine_execution,tiny_yield_chain,1,0,7,11907,0,0,6
engine_execution,tiny_yield_chain,1,0,8,12445,0,0,9
engine_execution,tiny_yield_chain,1,0,9,11982,0,0,8
engine_execution,tiny_yield_chain,1,0,10,13408,0,0,11
engine_execution,tiny_yield_chain,1,0,11,12093,0,0,10
engine_execution,tiny_yield_chain,1,0,12,12018,0,0,13
engine_execution,tiny_yield_chain,1,0,13,11945,0,0,12
engine_execution,tiny_yield_chain,1,0,14,12056,0,0,15
engine_execution,tiny_yield_chain,1,0,15,11889,0,0,14
engine_execution,tiny_yield_chain,1,0,16,11981,0,0,17
engine_execution,tiny_yield_chain,1,0,17,12037,0,0,16
engine_execution,tiny_yield_chain,1,0,18,11907,0,0,19
engine_execution,tiny_yield_chain,1,0,19,11907,0,0,18
engine_execution,tiny_yield_chain,1,0,20,12038,0,0,21
engine_execution,tiny_yield_chain,1,0,21,12037,0,0,20
engine_execution,tiny_yield_chain,1,0,22,12000,0,0,23
engine_execution,tiny_yield_chain,1,0,23,12148,0,0,22
engine_execution,tiny_yield_chain,1,0,24,11815,0,0,25
engine_execution,tiny_yield_chain,1,0,25,12000,0,0,24
engine_execution,tiny_yield_chain,1,0,26,12074,0,0,27
engine_execution,tiny_yield_chain,1,0,27,11871,0,0,26
engine_execution,tiny_yield_chain,1,0,28,11908,0,0,29
engine_execution,tiny_yield_chain,1,0,29,11982,0,0,28
engine_execution,tiny_yield_chain,1,0,30,11870,0,0,31
engine_execution,tiny_yield_chain,1,0,31,12018,0,0,30
engine_execution,tiny_yield_chain,1,0,32,12037,0,0,33
engine_execution,tiny_yield_chain,1,0,33,11871,0,0,32
engine_execution,tiny_yield_chain,1,0,34,11963,0,0,35
engine_execution,tiny_yield_chain,1,0,35,12000,0,0,34
engine_execution,tiny_yield_chain,1,0,36,11944,0,0,37
engine_execution,tiny_yield_chain,1,0,37,12000,0,0,36
engine_execution,tiny_yield_chain,1,0,38,11982,0,0,39
engine_execution,tiny_yield_chain,1,0,39,12130,0,0,38
engine_execution_alloc,tiny_yield_chain,1,0,0,0,110,15124,23131
machine_state_setup,tiny_yield_chain,1,0,0,2685,0,0,1
body_state_setup,tiny_yield_chain,1,0,0,556,0,0,0
machine_state_setup,tiny_yield_chain,1,0,1,1260,0,0,1
body_state_setup,tiny_yield_chain,1,0,1,426,0,0,0
machine_state_setup,tiny_yield_chain,1,0,2,1296,0,0,1
body_state_setup,tiny_yield_chain,1,0,2,407,0,0,0
machine_state_setup,tiny_yield_chain,1,0,3,1166,0,0,1
body_state_setup,tiny_yield_chain,1,0,3,426,0,0,0
machine_state_setup,tiny_yield_chain,1,0,4,1130,0,0,1
body_state_setup,tiny_yield_chain,1,0,4,370,0,0,0
machine_state_setup,tiny_yield_chain,1,0,5,1093,0,0,1
body_state_setup,tiny_yield_chain,1,0,5,389,0,0,0
machine_state_setup,tiny_yield_chain,1,0,6,1074,0,0,1
body_state_setup,tiny_yield_chain,1,0,6,371,0,0,0
machine_state_setup,tiny_yield_chain,1,0,7,1074,0,0,1
body_state_setup,tiny_yield_chain,1,0,7,371,0,0,0
machine_state_setup,tiny_yield_chain,1,0,8,1093,0,0,1
body_state_setup,tiny_yield_chain,1,0,8,389,0,0,0
machine_state_setup,tiny_yield_chain,1,0,9,1093,0,0,1
body_state_setup,tiny_yield_chain,1,0,9,407,0,0,0
machine_state_setup,tiny_yield_chain,1,0,10,1185,0,0,1
body_state_setup,tiny_yield_chain,1,0,10,389,0,0,0
machine_state_setup,tiny_yield_chain,1,0,11,1075,0,0,1
body_state_setup,tiny_yield_chain,1,0,11,370,0,0,0
machine_state_setup,tiny_yield_chain,1,0,12,1074,0,0,1
body_state_setup,tiny_yield_chain,1,0,12,370,0,0,0
machine_state_setup,tiny_yield_chain,1,0,13,1130,0,0,1
body_state_setup,tiny_yield_chain,1,0,13,407,0,0,0
machine_state_setup,tiny_yield_chain,1,0,14,1093,0,0,1
body_state_setup,tiny_yield_chain,1,0,14,407,0,0,0
machine_state_setup,tiny_yield_chain,1,0,15,1074,0,0,1
body_state_setup,tiny_yield_chain,1,0,15,371,0,0,0
machine_state_setup,tiny_yield_chain,1,0,16,1093,0,0,1
body_state_setup,tiny_yield_chain,1,0,16,389,0,0,0
machine_state_setup,tiny_yield_chain,1,0,17,1111,0,0,1
body_state_setup,tiny_yield_chain,1,0,17,370,0,0,0
machine_state_setup,tiny_yield_chain,1,0,18,1149,0,0,1
body_state_setup,tiny_yield_chain,1,0,18,371,0,0,0
machine_state_setup,tiny_yield_chain,1,0,19,1092,0,0,1
body_state_setup,tiny_yield_chain,1,0,19,389,0,0,0
machine_state_setup,tiny_yield_chain,1,0,20,1074,0,0,1
body_state_setup,tiny_yield_chain,1,0,20,389,0,0,0
machine_state_setup,tiny_yield_chain,1,0,21,1167,0,0,1
body_state_setup,tiny_yield_chain,1,0,21,408,0,0,0
machine_state_setup,tiny_yield_chain,1,0,22,1167,0,0,1
body_state_setup,tiny_yield_chain,1,0,22,407,0,0,0
machine_state_setup,tiny_yield_chain,1,0,23,1167,0,0,1
body_state_setup,tiny_yield_chain,1,0,23,445,0,0,0
machine_state_setup,tiny_yield_chain,1,0,24,1204,0,0,1
body_state_setup,tiny_yield_chain,1,0,24,389,0,0,0
machine_state_setup,tiny_yield_chain,1,0,25,1093,0,0,1
body_state_setup,tiny_yield_chain,1,0,25,389,0,0,0
machine_state_setup,tiny_yield_chain,1,0,26,1074,0,0,1
body_state_setup,tiny_yield_chain,1,0,26,371,0,0,0
machine_state_setup,tiny_yield_chain,1,0,27,1093,0,0,1
body_state_setup,tiny_yield_chain,1,0,27,371,0,0,0
machine_state_setup,tiny_yield_chain,1,0,28,1075,0,0,1
body_state_setup,tiny_yield_chain,1,0,28,370,0,0,0
machine_state_setup,tiny_yield_chain,1,0,29,1111,0,0,1
body_state_setup,tiny_yield_chain,1,0,29,408,0,0,0
machine_state_setup,tiny_yield_chain,1,0,30,1167,0,0,1
body_state_setup,tiny_yield_chain,1,0,30,407,0,0,0
machine_state_setup,tiny_yield_chain,1,0,31,1075,0,0,1
body_state_setup,tiny_yield_chain,1,0,31,389,0,0,0
machine_state_setup,tiny_yield_chain,1,0,32,1129,0,0,1
body_state_setup,tiny_yield_chain,1,0,32,426,0,0,0
machine_state_setup,tiny_yield_chain,1,0,33,1204,0,0,1
body_state_setup,tiny_yield_chain,1,0,33,389,0,0,0
machine_state_setup,tiny_yield_chain,1,0,34,1093,0,0,1
body_state_setup,tiny_yield_chain,1,0,34,408,0,0,0
machine_state_setup,tiny_yield_chain,1,0,35,1111,0,0,1
body_state_setup,tiny_yield_chain,1,0,35,389,0,0,0
machine_state_setup,tiny_yield_chain,1,0,36,1075,0,0,1
body_state_setup,tiny_yield_chain,1,0,36,371,0,0,0
machine_state_setup,tiny_yield_chain,1,0,37,1074,0,0,1
body_state_setup,tiny_yield_chain,1,0,37,371,0,0,0
machine_state_setup,tiny_yield_chain,1,0,38,1074,0,0,1
body_state_setup,tiny_yield_chain,1,0,38,371,0,0,0
machine_state_setup,tiny_yield_chain,1,0,39,1074,0,0,1
body_state_setup,tiny_yield_chain,1,0,39,389,0,0,0
engine_execution,resource_normal,2,1,0,22870,0,0,0
engine_execution,resource_normal,2,1,1,23537,0,0,3
engine_execution,resource_normal,2,1,2,23333,0,0,2
engine_execution,resource_normal,2,1,3,23334,0,0,5
engine_execution,resource_normal,2,1,4,23352,0,0,4
engine_execution,resource_normal,2,1,5,23204,0,0,7
engine_execution,resource_normal,2,1,6,23612,0,0,6
engine_execution,resource_normal,2,1,7,23019,0,0,9
engine_execution,resource_normal,2,1,8,23037,0,0,8
engine_execution,resource_normal,2,1,9,22944,0,0,11
engine_execution,resource_normal,2,1,10,23241,0,0,10
engine_execution,resource_normal,2,1,11,22982,0,0,13
engine_execution,resource_normal,2,1,12,23407,0,0,12
engine_execution,resource_normal,2,1,13,22944,0,0,15
engine_execution,resource_normal,2,1,14,23444,0,0,14
engine_execution,resource_normal,2,1,15,23055,0,0,17
engine_execution,resource_normal,2,1,16,23297,0,0,16
engine_execution,resource_normal,2,1,17,23037,0,0,19
engine_execution,resource_normal,2,1,18,23018,0,0,18
engine_execution,resource_normal,2,1,19,22907,0,0,21
engine_execution,resource_normal,2,1,20,23074,0,0,20
engine_execution,resource_normal,2,1,21,22796,0,0,23
engine_execution,resource_normal,2,1,22,23000,0,0,22
engine_execution,resource_normal,2,1,23,22963,0,0,25
engine_execution,resource_normal,2,1,24,22945,0,0,24
engine_execution,resource_normal,2,1,25,22871,0,0,27
engine_execution,resource_normal,2,1,26,22926,0,0,26
engine_execution,resource_normal,2,1,27,22889,0,0,29
engine_execution,resource_normal,2,1,28,23000,0,0,28
engine_execution,resource_normal,2,1,29,22815,0,0,31
engine_execution,resource_normal,2,1,30,23074,0,0,30
engine_execution,resource_normal,2,1,31,22963,0,0,33
engine_execution,resource_normal,2,1,32,23333,0,0,32
engine_execution,resource_normal,2,1,33,22907,0,0,35
engine_execution,resource_normal,2,1,34,23222,0,0,34
engine_execution,resource_normal,2,1,35,23482,0,0,37
engine_execution,resource_normal,2,1,36,23074,0,0,36
engine_execution,resource_normal,2,1,37,23056,0,0,39
engine_execution,resource_normal,2,1,38,22926,0,0,38
engine_execution,resource_normal,2,1,39,23000,0,0,41
engine_execution_alloc,resource_normal,2,1,0,0,219,23034,23130
engine_execution,resource_release_failure,2,1,0,24315,0,0,1
engine_execution,resource_release_failure,2,1,1,24445,0,0,2
engine_execution,resource_release_failure,2,1,2,24555,0,0,3
engine_execution,resource_release_failure,2,1,3,24814,0,0,4
engine_execution,resource_release_failure,2,1,4,24740,0,0,5
engine_execution,resource_release_failure,2,1,5,24685,0,0,6
engine_execution,resource_release_failure,2,1,6,24555,0,0,7
engine_execution,resource_release_failure,2,1,7,24704,0,0,8
engine_execution,resource_release_failure,2,1,8,25037,0,0,9
engine_execution,resource_release_failure,2,1,9,24685,0,0,10
engine_execution,resource_release_failure,2,1,10,24574,0,0,11
engine_execution,resource_release_failure,2,1,11,24667,0,0,12
engine_execution,resource_release_failure,2,1,12,24556,0,0,13
engine_execution,resource_release_failure,2,1,13,24796,0,0,14
engine_execution,resource_release_failure,2,1,14,24426,0,0,15
engine_execution,resource_release_failure,2,1,15,24537,0,0,16
engine_execution,resource_release_failure,2,1,16,24723,0,0,17
engine_execution,resource_release_failure,2,1,17,24555,0,0,18
engine_execution,resource_release_failure,2,1,18,24722,0,0,19
engine_execution,resource_release_failure,2,1,19,24612,0,0,20
engine_execution,resource_release_failure,2,1,20,24722,0,0,21
engine_execution,resource_release_failure,2,1,21,24463,0,0,22
engine_execution,resource_release_failure,2,1,22,24648,0,0,23
engine_execution,resource_release_failure,2,1,23,24593,0,0,24
engine_execution,resource_release_failure,2,1,24,24352,0,0,25
engine_execution,resource_release_failure,2,1,25,24537,0,0,26
engine_execution,resource_release_failure,2,1,26,24630,0,0,27
engine_execution,resource_release_failure,2,1,27,24389,0,0,28
engine_execution,resource_release_failure,2,1,28,24556,0,0,29
engine_execution,resource_release_failure,2,1,29,24704,0,0,30
engine_execution,resource_release_failure,2,1,30,24445,0,0,31
engine_execution,resource_release_failure,2,1,31,24463,0,0,32
engine_execution,resource_release_failure,2,1,32,24223,0,0,33
engine_execution,resource_release_failure,2,1,33,24612,0,0,34
engine_execution,resource_release_failure,2,1,34,24556,0,0,35
engine_execution,resource_release_failure,2,1,35,24481,0,0,36
engine_execution,resource_release_failure,2,1,36,24463,0,0,37
engine_execution,resource_release_failure,2,1,37,24426,0,0,38
engine_execution,resource_release_failure,2,1,38,24574,0,0,39
engine_execution,resource_release_failure,2,1,39,24574,0,0,40
engine_execution_alloc,resource_release_failure,2,1,0,0,229,23777,23131
engine_execution,resource_startup_failure,2,1,0,23982,0,0,3
engine_execution,resource_startup_failure,2,1,1,24111,0,0,3
engine_execution,resource_startup_failure,2,1,2,24186,0,0,3
engine_execution,resource_startup_failure,2,1,3,24037,0,0,3
engine_execution,resource_startup_failure,2,1,4,24259,0,0,3
engine_execution,resource_startup_failure,2,1,5,24129,0,0,3
engine_execution,resource_startup_failure,2,1,6,24111,0,0,3
engine_execution,resource_startup_failure,2,1,7,24037,0,0,3
engine_execution,resource_startup_failure,2,1,8,24260,0,0,3
engine_execution,resource_startup_failure,2,1,9,24167,0,0,3
engine_execution,resource_startup_failure,2,1,10,24093,0,0,3
engine_execution,resource_startup_failure,2,1,11,23963,0,0,3
engine_execution,resource_startup_failure,2,1,12,23981,0,0,3
engine_execution,resource_startup_failure,2,1,13,24222,0,0,3
engine_execution,resource_startup_failure,2,1,14,24203,0,0,3
engine_execution,resource_startup_failure,2,1,15,24037,0,0,3
engine_execution,resource_startup_failure,2,1,16,24148,0,0,3
engine_execution,resource_startup_failure,2,1,17,23907,0,0,3
engine_execution,resource_startup_failure,2,1,18,23944,0,0,3
engine_execution,resource_startup_failure,2,1,19,23907,0,0,3
engine_execution,resource_startup_failure,2,1,20,24018,0,0,3
engine_execution,resource_startup_failure,2,1,21,23889,0,0,3
engine_execution,resource_startup_failure,2,1,22,24130,0,0,3
engine_execution,resource_startup_failure,2,1,23,23815,0,0,3
engine_execution,resource_startup_failure,2,1,24,23833,0,0,3
engine_execution,resource_startup_failure,2,1,25,34666,0,0,3
engine_execution,resource_startup_failure,2,1,26,24907,0,0,3
engine_execution,resource_startup_failure,2,1,27,24130,0,0,3
engine_execution,resource_startup_failure,2,1,28,24981,0,0,3
engine_execution,resource_startup_failure,2,1,29,24260,0,0,3
engine_execution,resource_startup_failure,2,1,30,24389,0,0,3
engine_execution,resource_startup_failure,2,1,31,24148,0,0,3
engine_execution,resource_startup_failure,2,1,32,24352,0,0,3
engine_execution,resource_startup_failure,2,1,33,24389,0,0,3
engine_execution,resource_startup_failure,2,1,34,24223,0,0,3
engine_execution,resource_startup_failure,2,1,35,24871,0,0,3
engine_execution,resource_startup_failure,2,1,36,24148,0,0,3
engine_execution,resource_startup_failure,2,1,37,25278,0,0,3
engine_execution,resource_startup_failure,2,1,38,24352,0,0,3
engine_execution,resource_startup_failure,2,1,39,24167,0,0,3
engine_execution_alloc,resource_startup_failure,2,1,0,0,226,24070,3
engine_execution,resource_cleanup_error_upstream,3,1,0,36574,0,0,0
engine_execution,resource_cleanup_error_upstream,3,1,1,36649,0,0,1
engine_execution,resource_cleanup_error_upstream,3,1,2,36241,0,0,2
engine_execution,resource_cleanup_error_upstream,3,1,3,36093,0,0,3
engine_execution,resource_cleanup_error_upstream,3,1,4,36297,0,0,4
engine_execution,resource_cleanup_error_upstream,3,1,5,35982,0,0,5
engine_execution,resource_cleanup_error_upstream,3,1,6,36093,0,0,6
engine_execution,resource_cleanup_error_upstream,3,1,7,36019,0,0,7
engine_execution,resource_cleanup_error_upstream,3,1,8,36111,0,0,8
engine_execution,resource_cleanup_error_upstream,3,1,9,35963,0,0,9
engine_execution,resource_cleanup_error_upstream,3,1,10,36130,0,0,10
engine_execution,resource_cleanup_error_upstream,3,1,11,36000,0,0,11
engine_execution,resource_cleanup_error_upstream,3,1,12,36204,0,0,12
engine_execution,resource_cleanup_error_upstream,3,1,13,36333,0,0,13
engine_execution,resource_cleanup_error_upstream,3,1,14,36129,0,0,14
engine_execution,resource_cleanup_error_upstream,3,1,15,36148,0,0,15
engine_execution,resource_cleanup_error_upstream,3,1,16,36111,0,0,16
engine_execution,resource_cleanup_error_upstream,3,1,17,36148,0,0,17
engine_execution,resource_cleanup_error_upstream,3,1,18,36037,0,0,18
engine_execution,resource_cleanup_error_upstream,3,1,19,35926,0,0,19
engine_execution,resource_cleanup_error_upstream,3,1,20,35963,0,0,20
engine_execution,resource_cleanup_error_upstream,3,1,21,36000,0,0,21
engine_execution,resource_cleanup_error_upstream,3,1,22,35945,0,0,22
engine_execution,resource_cleanup_error_upstream,3,1,23,36463,0,0,23
engine_execution,resource_cleanup_error_upstream,3,1,24,36537,0,0,24
engine_execution,resource_cleanup_error_upstream,3,1,25,36259,0,0,25
engine_execution,resource_cleanup_error_upstream,3,1,26,36333,0,0,26
engine_execution,resource_cleanup_error_upstream,3,1,27,36315,0,0,27
engine_execution,resource_cleanup_error_upstream,3,1,28,36259,0,0,28
engine_execution,resource_cleanup_error_upstream,3,1,29,35945,0,0,29
engine_execution,resource_cleanup_error_upstream,3,1,30,37019,0,0,30
engine_execution,resource_cleanup_error_upstream,3,1,31,36149,0,0,31
engine_execution,resource_cleanup_error_upstream,3,1,32,36223,0,0,32
engine_execution,resource_cleanup_error_upstream,3,1,33,36259,0,0,33
engine_execution,resource_cleanup_error_upstream,3,1,34,36444,0,0,34
engine_execution,resource_cleanup_error_upstream,3,1,35,36111,0,0,35
engine_execution,resource_cleanup_error_upstream,3,1,36,36333,0,0,36
engine_execution,resource_cleanup_error_upstream,3,1,37,36444,0,0,37
engine_execution,resource_cleanup_error_upstream,3,1,38,36167,0,0,38
engine_execution,resource_cleanup_error_upstream,3,1,39,36203,0,0,39
engine_execution_alloc,resource_cleanup_error_upstream,3,1,0,0,337,30082,23130
engine_execution,resource_cancel_after_acquire,1,0,0,28629,0,0,3
engine_execution,resource_cancel_after_acquire,1,0,1,21130,0,0,3
engine_execution,resource_cancel_after_acquire,1,0,2,19834,0,0,3
engine_execution,resource_cancel_after_acquire,1,0,3,19315,0,0,3
engine_execution,resource_cancel_after_acquire,1,0,4,18963,0,0,3
engine_execution,resource_cancel_after_acquire,1,0,5,18889,0,0,3
engine_execution,resource_cancel_after_acquire,1,0,6,18759,0,0,3
engine_execution,resource_cancel_after_acquire,1,0,7,18908,0,0,3
engine_execution,resource_cancel_after_acquire,1,0,8,18722,0,0,3
engine_execution,resource_cancel_after_acquire,1,0,9,18797,0,0,3
engine_execution,resource_cancel_after_acquire,1,0,10,18648,0,0,3
engine_execution,resource_cancel_after_acquire,1,0,11,18555,0,0,3
engine_execution,resource_cancel_after_acquire,1,0,12,18500,0,0,3
engine_execution,resource_cancel_after_acquire,1,0,13,18389,0,0,3
engine_execution,resource_cancel_after_acquire,1,0,14,18518,0,0,3
engine_execution,resource_cancel_after_acquire,1,0,15,18556,0,0,3
engine_execution,resource_cancel_after_acquire,1,0,16,18426,0,0,3
engine_execution,resource_cancel_after_acquire,1,0,17,19055,0,0,3
engine_execution,resource_cancel_after_acquire,1,0,18,18611,0,0,3
engine_execution,resource_cancel_after_acquire,1,0,19,18592,0,0,3
engine_execution,resource_cancel_after_acquire,1,0,20,18444,0,0,3
engine_execution,resource_cancel_after_acquire,1,0,21,18574,0,0,3
engine_execution,resource_cancel_after_acquire,1,0,22,18371,0,0,3
engine_execution,resource_cancel_after_acquire,1,0,23,18611,0,0,3
engine_execution,resource_cancel_after_acquire,1,0,24,18834,0,0,3
engine_execution,resource_cancel_after_acquire,1,0,25,18815,0,0,3
engine_execution,resource_cancel_after_acquire,1,0,26,18685,0,0,3
engine_execution,resource_cancel_after_acquire,1,0,27,18574,0,0,3
engine_execution,resource_cancel_after_acquire,1,0,28,18630,0,0,3
engine_execution,resource_cancel_after_acquire,1,0,29,18426,0,0,3
engine_execution,resource_cancel_after_acquire,1,0,30,18278,0,0,3
engine_execution,resource_cancel_after_acquire,1,0,31,18241,0,0,3
engine_execution,resource_cancel_after_acquire,1,0,32,18222,0,0,3
engine_execution,resource_cancel_after_acquire,1,0,33,18408,0,0,3
engine_execution,resource_cancel_after_acquire,1,0,34,18296,0,0,3
engine_execution,resource_cancel_after_acquire,1,0,35,18537,0,0,3
engine_execution,resource_cancel_after_acquire,1,0,36,18315,0,0,3
engine_execution,resource_cancel_after_acquire,1,0,37,18167,0,0,3
engine_execution,resource_cancel_after_acquire,1,0,38,18222,0,0,3
engine_execution,resource_cancel_after_acquire,1,0,39,18278,0,0,3
engine_execution,effect_known_receipt,1,0,0,16611,0,0,1
engine_execution,effect_known_receipt,1,0,1,16964,0,0,0
engine_execution,effect_known_receipt,1,0,2,17037,0,0,3
engine_execution,effect_known_receipt,1,0,3,16833,0,0,2
engine_execution,effect_known_receipt,1,0,4,16871,0,0,5
engine_execution,effect_known_receipt,1,0,5,16926,0,0,4
engine_execution,effect_known_receipt,1,0,6,17074,0,0,7
engine_execution,effect_known_receipt,1,0,7,17056,0,0,6
engine_execution,effect_known_receipt,1,0,8,17000,0,0,9
engine_execution,effect_known_receipt,1,0,9,16870,0,0,8
engine_execution,effect_known_receipt,1,0,10,16741,0,0,11
engine_execution,effect_known_receipt,1,0,11,16648,0,0,10
engine_execution,effect_known_receipt,1,0,12,16833,0,0,13
engine_execution,effect_known_receipt,1,0,13,16741,0,0,12
engine_execution,effect_known_receipt,1,0,14,16667,0,0,15
engine_execution,effect_known_receipt,1,0,15,16685,0,0,14
engine_execution,effect_known_receipt,1,0,16,16852,0,0,17
engine_execution,effect_known_receipt,1,0,17,16723,0,0,16
engine_execution,effect_known_receipt,1,0,18,16685,0,0,19
engine_execution,effect_known_receipt,1,0,19,16740,0,0,18
engine_execution,effect_known_receipt,1,0,20,17075,0,0,21
engine_execution,effect_known_receipt,1,0,21,16796,0,0,20
engine_execution,effect_known_receipt,1,0,22,17074,0,0,23
engine_execution,effect_known_receipt,1,0,23,16518,0,0,22
engine_execution,effect_known_receipt,1,0,24,16519,0,0,25
engine_execution,effect_known_receipt,1,0,25,16778,0,0,24
engine_execution,effect_known_receipt,1,0,26,16426,0,0,27
engine_execution,effect_known_receipt,1,0,27,16611,0,0,26
engine_execution,effect_known_receipt,1,0,28,16796,0,0,29
engine_execution,effect_known_receipt,1,0,29,16852,0,0,28
engine_execution,effect_known_receipt,1,0,30,16574,0,0,31
engine_execution,effect_known_receipt,1,0,31,16889,0,0,30
engine_execution,effect_known_receipt,1,0,32,17352,0,0,33
engine_execution,effect_known_receipt,1,0,33,16815,0,0,32
engine_execution,effect_known_receipt,1,0,34,17019,0,0,35
engine_execution,effect_known_receipt,1,0,35,16575,0,0,34
engine_execution,effect_known_receipt,1,0,36,16981,0,0,37
engine_execution,effect_known_receipt,1,0,37,16944,0,0,36
engine_execution,effect_known_receipt,1,0,38,16871,0,0,39
engine_execution,effect_known_receipt,1,0,39,16926,0,0,38
engine_execution_alloc,effect_known_receipt,1,0,0,0,160,18469,23131
engine_execution,retry_one_failure,1,0,0,17519,0,0,1
engine_execution,retry_one_failure,1,0,1,17407,0,0,0
engine_execution,retry_one_failure,1,0,2,21981,0,0,3
engine_execution,retry_one_failure,1,0,3,17722,0,0,2
engine_execution,retry_one_failure,1,0,4,17407,0,0,5
engine_execution,retry_one_failure,1,0,5,18130,0,0,4
engine_execution,retry_one_failure,1,0,6,17759,0,0,7
engine_execution,retry_one_failure,1,0,7,17777,0,0,6
engine_execution,retry_one_failure,1,0,8,17593,0,0,9
engine_execution,retry_one_failure,1,0,9,17555,0,0,8
engine_execution,retry_one_failure,1,0,10,17500,0,0,11
engine_execution,retry_one_failure,1,0,11,17759,0,0,10
engine_execution,retry_one_failure,1,0,12,18519,0,0,13
engine_execution,retry_one_failure,1,0,13,17963,0,0,12
engine_execution,retry_one_failure,1,0,14,17926,0,0,15
engine_execution,retry_one_failure,1,0,15,17629,0,0,14
engine_execution,retry_one_failure,1,0,16,18093,0,0,17
engine_execution,retry_one_failure,1,0,17,17666,0,0,16
engine_execution,retry_one_failure,1,0,18,17463,0,0,19
engine_execution,retry_one_failure,1,0,19,17556,0,0,18
engine_execution,retry_one_failure,1,0,20,17760,0,0,21
engine_execution,retry_one_failure,1,0,21,18111,0,0,20
engine_execution,retry_one_failure,1,0,22,17518,0,0,23
engine_execution,retry_one_failure,1,0,23,17778,0,0,22
engine_execution,retry_one_failure,1,0,24,17796,0,0,25
engine_execution,retry_one_failure,1,0,25,17667,0,0,24
engine_execution,retry_one_failure,1,0,26,17389,0,0,27
engine_execution,retry_one_failure,1,0,27,17537,0,0,26
engine_execution,retry_one_failure,1,0,28,17704,0,0,29
engine_execution,retry_one_failure,1,0,29,17500,0,0,28
engine_execution,retry_one_failure,1,0,30,17278,0,0,31
engine_execution,retry_one_failure,1,0,31,17481,0,0,30
engine_execution,retry_one_failure,1,0,32,17500,0,0,33
engine_execution,retry_one_failure,1,0,33,17463,0,0,32
engine_execution,retry_one_failure,1,0,34,17723,0,0,35
engine_execution,retry_one_failure,1,0,35,17649,0,0,34
engine_execution,retry_one_failure,1,0,36,17445,0,0,37
engine_execution,retry_one_failure,1,0,37,17370,0,0,36
engine_execution,retry_one_failure,1,0,38,17500,0,0,39
engine_execution,retry_one_failure,1,0,39,17704,0,0,38
engine_execution_alloc,retry_one_failure,1,0,0,0,165,18832,23131
engine_execution,component_flat,10,9,0,71334,0,0,0
engine_execution,component_flat,10,9,1,70500,0,0,1
engine_execution,component_flat,10,9,2,69982,0,0,2
engine_execution,component_flat,10,9,3,70686,0,0,3
engine_execution,component_flat,10,9,4,71056,0,0,4
engine_execution,component_flat,10,9,5,70501,0,0,5
engine_execution,component_flat,10,9,6,70149,0,0,6
engine_execution,component_flat,10,9,7,70815,0,0,7
engine_execution,component_flat,10,9,8,71241,0,0,8
engine_execution,component_flat,10,9,9,71093,0,0,9
engine_execution,component_flat,10,9,10,71574,0,0,10
engine_execution,component_flat,10,9,11,70389,0,0,11
engine_execution,component_flat,10,9,12,69852,0,0,12
engine_execution,component_flat,10,9,13,70667,0,0,13
engine_execution,component_flat,10,9,14,70852,0,0,14
engine_execution,component_flat,10,9,15,71093,0,0,15
engine_execution,component_flat,10,9,16,70667,0,0,16
engine_execution,component_flat,10,9,17,70074,0,0,17
engine_execution,component_flat,10,9,18,70704,0,0,18
engine_execution,component_flat,10,9,19,70944,0,0,19
engine_execution,component_flat,10,9,20,70130,0,0,20
engine_execution,component_flat,10,9,21,69889,0,0,21
engine_execution,component_flat,10,9,22,70445,0,0,22
engine_execution,component_flat,10,9,23,69908,0,0,23
engine_execution,component_flat,10,9,24,69889,0,0,24
engine_execution,component_flat,10,9,25,69797,0,0,25
engine_execution,component_flat,10,9,26,69908,0,0,26
engine_execution,component_flat,10,9,27,70686,0,0,27
engine_execution,component_flat,10,9,28,70630,0,0,28
engine_execution,component_flat,10,9,29,70518,0,0,29
engine_execution,component_flat,10,9,30,70148,0,0,30
engine_execution,component_flat,10,9,31,70741,0,0,31
engine_execution,component_flat,10,9,32,69870,0,0,32
engine_execution,component_flat,10,9,33,70037,0,0,33
engine_execution,component_flat,10,9,34,71055,0,0,34
engine_execution,component_flat,10,9,35,70222,0,0,35
engine_execution,component_flat,10,9,36,71000,0,0,36
engine_execution,component_flat,10,9,37,70759,0,0,37
engine_execution,component_flat,10,9,38,77481,0,0,38
engine_execution,component_flat,10,9,39,71519,0,0,39
engine_execution_alloc,component_flat,10,9,0,0,654,66005,23130
engine_execution,component_nested,13,12,0,103649,0,0,0
engine_execution,component_nested,13,12,1,104167,0,0,1
engine_execution,component_nested,13,12,2,102537,0,0,2
engine_execution,component_nested,13,12,3,103112,0,0,3
engine_execution,component_nested,13,12,4,102908,0,0,4
engine_execution,component_nested,13,12,5,102981,0,0,5
engine_execution,component_nested,13,12,6,103463,0,0,6
engine_execution,component_nested,13,12,7,102723,0,0,7
engine_execution,component_nested,13,12,8,102833,0,0,8
engine_execution,component_nested,13,12,9,103464,0,0,9
engine_execution,component_nested,13,12,10,102593,0,0,10
engine_execution,component_nested,13,12,11,102778,0,0,11
engine_execution,component_nested,13,12,12,102482,0,0,12
engine_execution,component_nested,13,12,13,102963,0,0,13
engine_execution,component_nested,13,12,14,102704,0,0,14
engine_execution,component_nested,13,12,15,102630,0,0,15
engine_execution,component_nested,13,12,16,101908,0,0,16
engine_execution,component_nested,13,12,17,102833,0,0,17
engine_execution,component_nested,13,12,18,102538,0,0,18
engine_execution,component_nested,13,12,19,101834,0,0,19
engine_execution,component_nested,13,12,20,102075,0,0,20
engine_execution,component_nested,13,12,21,103000,0,0,21
engine_execution,component_nested,13,12,22,102390,0,0,22
engine_execution,component_nested,13,12,23,102296,0,0,23
engine_execution,component_nested,13,12,24,102000,0,0,24
engine_execution,component_nested,13,12,25,101964,0,0,25
engine_execution,component_nested,13,12,26,101963,0,0,26
engine_execution,component_nested,13,12,27,102019,0,0,27
engine_execution,component_nested,13,12,28,107482,0,0,28
engine_execution,component_nested,13,12,29,102223,0,0,29
engine_execution,component_nested,13,12,30,102408,0,0,30
engine_execution,component_nested,13,12,31,102111,0,0,31
engine_execution,component_nested,13,12,32,101833,0,0,32
engine_execution,component_nested,13,12,33,102389,0,0,33
engine_execution,component_nested,13,12,34,101185,0,0,34
engine_execution,component_nested,13,12,35,101093,0,0,35
engine_execution,component_nested,13,12,36,101611,0,0,36
engine_execution,component_nested,13,12,37,102223,0,0,37
engine_execution,component_nested,13,12,38,101704,0,0,38
engine_execution,component_nested,13,12,39,101389,0,0,39
engine_execution_alloc,component_nested,13,12,0,0,983,82339,23130
engine_execution,component_flat,100,99,0,911262,0,0,1
engine_execution,component_flat,100,99,1,910948,0,0,0
engine_execution,component_flat,100,99,2,910597,0,0,3
engine_execution,component_flat,100,99,3,920688,0,0,2
engine_execution,component_flat,100,99,4,908929,0,0,5
engine_execution,component_flat,100,99,5,909411,0,0,4
engine_execution,component_flat,100,99,6,909670,0,0,7
engine_execution,component_flat,100,99,7,914355,0,0,6
engine_execution,component_flat,100,99,8,915967,0,0,9
engine_execution,component_flat,100,99,9,909559,0,0,8
engine_execution,component_flat,100,99,10,911134,0,0,11
engine_execution,component_flat,100,99,11,909652,0,0,10
engine_execution,component_flat,100,99,12,959856,0,0,13
engine_execution,component_flat,100,99,13,911577,0,0,12
engine_execution,component_flat,100,99,14,911503,0,0,15
engine_execution,component_flat,100,99,15,905726,0,0,14
engine_execution,component_flat,100,99,16,920337,0,0,17
engine_execution,component_flat,100,99,17,910152,0,0,16
engine_execution,component_flat,100,99,18,909930,0,0,19
engine_execution,component_flat,100,99,19,906319,0,0,18
engine_execution,component_flat,100,99,20,908985,0,0,21
engine_execution,component_flat,100,99,21,916096,0,0,20
engine_execution,component_flat,100,99,22,908225,0,0,23
engine_execution,component_flat,100,99,23,906392,0,0,22
engine_execution,component_flat,100,99,24,909263,0,0,25
engine_execution,component_flat,100,99,25,913337,0,0,24
engine_execution,component_flat,100,99,26,904540,0,0,27
engine_execution,component_flat,100,99,27,907633,0,0,26
engine_execution,component_flat,100,99,28,908782,0,0,29
engine_execution,component_flat,100,99,29,913393,0,0,28
engine_execution,component_flat,100,99,30,909893,0,0,31
engine_execution,component_flat,100,99,31,906004,0,0,30
engine_execution,component_flat,100,99,32,909356,0,0,33
engine_execution,component_flat,100,99,33,905078,0,0,32
engine_execution,component_flat,100,99,34,912448,0,0,35
engine_execution,component_flat,100,99,35,910503,0,0,34
engine_execution,component_flat,100,99,36,905448,0,0,37
engine_execution,component_flat,100,99,37,907800,0,0,36
engine_execution,component_flat,100,99,38,914448,0,0,39
engine_execution,component_flat,100,99,39,910134,0,0,38
engine_execution_alloc,component_flat,100,99,0,0,5983,769127,23131
engine_execution,component_nested,103,102,0,1029670,0,0,1
engine_execution,component_nested,103,102,1,1035467,0,0,0
engine_execution,component_nested,103,102,2,1029411,0,0,3
engine_execution,component_nested,103,102,3,1026412,0,0,2
engine_execution,component_nested,103,102,4,1025004,0,0,5
engine_execution,component_nested,103,102,5,1035060,0,0,4
engine_execution,component_nested,103,102,6,1026522,0,0,7
engine_execution,component_nested,103,102,7,1025949,0,0,6
engine_execution,component_nested,103,102,8,1025726,0,0,9
engine_execution,component_nested,103,102,9,1031078,0,0,8
engine_execution,component_nested,103,102,10,1028078,0,0,11
engine_execution,component_nested,103,102,11,1025207,0,0,10
engine_execution,component_nested,103,102,12,1025022,0,0,13
engine_execution,component_nested,103,102,13,1030929,0,0,12
engine_execution,component_nested,103,102,14,1026300,0,0,15
engine_execution,component_nested,103,102,15,1022671,0,0,14
engine_execution,component_nested,103,102,16,1030300,0,0,17
engine_execution,component_nested,103,102,17,1027300,0,0,16
engine_execution,component_nested,103,102,18,1024133,0,0,19
engine_execution,component_nested,103,102,19,1025856,0,0,18
engine_execution,component_nested,103,102,20,1029338,0,0,21
engine_execution,component_nested,103,102,21,1026226,0,0,20
engine_execution,component_nested,103,102,22,1025615,0,0,23
engine_execution,component_nested,103,102,23,1023559,0,0,22
engine_execution,component_nested,103,102,24,1031689,0,0,25
engine_execution,component_nested,103,102,25,1025837,0,0,24
engine_execution,component_nested,103,102,26,1023596,0,0,27
engine_execution,component_nested,103,102,27,1022689,0,0,26
engine_execution,component_nested,103,102,28,1029801,0,0,29
engine_execution,component_nested,103,102,29,1026967,0,0,28
engine_execution,component_nested,103,102,30,1021374,0,0,31
engine_execution,component_nested,103,102,31,1027337,0,0,30
engine_execution,component_nested,103,102,32,1030837,0,0,33
engine_execution,component_nested,103,102,33,1022189,0,0,32
engine_execution,component_nested,103,102,34,1024190,0,0,35
engine_execution,component_nested,103,102,35,1023986,0,0,34
engine_execution,component_nested,103,102,36,1030170,0,0,37
engine_execution,component_nested,103,102,37,1024375,0,0,36
engine_execution,component_nested,103,102,38,1022967,0,0,39
engine_execution,component_nested,103,102,39,1024152,0,0,38
engine_execution_alloc,component_nested,103,102,0,0,7482,838381,23131
engine_execution,resident_ready_shutdown,1,0,0,16778,0,0,1
engine_execution,resident_ready_shutdown,1,0,1,16963,0,0,1
engine_execution,resident_ready_shutdown,1,0,2,17055,0,0,1
engine_execution,resident_ready_shutdown,1,0,3,17204,0,0,1
engine_execution,resident_ready_shutdown,1,0,4,17278,0,0,1
engine_execution,resident_ready_shutdown,1,0,5,17315,0,0,1
engine_execution,resident_ready_shutdown,1,0,6,17037,0,0,1
engine_execution,resident_ready_shutdown,1,0,7,17241,0,0,1
engine_execution,resident_ready_shutdown,1,0,8,17629,0,0,1
engine_execution,resident_ready_shutdown,1,0,9,17556,0,0,1
engine_execution,resident_ready_shutdown,1,0,10,18574,0,0,1
engine_execution,resident_ready_shutdown,1,0,11,17685,0,0,1
engine_execution,resident_ready_shutdown,1,0,12,17481,0,0,1
engine_execution,resident_ready_shutdown,1,0,13,17907,0,0,1
engine_execution,resident_ready_shutdown,1,0,14,17500,0,0,1
engine_execution,resident_ready_shutdown,1,0,15,17907,0,0,1
engine_execution,resident_ready_shutdown,1,0,16,17407,0,0,1
engine_execution,resident_ready_shutdown,1,0,17,17426,0,0,1
engine_execution,resident_ready_shutdown,1,0,18,17370,0,0,1
engine_execution,resident_ready_shutdown,1,0,19,17482,0,0,1
engine_execution,resident_ready_shutdown,1,0,20,17444,0,0,1
engine_execution,resident_ready_shutdown,1,0,21,17482,0,0,1
engine_execution,resident_ready_shutdown,1,0,22,17500,0,0,1
engine_execution,resident_ready_shutdown,1,0,23,17408,0,0,1
engine_execution,resident_ready_shutdown,1,0,24,18166,0,0,1
engine_execution,resident_ready_shutdown,1,0,25,17556,0,0,1
engine_execution,resident_ready_shutdown,1,0,26,17500,0,0,1
engine_execution,resident_ready_shutdown,1,0,27,17297,0,0,1
engine_execution,resident_ready_shutdown,1,0,28,17463,0,0,1
engine_execution,resident_ready_shutdown,1,0,29,17444,0,0,1
engine_execution,resident_ready_shutdown,1,0,30,17241,0,0,1
engine_execution,resident_ready_shutdown,1,0,31,17371,0,0,1
engine_execution,resident_ready_shutdown,1,0,32,17352,0,0,1
engine_execution,resident_ready_shutdown,1,0,33,17129,0,0,1
engine_execution,resident_ready_shutdown,1,0,34,17148,0,0,1
engine_execution,resident_ready_shutdown,1,0,35,17296,0,0,1
engine_execution,resident_ready_shutdown,1,0,36,17074,0,0,1
engine_execution,resident_ready_shutdown,1,0,37,17241,0,0,1
engine_execution,resident_ready_shutdown,1,0,38,17259,0,0,1
engine_execution,resident_ready_shutdown,1,0,39,17111,0,0,1
engine_execution,dynamic_live_instances_1,3,2,0,64334,0,0,0
engine_execution,dynamic_live_instances_1,3,2,1,63649,0,0,0
engine_execution,dynamic_live_instances_1,3,2,2,64278,0,0,0
engine_execution,dynamic_live_instances_1,3,2,3,63797,0,0,0
engine_execution,dynamic_live_instances_1,3,2,4,63279,0,0,0
engine_execution,dynamic_live_instances_1,3,2,5,63426,0,0,0
engine_execution,dynamic_live_instances_1,3,2,6,63519,0,0,0
engine_execution,dynamic_live_instances_1,3,2,7,63593,0,0,0
engine_execution,dynamic_live_instances_1,3,2,8,64037,0,0,0
engine_execution,dynamic_live_instances_1,3,2,9,63945,0,0,0
engine_execution,dynamic_live_instances_1,3,2,10,62759,0,0,0
engine_execution,dynamic_live_instances_1,3,2,11,63315,0,0,0
engine_execution,dynamic_live_instances_1,3,2,12,63278,0,0,0
engine_execution,dynamic_live_instances_1,3,2,13,63130,0,0,0
engine_execution,dynamic_live_instances_1,3,2,14,63130,0,0,0
engine_execution,dynamic_live_instances_1,3,2,15,63889,0,0,0
engine_execution,dynamic_live_instances_1,3,2,16,63166,0,0,0
engine_execution,dynamic_live_instances_1,3,2,17,63482,0,0,0
engine_execution,dynamic_live_instances_1,3,2,18,62907,0,0,0
engine_execution,dynamic_live_instances_1,3,2,19,63278,0,0,0
engine_execution,dynamic_live_instances_1,3,2,20,63223,0,0,0
engine_execution,dynamic_live_instances_1,3,2,21,63241,0,0,0
engine_execution,dynamic_live_instances_1,3,2,22,63000,0,0,0
engine_execution,dynamic_live_instances_1,3,2,23,63760,0,0,0
engine_execution,dynamic_live_instances_1,3,2,24,63148,0,0,0
engine_execution,dynamic_live_instances_1,3,2,25,62870,0,0,0
engine_execution,dynamic_live_instances_1,3,2,26,63259,0,0,0
engine_execution,dynamic_live_instances_1,3,2,27,70167,0,0,0
engine_execution,dynamic_live_instances_1,3,2,28,64815,0,0,0
engine_execution,dynamic_live_instances_1,3,2,29,63334,0,0,0
engine_execution,dynamic_live_instances_1,3,2,30,63426,0,0,0
engine_execution,dynamic_live_instances_1,3,2,31,63593,0,0,0
engine_execution,dynamic_live_instances_1,3,2,32,63167,0,0,0
engine_execution,dynamic_live_instances_1,3,2,33,62741,0,0,0
engine_execution,dynamic_live_instances_1,3,2,34,62815,0,0,0
engine_execution,dynamic_live_instances_1,3,2,35,62741,0,0,0
engine_execution,dynamic_live_instances_1,3,2,36,62927,0,0,0
engine_execution,dynamic_live_instances_1,3,2,37,63167,0,0,0
engine_execution,dynamic_live_instances_1,3,2,38,63296,0,0,0
engine_execution,dynamic_live_instances_1,3,2,39,63500,0,0,0
engine_execution_alloc,dynamic_live_instances_1,3,2,1,0,604,56053,0
engine_execution,dynamic_live_instances_10,3,2,0,489650,0,0,11
engine_execution,dynamic_live_instances_10,3,2,1,490243,0,0,11
engine_execution,dynamic_live_instances_10,3,2,2,489168,0,0,11
engine_execution,dynamic_live_instances_10,3,2,3,491742,0,0,11
engine_execution,dynamic_live_instances_10,3,2,4,489594,0,0,11
engine_execution,dynamic_live_instances_10,3,2,5,490632,0,0,11
engine_execution,dynamic_live_instances_10,3,2,6,503261,0,0,11
engine_execution,dynamic_live_instances_10,3,2,7,490095,0,0,11
engine_execution,dynamic_live_instances_10,3,2,8,491835,0,0,11
engine_execution,dynamic_live_instances_10,3,2,9,492650,0,0,11
engine_execution,dynamic_live_instances_10,3,2,10,491280,0,0,11
engine_execution,dynamic_live_instances_10,3,2,11,488816,0,0,11
engine_execution,dynamic_live_instances_10,3,2,12,488965,0,0,11
engine_execution,dynamic_live_instances_10,3,2,13,489872,0,0,11
engine_execution,dynamic_live_instances_10,3,2,14,497909,0,0,11
engine_execution,dynamic_live_instances_10,3,2,15,490039,0,0,11
engine_execution,dynamic_live_instances_10,3,2,16,487076,0,0,11
engine_execution,dynamic_live_instances_10,3,2,17,490002,0,0,11
engine_execution,dynamic_live_instances_10,3,2,18,490021,0,0,11
engine_execution,dynamic_live_instances_10,3,2,19,490724,0,0,11
engine_execution,dynamic_live_instances_10,3,2,20,488910,0,0,11
engine_execution,dynamic_live_instances_10,3,2,21,489854,0,0,11
engine_execution,dynamic_live_instances_10,3,2,22,495150,0,0,11
engine_execution,dynamic_live_instances_10,3,2,23,490909,0,0,11
engine_execution,dynamic_live_instances_10,3,2,24,490946,0,0,11
engine_execution,dynamic_live_instances_10,3,2,25,490946,0,0,11
engine_execution,dynamic_live_instances_10,3,2,26,488854,0,0,11
engine_execution,dynamic_live_instances_10,3,2,27,492576,0,0,11
engine_execution,dynamic_live_instances_10,3,2,28,489687,0,0,11
engine_execution,dynamic_live_instances_10,3,2,29,489706,0,0,11
engine_execution,dynamic_live_instances_10,3,2,30,493187,0,0,11
engine_execution,dynamic_live_instances_10,3,2,31,490483,0,0,11
engine_execution,dynamic_live_instances_10,3,2,32,489372,0,0,11
engine_execution,dynamic_live_instances_10,3,2,33,488428,0,0,11
engine_execution,dynamic_live_instances_10,3,2,34,487743,0,0,11
engine_execution,dynamic_live_instances_10,3,2,35,490150,0,0,11
engine_execution,dynamic_live_instances_10,3,2,36,489224,0,0,11
engine_execution,dynamic_live_instances_10,3,2,37,488891,0,0,11
engine_execution,dynamic_live_instances_10,3,2,38,490946,0,0,11
engine_execution,dynamic_live_instances_10,3,2,39,494779,0,0,11
engine_execution_alloc,dynamic_live_instances_10,3,2,10,0,4361,400240,11
engine_execution,dynamic_live_instances_100,3,2,0,10704115,0,0,101
engine_execution,dynamic_live_instances_100,3,2,1,10696319,0,0,101
engine_execution,dynamic_live_instances_100,3,2,2,10701930,0,0,101
engine_execution,dynamic_live_instances_100,3,2,3,10729615,0,0,101
engine_execution,dynamic_live_instances_100,3,2,4,10744652,0,0,101
engine_execution,dynamic_live_instances_100,3,2,5,10741745,0,0,101
engine_execution,dynamic_live_instances_100,3,2,6,10695207,0,0,101
engine_execution,dynamic_live_instances_100,3,2,7,10715448,0,0,101
engine_execution,dynamic_live_instances_100,3,2,8,10929394,0,0,101
engine_execution,dynamic_live_instances_100,3,2,9,10702689,0,0,101
engine_execution,dynamic_live_instances_100,3,2,10,10703448,0,0,101
engine_execution,dynamic_live_instances_100,3,2,11,10684652,0,0,101
engine_execution,dynamic_live_instances_100,3,2,12,10692985,0,0,101
engine_execution,dynamic_live_instances_100,3,2,13,10700782,0,0,101
engine_execution,dynamic_live_instances_100,3,2,14,10681022,0,0,101
engine_execution,dynamic_live_instances_100,3,2,15,10740671,0,0,101
engine_execution,dynamic_live_instances_100,3,2,16,10704597,0,0,101
engine_execution,dynamic_live_instances_100,3,2,17,10681541,0,0,101
engine_execution,dynamic_live_instances_100,3,2,18,10718189,0,0,101
engine_execution,dynamic_live_instances_100,3,2,19,10844838,0,0,101
engine_execution,dynamic_live_instances_100,3,2,20,10735393,0,0,101
engine_execution,dynamic_live_instances_100,3,2,21,10739227,0,0,101
engine_execution,dynamic_live_instances_100,3,2,22,10720208,0,0,101
engine_execution,dynamic_live_instances_100,3,2,23,10693078,0,0,101
engine_execution,dynamic_live_instances_100,3,2,24,10709800,0,0,101
engine_execution,dynamic_live_instances_100,3,2,25,10717023,0,0,101
engine_execution,dynamic_live_instances_100,3,2,26,10969320,0,0,101
engine_execution,dynamic_live_instances_100,3,2,27,10721838,0,0,101
engine_execution,dynamic_live_instances_100,3,2,28,10721171,0,0,101
engine_execution,dynamic_live_instances_100,3,2,29,10722226,0,0,101
engine_execution,dynamic_live_instances_100,3,2,30,10709652,0,0,101
engine_execution,dynamic_live_instances_100,3,2,31,10708652,0,0,101
engine_execution,dynamic_live_instances_100,3,2,32,10783023,0,0,101
engine_execution,dynamic_live_instances_100,3,2,33,10802022,0,0,101
engine_execution,dynamic_live_instances_100,3,2,34,10714152,0,0,101
engine_execution,dynamic_live_instances_100,3,2,35,10696392,0,0,101
engine_execution,dynamic_live_instances_100,3,2,36,10741412,0,0,101
engine_execution,dynamic_live_instances_100,3,2,37,10830838,0,0,101
engine_execution,dynamic_live_instances_100,3,2,38,10743412,0,0,101
engine_execution,dynamic_live_instances_100,3,2,39,10713616,0,0,101
engine_execution_alloc,dynamic_live_instances_100,3,2,100,0,68512,6238430,101
engine_execution,trace_default,100,99,0,987929,0,0,1
engine_execution,trace_default,100,99,1,916688,0,0,0
engine_execution,trace_default,100,99,2,913967,0,0,3
engine_execution,trace_default,100,99,3,909985,0,0,2
engine_execution,trace_default,100,99,4,913577,0,0,5
engine_execution,trace_default,100,99,5,916856,0,0,4
engine_execution,trace_default,100,99,6,910096,0,0,7
engine_execution,trace_default,100,99,7,914188,0,0,6
engine_execution,trace_default,100,99,8,915226,0,0,9
engine_execution,trace_default,100,99,9,914577,0,0,8
engine_execution,trace_default,100,99,10,910411,0,0,11
engine_execution,trace_default,100,99,11,911022,0,0,10
engine_execution,trace_default,100,99,12,909855,0,0,13
engine_execution,trace_default,100,99,13,910356,0,0,12
engine_execution,trace_default,100,99,14,937707,0,0,15
engine_execution,trace_default,100,99,15,928411,0,0,14
engine_execution,trace_default,100,99,16,913059,0,0,17
engine_execution,trace_default,100,99,17,911430,0,0,16
engine_execution,trace_default,100,99,18,920319,0,0,19
engine_execution,trace_default,100,99,19,917189,0,0,18
engine_execution,trace_default,100,99,20,909985,0,0,21
engine_execution,trace_default,100,99,21,910837,0,0,20
engine_execution,trace_default,100,99,22,917726,0,0,23
engine_execution,trace_default,100,99,23,911615,0,0,22
engine_execution,trace_default,100,99,24,910893,0,0,25
engine_execution,trace_default,100,99,25,909467,0,0,24
engine_execution,trace_default,100,99,26,910281,0,0,27
engine_execution,trace_default,100,99,27,921096,0,0,26
engine_execution,trace_default,100,99,28,909466,0,0,29
engine_execution,trace_default,100,99,29,913300,0,0,28
engine_execution,trace_default,100,99,30,909874,0,0,31
engine_execution,trace_default,100,99,31,917874,0,0,30
engine_execution,trace_default,100,99,32,910540,0,0,33
engine_execution,trace_default,100,99,33,909151,0,0,32
engine_execution,trace_default,100,99,34,909448,0,0,35
engine_execution,trace_default,100,99,35,918745,0,0,34
engine_execution,trace_default,100,99,36,909281,0,0,37
engine_execution,trace_default,100,99,37,906818,0,0,36
engine_execution,trace_default,100,99,38,913115,0,0,39
engine_execution,trace_default,100,99,39,910614,0,0,38
engine_execution_alloc,trace_default,100,99,0,0,5983,769127,23131
engine_execution,trace_observer,100,99,0,914356,0,0,1
engine_execution,trace_observer,100,99,1,911559,0,0,0
engine_execution,trace_observer,100,99,2,913300,0,0,3
engine_execution,trace_observer,100,99,3,914855,0,0,2
engine_execution,trace_observer,100,99,4,919485,0,0,5
engine_execution,trace_observer,100,99,5,912671,0,0,4
engine_execution,trace_observer,100,99,6,913336,0,0,7
engine_execution,trace_observer,100,99,7,909800,0,0,6
engine_execution,trace_observer,100,99,8,919781,0,0,9
engine_execution,trace_observer,100,99,9,914930,0,0,8
engine_execution,trace_observer,100,99,10,910245,0,0,11
engine_execution,trace_observer,100,99,11,914430,0,0,10
engine_execution,trace_observer,100,99,12,913244,0,0,13
engine_execution,trace_observer,100,99,13,923133,0,0,12
engine_execution,trace_observer,100,99,14,913837,0,0,15
engine_execution,trace_observer,100,99,15,913707,0,0,14
engine_execution,trace_observer,100,99,16,912708,0,0,17
engine_execution,trace_observer,100,99,17,1048319,0,0,16
engine_execution,trace_observer,100,99,18,958689,0,0,19
engine_execution,trace_observer,100,99,19,919133,0,0,18
engine_execution,trace_observer,100,99,20,955504,0,0,21
engine_execution,trace_observer,100,99,21,930059,0,0,20
engine_execution,trace_observer,100,99,22,915022,0,0,23
engine_execution,trace_observer,100,99,23,913559,0,0,22
engine_execution,trace_observer,100,99,24,911893,0,0,25
engine_execution,trace_observer,100,99,25,923633,0,0,24
engine_execution,trace_observer,100,99,26,911578,0,0,27
engine_execution,trace_observer,100,99,27,913781,0,0,26
engine_execution,trace_observer,100,99,28,911985,0,0,29
engine_execution,trace_observer,100,99,29,913874,0,0,28
engine_execution,trace_observer,100,99,30,924985,0,0,31
engine_execution,trace_observer,100,99,31,915281,0,0,30
engine_execution,trace_observer,100,99,32,913578,0,0,33
engine_execution,trace_observer,100,99,33,911744,0,0,32
engine_execution,trace_observer,100,99,34,919226,0,0,35
engine_execution,trace_observer,100,99,35,915133,0,0,34
engine_execution,trace_observer,100,99,36,912225,0,0,37
engine_execution,trace_observer,100,99,37,917319,0,0,36
engine_execution,trace_observer,100,99,38,914430,0,0,39
engine_execution,trace_observer,100,99,39,921578,0,0,38
engine_execution_alloc,trace_observer,100,99,0,0,5983,769127,23131
representative_application,application_hash_sdax,10,9,0,71833,0,0,8827501768403342007
representative_application,application_hash_sdax,10,9,1,71519,0,0,8951258580674472749
representative_application,application_hash_sdax,10,9,2,71778,0,0,18157584738022301124
representative_application,application_hash_sdax,10,9,3,71204,0,0,16093298964628915617
representative_application,application_hash_sdax,10,9,4,71204,0,0,4338024545885762412
representative_application,application_hash_sdax,10,9,5,72575,0,0,4989613096480112062
representative_application,application_hash_sdax,10,9,6,71186,0,0,14756605482753659039
representative_application,application_hash_sdax,10,9,7,72149,0,0,48615153832195890
representative_application,application_hash_sdax,10,9,8,71297,0,0,12897547982939568865
representative_application,application_hash_sdax,10,9,9,71630,0,0,6455468052857312123
representative_application,application_hash_sdax,10,9,10,71704,0,0,7461994257773924098
representative_application,application_hash_sdax,10,9,11,71982,0,0,3636896381673253623
representative_application,application_hash_sdax,10,9,12,71315,0,0,6793413810667899076
representative_application,application_hash_sdax,10,9,13,71964,0,0,12277190981714708308
representative_application,application_hash_sdax,10,9,14,71204,0,0,9683030269895486545
representative_application,application_hash_sdax,10,9,15,71482,0,0,9383150768291419922
representative_application,application_hash_sdax,10,9,16,71111,0,0,11312423361794011584
representative_application,application_hash_sdax,10,9,17,71519,0,0,18128183083347417488
representative_application,application_hash_sdax,10,9,18,71186,0,0,12087555839788357172
representative_application,application_hash_sdax,10,9,19,71556,0,0,13041129334982073488
representative_application,application_hash_sdax,10,9,20,75945,0,0,8384464984104957687
representative_application,application_hash_sdax,10,9,21,71759,0,0,10868783110269989825
representative_application,application_hash_sdax,10,9,22,71889,0,0,15668235844036064711
representative_application,application_hash_sdax,10,9,23,70908,0,0,4013874171971043560
representative_application,application_hash_sdax,10,9,24,70704,0,0,4203571749175062306
representative_application,application_hash_sdax,10,9,25,71593,0,0,10926854856726577928
representative_application,application_hash_sdax,10,9,26,71000,0,0,16212662351989052772
representative_application,application_hash_sdax,10,9,27,71334,0,0,11560519827294593319
representative_application,application_hash_sdax,10,9,28,71481,0,0,7617103062409141563
representative_application,application_hash_sdax,10,9,29,70834,0,0,15838086077383948403
representative_application,application_hash_sdax,10,9,30,71074,0,0,8116776606867456652
representative_application,application_hash_sdax,10,9,31,70481,0,0,11359474695907197805
representative_application,application_hash_sdax,10,9,32,70445,0,0,9168736860549268637
representative_application,application_hash_sdax,10,9,33,72074,0,0,16764612828771598240
representative_application,application_hash_sdax,10,9,34,70463,0,0,14255204493723425259
representative_application,application_hash_sdax,10,9,35,71333,0,0,3518369773145393400
representative_application,application_hash_sdax,10,9,36,71093,0,0,8965317550446050729
representative_application,application_hash_sdax,10,9,37,71297,0,0,16665962306655849748
representative_application,application_hash_sdax,10,9,38,71926,0,0,13342058531664200426
representative_application,application_hash_sdax,10,9,39,71334,0,0,18112928529687244317
representative_application_alloc,application_hash_sdax,10,9,0,0,654,66314,17601881740522758837
representative_application,application_hash_handwritten,10,9,0,1296,0,0,8827501768403342006
representative_application,application_hash_handwritten,10,9,1,1241,0,0,8951258580674472748
representative_application,application_hash_handwritten,10,9,2,1222,0,0,18157584738022301125
representative_application,application_hash_handwritten,10,9,3,1612,0,0,16093298964628915616
representative_application,application_hash_handwritten,10,9,4,1222,0,0,4338024545885762413
representative_application,application_hash_handwritten,10,9,5,1223,0,0,4989613096480112063
representative_application,application_hash_handwritten,10,9,6,1241,0,0,14756605482753659038
representative_application,application_hash_handwritten,10,9,7,1241,0,0,48615153832195891
representative_application,application_hash_handwritten,10,9,8,1223,0,0,12897547982939568864
representative_application,application_hash_handwritten,10,9,9,1241,0,0,6455468052857312122
representative_application,application_hash_handwritten,10,9,10,1222,0,0,7461994257773924099
representative_application,application_hash_handwritten,10,9,11,1240,0,0,3636896381673253622
representative_application,application_hash_handwritten,10,9,12,1241,0,0,6793413810667899077
representative_application,application_hash_handwritten,10,9,13,1223,0,0,12277190981714708309
representative_application,application_hash_handwritten,10,9,14,1241,0,0,9683030269895486544
representative_application,application_hash_handwritten,10,9,15,1241,0,0,9383150768291419923
representative_application,application_hash_handwritten,10,9,16,1223,0,0,11312423361794011585
representative_application,application_hash_handwritten,10,9,17,1241,0,0,18128183083347417489
representative_application,application_hash_handwritten,10,9,18,1241,0,0,12087555839788357173
representative_application,application_hash_handwritten,10,9,19,1222,0,0,13041129334982073489
representative_application,application_hash_handwritten,10,9,20,1222,0,0,8384464984104957686
representative_application,application_hash_handwritten,10,9,21,1241,0,0,10868783110269989824
representative_application,application_hash_handwritten,10,9,22,1241,0,0,15668235844036064710
representative_application,application_hash_handwritten,10,9,23,1241,0,0,4013874171971043561
representative_application,application_hash_handwritten,10,9,24,1240,0,0,4203571749175062307
representative_application,application_hash_handwritten,10,9,25,1222,0,0,10926854856726577929
representative_application,application_hash_handwritten,10,9,26,1241,0,0,16212662351989052773
representative_application,application_hash_handwritten,10,9,27,1241,0,0,11560519827294593318
representative_application,application_hash_handwritten,10,9,28,1241,0,0,7617103062409141562
representative_application,application_hash_handwritten,10,9,29,1240,0,0,15838086077383948402
representative_application,application_hash_handwritten,10,9,30,1241,0,0,8116776606867456653
representative_application,application_hash_handwritten,10,9,31,1240,0,0,11359474695907197804
representative_application,application_hash_handwritten,10,9,32,1241,0,0,9168736860549268636
representative_application,application_hash_handwritten,10,9,33,1241,0,0,16764612828771598241
representative_application,application_hash_handwritten,10,9,34,1222,0,0,14255204493723425258
representative_application,application_hash_handwritten,10,9,35,1241,0,0,3518369773145393401
representative_application,application_hash_handwritten,10,9,36,1222,0,0,8965317550446050728
representative_application,application_hash_handwritten,10,9,37,1241,0,0,16665962306655849749
representative_application,application_hash_handwritten,10,9,38,1241,0,0,13342058531664200427
representative_application,application_hash_handwritten,10,9,39,1222,0,0,18112928529687244316
representative_application,application_hash_sdax,100,99,0,920559,0,0,11698499080773063169
representative_application,application_hash_sdax,100,99,1,922707,0,0,1167273700599470746
representative_application,application_hash_sdax,100,99,2,922004,0,0,230717062559681466
representative_application,application_hash_sdax,100,99,3,928893,0,0,13461277124864170951
representative_application,application_hash_sdax,100,99,4,924615,0,0,1843089491647656604
representative_application,application_hash_sdax,100,99,5,923800,0,0,1884400405866327554
representative_application,application_hash_sdax,100,99,6,925429,0,0,15657071968087079792
representative_application,application_hash_sdax,100,99,7,929004,0,0,8136226820520416651
representative_application,application_hash_sdax,100,99,8,924614,0,0,9211086410723557827
representative_application,application_hash_sdax,100,99,9,924911,0,0,3206438314367023030
representative_application,application_hash_sdax,100,99,10,922837,0,0,5368241661201366769
representative_application,application_hash_sdax,100,99,11,928133,0,0,6168939717596367288
representative_application,application_hash_sdax,100,99,12,926151,0,0,14206662131410471245
representative_application,application_hash_sdax,100,99,13,925448,0,0,13119166869922341979
representative_application,application_hash_sdax,100,99,14,920504,0,0,13832537443924736586
representative_application,application_hash_sdax,100,99,15,924855,0,0,10215951684877506974
representative_application,application_hash_sdax,100,99,16,928540,0,0,5034229283543529572
representative_application,application_hash_sdax,100,99,17,919577,0,0,14677823012927430832
representative_application,application_hash_sdax,100,99,18,921189,0,0,13894612964717701903
representative_application,application_hash_sdax,100,99,19,925189,0,0,15583721593309401490
representative_application,application_hash_sdax,100,99,20,926355,0,0,6418842662590208827
representative_application,application_hash_sdax,100,99,21,923244,0,0,13631435880641776915
representative_application,application_hash_sdax,100,99,22,920560,0,0,17183653852698357092
representative_application,application_hash_sdax,100,99,23,921207,0,0,9274972455216937604
representative_application,application_hash_sdax,100,99,24,929059,0,0,9355792106790873694
representative_application,application_hash_sdax,100,99,25,923078,0,0,6870977820890846112
representative_application,application_hash_sdax,100,99,26,923022,0,0,7356228651156183227
representative_application,application_hash_sdax,100,99,27,923374,0,0,6496560239278517594
representative_application,application_hash_sdax,100,99,28,918929,0,0,1600470374967907333
representative_application,application_hash_sdax,100,99,29,927614,0,0,7749396622089507156
representative_application,application_hash_sdax,100,99,30,923226,0,0,5914597544721144955
representative_application,application_hash_sdax,100,99,31,921689,0,0,8593148281290798141
representative_application,application_hash_sdax,100,99,32,923429,0,0,17312262507819578044
representative_application,application_hash_sdax,100,99,33,928503,0,0,8449402800832754809
representative_application,application_hash_sdax,100,99,34,920782,0,0,3614604414420252231
representative_application,application_hash_sdax,100,99,35,924040,0,0,2366660716473973819
representative_application,application_hash_sdax,100,99,36,922374,0,0,8524431054321544385
representative_application,application_hash_sdax,100,99,37,929892,0,0,11652126080490940143
representative_application,application_hash_sdax,100,99,38,923411,0,0,7153169922785203679
representative_application,application_hash_sdax,100,99,39,928170,0,0,6082470906507506695
representative_application_alloc,application_hash_sdax,100,99,0,0,5983,772676,4889995614244325387
representative_application,application_hash_handwritten,100,99,0,14167,0,0,11698499080773063168
representative_application,application_hash_handwritten,100,99,1,13314,0,0,1167273700599470747
representative_application,application_hash_handwritten,100,99,2,13315,0,0,230717062559681467
representative_application,application_hash_handwritten,100,99,3,13315,0,0,13461277124864170950
representative_application,application_hash_handwritten,100,99,4,13315,0,0,1843089491647656605
representative_application,application_hash_handwritten,100,99,5,13315,0,0,1884400405866327555
representative_application,application_hash_handwritten,100,99,6,13296,0,0,15657071968087079793
representative_application,application_hash_handwritten,100,99,7,13315,0,0,8136226820520416650
representative_application,application_hash_handwritten,100,99,8,13296,0,0,9211086410723557826
representative_application,application_hash_handwritten,100,99,9,13296,0,0,3206438314367023031
representative_application,application_hash_handwritten,100,99,10,13315,0,0,5368241661201366768
representative_application,application_hash_handwritten,100,99,11,13315,0,0,6168939717596367289
representative_application,application_hash_handwritten,100,99,12,13296,0,0,14206662131410471244
representative_application,application_hash_handwritten,100,99,13,13315,0,0,13119166869922341978
representative_application,application_hash_handwritten,100,99,14,13315,0,0,13832537443924736587
representative_application,application_hash_handwritten,100,99,15,13314,0,0,10215951684877506975
representative_application,application_hash_handwritten,100,99,16,13296,0,0,5034229283543529573
representative_application,application_hash_handwritten,100,99,17,13315,0,0,14677823012927430833
representative_application,application_hash_handwritten,100,99,18,13315,0,0,13894612964717701902
representative_application,application_hash_handwritten,100,99,19,13296,0,0,15583721593309401491
representative_application,application_hash_handwritten,100,99,20,13315,0,0,6418842662590208826
representative_application,application_hash_handwritten,100,99,21,13741,0,0,13631435880641776914
representative_application,application_hash_handwritten,100,99,22,13315,0,0,17183653852698357093
representative_application,application_hash_handwritten,100,99,23,13315,0,0,9274972455216937605
representative_application,application_hash_handwritten,100,99,24,13315,0,0,9355792106790873695
representative_application,application_hash_handwritten,100,99,25,13315,0,0,6870977820890846113
representative_application,application_hash_handwritten,100,99,26,13296,0,0,7356228651156183226
representative_application,application_hash_handwritten,100,99,27,13314,0,0,6496560239278517595
representative_application,application_hash_handwritten,100,99,28,13315,0,0,1600470374967907332
representative_application,application_hash_handwritten,100,99,29,13315,0,0,7749396622089507157
representative_application,application_hash_handwritten,100,99,30,13296,0,0,5914597544721144954
representative_application,application_hash_handwritten,100,99,31,13315,0,0,8593148281290798140
representative_application,application_hash_handwritten,100,99,32,13315,0,0,17312262507819578045
representative_application,application_hash_handwritten,100,99,33,13296,0,0,8449402800832754808
representative_application,application_hash_handwritten,100,99,34,13314,0,0,3614604414420252230
representative_application,application_hash_handwritten,100,99,35,13315,0,0,2366660716473973818
representative_application,application_hash_handwritten,100,99,36,13297,0,0,8524431054321544384
representative_application,application_hash_handwritten,100,99,37,13315,0,0,11652126080490940142
representative_application,application_hash_handwritten,100,99,38,13315,0,0,7153169922785203678
representative_application,application_hash_handwritten,100,99,39,13297,0,0,6082470906507506694
