phase,workload,nodes,edges,sample,nanos,allocations,allocated_bytes,peak_live_bytes,retained_bytes,checksum
adapter_setup,current_thread_runtime,0,0,0,45926,0,0,0,0,0
adapter_setup,current_thread_runtime,0,0,1,2019,0,0,0,0,0
adapter_setup,current_thread_runtime,0,0,2,1815,0,0,0,0,0
adapter_setup,current_thread_runtime,0,0,3,1815,0,0,0,0,0
adapter_setup,current_thread_runtime,0,0,4,1889,0,0,0,0,0
adapter_setup,current_thread_runtime,0,0,5,1815,0,0,0,0,0
adapter_setup,current_thread_runtime,0,0,6,1797,0,0,0,0,0
adapter_setup,current_thread_runtime,0,0,7,1759,0,0,0,0,0
adapter_setup,current_thread_runtime,0,0,8,1871,0,0,0,0,0
adapter_setup,current_thread_runtime,0,0,9,1908,0,0,0,0,0
adapter_setup,current_thread_runtime,0,0,10,2185,0,0,0,0,0
adapter_setup,current_thread_runtime,0,0,11,2278,0,0,0,0,0
adapter_setup,current_thread_runtime,0,0,12,2186,0,0,0,0,0
adapter_setup,current_thread_runtime,0,0,13,2093,0,0,0,0,0
adapter_setup,current_thread_runtime,0,0,14,2056,0,0,0,0,0
adapter_setup,current_thread_runtime,0,0,15,2130,0,0,0,0,0
adapter_setup,current_thread_runtime,0,0,16,2000,0,0,0,0,0
adapter_setup,current_thread_runtime,0,0,17,1963,0,0,0,0,0
adapter_setup,current_thread_runtime,0,0,18,2000,0,0,0,0,0
adapter_setup,current_thread_runtime,0,0,19,2111,0,0,0,0,0
adapter_setup,current_thread_runtime,0,0,20,2555,0,0,0,0,0
adapter_setup,current_thread_runtime,0,0,21,1945,0,0,0,0,0
adapter_setup,current_thread_runtime,0,0,22,2000,0,0,0,0,0
adapter_setup,current_thread_runtime,0,0,23,1981,0,0,0,0,0
adapter_setup,current_thread_runtime,0,0,24,2037,0,0,0,0,0
adapter_setup,current_thread_runtime,0,0,25,1981,0,0,0,0,0
adapter_setup,current_thread_runtime,0,0,26,2037,0,0,0,0,0
adapter_setup,current_thread_runtime,0,0,27,1981,0,0,0,0,0
adapter_setup,current_thread_runtime,0,0,28,2000,0,0,0,0,0
adapter_setup,current_thread_runtime,0,0,29,2093,0,0,0,0,0
adapter_setup,current_thread_runtime,0,0,30,2093,0,0,0,0,0
adapter_setup,current_thread_runtime,0,0,31,1982,0,0,0,0,0
adapter_setup,current_thread_runtime,0,0,32,2093,0,0,0,0,0
adapter_setup,current_thread_runtime,0,0,33,1926,0,0,0,0,0
adapter_setup,current_thread_runtime,0,0,34,2093,0,0,0,0,0
adapter_setup,current_thread_runtime,0,0,35,2000,0,0,0,0,0
adapter_setup,current_thread_runtime,0,0,36,2167,0,0,0,0,0
adapter_setup,current_thread_runtime,0,0,37,2018,0,0,0,0,0
adapter_setup,current_thread_runtime,0,0,38,2093,0,0,0,0,0
adapter_setup,current_thread_runtime,0,0,39,1981,0,0,0,0,0
fixture_generation,graph_chain,1,0,0,1204,0,0,0,0,5
fixture_generation,graph_chain,1,0,1,296,0,0,0,0,5
fixture_generation,graph_chain,1,0,2,241,0,0,0,0,5
fixture_generation,graph_chain,1,0,3,259,0,0,0,0,5
fixture_generation,graph_chain,1,0,4,240,0,0,0,0,5
fixture_generation,graph_chain,1,0,5,241,0,0,0,0,5
fixture_generation,graph_chain,1,0,6,259,0,0,0,0,5
fixture_generation,graph_chain,1,0,7,222,0,0,0,0,5
fixture_generation,graph_chain,1,0,8,278,0,0,0,0,5
fixture_generation,graph_chain,1,0,9,333,0,0,0,0,5
fixture_generation,graph_chain,1,0,10,259,0,0,0,0,5
fixture_generation,graph_chain,1,0,11,278,0,0,0,0,5
fixture_generation,graph_chain,1,0,12,260,0,0,0,0,5
fixture_generation,graph_chain,1,0,13,296,0,0,0,0,5
fixture_generation,graph_chain,1,0,14,259,0,0,0,0,5
fixture_generation,graph_chain,1,0,15,241,0,0,0,0,5
fixture_generation,graph_chain,1,0,16,259,0,0,0,0,5
fixture_generation,graph_chain,1,0,17,241,0,0,0,0,5
fixture_generation,graph_chain,1,0,18,259,0,0,0,0,5
fixture_generation,graph_chain,1,0,19,241,0,0,0,0,5
plan_build,graph_chain,1,0,0,6592,0,0,0,0,11
plan_build,graph_chain,1,0,1,3074,0,0,0,0,11
plan_build,graph_chain,1,0,2,2593,0,0,0,0,11
plan_build,graph_chain,1,0,3,2574,0,0,0,0,11
plan_build,graph_chain,1,0,4,2482,0,0,0,0,11
plan_build,graph_chain,1,0,5,2389,0,0,0,0,11
plan_build,graph_chain,1,0,6,2407,0,0,0,0,11
plan_build,graph_chain,1,0,7,2445,0,0,0,0,11
plan_build,graph_chain,1,0,8,2407,0,0,0,0,11
plan_build,graph_chain,1,0,9,2352,0,0,0,0,11
plan_build,graph_chain,1,0,10,2389,0,0,0,0,11
plan_build,graph_chain,1,0,11,2389,0,0,0,0,11
plan_build,graph_chain,1,0,12,3186,0,0,0,0,11
plan_build,graph_chain,1,0,13,2370,0,0,0,0,11
plan_build,graph_chain,1,0,14,2389,0,0,0,0,11
plan_build,graph_chain,1,0,15,2370,0,0,0,0,11
plan_build,graph_chain,1,0,16,2722,0,0,0,0,11
plan_build,graph_chain,1,0,17,2445,0,0,0,0,11
plan_build,graph_chain,1,0,18,2629,0,0,0,0,11
plan_build,graph_chain,1,0,19,2611,0,0,0,0,11
plan_build_alloc,graph_chain,1,0,0,0,36,6762,0,0,11
plan_declaration,graph_chain,1,0,0,1778,0,0,0,0,1
plan_validation_freeze,graph_chain,1,0,0,1833,0,0,0,0,11
plan_declaration,graph_chain,1,0,1,1204,0,0,0,0,1
plan_validation_freeze,graph_chain,1,0,1,1870,0,0,0,0,11
plan_declaration,graph_chain,1,0,2,1093,0,0,0,0,1
plan_validation_freeze,graph_chain,1,0,2,1833,0,0,0,0,11
plan_declaration,graph_chain,1,0,3,1351,0,0,0,0,1
plan_validation_freeze,graph_chain,1,0,3,1834,0,0,0,0,11
plan_declaration,graph_chain,1,0,4,1185,0,0,0,0,1
plan_validation_freeze,graph_chain,1,0,4,1778,0,0,0,0,11
plan_declaration,graph_chain,1,0,5,1370,0,0,0,0,1
plan_validation_freeze,graph_chain,1,0,5,1797,0,0,0,0,11
plan_declaration,graph_chain,1,0,6,1241,0,0,0,0,1
plan_validation_freeze,graph_chain,1,0,6,1797,0,0,0,0,11
plan_declaration,graph_chain,1,0,7,1315,0,0,0,0,1
plan_validation_freeze,graph_chain,1,0,7,1815,0,0,0,0,11
plan_declaration,graph_chain,1,0,8,1185,0,0,0,0,1
plan_validation_freeze,graph_chain,1,0,8,1815,0,0,0,0,11
plan_declaration,graph_chain,1,0,9,1222,0,0,0,0,1
plan_validation_freeze,graph_chain,1,0,9,1796,0,0,0,0,11
plan_declaration,graph_chain,1,0,10,1203,0,0,0,0,1
plan_validation_freeze,graph_chain,1,0,10,1740,0,0,0,0,11
plan_declaration,graph_chain,1,0,11,1204,0,0,0,0,1
plan_validation_freeze,graph_chain,1,0,11,1759,0,0,0,0,11
plan_declaration,graph_chain,1,0,12,1223,0,0,0,0,1
plan_validation_freeze,graph_chain,1,0,12,1778,0,0,0,0,11
plan_declaration,graph_chain,1,0,13,1166,0,0,0,0,1
plan_validation_freeze,graph_chain,1,0,13,1778,0,0,0,0,11
plan_declaration,graph_chain,1,0,14,1222,0,0,0,0,1
plan_validation_freeze,graph_chain,1,0,14,1852,0,0,0,0,11
plan_declaration,graph_chain,1,0,15,1222,0,0,0,0,1
plan_validation_freeze,graph_chain,1,0,15,1815,0,0,0,0,11
plan_declaration,graph_chain,1,0,16,1185,0,0,0,0,1
plan_validation_freeze,graph_chain,1,0,16,1759,0,0,0,0,11
plan_declaration,graph_chain,1,0,17,1241,0,0,0,0,1
plan_validation_freeze,graph_chain,1,0,17,1796,0,0,0,0,11
plan_declaration,graph_chain,1,0,18,1185,0,0,0,0,1
plan_validation_freeze,graph_chain,1,0,18,1833,0,0,0,0,11
plan_declaration,graph_chain,1,0,19,1204,0,0,0,0,1
plan_validation_freeze,graph_chain,1,0,19,1778,0,0,0,0,11
plan_declaration_alloc,graph_chain,1,0,0,0,16,2178,0,0,1
plan_validation_freeze_alloc,graph_chain,1,0,0,0,20,4584,0,0,11
engine_execution,graph_chain,1,0,0,11166,0,0,0,0,1
engine_execution,graph_chain,1,0,1,11001,0,0,0,0,0
engine_execution,graph_chain,1,0,2,10889,0,0,0,0,3
engine_execution,graph_chain,1,0,3,10722,0,0,0,0,2
engine_execution,graph_chain,1,0,4,10778,0,0,0,0,5
engine_execution,graph_chain,1,0,5,10981,0,0,0,0,4
engine_execution,graph_chain,1,0,6,11315,0,0,0,0,7
engine_execution,graph_chain,1,0,7,11333,0,0,0,0,6
engine_execution,graph_chain,1,0,8,11222,0,0,0,0,9
engine_execution,graph_chain,1,0,9,11186,0,0,0,0,8
engine_execution,graph_chain,1,0,10,11352,0,0,0,0,11
engine_execution,graph_chain,1,0,11,11240,0,0,0,0,10
engine_execution,graph_chain,1,0,12,11075,0,0,0,0,13
engine_execution,graph_chain,1,0,13,11074,0,0,0,0,12
engine_execution,graph_chain,1,0,14,11259,0,0,0,0,15
engine_execution,graph_chain,1,0,15,11000,0,0,0,0,14
engine_execution,graph_chain,1,0,16,11204,0,0,0,0,17
engine_execution,graph_chain,1,0,17,11482,0,0,0,0,16
engine_execution,graph_chain,1,0,18,11333,0,0,0,0,19
engine_execution,graph_chain,1,0,19,11037,0,0,0,0,18
engine_execution,graph_chain,1,0,20,11166,0,0,0,0,21
engine_execution,graph_chain,1,0,21,11685,0,0,0,0,20
engine_execution,graph_chain,1,0,22,11426,0,0,0,0,23
engine_execution,graph_chain,1,0,23,11519,0,0,0,0,22
engine_execution,graph_chain,1,0,24,11482,0,0,0,0,25
engine_execution,graph_chain,1,0,25,11389,0,0,0,0,24
engine_execution,graph_chain,1,0,26,11315,0,0,0,0,27
engine_execution,graph_chain,1,0,27,11185,0,0,0,0,26
engine_execution,graph_chain,1,0,28,11223,0,0,0,0,29
engine_execution,graph_chain,1,0,29,11056,0,0,0,0,28
engine_execution,graph_chain,1,0,30,11129,0,0,0,0,31
engine_execution,graph_chain,1,0,31,11018,0,0,0,0,30
engine_execution,graph_chain,1,0,32,10908,0,0,0,0,33
engine_execution,graph_chain,1,0,33,11055,0,0,0,0,32
engine_execution,graph_chain,1,0,34,10796,0,0,0,0,35
engine_execution,graph_chain,1,0,35,11056,0,0,0,0,34
engine_execution,graph_chain,1,0,36,11259,0,0,0,0,37
engine_execution,graph_chain,1,0,37,10982,0,0,0,0,36
engine_execution,graph_chain,1,0,38,11111,0,0,0,0,39
engine_execution,graph_chain,1,0,39,10925,0,0,0,0,38
engine_execution_alloc,graph_chain,1,0,0,0,102,11796,0,0,23131
machine_state_setup,graph_chain,1,0,0,666,0,0,0,0,1
body_state_setup,graph_chain,1,0,0,444,0,0,0,0,0
machine_state_setup,graph_chain,1,0,1,426,0,0,0,0,1
body_state_setup,graph_chain,1,0,1,370,0,0,0,0,0
machine_state_setup,graph_chain,1,0,2,370,0,0,0,0,1
body_state_setup,graph_chain,1,0,2,500,0,0,0,0,0
machine_state_setup,graph_chain,1,0,3,371,0,0,0,0,1
body_state_setup,graph_chain,1,0,3,333,0,0,0,0,0
machine_state_setup,graph_chain,1,0,4,352,0,0,0,0,1
body_state_setup,graph_chain,1,0,4,371,0,0,0,0,0
machine_state_setup,graph_chain,1,0,5,334,0,0,0,0,1
body_state_setup,graph_chain,1,0,5,333,0,0,0,0,0
machine_state_setup,graph_chain,1,0,6,370,0,0,0,0,1
body_state_setup,graph_chain,1,0,6,574,0,0,0,0,0
machine_state_setup,graph_chain,1,0,7,352,0,0,0,0,1
body_state_setup,graph_chain,1,0,7,389,0,0,0,0,0
machine_state_setup,graph_chain,1,0,8,426,0,0,0,0,1
body_state_setup,graph_chain,1,0,8,370,0,0,0,0,0
machine_state_setup,graph_chain,1,0,9,333,0,0,0,0,1
body_state_setup,graph_chain,1,0,9,408,0,0,0,0,0
machine_state_setup,graph_chain,1,0,10,334,0,0,0,0,1
body_state_setup,graph_chain,1,0,10,407,0,0,0,0,0
machine_state_setup,graph_chain,1,0,11,333,0,0,0,0,1
body_state_setup,graph_chain,1,0,11,352,0,0,0,0,0
machine_state_setup,graph_chain,1,0,12,333,0,0,0,0,1
body_state_setup,graph_chain,1,0,12,371,0,0,0,0,0
machine_state_setup,graph_chain,1,0,13,426,0,0,0,0,1
body_state_setup,graph_chain,1,0,13,352,0,0,0,0,0
machine_state_setup,graph_chain,1,0,14,352,0,0,0,0,1
body_state_setup,graph_chain,1,0,14,333,0,0,0,0,0
machine_state_setup,graph_chain,1,0,15,333,0,0,0,0,1
body_state_setup,graph_chain,1,0,15,444,0,0,0,0,0
machine_state_setup,graph_chain,1,0,16,389,0,0,0,0,1
body_state_setup,graph_chain,1,0,16,371,0,0,0,0,0
machine_state_setup,graph_chain,1,0,17,334,0,0,0,0,1
body_state_setup,graph_chain,1,0,17,389,0,0,0,0,0
machine_state_setup,graph_chain,1,0,18,333,0,0,0,0,1
body_state_setup,graph_chain,1,0,18,444,0,0,0,0,0
machine_state_setup,graph_chain,1,0,19,333,0,0,0,0,1
body_state_setup,graph_chain,1,0,19,352,0,0,0,0,0
machine_state_setup,graph_chain,1,0,20,333,0,0,0,0,1
body_state_setup,graph_chain,1,0,20,334,0,0,0,0,0
machine_state_setup,graph_chain,1,0,21,334,0,0,0,0,1
body_state_setup,graph_chain,1,0,21,407,0,0,0,0,0
machine_state_setup,graph_chain,1,0,22,352,0,0,0,0,1
body_state_setup,graph_chain,1,0,22,389,0,0,0,0,0
machine_state_setup,graph_chain,1,0,23,352,0,0,0,0,1
body_state_setup,graph_chain,1,0,23,334,0,0,0,0,0
machine_state_setup,graph_chain,1,0,24,333,0,0,0,0,1
body_state_setup,graph_chain,1,0,24,389,0,0,0,0,0
machine_state_setup,graph_chain,1,0,25,333,0,0,0,0,1
body_state_setup,graph_chain,1,0,25,389,0,0,0,0,0
machine_state_setup,graph_chain,1,0,26,334,0,0,0,0,1
body_state_setup,graph_chain,1,0,26,352,0,0,0,0,0
machine_state_setup,graph_chain,1,0,27,333,0,0,0,0,1
body_state_setup,graph_chain,1,0,27,351,0,0,0,0,0
machine_state_setup,graph_chain,1,0,28,333,0,0,0,0,1
body_state_setup,graph_chain,1,0,28,389,0,0,0,0,0
machine_state_setup,graph_chain,1,0,29,334,0,0,0,0,1
body_state_setup,graph_chain,1,0,29,370,0,0,0,0,0
machine_state_setup,graph_chain,1,0,30,333,0,0,0,0,1
body_state_setup,graph_chain,1,0,30,333,0,0,0,0,0
machine_state_setup,graph_chain,1,0,31,333,0,0,0,0,1
body_state_setup,graph_chain,1,0,31,371,0,0,0,0,0
machine_state_setup,graph_chain,1,0,32,334,0,0,0,0,1
body_state_setup,graph_chain,1,0,32,389,0,0,0,0,0
machine_state_setup,graph_chain,1,0,33,351,0,0,0,0,1
body_state_setup,graph_chain,1,0,33,352,0,0,0,0,0
machine_state_setup,graph_chain,1,0,34,334,0,0,0,0,1
body_state_setup,graph_chain,1,0,34,352,0,0,0,0,0
machine_state_setup,graph_chain,1,0,35,333,0,0,0,0,1
body_state_setup,graph_chain,1,0,35,389,0,0,0,0,0
machine_state_setup,graph_chain,1,0,36,333,0,0,0,0,1
body_state_setup,graph_chain,1,0,36,370,0,0,0,0,0
machine_state_setup,graph_chain,1,0,37,333,0,0,0,0,1
body_state_setup,graph_chain,1,0,37,352,0,0,0,0,0
machine_state_setup,graph_chain,1,0,38,333,0,0,0,0,1
body_state_setup,graph_chain,1,0,38,426,0,0,0,0,0
machine_state_setup,graph_chain,1,0,39,333,0,0,0,0,1
body_state_setup,graph_chain,1,0,39,407,0,0,0,0,0
pure_machine_events_preseeded,graph_chain,1,0,0,4019,0,0,0,0,1
pure_machine_events_preseeded,graph_chain,1,0,1,2092,0,0,0,0,1
pure_machine_events_preseeded,graph_chain,1,0,2,1926,0,0,0,0,1
pure_machine_events_preseeded,graph_chain,1,0,3,1889,0,0,0,0,1
pure_machine_events_preseeded,graph_chain,1,0,4,2000,0,0,0,0,1
pure_machine_events_preseeded,graph_chain,1,0,5,1889,0,0,0,0,1
pure_machine_events_preseeded,graph_chain,1,0,6,1908,0,0,0,0,1
pure_machine_events_preseeded,graph_chain,1,0,7,1833,0,0,0,0,1
pure_machine_events_preseeded,graph_chain,1,0,8,1833,0,0,0,0,1
pure_machine_events_preseeded,graph_chain,1,0,9,1815,0,0,0,0,1
pure_machine_events_preseeded,graph_chain,1,0,10,1926,0,0,0,0,1
pure_machine_events_preseeded,graph_chain,1,0,11,1852,0,0,0,0,1
pure_machine_events_preseeded,graph_chain,1,0,12,1851,0,0,0,0,1
pure_machine_events_preseeded,graph_chain,1,0,13,2556,0,0,0,0,1
pure_machine_events_preseeded,graph_chain,1,0,14,2111,0,0,0,0,1
pure_machine_events_preseeded,graph_chain,1,0,15,2222,0,0,0,0,1
pure_machine_events_preseeded,graph_chain,1,0,16,2019,0,0,0,0,1
pure_machine_events_preseeded,graph_chain,1,0,17,1907,0,0,0,0,1
pure_machine_events_preseeded,graph_chain,1,0,18,1852,0,0,0,0,1
pure_machine_events_preseeded,graph_chain,1,0,19,1815,0,0,0,0,1
pure_machine_events_preseeded,graph_chain,1,0,20,1814,0,0,0,0,1
pure_machine_events_preseeded,graph_chain,1,0,21,1852,0,0,0,0,1
pure_machine_events_preseeded,graph_chain,1,0,22,1833,0,0,0,0,1
pure_machine_events_preseeded,graph_chain,1,0,23,1888,0,0,0,0,1
pure_machine_events_preseeded,graph_chain,1,0,24,1833,0,0,0,0,1
pure_machine_events_preseeded,graph_chain,1,0,25,1815,0,0,0,0,1
pure_machine_events_preseeded,graph_chain,1,0,26,1814,0,0,0,0,1
pure_machine_events_preseeded,graph_chain,1,0,27,1834,0,0,0,0,1
pure_machine_events_preseeded,graph_chain,1,0,28,1834,0,0,0,0,1
pure_machine_events_preseeded,graph_chain,1,0,29,1833,0,0,0,0,1
pure_machine_events_preseeded,graph_chain,1,0,30,1815,0,0,0,0,1
pure_machine_events_preseeded,graph_chain,1,0,31,1852,0,0,0,0,1
pure_machine_events_preseeded,graph_chain,1,0,32,1834,0,0,0,0,1
pure_machine_events_preseeded,graph_chain,1,0,33,1815,0,0,0,0,1
pure_machine_events_preseeded,graph_chain,1,0,34,1833,0,0,0,0,1
pure_machine_events_preseeded,graph_chain,1,0,35,1815,0,0,0,0,1
pure_machine_events_preseeded,graph_chain,1,0,36,1815,0,0,0,0,1
pure_machine_events_preseeded,graph_chain,1,0,37,1814,0,0,0,0,1
pure_machine_events_preseeded,graph_chain,1,0,38,1834,0,0,0,0,1
pure_machine_events_preseeded,graph_chain,1,0,39,1852,0,0,0,0,1
fixture_generation,graph_wide,1,0,0,278,0,0,0,0,5
fixture_generation,graph_wide,1,0,1,222,0,0,0,0,5
fixture_generation,graph_wide,1,0,2,204,0,0,0,0,5
fixture_generation,graph_wide,1,0,3,203,0,0,0,0,5
fixture_generation,graph_wide,1,0,4,240,0,0,0,0,5
fixture_generation,graph_wide,1,0,5,204,0,0,0,0,5
fixture_generation,graph_wide,1,0,6,370,0,0,0,0,5
fixture_generation,graph_wide,1,0,7,240,0,0,0,0,5
fixture_generation,graph_wide,1,0,8,223,0,0,0,0,5
fixture_generation,graph_wide,1,0,9,222,0,0,0,0,5
fixture_generation,graph_wide,1,0,10,222,0,0,0,0,5
fixture_generation,graph_wide,1,0,11,259,0,0,0,0,5
fixture_generation,graph_wide,1,0,12,240,0,0,0,0,5
fixture_generation,graph_wide,1,0,13,278,0,0,0,0,5
fixture_generation,graph_wide,1,0,14,241,0,0,0,0,5
fixture_generation,graph_wide,1,0,15,222,0,0,0,0,5
fixture_generation,graph_wide,1,0,16,222,0,0,0,0,5
fixture_generation,graph_wide,1,0,17,240,0,0,0,0,5
fixture_generation,graph_wide,1,0,18,222,0,0,0,0,5
fixture_generation,graph_wide,1,0,19,259,0,0,0,0,5
plan_build,graph_wide,1,0,0,5092,0,0,0,0,10
plan_build,graph_wide,1,0,1,2852,0,0,0,0,10
plan_build,graph_wide,1,0,2,2759,0,0,0,0,10
plan_build,graph_wide,1,0,3,2685,0,0,0,0,10
plan_build,graph_wide,1,0,4,2704,0,0,0,0,10
plan_build,graph_wide,1,0,5,2629,0,0,0,0,10
plan_build,graph_wide,1,0,6,2666,0,0,0,0,10
plan_build,graph_wide,1,0,7,2611,0,0,0,0,10
plan_build,graph_wide,1,0,8,2629,0,0,0,0,10
plan_build,graph_wide,1,0,9,2611,0,0,0,0,10
plan_build,graph_wide,1,0,10,2667,0,0,0,0,10
plan_build,graph_wide,1,0,11,2612,0,0,0,0,10
plan_build,graph_wide,1,0,12,2648,0,0,0,0,10
plan_build,graph_wide,1,0,13,2592,0,0,0,0,10
plan_build,graph_wide,1,0,14,2630,0,0,0,0,10
plan_build,graph_wide,1,0,15,2667,0,0,0,0,10
plan_build,graph_wide,1,0,16,2666,0,0,0,0,10
plan_build,graph_wide,1,0,17,2612,0,0,0,0,10
plan_build,graph_wide,1,0,18,2630,0,0,0,0,10
plan_build,graph_wide,1,0,19,2649,0,0,0,0,10
plan_build_alloc,graph_wide,1,0,0,0,36,6760,0,0,10
plan_declaration,graph_wide,1,0,0,1408,0,0,0,0,1
plan_validation_freeze,graph_wide,1,0,0,1759,0,0,0,0,10
plan_declaration,graph_wide,1,0,1,1222,0,0,0,0,1
plan_validation_freeze,graph_wide,1,0,1,1703,0,0,0,0,10
plan_declaration,graph_wide,1,0,2,1259,0,0,0,0,1
plan_validation_freeze,graph_wide,1,0,2,1741,0,0,0,0,10
plan_declaration,graph_wide,1,0,3,1259,0,0,0,0,1
plan_validation_freeze,graph_wide,1,0,3,1851,0,0,0,0,10
plan_declaration,graph_wide,1,0,4,1241,0,0,0,0,1
plan_validation_freeze,graph_wide,1,0,4,1759,0,0,0,0,10
plan_declaration,graph_wide,1,0,5,1241,0,0,0,0,1
plan_validation_freeze,graph_wide,1,0,5,1814,0,0,0,0,10
plan_declaration,graph_wide,1,0,6,1204,0,0,0,0,1
plan_validation_freeze,graph_wide,1,0,6,1759,0,0,0,0,10
plan_declaration,graph_wide,1,0,7,1185,0,0,0,0,1
plan_validation_freeze,graph_wide,1,0,7,1760,0,0,0,0,10
plan_declaration,graph_wide,1,0,8,1185,0,0,0,0,1
plan_validation_freeze,graph_wide,1,0,8,1815,0,0,0,0,10
plan_declaration,graph_wide,1,0,9,1222,0,0,0,0,1
plan_validation_freeze,graph_wide,1,0,9,1833,0,0,0,0,10
plan_declaration,graph_wide,1,0,10,1222,0,0,0,0,1
plan_validation_freeze,graph_wide,1,0,10,1740,0,0,0,0,10
plan_declaration,graph_wide,1,0,11,1185,0,0,0,0,1
plan_validation_freeze,graph_wide,1,0,11,1796,0,0,0,0,10
plan_declaration,graph_wide,1,0,12,1204,0,0,0,0,1
plan_validation_freeze,graph_wide,1,0,12,1851,0,0,0,0,10
plan_declaration,graph_wide,1,0,13,1204,0,0,0,0,1
plan_validation_freeze,graph_wide,1,0,13,1760,0,0,0,0,10
plan_declaration,graph_wide,1,0,14,1278,0,0,0,0,1
plan_validation_freeze,graph_wide,1,0,14,1741,0,0,0,0,10
plan_declaration,graph_wide,1,0,15,1260,0,0,0,0,1
plan_validation_freeze,graph_wide,1,0,15,1797,0,0,0,0,10
plan_declaration,graph_wide,1,0,16,1222,0,0,0,0,1
plan_validation_freeze,graph_wide,1,0,16,1815,0,0,0,0,10
plan_declaration,graph_wide,1,0,17,1241,0,0,0,0,1
plan_validation_freeze,graph_wide,1,0,17,1796,0,0,0,0,10
plan_declaration,graph_wide,1,0,18,1185,0,0,0,0,1
plan_validation_freeze,graph_wide,1,0,18,1760,0,0,0,0,10
plan_declaration,graph_wide,1,0,19,1185,0,0,0,0,1
plan_validation_freeze,graph_wide,1,0,19,1704,0,0,0,0,10
plan_declaration_alloc,graph_wide,1,0,0,0,16,2177,0,0,1
plan_validation_freeze_alloc,graph_wide,1,0,0,0,20,4583,0,0,10
engine_execution,graph_wide,1,0,0,11260,0,0,0,0,1
engine_execution,graph_wide,1,0,1,11259,0,0,0,0,0
engine_execution,graph_wide,1,0,2,11204,0,0,0,0,3
engine_execution,graph_wide,1,0,3,11537,0,0,0,0,2
engine_execution,graph_wide,1,0,4,11500,0,0,0,0,5
engine_execution,graph_wide,1,0,5,11445,0,0,0,0,4
engine_execution,graph_wide,1,0,6,11407,0,0,0,0,7
engine_execution,graph_wide,1,0,7,11185,0,0,0,0,6
engine_execution,graph_wide,1,0,8,11037,0,0,0,0,9
engine_execution,graph_wide,1,0,9,11204,0,0,0,0,8
engine_execution,graph_wide,1,0,10,11333,0,0,0,0,11
engine_execution,graph_wide,1,0,11,11519,0,0,0,0,10
engine_execution,graph_wide,1,0,12,11444,0,0,0,0,13
engine_execution,graph_wide,1,0,13,11296,0,0,0,0,12
engine_execution,graph_wide,1,0,14,11167,0,0,0,0,15
engine_execution,graph_wide,1,0,15,11222,0,0,0,0,14
engine_execution,graph_wide,1,0,16,11648,0,0,0,0,17
engine_execution,graph_wide,1,0,17,11519,0,0,0,0,16
engine_execution,graph_wide,1,0,18,11333,0,0,0,0,19
engine_execution,graph_wide,1,0,19,11352,0,0,0,0,18
engine_execution,graph_wide,1,0,20,11333,0,0,0,0,21
engine_execution,graph_wide,1,0,21,11333,0,0,0,0,20
engine_execution,graph_wide,1,0,22,11222,0,0,0,0,23
engine_execution,graph_wide,1,0,23,11038,0,0,0,0,22
engine_execution,graph_wide,1,0,24,11241,0,0,0,0,25
engine_execution,graph_wide,1,0,25,11481,0,0,0,0,24
engine_execution,graph_wide,1,0,26,11666,0,0,0,0,27
engine_execution,graph_wide,1,0,27,11463,0,0,0,0,26
engine_execution,graph_wide,1,0,28,11426,0,0,0,0,29
engine_execution,graph_wide,1,0,29,11278,0,0,0,0,28
engine_execution,graph_wide,1,0,30,11389,0,0,0,0,31
engine_execution,graph_wide,1,0,31,11130,0,0,0,0,30
engine_execution,graph_wide,1,0,32,11482,0,0,0,0,33
engine_execution,graph_wide,1,0,33,11518,0,0,0,0,32
engine_execution,graph_wide,1,0,34,11370,0,0,0,0,35
engine_execution,graph_wide,1,0,35,11352,0,0,0,0,34
engine_execution,graph_wide,1,0,36,11555,0,0,0,0,37
engine_execution,graph_wide,1,0,37,11334,0,0,0,0,36
engine_execution,graph_wide,1,0,38,11592,0,0,0,0,39
engine_execution,graph_wide,1,0,39,11389,0,0,0,0,38
engine_execution_alloc,graph_wide,1,0,0,0,102,11795,0,0,23131
machine_state_setup,graph_wide,1,0,0,500,0,0,0,0,1
body_state_setup,graph_wide,1,0,0,408,0,0,0,0,0
machine_state_setup,graph_wide,1,0,1,389,0,0,0,0,1
body_state_setup,graph_wide,1,0,1,352,0,0,0,0,0
machine_state_setup,graph_wide,1,0,2,334,0,0,0,0,1
body_state_setup,graph_wide,1,0,2,463,0,0,0,0,0
machine_state_setup,graph_wide,1,0,3,333,0,0,0,0,1
body_state_setup,graph_wide,1,0,3,333,0,0,0,0,0
machine_state_setup,graph_wide,1,0,4,333,0,0,0,0,1
body_state_setup,graph_wide,1,0,4,407,0,0,0,0,0
machine_state_setup,graph_wide,1,0,5,333,0,0,0,0,1
body_state_setup,graph_wide,1,0,5,333,0,0,0,0,0
machine_state_setup,graph_wide,1,0,6,315,0,0,0,0,1
body_state_setup,graph_wide,1,0,6,389,0,0,0,0,0
machine_state_setup,graph_wide,1,0,7,352,0,0,0,0,1
body_state_setup,graph_wide,1,0,7,500,0,0,0,0,0
machine_state_setup,graph_wide,1,0,8,333,0,0,0,0,1
body_state_setup,graph_wide,1,0,8,371,0,0,0,0,0
machine_state_setup,graph_wide,1,0,9,333,0,0,0,0,1
body_state_setup,graph_wide,1,0,9,500,0,0,0,0,0
machine_state_setup,graph_wide,1,0,10,371,0,0,0,0,1
body_state_setup,graph_wide,1,0,10,389,0,0,0,0,0
machine_state_setup,graph_wide,1,0,11,333,0,0,0,0,1
body_state_setup,graph_wide,1,0,11,371,0,0,0,0,0
machine_state_setup,graph_wide,1,0,12,333,0,0,0,0,1
body_state_setup,graph_wide,1,0,12,481,0,0,0,0,0
machine_state_setup,graph_wide,1,0,13,334,0,0,0,0,1
body_state_setup,graph_wide,1,0,13,371,0,0,0,0,0
machine_state_setup,graph_wide,1,0,14,334,0,0,0,0,1
body_state_setup,graph_wide,1,0,14,352,0,0,0,0,0
machine_state_setup,graph_wide,1,0,15,334,0,0,0,0,1
body_state_setup,graph_wide,1,0,15,334,0,0,0,0,0
machine_state_setup,graph_wide,1,0,16,333,0,0,0,0,1
body_state_setup,graph_wide,1,0,16,389,0,0,0,0,0
machine_state_setup,graph_wide,1,0,17,426,0,0,0,0,1
body_state_setup,graph_wide,1,0,17,352,0,0,0,0,0
machine_state_setup,graph_wide,1,0,18,407,0,0,0,0,1
body_state_setup,graph_wide,1,0,18,352,0,0,0,0,0
machine_state_setup,graph_wide,1,0,19,352,0,0,0,0,1
body_state_setup,graph_wide,1,0,19,389,0,0,0,0,0
machine_state_setup,graph_wide,1,0,20,352,0,0,0,0,1
body_state_setup,graph_wide,1,0,20,389,0,0,0,0,0
machine_state_setup,graph_wide,1,0,21,407,0,0,0,0,1
body_state_setup,graph_wide,1,0,21,351,0,0,0,0,0
machine_state_setup,graph_wide,1,0,22,333,0,0,0,0,1
body_state_setup,graph_wide,1,0,22,352,0,0,0,0,0
machine_state_setup,graph_wide,1,0,23,333,0,0,0,0,1
body_state_setup,graph_wide,1,0,23,333,0,0,0,0,0
machine_state_setup,graph_wide,1,0,24,352,0,0,0,0,1
body_state_setup,graph_wide,1,0,24,388,0,0,0,0,0
machine_state_setup,graph_wide,1,0,25,388,0,0,0,0,1
body_state_setup,graph_wide,1,0,25,371,0,0,0,0,0
machine_state_setup,graph_wide,1,0,26,334,0,0,0,0,1
body_state_setup,graph_wide,1,0,26,407,0,0,0,0,0
machine_state_setup,graph_wide,1,0,27,333,0,0,0,0,1
body_state_setup,graph_wide,1,0,27,334,0,0,0,0,0
machine_state_setup,graph_wide,1,0,28,314,0,0,0,0,1
body_state_setup,graph_wide,1,0,28,389,0,0,0,0,0
machine_state_setup,graph_wide,1,0,29,407,0,0,0,0,1
body_state_setup,graph_wide,1,0,29,352,0,0,0,0,0
machine_state_setup,graph_wide,1,0,30,333,0,0,0,0,1
body_state_setup,graph_wide,1,0,30,352,0,0,0,0,0
machine_state_setup,graph_wide,1,0,31,352,0,0,0,0,1
body_state_setup,graph_wide,1,0,31,370,0,0,0,0,0
machine_state_setup,graph_wide,1,0,32,334,0,0,0,0,1
body_state_setup,graph_wide,1,0,32,370,0,0,0,0,0
machine_state_setup,graph_wide,1,0,33,389,0,0,0,0,1
body_state_setup,graph_wide,1,0,33,352,0,0,0,0,0
machine_state_setup,graph_wide,1,0,34,333,0,0,0,0,1
body_state_setup,graph_wide,1,0,34,352,0,0,0,0,0
machine_state_setup,graph_wide,1,0,35,352,0,0,0,0,1
body_state_setup,graph_wide,1,0,35,352,0,0,0,0,0
machine_state_setup,graph_wide,1,0,36,334,0,0,0,0,1
body_state_setup,graph_wide,1,0,36,389,0,0,0,0,0
machine_state_setup,graph_wide,1,0,37,389,0,0,0,0,1
body_state_setup,graph_wide,1,0,37,352,0,0,0,0,0
machine_state_setup,graph_wide,1,0,38,333,0,0,0,0,1
body_state_setup,graph_wide,1,0,38,333,0,0,0,0,0
machine_state_setup,graph_wide,1,0,39,334,0,0,0,0,1
body_state_setup,graph_wide,1,0,39,352,0,0,0,0,0
fixture_generation,graph_sparse,1,0,0,241,0,0,0,0,5
fixture_generation,graph_sparse,1,0,1,222,0,0,0,0,5
fixture_generation,graph_sparse,1,0,2,204,0,0,0,0,5
fixture_generation,graph_sparse,1,0,3,203,0,0,0,0,5
fixture_generation,graph_sparse,1,0,4,241,0,0,0,0,5
fixture_generation,graph_sparse,1,0,5,334,0,0,0,0,5
fixture_generation,graph_sparse,1,0,6,259,0,0,0,0,5
fixture_generation,graph_sparse,1,0,7,352,0,0,0,0,5
fixture_generation,graph_sparse,1,0,8,241,0,0,0,0,5
fixture_generation,graph_sparse,1,0,9,259,0,0,0,0,5
fixture_generation,graph_sparse,1,0,10,296,0,0,0,0,5
fixture_generation,graph_sparse,1,0,11,223,0,0,0,0,5
fixture_generation,graph_sparse,1,0,12,222,0,0,0,0,5
fixture_generation,graph_sparse,1,0,13,222,0,0,0,0,5
fixture_generation,graph_sparse,1,0,14,241,0,0,0,0,5
fixture_generation,graph_sparse,1,0,15,241,0,0,0,0,5
fixture_generation,graph_sparse,1,0,16,278,0,0,0,0,5
fixture_generation,graph_sparse,1,0,17,240,0,0,0,0,5
fixture_generation,graph_sparse,1,0,18,222,0,0,0,0,5
fixture_generation,graph_sparse,1,0,19,240,0,0,0,0,5
plan_build,graph_sparse,1,0,0,4593,0,0,0,0,12
plan_build,graph_sparse,1,0,1,2908,0,0,0,0,12
plan_build,graph_sparse,1,0,2,2723,0,0,0,0,12
plan_build,graph_sparse,1,0,3,2667,0,0,0,0,12
plan_build,graph_sparse,1,0,4,2629,0,0,0,0,12
plan_build,graph_sparse,1,0,5,2908,0,0,0,0,12
plan_build,graph_sparse,1,0,6,2629,0,0,0,0,12
plan_build,graph_sparse,1,0,7,2612,0,0,0,0,12
plan_build,graph_sparse,1,0,8,2611,0,0,0,0,12
plan_build,graph_sparse,1,0,9,2630,0,0,0,0,12
plan_build,graph_sparse,1,0,10,2629,0,0,0,0,12
plan_build,graph_sparse,1,0,11,2648,0,0,0,0,12
plan_build,graph_sparse,1,0,12,2630,0,0,0,0,12
plan_build,graph_sparse,1,0,13,2611,0,0,0,0,12
plan_build,graph_sparse,1,0,14,2611,0,0,0,0,12
plan_build,graph_sparse,1,0,15,2611,0,0,0,0,12
plan_build,graph_sparse,1,0,16,2630,0,0,0,0,12
plan_build,graph_sparse,1,0,17,2760,0,0,0,0,12
plan_build,graph_sparse,1,0,18,2629,0,0,0,0,12
plan_build,graph_sparse,1,0,19,2704,0,0,0,0,12
plan_build_alloc,graph_sparse,1,0,0,0,36,6764,0,0,12
plan_declaration,graph_sparse,1,0,0,1444,0,0,0,0,1
plan_validation_freeze,graph_sparse,1,0,0,1814,0,0,0,0,12
plan_declaration,graph_sparse,1,0,1,1240,0,0,0,0,1
plan_validation_freeze,graph_sparse,1,0,1,1852,0,0,0,0,12
plan_declaration,graph_sparse,1,0,2,1222,0,0,0,0,1
plan_validation_freeze,graph_sparse,1,0,2,1796,0,0,0,0,12
plan_declaration,graph_sparse,1,0,3,1185,0,0,0,0,1
plan_validation_freeze,graph_sparse,1,0,3,1814,0,0,0,0,12
plan_declaration,graph_sparse,1,0,4,1259,0,0,0,0,1
plan_validation_freeze,graph_sparse,1,0,4,1852,0,0,0,0,12
plan_declaration,graph_sparse,1,0,5,1185,0,0,0,0,1
plan_validation_freeze,graph_sparse,1,0,5,1815,0,0,0,0,12
plan_declaration,graph_sparse,1,0,6,1241,0,0,0,0,1
plan_validation_freeze,graph_sparse,1,0,6,1815,0,0,0,0,12
plan_declaration,graph_sparse,1,0,7,1240,0,0,0,0,1
plan_validation_freeze,graph_sparse,1,0,7,1797,0,0,0,0,12
plan_declaration,graph_sparse,1,0,8,1203,0,0,0,0,1
plan_validation_freeze,graph_sparse,1,0,8,1796,0,0,0,0,12
plan_declaration,graph_sparse,1,0,9,1278,0,0,0,0,1
plan_validation_freeze,graph_sparse,1,0,9,1815,0,0,0,0,12
plan_declaration,graph_sparse,1,0,10,1277,0,0,0,0,1
plan_validation_freeze,graph_sparse,1,0,10,1852,0,0,0,0,12
plan_declaration,graph_sparse,1,0,11,1241,0,0,0,0,1
plan_validation_freeze,graph_sparse,1,0,11,1852,0,0,0,0,12
plan_declaration,graph_sparse,1,0,12,1222,0,0,0,0,1
plan_validation_freeze,graph_sparse,1,0,12,1833,0,0,0,0,12
plan_declaration,graph_sparse,1,0,13,1203,0,0,0,0,1
plan_validation_freeze,graph_sparse,1,0,13,1797,0,0,0,0,12
plan_declaration,graph_sparse,1,0,14,1241,0,0,0,0,1
plan_validation_freeze,graph_sparse,1,0,14,1833,0,0,0,0,12
plan_declaration,graph_sparse,1,0,15,1185,0,0,0,0,1
plan_validation_freeze,graph_sparse,1,0,15,1796,0,0,0,0,12
plan_declaration,graph_sparse,1,0,16,1222,0,0,0,0,1
plan_validation_freeze,graph_sparse,1,0,16,1815,0,0,0,0,12
plan_declaration,graph_sparse,1,0,17,1185,0,0,0,0,1
plan_validation_freeze,graph_sparse,1,0,17,1815,0,0,0,0,12
plan_declaration,graph_sparse,1,0,18,1186,0,0,0,0,1
plan_validation_freeze,graph_sparse,1,0,18,1833,0,0,0,0,12
plan_declaration,graph_sparse,1,0,19,1204,0,0,0,0,1
plan_validation_freeze,graph_sparse,1,0,19,1815,0,0,0,0,12
plan_declaration_alloc,graph_sparse,1,0,0,0,16,2179,0,0,1
plan_validation_freeze_alloc,graph_sparse,1,0,0,0,20,4585,0,0,12
engine_execution,graph_sparse,1,0,0,11630,0,0,0,0,1
engine_execution,graph_sparse,1,0,1,11334,0,0,0,0,0
engine_execution,graph_sparse,1,0,2,11500,0,0,0,0,3
engine_execution,graph_sparse,1,0,3,11352,0,0,0,0,2
engine_execution,graph_sparse,1,0,4,11333,0,0,0,0,5
engine_execution,graph_sparse,1,0,5,11148,0,0,0,0,4
engine_execution,graph_sparse,1,0,6,11148,0,0,0,0,7
engine_execution,graph_sparse,1,0,7,10963,0,0,0,0,6
engine_execution,graph_sparse,1,0,8,11204,0,0,0,0,9
engine_execution,graph_sparse,1,0,9,11074,0,0,0,0,8
engine_execution,graph_sparse,1,0,10,11334,0,0,0,0,11
engine_execution,graph_sparse,1,0,11,10870,0,0,0,0,10
engine_execution,graph_sparse,1,0,12,11222,0,0,0,0,13
engine_execution,graph_sparse,1,0,13,11186,0,0,0,0,12
engine_execution,graph_sparse,1,0,14,11759,0,0,0,0,15
engine_execution,graph_sparse,1,0,15,11352,0,0,0,0,14
engine_execution,graph_sparse,1,0,16,11463,0,0,0,0,17
engine_execution,graph_sparse,1,0,17,11167,0,0,0,0,16
engine_execution,graph_sparse,1,0,18,11333,0,0,0,0,19
engine_execution,graph_sparse,1,0,19,11130,0,0,0,0,18
engine_execution,graph_sparse,1,0,20,11259,0,0,0,0,21
engine_execution,graph_sparse,1,0,21,11445,0,0,0,0,20
engine_execution,graph_sparse,1,0,22,11611,0,0,0,0,23
engine_execution,graph_sparse,1,0,23,11222,0,0,0,0,22
engine_execution,graph_sparse,1,0,24,11296,0,0,0,0,25
engine_execution,graph_sparse,1,0,25,11500,0,0,0,0,24
engine_execution,graph_sparse,1,0,26,11463,0,0,0,0,27
engine_execution,graph_sparse,1,0,27,11315,0,0,0,0,26
engine_execution,graph_sparse,1,0,28,11241,0,0,0,0,29
engine_execution,graph_sparse,1,0,29,11370,0,0,0,0,28
engine_execution,graph_sparse,1,0,30,11111,0,0,0,0,31
engine_execution,graph_sparse,1,0,31,11111,0,0,0,0,30
engine_execution,graph_sparse,1,0,32,11037,0,0,0,0,33
engine_execution,graph_sparse,1,0,33,11185,0,0,0,0,32
engine_execution,graph_sparse,1,0,34,11408,0,0,0,0,35
engine_execution,graph_sparse,1,0,35,11407,0,0,0,0,34
engine_execution,graph_sparse,1,0,36,11426,0,0,0,0,37
engine_execution,graph_sparse,1,0,37,11315,0,0,0,0,36
engine_execution,graph_sparse,1,0,38,11240,0,0,0,0,39
engine_execution,graph_sparse,1,0,39,11186,0,0,0,0,38
engine_execution_alloc,graph_sparse,1,0,0,0,102,11797,0,0,23131
machine_state_setup,graph_sparse,1,0,0,463,0,0,0,0,1
body_state_setup,graph_sparse,1,0,0,389,0,0,0,0,0
machine_state_setup,graph_sparse,1,0,1,389,0,0,0,0,1
body_state_setup,graph_sparse,1,0,1,352,0,0,0,0,0
machine_state_setup,graph_sparse,1,0,2,352,0,0,0,0,1
body_state_setup,graph_sparse,1,0,2,463,0,0,0,0,0
machine_state_setup,graph_sparse,1,0,3,315,0,0,0,0,1
body_state_setup,graph_sparse,1,0,3,314,0,0,0,0,0
machine_state_setup,graph_sparse,1,0,4,352,0,0,0,0,1
body_state_setup,graph_sparse,1,0,4,389,0,0,0,0,0
machine_state_setup,graph_sparse,1,0,5,333,0,0,0,0,1
body_state_setup,graph_sparse,1,0,5,333,0,0,0,0,0
machine_state_setup,graph_sparse,1,0,6,333,0,0,0,0,1
body_state_setup,graph_sparse,1,0,6,333,0,0,0,0,0
machine_state_setup,graph_sparse,1,0,7,315,0,0,0,0,1
body_state_setup,graph_sparse,1,0,7,593,0,0,0,0,0
machine_state_setup,graph_sparse,1,0,8,333,0,0,0,0,1
body_state_setup,graph_sparse,1,0,8,426,0,0,0,0,0
machine_state_setup,graph_sparse,1,0,9,426,0,0,0,0,1
body_state_setup,graph_sparse,1,0,9,371,0,0,0,0,0
machine_state_setup,graph_sparse,1,0,10,334,0,0,0,0,1
body_state_setup,graph_sparse,1,0,10,352,0,0,0,0,0
machine_state_setup,graph_sparse,1,0,11,333,0,0,0,0,1
body_state_setup,graph_sparse,1,0,11,388,0,0,0,0,0
machine_state_setup,graph_sparse,1,0,12,407,0,0,0,0,1
body_state_setup,graph_sparse,1,0,12,352,0,0,0,0,0
machine_state_setup,graph_sparse,1,0,13,334,0,0,0,0,1
body_state_setup,graph_sparse,1,0,13,352,0,0,0,0,0
machine_state_setup,graph_sparse,1,0,14,333,0,0,0,0,1
body_state_setup,graph_sparse,1,0,14,388,0,0,0,0,0
machine_state_setup,graph_sparse,1,0,15,407,0,0,0,0,1
body_state_setup,graph_sparse,1,0,15,352,0,0,0,0,0
machine_state_setup,graph_sparse,1,0,16,334,0,0,0,0,1
body_state_setup,graph_sparse,1,0,16,352,0,0,0,0,0
machine_state_setup,graph_sparse,1,0,17,334,0,0,0,0,1
body_state_setup,graph_sparse,1,0,17,370,0,0,0,0,0
machine_state_setup,graph_sparse,1,0,18,333,0,0,0,0,1
body_state_setup,graph_sparse,1,0,18,426,0,0,0,0,0
machine_state_setup,graph_sparse,1,0,19,333,0,0,0,0,1
body_state_setup,graph_sparse,1,0,19,352,0,0,0,0,0
machine_state_setup,graph_sparse,1,0,20,334,0,0,0,0,1
body_state_setup,graph_sparse,1,0,20,352,0,0,0,0,0
machine_state_setup,graph_sparse,1,0,21,334,0,0,0,0,1
body_state_setup,graph_sparse,1,0,21,352,0,0,0,0,0
machine_state_setup,graph_sparse,1,0,22,333,0,0,0,0,1
body_state_setup,graph_sparse,1,0,22,389,0,0,0,0,0
machine_state_setup,graph_sparse,1,0,23,407,0,0,0,0,1
body_state_setup,graph_sparse,1,0,23,352,0,0,0,0,0
machine_state_setup,graph_sparse,1,0,24,351,0,0,0,0,1
body_state_setup,graph_sparse,1,0,24,352,0,0,0,0,0
machine_state_setup,graph_sparse,1,0,25,334,0,0,0,0,1
body_state_setup,graph_sparse,1,0,25,352,0,0,0,0,0
machine_state_setup,graph_sparse,1,0,26,315,0,0,0,0,1
body_state_setup,graph_sparse,1,0,26,389,0,0,0,0,0
machine_state_setup,graph_sparse,1,0,27,389,0,0,0,0,1
body_state_setup,graph_sparse,1,0,27,352,0,0,0,0,0
machine_state_setup,graph_sparse,1,0,28,333,0,0,0,0,1
body_state_setup,graph_sparse,1,0,28,481,0,0,0,0,0
machine_state_setup,graph_sparse,1,0,29,370,0,0,0,0,1
body_state_setup,graph_sparse,1,0,29,351,0,0,0,0,0
machine_state_setup,graph_sparse,1,0,30,352,0,0,0,0,1
body_state_setup,graph_sparse,1,0,30,352,0,0,0,0,0
machine_state_setup,graph_sparse,1,0,31,334,0,0,0,0,1
body_state_setup,graph_sparse,1,0,31,352,0,0,0,0,0
machine_state_setup,graph_sparse,1,0,32,333,0,0,0,0,1
body_state_setup,graph_sparse,1,0,32,371,0,0,0,0,0
machine_state_setup,graph_sparse,1,0,33,334,0,0,0,0,1
body_state_setup,graph_sparse,1,0,33,371,0,0,0,0,0
machine_state_setup,graph_sparse,1,0,34,352,0,0,0,0,1
body_state_setup,graph_sparse,1,0,34,500,0,0,0,0,0
machine_state_setup,graph_sparse,1,0,35,371,0,0,0,0,1
body_state_setup,graph_sparse,1,0,35,333,0,0,0,0,0
machine_state_setup,graph_sparse,1,0,36,315,0,0,0,0,1
body_state_setup,graph_sparse,1,0,36,333,0,0,0,0,0
machine_state_setup,graph_sparse,1,0,37,334,0,0,0,0,1
body_state_setup,graph_sparse,1,0,37,352,0,0,0,0,0
machine_state_setup,graph_sparse,1,0,38,333,0,0,0,0,1
body_state_setup,graph_sparse,1,0,38,352,0,0,0,0,0
machine_state_setup,graph_sparse,1,0,39,352,0,0,0,0,1
body_state_setup,graph_sparse,1,0,39,352,0,0,0,0,0
fixture_generation,graph_chain,10,9,0,1407,0,0,0,0,50
fixture_generation,graph_chain,10,9,1,1352,0,0,0,0,50
fixture_generation,graph_chain,10,9,2,1296,0,0,0,0,50
fixture_generation,graph_chain,10,9,3,1315,0,0,0,0,50
fixture_generation,graph_chain,10,9,4,1296,0,0,0,0,50
fixture_generation,graph_chain,10,9,5,1296,0,0,0,0,50
fixture_generation,graph_chain,10,9,6,1352,0,0,0,0,50
fixture_generation,graph_chain,10,9,7,1389,0,0,0,0,50
fixture_generation,graph_chain,10,9,8,1296,0,0,0,0,50
fixture_generation,graph_chain,10,9,9,1296,0,0,0,0,50
fixture_generation,graph_chain,10,9,10,1315,0,0,0,0,50
fixture_generation,graph_chain,10,9,11,1296,0,0,0,0,50
fixture_generation,graph_chain,10,9,12,1296,0,0,0,0,50
fixture_generation,graph_chain,10,9,13,1278,0,0,0,0,50
fixture_generation,graph_chain,10,9,14,8352,0,0,0,0,50
fixture_generation,graph_chain,10,9,15,1333,0,0,0,0,50
fixture_generation,graph_chain,10,9,16,1389,0,0,0,0,50
fixture_generation,graph_chain,10,9,17,1278,0,0,0,0,50
fixture_generation,graph_chain,10,9,18,1296,0,0,0,0,50
fixture_generation,graph_chain,10,9,19,1297,0,0,0,0,50
plan_build,graph_chain,10,9,0,17796,0,0,0,0,11
plan_build,graph_chain,10,9,1,15648,0,0,0,0,11
plan_build,graph_chain,10,9,2,14834,0,0,0,0,11
plan_build,graph_chain,10,9,3,14259,0,0,0,0,11
plan_build,graph_chain,10,9,4,14148,0,0,0,0,11
plan_build,graph_chain,10,9,5,14260,0,0,0,0,11
plan_build,graph_chain,10,9,6,13778,0,0,0,0,11
plan_build,graph_chain,10,9,7,14074,0,0,0,0,11
plan_build,graph_chain,10,9,8,13889,0,0,0,0,11
plan_build,graph_chain,10,9,9,13555,0,0,0,0,11
plan_build,graph_chain,10,9,10,13982,0,0,0,0,11
plan_build,graph_chain,10,9,11,13685,0,0,0,0,11
plan_build,graph_chain,10,9,12,13482,0,0,0,0,11
plan_build,graph_chain,10,9,13,13759,0,0,0,0,11
plan_build,graph_chain,10,9,14,13796,0,0,0,0,11
plan_build,graph_chain,10,9,15,13555,0,0,0,0,11
plan_build,graph_chain,10,9,16,13575,0,0,0,0,11
plan_build,graph_chain,10,9,17,13315,0,0,0,0,11
plan_build,graph_chain,10,9,18,13518,0,0,0,0,11
plan_build,graph_chain,10,9,19,13519,0,0,0,0,11
plan_build_alloc,graph_chain,10,9,0,0,162,35553,0,0,11
plan_declaration,graph_chain,10,9,0,6981,0,0,0,0,10
plan_validation_freeze,graph_chain,10,9,0,8500,0,0,0,0,11
plan_declaration,graph_chain,10,9,1,6537,0,0,0,0,10
plan_validation_freeze,graph_chain,10,9,1,8519,0,0,0,0,11
plan_declaration,graph_chain,10,9,2,6463,0,0,0,0,10
plan_validation_freeze,graph_chain,10,9,2,8370,0,0,0,0,11
plan_declaration,graph_chain,10,9,3,6463,0,0,0,0,10
plan_validation_freeze,graph_chain,10,9,3,8389,0,0,0,0,11
plan_declaration,graph_chain,10,9,4,6334,0,0,0,0,10
plan_validation_freeze,graph_chain,10,9,4,8370,0,0,0,0,11
plan_declaration,graph_chain,10,9,5,6445,0,0,0,0,10
plan_validation_freeze,graph_chain,10,9,5,8241,0,0,0,0,11
plan_declaration,graph_chain,10,9,6,6593,0,0,0,0,10
plan_validation_freeze,graph_chain,10,9,6,8278,0,0,0,0,11
plan_declaration,graph_chain,10,9,7,6555,0,0,0,0,10
plan_validation_freeze,graph_chain,10,9,7,8240,0,0,0,0,11
plan_declaration,graph_chain,10,9,8,6481,0,0,0,0,10
plan_validation_freeze,graph_chain,10,9,8,8334,0,0,0,0,11
plan_declaration,graph_chain,10,9,9,6315,0,0,0,0,10
plan_validation_freeze,graph_chain,10,9,9,8297,0,0,0,0,11
plan_declaration,graph_chain,10,9,10,6408,0,0,0,0,10
plan_validation_freeze,graph_chain,10,9,10,8093,0,0,0,0,11
plan_declaration,graph_chain,10,9,11,6574,0,0,0,0,10
plan_validation_freeze,graph_chain,10,9,11,8185,0,0,0,0,11
plan_declaration,graph_chain,10,9,12,6648,0,0,0,0,10
plan_validation_freeze,graph_chain,10,9,12,8426,0,0,0,0,11
plan_declaration,graph_chain,10,9,13,6667,0,0,0,0,10
plan_validation_freeze,graph_chain,10,9,13,8481,0,0,0,0,11
plan_declaration,graph_chain,10,9,14,6370,0,0,0,0,10
plan_validation_freeze,graph_chain,10,9,14,8223,0,0,0,0,11
plan_declaration,graph_chain,10,9,15,6371,0,0,0,0,10
plan_validation_freeze,graph_chain,10,9,15,8296,0,0,0,0,11
plan_declaration,graph_chain,10,9,16,6352,0,0,0,0,10
plan_validation_freeze,graph_chain,10,9,16,8222,0,0,0,0,11
plan_declaration,graph_chain,10,9,17,6278,0,0,0,0,10
plan_validation_freeze,graph_chain,10,9,17,8371,0,0,0,0,11
plan_declaration,graph_chain,10,9,18,6407,0,0,0,0,10
plan_validation_freeze,graph_chain,10,9,18,8223,0,0,0,0,11
plan_declaration,graph_chain,10,9,19,6278,0,0,0,0,10
plan_validation_freeze,graph_chain,10,9,19,8167,0,0,0,0,11
plan_declaration_alloc,graph_chain,10,9,0,0,71,14196,0,0,10
plan_validation_freeze_alloc,graph_chain,10,9,0,0,91,21357,0,0,11
engine_execution,graph_chain,10,9,0,64389,0,0,0,0,0
engine_execution,graph_chain,10,9,1,63426,0,0,0,0,1
engine_execution,graph_chain,10,9,2,64056,0,0,0,0,2
engine_execution,graph_chain,10,9,3,63297,0,0,0,0,3
engine_execution,graph_chain,10,9,4,63797,0,0,0,0,4
engine_execution,graph_chain,10,9,5,64593,0,0,0,0,5
engine_execution,graph_chain,10,9,6,63834,0,0,0,0,6
engine_execution,graph_chain,10,9,7,63778,0,0,0,0,7
engine_execution,graph_chain,10,9,8,64130,0,0,0,0,8
engine_execution,graph_chain,10,9,9,64055,0,0,0,0,9
engine_execution,graph_chain,10,9,10,62870,0,0,0,0,10
engine_execution,graph_chain,10,9,11,63982,0,0,0,0,11
engine_execution,graph_chain,10,9,12,64463,0,0,0,0,12
engine_execution,graph_chain,10,9,13,64093,0,0,0,0,13
engine_execution,graph_chain,10,9,14,63963,0,0,0,0,14
engine_execution,graph_chain,10,9,15,63574,0,0,0,0,15
engine_execution,graph_chain,10,9,16,63981,0,0,0,0,16
engine_execution,graph_chain,10,9,17,64315,0,0,0,0,17
engine_execution,graph_chain,10,9,18,64426,0,0,0,0,18
engine_execution,graph_chain,10,9,19,64019,0,0,0,0,19
engine_execution,graph_chain,10,9,20,64315,0,0,0,0,20
engine_execution,graph_chain,10,9,21,64000,0,0,0,0,21
engine_execution,graph_chain,10,9,22,63500,0,0,0,0,22
engine_execution,graph_chain,10,9,23,63593,0,0,0,0,23
engine_execution,graph_chain,10,9,24,64241,0,0,0,0,24
engine_execution,graph_chain,10,9,25,63686,0,0,0,0,25
engine_execution,graph_chain,10,9,26,64093,0,0,0,0,26
engine_execution,graph_chain,10,9,27,64129,0,0,0,0,27
engine_execution,graph_chain,10,9,28,63463,0,0,0,0,28
engine_execution,graph_chain,10,9,29,64481,0,0,0,0,29
engine_execution,graph_chain,10,9,30,63463,0,0,0,0,30
engine_execution,graph_chain,10,9,31,63204,0,0,0,0,31
engine_execution,graph_chain,10,9,32,63555,0,0,0,0,32
engine_execution,graph_chain,10,9,33,63408,0,0,0,0,33
engine_execution,graph_chain,10,9,34,63223,0,0,0,0,34
engine_execution,graph_chain,10,9,35,63889,0,0,0,0,35
engine_execution,graph_chain,10,9,36,64001,0,0,0,0,36
engine_execution,graph_chain,10,9,37,63334,0,0,0,0,37
engine_execution,graph_chain,10,9,38,63685,0,0,0,0,38
engine_execution,graph_chain,10,9,39,63315,0,0,0,0,39
engine_execution_alloc,graph_chain,10,9,0,0,575,47080,0,0,23130
machine_state_setup,graph_chain,10,9,0,4574,0,0,0,0,10
body_state_setup,graph_chain,10,9,0,500,0,0,0,0,0
machine_state_setup,graph_chain,10,9,1,2000,0,0,0,0,10
body_state_setup,graph_chain,10,9,1,352,0,0,0,0,0
machine_state_setup,graph_chain,10,9,2,1833,0,0,0,0,10
body_state_setup,graph_chain,10,9,2,352,0,0,0,0,0
machine_state_setup,graph_chain,10,9,3,1778,0,0,0,0,10
body_state_setup,graph_chain,10,9,3,334,0,0,0,0,0
machine_state_setup,graph_chain,10,9,4,1778,0,0,0,0,10
body_state_setup,graph_chain,10,9,4,334,0,0,0,0,0
machine_state_setup,graph_chain,10,9,5,1778,0,0,0,0,10
body_state_setup,graph_chain,10,9,5,315,0,0,0,0,0
machine_state_setup,graph_chain,10,9,6,1759,0,0,0,0,10
body_state_setup,graph_chain,10,9,6,315,0,0,0,0,0
machine_state_setup,graph_chain,10,9,7,1778,0,0,0,0,10
body_state_setup,graph_chain,10,9,7,334,0,0,0,0,0
machine_state_setup,graph_chain,10,9,8,1852,0,0,0,0,10
body_state_setup,graph_chain,10,9,8,333,0,0,0,0,0
machine_state_setup,graph_chain,10,9,9,1852,0,0,0,0,10
body_state_setup,graph_chain,10,9,9,333,0,0,0,0,0
machine_state_setup,graph_chain,10,9,10,1852,0,0,0,0,10
body_state_setup,graph_chain,10,9,10,333,0,0,0,0,0
machine_state_setup,graph_chain,10,9,11,1907,0,0,0,0,10
body_state_setup,graph_chain,10,9,11,334,0,0,0,0,0
machine_state_setup,graph_chain,10,9,12,1945,0,0,0,0,10
body_state_setup,graph_chain,10,9,12,333,0,0,0,0,0
machine_state_setup,graph_chain,10,9,13,1981,0,0,0,0,10
body_state_setup,graph_chain,10,9,13,333,0,0,0,0,0
machine_state_setup,graph_chain,10,9,14,1815,0,0,0,0,10
body_state_setup,graph_chain,10,9,14,351,0,0,0,0,0
machine_state_setup,graph_chain,10,9,15,1852,0,0,0,0,10
body_state_setup,graph_chain,10,9,15,334,0,0,0,0,0
machine_state_setup,graph_chain,10,9,16,1944,0,0,0,0,10
body_state_setup,graph_chain,10,9,16,315,0,0,0,0,0
machine_state_setup,graph_chain,10,9,17,1871,0,0,0,0,10
body_state_setup,graph_chain,10,9,17,334,0,0,0,0,0
machine_state_setup,graph_chain,10,9,18,1796,0,0,0,0,10
body_state_setup,graph_chain,10,9,18,371,0,0,0,0,0
machine_state_setup,graph_chain,10,9,19,1778,0,0,0,0,10
body_state_setup,graph_chain,10,9,19,352,0,0,0,0,0
machine_state_setup,graph_chain,10,9,20,1908,0,0,0,0,10
body_state_setup,graph_chain,10,9,20,333,0,0,0,0,0
machine_state_setup,graph_chain,10,9,21,1851,0,0,0,0,10
body_state_setup,graph_chain,10,9,21,352,0,0,0,0,0
machine_state_setup,graph_chain,10,9,22,1741,0,0,0,0,10
body_state_setup,graph_chain,10,9,22,333,0,0,0,0,0
machine_state_setup,graph_chain,10,9,23,1833,0,0,0,0,10
body_state_setup,graph_chain,10,9,23,333,0,0,0,0,0
machine_state_setup,graph_chain,10,9,24,1889,0,0,0,0,10
body_state_setup,graph_chain,10,9,24,334,0,0,0,0,0
machine_state_setup,graph_chain,10,9,25,1815,0,0,0,0,10
body_state_setup,graph_chain,10,9,25,351,0,0,0,0,0
machine_state_setup,graph_chain,10,9,26,1741,0,0,0,0,10
body_state_setup,graph_chain,10,9,26,334,0,0,0,0,0
machine_state_setup,graph_chain,10,9,27,1796,0,0,0,0,10
body_state_setup,graph_chain,10,9,27,333,0,0,0,0,0
machine_state_setup,graph_chain,10,9,28,1908,0,0,0,0,10
body_state_setup,graph_chain,10,9,28,315,0,0,0,0,0
machine_state_setup,graph_chain,10,9,29,1815,0,0,0,0,10
body_state_setup,graph_chain,10,9,29,333,0,0,0,0,0
machine_state_setup,graph_chain,10,9,30,1759,0,0,0,0,10
body_state_setup,graph_chain,10,9,30,370,0,0,0,0,0
machine_state_setup,graph_chain,10,9,31,1760,0,0,0,0,10
body_state_setup,graph_chain,10,9,31,334,0,0,0,0,0
machine_state_setup,graph_chain,10,9,32,1778,0,0,0,0,10
body_state_setup,graph_chain,10,9,32,315,0,0,0,0,0
machine_state_setup,graph_chain,10,9,33,1741,0,0,0,0,10
body_state_setup,graph_chain,10,9,33,333,0,0,0,0,0
machine_state_setup,graph_chain,10,9,34,1760,0,0,0,0,10
body_state_setup,graph_chain,10,9,34,352,0,0,0,0,0
machine_state_setup,graph_chain,10,9,35,1797,0,0,0,0,10
body_state_setup,graph_chain,10,9,35,352,0,0,0,0,0
machine_state_setup,graph_chain,10,9,36,1722,0,0,0,0,10
body_state_setup,graph_chain,10,9,36,352,0,0,0,0,0
machine_state_setup,graph_chain,10,9,37,1722,0,0,0,0,10
body_state_setup,graph_chain,10,9,37,314,0,0,0,0,0
machine_state_setup,graph_chain,10,9,38,1833,0,0,0,0,10
body_state_setup,graph_chain,10,9,38,352,0,0,0,0,0
machine_state_setup,graph_chain,10,9,39,1908,0,0,0,0,10
body_state_setup,graph_chain,10,9,39,352,0,0,0,0,0
pure_machine_events_preseeded,graph_chain,10,9,0,22259,0,0,0,0,10
pure_machine_events_preseeded,graph_chain,10,9,1,14778,0,0,0,0,10
pure_machine_events_preseeded,graph_chain,10,9,2,14741,0,0,0,0,10
pure_machine_events_preseeded,graph_chain,10,9,3,14889,0,0,0,0,10
pure_machine_events_preseeded,graph_chain,10,9,4,14519,0,0,0,0,10
pure_machine_events_preseeded,graph_chain,10,9,5,14778,0,0,0,0,10
pure_machine_events_preseeded,graph_chain,10,9,6,14444,0,0,0,0,10
pure_machine_events_preseeded,graph_chain,10,9,7,14759,0,0,0,0,10
pure_machine_events_preseeded,graph_chain,10,9,8,14407,0,0,0,0,10
pure_machine_events_preseeded,graph_chain,10,9,9,14685,0,0,0,0,10
pure_machine_events_preseeded,graph_chain,10,9,10,14685,0,0,0,0,10
pure_machine_events_preseeded,graph_chain,10,9,11,14981,0,0,0,0,10
pure_machine_events_preseeded,graph_chain,10,9,12,14389,0,0,0,0,10
pure_machine_events_preseeded,graph_chain,10,9,13,14519,0,0,0,0,10
pure_machine_events_preseeded,graph_chain,10,9,14,14648,0,0,0,0,10
pure_machine_events_preseeded,graph_chain,10,9,15,15055,0,0,0,0,10
pure_machine_events_preseeded,graph_chain,10,9,16,14445,0,0,0,0,10
pure_machine_events_preseeded,graph_chain,10,9,17,14685,0,0,0,0,10
pure_machine_events_preseeded,graph_chain,10,9,18,14908,0,0,0,0,10
pure_machine_events_preseeded,graph_chain,10,9,19,14482,0,0,0,0,10
pure_machine_events_preseeded,graph_chain,10,9,20,14667,0,0,0,0,10
pure_machine_events_preseeded,graph_chain,10,9,21,14982,0,0,0,0,10
pure_machine_events_preseeded,graph_chain,10,9,22,14482,0,0,0,0,10
pure_machine_events_preseeded,graph_chain,10,9,23,15000,0,0,0,0,10
pure_machine_events_preseeded,graph_chain,10,9,24,14426,0,0,0,0,10
pure_machine_events_preseeded,graph_chain,10,9,25,14889,0,0,0,0,10
pure_machine_events_preseeded,graph_chain,10,9,26,14833,0,0,0,0,10
pure_machine_events_preseeded,graph_chain,10,9,27,14944,0,0,0,0,10
pure_machine_events_preseeded,graph_chain,10,9,28,14741,0,0,0,0,10
pure_machine_events_preseeded,graph_chain,10,9,29,15092,0,0,0,0,10
pure_machine_events_preseeded,graph_chain,10,9,30,14444,0,0,0,0,10
pure_machine_events_preseeded,graph_chain,10,9,31,14629,0,0,0,0,10
pure_machine_events_preseeded,graph_chain,10,9,32,14685,0,0,0,0,10
pure_machine_events_preseeded,graph_chain,10,9,33,15093,0,0,0,0,10
pure_machine_events_preseeded,graph_chain,10,9,34,14482,0,0,0,0,10
pure_machine_events_preseeded,graph_chain,10,9,35,14667,0,0,0,0,10
pure_machine_events_preseeded,graph_chain,10,9,36,14944,0,0,0,0,10
pure_machine_events_preseeded,graph_chain,10,9,37,14778,0,0,0,0,10
pure_machine_events_preseeded,graph_chain,10,9,38,15018,0,0,0,0,10
pure_machine_events_preseeded,graph_chain,10,9,39,15074,0,0,0,0,10
fixture_generation,graph_wide,10,9,0,1370,0,0,0,0,50
fixture_generation,graph_wide,10,9,1,1315,0,0,0,0,50
fixture_generation,graph_wide,10,9,2,1296,0,0,0,0,50
fixture_generation,graph_wide,10,9,3,1277,0,0,0,0,50
fixture_generation,graph_wide,10,9,4,1278,0,0,0,0,50
fixture_generation,graph_wide,10,9,5,1278,0,0,0,0,50
fixture_generation,graph_wide,10,9,6,1278,0,0,0,0,50
fixture_generation,graph_wide,10,9,7,1278,0,0,0,0,50
fixture_generation,graph_wide,10,9,8,1278,0,0,0,0,50
fixture_generation,graph_wide,10,9,9,1259,0,0,0,0,50
fixture_generation,graph_wide,10,9,10,1296,0,0,0,0,50
fixture_generation,graph_wide,10,9,11,1259,0,0,0,0,50
fixture_generation,graph_wide,10,9,12,1277,0,0,0,0,50
fixture_generation,graph_wide,10,9,13,1296,0,0,0,0,50
fixture_generation,graph_wide,10,9,14,1278,0,0,0,0,50
fixture_generation,graph_wide,10,9,15,1297,0,0,0,0,50
fixture_generation,graph_wide,10,9,16,1278,0,0,0,0,50
fixture_generation,graph_wide,10,9,17,1278,0,0,0,0,50
fixture_generation,graph_wide,10,9,18,1278,0,0,0,0,50
fixture_generation,graph_wide,10,9,19,1278,0,0,0,0,50
plan_build,graph_wide,10,9,0,17259,0,0,0,0,10
plan_build,graph_wide,10,9,1,13741,0,0,0,0,10
plan_build,graph_wide,10,9,2,12982,0,0,0,0,10
plan_build,graph_wide,10,9,3,12870,0,0,0,0,10
plan_build,graph_wide,10,9,4,12649,0,0,0,0,10
plan_build,graph_wide,10,9,5,12796,0,0,0,0,10
plan_build,graph_wide,10,9,6,12463,0,0,0,0,10
plan_build,graph_wide,10,9,7,12556,0,0,0,0,10
plan_build,graph_wide,10,9,8,12518,0,0,0,0,10
plan_build,graph_wide,10,9,9,12482,0,0,0,0,10
plan_build,graph_wide,10,9,10,12722,0,0,0,0,10
plan_build,graph_wide,10,9,11,12704,0,0,0,0,10
plan_build,graph_wide,10,9,12,12667,0,0,0,0,10
plan_build,graph_wide,10,9,13,12722,0,0,0,0,10
plan_build,graph_wide,10,9,14,12611,0,0,0,0,10
plan_build,graph_wide,10,9,15,12871,0,0,0,0,10
plan_build,graph_wide,10,9,16,12592,0,0,0,0,10
plan_build,graph_wide,10,9,17,12556,0,0,0,0,10
plan_build,graph_wide,10,9,18,12852,0,0,0,0,10
plan_build,graph_wide,10,9,19,12889,0,0,0,0,10
plan_build_alloc,graph_wide,10,9,0,0,156,35487,0,0,10
plan_declaration,graph_wide,10,9,0,6667,0,0,0,0,10
plan_validation_freeze,graph_wide,10,9,0,7926,0,0,0,0,10
plan_declaration,graph_wide,10,9,1,6204,0,0,0,0,10
plan_validation_freeze,graph_wide,10,9,1,7852,0,0,0,0,10
plan_declaration,graph_wide,10,9,2,6389,0,0,0,0,10
plan_validation_freeze,graph_wide,10,9,2,7778,0,0,0,0,10
plan_declaration,graph_wide,10,9,3,6111,0,0,0,0,10
plan_validation_freeze,graph_wide,10,9,3,7870,0,0,0,0,10
plan_declaration,graph_wide,10,9,4,6093,0,0,0,0,10
plan_validation_freeze,graph_wide,10,9,4,7778,0,0,0,0,10
plan_declaration,graph_wide,10,9,5,6315,0,0,0,0,10
plan_validation_freeze,graph_wide,10,9,5,7871,0,0,0,0,10
plan_declaration,graph_wide,10,9,6,6129,0,0,0,0,10
plan_validation_freeze,graph_wide,10,9,6,7722,0,0,0,0,10
plan_declaration,graph_wide,10,9,7,6093,0,0,0,0,10
plan_validation_freeze,graph_wide,10,9,7,7593,0,0,0,0,10
plan_declaration,graph_wide,10,9,8,6166,0,0,0,0,10
plan_validation_freeze,graph_wide,10,9,8,7759,0,0,0,0,10
plan_declaration,graph_wide,10,9,9,6112,0,0,0,0,10
plan_validation_freeze,graph_wide,10,9,9,7686,0,0,0,0,10
plan_declaration,graph_wide,10,9,10,6129,0,0,0,0,10
plan_validation_freeze,graph_wide,10,9,10,7593,0,0,0,0,10
plan_declaration,graph_wide,10,9,11,6111,0,0,0,0,10
plan_validation_freeze,graph_wide,10,9,11,7648,0,0,0,0,10
plan_declaration,graph_wide,10,9,12,6000,0,0,0,0,10
plan_validation_freeze,graph_wide,10,9,12,7686,0,0,0,0,10
plan_declaration,graph_wide,10,9,13,6222,0,0,0,0,10
plan_validation_freeze,graph_wide,10,9,13,7537,0,0,0,0,10
plan_declaration,graph_wide,10,9,14,6148,0,0,0,0,10
plan_validation_freeze,graph_wide,10,9,14,7666,0,0,0,0,10
plan_declaration,graph_wide,10,9,15,6260,0,0,0,0,10
plan_validation_freeze,graph_wide,10,9,15,7704,0,0,0,0,10
plan_declaration,graph_wide,10,9,16,6074,0,0,0,0,10
plan_validation_freeze,graph_wide,10,9,16,7500,0,0,0,0,10
plan_declaration,graph_wide,10,9,17,6241,0,0,0,0,10
plan_validation_freeze,graph_wide,10,9,17,7611,0,0,0,0,10
plan_declaration,graph_wide,10,9,18,6074,0,0,0,0,10
plan_validation_freeze,graph_wide,10,9,18,7538,0,0,0,0,10
plan_declaration,graph_wide,10,9,19,6129,0,0,0,0,10
plan_validation_freeze,graph_wide,10,9,19,7685,0,0,0,0,10
plan_declaration_alloc,graph_wide,10,9,0,0,71,14195,0,0,10
plan_validation_freeze_alloc,graph_wide,10,9,0,0,85,21292,0,0,10
engine_execution,graph_wide,10,9,0,62334,0,0,0,0,8
engine_execution,graph_wide,10,9,1,62426,0,0,0,0,9
engine_execution,graph_wide,10,9,2,62445,0,0,0,0,10
engine_execution,graph_wide,10,9,3,62592,0,0,0,0,11
engine_execution,graph_wide,10,9,4,62223,0,0,0,0,12
engine_execution,graph_wide,10,9,5,62167,0,0,0,0,13
engine_execution,graph_wide,10,9,6,64777,0,0,0,0,14
engine_execution,graph_wide,10,9,7,62666,0,0,0,0,15
engine_execution,graph_wide,10,9,8,61797,0,0,0,0,0
engine_execution,graph_wide,10,9,9,61889,0,0,0,0,1
engine_execution,graph_wide,10,9,10,61463,0,0,0,0,2
engine_execution,graph_wide,10,9,11,61778,0,0,0,0,3
engine_execution,graph_wide,10,9,12,62167,0,0,0,0,4
engine_execution,graph_wide,10,9,13,63185,0,0,0,0,5
engine_execution,graph_wide,10,9,14,62093,0,0,0,0,6
engine_execution,graph_wide,10,9,15,61982,0,0,0,0,7
engine_execution,graph_wide,10,9,16,62074,0,0,0,0,24
engine_execution,graph_wide,10,9,17,62371,0,0,0,0,25
engine_execution,graph_wide,10,9,18,62000,0,0,0,0,26
engine_execution,graph_wide,10,9,19,62130,0,0,0,0,27
engine_execution,graph_wide,10,9,20,61463,0,0,0,0,28
engine_execution,graph_wide,10,9,21,62315,0,0,0,0,29
engine_execution,graph_wide,10,9,22,61556,0,0,0,0,30
engine_execution,graph_wide,10,9,23,61760,0,0,0,0,31
engine_execution,graph_wide,10,9,24,61648,0,0,0,0,16
engine_execution,graph_wide,10,9,25,61740,0,0,0,0,17
engine_execution,graph_wide,10,9,26,61500,0,0,0,0,18
engine_execution,graph_wide,10,9,27,61759,0,0,0,0,19
engine_execution,graph_wide,10,9,28,61352,0,0,0,0,20
engine_execution,graph_wide,10,9,29,62241,0,0,0,0,21
engine_execution,graph_wide,10,9,30,61704,0,0,0,0,22
engine_execution,graph_wide,10,9,31,61389,0,0,0,0,23
engine_execution,graph_wide,10,9,32,61055,0,0,0,0,40
engine_execution,graph_wide,10,9,33,61464,0,0,0,0,41
engine_execution,graph_wide,10,9,34,66259,0,0,0,0,42
engine_execution,graph_wide,10,9,35,62426,0,0,0,0,43
engine_execution,graph_wide,10,9,36,61944,0,0,0,0,44
engine_execution,graph_wide,10,9,37,61500,0,0,0,0,45
engine_execution,graph_wide,10,9,38,61852,0,0,0,0,46
engine_execution,graph_wide,10,9,39,61648,0,0,0,0,47
engine_execution_alloc,graph_wide,10,9,0,0,558,48999,0,0,23122
machine_state_setup,graph_wide,10,9,0,4815,0,0,0,0,10
body_state_setup,graph_wide,10,9,0,463,0,0,0,0,0
machine_state_setup,graph_wide,10,9,1,1815,0,0,0,0,10
body_state_setup,graph_wide,10,9,1,389,0,0,0,0,0
machine_state_setup,graph_wide,10,9,2,1870,0,0,0,0,10
body_state_setup,graph_wide,10,9,2,352,0,0,0,0,0
machine_state_setup,graph_wide,10,9,3,1926,0,0,0,0,10
body_state_setup,graph_wide,10,9,3,333,0,0,0,0,0
machine_state_setup,graph_wide,10,9,4,1889,0,0,0,0,10
body_state_setup,graph_wide,10,9,4,352,0,0,0,0,0
machine_state_setup,graph_wide,10,9,5,1834,0,0,0,0,10
body_state_setup,graph_wide,10,9,5,315,0,0,0,0,0
machine_state_setup,graph_wide,10,9,6,1759,0,0,0,0,10
body_state_setup,graph_wide,10,9,6,314,0,0,0,0,0
machine_state_setup,graph_wide,10,9,7,1815,0,0,0,0,10
body_state_setup,graph_wide,10,9,7,334,0,0,0,0,0
machine_state_setup,graph_wide,10,9,8,1852,0,0,0,0,10
body_state_setup,graph_wide,10,9,8,333,0,0,0,0,0
machine_state_setup,graph_wide,10,9,9,1833,0,0,0,0,10
body_state_setup,graph_wide,10,9,9,334,0,0,0,0,0
machine_state_setup,graph_wide,10,9,10,1797,0,0,0,0,10
body_state_setup,graph_wide,10,9,10,333,0,0,0,0,0
machine_state_setup,graph_wide,10,9,11,1870,0,0,0,0,10
body_state_setup,graph_wide,10,9,11,351,0,0,0,0,0
machine_state_setup,graph_wide,10,9,12,1852,0,0,0,0,10
body_state_setup,graph_wide,10,9,12,370,0,0,0,0,0
machine_state_setup,graph_wide,10,9,13,1796,0,0,0,0,10
body_state_setup,graph_wide,10,9,13,333,0,0,0,0,0
machine_state_setup,graph_wide,10,9,14,1796,0,0,0,0,10
body_state_setup,graph_wide,10,9,14,371,0,0,0,0,0
machine_state_setup,graph_wide,10,9,15,1797,0,0,0,0,10
body_state_setup,graph_wide,10,9,15,334,0,0,0,0,0
machine_state_setup,graph_wide,10,9,16,1833,0,0,0,0,10
body_state_setup,graph_wide,10,9,16,333,0,0,0,0,0
machine_state_setup,graph_wide,10,9,17,1722,0,0,0,0,10
body_state_setup,graph_wide,10,9,17,314,0,0,0,0,0
machine_state_setup,graph_wide,10,9,18,1759,0,0,0,0,10
body_state_setup,graph_wide,10,9,18,315,0,0,0,0,0
machine_state_setup,graph_wide,10,9,19,1797,0,0,0,0,10
body_state_setup,graph_wide,10,9,19,333,0,0,0,0,0
machine_state_setup,graph_wide,10,9,20,1704,0,0,0,0,10
body_state_setup,graph_wide,10,9,20,315,0,0,0,0,0
machine_state_setup,graph_wide,10,9,21,1704,0,0,0,0,10
body_state_setup,graph_wide,10,9,21,334,0,0,0,0,0
machine_state_setup,graph_wide,10,9,22,1723,0,0,0,0,10
body_state_setup,graph_wide,10,9,22,333,0,0,0,0,0
machine_state_setup,graph_wide,10,9,23,1833,0,0,0,0,10
body_state_setup,graph_wide,10,9,23,370,0,0,0,0,0
machine_state_setup,graph_wide,10,9,24,1722,0,0,0,0,10
body_state_setup,graph_wide,10,9,24,351,0,0,0,0,0
machine_state_setup,graph_wide,10,9,25,1722,0,0,0,0,10
body_state_setup,graph_wide,10,9,25,315,0,0,0,0,0
machine_state_setup,graph_wide,10,9,26,1722,0,0,0,0,10
body_state_setup,graph_wide,10,9,26,333,0,0,0,0,0
machine_state_setup,graph_wide,10,9,27,1796,0,0,0,0,10
body_state_setup,graph_wide,10,9,27,333,0,0,0,0,0
machine_state_setup,graph_wide,10,9,28,1704,0,0,0,0,10
body_state_setup,graph_wide,10,9,28,315,0,0,0,0,0
machine_state_setup,graph_wide,10,9,29,1685,0,0,0,0,10
body_state_setup,graph_wide,10,9,29,333,0,0,0,0,0
machine_state_setup,graph_wide,10,9,30,1723,0,0,0,0,10
body_state_setup,graph_wide,10,9,30,389,0,0,0,0,0
machine_state_setup,graph_wide,10,9,31,1815,0,0,0,0,10
body_state_setup,graph_wide,10,9,31,333,0,0,0,0,0
machine_state_setup,graph_wide,10,9,32,1852,0,0,0,0,10
body_state_setup,graph_wide,10,9,32,315,0,0,0,0,0
machine_state_setup,graph_wide,10,9,33,1685,0,0,0,0,10
body_state_setup,graph_wide,10,9,33,333,0,0,0,0,0
machine_state_setup,graph_wide,10,9,34,1704,0,0,0,0,10
body_state_setup,graph_wide,10,9,34,352,0,0,0,0,0
machine_state_setup,graph_wide,10,9,35,1704,0,0,0,0,10
body_state_setup,graph_wide,10,9,35,352,0,0,0,0,0
machine_state_setup,graph_wide,10,9,36,1796,0,0,0,0,10
body_state_setup,graph_wide,10,9,36,334,0,0,0,0,0
machine_state_setup,graph_wide,10,9,37,1833,0,0,0,0,10
body_state_setup,graph_wide,10,9,37,352,0,0,0,0,0
machine_state_setup,graph_wide,10,9,38,1723,0,0,0,0,10
body_state_setup,graph_wide,10,9,38,334,0,0,0,0,0
machine_state_setup,graph_wide,10,9,39,1648,0,0,0,0,10
body_state_setup,graph_wide,10,9,39,315,0,0,0,0,0
fixture_generation,graph_sparse,10,9,0,1389,0,0,0,0,50
fixture_generation,graph_sparse,10,9,1,1296,0,0,0,0,50
fixture_generation,graph_sparse,10,9,2,1315,0,0,0,0,50
fixture_generation,graph_sparse,10,9,3,1278,0,0,0,0,50
fixture_generation,graph_sparse,10,9,4,1259,0,0,0,0,50
fixture_generation,graph_sparse,10,9,5,1260,0,0,0,0,50
fixture_generation,graph_sparse,10,9,6,1278,0,0,0,0,50
fixture_generation,graph_sparse,10,9,7,1259,0,0,0,0,50
fixture_generation,graph_sparse,10,9,8,1296,0,0,0,0,50
fixture_generation,graph_sparse,10,9,9,1259,0,0,0,0,50
fixture_generation,graph_sparse,10,9,10,1259,0,0,0,0,50
fixture_generation,graph_sparse,10,9,11,1278,0,0,0,0,50
fixture_generation,graph_sparse,10,9,12,1463,0,0,0,0,50
fixture_generation,graph_sparse,10,9,13,1278,0,0,0,0,50
fixture_generation,graph_sparse,10,9,14,1278,0,0,0,0,50
fixture_generation,graph_sparse,10,9,15,1259,0,0,0,0,50
fixture_generation,graph_sparse,10,9,16,1278,0,0,0,0,50
fixture_generation,graph_sparse,10,9,17,1296,0,0,0,0,50
fixture_generation,graph_sparse,10,9,18,1259,0,0,0,0,50
fixture_generation,graph_sparse,10,9,19,1278,0,0,0,0,50
plan_build,graph_sparse,10,9,0,17056,0,0,0,0,12
plan_build,graph_sparse,10,9,1,13445,0,0,0,0,12
plan_build,graph_sparse,10,9,2,12611,0,0,0,0,12
plan_build,graph_sparse,10,9,3,12519,0,0,0,0,12
plan_build,graph_sparse,10,9,4,12704,0,0,0,0,12
plan_build,graph_sparse,10,9,5,12630,0,0,0,0,12
plan_build,graph_sparse,10,9,6,12648,0,0,0,0,12
plan_build,graph_sparse,10,9,7,12444,0,0,0,0,12
plan_build,graph_sparse,10,9,8,12537,0,0,0,0,12
plan_build,graph_sparse,10,9,9,12315,0,0,0,0,12
plan_build,graph_sparse,10,9,10,12463,0,0,0,0,12
plan_build,graph_sparse,10,9,11,12482,0,0,0,0,12
plan_build,graph_sparse,10,9,12,12537,0,0,0,0,12
plan_build,graph_sparse,10,9,13,12500,0,0,0,0,12
plan_build,graph_sparse,10,9,14,12445,0,0,0,0,12
plan_build,graph_sparse,10,9,15,12463,0,0,0,0,12
plan_build,graph_sparse,10,9,16,12426,0,0,0,0,12
plan_build,graph_sparse,10,9,17,12371,0,0,0,0,12
plan_build,graph_sparse,10,9,18,12407,0,0,0,0,12
plan_build,graph_sparse,10,9,19,12407,0,0,0,0,12
plan_build_alloc,graph_sparse,10,9,0,0,158,35427,0,0,12
plan_declaration,graph_sparse,10,9,0,6851,0,0,0,0,10
plan_validation_freeze,graph_sparse,10,9,0,7630,0,0,0,0,12
plan_declaration,graph_sparse,10,9,1,6389,0,0,0,0,10
plan_validation_freeze,graph_sparse,10,9,1,7426,0,0,0,0,12
plan_declaration,graph_sparse,10,9,2,6334,0,0,0,0,10
plan_validation_freeze,graph_sparse,10,9,2,7463,0,0,0,0,12
plan_declaration,graph_sparse,10,9,3,6223,0,0,0,0,10
plan_validation_freeze,graph_sparse,10,9,3,7463,0,0,0,0,12
plan_declaration,graph_sparse,10,9,4,6259,0,0,0,0,10
plan_validation_freeze,graph_sparse,10,9,4,7556,0,0,0,0,12
plan_declaration,graph_sparse,10,9,5,6148,0,0,0,0,10
plan_validation_freeze,graph_sparse,10,9,5,7481,0,0,0,0,12
plan_declaration,graph_sparse,10,9,6,6241,0,0,0,0,10
plan_validation_freeze,graph_sparse,10,9,6,7481,0,0,0,0,12
plan_declaration,graph_sparse,10,9,7,6129,0,0,0,0,10
plan_validation_freeze,graph_sparse,10,9,7,7555,0,0,0,0,12
plan_declaration,graph_sparse,10,9,8,6334,0,0,0,0,10
plan_validation_freeze,graph_sparse,10,9,8,7519,0,0,0,0,12
plan_declaration,graph_sparse,10,9,9,6166,0,0,0,0,10
plan_validation_freeze,graph_sparse,10,9,9,7574,0,0,0,0,12
plan_declaration,graph_sparse,10,9,10,6204,0,0,0,0,10
plan_validation_freeze,graph_sparse,10,9,10,7500,0,0,0,0,12
plan_declaration,graph_sparse,10,9,11,6260,0,0,0,0,10
plan_validation_freeze,graph_sparse,10,9,11,7463,0,0,0,0,12
plan_declaration,graph_sparse,10,9,12,6371,0,0,0,0,10
plan_validation_freeze,graph_sparse,10,9,12,7426,0,0,0,0,12
plan_declaration,graph_sparse,10,9,13,6278,0,0,0,0,10
plan_validation_freeze,graph_sparse,10,9,13,7463,0,0,0,0,12
plan_declaration,graph_sparse,10,9,14,6129,0,0,0,0,10
plan_validation_freeze,graph_sparse,10,9,14,7482,0,0,0,0,12
plan_declaration,graph_sparse,10,9,15,6241,0,0,0,0,10
plan_validation_freeze,graph_sparse,10,9,15,7445,0,0,0,0,12
plan_declaration,graph_sparse,10,9,16,6167,0,0,0,0,10
plan_validation_freeze,graph_sparse,10,9,16,7518,0,0,0,0,12
plan_declaration,graph_sparse,10,9,17,6148,0,0,0,0,10
plan_validation_freeze,graph_sparse,10,9,17,7538,0,0,0,0,12
plan_declaration,graph_sparse,10,9,18,6296,0,0,0,0,10
plan_validation_freeze,graph_sparse,10,9,18,7500,0,0,0,0,12
plan_declaration,graph_sparse,10,9,19,6222,0,0,0,0,10
plan_validation_freeze,graph_sparse,10,9,19,7519,0,0,0,0,12
plan_declaration_alloc,graph_sparse,10,9,0,0,71,14197,0,0,10
plan_validation_freeze_alloc,graph_sparse,10,9,0,0,87,21230,0,0,12
engine_execution,graph_sparse,10,9,0,63278,0,0,0,0,13
engine_execution,graph_sparse,10,9,1,63000,0,0,0,0,12
engine_execution,graph_sparse,10,9,2,62667,0,0,0,0,15
engine_execution,graph_sparse,10,9,3,64074,0,0,0,0,14
engine_execution,graph_sparse,10,9,4,63055,0,0,0,0,9
engine_execution,graph_sparse,10,9,5,62649,0,0,0,0,8
engine_execution,graph_sparse,10,9,6,62241,0,0,0,0,11
engine_execution,graph_sparse,10,9,7,62352,0,0,0,0,10
engine_execution,graph_sparse,10,9,8,62427,0,0,0,0,5
engine_execution,graph_sparse,10,9,9,62278,0,0,0,0,4
engine_execution,graph_sparse,10,9,10,62685,0,0,0,0,7
engine_execution,graph_sparse,10,9,11,62297,0,0,0,0,6
engine_execution,graph_sparse,10,9,12,62629,0,0,0,0,1
engine_execution,graph_sparse,10,9,13,62740,0,0,0,0,0
engine_execution,graph_sparse,10,9,14,62481,0,0,0,0,3
engine_execution,graph_sparse,10,9,15,62315,0,0,0,0,2
engine_execution,graph_sparse,10,9,16,61723,0,0,0,0,29
engine_execution,graph_sparse,10,9,17,62259,0,0,0,0,28
engine_execution,graph_sparse,10,9,18,62760,0,0,0,0,31
engine_execution,graph_sparse,10,9,19,62611,0,0,0,0,30
engine_execution,graph_sparse,10,9,20,63167,0,0,0,0,25
engine_execution,graph_sparse,10,9,21,62389,0,0,0,0,24
engine_execution,graph_sparse,10,9,22,64001,0,0,0,0,27
engine_execution,graph_sparse,10,9,23,62759,0,0,0,0,26
engine_execution,graph_sparse,10,9,24,62723,0,0,0,0,21
engine_execution,graph_sparse,10,9,25,62111,0,0,0,0,20
engine_execution,graph_sparse,10,9,26,62871,0,0,0,0,23
engine_execution,graph_sparse,10,9,27,63148,0,0,0,0,22
engine_execution,graph_sparse,10,9,28,62334,0,0,0,0,17
engine_execution,graph_sparse,10,9,29,62704,0,0,0,0,16
engine_execution,graph_sparse,10,9,30,62222,0,0,0,0,19
engine_execution,graph_sparse,10,9,31,62185,0,0,0,0,18
engine_execution,graph_sparse,10,9,32,61870,0,0,0,0,45
engine_execution,graph_sparse,10,9,33,62611,0,0,0,0,44
engine_execution,graph_sparse,10,9,34,62277,0,0,0,0,47
engine_execution,graph_sparse,10,9,35,67982,0,0,0,0,46
engine_execution,graph_sparse,10,9,36,63352,0,0,0,0,41
engine_execution,graph_sparse,10,9,37,62001,0,0,0,0,40
engine_execution,graph_sparse,10,9,38,62297,0,0,0,0,43
engine_execution,graph_sparse,10,9,39,62018,0,0,0,0,42
engine_execution_alloc,graph_sparse,10,9,0,0,567,48041,0,0,23127
machine_state_setup,graph_sparse,10,9,0,4685,0,0,0,0,10
body_state_setup,graph_sparse,10,9,0,482,0,0,0,0,0
machine_state_setup,graph_sparse,10,9,1,1815,0,0,0,0,10
body_state_setup,graph_sparse,10,9,1,352,0,0,0,0,0
machine_state_setup,graph_sparse,10,9,2,1834,0,0,0,0,10
body_state_setup,graph_sparse,10,9,2,371,0,0,0,0,0
machine_state_setup,graph_sparse,10,9,3,1834,0,0,0,0,10
body_state_setup,graph_sparse,10,9,3,334,0,0,0,0,0
machine_state_setup,graph_sparse,10,9,4,1815,0,0,0,0,10
body_state_setup,graph_sparse,10,9,4,334,0,0,0,0,0
machine_state_setup,graph_sparse,10,9,5,1889,0,0,0,0,10
body_state_setup,graph_sparse,10,9,5,408,0,0,0,0,0
machine_state_setup,graph_sparse,10,9,6,1760,0,0,0,0,10
body_state_setup,graph_sparse,10,9,6,351,0,0,0,0,0
machine_state_setup,graph_sparse,10,9,7,1704,0,0,0,0,10
body_state_setup,graph_sparse,10,9,7,334,0,0,0,0,0
machine_state_setup,graph_sparse,10,9,8,1945,0,0,0,0,10
body_state_setup,graph_sparse,10,9,8,333,0,0,0,0,0
machine_state_setup,graph_sparse,10,9,9,1814,0,0,0,0,10
body_state_setup,graph_sparse,10,9,9,315,0,0,0,0,0
machine_state_setup,graph_sparse,10,9,10,1778,0,0,0,0,10
body_state_setup,graph_sparse,10,9,10,333,0,0,0,0,0
machine_state_setup,graph_sparse,10,9,11,1759,0,0,0,0,10
body_state_setup,graph_sparse,10,9,11,334,0,0,0,0,0
machine_state_setup,graph_sparse,10,9,12,1759,0,0,0,0,10
body_state_setup,graph_sparse,10,9,12,315,0,0,0,0,0
machine_state_setup,graph_sparse,10,9,13,1815,0,0,0,0,10
body_state_setup,graph_sparse,10,9,13,352,0,0,0,0,0
machine_state_setup,graph_sparse,10,9,14,1870,0,0,0,0,10
body_state_setup,graph_sparse,10,9,14,315,0,0,0,0,0
machine_state_setup,graph_sparse,10,9,15,1741,0,0,0,0,10
body_state_setup,graph_sparse,10,9,15,334,0,0,0,0,0
machine_state_setup,graph_sparse,10,9,16,1778,0,0,0,0,10
body_state_setup,graph_sparse,10,9,16,333,0,0,0,0,0
machine_state_setup,graph_sparse,10,9,17,1722,0,0,0,0,10
body_state_setup,graph_sparse,10,9,17,333,0,0,0,0,0
machine_state_setup,graph_sparse,10,9,18,1833,0,0,0,0,10
body_state_setup,graph_sparse,10,9,18,351,0,0,0,0,0
machine_state_setup,graph_sparse,10,9,19,1926,0,0,0,0,10
body_state_setup,graph_sparse,10,9,19,314,0,0,0,0,0
machine_state_setup,graph_sparse,10,9,20,1704,0,0,0,0,10
body_state_setup,graph_sparse,10,9,20,334,0,0,0,0,0
machine_state_setup,graph_sparse,10,9,21,1685,0,0,0,0,10
body_state_setup,graph_sparse,10,9,21,334,0,0,0,0,0
machine_state_setup,graph_sparse,10,9,22,1741,0,0,0,0,10
body_state_setup,graph_sparse,10,9,22,333,0,0,0,0,0
machine_state_setup,graph_sparse,10,9,23,1741,0,0,0,0,10
body_state_setup,graph_sparse,10,9,23,334,0,0,0,0,0
machine_state_setup,graph_sparse,10,9,24,1796,0,0,0,0,10
body_state_setup,graph_sparse,10,9,24,333,0,0,0,0,0
machine_state_setup,graph_sparse,10,9,25,1889,0,0,0,0,10
body_state_setup,graph_sparse,10,9,25,334,0,0,0,0,0
machine_state_setup,graph_sparse,10,9,26,1722,0,0,0,0,10
body_state_setup,graph_sparse,10,9,26,333,0,0,0,0,0
machine_state_setup,graph_sparse,10,9,27,1723,0,0,0,0,10
body_state_setup,graph_sparse,10,9,27,315,0,0,0,0,0
machine_state_setup,graph_sparse,10,9,28,1759,0,0,0,0,10
body_state_setup,graph_sparse,10,9,28,334,0,0,0,0,0
machine_state_setup,graph_sparse,10,9,29,1704,0,0,0,0,10
body_state_setup,graph_sparse,10,9,29,333,0,0,0,0,0
machine_state_setup,graph_sparse,10,9,30,1797,0,0,0,0,10
body_state_setup,graph_sparse,10,9,30,334,0,0,0,0,0
machine_state_setup,graph_sparse,10,9,31,1889,0,0,0,0,10
body_state_setup,graph_sparse,10,9,31,333,0,0,0,0,0
machine_state_setup,graph_sparse,10,9,32,1648,0,0,0,0,10
body_state_setup,graph_sparse,10,9,32,371,0,0,0,0,0
machine_state_setup,graph_sparse,10,9,33,1704,0,0,0,0,10
body_state_setup,graph_sparse,10,9,33,333,0,0,0,0,0
machine_state_setup,graph_sparse,10,9,34,1741,0,0,0,0,10
body_state_setup,graph_sparse,10,9,34,315,0,0,0,0,0
machine_state_setup,graph_sparse,10,9,35,1759,0,0,0,0,10
body_state_setup,graph_sparse,10,9,35,315,0,0,0,0,0
machine_state_setup,graph_sparse,10,9,36,1778,0,0,0,0,10
body_state_setup,graph_sparse,10,9,36,333,0,0,0,0,0
machine_state_setup,graph_sparse,10,9,37,1851,0,0,0,0,10
body_state_setup,graph_sparse,10,9,37,334,0,0,0,0,0
machine_state_setup,graph_sparse,10,9,38,1686,0,0,0,0,10
body_state_setup,graph_sparse,10,9,38,333,0,0,0,0,0
machine_state_setup,graph_sparse,10,9,39,1741,0,0,0,0,10
body_state_setup,graph_sparse,10,9,39,333,0,0,0,0,0
fixture_generation,graph_chain,100,99,0,16055,0,0,0,0,500
fixture_generation,graph_chain,100,99,1,15538,0,0,0,0,500
fixture_generation,graph_chain,100,99,2,15722,0,0,0,0,500
fixture_generation,graph_chain,100,99,3,15778,0,0,0,0,500
fixture_generation,graph_chain,100,99,4,15574,0,0,0,0,500
fixture_generation,graph_chain,100,99,5,16148,0,0,0,0,500
fixture_generation,graph_chain,100,99,6,15963,0,0,0,0,500
fixture_generation,graph_chain,100,99,7,16092,0,0,0,0,500
fixture_generation,graph_chain,100,99,8,16148,0,0,0,0,500
fixture_generation,graph_chain,100,99,9,16037,0,0,0,0,500
fixture_generation,graph_chain,100,99,10,15945,0,0,0,0,500
fixture_generation,graph_chain,100,99,11,15704,0,0,0,0,500
fixture_generation,graph_chain,100,99,12,16093,0,0,0,0,500
fixture_generation,graph_chain,100,99,13,15908,0,0,0,0,500
fixture_generation,graph_chain,100,99,14,15908,0,0,0,0,500
fixture_generation,graph_chain,100,99,15,15815,0,0,0,0,500
fixture_generation,graph_chain,100,99,16,16000,0,0,0,0,500
fixture_generation,graph_chain,100,99,17,16075,0,0,0,0,500
fixture_generation,graph_chain,100,99,18,15834,0,0,0,0,500
fixture_generation,graph_chain,100,99,19,16000,0,0,0,0,500
plan_build,graph_chain,100,99,0,149241,0,0,0,0,11
plan_build,graph_chain,100,99,1,142482,0,0,0,0,11
plan_build,graph_chain,100,99,2,140593,0,0,0,0,11
plan_build,graph_chain,100,99,3,139445,0,0,0,0,11
plan_build,graph_chain,100,99,4,138963,0,0,0,0,11
plan_build,graph_chain,100,99,5,139667,0,0,0,0,11
plan_build,graph_chain,100,99,6,138870,0,0,0,0,11
plan_build,graph_chain,100,99,7,138519,0,0,0,0,11
plan_build,graph_chain,100,99,8,138074,0,0,0,0,11
plan_build,graph_chain,100,99,9,138760,0,0,0,0,11
plan_build,graph_chain,100,99,10,137760,0,0,0,0,11
plan_build,graph_chain,100,99,11,138574,0,0,0,0,11
plan_build,graph_chain,100,99,12,137833,0,0,0,0,11
plan_build,graph_chain,100,99,13,136926,0,0,0,0,11
plan_build,graph_chain,100,99,14,137982,0,0,0,0,11
plan_build,graph_chain,100,99,15,137149,0,0,0,0,11
plan_build,graph_chain,100,99,16,137482,0,0,0,0,11
plan_build,graph_chain,100,99,17,137241,0,0,0,0,11
plan_build,graph_chain,100,99,18,137334,0,0,0,0,11
plan_build,graph_chain,100,99,19,137112,0,0,0,0,11
plan_build_alloc,graph_chain,100,99,0,0,1269,306567,0,0,11
plan_declaration,graph_chain,100,99,0,48944,0,0,0,0,100
plan_validation_freeze,graph_chain,100,99,0,101890,0,0,0,0,11
plan_declaration,graph_chain,100,99,1,47519,0,0,0,0,100
plan_validation_freeze,graph_chain,100,99,1,107704,0,0,0,0,11
plan_declaration,graph_chain,100,99,2,48241,0,0,0,0,100
plan_validation_freeze,graph_chain,100,99,2,101353,0,0,0,0,11
plan_declaration,graph_chain,100,99,3,47760,0,0,0,0,100
plan_validation_freeze,graph_chain,100,99,3,101630,0,0,0,0,11
plan_declaration,graph_chain,100,99,4,47574,0,0,0,0,100
plan_validation_freeze,graph_chain,100,99,4,101074,0,0,0,0,11
plan_declaration,graph_chain,100,99,5,47167,0,0,0,0,100
plan_validation_freeze,graph_chain,100,99,5,101408,0,0,0,0,11
plan_declaration,graph_chain,100,99,6,47241,0,0,0,0,100
plan_validation_freeze,graph_chain,100,99,6,101259,0,0,0,0,11
plan_declaration,graph_chain,100,99,7,47296,0,0,0,0,100
plan_validation_freeze,graph_chain,100,99,7,101778,0,0,0,0,11
plan_declaration,graph_chain,100,99,8,47259,0,0,0,0,100
plan_validation_freeze,graph_chain,100,99,8,101537,0,0,0,0,11
plan_declaration,graph_chain,100,99,9,46945,0,0,0,0,100
plan_validation_freeze,graph_chain,100,99,9,101185,0,0,0,0,11
plan_declaration,graph_chain,100,99,10,47241,0,0,0,0,100
plan_validation_freeze,graph_chain,100,99,10,100982,0,0,0,0,11
plan_declaration,graph_chain,100,99,11,47574,0,0,0,0,100
plan_validation_freeze,graph_chain,100,99,11,101593,0,0,0,0,11
plan_declaration,graph_chain,100,99,12,47111,0,0,0,0,100
plan_validation_freeze,graph_chain,100,99,12,100926,0,0,0,0,11
plan_declaration,graph_chain,100,99,13,47204,0,0,0,0,100
plan_validation_freeze,graph_chain,100,99,13,100593,0,0,0,0,11
plan_declaration,graph_chain,100,99,14,47093,0,0,0,0,100
plan_validation_freeze,graph_chain,100,99,14,100722,0,0,0,0,11
plan_declaration,graph_chain,100,99,15,46870,0,0,0,0,100
plan_validation_freeze,graph_chain,100,99,15,101945,0,0,0,0,11
plan_declaration,graph_chain,100,99,16,46870,0,0,0,0,100
plan_validation_freeze,graph_chain,100,99,16,102056,0,0,0,0,11
plan_declaration,graph_chain,100,99,17,46963,0,0,0,0,100
plan_validation_freeze,graph_chain,100,99,17,101185,0,0,0,0,11
plan_declaration,graph_chain,100,99,18,46741,0,0,0,0,100
plan_validation_freeze,graph_chain,100,99,18,101611,0,0,0,0,11
plan_declaration,graph_chain,100,99,19,46852,0,0,0,0,100
plan_validation_freeze,graph_chain,100,99,19,101130,0,0,0,0,11
plan_declaration_alloc,graph_chain,100,99,0,0,536,126952,0,0,100
plan_validation_freeze_alloc,graph_chain,100,99,0,0,733,179615,0,0,11
engine_execution,graph_chain,100,99,0,790243,0,0,0,0,1
engine_execution,graph_chain,100,99,1,747632,0,0,0,0,0
engine_execution,graph_chain,100,99,2,774521,0,0,0,0,3
engine_execution,graph_chain,100,99,3,768984,0,0,0,0,2
engine_execution,graph_chain,100,99,4,773780,0,0,0,0,5
engine_execution,graph_chain,100,99,5,770410,0,0,0,0,4
engine_execution,graph_chain,100,99,6,774428,0,0,0,0,7
engine_execution,graph_chain,100,99,7,778614,0,0,0,0,6
engine_execution,graph_chain,100,99,8,770817,0,0,0,0,9
engine_execution,graph_chain,100,99,9,791558,0,0,0,0,8
engine_execution,graph_chain,100,99,10,775243,0,0,0,0,11
engine_execution,graph_chain,100,99,11,751613,0,0,0,0,10
engine_execution,graph_chain,100,99,12,778762,0,0,0,0,13
engine_execution,graph_chain,100,99,13,776132,0,0,0,0,12
engine_execution,graph_chain,100,99,14,772687,0,0,0,0,15
engine_execution,graph_chain,100,99,15,781762,0,0,0,0,14
engine_execution,graph_chain,100,99,16,771355,0,0,0,0,17
engine_execution,graph_chain,100,99,17,771651,0,0,0,0,16
engine_execution,graph_chain,100,99,18,808373,0,0,0,0,19
engine_execution,graph_chain,100,99,19,774614,0,0,0,0,18
engine_execution,graph_chain,100,99,20,771243,0,0,0,0,21
engine_execution,graph_chain,100,99,21,770540,0,0,0,0,20
engine_execution,graph_chain,100,99,22,771687,0,0,0,0,23
engine_execution,graph_chain,100,99,23,779965,0,0,0,0,22
engine_execution,graph_chain,100,99,24,770392,0,0,0,0,25
engine_execution,graph_chain,100,99,25,810595,0,0,0,0,24
engine_execution,graph_chain,100,99,26,777447,0,0,0,0,27
engine_execution,graph_chain,100,99,27,771761,0,0,0,0,26
engine_execution,graph_chain,100,99,28,782503,0,0,0,0,29
engine_execution,graph_chain,100,99,29,770854,0,0,0,0,28
engine_execution,graph_chain,100,99,30,746021,0,0,0,0,31
engine_execution,graph_chain,100,99,31,791392,0,0,0,0,30
engine_execution,graph_chain,100,99,32,767595,0,0,0,0,33
engine_execution,graph_chain,100,99,33,755669,0,0,0,0,32
engine_execution,graph_chain,100,99,34,769299,0,0,0,0,35
engine_execution,graph_chain,100,99,35,792410,0,0,0,0,34
engine_execution,graph_chain,100,99,36,769854,0,0,0,0,37
engine_execution,graph_chain,100,99,37,766706,0,0,0,0,36
engine_execution,graph_chain,100,99,38,781206,0,0,0,0,39
engine_execution,graph_chain,100,99,39,751577,0,0,0,0,38
engine_execution_alloc,graph_chain,100,99,0,0,5262,533272,0,0,23131
machine_state_setup,graph_chain,100,99,0,16686,0,0,0,0,100
body_state_setup,graph_chain,100,99,0,3537,0,0,0,0,0
machine_state_setup,graph_chain,100,99,1,13833,0,0,0,0,100
body_state_setup,graph_chain,100,99,1,3259,0,0,0,0,0
machine_state_setup,graph_chain,100,99,2,13685,0,0,0,0,100
body_state_setup,graph_chain,100,99,2,3000,0,0,0,0,0
machine_state_setup,graph_chain,100,99,3,13723,0,0,0,0,100
body_state_setup,graph_chain,100,99,3,3148,0,0,0,0,0
machine_state_setup,graph_chain,100,99,4,13500,0,0,0,0,100
body_state_setup,graph_chain,100,99,4,3407,0,0,0,0,0
machine_state_setup,graph_chain,100,99,5,13500,0,0,0,0,100
body_state_setup,graph_chain,100,99,5,2926,0,0,0,0,0
machine_state_setup,graph_chain,100,99,6,13574,0,0,0,0,100
body_state_setup,graph_chain,100,99,6,2889,0,0,0,0,0
machine_state_setup,graph_chain,100,99,7,13723,0,0,0,0,100
body_state_setup,graph_chain,100,99,7,3037,0,0,0,0,0
machine_state_setup,graph_chain,100,99,8,13518,0,0,0,0,100
body_state_setup,graph_chain,100,99,8,2796,0,0,0,0,0
machine_state_setup,graph_chain,100,99,9,13574,0,0,0,0,100
body_state_setup,graph_chain,100,99,9,2963,0,0,0,0,0
machine_state_setup,graph_chain,100,99,10,13612,0,0,0,0,100
body_state_setup,graph_chain,100,99,10,2889,0,0,0,0,0
machine_state_setup,graph_chain,100,99,11,13519,0,0,0,0,100
body_state_setup,graph_chain,100,99,11,2926,0,0,0,0,0
machine_state_setup,graph_chain,100,99,12,13703,0,0,0,0,100
body_state_setup,graph_chain,100,99,12,2852,0,0,0,0,0
machine_state_setup,graph_chain,100,99,13,13704,0,0,0,0,100
body_state_setup,graph_chain,100,99,13,2852,0,0,0,0,0
machine_state_setup,graph_chain,100,99,14,13519,0,0,0,0,100
body_state_setup,graph_chain,100,99,14,2833,0,0,0,0,0
machine_state_setup,graph_chain,100,99,15,13555,0,0,0,0,100
body_state_setup,graph_chain,100,99,15,2908,0,0,0,0,0
machine_state_setup,graph_chain,100,99,16,13592,0,0,0,0,100
body_state_setup,graph_chain,100,99,16,2870,0,0,0,0,0
machine_state_setup,graph_chain,100,99,17,16815,0,0,0,0,100
body_state_setup,graph_chain,100,99,17,2963,0,0,0,0,0
machine_state_setup,graph_chain,100,99,18,13649,0,0,0,0,100
body_state_setup,graph_chain,100,99,18,2926,0,0,0,0,0
machine_state_setup,graph_chain,100,99,19,13666,0,0,0,0,100
body_state_setup,graph_chain,100,99,19,3074,0,0,0,0,0
machine_state_setup,graph_chain,100,99,20,15277,0,0,0,0,100
body_state_setup,graph_chain,100,99,20,2852,0,0,0,0,0
machine_state_setup,graph_chain,100,99,21,13759,0,0,0,0,100
body_state_setup,graph_chain,100,99,21,2871,0,0,0,0,0
machine_state_setup,graph_chain,100,99,22,13667,0,0,0,0,100
body_state_setup,graph_chain,100,99,22,2944,0,0,0,0,0
machine_state_setup,graph_chain,100,99,23,15111,0,0,0,0,100
body_state_setup,graph_chain,100,99,23,2871,0,0,0,0,0
machine_state_setup,graph_chain,100,99,24,13722,0,0,0,0,100
body_state_setup,graph_chain,100,99,24,2982,0,0,0,0,0
machine_state_setup,graph_chain,100,99,25,13722,0,0,0,0,100
body_state_setup,graph_chain,100,99,25,2815,0,0,0,0,0
machine_state_setup,graph_chain,100,99,26,17481,0,0,0,0,100
body_state_setup,graph_chain,100,99,26,2981,0,0,0,0,0
machine_state_setup,graph_chain,100,99,27,13667,0,0,0,0,100
body_state_setup,graph_chain,100,99,27,2889,0,0,0,0,0
machine_state_setup,graph_chain,100,99,28,13630,0,0,0,0,100
body_state_setup,graph_chain,100,99,28,2945,0,0,0,0,0
machine_state_setup,graph_chain,100,99,29,15778,0,0,0,0,100
body_state_setup,graph_chain,100,99,29,3037,0,0,0,0,0
machine_state_setup,graph_chain,100,99,30,13630,0,0,0,0,100
body_state_setup,graph_chain,100,99,30,2982,0,0,0,0,0
machine_state_setup,graph_chain,100,99,31,13666,0,0,0,0,100
body_state_setup,graph_chain,100,99,31,3000,0,0,0,0,0
machine_state_setup,graph_chain,100,99,32,15093,0,0,0,0,100
body_state_setup,graph_chain,100,99,32,3037,0,0,0,0,0
machine_state_setup,graph_chain,100,99,33,13760,0,0,0,0,100
body_state_setup,graph_chain,100,99,33,2926,0,0,0,0,0
machine_state_setup,graph_chain,100,99,34,13852,0,0,0,0,100
body_state_setup,graph_chain,100,99,34,2926,0,0,0,0,0
machine_state_setup,graph_chain,100,99,35,15407,0,0,0,0,100
body_state_setup,graph_chain,100,99,35,2926,0,0,0,0,0
machine_state_setup,graph_chain,100,99,36,13556,0,0,0,0,100
body_state_setup,graph_chain,100,99,36,2963,0,0,0,0,0
machine_state_setup,graph_chain,100,99,37,14945,0,0,0,0,100
body_state_setup,graph_chain,100,99,37,2926,0,0,0,0,0
machine_state_setup,graph_chain,100,99,38,13593,0,0,0,0,100
body_state_setup,graph_chain,100,99,38,2981,0,0,0,0,0
machine_state_setup,graph_chain,100,99,39,13518,0,0,0,0,100
body_state_setup,graph_chain,100,99,39,2888,0,0,0,0,0
pure_machine_events_preseeded,graph_chain,100,99,0,268704,0,0,0,0,101
pure_machine_events_preseeded,graph_chain,100,99,1,265723,0,0,0,0,101
pure_machine_events_preseeded,graph_chain,100,99,2,265371,0,0,0,0,101
pure_machine_events_preseeded,graph_chain,100,99,3,264686,0,0,0,0,101
pure_machine_events_preseeded,graph_chain,100,99,4,264446,0,0,0,0,101
pure_machine_events_preseeded,graph_chain,100,99,5,269390,0,0,0,0,101
pure_machine_events_preseeded,graph_chain,100,99,6,264260,0,0,0,0,101
pure_machine_events_preseeded,graph_chain,100,99,7,264131,0,0,0,0,101
pure_machine_events_preseeded,graph_chain,100,99,8,263945,0,0,0,0,101
pure_machine_events_preseeded,graph_chain,100,99,9,264427,0,0,0,0,101
pure_machine_events_preseeded,graph_chain,100,99,10,264186,0,0,0,0,101
pure_machine_events_preseeded,graph_chain,100,99,11,264500,0,0,0,0,101
pure_machine_events_preseeded,graph_chain,100,99,12,265001,0,0,0,0,101
pure_machine_events_preseeded,graph_chain,100,99,13,264982,0,0,0,0,101
pure_machine_events_preseeded,graph_chain,100,99,14,264927,0,0,0,0,101
pure_machine_events_preseeded,graph_chain,100,99,15,263946,0,0,0,0,101
pure_machine_events_preseeded,graph_chain,100,99,16,265149,0,0,0,0,101
pure_machine_events_preseeded,graph_chain,100,99,17,264871,0,0,0,0,101
pure_machine_events_preseeded,graph_chain,100,99,18,263686,0,0,0,0,101
pure_machine_events_preseeded,graph_chain,100,99,19,265093,0,0,0,0,101
pure_machine_events_preseeded,graph_chain,100,99,20,269501,0,0,0,0,101
pure_machine_events_preseeded,graph_chain,100,99,21,264668,0,0,0,0,101
pure_machine_events_preseeded,graph_chain,100,99,22,264760,0,0,0,0,101
pure_machine_events_preseeded,graph_chain,100,99,23,264889,0,0,0,0,101
pure_machine_events_preseeded,graph_chain,100,99,24,263315,0,0,0,0,101
pure_machine_events_preseeded,graph_chain,100,99,25,264816,0,0,0,0,101
pure_machine_events_preseeded,graph_chain,100,99,26,264778,0,0,0,0,101
pure_machine_events_preseeded,graph_chain,100,99,27,264557,0,0,0,0,101
pure_machine_events_preseeded,graph_chain,100,99,28,264611,0,0,0,0,101
pure_machine_events_preseeded,graph_chain,100,99,29,265112,0,0,0,0,101
pure_machine_events_preseeded,graph_chain,100,99,30,264779,0,0,0,0,101
pure_machine_events_preseeded,graph_chain,100,99,31,264501,0,0,0,0,101
pure_machine_events_preseeded,graph_chain,100,99,32,265260,0,0,0,0,101
pure_machine_events_preseeded,graph_chain,100,99,33,263445,0,0,0,0,101
pure_machine_events_preseeded,graph_chain,100,99,34,264705,0,0,0,0,101
pure_machine_events_preseeded,graph_chain,100,99,35,268519,0,0,0,0,101
pure_machine_events_preseeded,graph_chain,100,99,36,264834,0,0,0,0,101
pure_machine_events_preseeded,graph_chain,100,99,37,264538,0,0,0,0,101
pure_machine_events_preseeded,graph_chain,100,99,38,264630,0,0,0,0,101
pure_machine_events_preseeded,graph_chain,100,99,39,264686,0,0,0,0,101
fixture_generation,graph_wide,100,99,0,15703,0,0,0,0,500
fixture_generation,graph_wide,100,99,1,15667,0,0,0,0,500
fixture_generation,graph_wide,100,99,2,15723,0,0,0,0,500
fixture_generation,graph_wide,100,99,3,15759,0,0,0,0,500
fixture_generation,graph_wide,100,99,4,15852,0,0,0,0,500
fixture_generation,graph_wide,100,99,5,15704,0,0,0,0,500
fixture_generation,graph_wide,100,99,6,15815,0,0,0,0,500
fixture_generation,graph_wide,100,99,7,15945,0,0,0,0,500
fixture_generation,graph_wide,100,99,8,15740,0,0,0,0,500
fixture_generation,graph_wide,100,99,9,16037,0,0,0,0,500
fixture_generation,graph_wide,100,99,10,16222,0,0,0,0,500
fixture_generation,graph_wide,100,99,11,16055,0,0,0,0,500
fixture_generation,graph_wide,100,99,12,16074,0,0,0,0,500
fixture_generation,graph_wide,100,99,13,16204,0,0,0,0,500
fixture_generation,graph_wide,100,99,14,16204,0,0,0,0,500
fixture_generation,graph_wide,100,99,15,16111,0,0,0,0,500
fixture_generation,graph_wide,100,99,16,16000,0,0,0,0,500
fixture_generation,graph_wide,100,99,17,16130,0,0,0,0,500
fixture_generation,graph_wide,100,99,18,16093,0,0,0,0,500
fixture_generation,graph_wide,100,99,19,16241,0,0,0,0,500
plan_build,graph_wide,100,99,0,152815,0,0,0,0,10
plan_build,graph_wide,100,99,1,146574,0,0,0,0,10
plan_build,graph_wide,100,99,2,144556,0,0,0,0,10
plan_build,graph_wide,100,99,3,143760,0,0,0,0,10
plan_build,graph_wide,100,99,4,143056,0,0,0,0,10
plan_build,graph_wide,100,99,5,141834,0,0,0,0,10
plan_build,graph_wide,100,99,6,141278,0,0,0,0,10
plan_build,graph_wide,100,99,7,141537,0,0,0,0,10
plan_build,graph_wide,100,99,8,141038,0,0,0,0,10
plan_build,graph_wide,100,99,9,140667,0,0,0,0,10
plan_build,graph_wide,100,99,10,139908,0,0,0,0,10
plan_build,graph_wide,100,99,11,139667,0,0,0,0,10
plan_build,graph_wide,100,99,12,140890,0,0,0,0,10
plan_build,graph_wide,100,99,13,140816,0,0,0,0,10
plan_build,graph_wide,100,99,14,140538,0,0,0,0,10
plan_build,graph_wide,100,99,15,140890,0,0,0,0,10
plan_build,graph_wide,100,99,16,140685,0,0,0,0,10
plan_build,graph_wide,100,99,17,145093,0,0,0,0,10
plan_build,graph_wide,100,99,18,140630,0,0,0,0,10
plan_build,graph_wide,100,99,19,140296,0,0,0,0,10
plan_build_alloc,graph_wide,100,99,0,0,1176,305413,0,0,10
plan_declaration,graph_wide,100,99,0,48130,0,0,0,0,100
plan_validation_freeze,graph_wide,100,99,0,105852,0,0,0,0,10
plan_declaration,graph_wide,100,99,1,47019,0,0,0,0,100
plan_validation_freeze,graph_wide,100,99,1,105463,0,0,0,0,10
plan_declaration,graph_wide,100,99,2,47185,0,0,0,0,100
plan_validation_freeze,graph_wide,100,99,2,105556,0,0,0,0,10
plan_declaration,graph_wide,100,99,3,46889,0,0,0,0,100
plan_validation_freeze,graph_wide,100,99,3,105574,0,0,0,0,10
plan_declaration,graph_wide,100,99,4,46611,0,0,0,0,100
plan_validation_freeze,graph_wide,100,99,4,105222,0,0,0,0,10
plan_declaration,graph_wide,100,99,5,46741,0,0,0,0,100
plan_validation_freeze,graph_wide,100,99,5,105056,0,0,0,0,10
plan_declaration,graph_wide,100,99,6,46592,0,0,0,0,100
plan_validation_freeze,graph_wide,100,99,6,105686,0,0,0,0,10
plan_declaration,graph_wide,100,99,7,46666,0,0,0,0,100
plan_validation_freeze,graph_wide,100,99,7,104852,0,0,0,0,10
plan_declaration,graph_wide,100,99,8,46463,0,0,0,0,100
plan_validation_freeze,graph_wide,100,99,8,105001,0,0,0,0,10
plan_declaration,graph_wide,100,99,9,46556,0,0,0,0,100
plan_validation_freeze,graph_wide,100,99,9,105278,0,0,0,0,10
plan_declaration,graph_wide,100,99,10,46685,0,0,0,0,100
plan_validation_freeze,graph_wide,100,99,10,105630,0,0,0,0,10
plan_declaration,graph_wide,100,99,11,46389,0,0,0,0,100
plan_validation_freeze,graph_wide,100,99,11,104870,0,0,0,0,10
plan_declaration,graph_wide,100,99,12,46389,0,0,0,0,100
plan_validation_freeze,graph_wide,100,99,12,104704,0,0,0,0,10
plan_declaration,graph_wide,100,99,13,46815,0,0,0,0,100
plan_validation_freeze,graph_wide,100,99,13,104908,0,0,0,0,10
plan_declaration,graph_wide,100,99,14,46352,0,0,0,0,100
plan_validation_freeze,graph_wide,100,99,14,105426,0,0,0,0,10
plan_declaration,graph_wide,100,99,15,46685,0,0,0,0,100
plan_validation_freeze,graph_wide,100,99,15,105222,0,0,0,0,10
plan_declaration,graph_wide,100,99,16,46352,0,0,0,0,100
plan_validation_freeze,graph_wide,100,99,16,105204,0,0,0,0,10
plan_declaration,graph_wide,100,99,17,46667,0,0,0,0,100
plan_validation_freeze,graph_wide,100,99,17,105723,0,0,0,0,10
plan_declaration,graph_wide,100,99,18,46593,0,0,0,0,100
plan_validation_freeze,graph_wide,100,99,18,105482,0,0,0,0,10
plan_declaration,graph_wide,100,99,19,46629,0,0,0,0,100
plan_validation_freeze,graph_wide,100,99,19,105760,0,0,0,0,10
plan_declaration_alloc,graph_wide,100,99,0,0,536,126951,0,0,100
plan_validation_freeze_alloc,graph_wide,100,99,0,0,640,178462,0,0,10
engine_execution,graph_wide,100,99,0,663520,0,0,0,0,98
engine_execution,graph_wide,100,99,1,663947,0,0,0,0,99
engine_execution,graph_wide,100,99,2,670465,0,0,0,0,96
engine_execution,graph_wide,100,99,3,662113,0,0,0,0,97
engine_execution,graph_wide,100,99,4,664743,0,0,0,0,102
engine_execution,graph_wide,100,99,5,659910,0,0,0,0,103
engine_execution,graph_wide,100,99,6,662002,0,0,0,0,100
engine_execution,graph_wide,100,99,7,662187,0,0,0,0,101
engine_execution,graph_wide,100,99,8,662039,0,0,0,0,106
engine_execution,graph_wide,100,99,9,670835,0,0,0,0,107
engine_execution,graph_wide,100,99,10,661002,0,0,0,0,104
engine_execution,graph_wide,100,99,11,660742,0,0,0,0,105
engine_execution,graph_wide,100,99,12,662946,0,0,0,0,110
engine_execution,graph_wide,100,99,13,662613,0,0,0,0,111
engine_execution,graph_wide,100,99,14,662817,0,0,0,0,108
engine_execution,graph_wide,100,99,15,666798,0,0,0,0,109
engine_execution,graph_wide,100,99,16,662539,0,0,0,0,114
engine_execution,graph_wide,100,99,17,662410,0,0,0,0,115
engine_execution,graph_wide,100,99,18,662132,0,0,0,0,112
engine_execution,graph_wide,100,99,19,662113,0,0,0,0,113
engine_execution,graph_wide,100,99,20,662298,0,0,0,0,118
engine_execution,graph_wide,100,99,21,671354,0,0,0,0,119
engine_execution,graph_wide,100,99,22,661909,0,0,0,0,116
engine_execution,graph_wide,100,99,23,660632,0,0,0,0,117
engine_execution,graph_wide,100,99,24,662391,0,0,0,0,122
engine_execution,graph_wide,100,99,25,662094,0,0,0,0,123
engine_execution,graph_wide,100,99,26,662428,0,0,0,0,120
engine_execution,graph_wide,100,99,27,673854,0,0,0,0,121
engine_execution,graph_wide,100,99,28,662873,0,0,0,0,126
engine_execution,graph_wide,100,99,29,667242,0,0,0,0,127
engine_execution,graph_wide,100,99,30,658224,0,0,0,0,124
engine_execution,graph_wide,100,99,31,660965,0,0,0,0,125
engine_execution,graph_wide,100,99,32,662835,0,0,0,0,66
engine_execution,graph_wide,100,99,33,666502,0,0,0,0,67
engine_execution,graph_wide,100,99,34,662539,0,0,0,0,64
engine_execution,graph_wide,100,99,35,662206,0,0,0,0,65
engine_execution,graph_wide,100,99,36,664725,0,0,0,0,70
engine_execution,graph_wide,100,99,37,664280,0,0,0,0,71
engine_execution,graph_wide,100,99,38,662205,0,0,0,0,68
engine_execution,graph_wide,100,99,39,675169,0,0,0,0,69
engine_execution_alloc,graph_wide,100,99,0,0,4990,488503,0,0,23096
machine_state_setup,graph_wide,100,99,0,16926,0,0,0,0,100
body_state_setup,graph_wide,100,99,0,3444,0,0,0,0,0
machine_state_setup,graph_wide,100,99,1,13871,0,0,0,0,100
body_state_setup,graph_wide,100,99,1,3000,0,0,0,0,0
machine_state_setup,graph_wide,100,99,2,13685,0,0,0,0,100
body_state_setup,graph_wide,100,99,2,3037,0,0,0,0,0
machine_state_setup,graph_wide,100,99,3,13593,0,0,0,0,100
body_state_setup,graph_wide,100,99,3,2945,0,0,0,0,0
machine_state_setup,graph_wide,100,99,4,13592,0,0,0,0,100
body_state_setup,graph_wide,100,99,4,3870,0,0,0,0,0
machine_state_setup,graph_wide,100,99,5,13611,0,0,0,0,100
body_state_setup,graph_wide,100,99,5,2945,0,0,0,0,0
machine_state_setup,graph_wide,100,99,6,13612,0,0,0,0,100
body_state_setup,graph_wide,100,99,6,2759,0,0,0,0,0
machine_state_setup,graph_wide,100,99,7,13648,0,0,0,0,100
body_state_setup,graph_wide,100,99,7,3037,0,0,0,0,0
machine_state_setup,graph_wide,100,99,8,13537,0,0,0,0,100
body_state_setup,graph_wide,100,99,8,2759,0,0,0,0,0
machine_state_setup,graph_wide,100,99,9,13685,0,0,0,0,100
body_state_setup,graph_wide,100,99,9,2908,0,0,0,0,0
machine_state_setup,graph_wide,100,99,10,13426,0,0,0,0,100
body_state_setup,graph_wide,100,99,10,2740,0,0,0,0,0
machine_state_setup,graph_wide,100,99,11,13537,0,0,0,0,100
body_state_setup,graph_wide,100,99,11,2870,0,0,0,0,0
machine_state_setup,graph_wide,100,99,12,13426,0,0,0,0,100
body_state_setup,graph_wide,100,99,12,3074,0,0,0,0,0
machine_state_setup,graph_wide,100,99,13,13500,0,0,0,0,100
body_state_setup,graph_wide,100,99,13,3019,0,0,0,0,0
machine_state_setup,graph_wide,100,99,14,13445,0,0,0,0,100
body_state_setup,graph_wide,100,99,14,2982,0,0,0,0,0
machine_state_setup,graph_wide,100,99,15,13463,0,0,0,0,100
body_state_setup,graph_wide,100,99,15,3000,0,0,0,0,0
machine_state_setup,graph_wide,100,99,16,13407,0,0,0,0,100
body_state_setup,graph_wide,100,99,16,2981,0,0,0,0,0
machine_state_setup,graph_wide,100,99,17,13500,0,0,0,0,100
body_state_setup,graph_wide,100,99,17,2908,0,0,0,0,0
machine_state_setup,graph_wide,100,99,18,13519,0,0,0,0,100
body_state_setup,graph_wide,100,99,18,2889,0,0,0,0,0
machine_state_setup,graph_wide,100,99,19,13463,0,0,0,0,100
body_state_setup,graph_wide,100,99,19,3056,0,0,0,0,0
machine_state_setup,graph_wide,100,99,20,16259,0,0,0,0,100
body_state_setup,graph_wide,100,99,20,3037,0,0,0,0,0
machine_state_setup,graph_wide,100,99,21,13556,0,0,0,0,100
body_state_setup,graph_wide,100,99,21,3056,0,0,0,0,0
machine_state_setup,graph_wide,100,99,22,13741,0,0,0,0,100
body_state_setup,graph_wide,100,99,22,2815,0,0,0,0,0
machine_state_setup,graph_wide,100,99,23,15407,0,0,0,0,100
body_state_setup,graph_wide,100,99,23,3000,0,0,0,0,0
machine_state_setup,graph_wide,100,99,24,13371,0,0,0,0,100
body_state_setup,graph_wide,100,99,24,2796,0,0,0,0,0
machine_state_setup,graph_wide,100,99,25,13611,0,0,0,0,100
body_state_setup,graph_wide,100,99,25,2981,0,0,0,0,0
machine_state_setup,graph_wide,100,99,26,15111,0,0,0,0,100
body_state_setup,graph_wide,100,99,26,3019,0,0,0,0,0
machine_state_setup,graph_wide,100,99,27,13407,0,0,0,0,100
body_state_setup,graph_wide,100,99,27,2851,0,0,0,0,0
machine_state_setup,graph_wide,100,99,28,13426,0,0,0,0,100
body_state_setup,graph_wide,100,99,28,2982,0,0,0,0,0
machine_state_setup,graph_wide,100,99,29,16870,0,0,0,0,100
body_state_setup,graph_wide,100,99,29,3167,0,0,0,0,0
machine_state_setup,graph_wide,100,99,30,13407,0,0,0,0,100
body_state_setup,graph_wide,100,99,30,2908,0,0,0,0,0
machine_state_setup,graph_wide,100,99,31,13704,0,0,0,0,100
body_state_setup,graph_wide,100,99,31,3148,0,0,0,0,0
machine_state_setup,graph_wide,100,99,32,15018,0,0,0,0,100
body_state_setup,graph_wide,100,99,32,3093,0,0,0,0,0
machine_state_setup,graph_wide,100,99,33,13241,0,0,0,0,100
body_state_setup,graph_wide,100,99,33,3259,0,0,0,0,0
machine_state_setup,graph_wide,100,99,34,13278,0,0,0,0,100
body_state_setup,graph_wide,100,99,34,2982,0,0,0,0,0
machine_state_setup,graph_wide,100,99,35,14852,0,0,0,0,100
body_state_setup,graph_wide,100,99,35,2982,0,0,0,0,0
machine_state_setup,graph_wide,100,99,36,13407,0,0,0,0,100
body_state_setup,graph_wide,100,99,36,3092,0,0,0,0,0
machine_state_setup,graph_wide,100,99,37,14777,0,0,0,0,100
body_state_setup,graph_wide,100,99,37,3018,0,0,0,0,0
machine_state_setup,graph_wide,100,99,38,13222,0,0,0,0,100
body_state_setup,graph_wide,100,99,38,2963,0,0,0,0,0
machine_state_setup,graph_wide,100,99,39,13426,0,0,0,0,100
body_state_setup,graph_wide,100,99,39,2982,0,0,0,0,0
fixture_generation,graph_sparse,100,99,0,16037,0,0,0,0,500
fixture_generation,graph_sparse,100,99,1,15704,0,0,0,0,500
fixture_generation,graph_sparse,100,99,2,15815,0,0,0,0,500
fixture_generation,graph_sparse,100,99,3,15870,0,0,0,0,500
fixture_generation,graph_sparse,100,99,4,15908,0,0,0,0,500
fixture_generation,graph_sparse,100,99,5,15945,0,0,0,0,500
fixture_generation,graph_sparse,100,99,6,15815,0,0,0,0,500
fixture_generation,graph_sparse,100,99,7,16092,0,0,0,0,500
fixture_generation,graph_sparse,100,99,8,15944,0,0,0,0,500
fixture_generation,graph_sparse,100,99,9,16166,0,0,0,0,500
fixture_generation,graph_sparse,100,99,10,16203,0,0,0,0,500
fixture_generation,graph_sparse,100,99,11,16111,0,0,0,0,500
fixture_generation,graph_sparse,100,99,12,16352,0,0,0,0,500
fixture_generation,graph_sparse,100,99,13,16296,0,0,0,0,500
fixture_generation,graph_sparse,100,99,14,16334,0,0,0,0,500
fixture_generation,graph_sparse,100,99,15,16259,0,0,0,0,500
fixture_generation,graph_sparse,100,99,16,16222,0,0,0,0,500
fixture_generation,graph_sparse,100,99,17,16241,0,0,0,0,500
fixture_generation,graph_sparse,100,99,18,16204,0,0,0,0,500
fixture_generation,graph_sparse,100,99,19,16259,0,0,0,0,500
plan_build,graph_sparse,100,99,0,148871,0,0,0,0,12
plan_build,graph_sparse,100,99,1,142593,0,0,0,0,12
plan_build,graph_sparse,100,99,2,140778,0,0,0,0,12
plan_build,graph_sparse,100,99,3,139704,0,0,0,0,12
plan_build,graph_sparse,100,99,4,138889,0,0,0,0,12
plan_build,graph_sparse,100,99,5,139186,0,0,0,0,12
plan_build,graph_sparse,100,99,6,138742,0,0,0,0,12
plan_build,graph_sparse,100,99,7,138223,0,0,0,0,12
plan_build,graph_sparse,100,99,8,137853,0,0,0,0,12
plan_build,graph_sparse,100,99,9,138574,0,0,0,0,12
plan_build,graph_sparse,100,99,10,138593,0,0,0,0,12
plan_build,graph_sparse,100,99,11,157260,0,0,0,0,12
plan_build,graph_sparse,100,99,12,141334,0,0,0,0,12
plan_build,graph_sparse,100,99,13,138370,0,0,0,0,12
plan_build,graph_sparse,100,99,14,137482,0,0,0,0,12
plan_build,graph_sparse,100,99,15,137204,0,0,0,0,12
plan_build,graph_sparse,100,99,16,136908,0,0,0,0,12
plan_build,graph_sparse,100,99,17,138315,0,0,0,0,12
plan_build,graph_sparse,100,99,18,137723,0,0,0,0,12
plan_build,graph_sparse,100,99,19,137519,0,0,0,0,12
plan_build_alloc,graph_sparse,100,99,0,0,1220,305001,0,0,12
plan_declaration,graph_sparse,100,99,0,48167,0,0,0,0,100
plan_validation_freeze,graph_sparse,100,99,0,103167,0,0,0,0,12
plan_declaration,graph_sparse,100,99,1,46815,0,0,0,0,100
plan_validation_freeze,graph_sparse,100,99,1,102389,0,0,0,0,12
plan_declaration,graph_sparse,100,99,2,46871,0,0,0,0,100
plan_validation_freeze,graph_sparse,100,99,2,102426,0,0,0,0,12
plan_declaration,graph_sparse,100,99,3,46889,0,0,0,0,100
plan_validation_freeze,graph_sparse,100,99,3,102538,0,0,0,0,12
plan_declaration,graph_sparse,100,99,4,46963,0,0,0,0,100
plan_validation_freeze,graph_sparse,100,99,4,102000,0,0,0,0,12
plan_declaration,graph_sparse,100,99,5,46852,0,0,0,0,100
plan_validation_freeze,graph_sparse,100,99,5,102241,0,0,0,0,12
plan_declaration,graph_sparse,100,99,6,46944,0,0,0,0,100
plan_validation_freeze,graph_sparse,100,99,6,102093,0,0,0,0,12
plan_declaration,graph_sparse,100,99,7,46944,0,0,0,0,100
plan_validation_freeze,graph_sparse,100,99,7,101778,0,0,0,0,12
plan_declaration,graph_sparse,100,99,8,46445,0,0,0,0,100
plan_validation_freeze,graph_sparse,100,99,8,102333,0,0,0,0,12
plan_declaration,graph_sparse,100,99,9,47001,0,0,0,0,100
plan_validation_freeze,graph_sparse,100,99,9,101852,0,0,0,0,12
plan_declaration,graph_sparse,100,99,10,46852,0,0,0,0,100
plan_validation_freeze,graph_sparse,100,99,10,102593,0,0,0,0,12
plan_declaration,graph_sparse,100,99,11,46723,0,0,0,0,100
plan_validation_freeze,graph_sparse,100,99,11,102371,0,0,0,0,12
plan_declaration,graph_sparse,100,99,12,47093,0,0,0,0,100
plan_validation_freeze,graph_sparse,100,99,12,102019,0,0,0,0,12
plan_declaration,graph_sparse,100,99,13,46834,0,0,0,0,100
plan_validation_freeze,graph_sparse,100,99,13,102241,0,0,0,0,12
plan_declaration,graph_sparse,100,99,14,46778,0,0,0,0,100
plan_validation_freeze,graph_sparse,100,99,14,106481,0,0,0,0,12
plan_declaration,graph_sparse,100,99,15,47037,0,0,0,0,100
plan_validation_freeze,graph_sparse,100,99,15,102982,0,0,0,0,12
plan_declaration,graph_sparse,100,99,16,46926,0,0,0,0,100
plan_validation_freeze,graph_sparse,100,99,16,102352,0,0,0,0,12
plan_declaration,graph_sparse,100,99,17,46667,0,0,0,0,100
plan_validation_freeze,graph_sparse,100,99,17,102167,0,0,0,0,12
plan_declaration,graph_sparse,100,99,18,46797,0,0,0,0,100
plan_validation_freeze,graph_sparse,100,99,18,102315,0,0,0,0,12
plan_declaration,graph_sparse,100,99,19,46555,0,0,0,0,100
plan_validation_freeze,graph_sparse,100,99,19,102519,0,0,0,0,12
plan_declaration_alloc,graph_sparse,100,99,0,0,536,126953,0,0,100
plan_validation_freeze_alloc,graph_sparse,100,99,0,0,684,178048,0,0,12
engine_execution,graph_sparse,100,99,0,715206,0,0,0,0,71
engine_execution,graph_sparse,100,99,1,724687,0,0,0,0,70
engine_execution,graph_sparse,100,99,2,713650,0,0,0,0,69
engine_execution,graph_sparse,100,99,3,713206,0,0,0,0,68
engine_execution,graph_sparse,100,99,4,717299,0,0,0,0,67
engine_execution,graph_sparse,100,99,5,715002,0,0,0,0,66
engine_execution,graph_sparse,100,99,6,721854,0,0,0,0,65
engine_execution,graph_sparse,100,99,7,715761,0,0,0,0,64
engine_execution,graph_sparse,100,99,8,716521,0,0,0,0,79
engine_execution,graph_sparse,100,99,9,715558,0,0,0,0,78
engine_execution,graph_sparse,100,99,10,716040,0,0,0,0,77
engine_execution,graph_sparse,100,99,11,714021,0,0,0,0,76
engine_execution,graph_sparse,100,99,12,719502,0,0,0,0,75
engine_execution,graph_sparse,100,99,13,714132,0,0,0,0,74
engine_execution,graph_sparse,100,99,14,713835,0,0,0,0,73
engine_execution,graph_sparse,100,99,15,713298,0,0,0,0,72
engine_execution,graph_sparse,100,99,16,712465,0,0,0,0,87
engine_execution,graph_sparse,100,99,17,713613,0,0,0,0,86
engine_execution,graph_sparse,100,99,18,722761,0,0,0,0,85
engine_execution,graph_sparse,100,99,19,711706,0,0,0,0,84
engine_execution,graph_sparse,100,99,20,714150,0,0,0,0,83
engine_execution,graph_sparse,100,99,21,717317,0,0,0,0,82
engine_execution,graph_sparse,100,99,22,715335,0,0,0,0,81
engine_execution,graph_sparse,100,99,23,720447,0,0,0,0,80
engine_execution,graph_sparse,100,99,24,714706,0,0,0,0,95
engine_execution,graph_sparse,100,99,25,714391,0,0,0,0,94
engine_execution,graph_sparse,100,99,26,709909,0,0,0,0,93
engine_execution,graph_sparse,100,99,27,713891,0,0,0,0,92
engine_execution,graph_sparse,100,99,28,713762,0,0,0,0,91
engine_execution,graph_sparse,100,99,29,720465,0,0,0,0,90
engine_execution,graph_sparse,100,99,30,712947,0,0,0,0,89
engine_execution,graph_sparse,100,99,31,716299,0,0,0,0,88
engine_execution,graph_sparse,100,99,32,713447,0,0,0,0,103
engine_execution,graph_sparse,100,99,33,714540,0,0,0,0,102
engine_execution,graph_sparse,100,99,34,720835,0,0,0,0,101
engine_execution,graph_sparse,100,99,35,718150,0,0,0,0,100
engine_execution,graph_sparse,100,99,36,714928,0,0,0,0,99
engine_execution,graph_sparse,100,99,37,715058,0,0,0,0,98
engine_execution,graph_sparse,100,99,38,716891,0,0,0,0,97
engine_execution,graph_sparse,100,99,39,713835,0,0,0,0,96
engine_execution_alloc,graph_sparse,100,99,0,0,5166,514425,0,0,23069
machine_state_setup,graph_sparse,100,99,0,17185,0,0,0,0,100
body_state_setup,graph_sparse,100,99,0,3592,0,0,0,0,0
machine_state_setup,graph_sparse,100,99,1,13926,0,0,0,0,100
body_state_setup,graph_sparse,100,99,1,3241,0,0,0,0,0
machine_state_setup,graph_sparse,100,99,2,13741,0,0,0,0,100
body_state_setup,graph_sparse,100,99,2,3018,0,0,0,0,0
machine_state_setup,graph_sparse,100,99,3,13648,0,0,0,0,100
body_state_setup,graph_sparse,100,99,3,3018,0,0,0,0,0
machine_state_setup,graph_sparse,100,99,4,13704,0,0,0,0,100
body_state_setup,graph_sparse,100,99,4,2963,0,0,0,0,0
machine_state_setup,graph_sparse,100,99,5,13611,0,0,0,0,100
body_state_setup,graph_sparse,100,99,5,3000,0,0,0,0,0
machine_state_setup,graph_sparse,100,99,6,13630,0,0,0,0,100
body_state_setup,graph_sparse,100,99,6,2963,0,0,0,0,0
machine_state_setup,graph_sparse,100,99,7,13574,0,0,0,0,100
body_state_setup,graph_sparse,100,99,7,2945,0,0,0,0,0
machine_state_setup,graph_sparse,100,99,8,13630,0,0,0,0,100
body_state_setup,graph_sparse,100,99,8,2870,0,0,0,0,0
machine_state_setup,graph_sparse,100,99,9,13537,0,0,0,0,100
body_state_setup,graph_sparse,100,99,9,3019,0,0,0,0,0
machine_state_setup,graph_sparse,100,99,10,13797,0,0,0,0,100
body_state_setup,graph_sparse,100,99,10,2889,0,0,0,0,0
machine_state_setup,graph_sparse,100,99,11,13648,0,0,0,0,100
body_state_setup,graph_sparse,100,99,11,2908,0,0,0,0,0
machine_state_setup,graph_sparse,100,99,12,13612,0,0,0,0,100
body_state_setup,graph_sparse,100,99,12,2796,0,0,0,0,0
machine_state_setup,graph_sparse,100,99,13,13704,0,0,0,0,100
body_state_setup,graph_sparse,100,99,13,2889,0,0,0,0,0
machine_state_setup,graph_sparse,100,99,14,13778,0,0,0,0,100
body_state_setup,graph_sparse,100,99,14,3000,0,0,0,0,0
machine_state_setup,graph_sparse,100,99,15,13630,0,0,0,0,100
body_state_setup,graph_sparse,100,99,15,2778,0,0,0,0,0
machine_state_setup,graph_sparse,100,99,16,14593,0,0,0,0,100
body_state_setup,graph_sparse,100,99,16,2889,0,0,0,0,0
machine_state_setup,graph_sparse,100,99,17,13889,0,0,0,0,100
body_state_setup,graph_sparse,100,99,17,2982,0,0,0,0,0
machine_state_setup,graph_sparse,100,99,18,15463,0,0,0,0,100
body_state_setup,graph_sparse,100,99,18,2981,0,0,0,0,0
machine_state_setup,graph_sparse,100,99,19,13629,0,0,0,0,100
body_state_setup,graph_sparse,100,99,19,3037,0,0,0,0,0
machine_state_setup,graph_sparse,100,99,20,13667,0,0,0,0,100
body_state_setup,graph_sparse,100,99,20,2852,0,0,0,0,0
machine_state_setup,graph_sparse,100,99,21,14907,0,0,0,0,100
body_state_setup,graph_sparse,100,99,21,2834,0,0,0,0,0
machine_state_setup,graph_sparse,100,99,22,13704,0,0,0,0,100
body_state_setup,graph_sparse,100,99,22,2852,0,0,0,0,0
machine_state_setup,graph_sparse,100,99,23,13519,0,0,0,0,100
body_state_setup,graph_sparse,100,99,23,2852,0,0,0,0,0
machine_state_setup,graph_sparse,100,99,24,17463,0,0,0,0,100
body_state_setup,graph_sparse,100,99,24,3019,0,0,0,0,0
machine_state_setup,graph_sparse,100,99,25,13537,0,0,0,0,100
body_state_setup,graph_sparse,100,99,25,2945,0,0,0,0,0
machine_state_setup,graph_sparse,100,99,26,13741,0,0,0,0,100
body_state_setup,graph_sparse,100,99,26,2945,0,0,0,0,0
machine_state_setup,graph_sparse,100,99,27,16851,0,0,0,0,100
body_state_setup,graph_sparse,100,99,27,2778,0,0,0,0,0
machine_state_setup,graph_sparse,100,99,28,13574,0,0,0,0,100
body_state_setup,graph_sparse,100,99,28,2889,0,0,0,0,0
machine_state_setup,graph_sparse,100,99,29,13574,0,0,0,0,100
body_state_setup,graph_sparse,100,99,29,2982,0,0,0,0,0
machine_state_setup,graph_sparse,100,99,30,16815,0,0,0,0,100
body_state_setup,graph_sparse,100,99,30,2945,0,0,0,0,0
machine_state_setup,graph_sparse,100,99,31,13482,0,0,0,0,100
body_state_setup,graph_sparse,100,99,31,3074,0,0,0,0,0
machine_state_setup,graph_sparse,100,99,32,15130,0,0,0,0,100
body_state_setup,graph_sparse,100,99,32,2889,0,0,0,0,0
machine_state_setup,graph_sparse,100,99,33,13500,0,0,0,0,100
body_state_setup,graph_sparse,100,99,33,2852,0,0,0,0,0
machine_state_setup,graph_sparse,100,99,34,13648,0,0,0,0,100
body_state_setup,graph_sparse,100,99,34,2778,0,0,0,0,0
machine_state_setup,graph_sparse,100,99,35,15241,0,0,0,0,100
body_state_setup,graph_sparse,100,99,35,2888,0,0,0,0,0
machine_state_setup,graph_sparse,100,99,36,13611,0,0,0,0,100
body_state_setup,graph_sparse,100,99,36,2833,0,0,0,0,0
machine_state_setup,graph_sparse,100,99,37,13481,0,0,0,0,100
body_state_setup,graph_sparse,100,99,37,3019,0,0,0,0,0
machine_state_setup,graph_sparse,100,99,38,14815,0,0,0,0,100
body_state_setup,graph_sparse,100,99,38,2982,0,0,0,0,0
machine_state_setup,graph_sparse,100,99,39,13370,0,0,0,0,100
body_state_setup,graph_sparse,100,99,39,3056,0,0,0,0,0
fixture_generation,graph_chain,1000,999,0,150259,0,0,0,0,5000
fixture_generation,graph_chain,1000,999,1,149612,0,0,0,0,5000
fixture_generation,graph_chain,1000,999,2,149611,0,0,0,0,5000
fixture_generation,graph_chain,1000,999,3,149593,0,0,0,0,5000
fixture_generation,graph_chain,1000,999,4,149408,0,0,0,0,5000
fixture_generation,graph_chain,1000,999,5,149927,0,0,0,0,5000
fixture_generation,graph_chain,1000,999,6,149889,0,0,0,0,5000
fixture_generation,graph_chain,1000,999,7,149797,0,0,0,0,5000
fixture_generation,graph_chain,1000,999,8,149834,0,0,0,0,5000
fixture_generation,graph_chain,1000,999,9,149574,0,0,0,0,5000
fixture_generation,graph_chain,1000,999,10,149408,0,0,0,0,5000
fixture_generation,graph_chain,1000,999,11,149482,0,0,0,0,5000
fixture_generation,graph_chain,1000,999,12,149352,0,0,0,0,5000
fixture_generation,graph_chain,1000,999,13,149390,0,0,0,0,5000
fixture_generation,graph_chain,1000,999,14,149241,0,0,0,0,5000
fixture_generation,graph_chain,1000,999,15,149426,0,0,0,0,5000
fixture_generation,graph_chain,1000,999,16,149371,0,0,0,0,5000
fixture_generation,graph_chain,1000,999,17,153222,0,0,0,0,5000
fixture_generation,graph_chain,1000,999,18,149075,0,0,0,0,5000
fixture_generation,graph_chain,1000,999,19,149000,0,0,0,0,5000
plan_build,graph_chain,1000,999,0,4526014,0,0,0,0,11
plan_build,graph_chain,1000,999,1,4369365,0,0,0,0,11
plan_build,graph_chain,1000,999,2,4371328,0,0,0,0,11
plan_build,graph_chain,1000,999,3,4521162,0,0,0,0,11
plan_build,graph_chain,1000,999,4,4408087,0,0,0,0,11
plan_build,graph_chain,1000,999,5,4416069,0,0,0,0,11
plan_build,graph_chain,1000,999,6,4362625,0,0,0,0,11
plan_build,graph_chain,1000,999,7,4340199,0,0,0,0,11
plan_build,graph_chain,1000,999,8,4343458,0,0,0,0,11
plan_build,graph_chain,1000,999,9,4354142,0,0,0,0,11
plan_build,graph_chain,1000,999,10,4329347,0,0,0,0,11
plan_build,graph_chain,1000,999,11,4328846,0,0,0,0,11
plan_build,graph_chain,1000,999,12,4340920,0,0,0,0,11
plan_build,graph_chain,1000,999,13,4321531,0,0,0,0,11
plan_build,graph_chain,1000,999,14,4346994,0,0,0,0,11
plan_build,graph_chain,1000,999,15,4339958,0,0,0,0,11
plan_build,graph_chain,1000,999,16,4323939,0,0,0,0,11
plan_build,graph_chain,1000,999,17,4344754,0,0,0,0,11
plan_build,graph_chain,1000,999,18,4348495,0,0,0,0,11
plan_build,graph_chain,1000,999,19,4609348,0,0,0,0,11
plan_build_alloc,graph_chain,1000,999,0,0,12096,2543619,0,0,11
plan_declaration,graph_chain,1000,999,0,543668,0,0,0,0,1000
plan_validation_freeze,graph_chain,1000,999,0,4116864,0,0,0,0,11
plan_declaration,graph_chain,1000,999,1,488149,0,0,0,0,1000
plan_validation_freeze,graph_chain,1000,999,1,4060993,0,0,0,0,11
plan_declaration,graph_chain,1000,999,2,465446,0,0,0,0,1000
plan_validation_freeze,graph_chain,1000,999,2,4009642,0,0,0,0,11
plan_declaration,graph_chain,1000,999,3,462816,0,0,0,0,1000
plan_validation_freeze,graph_chain,1000,999,3,4024586,0,0,0,0,11
plan_declaration,graph_chain,1000,999,4,460631,0,0,0,0,1000
plan_validation_freeze,graph_chain,1000,999,4,4015957,0,0,0,0,11
plan_declaration,graph_chain,1000,999,5,459686,0,0,0,0,1000
plan_validation_freeze,graph_chain,1000,999,5,4025790,0,0,0,0,11
plan_declaration,graph_chain,1000,999,6,463353,0,0,0,0,1000
plan_validation_freeze,graph_chain,1000,999,6,4012568,0,0,0,0,11
plan_declaration,graph_chain,1000,999,7,459316,0,0,0,0,1000
plan_validation_freeze,graph_chain,1000,999,7,3998826,0,0,0,0,11
plan_declaration,graph_chain,1000,999,8,459039,0,0,0,0,1000
plan_validation_freeze,graph_chain,1000,999,8,4022531,0,0,0,0,11
plan_declaration,graph_chain,1000,999,9,461891,0,0,0,0,1000
plan_validation_freeze,graph_chain,1000,999,9,4010475,0,0,0,0,11
plan_declaration,graph_chain,1000,999,10,462391,0,0,0,0,1000
plan_validation_freeze,graph_chain,1000,999,10,4114624,0,0,0,0,11
plan_declaration,graph_chain,1000,999,11,461576,0,0,0,0,1000
plan_validation_freeze,graph_chain,1000,999,11,3993586,0,0,0,0,11
plan_declaration,graph_chain,1000,999,12,461872,0,0,0,0,1000
plan_validation_freeze,graph_chain,1000,999,12,4011401,0,0,0,0,11
plan_declaration,graph_chain,1000,999,13,460650,0,0,0,0,1000
plan_validation_freeze,graph_chain,1000,999,13,3994938,0,0,0,0,11
plan_declaration,graph_chain,1000,999,14,471538,0,0,0,0,1000
plan_validation_freeze,graph_chain,1000,999,14,3978364,0,0,0,0,11
plan_declaration,graph_chain,1000,999,15,458668,0,0,0,0,1000
plan_validation_freeze,graph_chain,1000,999,15,4013234,0,0,0,0,11
plan_declaration,graph_chain,1000,999,16,459205,0,0,0,0,1000
plan_validation_freeze,graph_chain,1000,999,16,4004716,0,0,0,0,11
plan_declaration,graph_chain,1000,999,17,462020,0,0,0,0,1000
plan_validation_freeze,graph_chain,1000,999,17,4046105,0,0,0,0,11
plan_declaration,graph_chain,1000,999,18,461502,0,0,0,0,1000
plan_validation_freeze,graph_chain,1000,999,18,4008327,0,0,0,0,11
plan_declaration,graph_chain,1000,999,19,469816,0,0,0,0,1000
plan_validation_freeze,graph_chain,1000,999,19,4025938,0,0,0,0,11
plan_declaration_alloc,graph_chain,1000,999,0,0,5051,1046640,0,0,1000
plan_validation_freeze_alloc,graph_chain,1000,999,0,0,7045,1496979,0,0,11
engine_execution,graph_chain,1000,999,0,34493789,0,0,0,0,1
engine_execution,graph_chain,1000,999,1,35895904,0,0,0,0,0
engine_execution,graph_chain,1000,999,2,34993643,0,0,0,0,3
engine_execution,graph_chain,1000,999,3,35085309,0,0,0,0,2
engine_execution,graph_chain,1000,999,4,34528270,0,0,0,0,5
engine_execution,graph_chain,1000,999,5,34504881,0,0,0,0,4
engine_execution,graph_chain,1000,999,6,36963426,0,0,0,0,7
engine_execution,graph_chain,1000,999,7,35365680,0,0,0,0,6
engine_execution,graph_chain,1000,999,8,35318088,0,0,0,0,9
engine_execution,graph_chain,1000,999,9,34746716,0,0,0,0,8
engine_execution,graph_chain,1000,999,10,34560382,0,0,0,0,11
engine_execution,graph_chain,1000,999,11,34112843,0,0,0,0,10
engine_execution,graph_chain,1000,999,12,34439178,0,0,0,0,13
engine_execution,graph_chain,1000,999,13,34428085,0,0,0,0,12
engine_execution,graph_chain,1000,999,14,34326510,0,0,0,0,15
engine_execution,graph_chain,1000,999,15,35478977,0,0,0,0,14
engine_execution,graph_chain,1000,999,16,35005216,0,0,0,0,17
engine_execution,graph_chain,1000,999,17,36054367,0,0,0,0,16
engine_execution,graph_chain,1000,999,18,35134383,0,0,0,0,19
engine_execution,graph_chain,1000,999,19,37156631,0,0,0,0,18
engine_execution,graph_chain,1000,999,20,35253180,0,0,0,0,21
engine_execution,graph_chain,1000,999,21,35159921,0,0,0,0,20
engine_execution,graph_chain,1000,999,22,35584922,0,0,0,0,23
engine_execution,graph_chain,1000,999,23,35140458,0,0,0,0,22
engine_execution,graph_chain,1000,999,24,35046494,0,0,0,0,25
engine_execution,graph_chain,1000,999,25,35039309,0,0,0,0,24
engine_execution,graph_chain,1000,999,26,35742145,0,0,0,0,27
engine_execution,graph_chain,1000,999,27,35249866,0,0,0,0,26
engine_execution,graph_chain,1000,999,28,35246439,0,0,0,0,29
engine_execution,graph_chain,1000,999,29,35444125,0,0,0,0,28
engine_execution,graph_chain,1000,999,30,34603308,0,0,0,0,31
engine_execution,graph_chain,1000,999,31,34572141,0,0,0,0,30
engine_execution,graph_chain,1000,999,32,34977902,0,0,0,0,33
engine_execution,graph_chain,1000,999,33,35591162,0,0,0,0,32
engine_execution,graph_chain,1000,999,34,35485126,0,0,0,0,35
engine_execution,graph_chain,1000,999,35,35319402,0,0,0,0,34
engine_execution,graph_chain,1000,999,36,34924420,0,0,0,0,37
engine_execution,graph_chain,1000,999,37,35206273,0,0,0,0,36
engine_execution,graph_chain,1000,999,38,35230384,0,0,0,0,39
engine_execution,graph_chain,1000,999,39,35090328,0,0,0,0,38
engine_execution_alloc,graph_chain,1000,999,0,0,52069,19679208,0,0,23131
machine_state_setup,graph_chain,1000,999,0,213279,0,0,0,0,1000
body_state_setup,graph_chain,1000,999,0,6093,0,0,0,0,0
machine_state_setup,graph_chain,1000,999,1,180630,0,0,0,0,1000
body_state_setup,graph_chain,1000,999,1,5315,0,0,0,0,0
machine_state_setup,graph_chain,1000,999,2,156315,0,0,0,0,1000
body_state_setup,graph_chain,1000,999,2,3926,0,0,0,0,0
machine_state_setup,graph_chain,1000,999,3,154630,0,0,0,0,1000
body_state_setup,graph_chain,1000,999,3,2704,0,0,0,0,0
machine_state_setup,graph_chain,1000,999,4,152982,0,0,0,0,1000
body_state_setup,graph_chain,1000,999,4,2686,0,0,0,0,0
machine_state_setup,graph_chain,1000,999,5,151408,0,0,0,0,1000
body_state_setup,graph_chain,1000,999,5,2870,0,0,0,0,0
machine_state_setup,graph_chain,1000,999,6,154982,0,0,0,0,1000
body_state_setup,graph_chain,1000,999,6,2741,0,0,0,0,0
machine_state_setup,graph_chain,1000,999,7,153667,0,0,0,0,1000
body_state_setup,graph_chain,1000,999,7,2888,0,0,0,0,0
machine_state_setup,graph_chain,1000,999,8,150667,0,0,0,0,1000
body_state_setup,graph_chain,1000,999,8,2722,0,0,0,0,0
machine_state_setup,graph_chain,1000,999,9,149945,0,0,0,0,1000
body_state_setup,graph_chain,1000,999,9,2630,0,0,0,0,0
machine_state_setup,graph_chain,1000,999,10,150112,0,0,0,0,1000
body_state_setup,graph_chain,1000,999,10,2685,0,0,0,0,0
machine_state_setup,graph_chain,1000,999,11,148593,0,0,0,0,1000
body_state_setup,graph_chain,1000,999,11,3815,0,0,0,0,0
machine_state_setup,graph_chain,1000,999,12,150333,0,0,0,0,1000
body_state_setup,graph_chain,1000,999,12,2667,0,0,0,0,0
machine_state_setup,graph_chain,1000,999,13,153870,0,0,0,0,1000
body_state_setup,graph_chain,1000,999,13,2722,0,0,0,0,0
machine_state_setup,graph_chain,1000,999,14,150853,0,0,0,0,1000
body_state_setup,graph_chain,1000,999,14,2629,0,0,0,0,0
machine_state_setup,graph_chain,1000,999,15,151038,0,0,0,0,1000
body_state_setup,graph_chain,1000,999,15,2574,0,0,0,0,0
machine_state_setup,graph_chain,1000,999,16,152926,0,0,0,0,1000
body_state_setup,graph_chain,1000,999,16,2593,0,0,0,0,0
machine_state_setup,graph_chain,1000,999,17,149167,0,0,0,0,1000
body_state_setup,graph_chain,1000,999,17,2612,0,0,0,0,0
machine_state_setup,graph_chain,1000,999,18,150038,0,0,0,0,1000
body_state_setup,graph_chain,1000,999,18,2722,0,0,0,0,0
machine_state_setup,graph_chain,1000,999,19,162537,0,0,0,0,1000
body_state_setup,graph_chain,1000,999,19,3685,0,0,0,0,0
machine_state_setup,graph_chain,1000,999,20,171556,0,0,0,0,1000
body_state_setup,graph_chain,1000,999,20,3648,0,0,0,0,0
machine_state_setup,graph_chain,1000,999,21,156371,0,0,0,0,1000
body_state_setup,graph_chain,1000,999,21,2555,0,0,0,0,0
machine_state_setup,graph_chain,1000,999,22,156222,0,0,0,0,1000
body_state_setup,graph_chain,1000,999,22,2574,0,0,0,0,0
machine_state_setup,graph_chain,1000,999,23,158167,0,0,0,0,1000
body_state_setup,graph_chain,1000,999,23,2926,0,0,0,0,0
machine_state_setup,graph_chain,1000,999,24,155408,0,0,0,0,1000
body_state_setup,graph_chain,1000,999,24,2982,0,0,0,0,0
machine_state_setup,graph_chain,1000,999,25,162371,0,0,0,0,1000
body_state_setup,graph_chain,1000,999,25,2796,0,0,0,0,0
machine_state_setup,graph_chain,1000,999,26,172056,0,0,0,0,1000
body_state_setup,graph_chain,1000,999,26,4204,0,0,0,0,0
machine_state_setup,graph_chain,1000,999,27,161445,0,0,0,0,1000
body_state_setup,graph_chain,1000,999,27,2593,0,0,0,0,0
machine_state_setup,graph_chain,1000,999,28,154685,0,0,0,0,1000
body_state_setup,graph_chain,1000,999,28,2500,0,0,0,0,0
machine_state_setup,graph_chain,1000,999,29,162093,0,0,0,0,1000
body_state_setup,graph_chain,1000,999,29,2593,0,0,0,0,0
machine_state_setup,graph_chain,1000,999,30,154204,0,0,0,0,1000
body_state_setup,graph_chain,1000,999,30,2500,0,0,0,0,0
machine_state_setup,graph_chain,1000,999,31,154131,0,0,0,0,1000
body_state_setup,graph_chain,1000,999,31,2500,0,0,0,0,0
machine_state_setup,graph_chain,1000,999,32,157408,0,0,0,0,1000
body_state_setup,graph_chain,1000,999,32,2611,0,0,0,0,0
machine_state_setup,graph_chain,1000,999,33,154723,0,0,0,0,1000
body_state_setup,graph_chain,1000,999,33,2482,0,0,0,0,0
machine_state_setup,graph_chain,1000,999,34,163519,0,0,0,0,1000
body_state_setup,graph_chain,1000,999,34,2481,0,0,0,0,0
machine_state_setup,graph_chain,1000,999,35,154723,0,0,0,0,1000
body_state_setup,graph_chain,1000,999,35,2574,0,0,0,0,0
machine_state_setup,graph_chain,1000,999,36,156186,0,0,0,0,1000
body_state_setup,graph_chain,1000,999,36,2500,0,0,0,0,0
machine_state_setup,graph_chain,1000,999,37,156279,0,0,0,0,1000
body_state_setup,graph_chain,1000,999,37,2722,0,0,0,0,0
machine_state_setup,graph_chain,1000,999,38,157463,0,0,0,0,1000
body_state_setup,graph_chain,1000,999,38,2518,0,0,0,0,0
machine_state_setup,graph_chain,1000,999,39,154834,0,0,0,0,1000
body_state_setup,graph_chain,1000,999,39,2555,0,0,0,0,0
pure_machine_events_preseeded,graph_chain,1000,999,0,23024699,0,0,0,0,1001
pure_machine_events_preseeded,graph_chain,1000,999,1,23021754,0,0,0,0,1001
pure_machine_events_preseeded,graph_chain,1000,999,2,23066255,0,0,0,0,1001
pure_machine_events_preseeded,graph_chain,1000,999,3,23127236,0,0,0,0,1001
pure_machine_events_preseeded,graph_chain,1000,999,4,23511312,0,0,0,0,1001
pure_machine_events_preseeded,graph_chain,1000,999,5,23226810,0,0,0,0,1001
pure_machine_events_preseeded,graph_chain,1000,999,6,23457070,0,0,0,0,1001
pure_machine_events_preseeded,graph_chain,1000,999,7,23396311,0,0,0,0,1001
pure_machine_events_preseeded,graph_chain,1000,999,8,23321107,0,0,0,0,1001
pure_machine_events_preseeded,graph_chain,1000,999,9,23227644,0,0,0,0,1001
pure_machine_events_preseeded,graph_chain,1000,999,10,23429237,0,0,0,0,1001
pure_machine_events_preseeded,graph_chain,1000,999,11,23390736,0,0,0,0,1001
pure_machine_events_preseeded,graph_chain,1000,999,12,23101977,0,0,0,0,1001
pure_machine_events_preseeded,graph_chain,1000,999,13,23038088,0,0,0,0,1001
pure_machine_events_preseeded,graph_chain,1000,999,14,23088403,0,0,0,0,1001
pure_machine_events_preseeded,graph_chain,1000,999,15,23334755,0,0,0,0,1001
pure_machine_events_preseeded,graph_chain,1000,999,16,23100125,0,0,0,0,1001
pure_machine_events_preseeded,graph_chain,1000,999,17,23068921,0,0,0,0,1001
pure_machine_events_preseeded,graph_chain,1000,999,18,23085403,0,0,0,0,1001
pure_machine_events_preseeded,graph_chain,1000,999,19,23255329,0,0,0,0,1001
pure_machine_events_preseeded,graph_chain,1000,999,20,23195607,0,0,0,0,1001
pure_machine_events_preseeded,graph_chain,1000,999,21,23097513,0,0,0,0,1001
pure_machine_events_preseeded,graph_chain,1000,999,22,23252515,0,0,0,0,1001
pure_machine_events_preseeded,graph_chain,1000,999,23,23200329,0,0,0,0,1001
pure_machine_events_preseeded,graph_chain,1000,999,24,23195069,0,0,0,0,1001
pure_machine_events_preseeded,graph_chain,1000,999,25,23156107,0,0,0,0,1001
pure_machine_events_preseeded,graph_chain,1000,999,26,23282903,0,0,0,0,1001
pure_machine_events_preseeded,graph_chain,1000,999,27,23080884,0,0,0,0,1001
pure_machine_events_preseeded,graph_chain,1000,999,28,23214533,0,0,0,0,1001
pure_machine_events_preseeded,graph_chain,1000,999,29,23199773,0,0,0,0,1001
pure_machine_events_preseeded,graph_chain,1000,999,30,23113013,0,0,0,0,1001
pure_machine_events_preseeded,graph_chain,1000,999,31,23210143,0,0,0,0,1001
pure_machine_events_preseeded,graph_chain,1000,999,32,23251811,0,0,0,0,1001
pure_machine_events_preseeded,graph_chain,1000,999,33,23085940,0,0,0,0,1001
pure_machine_events_preseeded,graph_chain,1000,999,34,23169366,0,0,0,0,1001
pure_machine_events_preseeded,graph_chain,1000,999,35,23182681,0,0,0,0,1001
pure_machine_events_preseeded,graph_chain,1000,999,36,23213791,0,0,0,0,1001
pure_machine_events_preseeded,graph_chain,1000,999,37,23315589,0,0,0,0,1001
pure_machine_events_preseeded,graph_chain,1000,999,38,23076458,0,0,0,0,1001
pure_machine_events_preseeded,graph_chain,1000,999,39,22987402,0,0,0,0,1001
fixture_generation,graph_wide,1000,999,0,149834,0,0,0,0,5000
fixture_generation,graph_wide,1000,999,1,149389,0,0,0,0,5000
fixture_generation,graph_wide,1000,999,2,149482,0,0,0,0,5000
fixture_generation,graph_wide,1000,999,3,154760,0,0,0,0,5000
fixture_generation,graph_wide,1000,999,4,149353,0,0,0,0,5000
fixture_generation,graph_wide,1000,999,5,149445,0,0,0,0,5000
fixture_generation,graph_wide,1000,999,6,149037,0,0,0,0,5000
fixture_generation,graph_wide,1000,999,7,149149,0,0,0,0,5000
fixture_generation,graph_wide,1000,999,8,149112,0,0,0,0,5000
fixture_generation,graph_wide,1000,999,9,149112,0,0,0,0,5000
fixture_generation,graph_wide,1000,999,10,148889,0,0,0,0,5000
fixture_generation,graph_wide,1000,999,11,149316,0,0,0,0,5000
fixture_generation,graph_wide,1000,999,12,149056,0,0,0,0,5000
fixture_generation,graph_wide,1000,999,13,149167,0,0,0,0,5000
fixture_generation,graph_wide,1000,999,14,149112,0,0,0,0,5000
fixture_generation,graph_wide,1000,999,15,148908,0,0,0,0,5000
fixture_generation,graph_wide,1000,999,16,148759,0,0,0,0,5000
fixture_generation,graph_wide,1000,999,17,148853,0,0,0,0,5000
fixture_generation,graph_wide,1000,999,18,148853,0,0,0,0,5000
fixture_generation,graph_wide,1000,999,19,149778,0,0,0,0,5000
plan_build,graph_wide,1000,999,0,5207312,0,0,0,0,10
plan_build,graph_wide,1000,999,1,5100627,0,0,0,0,10
plan_build,graph_wide,1000,999,2,5055478,0,0,0,0,10
plan_build,graph_wide,1000,999,3,5064107,0,0,0,0,10
plan_build,graph_wide,1000,999,4,5064089,0,0,0,0,10
plan_build,graph_wide,1000,999,5,5081608,0,0,0,0,10
plan_build,graph_wide,1000,999,6,5086645,0,0,0,0,10
plan_build,graph_wide,1000,999,7,5076404,0,0,0,0,10
plan_build,graph_wide,1000,999,8,5055904,0,0,0,0,10
plan_build,graph_wide,1000,999,9,5054219,0,0,0,0,10
plan_build,graph_wide,1000,999,10,5033645,0,0,0,0,10
plan_build,graph_wide,1000,999,11,5034978,0,0,0,0,10
plan_build,graph_wide,1000,999,12,5048497,0,0,0,0,10
plan_build,graph_wide,1000,999,13,5045090,0,0,0,0,10
plan_build,graph_wide,1000,999,14,5041163,0,0,0,0,10
plan_build,graph_wide,1000,999,15,5034552,0,0,0,0,10
plan_build,graph_wide,1000,999,16,5039478,0,0,0,0,10
plan_build,graph_wide,1000,999,17,5038682,0,0,0,0,10
plan_build,graph_wide,1000,999,18,5027663,0,0,0,0,10
plan_build,graph_wide,1000,999,19,5051553,0,0,0,0,10
plan_build_alloc,graph_wide,1000,999,0,0,11106,2528001,0,0,10
plan_declaration,graph_wide,1000,999,0,438853,0,0,0,0,1000
plan_validation_freeze,graph_wide,1000,999,0,4735496,0,0,0,0,10
plan_declaration,graph_wide,1000,999,1,432390,0,0,0,0,1000
plan_validation_freeze,graph_wide,1000,999,1,4717644,0,0,0,0,10
plan_declaration,graph_wide,1000,999,2,439798,0,0,0,0,1000
plan_validation_freeze,graph_wide,1000,999,2,4747366,0,0,0,0,10
plan_declaration,graph_wide,1000,999,3,436983,0,0,0,0,1000
plan_validation_freeze,graph_wide,1000,999,3,4752236,0,0,0,0,10
plan_declaration,graph_wide,1000,999,4,428890,0,0,0,0,1000
plan_validation_freeze,graph_wide,1000,999,4,4738292,0,0,0,0,10
plan_declaration,graph_wide,1000,999,5,430372,0,0,0,0,1000
plan_validation_freeze,graph_wide,1000,999,5,4722421,0,0,0,0,10
plan_declaration,graph_wide,1000,999,6,432539,0,0,0,0,1000
plan_validation_freeze,graph_wide,1000,999,6,4722755,0,0,0,0,10
plan_declaration,graph_wide,1000,999,7,432298,0,0,0,0,1000
plan_validation_freeze,graph_wide,1000,999,7,4721070,0,0,0,0,10
plan_declaration,graph_wide,1000,999,8,431890,0,0,0,0,1000
plan_validation_freeze,graph_wide,1000,999,8,4704310,0,0,0,0,10
plan_declaration,graph_wide,1000,999,9,431020,0,0,0,0,1000
plan_validation_freeze,graph_wide,1000,999,9,4709051,0,0,0,0,10
plan_declaration,graph_wide,1000,999,10,437113,0,0,0,0,1000
plan_validation_freeze,graph_wide,1000,999,10,4723810,0,0,0,0,10
plan_declaration,graph_wide,1000,999,11,435983,0,0,0,0,1000
plan_validation_freeze,graph_wide,1000,999,11,4946885,0,0,0,0,10
plan_declaration,graph_wide,1000,999,12,461928,0,0,0,0,1000
plan_validation_freeze,graph_wide,1000,999,12,4801459,0,0,0,0,10
plan_declaration,graph_wide,1000,999,13,438779,0,0,0,0,1000
plan_validation_freeze,graph_wide,1000,999,13,4736755,0,0,0,0,10
plan_declaration,graph_wide,1000,999,14,429946,0,0,0,0,1000
plan_validation_freeze,graph_wide,1000,999,14,4731552,0,0,0,0,10
plan_declaration,graph_wide,1000,999,15,438335,0,0,0,0,1000
plan_validation_freeze,graph_wide,1000,999,15,4714403,0,0,0,0,10
plan_declaration,graph_wide,1000,999,16,433816,0,0,0,0,1000
plan_validation_freeze,graph_wide,1000,999,16,4733366,0,0,0,0,10
plan_declaration,graph_wide,1000,999,17,429297,0,0,0,0,1000
plan_validation_freeze,graph_wide,1000,999,17,4723459,0,0,0,0,10
plan_declaration,graph_wide,1000,999,18,429724,0,0,0,0,1000
plan_validation_freeze,graph_wide,1000,999,18,4719514,0,0,0,0,10
plan_declaration,graph_wide,1000,999,19,427576,0,0,0,0,1000
plan_validation_freeze,graph_wide,1000,999,19,4708903,0,0,0,0,10
plan_declaration_alloc,graph_wide,1000,999,0,0,5051,1046639,0,0,1000
plan_validation_freeze_alloc,graph_wide,1000,999,0,0,6055,1481362,0,0,10
engine_execution,graph_wide,1000,999,0,19065298,0,0,0,0,998
engine_execution,graph_wide,1000,999,1,19651541,0,0,0,0,999
engine_execution,graph_wide,1000,999,2,19335428,0,0,0,0,996
engine_execution,graph_wide,1000,999,3,19072595,0,0,0,0,997
engine_execution,graph_wide,1000,999,4,19132058,0,0,0,0,994
engine_execution,graph_wide,1000,999,5,19029131,0,0,0,0,995
engine_execution,graph_wide,1000,999,6,19406336,0,0,0,0,992
engine_execution,graph_wide,1000,999,7,19133557,0,0,0,0,993
engine_execution,graph_wide,1000,999,8,19284928,0,0,0,0,1006
engine_execution,graph_wide,1000,999,9,19444059,0,0,0,0,1007
engine_execution,graph_wide,1000,999,10,19101224,0,0,0,0,1004
engine_execution,graph_wide,1000,999,11,19194279,0,0,0,0,1005
engine_execution,graph_wide,1000,999,12,19106965,0,0,0,0,1002
engine_execution,graph_wide,1000,999,13,19019372,0,0,0,0,1003
engine_execution,graph_wide,1000,999,14,19647559,0,0,0,0,1000
engine_execution,graph_wide,1000,999,15,19414780,0,0,0,0,1001
engine_execution,graph_wide,1000,999,16,19320095,0,0,0,0,1014
engine_execution,graph_wide,1000,999,17,19204465,0,0,0,0,1015
engine_execution,graph_wide,1000,999,18,19079594,0,0,0,0,1012
engine_execution,graph_wide,1000,999,19,19096354,0,0,0,0,1013
engine_execution,graph_wide,1000,999,20,19088520,0,0,0,0,1010
engine_execution,graph_wide,1000,999,21,19234150,0,0,0,0,1011
engine_execution,graph_wide,1000,999,22,19439429,0,0,0,0,1008
engine_execution,graph_wide,1000,999,23,19176891,0,0,0,0,1009
engine_execution,graph_wide,1000,999,24,19175020,0,0,0,0,1022
engine_execution,graph_wide,1000,999,25,19356077,0,0,0,0,1023
engine_execution,graph_wide,1000,999,26,19091002,0,0,0,0,1020
engine_execution,graph_wide,1000,999,27,19480485,0,0,0,0,1021
engine_execution,graph_wide,1000,999,28,19663337,0,0,0,0,1018
engine_execution,graph_wide,1000,999,29,19190706,0,0,0,0,1019
engine_execution,graph_wide,1000,999,30,19215539,0,0,0,0,1016
engine_execution,graph_wide,1000,999,31,19360521,0,0,0,0,1017
engine_execution,graph_wide,1000,999,32,19118947,0,0,0,0,966
engine_execution,graph_wide,1000,999,33,19451170,0,0,0,0,967
engine_execution,graph_wide,1000,999,34,19121057,0,0,0,0,964
engine_execution,graph_wide,1000,999,35,19235447,0,0,0,0,965
engine_execution,graph_wide,1000,999,36,19170039,0,0,0,0,962
engine_execution,graph_wide,1000,999,37,19286039,0,0,0,0,963
engine_execution,graph_wide,1000,999,38,19108446,0,0,0,0,960
engine_execution,graph_wide,1000,999,39,18972724,0,0,0,0,961
engine_execution_alloc,graph_wide,1000,999,0,0,49164,12018743,0,0,22972
machine_state_setup,graph_wide,1000,999,0,245464,0,0,0,0,1000
body_state_setup,graph_wide,1000,999,0,5907,0,0,0,0,0
machine_state_setup,graph_wide,1000,999,1,193982,0,0,0,0,1000
body_state_setup,graph_wide,1000,999,1,4037,0,0,0,0,0
machine_state_setup,graph_wide,1000,999,2,180001,0,0,0,0,1000
body_state_setup,graph_wide,1000,999,2,2981,0,0,0,0,0
machine_state_setup,graph_wide,1000,999,3,174389,0,0,0,0,1000
body_state_setup,graph_wide,1000,999,3,2723,0,0,0,0,0
machine_state_setup,graph_wide,1000,999,4,168593,0,0,0,0,1000
body_state_setup,graph_wide,1000,999,4,2963,0,0,0,0,0
machine_state_setup,graph_wide,1000,999,5,162945,0,0,0,0,1000
body_state_setup,graph_wide,1000,999,5,2741,0,0,0,0,0
machine_state_setup,graph_wide,1000,999,6,159741,0,0,0,0,1000
body_state_setup,graph_wide,1000,999,6,2648,0,0,0,0,0
machine_state_setup,graph_wide,1000,999,7,155908,0,0,0,0,1000
body_state_setup,graph_wide,1000,999,7,2723,0,0,0,0,0
machine_state_setup,graph_wide,1000,999,8,154926,0,0,0,0,1000
body_state_setup,graph_wide,1000,999,8,2648,0,0,0,0,0
machine_state_setup,graph_wide,1000,999,9,153204,0,0,0,0,1000
body_state_setup,graph_wide,1000,999,9,2740,0,0,0,0,0
machine_state_setup,graph_wide,1000,999,10,154130,0,0,0,0,1000
body_state_setup,graph_wide,1000,999,10,2592,0,0,0,0,0
machine_state_setup,graph_wide,1000,999,11,151815,0,0,0,0,1000
body_state_setup,graph_wide,1000,999,11,2574,0,0,0,0,0
machine_state_setup,graph_wide,1000,999,12,154519,0,0,0,0,1000
body_state_setup,graph_wide,1000,999,12,2574,0,0,0,0,0
machine_state_setup,graph_wide,1000,999,13,152056,0,0,0,0,1000
body_state_setup,graph_wide,1000,999,13,2519,0,0,0,0,0
machine_state_setup,graph_wide,1000,999,14,150093,0,0,0,0,1000
body_state_setup,graph_wide,1000,999,14,2537,0,0,0,0,0
machine_state_setup,graph_wide,1000,999,15,172537,0,0,0,0,1000
body_state_setup,graph_wide,1000,999,15,3870,0,0,0,0,0
machine_state_setup,graph_wide,1000,999,16,150852,0,0,0,0,1000
body_state_setup,graph_wide,1000,999,16,2555,0,0,0,0,0
machine_state_setup,graph_wide,1000,999,17,162167,0,0,0,0,1000
body_state_setup,graph_wide,1000,999,17,3963,0,0,0,0,0
machine_state_setup,graph_wide,1000,999,18,157648,0,0,0,0,1000
body_state_setup,graph_wide,1000,999,18,2611,0,0,0,0,0
machine_state_setup,graph_wide,1000,999,19,169630,0,0,0,0,1000
body_state_setup,graph_wide,1000,999,19,3463,0,0,0,0,0
machine_state_setup,graph_wide,1000,999,20,169426,0,0,0,0,1000
body_state_setup,graph_wide,1000,999,20,2815,0,0,0,0,0
machine_state_setup,graph_wide,1000,999,21,155352,0,0,0,0,1000
body_state_setup,graph_wide,1000,999,21,2778,0,0,0,0,0
machine_state_setup,graph_wide,1000,999,22,159353,0,0,0,0,1000
body_state_setup,graph_wide,1000,999,22,2759,0,0,0,0,0
machine_state_setup,graph_wide,1000,999,23,155852,0,0,0,0,1000
body_state_setup,graph_wide,1000,999,23,2555,0,0,0,0,0
machine_state_setup,graph_wide,1000,999,24,154352,0,0,0,0,1000
body_state_setup,graph_wide,1000,999,24,2593,0,0,0,0,0
machine_state_setup,graph_wide,1000,999,25,156760,0,0,0,0,1000
body_state_setup,graph_wide,1000,999,25,3833,0,0,0,0,0
machine_state_setup,graph_wide,1000,999,26,157205,0,0,0,0,1000
body_state_setup,graph_wide,1000,999,26,2574,0,0,0,0,0
machine_state_setup,graph_wide,1000,999,27,155853,0,0,0,0,1000
body_state_setup,graph_wide,1000,999,27,2574,0,0,0,0,0
machine_state_setup,graph_wide,1000,999,28,156223,0,0,0,0,1000
body_state_setup,graph_wide,1000,999,28,2741,0,0,0,0,0
machine_state_setup,graph_wide,1000,999,29,158093,0,0,0,0,1000
body_state_setup,graph_wide,1000,999,29,2666,0,0,0,0,0
machine_state_setup,graph_wide,1000,999,30,154778,0,0,0,0,1000
body_state_setup,graph_wide,1000,999,30,2556,0,0,0,0,0
machine_state_setup,graph_wide,1000,999,31,156594,0,0,0,0,1000
body_state_setup,graph_wide,1000,999,31,2666,0,0,0,0,0
machine_state_setup,graph_wide,1000,999,32,157648,0,0,0,0,1000
body_state_setup,graph_wide,1000,999,32,2629,0,0,0,0,0
machine_state_setup,graph_wide,1000,999,33,155167,0,0,0,0,1000
body_state_setup,graph_wide,1000,999,33,2870,0,0,0,0,0
machine_state_setup,graph_wide,1000,999,34,155982,0,0,0,0,1000
body_state_setup,graph_wide,1000,999,34,2574,0,0,0,0,0
machine_state_setup,graph_wide,1000,999,35,154259,0,0,0,0,1000
body_state_setup,graph_wide,1000,999,35,2519,0,0,0,0,0
machine_state_setup,graph_wide,1000,999,36,154056,0,0,0,0,1000
body_state_setup,graph_wide,1000,999,36,2537,0,0,0,0,0
machine_state_setup,graph_wide,1000,999,37,153315,0,0,0,0,1000
body_state_setup,graph_wide,1000,999,37,2666,0,0,0,0,0
machine_state_setup,graph_wide,1000,999,38,165853,0,0,0,0,1000
body_state_setup,graph_wide,1000,999,38,2666,0,0,0,0,0
machine_state_setup,graph_wide,1000,999,39,153519,0,0,0,0,1000
body_state_setup,graph_wide,1000,999,39,2556,0,0,0,0,0
fixture_generation,graph_sparse,1000,999,0,150185,0,0,0,0,5000
fixture_generation,graph_sparse,1000,999,1,149982,0,0,0,0,5000
fixture_generation,graph_sparse,1000,999,2,149945,0,0,0,0,5000
fixture_generation,graph_sparse,1000,999,3,149574,0,0,0,0,5000
fixture_generation,graph_sparse,1000,999,4,149019,0,0,0,0,5000
fixture_generation,graph_sparse,1000,999,5,149593,0,0,0,0,5000
fixture_generation,graph_sparse,1000,999,6,149575,0,0,0,0,5000
fixture_generation,graph_sparse,1000,999,7,149537,0,0,0,0,5000
fixture_generation,graph_sparse,1000,999,8,149278,0,0,0,0,5000
fixture_generation,graph_sparse,1000,999,9,149334,0,0,0,0,5000
fixture_generation,graph_sparse,1000,999,10,149093,0,0,0,0,5000
fixture_generation,graph_sparse,1000,999,11,149501,0,0,0,0,5000
fixture_generation,graph_sparse,1000,999,12,149371,0,0,0,0,5000
fixture_generation,graph_sparse,1000,999,13,149667,0,0,0,0,5000
fixture_generation,graph_sparse,1000,999,14,149112,0,0,0,0,5000
fixture_generation,graph_sparse,1000,999,15,148870,0,0,0,0,5000
fixture_generation,graph_sparse,1000,999,16,149296,0,0,0,0,5000
fixture_generation,graph_sparse,1000,999,17,149463,0,0,0,0,5000
fixture_generation,graph_sparse,1000,999,18,148742,0,0,0,0,5000
fixture_generation,graph_sparse,1000,999,19,149130,0,0,0,0,5000
plan_build,graph_sparse,1000,999,0,4691995,0,0,0,0,12
plan_build,graph_sparse,1000,999,1,4613329,0,0,0,0,12
plan_build,graph_sparse,1000,999,2,4620865,0,0,0,0,12
plan_build,graph_sparse,1000,999,3,4609810,0,0,0,0,12
plan_build,graph_sparse,1000,999,4,4607717,0,0,0,0,12
plan_build,graph_sparse,1000,999,5,4633606,0,0,0,0,12
plan_build,graph_sparse,1000,999,6,4612365,0,0,0,0,12
plan_build,graph_sparse,1000,999,7,4618421,0,0,0,0,12
plan_build,graph_sparse,1000,999,8,5034849,0,0,0,0,12
plan_build,graph_sparse,1000,999,9,4887015,0,0,0,0,12
plan_build,graph_sparse,1000,999,10,4796830,0,0,0,0,12
plan_build,graph_sparse,1000,999,11,4662440,0,0,0,0,12
plan_build,graph_sparse,1000,999,12,4618366,0,0,0,0,12
plan_build,graph_sparse,1000,999,13,4614810,0,0,0,0,12
plan_build,graph_sparse,1000,999,14,4593143,0,0,0,0,12
plan_build,graph_sparse,1000,999,15,4605958,0,0,0,0,12
plan_build,graph_sparse,1000,999,16,4579495,0,0,0,0,12
plan_build,graph_sparse,1000,999,17,4594347,0,0,0,0,12
plan_build,graph_sparse,1000,999,18,4596458,0,0,0,0,12
plan_build,graph_sparse,1000,999,19,4588162,0,0,0,0,12
plan_build_alloc,graph_sparse,1000,999,0,0,11597,2527653,0,0,12
plan_declaration,graph_sparse,1000,999,0,436446,0,0,0,0,1000
plan_validation_freeze,graph_sparse,1000,999,0,4358753,0,0,0,0,12
plan_declaration,graph_sparse,1000,999,1,442149,0,0,0,0,1000
plan_validation_freeze,graph_sparse,1000,999,1,4296513,0,0,0,0,12
plan_declaration,graph_sparse,1000,999,2,435557,0,0,0,0,1000
plan_validation_freeze,graph_sparse,1000,999,2,4279901,0,0,0,0,12
plan_declaration,graph_sparse,1000,999,3,425594,0,0,0,0,1000
plan_validation_freeze,graph_sparse,1000,999,3,4311828,0,0,0,0,12
plan_declaration,graph_sparse,1000,999,4,518872,0,0,0,0,1000
plan_validation_freeze,graph_sparse,1000,999,4,4381402,0,0,0,0,12
plan_declaration,graph_sparse,1000,999,5,468631,0,0,0,0,1000
plan_validation_freeze,graph_sparse,1000,999,5,4357754,0,0,0,0,12
plan_declaration,graph_sparse,1000,999,6,438390,0,0,0,0,1000
plan_validation_freeze,graph_sparse,1000,999,6,4334643,0,0,0,0,12
plan_declaration,graph_sparse,1000,999,7,428927,0,0,0,0,1000
plan_validation_freeze,graph_sparse,1000,999,7,4292346,0,0,0,0,12
plan_declaration,graph_sparse,1000,999,8,425353,0,0,0,0,1000
plan_validation_freeze,graph_sparse,1000,999,8,4283272,0,0,0,0,12
plan_declaration,graph_sparse,1000,999,9,423909,0,0,0,0,1000
plan_validation_freeze,graph_sparse,1000,999,9,4289624,0,0,0,0,12
plan_declaration,graph_sparse,1000,999,10,428576,0,0,0,0,1000
plan_validation_freeze,graph_sparse,1000,999,10,4290198,0,0,0,0,12
plan_declaration,graph_sparse,1000,999,11,427390,0,0,0,0,1000
plan_validation_freeze,graph_sparse,1000,999,11,4278439,0,0,0,0,12
plan_declaration,graph_sparse,1000,999,12,424742,0,0,0,0,1000
plan_validation_freeze,graph_sparse,1000,999,12,4278198,0,0,0,0,12
plan_declaration,graph_sparse,1000,999,13,430372,0,0,0,0,1000
plan_validation_freeze,graph_sparse,1000,999,13,4288013,0,0,0,0,12
plan_declaration,graph_sparse,1000,999,14,424353,0,0,0,0,1000
plan_validation_freeze,graph_sparse,1000,999,14,4268976,0,0,0,0,12
plan_declaration,graph_sparse,1000,999,15,426446,0,0,0,0,1000
plan_validation_freeze,graph_sparse,1000,999,15,4272531,0,0,0,0,12
plan_declaration,graph_sparse,1000,999,16,422520,0,0,0,0,1000
plan_validation_freeze,graph_sparse,1000,999,16,4261198,0,0,0,0,12
plan_declaration,graph_sparse,1000,999,17,430298,0,0,0,0,1000
plan_validation_freeze,graph_sparse,1000,999,17,4285921,0,0,0,0,12
plan_declaration,graph_sparse,1000,999,18,425946,0,0,0,0,1000
plan_validation_freeze,graph_sparse,1000,999,18,4281310,0,0,0,0,12
plan_declaration,graph_sparse,1000,999,19,422872,0,0,0,0,1000
plan_validation_freeze,graph_sparse,1000,999,19,4373532,0,0,0,0,12
plan_declaration_alloc,graph_sparse,1000,999,0,0,5051,1046641,0,0,1000
plan_validation_freeze_alloc,graph_sparse,1000,999,0,0,6546,1481012,0,0,12
engine_execution,graph_sparse,1000,999,0,27426841,0,0,0,0,697
engine_execution,graph_sparse,1000,999,1,27154544,0,0,0,0,696
engine_execution,graph_sparse,1000,999,2,27771565,0,0,0,0,699
engine_execution,graph_sparse,1000,999,3,27072674,0,0,0,0,698
engine_execution,graph_sparse,1000,999,4,27192489,0,0,0,0,701
engine_execution,graph_sparse,1000,999,5,26869173,0,0,0,0,700
engine_execution,graph_sparse,1000,999,6,26916266,0,0,0,0,703
engine_execution,graph_sparse,1000,999,7,26904933,0,0,0,0,702
engine_execution,graph_sparse,1000,999,8,26864470,0,0,0,0,689
engine_execution,graph_sparse,1000,999,9,26844006,0,0,0,0,688
engine_execution,graph_sparse,1000,999,10,26943655,0,0,0,0,691
engine_execution,graph_sparse,1000,999,11,27620490,0,0,0,0,690
engine_execution,graph_sparse,1000,999,12,27479435,0,0,0,0,693
engine_execution,graph_sparse,1000,999,13,27090044,0,0,0,0,692
engine_execution,graph_sparse,1000,999,14,27125137,0,0,0,0,695
engine_execution,graph_sparse,1000,999,15,26831210,0,0,0,0,694
engine_execution,graph_sparse,1000,999,16,26944377,0,0,0,0,681
engine_execution,graph_sparse,1000,999,17,27051304,0,0,0,0,680
engine_execution,graph_sparse,1000,999,18,26815136,0,0,0,0,683
engine_execution,graph_sparse,1000,999,19,26988785,0,0,0,0,682
engine_execution,graph_sparse,1000,999,20,27502120,0,0,0,0,685
engine_execution,graph_sparse,1000,999,21,27277730,0,0,0,0,684
engine_execution,graph_sparse,1000,999,22,28596531,0,0,0,0,687
engine_execution,graph_sparse,1000,999,23,27658380,0,0,0,0,686
engine_execution,graph_sparse,1000,999,24,27158933,0,0,0,0,673
engine_execution,graph_sparse,1000,999,25,28335252,0,0,0,0,672
engine_execution,graph_sparse,1000,999,26,27904713,0,0,0,0,675
engine_execution,graph_sparse,1000,999,27,27042007,0,0,0,0,674
engine_execution,graph_sparse,1000,999,28,27019470,0,0,0,0,677
engine_execution,graph_sparse,1000,999,29,27428842,0,0,0,0,676
engine_execution,graph_sparse,1000,999,30,27506823,0,0,0,0,679
engine_execution,graph_sparse,1000,999,31,27260563,0,0,0,0,678
engine_execution,graph_sparse,1000,999,32,27020285,0,0,0,0,665
engine_execution,graph_sparse,1000,999,33,27207434,0,0,0,0,664
engine_execution,graph_sparse,1000,999,34,27300045,0,0,0,0,667
engine_execution,graph_sparse,1000,999,35,27021729,0,0,0,0,666
engine_execution,graph_sparse,1000,999,36,26933655,0,0,0,0,669
engine_execution,graph_sparse,1000,999,37,27289526,0,0,0,0,668
engine_execution,graph_sparse,1000,999,38,27331100,0,0,0,0,671
engine_execution,graph_sparse,1000,999,39,27821102,0,0,0,0,670
engine_execution_alloc,graph_sparse,1000,999,0,0,51109,15933385,0,0,22755
machine_state_setup,graph_sparse,1000,999,0,220704,0,0,0,0,1000
body_state_setup,graph_sparse,1000,999,0,6037,0,0,0,0,0
machine_state_setup,graph_sparse,1000,999,1,169778,0,0,0,0,1000
body_state_setup,graph_sparse,1000,999,1,3704,0,0,0,0,0
machine_state_setup,graph_sparse,1000,999,2,162759,0,0,0,0,1000
body_state_setup,graph_sparse,1000,999,2,3223,0,0,0,0,0
machine_state_setup,graph_sparse,1000,999,3,156612,0,0,0,0,1000
body_state_setup,graph_sparse,1000,999,3,2945,0,0,0,0,0
machine_state_setup,graph_sparse,1000,999,4,166797,0,0,0,0,1000
body_state_setup,graph_sparse,1000,999,4,4611,0,0,0,0,0
machine_state_setup,graph_sparse,1000,999,5,157019,0,0,0,0,1000
body_state_setup,graph_sparse,1000,999,5,2704,0,0,0,0,0
machine_state_setup,graph_sparse,1000,999,6,151038,0,0,0,0,1000
body_state_setup,graph_sparse,1000,999,6,2666,0,0,0,0,0
machine_state_setup,graph_sparse,1000,999,7,152741,0,0,0,0,1000
body_state_setup,graph_sparse,1000,999,7,2611,0,0,0,0,0
machine_state_setup,graph_sparse,1000,999,8,151464,0,0,0,0,1000
body_state_setup,graph_sparse,1000,999,8,2629,0,0,0,0,0
machine_state_setup,graph_sparse,1000,999,9,151333,0,0,0,0,1000
body_state_setup,graph_sparse,1000,999,9,2593,0,0,0,0,0
machine_state_setup,graph_sparse,1000,999,10,150945,0,0,0,0,1000
body_state_setup,graph_sparse,1000,999,10,2630,0,0,0,0,0
machine_state_setup,graph_sparse,1000,999,11,151945,0,0,0,0,1000
body_state_setup,graph_sparse,1000,999,11,2537,0,0,0,0,0
machine_state_setup,graph_sparse,1000,999,12,150945,0,0,0,0,1000
body_state_setup,graph_sparse,1000,999,12,2630,0,0,0,0,0
machine_state_setup,graph_sparse,1000,999,13,151204,0,0,0,0,1000
body_state_setup,graph_sparse,1000,999,13,2889,0,0,0,0,0
machine_state_setup,graph_sparse,1000,999,14,152778,0,0,0,0,1000
body_state_setup,graph_sparse,1000,999,14,2592,0,0,0,0,0
machine_state_setup,graph_sparse,1000,999,15,178612,0,0,0,0,1000
body_state_setup,graph_sparse,1000,999,15,4204,0,0,0,0,0
machine_state_setup,graph_sparse,1000,999,16,161223,0,0,0,0,1000
body_state_setup,graph_sparse,1000,999,16,2648,0,0,0,0,0
machine_state_setup,graph_sparse,1000,999,17,178223,0,0,0,0,1000
body_state_setup,graph_sparse,1000,999,17,4148,0,0,0,0,0
machine_state_setup,graph_sparse,1000,999,18,158853,0,0,0,0,1000
body_state_setup,graph_sparse,1000,999,18,2574,0,0,0,0,0
machine_state_setup,graph_sparse,1000,999,19,155204,0,0,0,0,1000
body_state_setup,graph_sparse,1000,999,19,2592,0,0,0,0,0
machine_state_setup,graph_sparse,1000,999,20,158500,0,0,0,0,1000
body_state_setup,graph_sparse,1000,999,20,2759,0,0,0,0,0
machine_state_setup,graph_sparse,1000,999,21,156334,0,0,0,0,1000
body_state_setup,graph_sparse,1000,999,21,2648,0,0,0,0,0
machine_state_setup,graph_sparse,1000,999,22,154149,0,0,0,0,1000
body_state_setup,graph_sparse,1000,999,22,2704,0,0,0,0,0
machine_state_setup,graph_sparse,1000,999,23,158056,0,0,0,0,1000
body_state_setup,graph_sparse,1000,999,23,2667,0,0,0,0,0
machine_state_setup,graph_sparse,1000,999,24,154074,0,0,0,0,1000
body_state_setup,graph_sparse,1000,999,24,2556,0,0,0,0,0
machine_state_setup,graph_sparse,1000,999,25,155093,0,0,0,0,1000
body_state_setup,graph_sparse,1000,999,25,3129,0,0,0,0,0
machine_state_setup,graph_sparse,1000,999,26,162668,0,0,0,0,1000
body_state_setup,graph_sparse,1000,999,26,2666,0,0,0,0,0
machine_state_setup,graph_sparse,1000,999,27,154686,0,0,0,0,1000
body_state_setup,graph_sparse,1000,999,27,2574,0,0,0,0,0
machine_state_setup,graph_sparse,1000,999,28,154816,0,0,0,0,1000
body_state_setup,graph_sparse,1000,999,28,2519,0,0,0,0,0
machine_state_setup,graph_sparse,1000,999,29,168963,0,0,0,0,1000
body_state_setup,graph_sparse,1000,999,29,3796,0,0,0,0,0
machine_state_setup,graph_sparse,1000,999,30,160482,0,0,0,0,1000
body_state_setup,graph_sparse,1000,999,30,2482,0,0,0,0,0
machine_state_setup,graph_sparse,1000,999,31,154889,0,0,0,0,1000
body_state_setup,graph_sparse,1000,999,31,2537,0,0,0,0,0
machine_state_setup,graph_sparse,1000,999,32,159333,0,0,0,0,1000
body_state_setup,graph_sparse,1000,999,32,2981,0,0,0,0,0
machine_state_setup,graph_sparse,1000,999,33,153927,0,0,0,0,1000
body_state_setup,graph_sparse,1000,999,33,2518,0,0,0,0,0
machine_state_setup,graph_sparse,1000,999,34,154167,0,0,0,0,1000
body_state_setup,graph_sparse,1000,999,34,2519,0,0,0,0,0
machine_state_setup,graph_sparse,1000,999,35,162760,0,0,0,0,1000
body_state_setup,graph_sparse,1000,999,35,2889,0,0,0,0,0
machine_state_setup,graph_sparse,1000,999,36,154056,0,0,0,0,1000
body_state_setup,graph_sparse,1000,999,36,3334,0,0,0,0,0
machine_state_setup,graph_sparse,1000,999,37,155871,0,0,0,0,1000
body_state_setup,graph_sparse,1000,999,37,2556,0,0,0,0,0
machine_state_setup,graph_sparse,1000,999,38,154463,0,0,0,0,1000
body_state_setup,graph_sparse,1000,999,38,2537,0,0,0,0,0
machine_state_setup,graph_sparse,1000,999,39,153056,0,0,0,0,1000
body_state_setup,graph_sparse,1000,999,39,2574,0,0,0,0,0
fixture_generation,tiny_yield_chain,1,0,0,2111,0,0,0,0,5
fixture_generation,tiny_yield_chain,1,0,1,314,0,0,0,0,5
fixture_generation,tiny_yield_chain,1,0,2,241,0,0,0,0,5
fixture_generation,tiny_yield_chain,1,0,3,241,0,0,0,0,5
fixture_generation,tiny_yield_chain,1,0,4,1555,0,0,0,0,5
fixture_generation,tiny_yield_chain,1,0,5,222,0,0,0,0,5
fixture_generation,tiny_yield_chain,1,0,6,204,0,0,0,0,5
fixture_generation,tiny_yield_chain,1,0,7,203,0,0,0,0,5
fixture_generation,tiny_yield_chain,1,0,8,204,0,0,0,0,5
fixture_generation,tiny_yield_chain,1,0,9,277,0,0,0,0,5
fixture_generation,tiny_yield_chain,1,0,10,203,0,0,0,0,5
fixture_generation,tiny_yield_chain,1,0,11,204,0,0,0,0,5
fixture_generation,tiny_yield_chain,1,0,12,204,0,0,0,0,5
fixture_generation,tiny_yield_chain,1,0,13,204,0,0,0,0,5
fixture_generation,tiny_yield_chain,1,0,14,259,0,0,0,0,5
fixture_generation,tiny_yield_chain,1,0,15,222,0,0,0,0,5
fixture_generation,tiny_yield_chain,1,0,16,222,0,0,0,0,5
fixture_generation,tiny_yield_chain,1,0,17,203,0,0,0,0,5
fixture_generation,tiny_yield_chain,1,0,18,203,0,0,0,0,5
fixture_generation,tiny_yield_chain,1,0,19,537,0,0,0,0,5
plan_build,tiny_yield_chain,1,0,0,44260,0,0,0,0,11
plan_build,tiny_yield_chain,1,0,1,3500,0,0,0,0,11
plan_build,tiny_yield_chain,1,0,2,2759,0,0,0,0,11
plan_build,tiny_yield_chain,1,0,3,2778,0,0,0,0,11
plan_build,tiny_yield_chain,1,0,4,3111,0,0,0,0,11
plan_build,tiny_yield_chain,1,0,5,2556,0,0,0,0,11
plan_build,tiny_yield_chain,1,0,6,2796,0,0,0,0,11
plan_build,tiny_yield_chain,1,0,7,2741,0,0,0,0,11
plan_build,tiny_yield_chain,1,0,8,2852,0,0,0,0,11
plan_build,tiny_yield_chain,1,0,9,3759,0,0,0,0,11
plan_build,tiny_yield_chain,1,0,10,2851,0,0,0,0,11
plan_build,tiny_yield_chain,1,0,11,2814,0,0,0,0,11
plan_build,tiny_yield_chain,1,0,12,2778,0,0,0,0,11
plan_build,tiny_yield_chain,1,0,13,2741,0,0,0,0,11
plan_build,tiny_yield_chain,1,0,14,2926,0,0,0,0,11
plan_build,tiny_yield_chain,1,0,15,2797,0,0,0,0,11
plan_build,tiny_yield_chain,1,0,16,2722,0,0,0,0,11
plan_build,tiny_yield_chain,1,0,17,2704,0,0,0,0,11
plan_build,tiny_yield_chain,1,0,18,2796,0,0,0,0,11
plan_build,tiny_yield_chain,1,0,19,3241,0,0,0,0,11
plan_build_alloc,tiny_yield_chain,1,0,0,0,36,6762,0,0,11
plan_declaration,tiny_yield_chain,1,0,0,3074,0,0,0,0,1
plan_validation_freeze,tiny_yield_chain,1,0,0,1797,0,0,0,0,11
plan_declaration,tiny_yield_chain,1,0,1,1315,0,0,0,0,1
plan_validation_freeze,tiny_yield_chain,1,0,1,1741,0,0,0,0,11
plan_declaration,tiny_yield_chain,1,0,2,1222,0,0,0,0,1
plan_validation_freeze,tiny_yield_chain,1,0,2,1740,0,0,0,0,11
plan_declaration,tiny_yield_chain,1,0,3,1186,0,0,0,0,1
plan_validation_freeze,tiny_yield_chain,1,0,3,1722,0,0,0,0,11
plan_declaration,tiny_yield_chain,1,0,4,1185,0,0,0,0,1
plan_validation_freeze,tiny_yield_chain,1,0,4,1797,0,0,0,0,11
plan_declaration,tiny_yield_chain,1,0,5,1204,0,0,0,0,1
plan_validation_freeze,tiny_yield_chain,1,0,5,1722,0,0,0,0,11
plan_declaration,tiny_yield_chain,1,0,6,1203,0,0,0,0,1
plan_validation_freeze,tiny_yield_chain,1,0,6,1741,0,0,0,0,11
plan_declaration,tiny_yield_chain,1,0,7,1185,0,0,0,0,1
plan_validation_freeze,tiny_yield_chain,1,0,7,1740,0,0,0,0,11
plan_declaration,tiny_yield_chain,1,0,8,1148,0,0,0,0,1
plan_validation_freeze,tiny_yield_chain,1,0,8,1740,0,0,0,0,11
plan_declaration,tiny_yield_chain,1,0,9,1148,0,0,0,0,1
plan_validation_freeze,tiny_yield_chain,1,0,9,1740,0,0,0,0,11
plan_declaration,tiny_yield_chain,1,0,10,1186,0,0,0,0,1
plan_validation_freeze,tiny_yield_chain,1,0,10,1741,0,0,0,0,11
plan_declaration,tiny_yield_chain,1,0,11,1186,0,0,0,0,1
plan_validation_freeze,tiny_yield_chain,1,0,11,1778,0,0,0,0,11
plan_declaration,tiny_yield_chain,1,0,12,1167,0,0,0,0,1
plan_validation_freeze,tiny_yield_chain,1,0,12,1760,0,0,0,0,11
plan_declaration,tiny_yield_chain,1,0,13,1185,0,0,0,0,1
plan_validation_freeze,tiny_yield_chain,1,0,13,1760,0,0,0,0,11
plan_declaration,tiny_yield_chain,1,0,14,1166,0,0,0,0,1
plan_validation_freeze,tiny_yield_chain,1,0,14,1704,0,0,0,0,11
plan_declaration,tiny_yield_chain,1,0,15,1167,0,0,0,0,1
plan_validation_freeze,tiny_yield_chain,1,0,15,1741,0,0,0,0,11
plan_declaration,tiny_yield_chain,1,0,16,1167,0,0,0,0,1
plan_validation_freeze,tiny_yield_chain,1,0,16,1741,0,0,0,0,11
plan_declaration,tiny_yield_chain,1,0,17,1167,0,0,0,0,1
plan_validation_freeze,tiny_yield_chain,1,0,17,1741,0,0,0,0,11
plan_declaration,tiny_yield_chain,1,0,18,1167,0,0,0,0,1
plan_validation_freeze,tiny_yield_chain,1,0,18,1722,0,0,0,0,11
plan_declaration,tiny_yield_chain,1,0,19,1166,0,0,0,0,1
plan_validation_freeze,tiny_yield_chain,1,0,19,1740,0,0,0,0,11
plan_declaration_alloc,tiny_yield_chain,1,0,0,0,16,2178,0,0,1
plan_validation_freeze_alloc,tiny_yield_chain,1,0,0,0,20,4584,0,0,11
engine_execution,tiny_yield_chain,1,0,0,11574,0,0,0,0,1
engine_execution,tiny_yield_chain,1,0,1,11556,0,0,0,0,0
engine_execution,tiny_yield_chain,1,0,2,11685,0,0,0,0,3
engine_execution,tiny_yield_chain,1,0,3,11574,0,0,0,0,2
engine_execution,tiny_yield_chain,1,0,4,12093,0,0,0,0,5
engine_execution,tiny_yield_chain,1,0,5,11889,0,0,0,0,4
engine_execution,tiny_yield_chain,1,0,6,11685,0,0,0,0,7
engine_execution,tiny_yield_chain,1,0,7,11815,0,0,0,0,6
engine_execution,tiny_yield_chain,1,0,8,11797,0,0,0,0,9
engine_execution,tiny_yield_chain,1,0,9,11686,0,0,0,0,8
engine_execution,tiny_yield_chain,1,0,10,11759,0,0,0,0,11
engine_execution,tiny_yield_chain,1,0,11,11759,0,0,0,0,10
engine_execution,tiny_yield_chain,1,0,12,11759,0,0,0,0,13
engine_execution,tiny_yield_chain,1,0,13,11704,0,0,0,0,12
engine_execution,tiny_yield_chain,1,0,14,11778,0,0,0,0,15
engine_execution,tiny_yield_chain,1,0,15,11685,0,0,0,0,14
engine_execution,tiny_yield_chain,1,0,16,11722,0,0,0,0,17
engine_execution,tiny_yield_chain,1,0,17,11759,0,0,0,0,16
engine_execution,tiny_yield_chain,1,0,18,11648,0,0,0,0,19
engine_execution,tiny_yield_chain,1,0,19,11666,0,0,0,0,18
engine_execution,tiny_yield_chain,1,0,20,11666,0,0,0,0,21
engine_execution,tiny_yield_chain,1,0,21,11649,0,0,0,0,20
engine_execution,tiny_yield_chain,1,0,22,11648,0,0,0,0,23
engine_execution,tiny_yield_chain,1,0,23,11685,0,0,0,0,22
engine_execution,tiny_yield_chain,1,0,24,11685,0,0,0,0,25
engine_execution,tiny_yield_chain,1,0,25,11722,0,0,0,0,24
engine_execution,tiny_yield_chain,1,0,26,11833,0,0,0,0,27
engine_execution,tiny_yield_chain,1,0,27,11703,0,0,0,0,26
engine_execution,tiny_yield_chain,1,0,28,11630,0,0,0,0,29
engine_execution,tiny_yield_chain,1,0,29,11759,0,0,0,0,28
engine_execution,tiny_yield_chain,1,0,30,11722,0,0,0,0,31
engine_execution,tiny_yield_chain,1,0,31,11667,0,0,0,0,30
engine_execution,tiny_yield_chain,1,0,32,11852,0,0,0,0,33
engine_execution,tiny_yield_chain,1,0,33,11574,0,0,0,0,32
engine_execution,tiny_yield_chain,1,0,34,11740,0,0,0,0,35
engine_execution,tiny_yield_chain,1,0,35,11741,0,0,0,0,34
engine_execution,tiny_yield_chain,1,0,36,11815,0,0,0,0,37
engine_execution,tiny_yield_chain,1,0,37,11704,0,0,0,0,36
engine_execution,tiny_yield_chain,1,0,38,11740,0,0,0,0,39
engine_execution,tiny_yield_chain,1,0,39,11704,0,0,0,0,38
engine_execution_alloc,tiny_yield_chain,1,0,0,0,102,11796,0,0,23131
machine_state_setup,tiny_yield_chain,1,0,0,759,0,0,0,0,1
body_state_setup,tiny_yield_chain,1,0,0,519,0,0,0,0,0
machine_state_setup,tiny_yield_chain,1,0,1,519,0,0,0,0,1
body_state_setup,tiny_yield_chain,1,0,1,445,0,0,0,0,0
machine_state_setup,tiny_yield_chain,1,0,2,518,0,0,0,0,1
body_state_setup,tiny_yield_chain,1,0,2,408,0,0,0,0,0
machine_state_setup,tiny_yield_chain,1,0,3,426,0,0,0,0,1
body_state_setup,tiny_yield_chain,1,0,3,407,0,0,0,0,0
machine_state_setup,tiny_yield_chain,1,0,4,408,0,0,0,0,1
body_state_setup,tiny_yield_chain,1,0,4,444,0,0,0,0,0
machine_state_setup,tiny_yield_chain,1,0,5,426,0,0,0,0,1
body_state_setup,tiny_yield_chain,1,0,5,444,0,0,0,0,0
machine_state_setup,tiny_yield_chain,1,0,6,408,0,0,0,0,1
body_state_setup,tiny_yield_chain,1,0,6,408,0,0,0,0,0
machine_state_setup,tiny_yield_chain,1,0,7,426,0,0,0,0,1
body_state_setup,tiny_yield_chain,1,0,7,389,0,0,0,0,0
machine_state_setup,tiny_yield_chain,1,0,8,555,0,0,0,0,1
body_state_setup,tiny_yield_chain,1,0,8,481,0,0,0,0,0
machine_state_setup,tiny_yield_chain,1,0,9,408,0,0,0,0,1
body_state_setup,tiny_yield_chain,1,0,9,407,0,0,0,0,0
machine_state_setup,tiny_yield_chain,1,0,10,352,0,0,0,0,1
body_state_setup,tiny_yield_chain,1,0,10,370,0,0,0,0,0
machine_state_setup,tiny_yield_chain,1,0,11,333,0,0,0,0,1
body_state_setup,tiny_yield_chain,1,0,11,333,0,0,0,0,0
machine_state_setup,tiny_yield_chain,1,0,12,333,0,0,0,0,1
body_state_setup,tiny_yield_chain,1,0,12,407,0,0,0,0,0
machine_state_setup,tiny_yield_chain,1,0,13,334,0,0,0,0,1
body_state_setup,tiny_yield_chain,1,0,13,389,0,0,0,0,0
machine_state_setup,tiny_yield_chain,1,0,14,333,0,0,0,0,1
body_state_setup,tiny_yield_chain,1,0,14,444,0,0,0,0,0
machine_state_setup,tiny_yield_chain,1,0,15,389,0,0,0,0,1
body_state_setup,tiny_yield_chain,1,0,15,407,0,0,0,0,0
machine_state_setup,tiny_yield_chain,1,0,16,407,0,0,0,0,1
body_state_setup,tiny_yield_chain,1,0,16,370,0,0,0,0,0
machine_state_setup,tiny_yield_chain,1,0,17,352,0,0,0,0,1
body_state_setup,tiny_yield_chain,1,0,17,426,0,0,0,0,0
machine_state_setup,tiny_yield_chain,1,0,18,371,0,0,0,0,1
body_state_setup,tiny_yield_chain,1,0,18,370,0,0,0,0,0
machine_state_setup,tiny_yield_chain,1,0,19,389,0,0,0,0,1
body_state_setup,tiny_yield_chain,1,0,19,352,0,0,0,0,0
machine_state_setup,tiny_yield_chain,1,0,20,370,0,0,0,0,1
body_state_setup,tiny_yield_chain,1,0,20,407,0,0,0,0,0
machine_state_setup,tiny_yield_chain,1,0,21,370,0,0,0,0,1
body_state_setup,tiny_yield_chain,1,0,21,389,0,0,0,0,0
machine_state_setup,tiny_yield_chain,1,0,22,444,0,0,0,0,1
body_state_setup,tiny_yield_chain,1,0,22,389,0,0,0,0,0
machine_state_setup,tiny_yield_chain,1,0,23,352,0,0,0,0,1
body_state_setup,tiny_yield_chain,1,0,23,389,0,0,0,0,0
machine_state_setup,tiny_yield_chain,1,0,24,371,0,0,0,0,1
body_state_setup,tiny_yield_chain,1,0,24,389,0,0,0,0,0
machine_state_setup,tiny_yield_chain,1,0,25,370,0,0,0,0,1
body_state_setup,tiny_yield_chain,1,0,25,352,0,0,0,0,0
machine_state_setup,tiny_yield_chain,1,0,26,352,0,0,0,0,1
body_state_setup,tiny_yield_chain,1,0,26,407,0,0,0,0,0
machine_state_setup,tiny_yield_chain,1,0,27,352,0,0,0,0,1
body_state_setup,tiny_yield_chain,1,0,27,370,0,0,0,0,0
machine_state_setup,tiny_yield_chain,1,0,28,370,0,0,0,0,1
body_state_setup,tiny_yield_chain,1,0,28,352,0,0,0,0,0
machine_state_setup,tiny_yield_chain,1,0,29,333,0,0,0,0,1
body_state_setup,tiny_yield_chain,1,0,29,389,0,0,0,0,0
machine_state_setup,tiny_yield_chain,1,0,30,352,0,0,0,0,1
body_state_setup,tiny_yield_chain,1,0,30,370,0,0,0,0,0
machine_state_setup,tiny_yield_chain,1,0,31,370,0,0,0,0,1
body_state_setup,tiny_yield_chain,1,0,31,352,0,0,0,0,0
machine_state_setup,tiny_yield_chain,1,0,32,351,0,0,0,0,1
body_state_setup,tiny_yield_chain,1,0,32,426,0,0,0,0,0
machine_state_setup,tiny_yield_chain,1,0,33,351,0,0,0,0,1
body_state_setup,tiny_yield_chain,1,0,33,370,0,0,0,0,0
machine_state_setup,tiny_yield_chain,1,0,34,352,0,0,0,0,1
body_state_setup,tiny_yield_chain,1,0,34,426,0,0,0,0,0
machine_state_setup,tiny_yield_chain,1,0,35,370,0,0,0,0,1
body_state_setup,tiny_yield_chain,1,0,35,352,0,0,0,0,0
machine_state_setup,tiny_yield_chain,1,0,36,351,0,0,0,0,1
body_state_setup,tiny_yield_chain,1,0,36,389,0,0,0,0,0
machine_state_setup,tiny_yield_chain,1,0,37,352,0,0,0,0,1
body_state_setup,tiny_yield_chain,1,0,37,408,0,0,0,0,0
machine_state_setup,tiny_yield_chain,1,0,38,333,0,0,0,0,1
body_state_setup,tiny_yield_chain,1,0,38,370,0,0,0,0,0
machine_state_setup,tiny_yield_chain,1,0,39,352,0,0,0,0,1
body_state_setup,tiny_yield_chain,1,0,39,389,0,0,0,0,0
engine_execution,resource_normal,2,1,0,22889,0,0,0,0,0
engine_execution,resource_normal,2,1,1,22704,0,0,0,0,3
engine_execution,resource_normal,2,1,2,22630,0,0,0,0,2
engine_execution,resource_normal,2,1,3,22519,0,0,0,0,5
engine_execution,resource_normal,2,1,4,22907,0,0,0,0,4
engine_execution,resource_normal,2,1,5,22797,0,0,0,0,7
engine_execution,resource_normal,2,1,6,22704,0,0,0,0,6
engine_execution,resource_normal,2,1,7,22685,0,0,0,0,9
engine_execution,resource_normal,2,1,8,22926,0,0,0,0,8
engine_execution,resource_normal,2,1,9,22722,0,0,0,0,11
engine_execution,resource_normal,2,1,10,22945,0,0,0,0,10
engine_execution,resource_normal,2,1,11,22593,0,0,0,0,13
engine_execution,resource_normal,2,1,12,23278,0,0,0,0,12
engine_execution,resource_normal,2,1,13,22944,0,0,0,0,15
engine_execution,resource_normal,2,1,14,23112,0,0,0,0,14
engine_execution,resource_normal,2,1,15,22778,0,0,0,0,17
engine_execution,resource_normal,2,1,16,23056,0,0,0,0,16
engine_execution,resource_normal,2,1,17,22686,0,0,0,0,19
engine_execution,resource_normal,2,1,18,22760,0,0,0,0,18
engine_execution,resource_normal,2,1,19,22834,0,0,0,0,21
engine_execution,resource_normal,2,1,20,22945,0,0,0,0,20
engine_execution,resource_normal,2,1,21,22796,0,0,0,0,23
engine_execution,resource_normal,2,1,22,23075,0,0,0,0,22
engine_execution,resource_normal,2,1,23,22852,0,0,0,0,25
engine_execution,resource_normal,2,1,24,23037,0,0,0,0,24
engine_execution,resource_normal,2,1,25,22796,0,0,0,0,27
engine_execution,resource_normal,2,1,26,23092,0,0,0,0,26
engine_execution,resource_normal,2,1,27,22667,0,0,0,0,29
engine_execution,resource_normal,2,1,28,22889,0,0,0,0,28
engine_execution,resource_normal,2,1,29,22944,0,0,0,0,31
engine_execution,resource_normal,2,1,30,22833,0,0,0,0,30
engine_execution,resource_normal,2,1,31,22889,0,0,0,0,33
engine_execution,resource_normal,2,1,32,41296,0,0,0,0,32
engine_execution,resource_normal,2,1,33,23222,0,0,0,0,35
engine_execution,resource_normal,2,1,34,23000,0,0,0,0,34
engine_execution,resource_normal,2,1,35,23000,0,0,0,0,37
engine_execution,resource_normal,2,1,36,22760,0,0,0,0,36
engine_execution,resource_normal,2,1,37,22926,0,0,0,0,39
engine_execution,resource_normal,2,1,38,22963,0,0,0,0,38
engine_execution,resource_normal,2,1,39,22685,0,0,0,0,41
engine_execution_alloc,resource_normal,2,1,0,0,205,19770,0,0,23130
engine_execution,resource_release_failure,2,1,0,23778,0,0,0,0,1
engine_execution,resource_release_failure,2,1,1,23963,0,0,0,0,2
engine_execution,resource_release_failure,2,1,2,23963,0,0,0,0,3
engine_execution,resource_release_failure,2,1,3,24000,0,0,0,0,4
engine_execution,resource_release_failure,2,1,4,23815,0,0,0,0,5
engine_execution,resource_release_failure,2,1,5,23945,0,0,0,0,6
engine_execution,resource_release_failure,2,1,6,24092,0,0,0,0,7
engine_execution,resource_release_failure,2,1,7,24167,0,0,0,0,8
engine_execution,resource_release_failure,2,1,8,24315,0,0,0,0,9
engine_execution,resource_release_failure,2,1,9,24186,0,0,0,0,10
engine_execution,resource_release_failure,2,1,10,24092,0,0,0,0,11
engine_execution,resource_release_failure,2,1,11,24278,0,0,0,0,12
engine_execution,resource_release_failure,2,1,12,24185,0,0,0,0,13
engine_execution,resource_release_failure,2,1,13,24297,0,0,0,0,14
engine_execution,resource_release_failure,2,1,14,24056,0,0,0,0,15
engine_execution,resource_release_failure,2,1,15,24093,0,0,0,0,16
engine_execution,resource_release_failure,2,1,16,24223,0,0,0,0,17
engine_execution,resource_release_failure,2,1,17,24167,0,0,0,0,18
engine_execution,resource_release_failure,2,1,18,24278,0,0,0,0,19
engine_execution,resource_release_failure,2,1,19,24130,0,0,0,0,20
engine_execution,resource_release_failure,2,1,20,24481,0,0,0,0,21
engine_execution,resource_release_failure,2,1,21,24130,0,0,0,0,22
engine_execution,resource_release_failure,2,1,22,24037,0,0,0,0,23
engine_execution,resource_release_failure,2,1,23,24408,0,0,0,0,24
engine_execution,resource_release_failure,2,1,24,23963,0,0,0,0,25
engine_execution,resource_release_failure,2,1,25,23926,0,0,0,0,26
engine_execution,resource_release_failure,2,1,26,24074,0,0,0,0,27
engine_execution,resource_release_failure,2,1,27,23963,0,0,0,0,28
engine_execution,resource_release_failure,2,1,28,23815,0,0,0,0,29
engine_execution,resource_release_failure,2,1,29,24148,0,0,0,0,30
engine_execution,resource_release_failure,2,1,30,23908,0,0,0,0,31
engine_execution,resource_release_failure,2,1,31,24130,0,0,0,0,32
engine_execution,resource_release_failure,2,1,32,24203,0,0,0,0,33
engine_execution,resource_release_failure,2,1,33,24333,0,0,0,0,34
engine_execution,resource_release_failure,2,1,34,23889,0,0,0,0,35
engine_execution,resource_release_failure,2,1,35,23888,0,0,0,0,36
engine_execution,resource_release_failure,2,1,36,24074,0,0,0,0,37
engine_execution,resource_release_failure,2,1,37,24130,0,0,0,0,38
engine_execution,resource_release_failure,2,1,38,24130,0,0,0,0,39
engine_execution,resource_release_failure,2,1,39,24278,0,0,0,0,40
engine_execution_alloc,resource_release_failure,2,1,0,0,215,20513,0,0,23131
engine_execution,resource_startup_failure,2,1,0,23889,0,0,0,0,3
engine_execution,resource_startup_failure,2,1,1,23889,0,0,0,0,3
engine_execution,resource_startup_failure,2,1,2,23871,0,0,0,0,3
engine_execution,resource_startup_failure,2,1,3,23889,0,0,0,0,3
engine_execution,resource_startup_failure,2,1,4,23519,0,0,0,0,3
engine_execution,resource_startup_failure,2,1,5,23611,0,0,0,0,3
engine_execution,resource_startup_failure,2,1,6,23833,0,0,0,0,3
engine_execution,resource_startup_failure,2,1,7,23593,0,0,0,0,3
engine_execution,resource_startup_failure,2,1,8,23482,0,0,0,0,3
engine_execution,resource_startup_failure,2,1,9,23500,0,0,0,0,3
engine_execution,resource_startup_failure,2,1,10,24389,0,0,0,0,3
engine_execution,resource_startup_failure,2,1,11,23778,0,0,0,0,3
engine_execution,resource_startup_failure,2,1,12,23611,0,0,0,0,3
engine_execution,resource_startup_failure,2,1,13,23815,0,0,0,0,3
engine_execution,resource_startup_failure,2,1,14,23667,0,0,0,0,3
engine_execution,resource_startup_failure,2,1,15,23982,0,0,0,0,3
engine_execution,resource_startup_failure,2,1,16,24037,0,0,0,0,3
engine_execution,resource_startup_failure,2,1,17,23574,0,0,0,0,3
engine_execution,resource_startup_failure,2,1,18,23815,0,0,0,0,3
engine_execution,resource_startup_failure,2,1,19,23648,0,0,0,0,3
engine_execution,resource_startup_failure,2,1,20,23593,0,0,0,0,3
engine_execution,resource_startup_failure,2,1,21,23444,0,0,0,0,3
engine_execution,resource_startup_failure,2,1,22,23649,0,0,0,0,3
engine_execution,resource_startup_failure,2,1,23,23630,0,0,0,0,3
engine_execution,resource_startup_failure,2,1,24,24204,0,0,0,0,3
engine_execution,resource_startup_failure,2,1,25,23833,0,0,0,0,3
engine_execution,resource_startup_failure,2,1,26,23907,0,0,0,0,3
engine_execution,resource_startup_failure,2,1,27,23815,0,0,0,0,3
engine_execution,resource_startup_failure,2,1,28,23908,0,0,0,0,3
engine_execution,resource_startup_failure,2,1,29,23926,0,0,0,0,3
engine_execution,resource_startup_failure,2,1,30,23686,0,0,0,0,3
engine_execution,resource_startup_failure,2,1,31,23926,0,0,0,0,3
engine_execution,resource_startup_failure,2,1,32,23870,0,0,0,0,3
engine_execution,resource_startup_failure,2,1,33,23723,0,0,0,0,3
engine_execution,resource_startup_failure,2,1,34,23833,0,0,0,0,3
engine_execution,resource_startup_failure,2,1,35,23981,0,0,0,0,3
engine_execution,resource_startup_failure,2,1,36,23741,0,0,0,0,3
engine_execution,resource_startup_failure,2,1,37,23797,0,0,0,0,3
engine_execution,resource_startup_failure,2,1,38,23870,0,0,0,0,3
engine_execution,resource_startup_failure,2,1,39,23778,0,0,0,0,3
engine_execution_alloc,resource_startup_failure,2,1,0,0,212,20817,0,0,3
engine_execution,resource_cleanup_error_upstream,3,1,0,34500,0,0,0,0,0
engine_execution,resource_cleanup_error_upstream,3,1,1,34334,0,0,0,0,1
engine_execution,resource_cleanup_error_upstream,3,1,2,34704,0,0,0,0,2
engine_execution,resource_cleanup_error_upstream,3,1,3,34444,0,0,0,0,3
engine_execution,resource_cleanup_error_upstream,3,1,4,34908,0,0,0,0,4
engine_execution,resource_cleanup_error_upstream,3,1,5,34500,0,0,0,0,5
engine_execution,resource_cleanup_error_upstream,3,1,6,35037,0,0,0,0,6
engine_execution,resource_cleanup_error_upstream,3,1,7,35297,0,0,0,0,7
engine_execution,resource_cleanup_error_upstream,3,1,8,35259,0,0,0,0,8
engine_execution,resource_cleanup_error_upstream,3,1,9,35278,0,0,0,0,9
engine_execution,resource_cleanup_error_upstream,3,1,10,35074,0,0,0,0,10
engine_execution,resource_cleanup_error_upstream,3,1,11,34852,0,0,0,0,11
engine_execution,resource_cleanup_error_upstream,3,1,12,34630,0,0,0,0,12
engine_execution,resource_cleanup_error_upstream,3,1,13,34740,0,0,0,0,13
engine_execution,resource_cleanup_error_upstream,3,1,14,34796,0,0,0,0,14
engine_execution,resource_cleanup_error_upstream,3,1,15,34703,0,0,0,0,15
engine_execution,resource_cleanup_error_upstream,3,1,16,34760,0,0,0,0,16
engine_execution,resource_cleanup_error_upstream,3,1,17,34759,0,0,0,0,17
engine_execution,resource_cleanup_error_upstream,3,1,18,35167,0,0,0,0,18
engine_execution,resource_cleanup_error_upstream,3,1,19,35334,0,0,0,0,19
engine_execution,resource_cleanup_error_upstream,3,1,20,34759,0,0,0,0,20
engine_execution,resource_cleanup_error_upstream,3,1,21,35334,0,0,0,0,21
engine_execution,resource_cleanup_error_upstream,3,1,22,34833,0,0,0,0,22
engine_execution,resource_cleanup_error_upstream,3,1,23,34982,0,0,0,0,23
engine_execution,resource_cleanup_error_upstream,3,1,24,35500,0,0,0,0,24
engine_execution,resource_cleanup_error_upstream,3,1,25,34963,0,0,0,0,25
engine_execution,resource_cleanup_error_upstream,3,1,26,34778,0,0,0,0,26
engine_execution,resource_cleanup_error_upstream,3,1,27,35277,0,0,0,0,27
engine_execution,resource_cleanup_error_upstream,3,1,28,34815,0,0,0,0,28
engine_execution,resource_cleanup_error_upstream,3,1,29,34704,0,0,0,0,29
engine_execution,resource_cleanup_error_upstream,3,1,30,35130,0,0,0,0,30
engine_execution,resource_cleanup_error_upstream,3,1,31,45222,0,0,0,0,31
engine_execution,resource_cleanup_error_upstream,3,1,32,35093,0,0,0,0,32
engine_execution,resource_cleanup_error_upstream,3,1,33,35111,0,0,0,0,33
engine_execution,resource_cleanup_error_upstream,3,1,34,34908,0,0,0,0,34
engine_execution,resource_cleanup_error_upstream,3,1,35,35222,0,0,0,0,35
engine_execution,resource_cleanup_error_upstream,3,1,36,34556,0,0,0,0,36
engine_execution,resource_cleanup_error_upstream,3,1,37,35074,0,0,0,0,37
engine_execution,resource_cleanup_error_upstream,3,1,38,35334,0,0,0,0,38
engine_execution,resource_cleanup_error_upstream,3,1,39,34907,0,0,0,0,39
engine_execution_alloc,resource_cleanup_error_upstream,3,1,0,0,317,26719,0,0,23130
engine_execution,resource_cancel_after_acquire,1,0,0,30537,0,0,0,0,3
engine_execution,resource_cancel_after_acquire,1,0,1,21981,0,0,0,0,3
engine_execution,resource_cancel_after_acquire,1,0,2,20501,0,0,0,0,3
engine_execution,resource_cancel_after_acquire,1,0,3,20166,0,0,0,0,3
engine_execution,resource_cancel_after_acquire,1,0,4,19797,0,0,0,0,3
engine_execution,resource_cancel_after_acquire,1,0,5,19315,0,0,0,0,3
engine_execution,resource_cancel_after_acquire,1,0,6,19778,0,0,0,0,3
engine_execution,resource_cancel_after_acquire,1,0,7,19759,0,0,0,0,3
engine_execution,resource_cancel_after_acquire,1,0,8,19630,0,0,0,0,3
engine_execution,resource_cancel_after_acquire,1,0,9,20278,0,0,0,0,3
engine_execution,resource_cancel_after_acquire,1,0,10,19796,0,0,0,0,3
engine_execution,resource_cancel_after_acquire,1,0,11,20000,0,0,0,0,3
engine_execution,resource_cancel_after_acquire,1,0,12,19426,0,0,0,0,3
engine_execution,resource_cancel_after_acquire,1,0,13,19723,0,0,0,0,3
engine_execution,resource_cancel_after_acquire,1,0,14,19166,0,0,0,0,3
engine_execution,resource_cancel_after_acquire,1,0,15,19907,0,0,0,0,3
engine_execution,resource_cancel_after_acquire,1,0,16,19407,0,0,0,0,3
engine_execution,resource_cancel_after_acquire,1,0,17,19908,0,0,0,0,3
engine_execution,resource_cancel_after_acquire,1,0,18,19314,0,0,0,0,3
engine_execution,resource_cancel_after_acquire,1,0,19,19648,0,0,0,0,3
engine_execution,resource_cancel_after_acquire,1,0,20,19352,0,0,0,0,3
engine_execution,resource_cancel_after_acquire,1,0,21,19574,0,0,0,0,3
engine_execution,resource_cancel_after_acquire,1,0,22,19167,0,0,0,0,3
engine_execution,resource_cancel_after_acquire,1,0,23,19760,0,0,0,0,3
engine_execution,resource_cancel_after_acquire,1,0,24,19278,0,0,0,0,3
engine_execution,resource_cancel_after_acquire,1,0,25,19852,0,0,0,0,3
engine_execution,resource_cancel_after_acquire,1,0,26,19222,0,0,0,0,3
engine_execution,resource_cancel_after_acquire,1,0,27,19575,0,0,0,0,3
engine_execution,resource_cancel_after_acquire,1,0,28,19074,0,0,0,0,3
engine_execution,resource_cancel_after_acquire,1,0,29,19723,0,0,0,0,3
engine_execution,resource_cancel_after_acquire,1,0,30,18963,0,0,0,0,3
engine_execution,resource_cancel_after_acquire,1,0,31,19426,0,0,0,0,3
engine_execution,resource_cancel_after_acquire,1,0,32,19260,0,0,0,0,3
engine_execution,resource_cancel_after_acquire,1,0,33,19352,0,0,0,0,3
engine_execution,resource_cancel_after_acquire,1,0,34,19389,0,0,0,0,3
engine_execution,resource_cancel_after_acquire,1,0,35,19666,0,0,0,0,3
engine_execution,resource_cancel_after_acquire,1,0,36,19389,0,0,0,0,3
engine_execution,resource_cancel_after_acquire,1,0,37,19555,0,0,0,0,3
engine_execution,resource_cancel_after_acquire,1,0,38,19704,0,0,0,0,3
engine_execution,resource_cancel_after_acquire,1,0,39,19667,0,0,0,0,3
engine_execution,effect_known_receipt,1,0,0,16445,0,0,0,0,1
engine_execution,effect_known_receipt,1,0,1,16851,0,0,0,0,0
engine_execution,effect_known_receipt,1,0,2,16648,0,0,0,0,3
engine_execution,effect_known_receipt,1,0,3,16648,0,0,0,0,2
engine_execution,effect_known_receipt,1,0,4,16482,0,0,0,0,5
engine_execution,effect_known_receipt,1,0,5,16648,0,0,0,0,4
engine_execution,effect_known_receipt,1,0,6,16463,0,0,0,0,7
engine_execution,effect_known_receipt,1,0,7,16686,0,0,0,0,6
engine_execution,effect_known_receipt,1,0,8,16389,0,0,0,0,9
engine_execution,effect_known_receipt,1,0,9,16537,0,0,0,0,8
engine_execution,effect_known_receipt,1,0,10,16407,0,0,0,0,11
engine_execution,effect_known_receipt,1,0,11,16426,0,0,0,0,10
engine_execution,effect_known_receipt,1,0,12,16500,0,0,0,0,13
engine_execution,effect_known_receipt,1,0,13,16685,0,0,0,0,12
engine_execution,effect_known_receipt,1,0,14,16501,0,0,0,0,15
engine_execution,effect_known_receipt,1,0,15,16444,0,0,0,0,14
engine_execution,effect_known_receipt,1,0,16,17278,0,0,0,0,17
engine_execution,effect_known_receipt,1,0,17,16408,0,0,0,0,16
engine_execution,effect_known_receipt,1,0,18,16370,0,0,0,0,19
engine_execution,effect_known_receipt,1,0,19,16315,0,0,0,0,18
engine_execution,effect_known_receipt,1,0,20,16574,0,0,0,0,21
engine_execution,effect_known_receipt,1,0,21,16352,0,0,0,0,20
engine_execution,effect_known_receipt,1,0,22,16222,0,0,0,0,23
engine_execution,effect_known_receipt,1,0,23,16352,0,0,0,0,22
engine_execution,effect_known_receipt,1,0,24,16296,0,0,0,0,25
engine_execution,effect_known_receipt,1,0,25,16093,0,0,0,0,24
engine_execution,effect_known_receipt,1,0,26,16314,0,0,0,0,27
engine_execution,effect_known_receipt,1,0,27,16222,0,0,0,0,26
engine_execution,effect_known_receipt,1,0,28,16426,0,0,0,0,29
engine_execution,effect_known_receipt,1,0,29,16426,0,0,0,0,28
engine_execution,effect_known_receipt,1,0,30,16556,0,0,0,0,31
engine_execution,effect_known_receipt,1,0,31,16463,0,0,0,0,30
engine_execution,effect_known_receipt,1,0,32,16519,0,0,0,0,33
engine_execution,effect_known_receipt,1,0,33,16482,0,0,0,0,32
engine_execution,effect_known_receipt,1,0,34,16463,0,0,0,0,35
engine_execution,effect_known_receipt,1,0,35,16445,0,0,0,0,34
engine_execution,effect_known_receipt,1,0,36,16388,0,0,0,0,37
engine_execution,effect_known_receipt,1,0,37,16296,0,0,0,0,36
engine_execution,effect_known_receipt,1,0,38,16296,0,0,0,0,39
engine_execution,effect_known_receipt,1,0,39,16315,0,0,0,0,38
engine_execution_alloc,effect_known_receipt,1,0,0,0,152,15266,0,0,23131
engine_execution,retry_one_failure,1,0,0,16722,0,0,0,0,1
engine_execution,retry_one_failure,1,0,1,16870,0,0,0,0,0
engine_execution,retry_one_failure,1,0,2,16852,0,0,0,0,3
engine_execution,retry_one_failure,1,0,3,16981,0,0,0,0,2
engine_execution,retry_one_failure,1,0,4,16796,0,0,0,0,5
engine_execution,retry_one_failure,1,0,5,16963,0,0,0,0,4
engine_execution,retry_one_failure,1,0,6,16926,0,0,0,0,7
engine_execution,retry_one_failure,1,0,7,17055,0,0,0,0,6
engine_execution,retry_one_failure,1,0,8,17167,0,0,0,0,9
engine_execution,retry_one_failure,1,0,9,16777,0,0,0,0,8
engine_execution,retry_one_failure,1,0,10,16796,0,0,0,0,11
engine_execution,retry_one_failure,1,0,11,16944,0,0,0,0,10
engine_execution,retry_one_failure,1,0,12,17296,0,0,0,0,13
engine_execution,retry_one_failure,1,0,13,16759,0,0,0,0,12
engine_execution,retry_one_failure,1,0,14,16574,0,0,0,0,15
engine_execution,retry_one_failure,1,0,15,16759,0,0,0,0,14
engine_execution,retry_one_failure,1,0,16,17093,0,0,0,0,17
engine_execution,retry_one_failure,1,0,17,17314,0,0,0,0,16
engine_execution,retry_one_failure,1,0,18,16778,0,0,0,0,19
engine_execution,retry_one_failure,1,0,19,16778,0,0,0,0,18
engine_execution,retry_one_failure,1,0,20,17074,0,0,0,0,21
engine_execution,retry_one_failure,1,0,21,16944,0,0,0,0,20
engine_execution,retry_one_failure,1,0,22,16963,0,0,0,0,23
engine_execution,retry_one_failure,1,0,23,17019,0,0,0,0,22
engine_execution,retry_one_failure,1,0,24,16926,0,0,0,0,25
engine_execution,retry_one_failure,1,0,25,16852,0,0,0,0,24
engine_execution,retry_one_failure,1,0,26,16796,0,0,0,0,27
engine_execution,retry_one_failure,1,0,27,16797,0,0,0,0,26
engine_execution,retry_one_failure,1,0,28,16833,0,0,0,0,29
engine_execution,retry_one_failure,1,0,29,17037,0,0,0,0,28
engine_execution,retry_one_failure,1,0,30,17055,0,0,0,0,31
engine_execution,retry_one_failure,1,0,31,17000,0,0,0,0,30
engine_execution,retry_one_failure,1,0,32,16870,0,0,0,0,33
engine_execution,retry_one_failure,1,0,33,16814,0,0,0,0,32
engine_execution,retry_one_failure,1,0,34,16778,0,0,0,0,35
engine_execution,retry_one_failure,1,0,35,17112,0,0,0,0,34
engine_execution,retry_one_failure,1,0,36,17037,0,0,0,0,37
engine_execution,retry_one_failure,1,0,37,16870,0,0,0,0,36
engine_execution,retry_one_failure,1,0,38,16741,0,0,0,0,39
engine_execution,retry_one_failure,1,0,39,17130,0,0,0,0,38
engine_execution_alloc,retry_one_failure,1,0,0,0,155,15433,0,0,23131
engine_execution,component_flat,10,9,0,64500,0,0,0,0,0
engine_execution,component_flat,10,9,1,63519,0,0,0,0,1
engine_execution,component_flat,10,9,2,64723,0,0,0,0,2
engine_execution,component_flat,10,9,3,63778,0,0,0,0,3
engine_execution,component_flat,10,9,4,63519,0,0,0,0,4
engine_execution,component_flat,10,9,5,63593,0,0,0,0,5
engine_execution,component_flat,10,9,6,63556,0,0,0,0,6
engine_execution,component_flat,10,9,7,63500,0,0,0,0,7
engine_execution,component_flat,10,9,8,63611,0,0,0,0,8
engine_execution,component_flat,10,9,9,69519,0,0,0,0,9
engine_execution,component_flat,10,9,10,63963,0,0,0,0,10
engine_execution,component_flat,10,9,11,63019,0,0,0,0,11
engine_execution,component_flat,10,9,12,63593,0,0,0,0,12
engine_execution,component_flat,10,9,13,63593,0,0,0,0,13
engine_execution,component_flat,10,9,14,63833,0,0,0,0,14
engine_execution,component_flat,10,9,15,63055,0,0,0,0,15
engine_execution,component_flat,10,9,16,62723,0,0,0,0,16
engine_execution,component_flat,10,9,17,63074,0,0,0,0,17
engine_execution,component_flat,10,9,18,63426,0,0,0,0,18
engine_execution,component_flat,10,9,19,63389,0,0,0,0,19
engine_execution,component_flat,10,9,20,63277,0,0,0,0,20
engine_execution,component_flat,10,9,21,63074,0,0,0,0,21
engine_execution,component_flat,10,9,22,63093,0,0,0,0,22
engine_execution,component_flat,10,9,23,63500,0,0,0,0,23
engine_execution,component_flat,10,9,24,62853,0,0,0,0,24
engine_execution,component_flat,10,9,25,62944,0,0,0,0,25
engine_execution,component_flat,10,9,26,62852,0,0,0,0,26
engine_execution,component_flat,10,9,27,62834,0,0,0,0,27
engine_execution,component_flat,10,9,28,62741,0,0,0,0,28
engine_execution,component_flat,10,9,29,61945,0,0,0,0,29
engine_execution,component_flat,10,9,30,63612,0,0,0,0,30
engine_execution,component_flat,10,9,31,62778,0,0,0,0,31
engine_execution,component_flat,10,9,32,63408,0,0,0,0,32
engine_execution,component_flat,10,9,33,62704,0,0,0,0,33
engine_execution,component_flat,10,9,34,63445,0,0,0,0,34
engine_execution,component_flat,10,9,35,62963,0,0,0,0,35
engine_execution,component_flat,10,9,36,63000,0,0,0,0,36
engine_execution,component_flat,10,9,37,62963,0,0,0,0,37
engine_execution,component_flat,10,9,38,62723,0,0,0,0,38
engine_execution,component_flat,10,9,39,62518,0,0,0,0,39
engine_execution_alloc,component_flat,10,9,0,0,575,47080,0,0,23130
engine_execution,component_nested,13,12,0,92611,0,0,0,0,0
engine_execution,component_nested,13,12,1,92037,0,0,0,0,1
engine_execution,component_nested,13,12,2,92074,0,0,0,0,2
engine_execution,component_nested,13,12,3,92390,0,0,0,0,3
engine_execution,component_nested,13,12,4,92537,0,0,0,0,4
engine_execution,component_nested,13,12,5,91500,0,0,0,0,5
engine_execution,component_nested,13,12,6,92241,0,0,0,0,6
engine_execution,component_nested,13,12,7,92371,0,0,0,0,7
engine_execution,component_nested,13,12,8,92648,0,0,0,0,8
engine_execution,component_nested,13,12,9,91908,0,0,0,0,9
engine_execution,component_nested,13,12,10,92130,0,0,0,0,10
engine_execution,component_nested,13,12,11,92612,0,0,0,0,11
engine_execution,component_nested,13,12,12,97222,0,0,0,0,12
engine_execution,component_nested,13,12,13,93426,0,0,0,0,13
engine_execution,component_nested,13,12,14,92167,0,0,0,0,14
engine_execution,component_nested,13,12,15,91519,0,0,0,0,15
engine_execution,component_nested,13,12,16,90926,0,0,0,0,16
engine_execution,component_nested,13,12,17,91427,0,0,0,0,17
engine_execution,component_nested,13,12,18,92074,0,0,0,0,18
engine_execution,component_nested,13,12,19,91056,0,0,0,0,19
engine_execution,component_nested,13,12,20,91259,0,0,0,0,20
engine_execution,component_nested,13,12,21,92075,0,0,0,0,21
engine_execution,component_nested,13,12,22,92167,0,0,0,0,22
engine_execution,component_nested,13,12,23,91741,0,0,0,0,23
engine_execution,component_nested,13,12,24,90926,0,0,0,0,24
engine_execution,component_nested,13,12,25,90463,0,0,0,0,25
engine_execution,component_nested,13,12,26,91390,0,0,0,0,26
engine_execution,component_nested,13,12,27,90667,0,0,0,0,27
engine_execution,component_nested,13,12,28,90926,0,0,0,0,28
engine_execution,component_nested,13,12,29,92259,0,0,0,0,29
engine_execution,component_nested,13,12,30,91297,0,0,0,0,30
engine_execution,component_nested,13,12,31,91408,0,0,0,0,31
engine_execution,component_nested,13,12,32,90833,0,0,0,0,32
engine_execution,component_nested,13,12,33,90389,0,0,0,0,33
engine_execution,component_nested,13,12,34,90296,0,0,0,0,34
engine_execution,component_nested,13,12,35,90445,0,0,0,0,35
engine_execution,component_nested,13,12,36,91741,0,0,0,0,36
engine_execution,component_nested,13,12,37,91407,0,0,0,0,37
engine_execution,component_nested,13,12,38,90815,0,0,0,0,38
engine_execution,component_nested,13,12,39,91556,0,0,0,0,39
engine_execution_alloc,component_nested,13,12,0,0,858,62385,0,0,23130
engine_execution,component_flat,100,99,0,782243,0,0,0,0,1
engine_execution,component_flat,100,99,1,778243,0,0,0,0,0
engine_execution,component_flat,100,99,2,777632,0,0,0,0,3
engine_execution,component_flat,100,99,3,787521,0,0,0,0,2
engine_execution,component_flat,100,99,4,778521,0,0,0,0,5
engine_execution,component_flat,100,99,5,775669,0,0,0,0,4
engine_execution,component_flat,100,99,6,774502,0,0,0,0,7
engine_execution,component_flat,100,99,7,775169,0,0,0,0,6
engine_execution,component_flat,100,99,8,777966,0,0,0,0,9
engine_execution,component_flat,100,99,9,777540,0,0,0,0,8
engine_execution,component_flat,100,99,10,778632,0,0,0,0,11
engine_execution,component_flat,100,99,11,777021,0,0,0,0,10
engine_execution,component_flat,100,99,12,778873,0,0,0,0,13
engine_execution,component_flat,100,99,13,775780,0,0,0,0,12
engine_execution,component_flat,100,99,14,780502,0,0,0,0,15
engine_execution,component_flat,100,99,15,774799,0,0,0,0,14
engine_execution,component_flat,100,99,16,778373,0,0,0,0,17
engine_execution,component_flat,100,99,17,774984,0,0,0,0,16
engine_execution,component_flat,100,99,18,772465,0,0,0,0,19
engine_execution,component_flat,100,99,19,785835,0,0,0,0,18
engine_execution,component_flat,100,99,20,775187,0,0,0,0,21
engine_execution,component_flat,100,99,21,777632,0,0,0,0,20
engine_execution,component_flat,100,99,22,779836,0,0,0,0,23
engine_execution,component_flat,100,99,23,775132,0,0,0,0,22
engine_execution,component_flat,100,99,24,778780,0,0,0,0,25
engine_execution,component_flat,100,99,25,778799,0,0,0,0,24
engine_execution,component_flat,100,99,26,776558,0,0,0,0,27
engine_execution,component_flat,100,99,27,775372,0,0,0,0,26
engine_execution,component_flat,100,99,28,775706,0,0,0,0,29
engine_execution,component_flat,100,99,29,782743,0,0,0,0,28
engine_execution,component_flat,100,99,30,775372,0,0,0,0,31
engine_execution,component_flat,100,99,31,776743,0,0,0,0,30
engine_execution,component_flat,100,99,32,778058,0,0,0,0,33
engine_execution,component_flat,100,99,33,775280,0,0,0,0,32
engine_execution,component_flat,100,99,34,782483,0,0,0,0,35
engine_execution,component_flat,100,99,35,779207,0,0,0,0,34
engine_execution,component_flat,100,99,36,778410,0,0,0,0,37
engine_execution,component_flat,100,99,37,777447,0,0,0,0,36
engine_execution,component_flat,100,99,38,773966,0,0,0,0,39
engine_execution,component_flat,100,99,39,788947,0,0,0,0,38
engine_execution_alloc,component_flat,100,99,0,0,5262,533272,0,0,23131
engine_execution,component_nested,103,102,0,961151,0,0,0,0,1
engine_execution,component_nested,103,102,1,959373,0,0,0,0,0
engine_execution,component_nested,103,102,2,956818,0,0,0,0,3
engine_execution,component_nested,103,102,3,968780,0,0,0,0,2
engine_execution,component_nested,103,102,4,959225,0,0,0,0,5
engine_execution,component_nested,103,102,5,959429,0,0,0,0,4
engine_execution,component_nested,103,102,6,955725,0,0,0,0,7
engine_execution,component_nested,103,102,7,966318,0,0,0,0,6
engine_execution,component_nested,103,102,8,961077,0,0,0,0,9
engine_execution,component_nested,103,102,9,954633,0,0,0,0,8
engine_execution,component_nested,103,102,10,959244,0,0,0,0,11
engine_execution,component_nested,103,102,11,965558,0,0,0,0,10
engine_execution,component_nested,103,102,12,959780,0,0,0,0,13
engine_execution,component_nested,103,102,13,959595,0,0,0,0,12
engine_execution,component_nested,103,102,14,959003,0,0,0,0,15
engine_execution,component_nested,103,102,15,965355,0,0,0,0,14
engine_execution,component_nested,103,102,16,961188,0,0,0,0,17
engine_execution,component_nested,103,102,17,964744,0,0,0,0,16
engine_execution,component_nested,103,102,18,965929,0,0,0,0,19
engine_execution,component_nested,103,102,19,968022,0,0,0,0,18
engine_execution,component_nested,103,102,20,960503,0,0,0,0,21
engine_execution,component_nested,103,102,21,963410,0,0,0,0,20
engine_execution,component_nested,103,102,22,962891,0,0,0,0,23
engine_execution,component_nested,103,102,23,961021,0,0,0,0,22
engine_execution,component_nested,103,102,24,966133,0,0,0,0,25
engine_execution,component_nested,103,102,25,963595,0,0,0,0,24
engine_execution,component_nested,103,102,26,961132,0,0,0,0,27
engine_execution,component_nested,103,102,27,958170,0,0,0,0,26
engine_execution,component_nested,103,102,28,969485,0,0,0,0,29
engine_execution,component_nested,103,102,29,960114,0,0,0,0,28
engine_execution,component_nested,103,102,30,959800,0,0,0,0,31
engine_execution,component_nested,103,102,31,961281,0,0,0,0,30
engine_execution,component_nested,103,102,32,964225,0,0,0,0,33
engine_execution,component_nested,103,102,33,962614,0,0,0,0,32
engine_execution,component_nested,103,102,34,958114,0,0,0,0,35
engine_execution,component_nested,103,102,35,960651,0,0,0,0,34
engine_execution,component_nested,103,102,36,962003,0,0,0,0,37
engine_execution,component_nested,103,102,37,956984,0,0,0,0,36
engine_execution,component_nested,103,102,38,962337,0,0,0,0,39
engine_execution,component_nested,103,102,39,957670,0,0,0,0,38
engine_execution_alloc,component_nested,103,102,0,0,6535,665937,0,0,23131
plan_build,component_repeated_typed_2,2,2,0,30834,0,0,0,0,25
plan_build,component_repeated_typed_2,2,2,1,12982,0,0,0,0,25
plan_build,component_repeated_typed_2,2,2,2,11111,0,0,0,0,25
plan_build,component_repeated_typed_2,2,2,3,10408,0,0,0,0,25
plan_build,component_repeated_typed_2,2,2,4,10019,0,0,0,0,25
plan_build,component_repeated_typed_2,2,2,5,9926,0,0,0,0,25
plan_build,component_repeated_typed_2,2,2,6,9685,0,0,0,0,25
plan_build,component_repeated_typed_2,2,2,7,9648,0,0,0,0,25
plan_build,component_repeated_typed_2,2,2,8,9648,0,0,0,0,25
plan_build,component_repeated_typed_2,2,2,9,9704,0,0,0,0,25
plan_build,component_repeated_typed_2,2,2,10,9556,0,0,0,0,25
plan_build,component_repeated_typed_2,2,2,11,9629,0,0,0,0,25
plan_build,component_repeated_typed_2,2,2,12,9593,0,0,0,0,25
plan_build,component_repeated_typed_2,2,2,13,9574,0,0,0,0,25
plan_build,component_repeated_typed_2,2,2,14,9685,0,0,0,0,25
plan_build,component_repeated_typed_2,2,2,15,9722,0,0,0,0,25
plan_build,component_repeated_typed_2,2,2,16,9667,0,0,0,0,25
plan_build,component_repeated_typed_2,2,2,17,9500,0,0,0,0,25
plan_build,component_repeated_typed_2,2,2,18,9574,0,0,0,0,25
plan_build,component_repeated_typed_2,2,2,19,9778,0,0,0,0,25
plan_build_alloc,component_repeated_typed_2,2,2,0,0,134,19601,0,0,25
engine_execution,component_repeated_typed_2,2,2,0,30000,0,0,0,0,3
engine_execution,component_repeated_typed_2,2,2,1,30870,0,0,0,0,2
engine_execution,component_repeated_typed_2,2,2,2,30463,0,0,0,0,5
engine_execution,component_repeated_typed_2,2,2,3,30352,0,0,0,0,4
engine_execution,component_repeated_typed_2,2,2,4,30129,0,0,0,0,7
engine_execution,component_repeated_typed_2,2,2,5,30815,0,0,0,0,6
engine_execution,component_repeated_typed_2,2,2,6,30037,0,0,0,0,9
engine_execution,component_repeated_typed_2,2,2,7,29945,0,0,0,0,8
engine_execution,component_repeated_typed_2,2,2,8,29908,0,0,0,0,11
engine_execution,component_repeated_typed_2,2,2,9,30444,0,0,0,0,10
engine_execution,component_repeated_typed_2,2,2,10,30037,0,0,0,0,13
engine_execution,component_repeated_typed_2,2,2,11,30000,0,0,0,0,12
engine_execution,component_repeated_typed_2,2,2,12,29629,0,0,0,0,15
engine_execution,component_repeated_typed_2,2,2,13,30019,0,0,0,0,14
engine_execution,component_repeated_typed_2,2,2,14,29796,0,0,0,0,17
engine_execution,component_repeated_typed_2,2,2,15,30056,0,0,0,0,16
engine_execution,component_repeated_typed_2,2,2,16,30111,0,0,0,0,19
engine_execution,component_repeated_typed_2,2,2,17,30796,0,0,0,0,18
engine_execution,component_repeated_typed_2,2,2,18,29389,0,0,0,0,21
engine_execution,component_repeated_typed_2,2,2,19,29982,0,0,0,0,20
engine_execution,component_repeated_typed_2,2,2,20,29815,0,0,0,0,23
engine_execution,component_repeated_typed_2,2,2,21,29889,0,0,0,0,22
engine_execution,component_repeated_typed_2,2,2,22,29389,0,0,0,0,25
engine_execution,component_repeated_typed_2,2,2,23,29444,0,0,0,0,24
engine_execution,component_repeated_typed_2,2,2,24,29556,0,0,0,0,27
engine_execution,component_repeated_typed_2,2,2,25,29537,0,0,0,0,26
engine_execution,component_repeated_typed_2,2,2,26,29685,0,0,0,0,29
engine_execution,component_repeated_typed_2,2,2,27,29389,0,0,0,0,28
engine_execution,component_repeated_typed_2,2,2,28,29371,0,0,0,0,31
engine_execution,component_repeated_typed_2,2,2,29,29648,0,0,0,0,30
engine_execution,component_repeated_typed_2,2,2,30,29778,0,0,0,0,33
engine_execution,component_repeated_typed_2,2,2,31,29445,0,0,0,0,32
engine_execution,component_repeated_typed_2,2,2,32,29352,0,0,0,0,35
engine_execution,component_repeated_typed_2,2,2,33,29389,0,0,0,0,34
engine_execution,component_repeated_typed_2,2,2,34,29574,0,0,0,0,37
engine_execution,component_repeated_typed_2,2,2,35,29796,0,0,0,0,36
engine_execution,component_repeated_typed_2,2,2,36,29815,0,0,0,0,39
engine_execution,component_repeated_typed_2,2,2,37,29518,0,0,0,0,38
engine_execution,component_repeated_typed_2,2,2,38,29611,0,0,0,0,41
engine_execution,component_repeated_typed_2,2,2,39,29703,0,0,0,0,40
engine_execution_alloc,component_repeated_typed_2,2,2,0,0,306,25590,0,0,23133
plan_build,component_repeated_typed_10,10,10,0,52815,0,0,0,0,25
plan_build,component_repeated_typed_10,10,10,1,45222,0,0,0,0,25
plan_build,component_repeated_typed_10,10,10,2,42889,0,0,0,0,25
plan_build,component_repeated_typed_10,10,10,3,42074,0,0,0,0,25
plan_build,component_repeated_typed_10,10,10,4,41352,0,0,0,0,25
plan_build,component_repeated_typed_10,10,10,5,41334,0,0,0,0,25
plan_build,component_repeated_typed_10,10,10,6,40722,0,0,0,0,25
plan_build,component_repeated_typed_10,10,10,7,40426,0,0,0,0,25
plan_build,component_repeated_typed_10,10,10,8,40093,0,0,0,0,25
plan_build,component_repeated_typed_10,10,10,9,40518,0,0,0,0,25
plan_build,component_repeated_typed_10,10,10,10,40130,0,0,0,0,25
plan_build,component_repeated_typed_10,10,10,11,39389,0,0,0,0,25
plan_build,component_repeated_typed_10,10,10,12,39593,0,0,0,0,25
plan_build,component_repeated_typed_10,10,10,13,39408,0,0,0,0,25
plan_build,component_repeated_typed_10,10,10,14,39852,0,0,0,0,25
plan_build,component_repeated_typed_10,10,10,15,38926,0,0,0,0,25
plan_build,component_repeated_typed_10,10,10,16,39704,0,0,0,0,25
plan_build,component_repeated_typed_10,10,10,17,39556,0,0,0,0,25
plan_build,component_repeated_typed_10,10,10,18,38889,0,0,0,0,25
plan_build,component_repeated_typed_10,10,10,19,38889,0,0,0,0,25
plan_build_alloc,component_repeated_typed_10,10,10,0,0,460,93857,0,0,25
engine_execution,component_repeated_typed_10,10,10,0,146667,0,0,0,0,11
engine_execution,component_repeated_typed_10,10,10,1,146056,0,0,0,0,10
engine_execution,component_repeated_typed_10,10,10,2,146519,0,0,0,0,13
engine_execution,component_repeated_typed_10,10,10,3,146019,0,0,0,0,12
engine_execution,component_repeated_typed_10,10,10,4,146241,0,0,0,0,15
engine_execution,component_repeated_typed_10,10,10,5,146260,0,0,0,0,14
engine_execution,component_repeated_typed_10,10,10,6,146537,0,0,0,0,17
engine_execution,component_repeated_typed_10,10,10,7,146112,0,0,0,0,16
engine_execution,component_repeated_typed_10,10,10,8,145611,0,0,0,0,19
engine_execution,component_repeated_typed_10,10,10,9,144982,0,0,0,0,18
engine_execution,component_repeated_typed_10,10,10,10,145242,0,0,0,0,21
engine_execution,component_repeated_typed_10,10,10,11,146648,0,0,0,0,20
engine_execution,component_repeated_typed_10,10,10,12,145334,0,0,0,0,23
engine_execution,component_repeated_typed_10,10,10,13,144204,0,0,0,0,22
engine_execution,component_repeated_typed_10,10,10,14,145890,0,0,0,0,25
engine_execution,component_repeated_typed_10,10,10,15,144704,0,0,0,0,24
engine_execution,component_repeated_typed_10,10,10,16,144445,0,0,0,0,27
engine_execution,component_repeated_typed_10,10,10,17,145037,0,0,0,0,26
engine_execution,component_repeated_typed_10,10,10,18,144741,0,0,0,0,29
engine_execution,component_repeated_typed_10,10,10,19,144723,0,0,0,0,28
engine_execution,component_repeated_typed_10,10,10,20,144593,0,0,0,0,31
engine_execution,component_repeated_typed_10,10,10,21,145130,0,0,0,0,30
engine_execution,component_repeated_typed_10,10,10,22,144612,0,0,0,0,33
engine_execution,component_repeated_typed_10,10,10,23,143500,0,0,0,0,32
engine_execution,component_repeated_typed_10,10,10,24,145297,0,0,0,0,35
engine_execution,component_repeated_typed_10,10,10,25,151741,0,0,0,0,34
engine_execution,component_repeated_typed_10,10,10,26,145241,0,0,0,0,37
engine_execution,component_repeated_typed_10,10,10,27,144538,0,0,0,0,36
engine_execution,component_repeated_typed_10,10,10,28,144408,0,0,0,0,39
engine_execution,component_repeated_typed_10,10,10,29,144741,0,0,0,0,38
engine_execution,component_repeated_typed_10,10,10,30,145297,0,0,0,0,41
engine_execution,component_repeated_typed_10,10,10,31,145222,0,0,0,0,40
engine_execution,component_repeated_typed_10,10,10,32,144686,0,0,0,0,43
engine_execution,component_repeated_typed_10,10,10,33,144426,0,0,0,0,42
engine_execution,component_repeated_typed_10,10,10,34,144760,0,0,0,0,45
engine_execution,component_repeated_typed_10,10,10,35,144278,0,0,0,0,44
engine_execution,component_repeated_typed_10,10,10,36,144075,0,0,0,0,47
engine_execution,component_repeated_typed_10,10,10,37,143519,0,0,0,0,46
engine_execution,component_repeated_typed_10,10,10,38,144315,0,0,0,0,49
engine_execution,component_repeated_typed_10,10,10,39,143593,0,0,0,0,48
engine_execution_alloc,component_repeated_typed_10,10,10,0,0,1408,99870,0,0,23141
plan_build,component_repeated_typed_100,100,100,0,439149,0,0,0,0,25
plan_build,component_repeated_typed_100,100,100,1,414723,0,0,0,0,25
plan_build,component_repeated_typed_100,100,100,2,410112,0,0,0,0,25
plan_build,component_repeated_typed_100,100,100,3,405945,0,0,0,0,25
plan_build,component_repeated_typed_100,100,100,4,412890,0,0,0,0,25
plan_build,component_repeated_typed_100,100,100,5,404372,0,0,0,0,25
plan_build,component_repeated_typed_100,100,100,6,403335,0,0,0,0,25
plan_build,component_repeated_typed_100,100,100,7,402761,0,0,0,0,25
plan_build,component_repeated_typed_100,100,100,8,400557,0,0,0,0,25
plan_build,component_repeated_typed_100,100,100,9,400316,0,0,0,0,25
plan_build,component_repeated_typed_100,100,100,10,400464,0,0,0,0,25
plan_build,component_repeated_typed_100,100,100,11,400002,0,0,0,0,25
plan_build,component_repeated_typed_100,100,100,12,398983,0,0,0,0,25
plan_build,component_repeated_typed_100,100,100,13,398538,0,0,0,0,25
plan_build,component_repeated_typed_100,100,100,14,409686,0,0,0,0,25
plan_build,component_repeated_typed_100,100,100,15,399557,0,0,0,0,25
plan_build,component_repeated_typed_100,100,100,16,398945,0,0,0,0,25
plan_build,component_repeated_typed_100,100,100,17,399742,0,0,0,0,25
plan_build,component_repeated_typed_100,100,100,18,401001,0,0,0,0,25
plan_build,component_repeated_typed_100,100,100,19,400075,0,0,0,0,25
plan_build_alloc,component_repeated_typed_100,100,100,0,0,3876,811413,0,0,25
engine_execution,component_repeated_typed_100,100,100,0,2685045,0,0,0,0,101
engine_execution,component_repeated_typed_100,100,100,1,2685212,0,0,0,0,100
engine_execution,component_repeated_typed_100,100,100,2,2721898,0,0,0,0,103
engine_execution,component_repeated_typed_100,100,100,3,2685694,0,0,0,0,102
engine_execution,component_repeated_typed_100,100,100,4,2678878,0,0,0,0,105
engine_execution,component_repeated_typed_100,100,100,5,2679156,0,0,0,0,104
engine_execution,component_repeated_typed_100,100,100,6,2676823,0,0,0,0,107
engine_execution,component_repeated_typed_100,100,100,7,2684582,0,0,0,0,106
engine_execution,component_repeated_typed_100,100,100,8,2685675,0,0,0,0,109
engine_execution,component_repeated_typed_100,100,100,9,2677268,0,0,0,0,108
engine_execution,component_repeated_typed_100,100,100,10,2673619,0,0,0,0,111
engine_execution,component_repeated_typed_100,100,100,11,2678490,0,0,0,0,110
engine_execution,component_repeated_typed_100,100,100,12,2675045,0,0,0,0,113
engine_execution,component_repeated_typed_100,100,100,13,2681175,0,0,0,0,112
engine_execution,component_repeated_typed_100,100,100,14,2680193,0,0,0,0,115
engine_execution,component_repeated_typed_100,100,100,15,2673785,0,0,0,0,114
engine_execution,component_repeated_typed_100,100,100,16,2678360,0,0,0,0,117
engine_execution,component_repeated_typed_100,100,100,17,2679156,0,0,0,0,116
engine_execution,component_repeated_typed_100,100,100,18,2679842,0,0,0,0,119
engine_execution,component_repeated_typed_100,100,100,19,2819546,0,0,0,0,118
engine_execution,component_repeated_typed_100,100,100,20,2804416,0,0,0,0,121
engine_execution,component_repeated_typed_100,100,100,21,2726249,0,0,0,0,120
engine_execution,component_repeated_typed_100,100,100,22,2709953,0,0,0,0,123
engine_execution,component_repeated_typed_100,100,100,23,2695527,0,0,0,0,122
engine_execution,component_repeated_typed_100,100,100,24,2686490,0,0,0,0,125
engine_execution,component_repeated_typed_100,100,100,25,2678915,0,0,0,0,124
engine_execution,component_repeated_typed_100,100,100,26,2712286,0,0,0,0,127
engine_execution,component_repeated_typed_100,100,100,27,2684545,0,0,0,0,126
engine_execution,component_repeated_typed_100,100,100,28,2689397,0,0,0,0,129
engine_execution,component_repeated_typed_100,100,100,29,2685693,0,0,0,0,128
engine_execution,component_repeated_typed_100,100,100,30,2690341,0,0,0,0,131
engine_execution,component_repeated_typed_100,100,100,31,2679434,0,0,0,0,130
engine_execution,component_repeated_typed_100,100,100,32,2691360,0,0,0,0,133
engine_execution,component_repeated_typed_100,100,100,33,2689490,0,0,0,0,132
engine_execution,component_repeated_typed_100,100,100,34,2676934,0,0,0,0,135
engine_execution,component_repeated_typed_100,100,100,35,2682879,0,0,0,0,134
engine_execution,component_repeated_typed_100,100,100,36,2691786,0,0,0,0,137
engine_execution,component_repeated_typed_100,100,100,37,2690601,0,0,0,0,136
engine_execution,component_repeated_typed_100,100,100,38,2696564,0,0,0,0,139
engine_execution,component_repeated_typed_100,100,100,39,2695878,0,0,0,0,138
engine_execution_alloc,component_repeated_typed_100,100,100,0,0,22569,1497230,0,0,23231
engine_execution,resident_ready_shutdown,1,0,0,17056,0,0,0,0,1
engine_execution,resident_ready_shutdown,1,0,1,17111,0,0,0,0,1
engine_execution,resident_ready_shutdown,1,0,2,17333,0,0,0,0,1
engine_execution,resident_ready_shutdown,1,0,3,17093,0,0,0,0,1
engine_execution,resident_ready_shutdown,1,0,4,17203,0,0,0,0,1
engine_execution,resident_ready_shutdown,1,0,5,17314,0,0,0,0,1
engine_execution,resident_ready_shutdown,1,0,6,17482,0,0,0,0,1
engine_execution,resident_ready_shutdown,1,0,7,17407,0,0,0,0,1
engine_execution,resident_ready_shutdown,1,0,8,17389,0,0,0,0,1
engine_execution,resident_ready_shutdown,1,0,9,17130,0,0,0,0,1
engine_execution,resident_ready_shutdown,1,0,10,17093,0,0,0,0,1
engine_execution,resident_ready_shutdown,1,0,11,17166,0,0,0,0,1
engine_execution,resident_ready_shutdown,1,0,12,17112,0,0,0,0,1
engine_execution,resident_ready_shutdown,1,0,13,17000,0,0,0,0,1
engine_execution,resident_ready_shutdown,1,0,14,17055,0,0,0,0,1
engine_execution,resident_ready_shutdown,1,0,15,17018,0,0,0,0,1
engine_execution,resident_ready_shutdown,1,0,16,17093,0,0,0,0,1
engine_execution,resident_ready_shutdown,1,0,17,16926,0,0,0,0,1
engine_execution,resident_ready_shutdown,1,0,18,17148,0,0,0,0,1
engine_execution,resident_ready_shutdown,1,0,19,16778,0,0,0,0,1
engine_execution,resident_ready_shutdown,1,0,20,17000,0,0,0,0,1
engine_execution,resident_ready_shutdown,1,0,21,16926,0,0,0,0,1
engine_execution,resident_ready_shutdown,1,0,22,16981,0,0,0,0,1
engine_execution,resident_ready_shutdown,1,0,23,16944,0,0,0,0,1
engine_execution,resident_ready_shutdown,1,0,24,16926,0,0,0,0,1
engine_execution,resident_ready_shutdown,1,0,25,16963,0,0,0,0,1
engine_execution,resident_ready_shutdown,1,0,26,23908,0,0,0,0,1
engine_execution,resident_ready_shutdown,1,0,27,17370,0,0,0,0,1
engine_execution,resident_ready_shutdown,1,0,28,17222,0,0,0,0,1
engine_execution,resident_ready_shutdown,1,0,29,16945,0,0,0,0,1
engine_execution,resident_ready_shutdown,1,0,30,16944,0,0,0,0,1
engine_execution,resident_ready_shutdown,1,0,31,16833,0,0,0,0,1
engine_execution,resident_ready_shutdown,1,0,32,16815,0,0,0,0,1
engine_execution,resident_ready_shutdown,1,0,33,16871,0,0,0,0,1
engine_execution,resident_ready_shutdown,1,0,34,16815,0,0,0,0,1
engine_execution,resident_ready_shutdown,1,0,35,16833,0,0,0,0,1
engine_execution,resident_ready_shutdown,1,0,36,16741,0,0,0,0,1
engine_execution,resident_ready_shutdown,1,0,37,16741,0,0,0,0,1
engine_execution,resident_ready_shutdown,1,0,38,16759,0,0,0,0,1
engine_execution,resident_ready_shutdown,1,0,39,16741,0,0,0,0,1
engine_execution,service_restart_stable_handle,1,0,0,26556,0,0,0,0,27
engine_execution,service_restart_stable_handle,1,0,1,27111,0,0,0,0,30
engine_execution,service_restart_stable_handle,1,0,2,27000,0,0,0,0,33
engine_execution,service_restart_stable_handle,1,0,3,26574,0,0,0,0,36
engine_execution,service_restart_stable_handle,1,0,4,26704,0,0,0,0,39
engine_execution,service_restart_stable_handle,1,0,5,26963,0,0,0,0,42
engine_execution,service_restart_stable_handle,1,0,6,26889,0,0,0,0,45
engine_execution,service_restart_stable_handle,1,0,7,26556,0,0,0,0,48
engine_execution,service_restart_stable_handle,1,0,8,27907,0,0,0,0,51
engine_execution,service_restart_stable_handle,1,0,9,28056,0,0,0,0,54
engine_execution,service_restart_stable_handle,1,0,10,26945,0,0,0,0,57
engine_execution,service_restart_stable_handle,1,0,11,26870,0,0,0,0,60
engine_execution,service_restart_stable_handle,1,0,12,27000,0,0,0,0,63
engine_execution,service_restart_stable_handle,1,0,13,26797,0,0,0,0,66
engine_execution,service_restart_stable_handle,1,0,14,26981,0,0,0,0,69
engine_execution,service_restart_stable_handle,1,0,15,26611,0,0,0,0,72
engine_execution,service_restart_stable_handle,1,0,16,27037,0,0,0,0,75
engine_execution,service_restart_stable_handle,1,0,17,26556,0,0,0,0,78
engine_execution,service_restart_stable_handle,1,0,18,26852,0,0,0,0,81
engine_execution,service_restart_stable_handle,1,0,19,26537,0,0,0,0,84
engine_execution,service_restart_stable_handle,1,0,20,26667,0,0,0,0,87
engine_execution,service_restart_stable_handle,1,0,21,26593,0,0,0,0,90
engine_execution,service_restart_stable_handle,1,0,22,26667,0,0,0,0,93
engine_execution,service_restart_stable_handle,1,0,23,26537,0,0,0,0,96
engine_execution,service_restart_stable_handle,1,0,24,27056,0,0,0,0,99
engine_execution,service_restart_stable_handle,1,0,25,27556,0,0,0,0,102
engine_execution,service_restart_stable_handle,1,0,26,27112,0,0,0,0,105
engine_execution,service_restart_stable_handle,1,0,27,26852,0,0,0,0,108
engine_execution,service_restart_stable_handle,1,0,28,27000,0,0,0,0,111
engine_execution,service_restart_stable_handle,1,0,29,26759,0,0,0,0,114
engine_execution,service_restart_stable_handle,1,0,30,26426,0,0,0,0,117
engine_execution,service_restart_stable_handle,1,0,31,26574,0,0,0,0,120
engine_execution,service_restart_stable_handle,1,0,32,26297,0,0,0,0,123
engine_execution,service_restart_stable_handle,1,0,33,26130,0,0,0,0,126
engine_execution,service_restart_stable_handle,1,0,34,26574,0,0,0,0,129
engine_execution,service_restart_stable_handle,1,0,35,26630,0,0,0,0,132
engine_execution,service_restart_stable_handle,1,0,36,26797,0,0,0,0,135
engine_execution,service_restart_stable_handle,1,0,37,26426,0,0,0,0,138
engine_execution,service_restart_stable_handle,1,0,38,26778,0,0,0,0,141
engine_execution,service_restart_stable_handle,1,0,39,26555,0,0,0,0,144
engine_execution_alloc,service_restart_stable_handle,1,0,0,0,237,22460,0,0,147
engine_execution,service_restart_exhausted,1,0,0,19611,0,0,0,0,19
engine_execution,service_restart_exhausted,1,0,1,19537,0,0,0,0,21
engine_execution,service_restart_exhausted,1,0,2,19426,0,0,0,0,23
engine_execution,service_restart_exhausted,1,0,3,19426,0,0,0,0,25
engine_execution,service_restart_exhausted,1,0,4,19371,0,0,0,0,27
engine_execution,service_restart_exhausted,1,0,5,19297,0,0,0,0,29
engine_execution,service_restart_exhausted,1,0,6,19833,0,0,0,0,31
engine_execution,service_restart_exhausted,1,0,7,19649,0,0,0,0,33
engine_execution,service_restart_exhausted,1,0,8,19500,0,0,0,0,35
engine_execution,service_restart_exhausted,1,0,9,19334,0,0,0,0,37
engine_execution,service_restart_exhausted,1,0,10,19834,0,0,0,0,39
engine_execution,service_restart_exhausted,1,0,11,19315,0,0,0,0,41
engine_execution,service_restart_exhausted,1,0,12,19315,0,0,0,0,43
engine_execution,service_restart_exhausted,1,0,13,19222,0,0,0,0,45
engine_execution,service_restart_exhausted,1,0,14,19649,0,0,0,0,47
engine_execution,service_restart_exhausted,1,0,15,20055,0,0,0,0,49
engine_execution,service_restart_exhausted,1,0,16,19260,0,0,0,0,51
engine_execution,service_restart_exhausted,1,0,17,19203,0,0,0,0,53
engine_execution,service_restart_exhausted,1,0,18,19352,0,0,0,0,55
engine_execution,service_restart_exhausted,1,0,19,19574,0,0,0,0,57
engine_execution,service_restart_exhausted,1,0,20,19685,0,0,0,0,59
engine_execution,service_restart_exhausted,1,0,21,19222,0,0,0,0,61
engine_execution,service_restart_exhausted,1,0,22,19148,0,0,0,0,63
engine_execution,service_restart_exhausted,1,0,23,19166,0,0,0,0,65
engine_execution,service_restart_exhausted,1,0,24,19259,0,0,0,0,67
engine_execution,service_restart_exhausted,1,0,25,19686,0,0,0,0,69
engine_execution,service_restart_exhausted,1,0,26,19519,0,0,0,0,71
engine_execution,service_restart_exhausted,1,0,27,19203,0,0,0,0,73
engine_execution,service_restart_exhausted,1,0,28,19296,0,0,0,0,75
engine_execution,service_restart_exhausted,1,0,29,19260,0,0,0,0,77
engine_execution,service_restart_exhausted,1,0,30,19352,0,0,0,0,79
engine_execution,service_restart_exhausted,1,0,31,19482,0,0,0,0,81
engine_execution,service_restart_exhausted,1,0,32,19444,0,0,0,0,83
engine_execution,service_restart_exhausted,1,0,33,19352,0,0,0,0,85
engine_execution,service_restart_exhausted,1,0,34,19111,0,0,0,0,87
engine_execution,service_restart_exhausted,1,0,35,19297,0,0,0,0,89
engine_execution,service_restart_exhausted,1,0,36,19204,0,0,0,0,91
engine_execution,service_restart_exhausted,1,0,37,19519,0,0,0,0,93
engine_execution,service_restart_exhausted,1,0,38,19408,0,0,0,0,95
engine_execution,service_restart_exhausted,1,0,39,19555,0,0,0,0,97
engine_execution_alloc,service_restart_exhausted,1,0,0,0,185,17964,0,0,99
engine_execution,dynamic_live_instances_1,3,2,0,70815,0,0,0,0,0
engine_execution,dynamic_live_instances_1,3,2,1,70204,0,0,0,0,0
engine_execution,dynamic_live_instances_1,3,2,2,70389,0,0,0,0,0
engine_execution,dynamic_live_instances_1,3,2,3,69982,0,0,0,0,0
engine_execution,dynamic_live_instances_1,3,2,4,69500,0,0,0,0,0
engine_execution,dynamic_live_instances_1,3,2,5,70723,0,0,0,0,0
engine_execution,dynamic_live_instances_1,3,2,6,70148,0,0,0,0,0
engine_execution,dynamic_live_instances_1,3,2,7,69389,0,0,0,0,0
engine_execution,dynamic_live_instances_1,3,2,8,69019,0,0,0,0,0
engine_execution,dynamic_live_instances_1,3,2,9,68574,0,0,0,0,0
engine_execution,dynamic_live_instances_1,3,2,10,69037,0,0,0,0,0
engine_execution,dynamic_live_instances_1,3,2,11,77464,0,0,0,0,0
engine_execution,dynamic_live_instances_1,3,2,12,70482,0,0,0,0,0
engine_execution,dynamic_live_instances_1,3,2,13,69501,0,0,0,0,0
engine_execution,dynamic_live_instances_1,3,2,14,69556,0,0,0,0,0
engine_execution,dynamic_live_instances_1,3,2,15,69315,0,0,0,0,0
engine_execution,dynamic_live_instances_1,3,2,16,69240,0,0,0,0,0
engine_execution,dynamic_live_instances_1,3,2,17,68963,0,0,0,0,0
engine_execution,dynamic_live_instances_1,3,2,18,69685,0,0,0,0,0
engine_execution,dynamic_live_instances_1,3,2,19,69685,0,0,0,0,0
engine_execution,dynamic_live_instances_1,3,2,20,68612,0,0,0,0,0
engine_execution,dynamic_live_instances_1,3,2,21,69148,0,0,0,0,0
engine_execution,dynamic_live_instances_1,3,2,22,68759,0,0,0,0,0
engine_execution,dynamic_live_instances_1,3,2,23,69129,0,0,0,0,0
engine_execution,dynamic_live_instances_1,3,2,24,70315,0,0,0,0,0
engine_execution,dynamic_live_instances_1,3,2,25,69648,0,0,0,0,0
engine_execution,dynamic_live_instances_1,3,2,26,69130,0,0,0,0,0
engine_execution,dynamic_live_instances_1,3,2,27,69796,0,0,0,0,0
engine_execution,dynamic_live_instances_1,3,2,28,69019,0,0,0,0,0
engine_execution,dynamic_live_instances_1,3,2,29,69074,0,0,0,0,0
engine_execution,dynamic_live_instances_1,3,2,30,68593,0,0,0,0,0
engine_execution,dynamic_live_instances_1,3,2,31,69019,0,0,0,0,0
engine_execution,dynamic_live_instances_1,3,2,32,69445,0,0,0,0,0
engine_execution,dynamic_live_instances_1,3,2,33,68963,0,0,0,0,0
engine_execution,dynamic_live_instances_1,3,2,34,69092,0,0,0,0,0
engine_execution,dynamic_live_instances_1,3,2,35,69092,0,0,0,0,0
engine_execution,dynamic_live_instances_1,3,2,36,69019,0,0,0,0,0
engine_execution,dynamic_live_instances_1,3,2,37,68981,0,0,0,0,0
engine_execution,dynamic_live_instances_1,3,2,38,68926,0,0,0,0,0
engine_execution,dynamic_live_instances_1,3,2,39,69241,0,0,0,0,0
engine_execution_alloc,dynamic_live_instances_1,3,2,1,0,615,63231,0,0,0
engine_execution,dynamic_live_instances_10,3,2,0,533112,0,0,0,0,11
engine_execution,dynamic_live_instances_10,3,2,1,535131,0,0,0,0,11
engine_execution,dynamic_live_instances_10,3,2,2,540964,0,0,0,0,11
engine_execution,dynamic_live_instances_10,3,2,3,534983,0,0,0,0,11
engine_execution,dynamic_live_instances_10,3,2,4,535317,0,0,0,0,11
engine_execution,dynamic_live_instances_10,3,2,5,534075,0,0,0,0,11
engine_execution,dynamic_live_instances_10,3,2,6,534780,0,0,0,0,11
engine_execution,dynamic_live_instances_10,3,2,7,533502,0,0,0,0,11
engine_execution,dynamic_live_instances_10,3,2,8,532668,0,0,0,0,11
engine_execution,dynamic_live_instances_10,3,2,9,534205,0,0,0,0,11
engine_execution,dynamic_live_instances_10,3,2,10,542705,0,0,0,0,11
engine_execution,dynamic_live_instances_10,3,2,11,533187,0,0,0,0,11
engine_execution,dynamic_live_instances_10,3,2,12,532465,0,0,0,0,11
engine_execution,dynamic_live_instances_10,3,2,13,535168,0,0,0,0,11
engine_execution,dynamic_live_instances_10,3,2,14,534372,0,0,0,0,11
engine_execution,dynamic_live_instances_10,3,2,15,532724,0,0,0,0,11
engine_execution,dynamic_live_instances_10,3,2,16,530854,0,0,0,0,11
engine_execution,dynamic_live_instances_10,3,2,17,536891,0,0,0,0,11
engine_execution,dynamic_live_instances_10,3,2,18,533057,0,0,0,0,11
engine_execution,dynamic_live_instances_10,3,2,19,532094,0,0,0,0,11
engine_execution,dynamic_live_instances_10,3,2,20,533538,0,0,0,0,11
engine_execution,dynamic_live_instances_10,3,2,21,532742,0,0,0,0,11
engine_execution,dynamic_live_instances_10,3,2,22,531557,0,0,0,0,11
engine_execution,dynamic_live_instances_10,3,2,23,533094,0,0,0,0,11
engine_execution,dynamic_live_instances_10,3,2,24,534946,0,0,0,0,11
engine_execution,dynamic_live_instances_10,3,2,25,540983,0,0,0,0,11
engine_execution,dynamic_live_instances_10,3,2,26,532279,0,0,0,0,11
engine_execution,dynamic_live_instances_10,3,2,27,532409,0,0,0,0,11
engine_execution,dynamic_live_instances_10,3,2,28,531520,0,0,0,0,11
engine_execution,dynamic_live_instances_10,3,2,29,533427,0,0,0,0,11
engine_execution,dynamic_live_instances_10,3,2,30,533038,0,0,0,0,11
engine_execution,dynamic_live_instances_10,3,2,31,532483,0,0,0,0,11
engine_execution,dynamic_live_instances_10,3,2,32,539039,0,0,0,0,11
engine_execution,dynamic_live_instances_10,3,2,33,533928,0,0,0,0,11
engine_execution,dynamic_live_instances_10,3,2,34,530594,0,0,0,0,11
engine_execution,dynamic_live_instances_10,3,2,35,534594,0,0,0,0,11
engine_execution,dynamic_live_instances_10,3,2,36,533075,0,0,0,0,11
engine_execution,dynamic_live_instances_10,3,2,37,534224,0,0,0,0,11
engine_execution,dynamic_live_instances_10,3,2,38,532354,0,0,0,0,11
engine_execution,dynamic_live_instances_10,3,2,39,531242,0,0,0,0,11
engine_execution_alloc,dynamic_live_instances_10,3,2,10,0,4382,470925,0,0,11
engine_execution,dynamic_live_instances_100,3,2,0,9702696,0,0,0,0,101
engine_execution,dynamic_live_instances_100,3,2,1,9737863,0,0,0,0,101
engine_execution,dynamic_live_instances_100,3,2,2,9748233,0,0,0,0,101
engine_execution,dynamic_live_instances_100,3,2,3,9687788,0,0,0,0,101
engine_execution,dynamic_live_instances_100,3,2,4,9710399,0,0,0,0,101
engine_execution,dynamic_live_instances_100,3,2,5,9691955,0,0,0,0,101
engine_execution,dynamic_live_instances_100,3,2,6,9702585,0,0,0,0,101
engine_execution,dynamic_live_instances_100,3,2,7,9748104,0,0,0,0,101
engine_execution,dynamic_live_instances_100,3,2,8,10459309,0,0,0,0,101
engine_execution,dynamic_live_instances_100,3,2,9,9797567,0,0,0,0,101
engine_execution,dynamic_live_instances_100,3,2,10,9774103,0,0,0,0,101
engine_execution,dynamic_live_instances_100,3,2,11,9734436,0,0,0,0,101
engine_execution,dynamic_live_instances_100,3,2,12,10800347,0,0,0,0,101
engine_execution,dynamic_live_instances_100,3,2,13,10287346,0,0,0,0,101
engine_execution,dynamic_live_instances_100,3,2,14,9802715,0,0,0,0,101
engine_execution,dynamic_live_instances_100,3,2,15,9789770,0,0,0,0,101
engine_execution,dynamic_live_instances_100,3,2,16,9775955,0,0,0,0,101
engine_execution,dynamic_live_instances_100,3,2,17,9747325,0,0,0,0,101
engine_execution,dynamic_live_instances_100,3,2,18,9985530,0,0,0,0,101
engine_execution,dynamic_live_instances_100,3,2,19,9856696,0,0,0,0,101
engine_execution,dynamic_live_instances_100,3,2,20,9757233,0,0,0,0,101
engine_execution,dynamic_live_instances_100,3,2,21,9723047,0,0,0,0,101
engine_execution,dynamic_live_instances_100,3,2,22,9782530,0,0,0,0,101
engine_execution,dynamic_live_instances_100,3,2,23,9726955,0,0,0,0,101
engine_execution,dynamic_live_instances_100,3,2,24,9841141,0,0,0,0,101
engine_execution,dynamic_live_instances_100,3,2,25,9755326,0,0,0,0,101
engine_execution,dynamic_live_instances_100,3,2,26,9764807,0,0,0,0,101
engine_execution,dynamic_live_instances_100,3,2,27,9725862,0,0,0,0,101
engine_execution,dynamic_live_instances_100,3,2,28,9717325,0,0,0,0,101
engine_execution,dynamic_live_instances_100,3,2,29,9689955,0,0,0,0,101
engine_execution,dynamic_live_instances_100,3,2,30,9705103,0,0,0,0,101
engine_execution,dynamic_live_instances_100,3,2,31,9704177,0,0,0,0,101
engine_execution,dynamic_live_instances_100,3,2,32,9781511,0,0,0,0,101
engine_execution,dynamic_live_instances_100,3,2,33,10262698,0,0,0,0,101
engine_execution,dynamic_live_instances_100,3,2,34,9974011,0,0,0,0,101
engine_execution,dynamic_live_instances_100,3,2,35,9823622,0,0,0,0,101
engine_execution,dynamic_live_instances_100,3,2,36,9774603,0,0,0,0,101
engine_execution,dynamic_live_instances_100,3,2,37,9777271,0,0,0,0,101
engine_execution,dynamic_live_instances_100,3,2,38,9733641,0,0,0,0,101
engine_execution,dynamic_live_instances_100,3,2,39,9786251,0,0,0,0,101
engine_execution_alloc,dynamic_live_instances_100,3,2,100,0,68263,5172559,0,0,101
engine_execution,dynamic_sequential_churn_1,2,1,0,62593,0,0,0,0,9
engine_execution,dynamic_sequential_churn_1,2,1,1,62778,0,0,0,0,10
engine_execution,dynamic_sequential_churn_1,2,1,2,61982,0,0,0,0,11
engine_execution,dynamic_sequential_churn_1,2,1,3,62778,0,0,0,0,12
engine_execution,dynamic_sequential_churn_1,2,1,4,62111,0,0,0,0,13
engine_execution,dynamic_sequential_churn_1,2,1,5,62149,0,0,0,0,14
engine_execution,dynamic_sequential_churn_1,2,1,6,62723,0,0,0,0,15
engine_execution,dynamic_sequential_churn_1,2,1,7,62482,0,0,0,0,16
engine_execution,dynamic_sequential_churn_1,2,1,8,61852,0,0,0,0,17
engine_execution,dynamic_sequential_churn_1,2,1,9,61481,0,0,0,0,18
engine_execution,dynamic_sequential_churn_1,2,1,10,61815,0,0,0,0,19
engine_execution,dynamic_sequential_churn_1,2,1,11,61222,0,0,0,0,20
engine_execution,dynamic_sequential_churn_1,2,1,12,61445,0,0,0,0,21
engine_execution,dynamic_sequential_churn_1,2,1,13,61574,0,0,0,0,22
engine_execution,dynamic_sequential_churn_1,2,1,14,62185,0,0,0,0,23
engine_execution,dynamic_sequential_churn_1,2,1,15,61352,0,0,0,0,24
engine_execution,dynamic_sequential_churn_1,2,1,16,61204,0,0,0,0,25
engine_execution,dynamic_sequential_churn_1,2,1,17,61500,0,0,0,0,26
engine_execution,dynamic_sequential_churn_1,2,1,18,60907,0,0,0,0,27
engine_execution,dynamic_sequential_churn_1,2,1,19,61334,0,0,0,0,28
engine_execution,dynamic_sequential_churn_1,2,1,20,60981,0,0,0,0,29
engine_execution,dynamic_sequential_churn_1,2,1,21,62278,0,0,0,0,30
engine_execution,dynamic_sequential_churn_1,2,1,22,71908,0,0,0,0,31
engine_execution,dynamic_sequential_churn_1,2,1,23,62037,0,0,0,0,32
engine_execution,dynamic_sequential_churn_1,2,1,24,60908,0,0,0,0,33
engine_execution,dynamic_sequential_churn_1,2,1,25,60741,0,0,0,0,34
engine_execution,dynamic_sequential_churn_1,2,1,26,61056,0,0,0,0,35
engine_execution,dynamic_sequential_churn_1,2,1,27,61722,0,0,0,0,36
engine_execution,dynamic_sequential_churn_1,2,1,28,61001,0,0,0,0,37
engine_execution,dynamic_sequential_churn_1,2,1,29,60759,0,0,0,0,38
engine_execution,dynamic_sequential_churn_1,2,1,30,61667,0,0,0,0,39
engine_execution,dynamic_sequential_churn_1,2,1,31,61371,0,0,0,0,40
engine_execution,dynamic_sequential_churn_1,2,1,32,61055,0,0,0,0,41
engine_execution,dynamic_sequential_churn_1,2,1,33,60204,0,0,0,0,42
engine_execution,dynamic_sequential_churn_1,2,1,34,60556,0,0,0,0,43
engine_execution,dynamic_sequential_churn_1,2,1,35,60760,0,0,0,0,44
engine_execution,dynamic_sequential_churn_1,2,1,36,60148,0,0,0,0,45
engine_execution,dynamic_sequential_churn_1,2,1,37,60241,0,0,0,0,46
engine_execution,dynamic_sequential_churn_1,2,1,38,60371,0,0,0,0,47
engine_execution,dynamic_sequential_churn_1,2,1,39,60167,0,0,0,0,48
engine_execution_alloc,dynamic_sequential_churn_1,2,1,1,0,538,52749,0,0,49
engine_execution,dynamic_sequential_churn_10,2,1,0,396742,0,0,0,0,90
engine_execution,dynamic_sequential_churn_10,2,1,1,397279,0,0,0,0,100
engine_execution,dynamic_sequential_churn_10,2,1,2,395797,0,0,0,0,110
engine_execution,dynamic_sequential_churn_10,2,1,3,395464,0,0,0,0,120
engine_execution,dynamic_sequential_churn_10,2,1,4,397186,0,0,0,0,130
engine_execution,dynamic_sequential_churn_10,2,1,5,394983,0,0,0,0,140
engine_execution,dynamic_sequential_churn_10,2,1,6,395871,0,0,0,0,150
engine_execution,dynamic_sequential_churn_10,2,1,7,393150,0,0,0,0,160
engine_execution,dynamic_sequential_churn_10,2,1,8,392630,0,0,0,0,170
engine_execution,dynamic_sequential_churn_10,2,1,9,400835,0,0,0,0,180
engine_execution,dynamic_sequential_churn_10,2,1,10,395167,0,0,0,0,190
engine_execution,dynamic_sequential_churn_10,2,1,11,393372,0,0,0,0,200
engine_execution,dynamic_sequential_churn_10,2,1,12,394427,0,0,0,0,210
engine_execution,dynamic_sequential_churn_10,2,1,13,394390,0,0,0,0,220
engine_execution,dynamic_sequential_churn_10,2,1,14,393927,0,0,0,0,230
engine_execution,dynamic_sequential_churn_10,2,1,15,395261,0,0,0,0,240
engine_execution,dynamic_sequential_churn_10,2,1,16,392779,0,0,0,0,250
engine_execution,dynamic_sequential_churn_10,2,1,17,391890,0,0,0,0,260
engine_execution,dynamic_sequential_churn_10,2,1,18,391853,0,0,0,0,270
engine_execution,dynamic_sequential_churn_10,2,1,19,401001,0,0,0,0,280
engine_execution,dynamic_sequential_churn_10,2,1,20,394686,0,0,0,0,290
engine_execution,dynamic_sequential_churn_10,2,1,21,393279,0,0,0,0,300
engine_execution,dynamic_sequential_churn_10,2,1,22,393613,0,0,0,0,310
engine_execution,dynamic_sequential_churn_10,2,1,23,397001,0,0,0,0,320
engine_execution,dynamic_sequential_churn_10,2,1,24,392556,0,0,0,0,330
engine_execution,dynamic_sequential_churn_10,2,1,25,393594,0,0,0,0,340
engine_execution,dynamic_sequential_churn_10,2,1,26,392798,0,0,0,0,350
engine_execution,dynamic_sequential_churn_10,2,1,27,395761,0,0,0,0,360
engine_execution,dynamic_sequential_churn_10,2,1,28,393650,0,0,0,0,370
engine_execution,dynamic_sequential_churn_10,2,1,29,403724,0,0,0,0,380
engine_execution,dynamic_sequential_churn_10,2,1,30,394613,0,0,0,0,390
engine_execution,dynamic_sequential_churn_10,2,1,31,395631,0,0,0,0,400
engine_execution,dynamic_sequential_churn_10,2,1,32,393482,0,0,0,0,410
engine_execution,dynamic_sequential_churn_10,2,1,33,392982,0,0,0,0,420
engine_execution,dynamic_sequential_churn_10,2,1,34,392464,0,0,0,0,430
engine_execution,dynamic_sequential_churn_10,2,1,35,392371,0,0,0,0,440
engine_execution,dynamic_sequential_churn_10,2,1,36,395242,0,0,0,0,450
engine_execution,dynamic_sequential_churn_10,2,1,37,394020,0,0,0,0,460
engine_execution,dynamic_sequential_churn_10,2,1,38,393575,0,0,0,0,470
engine_execution,dynamic_sequential_churn_10,2,1,39,400260,0,0,0,0,480
engine_execution_alloc,dynamic_sequential_churn_10,2,1,10,0,3495,324339,0,0,490
engine_execution,dynamic_sequential_churn_100,2,1,0,3647363,0,0,0,0,900
engine_execution,dynamic_sequential_churn_100,2,1,1,3651381,0,0,0,0,1000
engine_execution,dynamic_sequential_churn_100,2,1,2,3649345,0,0,0,0,1100
engine_execution,dynamic_sequential_churn_100,2,1,3,3646029,0,0,0,0,1200
engine_execution,dynamic_sequential_churn_100,2,1,4,3650641,0,0,0,0,1300
engine_execution,dynamic_sequential_churn_100,2,1,5,3646456,0,0,0,0,1400
engine_execution,dynamic_sequential_churn_100,2,1,6,3653177,0,0,0,0,1500
engine_execution,dynamic_sequential_churn_100,2,1,7,3645270,0,0,0,0,1600
engine_execution,dynamic_sequential_churn_100,2,1,8,3659993,0,0,0,0,1700
engine_execution,dynamic_sequential_churn_100,2,1,9,3638956,0,0,0,0,1800
engine_execution,dynamic_sequential_churn_100,2,1,10,3643640,0,0,0,0,1900
engine_execution,dynamic_sequential_churn_100,2,1,11,3644029,0,0,0,0,2000
engine_execution,dynamic_sequential_churn_100,2,1,12,3662048,0,0,0,0,2100
engine_execution,dynamic_sequential_churn_100,2,1,13,3647233,0,0,0,0,2200
engine_execution,dynamic_sequential_churn_100,2,1,14,3650474,0,0,0,0,2300
engine_execution,dynamic_sequential_churn_100,2,1,15,3644696,0,0,0,0,2400
engine_execution,dynamic_sequential_churn_100,2,1,16,3634419,0,0,0,0,2500
engine_execution,dynamic_sequential_churn_100,2,1,17,3642696,0,0,0,0,2600
engine_execution,dynamic_sequential_churn_100,2,1,18,3663660,0,0,0,0,2700
engine_execution,dynamic_sequential_churn_100,2,1,19,3629104,0,0,0,0,2800
engine_execution,dynamic_sequential_churn_100,2,1,20,3642529,0,0,0,0,2900
engine_execution,dynamic_sequential_churn_100,2,1,21,3656474,0,0,0,0,3000
engine_execution,dynamic_sequential_churn_100,2,1,22,3642474,0,0,0,0,3100
engine_execution,dynamic_sequential_churn_100,2,1,23,3644882,0,0,0,0,3200
engine_execution,dynamic_sequential_churn_100,2,1,24,3638085,0,0,0,0,3300
engine_execution,dynamic_sequential_churn_100,2,1,25,3644233,0,0,0,0,3400
engine_execution,dynamic_sequential_churn_100,2,1,26,3643456,0,0,0,0,3500
engine_execution,dynamic_sequential_churn_100,2,1,27,3648251,0,0,0,0,3600
engine_execution,dynamic_sequential_churn_100,2,1,28,3642900,0,0,0,0,3700
engine_execution,dynamic_sequential_churn_100,2,1,29,3637919,0,0,0,0,3800
engine_execution,dynamic_sequential_churn_100,2,1,30,3646474,0,0,0,0,3900
engine_execution,dynamic_sequential_churn_100,2,1,31,3642788,0,0,0,0,4000
engine_execution,dynamic_sequential_churn_100,2,1,32,3639251,0,0,0,0,4100
engine_execution,dynamic_sequential_churn_100,2,1,33,3652048,0,0,0,0,4200
engine_execution,dynamic_sequential_churn_100,2,1,34,3680289,0,0,0,0,4300
engine_execution,dynamic_sequential_churn_100,2,1,35,3815659,0,0,0,0,4400
engine_execution,dynamic_sequential_churn_100,2,1,36,3694215,0,0,0,0,4500
engine_execution,dynamic_sequential_churn_100,2,1,37,3677604,0,0,0,0,4600
engine_execution,dynamic_sequential_churn_100,2,1,38,3668363,0,0,0,0,4700
engine_execution,dynamic_sequential_churn_100,2,1,39,3652529,0,0,0,0,4800
engine_execution_alloc,dynamic_sequential_churn_100,2,1,100,0,32982,2932143,0,0,4900
engine_execution,effect_unknown_recovery_resolved,1,0,0,16759,0,0,0,0,9
engine_execution,effect_unknown_recovery_resolved,1,0,1,25315,0,0,0,0,10
engine_execution,effect_unknown_recovery_resolved,1,0,2,17907,0,0,0,0,11
engine_execution,effect_unknown_recovery_resolved,1,0,3,16704,0,0,0,0,12
engine_execution,effect_unknown_recovery_resolved,1,0,4,16648,0,0,0,0,13
engine_execution,effect_unknown_recovery_resolved,1,0,5,16482,0,0,0,0,14
engine_execution,effect_unknown_recovery_resolved,1,0,6,16556,0,0,0,0,15
engine_execution,effect_unknown_recovery_resolved,1,0,7,16482,0,0,0,0,16
engine_execution,effect_unknown_recovery_resolved,1,0,8,16556,0,0,0,0,17
engine_execution,effect_unknown_recovery_resolved,1,0,9,16593,0,0,0,0,18
engine_execution,effect_unknown_recovery_resolved,1,0,10,16611,0,0,0,0,19
engine_execution,effect_unknown_recovery_resolved,1,0,11,16537,0,0,0,0,20
engine_execution,effect_unknown_recovery_resolved,1,0,12,16593,0,0,0,0,21
engine_execution,effect_unknown_recovery_resolved,1,0,13,16649,0,0,0,0,22
engine_execution,effect_unknown_recovery_resolved,1,0,14,16852,0,0,0,0,23
engine_execution,effect_unknown_recovery_resolved,1,0,15,16926,0,0,0,0,24
engine_execution,effect_unknown_recovery_resolved,1,0,16,16833,0,0,0,0,25
engine_execution,effect_unknown_recovery_resolved,1,0,17,16981,0,0,0,0,26
engine_execution,effect_unknown_recovery_resolved,1,0,18,16518,0,0,0,0,27
engine_execution,effect_unknown_recovery_resolved,1,0,19,16351,0,0,0,0,28
engine_execution,effect_unknown_recovery_resolved,1,0,20,16666,0,0,0,0,29
engine_execution,effect_unknown_recovery_resolved,1,0,21,16426,0,0,0,0,30
engine_execution,effect_unknown_recovery_resolved,1,0,22,16389,0,0,0,0,31
engine_execution,effect_unknown_recovery_resolved,1,0,23,16685,0,0,0,0,32
engine_execution,effect_unknown_recovery_resolved,1,0,24,17111,0,0,0,0,33
engine_execution,effect_unknown_recovery_resolved,1,0,25,17223,0,0,0,0,34
engine_execution,effect_unknown_recovery_resolved,1,0,26,17092,0,0,0,0,35
engine_execution,effect_unknown_recovery_resolved,1,0,27,16963,0,0,0,0,36
engine_execution,effect_unknown_recovery_resolved,1,0,28,16908,0,0,0,0,37
engine_execution,effect_unknown_recovery_resolved,1,0,29,16722,0,0,0,0,38
engine_execution,effect_unknown_recovery_resolved,1,0,30,16871,0,0,0,0,39
engine_execution,effect_unknown_recovery_resolved,1,0,31,17648,0,0,0,0,40
engine_execution,effect_unknown_recovery_resolved,1,0,32,16889,0,0,0,0,41
engine_execution,effect_unknown_recovery_resolved,1,0,33,16741,0,0,0,0,42
engine_execution,effect_unknown_recovery_resolved,1,0,34,16815,0,0,0,0,43
engine_execution,effect_unknown_recovery_resolved,1,0,35,16741,0,0,0,0,44
engine_execution,effect_unknown_recovery_resolved,1,0,36,16852,0,0,0,0,45
engine_execution,effect_unknown_recovery_resolved,1,0,37,16741,0,0,0,0,46
engine_execution,effect_unknown_recovery_resolved,1,0,38,17166,0,0,0,0,47
engine_execution,effect_unknown_recovery_resolved,1,0,39,16907,0,0,0,0,48
engine_execution_alloc,effect_unknown_recovery_resolved,1,0,0,0,147,15403,0,0,49
engine_execution,effect_unknown_recovery_failed,1,0,0,17463,0,0,0,0,11
engine_execution,effect_unknown_recovery_failed,1,0,1,17741,0,0,0,0,12
engine_execution,effect_unknown_recovery_failed,1,0,2,17796,0,0,0,0,13
engine_execution,effect_unknown_recovery_failed,1,0,3,17944,0,0,0,0,14
engine_execution,effect_unknown_recovery_failed,1,0,4,17704,0,0,0,0,15
engine_execution,effect_unknown_recovery_failed,1,0,5,17796,0,0,0,0,16
engine_execution,effect_unknown_recovery_failed,1,0,6,18093,0,0,0,0,17
engine_execution,effect_unknown_recovery_failed,1,0,7,17760,0,0,0,0,18
engine_execution,effect_unknown_recovery_failed,1,0,8,17741,0,0,0,0,19
engine_execution,effect_unknown_recovery_failed,1,0,9,17574,0,0,0,0,20
engine_execution,effect_unknown_recovery_failed,1,0,10,17685,0,0,0,0,21
engine_execution,effect_unknown_recovery_failed,1,0,11,17759,0,0,0,0,22
engine_execution,effect_unknown_recovery_failed,1,0,12,17722,0,0,0,0,23
engine_execution,effect_unknown_recovery_failed,1,0,13,17704,0,0,0,0,24
engine_execution,effect_unknown_recovery_failed,1,0,14,17741,0,0,0,0,25
engine_execution,effect_unknown_recovery_failed,1,0,15,17759,0,0,0,0,26
engine_execution,effect_unknown_recovery_failed,1,0,16,17667,0,0,0,0,27
engine_execution,effect_unknown_recovery_failed,1,0,17,17797,0,0,0,0,28
engine_execution,effect_unknown_recovery_failed,1,0,18,17612,0,0,0,0,29
engine_execution,effect_unknown_recovery_failed,1,0,19,17740,0,0,0,0,30
engine_execution,effect_unknown_recovery_failed,1,0,20,17722,0,0,0,0,31
engine_execution,effect_unknown_recovery_failed,1,0,21,17537,0,0,0,0,32
engine_execution,effect_unknown_recovery_failed,1,0,22,17871,0,0,0,0,33
engine_execution,effect_unknown_recovery_failed,1,0,23,17667,0,0,0,0,34
engine_execution,effect_unknown_recovery_failed,1,0,24,17722,0,0,0,0,35
engine_execution,effect_unknown_recovery_failed,1,0,25,17963,0,0,0,0,36
engine_execution,effect_unknown_recovery_failed,1,0,26,17574,0,0,0,0,37
engine_execution,effect_unknown_recovery_failed,1,0,27,17815,0,0,0,0,38
engine_execution,effect_unknown_recovery_failed,1,0,28,17722,0,0,0,0,39
engine_execution,effect_unknown_recovery_failed,1,0,29,17666,0,0,0,0,40
engine_execution,effect_unknown_recovery_failed,1,0,30,17778,0,0,0,0,41
engine_execution,effect_unknown_recovery_failed,1,0,31,17574,0,0,0,0,42
engine_execution,effect_unknown_recovery_failed,1,0,32,17722,0,0,0,0,43
engine_execution,effect_unknown_recovery_failed,1,0,33,17648,0,0,0,0,44
engine_execution,effect_unknown_recovery_failed,1,0,34,17871,0,0,0,0,45
engine_execution,effect_unknown_recovery_failed,1,0,35,17741,0,0,0,0,46
engine_execution,effect_unknown_recovery_failed,1,0,36,17630,0,0,0,0,47
engine_execution,effect_unknown_recovery_failed,1,0,37,17704,0,0,0,0,48
engine_execution,effect_unknown_recovery_failed,1,0,38,17611,0,0,0,0,49
engine_execution,effect_unknown_recovery_failed,1,0,39,17889,0,0,0,0,50
engine_execution_alloc,effect_unknown_recovery_failed,1,0,0,0,154,16091,0,0,51
engine_execution,trace_default,100,99,0,782409,0,0,0,0,1
engine_execution,trace_default,100,99,1,780058,0,0,0,0,0
engine_execution,trace_default,100,99,2,778095,0,0,0,0,3
engine_execution,trace_default,100,99,3,778076,0,0,0,0,2
engine_execution,trace_default,100,99,4,776854,0,0,0,0,5
engine_execution,trace_default,100,99,5,827299,0,0,0,0,4
engine_execution,trace_default,100,99,6,793298,0,0,0,0,7
engine_execution,trace_default,100,99,7,781669,0,0,0,0,6
engine_execution,trace_default,100,99,8,774391,0,0,0,0,9
engine_execution,trace_default,100,99,9,778150,0,0,0,0,8
engine_execution,trace_default,100,99,10,787299,0,0,0,0,11
engine_execution,trace_default,100,99,11,778317,0,0,0,0,10
engine_execution,trace_default,100,99,12,784076,0,0,0,0,13
engine_execution,trace_default,100,99,13,785687,0,0,0,0,12
engine_execution,trace_default,100,99,14,779484,0,0,0,0,15
engine_execution,trace_default,100,99,15,787058,0,0,0,0,14
engine_execution,trace_default,100,99,16,778429,0,0,0,0,17
engine_execution,trace_default,100,99,17,779354,0,0,0,0,16
engine_execution,trace_default,100,99,18,777872,0,0,0,0,19
engine_execution,trace_default,100,99,19,777298,0,0,0,0,18
engine_execution,trace_default,100,99,20,785762,0,0,0,0,21
engine_execution,trace_default,100,99,21,779669,0,0,0,0,20
engine_execution,trace_default,100,99,22,777780,0,0,0,0,23
engine_execution,trace_default,100,99,23,780057,0,0,0,0,22
engine_execution,trace_default,100,99,24,778687,0,0,0,0,25
engine_execution,trace_default,100,99,25,782150,0,0,0,0,24
engine_execution,trace_default,100,99,26,778317,0,0,0,0,27
engine_execution,trace_default,100,99,27,778355,0,0,0,0,26
engine_execution,trace_default,100,99,28,776261,0,0,0,0,29
engine_execution,trace_default,100,99,29,780984,0,0,0,0,28
engine_execution,trace_default,100,99,30,786835,0,0,0,0,31
engine_execution,trace_default,100,99,31,782244,0,0,0,0,30
engine_execution,trace_default,100,99,32,778502,0,0,0,0,33
engine_execution,trace_default,100,99,33,776632,0,0,0,0,32
engine_execution,trace_default,100,99,34,780595,0,0,0,0,35
engine_execution,trace_default,100,99,35,786854,0,0,0,0,34
engine_execution,trace_default,100,99,36,777299,0,0,0,0,37
engine_execution,trace_default,100,99,37,780409,0,0,0,0,36
engine_execution,trace_default,100,99,38,778799,0,0,0,0,39
engine_execution,trace_default,100,99,39,780873,0,0,0,0,38
engine_execution_alloc,trace_default,100,99,0,0,5262,533272,0,0,23131
engine_execution,trace_observer,100,99,0,780317,0,0,0,0,1
engine_execution,trace_observer,100,99,1,781539,0,0,0,0,0
engine_execution,trace_observer,100,99,2,788409,0,0,0,0,3
engine_execution,trace_observer,100,99,3,782613,0,0,0,0,2
engine_execution,trace_observer,100,99,4,837003,0,0,0,0,5
engine_execution,trace_observer,100,99,5,784298,0,0,0,0,4
engine_execution,trace_observer,100,99,6,784132,0,0,0,0,7
engine_execution,trace_observer,100,99,7,785891,0,0,0,0,6
engine_execution,trace_observer,100,99,8,780521,0,0,0,0,9
engine_execution,trace_observer,100,99,9,781780,0,0,0,0,8
engine_execution,trace_observer,100,99,10,780335,0,0,0,0,11
engine_execution,trace_observer,100,99,11,780855,0,0,0,0,10
engine_execution,trace_observer,100,99,12,788854,0,0,0,0,13
engine_execution,trace_observer,100,99,13,778873,0,0,0,0,12
engine_execution,trace_observer,100,99,14,780613,0,0,0,0,15
engine_execution,trace_observer,100,99,15,779335,0,0,0,0,14
engine_execution,trace_observer,100,99,16,778632,0,0,0,0,17
engine_execution,trace_observer,100,99,17,784409,0,0,0,0,16
engine_execution,trace_observer,100,99,18,781058,0,0,0,0,19
engine_execution,trace_observer,100,99,19,780521,0,0,0,0,18
engine_execution,trace_observer,100,99,20,779632,0,0,0,0,21
engine_execution,trace_observer,100,99,21,782095,0,0,0,0,20
engine_execution,trace_observer,100,99,22,784484,0,0,0,0,23
engine_execution,trace_observer,100,99,23,781021,0,0,0,0,22
engine_execution,trace_observer,100,99,24,781651,0,0,0,0,25
engine_execution,trace_observer,100,99,25,778077,0,0,0,0,24
engine_execution,trace_observer,100,99,26,782355,0,0,0,0,27
engine_execution,trace_observer,100,99,27,786373,0,0,0,0,26
engine_execution,trace_observer,100,99,28,778298,0,0,0,0,29
engine_execution,trace_observer,100,99,29,781169,0,0,0,0,28
engine_execution,trace_observer,100,99,30,781669,0,0,0,0,31
engine_execution,trace_observer,100,99,31,777466,0,0,0,0,30
engine_execution,trace_observer,100,99,32,784521,0,0,0,0,33
engine_execution,trace_observer,100,99,33,782354,0,0,0,0,32
engine_execution,trace_observer,100,99,34,779520,0,0,0,0,35
engine_execution,trace_observer,100,99,35,780817,0,0,0,0,34
engine_execution,trace_observer,100,99,36,779539,0,0,0,0,37
engine_execution,trace_observer,100,99,37,788576,0,0,0,0,36
engine_execution,trace_observer,100,99,38,781910,0,0,0,0,39
engine_execution,trace_observer,100,99,39,780151,0,0,0,0,38
engine_execution_alloc,trace_observer,100,99,0,0,5262,533272,0,0,23131
representative_application,application_hash_sdax,10,9,0,65001,0,0,0,0,8827501768403342007
representative_application,application_hash_sdax,10,9,1,64481,0,0,0,0,8951258580674472749
representative_application,application_hash_sdax,10,9,2,64537,0,0,0,0,18157584738022301124
representative_application,application_hash_sdax,10,9,3,64408,0,0,0,0,16093298964628915617
representative_application,application_hash_sdax,10,9,4,64889,0,0,0,0,4338024545885762412
representative_application,application_hash_sdax,10,9,5,64371,0,0,0,0,4989613096480112062
representative_application,application_hash_sdax,10,9,6,64389,0,0,0,0,14756605482753659039
representative_application,application_hash_sdax,10,9,7,64815,0,0,0,0,48615153832195890
representative_application,application_hash_sdax,10,9,8,64871,0,0,0,0,12897547982939568865
representative_application,application_hash_sdax,10,9,9,63944,0,0,0,0,6455468052857312123
representative_application,application_hash_sdax,10,9,10,64667,0,0,0,0,7461994257773924098
representative_application,application_hash_sdax,10,9,11,64741,0,0,0,0,3636896381673253623
representative_application,application_hash_sdax,10,9,12,64759,0,0,0,0,6793413810667899076
representative_application,application_hash_sdax,10,9,13,70352,0,0,0,0,12277190981714708308
representative_application,application_hash_sdax,10,9,14,64519,0,0,0,0,9683030269895486545
representative_application,application_hash_sdax,10,9,15,63982,0,0,0,0,9383150768291419922
representative_application,application_hash_sdax,10,9,16,64648,0,0,0,0,11312423361794011584
representative_application,application_hash_sdax,10,9,17,64093,0,0,0,0,18128183083347417488
representative_application,application_hash_sdax,10,9,18,64149,0,0,0,0,12087555839788357172
representative_application,application_hash_sdax,10,9,19,64797,0,0,0,0,13041129334982073488
representative_application,application_hash_sdax,10,9,20,64074,0,0,0,0,8384464984104957687
representative_application,application_hash_sdax,10,9,21,64408,0,0,0,0,10868783110269989825
representative_application,application_hash_sdax,10,9,22,64241,0,0,0,0,15668235844036064711
representative_application,application_hash_sdax,10,9,23,64537,0,0,0,0,4013874171971043560
representative_application,application_hash_sdax,10,9,24,63945,0,0,0,0,4203571749175062306
representative_application,application_hash_sdax,10,9,25,64426,0,0,0,0,10926854856726577928
representative_application,application_hash_sdax,10,9,26,64519,0,0,0,0,16212662351989052772
representative_application,application_hash_sdax,10,9,27,64019,0,0,0,0,11560519827294593319
representative_application,application_hash_sdax,10,9,28,64111,0,0,0,0,7617103062409141563
representative_application,application_hash_sdax,10,9,29,63519,0,0,0,0,15838086077383948403
representative_application,application_hash_sdax,10,9,30,64074,0,0,0,0,8116776606867456652
representative_application,application_hash_sdax,10,9,31,64315,0,0,0,0,11359474695907197805
representative_application,application_hash_sdax,10,9,32,64963,0,0,0,0,9168736860549268637
representative_application,application_hash_sdax,10,9,33,64334,0,0,0,0,16764612828771598240
representative_application,application_hash_sdax,10,9,34,64537,0,0,0,0,14255204493723425259
representative_application,application_hash_sdax,10,9,35,63908,0,0,0,0,3518369773145393400
representative_application,application_hash_sdax,10,9,36,64148,0,0,0,0,8965317550446050729
representative_application,application_hash_sdax,10,9,37,64334,0,0,0,0,16665962306655849748
representative_application,application_hash_sdax,10,9,38,64389,0,0,0,0,13342058531664200426
representative_application,application_hash_sdax,10,9,39,64297,0,0,0,0,18112928529687244317
representative_application_alloc,application_hash_sdax,10,9,0,0,575,47357,0,0,17601881740522758837
representative_application,application_hash_handwritten,10,9,0,1296,0,0,0,0,8827501768403342006
representative_application,application_hash_handwritten,10,9,1,1241,0,0,0,0,8951258580674472748
representative_application,application_hash_handwritten,10,9,2,1241,0,0,0,0,18157584738022301125
representative_application,application_hash_handwritten,10,9,3,1240,0,0,0,0,16093298964628915616
representative_application,application_hash_handwritten,10,9,4,1241,0,0,0,0,4338024545885762413
representative_application,application_hash_handwritten,10,9,5,1241,0,0,0,0,4989613096480112063
representative_application,application_hash_handwritten,10,9,6,1240,0,0,0,0,14756605482753659038
representative_application,application_hash_handwritten,10,9,7,1241,0,0,0,0,48615153832195891
representative_application,application_hash_handwritten,10,9,8,1240,0,0,0,0,12897547982939568864
representative_application,application_hash_handwritten,10,9,9,1222,0,0,0,0,6455468052857312122
representative_application,application_hash_handwritten,10,9,10,1223,0,0,0,0,7461994257773924099
representative_application,application_hash_handwritten,10,9,11,1241,0,0,0,0,3636896381673253622
representative_application,application_hash_handwritten,10,9,12,1223,0,0,0,0,6793413810667899077
representative_application,application_hash_handwritten,10,9,13,1241,0,0,0,0,12277190981714708309
representative_application,application_hash_handwritten,10,9,14,1240,0,0,0,0,9683030269895486544
representative_application,application_hash_handwritten,10,9,15,1222,0,0,0,0,9383150768291419923
representative_application,application_hash_handwritten,10,9,16,1222,0,0,0,0,11312423361794011585
representative_application,application_hash_handwritten,10,9,17,1241,0,0,0,0,18128183083347417489
representative_application,application_hash_handwritten,10,9,18,1222,0,0,0,0,12087555839788357173
representative_application,application_hash_handwritten,10,9,19,1240,0,0,0,0,13041129334982073489
representative_application,application_hash_handwritten,10,9,20,1222,0,0,0,0,8384464984104957686
representative_application,application_hash_handwritten,10,9,21,1240,0,0,0,0,10868783110269989824
representative_application,application_hash_handwritten,10,9,22,1352,0,0,0,0,15668235844036064710
representative_application,application_hash_handwritten,10,9,23,1241,0,0,0,0,4013874171971043561
representative_application,application_hash_handwritten,10,9,24,1222,0,0,0,0,4203571749175062307
representative_application,application_hash_handwritten,10,9,25,1241,0,0,0,0,10926854856726577929
representative_application,application_hash_handwritten,10,9,26,1222,0,0,0,0,16212662351989052773
representative_application,application_hash_handwritten,10,9,27,1241,0,0,0,0,11560519827294593318
representative_application,application_hash_handwritten,10,9,28,1241,0,0,0,0,7617103062409141562
representative_application,application_hash_handwritten,10,9,29,1222,0,0,0,0,15838086077383948402
representative_application,application_hash_handwritten,10,9,30,1241,0,0,0,0,8116776606867456653
representative_application,application_hash_handwritten,10,9,31,1240,0,0,0,0,11359474695907197804
representative_application,application_hash_handwritten,10,9,32,1222,0,0,0,0,9168736860549268636
representative_application,application_hash_handwritten,10,9,33,1518,0,0,0,0,16764612828771598241
representative_application,application_hash_handwritten,10,9,34,1241,0,0,0,0,14255204493723425258
representative_application,application_hash_handwritten,10,9,35,1241,0,0,0,0,3518369773145393401
representative_application,application_hash_handwritten,10,9,36,1223,0,0,0,0,8965317550446050728
representative_application,application_hash_handwritten,10,9,37,1241,0,0,0,0,16665962306655849749
representative_application,application_hash_handwritten,10,9,38,1222,0,0,0,0,13342058531664200427
representative_application,application_hash_handwritten,10,9,39,1240,0,0,0,0,18112928529687244316
representative_application,application_hash_sdax,100,99,0,789910,0,0,0,0,11698499080773063169
representative_application,application_hash_sdax,100,99,1,791040,0,0,0,0,1167273700599470746
representative_application,application_hash_sdax,100,99,2,789298,0,0,0,0,230717062559681466
representative_application,application_hash_sdax,100,99,3,787928,0,0,0,0,13461277124864170951
representative_application,application_hash_sdax,100,99,4,801947,0,0,0,0,1843089491647656604
representative_application,application_hash_sdax,100,99,5,793095,0,0,0,0,1884400405866327554
representative_application,application_hash_sdax,100,99,6,787855,0,0,0,0,15657071968087079792
representative_application,application_hash_sdax,100,99,7,790187,0,0,0,0,8136226820520416651
representative_application,application_hash_sdax,100,99,8,788577,0,0,0,0,9211086410723557827
representative_application,application_hash_sdax,100,99,9,794003,0,0,0,0,3206438314367023030
representative_application,application_hash_sdax,100,99,10,791503,0,0,0,0,5368241661201366769
representative_application,application_hash_sdax,100,99,11,790558,0,0,0,0,6168939717596367288
representative_application,application_hash_sdax,100,99,12,788466,0,0,0,0,14206662131410471245
representative_application,application_hash_sdax,100,99,13,791521,0,0,0,0,13119166869922341979
representative_application,application_hash_sdax,100,99,14,796317,0,0,0,0,13832537443924736586
representative_application,application_hash_sdax,100,99,15,791409,0,0,0,0,10215951684877506974
representative_application,application_hash_sdax,100,99,16,791595,0,0,0,0,5034229283543529572
representative_application,application_hash_sdax,100,99,17,787632,0,0,0,0,14677823012927430832
representative_application,application_hash_sdax,100,99,18,787669,0,0,0,0,13894612964717701903
representative_application,application_hash_sdax,100,99,19,798039,0,0,0,0,15583721593309401490
representative_application,application_hash_sdax,100,99,20,791688,0,0,0,0,6418842662590208827
representative_application,application_hash_sdax,100,99,21,789188,0,0,0,0,13631435880641776915
representative_application,application_hash_sdax,100,99,22,787928,0,0,0,0,17183653852698357092
representative_application,application_hash_sdax,100,99,23,790762,0,0,0,0,9274972455216937604
representative_application,application_hash_sdax,100,99,24,793058,0,0,0,0,9355792106790873694
representative_application,application_hash_sdax,100,99,25,789298,0,0,0,0,6870977820890846112
representative_application,application_hash_sdax,100,99,26,788984,0,0,0,0,7356228651156183227
representative_application,application_hash_sdax,100,99,27,789836,0,0,0,0,6496560239278517594
representative_application,application_hash_sdax,100,99,28,789835,0,0,0,0,1600470374967907333
representative_application,application_hash_sdax,100,99,29,794206,0,0,0,0,7749396622089507156
representative_application,application_hash_sdax,100,99,30,791929,0,0,0,0,5914597544721144955
representative_application,application_hash_sdax,100,99,31,793595,0,0,0,0,8593148281290798141
representative_application,application_hash_sdax,100,99,32,792113,0,0,0,0,17312262507819578044
representative_application,application_hash_sdax,100,99,33,789150,0,0,0,0,8449402800832754809
representative_application,application_hash_sdax,100,99,34,791354,0,0,0,0,3614604414420252231
representative_application,application_hash_sdax,100,99,35,789391,0,0,0,0,2366660716473973819
representative_application,application_hash_sdax,100,99,36,788262,0,0,0,0,8524431054321544385
representative_application,application_hash_sdax,100,99,37,786466,0,0,0,0,11652126080490940143
representative_application,application_hash_sdax,100,99,38,788984,0,0,0,0,7153169922785203679
representative_application,application_hash_sdax,100,99,39,795058,0,0,0,0,6082470906507506695
representative_application_alloc,application_hash_sdax,100,99,0,0,5262,536429,0,0,4889995614244325387
representative_application,application_hash_handwritten,100,99,0,13315,0,0,0,0,11698499080773063168
representative_application,application_hash_handwritten,100,99,1,13315,0,0,0,0,1167273700599470747
representative_application,application_hash_handwritten,100,99,2,13315,0,0,0,0,230717062559681467
representative_application,application_hash_handwritten,100,99,3,13315,0,0,0,0,13461277124864170950
representative_application,application_hash_handwritten,100,99,4,13315,0,0,0,0,1843089491647656605
representative_application,application_hash_handwritten,100,99,5,13297,0,0,0,0,1884400405866327555
representative_application,application_hash_handwritten,100,99,6,13518,0,0,0,0,15657071968087079793
representative_application,application_hash_handwritten,100,99,7,13315,0,0,0,0,8136226820520416650
representative_application,application_hash_handwritten,100,99,8,13297,0,0,0,0,9211086410723557826
representative_application,application_hash_handwritten,100,99,9,13463,0,0,0,0,3206438314367023031
representative_application,application_hash_handwritten,100,99,10,13315,0,0,0,0,5368241661201366768
representative_application,application_hash_handwritten,100,99,11,13315,0,0,0,0,6168939717596367289
representative_application,application_hash_handwritten,100,99,12,13296,0,0,0,0,14206662131410471244
representative_application,application_hash_handwritten,100,99,13,13315,0,0,0,0,13119166869922341978
representative_application,application_hash_handwritten,100,99,14,13315,0,0,0,0,13832537443924736587
representative_application,application_hash_handwritten,100,99,15,13297,0,0,0,0,10215951684877506975
representative_application,application_hash_handwritten,100,99,16,13315,0,0,0,0,5034229283543529573
representative_application,application_hash_handwritten,100,99,17,13296,0,0,0,0,14677823012927430833
representative_application,application_hash_handwritten,100,99,18,13296,0,0,0,0,13894612964717701902
representative_application,application_hash_handwritten,100,99,19,13315,0,0,0,0,15583721593309401491
representative_application,application_hash_handwritten,100,99,20,13315,0,0,0,0,6418842662590208826
representative_application,application_hash_handwritten,100,99,21,13296,0,0,0,0,13631435880641776914
representative_application,application_hash_handwritten,100,99,22,13315,0,0,0,0,17183653852698357093
representative_application,application_hash_handwritten,100,99,23,13315,0,0,0,0,9274972455216937605
representative_application,application_hash_handwritten,100,99,24,13315,0,0,0,0,9355792106790873695
representative_application,application_hash_handwritten,100,99,25,13315,0,0,0,0,6870977820890846113
representative_application,application_hash_handwritten,100,99,26,13315,0,0,0,0,7356228651156183226
representative_application,application_hash_handwritten,100,99,27,13686,0,0,0,0,6496560239278517595
representative_application,application_hash_handwritten,100,99,28,13315,0,0,0,0,1600470374967907332
representative_application,application_hash_handwritten,100,99,29,13314,0,0,0,0,7749396622089507157
representative_application,application_hash_handwritten,100,99,30,13296,0,0,0,0,5914597544721144954
representative_application,application_hash_handwritten,100,99,31,13315,0,0,0,0,8593148281290798140
representative_application,application_hash_handwritten,100,99,32,13315,0,0,0,0,17312262507819578045
representative_application,application_hash_handwritten,100,99,33,13315,0,0,0,0,8449402800832754808
representative_application,application_hash_handwritten,100,99,34,13296,0,0,0,0,3614604414420252230
representative_application,application_hash_handwritten,100,99,35,13315,0,0,0,0,2366660716473973818
representative_application,application_hash_handwritten,100,99,36,13315,0,0,0,0,8524431054321544384
representative_application,application_hash_handwritten,100,99,37,13315,0,0,0,0,11652126080490940142
representative_application,application_hash_handwritten,100,99,38,13296,0,0,0,0,7153169922785203678
representative_application,application_hash_handwritten,100,99,39,13314,0,0,0,0,6082470906507506694
