phase,workload,nodes,edges,sample,nanos,allocations,allocated_bytes,peak_live_bytes,retained_bytes,checksum
adapter_setup,current_thread_runtime,0,0,0,71741,0,0,0,0,0
adapter_setup,current_thread_runtime,0,0,1,3278,0,0,0,0,0
adapter_setup,current_thread_runtime,0,0,2,2889,0,0,0,0,0
adapter_setup,current_thread_runtime,0,0,3,2963,0,0,0,0,0
adapter_setup,current_thread_runtime,0,0,4,3093,0,0,0,0,0
adapter_setup,current_thread_runtime,0,0,5,3370,0,0,0,0,0
adapter_setup,current_thread_runtime,0,0,6,2907,0,0,0,0,0
adapter_setup,current_thread_runtime,0,0,7,2833,0,0,0,0,0
adapter_setup,current_thread_runtime,0,0,8,2944,0,0,0,0,0
adapter_setup,current_thread_runtime,0,0,9,2907,0,0,0,0,0
adapter_setup,current_thread_runtime,0,0,10,3093,0,0,0,0,0
adapter_setup,current_thread_runtime,0,0,11,3296,0,0,0,0,0
adapter_setup,current_thread_runtime,0,0,12,3445,0,0,0,0,0
adapter_setup,current_thread_runtime,0,0,13,3778,0,0,0,0,0
adapter_setup,current_thread_runtime,0,0,14,3463,0,0,0,0,0
adapter_setup,current_thread_runtime,0,0,15,3222,0,0,0,0,0
adapter_setup,current_thread_runtime,0,0,16,3870,0,0,0,0,0
adapter_setup,current_thread_runtime,0,0,17,3352,0,0,0,0,0
adapter_setup,current_thread_runtime,0,0,18,3463,0,0,0,0,0
adapter_setup,current_thread_runtime,0,0,19,3889,0,0,0,0,0
adapter_setup,current_thread_runtime,0,0,20,3315,0,0,0,0,0
adapter_setup,current_thread_runtime,0,0,21,3352,0,0,0,0,0
adapter_setup,current_thread_runtime,0,0,22,3223,0,0,0,0,0
adapter_setup,current_thread_runtime,0,0,23,3166,0,0,0,0,0
adapter_setup,current_thread_runtime,0,0,24,3186,0,0,0,0,0
adapter_setup,current_thread_runtime,0,0,25,3315,0,0,0,0,0
adapter_setup,current_thread_runtime,0,0,26,3223,0,0,0,0,0
adapter_setup,current_thread_runtime,0,0,27,3370,0,0,0,0,0
adapter_setup,current_thread_runtime,0,0,28,3314,0,0,0,0,0
adapter_setup,current_thread_runtime,0,0,29,3259,0,0,0,0,0
adapter_setup,current_thread_runtime,0,0,30,3388,0,0,0,0,0
adapter_setup,current_thread_runtime,0,0,31,3240,0,0,0,0,0
adapter_setup,current_thread_runtime,0,0,32,3334,0,0,0,0,0
adapter_setup,current_thread_runtime,0,0,33,3240,0,0,0,0,0
adapter_setup,current_thread_runtime,0,0,34,3333,0,0,0,0,0
adapter_setup,current_thread_runtime,0,0,35,3278,0,0,0,0,0
adapter_setup,current_thread_runtime,0,0,36,3186,0,0,0,0,0
adapter_setup,current_thread_runtime,0,0,37,3278,0,0,0,0,0
adapter_setup,current_thread_runtime,0,0,38,3222,0,0,0,0,0
adapter_setup,current_thread_runtime,0,0,39,3240,0,0,0,0,0
fixture_generation,graph_chain,1,0,0,629,0,0,0,0,5
fixture_generation,graph_chain,1,0,1,463,0,0,0,0,5
fixture_generation,graph_chain,1,0,2,370,0,0,0,0,5
fixture_generation,graph_chain,1,0,3,444,0,0,0,0,5
fixture_generation,graph_chain,1,0,4,370,0,0,0,0,5
fixture_generation,graph_chain,1,0,5,389,0,0,0,0,5
fixture_generation,graph_chain,1,0,6,371,0,0,0,0,5
fixture_generation,graph_chain,1,0,7,408,0,0,0,0,5
fixture_generation,graph_chain,1,0,8,371,0,0,0,0,5
fixture_generation,graph_chain,1,0,9,389,0,0,0,0,5
fixture_generation,graph_chain,1,0,10,370,0,0,0,0,5
fixture_generation,graph_chain,1,0,11,407,0,0,0,0,5
fixture_generation,graph_chain,1,0,12,371,0,0,0,0,5
fixture_generation,graph_chain,1,0,13,352,0,0,0,0,5
fixture_generation,graph_chain,1,0,14,426,0,0,0,0,5
fixture_generation,graph_chain,1,0,15,500,0,0,0,0,5
fixture_generation,graph_chain,1,0,16,370,0,0,0,0,5
fixture_generation,graph_chain,1,0,17,408,0,0,0,0,5
fixture_generation,graph_chain,1,0,18,445,0,0,0,0,5
fixture_generation,graph_chain,1,0,19,389,0,0,0,0,5
plan_build,graph_chain,1,0,0,11537,0,0,0,0,11
plan_build,graph_chain,1,0,1,5111,0,0,0,0,11
plan_build,graph_chain,1,0,2,4055,0,0,0,0,11
plan_build,graph_chain,1,0,3,4333,0,0,0,0,11
plan_build,graph_chain,1,0,4,3889,0,0,0,0,11
plan_build,graph_chain,1,0,5,4130,0,0,0,0,11
plan_build,graph_chain,1,0,6,4019,0,0,0,0,11
plan_build,graph_chain,1,0,7,3778,0,0,0,0,11
plan_build,graph_chain,1,0,8,4166,0,0,0,0,11
plan_build,graph_chain,1,0,9,3704,0,0,0,0,11
plan_build,graph_chain,1,0,10,4037,0,0,0,0,11
plan_build,graph_chain,1,0,11,3778,0,0,0,0,11
plan_build,graph_chain,1,0,12,4111,0,0,0,0,11
plan_build,graph_chain,1,0,13,3944,0,0,0,0,11
plan_build,graph_chain,1,0,14,3944,0,0,0,0,11
plan_build,graph_chain,1,0,15,3945,0,0,0,0,11
plan_build,graph_chain,1,0,16,3852,0,0,0,0,11
plan_build,graph_chain,1,0,17,4111,0,0,0,0,11
plan_build,graph_chain,1,0,18,3981,0,0,0,0,11
plan_build,graph_chain,1,0,19,3963,0,0,0,0,11
plan_build_alloc,graph_chain,1,0,0,0,36,6762,0,0,11
plan_declaration,graph_chain,1,0,0,3092,0,0,0,0,1
plan_validation_freeze,graph_chain,1,0,0,3000,0,0,0,0,11
plan_declaration,graph_chain,1,0,1,1926,0,0,0,0,1
plan_validation_freeze,graph_chain,1,0,1,2963,0,0,0,0,11
plan_declaration,graph_chain,1,0,2,1796,0,0,0,0,1
plan_validation_freeze,graph_chain,1,0,2,2870,0,0,0,0,11
plan_declaration,graph_chain,1,0,3,1741,0,0,0,0,1
plan_validation_freeze,graph_chain,1,0,3,2851,0,0,0,0,11
plan_declaration,graph_chain,1,0,4,1741,0,0,0,0,1
plan_validation_freeze,graph_chain,1,0,4,2851,0,0,0,0,11
plan_declaration,graph_chain,1,0,5,1759,0,0,0,0,1
plan_validation_freeze,graph_chain,1,0,5,2815,0,0,0,0,11
plan_declaration,graph_chain,1,0,6,1722,0,0,0,0,1
plan_validation_freeze,graph_chain,1,0,6,2814,0,0,0,0,11
plan_declaration,graph_chain,1,0,7,1741,0,0,0,0,1
plan_validation_freeze,graph_chain,1,0,7,2796,0,0,0,0,11
plan_declaration,graph_chain,1,0,8,1741,0,0,0,0,1
plan_validation_freeze,graph_chain,1,0,8,2815,0,0,0,0,11
plan_declaration,graph_chain,1,0,9,1723,0,0,0,0,1
plan_validation_freeze,graph_chain,1,0,9,2833,0,0,0,0,11
plan_declaration,graph_chain,1,0,10,2074,0,0,0,0,1
plan_validation_freeze,graph_chain,1,0,10,2945,0,0,0,0,11
plan_declaration,graph_chain,1,0,11,1870,0,0,0,0,1
plan_validation_freeze,graph_chain,1,0,11,2796,0,0,0,0,11
plan_declaration,graph_chain,1,0,12,1926,0,0,0,0,1
plan_validation_freeze,graph_chain,1,0,12,2852,0,0,0,0,11
plan_declaration,graph_chain,1,0,13,2111,0,0,0,0,1
plan_validation_freeze,graph_chain,1,0,13,2870,0,0,0,0,11
plan_declaration,graph_chain,1,0,14,1926,0,0,0,0,1
plan_validation_freeze,graph_chain,1,0,14,2907,0,0,0,0,11
plan_declaration,graph_chain,1,0,15,1870,0,0,0,0,1
plan_validation_freeze,graph_chain,1,0,15,2889,0,0,0,0,11
plan_declaration,graph_chain,1,0,16,2074,0,0,0,0,1
plan_validation_freeze,graph_chain,1,0,16,2889,0,0,0,0,11
plan_declaration,graph_chain,1,0,17,1852,0,0,0,0,1
plan_validation_freeze,graph_chain,1,0,17,2889,0,0,0,0,11
plan_declaration,graph_chain,1,0,18,1852,0,0,0,0,1
plan_validation_freeze,graph_chain,1,0,18,2815,0,0,0,0,11
plan_declaration,graph_chain,1,0,19,1926,0,0,0,0,1
plan_validation_freeze,graph_chain,1,0,19,2852,0,0,0,0,11
plan_declaration_alloc,graph_chain,1,0,0,0,16,2178,0,0,1
plan_validation_freeze_alloc,graph_chain,1,0,0,0,20,4584,0,0,11
engine_execution,graph_chain,1,0,0,17481,0,0,0,0,1
engine_execution,graph_chain,1,0,1,17500,0,0,0,0,0
engine_execution,graph_chain,1,0,2,17278,0,0,0,0,3
engine_execution,graph_chain,1,0,3,17833,0,0,0,0,2
engine_execution,graph_chain,1,0,4,18445,0,0,0,0,5
engine_execution,graph_chain,1,0,5,17685,0,0,0,0,4
engine_execution,graph_chain,1,0,6,17556,0,0,0,0,7
engine_execution,graph_chain,1,0,7,17574,0,0,0,0,6
engine_execution,graph_chain,1,0,8,17296,0,0,0,0,9
engine_execution,graph_chain,1,0,9,17500,0,0,0,0,8
engine_execution,graph_chain,1,0,10,17574,0,0,0,0,11
engine_execution,graph_chain,1,0,11,17407,0,0,0,0,10
engine_execution,graph_chain,1,0,12,17723,0,0,0,0,13
engine_execution,graph_chain,1,0,13,17574,0,0,0,0,12
engine_execution,graph_chain,1,0,14,17815,0,0,0,0,15
engine_execution,graph_chain,1,0,15,17722,0,0,0,0,14
engine_execution,graph_chain,1,0,16,17686,0,0,0,0,17
engine_execution,graph_chain,1,0,17,17778,0,0,0,0,16
engine_execution,graph_chain,1,0,18,17593,0,0,0,0,19
engine_execution,graph_chain,1,0,19,17796,0,0,0,0,18
engine_execution,graph_chain,1,0,20,17556,0,0,0,0,21
engine_execution,graph_chain,1,0,21,17926,0,0,0,0,20
engine_execution,graph_chain,1,0,22,17908,0,0,0,0,23
engine_execution,graph_chain,1,0,23,17815,0,0,0,0,22
engine_execution,graph_chain,1,0,24,17408,0,0,0,0,25
engine_execution,graph_chain,1,0,25,17981,0,0,0,0,24
engine_execution,graph_chain,1,0,26,17630,0,0,0,0,27
engine_execution,graph_chain,1,0,27,18778,0,0,0,0,26
engine_execution,graph_chain,1,0,28,17315,0,0,0,0,29
engine_execution,graph_chain,1,0,29,17704,0,0,0,0,28
engine_execution,graph_chain,1,0,30,18148,0,0,0,0,31
engine_execution,graph_chain,1,0,31,17426,0,0,0,0,30
engine_execution,graph_chain,1,0,32,18445,0,0,0,0,33
engine_execution,graph_chain,1,0,33,17982,0,0,0,0,32
engine_execution,graph_chain,1,0,34,18055,0,0,0,0,35
engine_execution,graph_chain,1,0,35,18389,0,0,0,0,34
engine_execution,graph_chain,1,0,36,18075,0,0,0,0,37
engine_execution,graph_chain,1,0,37,17703,0,0,0,0,36
engine_execution,graph_chain,1,0,38,17981,0,0,0,0,39
engine_execution,graph_chain,1,0,39,18352,0,0,0,0,38
engine_execution_alloc,graph_chain,1,0,0,0,102,11796,0,0,23131
machine_state_setup,graph_chain,1,0,0,833,0,0,0,0,1
body_state_setup,graph_chain,1,0,0,1760,0,0,0,0,0
machine_state_setup,graph_chain,1,0,1,629,0,0,0,0,1
body_state_setup,graph_chain,1,0,1,555,0,0,0,0,0
machine_state_setup,graph_chain,1,0,2,593,0,0,0,0,1
body_state_setup,graph_chain,1,0,2,759,0,0,0,0,0
machine_state_setup,graph_chain,1,0,3,629,0,0,0,0,1
body_state_setup,graph_chain,1,0,3,611,0,0,0,0,0
machine_state_setup,graph_chain,1,0,4,629,0,0,0,0,1
body_state_setup,graph_chain,1,0,4,667,0,0,0,0,0
machine_state_setup,graph_chain,1,0,5,537,0,0,0,0,1
body_state_setup,graph_chain,1,0,5,519,0,0,0,0,0
machine_state_setup,graph_chain,1,0,6,611,0,0,0,0,1
body_state_setup,graph_chain,1,0,6,630,0,0,0,0,0
machine_state_setup,graph_chain,1,0,7,556,0,0,0,0,1
body_state_setup,graph_chain,1,0,7,907,0,0,0,0,0
machine_state_setup,graph_chain,1,0,8,537,0,0,0,0,1
body_state_setup,graph_chain,1,0,8,667,0,0,0,0,0
machine_state_setup,graph_chain,1,0,9,537,0,0,0,0,1
body_state_setup,graph_chain,1,0,9,703,0,0,0,0,0
machine_state_setup,graph_chain,1,0,10,537,0,0,0,0,1
body_state_setup,graph_chain,1,0,10,963,0,0,0,0,0
machine_state_setup,graph_chain,1,0,11,537,0,0,0,0,1
body_state_setup,graph_chain,1,0,11,704,0,0,0,0,0
machine_state_setup,graph_chain,1,0,12,722,0,0,0,0,1
body_state_setup,graph_chain,1,0,12,612,0,0,0,0,0
machine_state_setup,graph_chain,1,0,13,648,0,0,0,0,1
body_state_setup,graph_chain,1,0,13,556,0,0,0,0,0
machine_state_setup,graph_chain,1,0,14,574,0,0,0,0,1
body_state_setup,graph_chain,1,0,14,889,0,0,0,0,0
machine_state_setup,graph_chain,1,0,15,722,0,0,0,0,1
body_state_setup,graph_chain,1,0,15,574,0,0,0,0,0
machine_state_setup,graph_chain,1,0,16,574,0,0,0,0,1
body_state_setup,graph_chain,1,0,16,555,0,0,0,0,0
machine_state_setup,graph_chain,1,0,17,611,0,0,0,0,1
body_state_setup,graph_chain,1,0,17,685,0,0,0,0,0
machine_state_setup,graph_chain,1,0,18,611,0,0,0,0,1
body_state_setup,graph_chain,1,0,18,666,0,0,0,0,0
machine_state_setup,graph_chain,1,0,19,574,0,0,0,0,1
body_state_setup,graph_chain,1,0,19,574,0,0,0,0,0
machine_state_setup,graph_chain,1,0,20,575,0,0,0,0,1
body_state_setup,graph_chain,1,0,20,871,0,0,0,0,0
machine_state_setup,graph_chain,1,0,21,537,0,0,0,0,1
body_state_setup,graph_chain,1,0,21,648,0,0,0,0,0
machine_state_setup,graph_chain,1,0,22,537,0,0,0,0,1
body_state_setup,graph_chain,1,0,22,648,0,0,0,0,0
machine_state_setup,graph_chain,1,0,23,537,0,0,0,0,1
body_state_setup,graph_chain,1,0,23,556,0,0,0,0,0
machine_state_setup,graph_chain,1,0,24,537,0,0,0,0,1
body_state_setup,graph_chain,1,0,24,593,0,0,0,0,0
machine_state_setup,graph_chain,1,0,25,538,0,0,0,0,1
body_state_setup,graph_chain,1,0,25,611,0,0,0,0,0
machine_state_setup,graph_chain,1,0,26,667,0,0,0,0,1
body_state_setup,graph_chain,1,0,26,574,0,0,0,0,0
machine_state_setup,graph_chain,1,0,27,537,0,0,0,0,1
body_state_setup,graph_chain,1,0,27,593,0,0,0,0,0
machine_state_setup,graph_chain,1,0,28,556,0,0,0,0,1
body_state_setup,graph_chain,1,0,28,593,0,0,0,0,0
machine_state_setup,graph_chain,1,0,29,537,0,0,0,0,1
body_state_setup,graph_chain,1,0,29,685,0,0,0,0,0
machine_state_setup,graph_chain,1,0,30,593,0,0,0,0,1
body_state_setup,graph_chain,1,0,30,611,0,0,0,0,0
machine_state_setup,graph_chain,1,0,31,537,0,0,0,0,1
body_state_setup,graph_chain,1,0,31,575,0,0,0,0,0
machine_state_setup,graph_chain,1,0,32,556,0,0,0,0,1
body_state_setup,graph_chain,1,0,32,611,0,0,0,0,0
machine_state_setup,graph_chain,1,0,33,648,0,0,0,0,1
body_state_setup,graph_chain,1,0,33,592,0,0,0,0,0
machine_state_setup,graph_chain,1,0,34,537,0,0,0,0,1
body_state_setup,graph_chain,1,0,34,556,0,0,0,0,0
machine_state_setup,graph_chain,1,0,35,537,0,0,0,0,1
body_state_setup,graph_chain,1,0,35,574,0,0,0,0,0
machine_state_setup,graph_chain,1,0,36,537,0,0,0,0,1
body_state_setup,graph_chain,1,0,36,648,0,0,0,0,0
machine_state_setup,graph_chain,1,0,37,611,0,0,0,0,1
body_state_setup,graph_chain,1,0,37,592,0,0,0,0,0
machine_state_setup,graph_chain,1,0,38,537,0,0,0,0,1
body_state_setup,graph_chain,1,0,38,593,0,0,0,0,0
machine_state_setup,graph_chain,1,0,39,574,0,0,0,0,1
body_state_setup,graph_chain,1,0,39,611,0,0,0,0,0
pure_machine_events_preseeded,graph_chain,1,0,0,6129,0,0,0,0,1
pure_machine_events_preseeded,graph_chain,1,0,1,3500,0,0,0,0,1
pure_machine_events_preseeded,graph_chain,1,0,2,3223,0,0,0,0,1
pure_machine_events_preseeded,graph_chain,1,0,3,3018,0,0,0,0,1
pure_machine_events_preseeded,graph_chain,1,0,4,2982,0,0,0,0,1
pure_machine_events_preseeded,graph_chain,1,0,5,3148,0,0,0,0,1
pure_machine_events_preseeded,graph_chain,1,0,6,3093,0,0,0,0,1
pure_machine_events_preseeded,graph_chain,1,0,7,2982,0,0,0,0,1
pure_machine_events_preseeded,graph_chain,1,0,8,2981,0,0,0,0,1
pure_machine_events_preseeded,graph_chain,1,0,9,2871,0,0,0,0,1
pure_machine_events_preseeded,graph_chain,1,0,10,3037,0,0,0,0,1
pure_machine_events_preseeded,graph_chain,1,0,11,2925,0,0,0,0,1
pure_machine_events_preseeded,graph_chain,1,0,12,2963,0,0,0,0,1
pure_machine_events_preseeded,graph_chain,1,0,13,3334,0,0,0,0,1
pure_machine_events_preseeded,graph_chain,1,0,14,2963,0,0,0,0,1
pure_machine_events_preseeded,graph_chain,1,0,15,2870,0,0,0,0,1
pure_machine_events_preseeded,graph_chain,1,0,16,2870,0,0,0,0,1
pure_machine_events_preseeded,graph_chain,1,0,17,2889,0,0,0,0,1
pure_machine_events_preseeded,graph_chain,1,0,18,2852,0,0,0,0,1
pure_machine_events_preseeded,graph_chain,1,0,19,2907,0,0,0,0,1
pure_machine_events_preseeded,graph_chain,1,0,20,2889,0,0,0,0,1
pure_machine_events_preseeded,graph_chain,1,0,21,2852,0,0,0,0,1
pure_machine_events_preseeded,graph_chain,1,0,22,2833,0,0,0,0,1
pure_machine_events_preseeded,graph_chain,1,0,23,2945,0,0,0,0,1
pure_machine_events_preseeded,graph_chain,1,0,24,2945,0,0,0,0,1
pure_machine_events_preseeded,graph_chain,1,0,25,2907,0,0,0,0,1
pure_machine_events_preseeded,graph_chain,1,0,26,2907,0,0,0,0,1
pure_machine_events_preseeded,graph_chain,1,0,27,2889,0,0,0,0,1
pure_machine_events_preseeded,graph_chain,1,0,28,2871,0,0,0,0,1
pure_machine_events_preseeded,graph_chain,1,0,29,2870,0,0,0,0,1
pure_machine_events_preseeded,graph_chain,1,0,30,2834,0,0,0,0,1
pure_machine_events_preseeded,graph_chain,1,0,31,2833,0,0,0,0,1
pure_machine_events_preseeded,graph_chain,1,0,32,2944,0,0,0,0,1
pure_machine_events_preseeded,graph_chain,1,0,33,2907,0,0,0,0,1
pure_machine_events_preseeded,graph_chain,1,0,34,2870,0,0,0,0,1
pure_machine_events_preseeded,graph_chain,1,0,35,2889,0,0,0,0,1
pure_machine_events_preseeded,graph_chain,1,0,36,2870,0,0,0,0,1
pure_machine_events_preseeded,graph_chain,1,0,37,2944,0,0,0,0,1
pure_machine_events_preseeded,graph_chain,1,0,38,2852,0,0,0,0,1
pure_machine_events_preseeded,graph_chain,1,0,39,2852,0,0,0,0,1
fixture_generation,graph_wide,1,0,0,426,0,0,0,0,5
fixture_generation,graph_wide,1,0,1,334,0,0,0,0,5
fixture_generation,graph_wide,1,0,2,334,0,0,0,0,5
fixture_generation,graph_wide,1,0,3,315,0,0,0,0,5
fixture_generation,graph_wide,1,0,4,407,0,0,0,0,5
fixture_generation,graph_wide,1,0,5,444,0,0,0,0,5
fixture_generation,graph_wide,1,0,6,518,0,0,0,0,5
fixture_generation,graph_wide,1,0,7,352,0,0,0,0,5
fixture_generation,graph_wide,1,0,8,352,0,0,0,0,5
fixture_generation,graph_wide,1,0,9,352,0,0,0,0,5
fixture_generation,graph_wide,1,0,10,351,0,0,0,0,5
fixture_generation,graph_wide,1,0,11,370,0,0,0,0,5
fixture_generation,graph_wide,1,0,12,352,0,0,0,0,5
fixture_generation,graph_wide,1,0,13,426,0,0,0,0,5
fixture_generation,graph_wide,1,0,14,518,0,0,0,0,5
fixture_generation,graph_wide,1,0,15,351,0,0,0,0,5
fixture_generation,graph_wide,1,0,16,352,0,0,0,0,5
fixture_generation,graph_wide,1,0,17,352,0,0,0,0,5
fixture_generation,graph_wide,1,0,18,352,0,0,0,0,5
fixture_generation,graph_wide,1,0,19,352,0,0,0,0,5
plan_build,graph_wide,1,0,0,8371,0,0,0,0,10
plan_build,graph_wide,1,0,1,4481,0,0,0,0,10
plan_build,graph_wide,1,0,2,4259,0,0,0,0,10
plan_build,graph_wide,1,0,3,4111,0,0,0,0,10
plan_build,graph_wide,1,0,4,4092,0,0,0,0,10
plan_build,graph_wide,1,0,5,4055,0,0,0,0,10
plan_build,graph_wide,1,0,6,4037,0,0,0,0,10
plan_build,graph_wide,1,0,7,4055,0,0,0,0,10
plan_build,graph_wide,1,0,8,4093,0,0,0,0,10
plan_build,graph_wide,1,0,9,4000,0,0,0,0,10
plan_build,graph_wide,1,0,10,4074,0,0,0,0,10
plan_build,graph_wide,1,0,11,4074,0,0,0,0,10
plan_build,graph_wide,1,0,12,4037,0,0,0,0,10
plan_build,graph_wide,1,0,13,4037,0,0,0,0,10
plan_build,graph_wide,1,0,14,4074,0,0,0,0,10
plan_build,graph_wide,1,0,15,4056,0,0,0,0,10
plan_build,graph_wide,1,0,16,4019,0,0,0,0,10
plan_build,graph_wide,1,0,17,4018,0,0,0,0,10
plan_build,graph_wide,1,0,18,4037,0,0,0,0,10
plan_build,graph_wide,1,0,19,4056,0,0,0,0,10
plan_build_alloc,graph_wide,1,0,0,0,36,6760,0,0,10
plan_declaration,graph_wide,1,0,0,2555,0,0,0,0,1
plan_validation_freeze,graph_wide,1,0,0,2759,0,0,0,0,10
plan_declaration,graph_wide,1,0,1,2093,0,0,0,0,1
plan_validation_freeze,graph_wide,1,0,1,2870,0,0,0,0,10
plan_declaration,graph_wide,1,0,2,2018,0,0,0,0,1
plan_validation_freeze,graph_wide,1,0,2,2852,0,0,0,0,10
plan_declaration,graph_wide,1,0,3,1944,0,0,0,0,1
plan_validation_freeze,graph_wide,1,0,3,2908,0,0,0,0,10
plan_declaration,graph_wide,1,0,4,1944,0,0,0,0,1
plan_validation_freeze,graph_wide,1,0,4,2888,0,0,0,0,10
plan_declaration,graph_wide,1,0,5,1907,0,0,0,0,1
plan_validation_freeze,graph_wide,1,0,5,2852,0,0,0,0,10
plan_declaration,graph_wide,1,0,6,1870,0,0,0,0,1
plan_validation_freeze,graph_wide,1,0,6,2907,0,0,0,0,10
plan_declaration,graph_wide,1,0,7,1851,0,0,0,0,1
plan_validation_freeze,graph_wide,1,0,7,2815,0,0,0,0,10
plan_declaration,graph_wide,1,0,8,2000,0,0,0,0,1
plan_validation_freeze,graph_wide,1,0,8,2796,0,0,0,0,10
plan_declaration,graph_wide,1,0,9,1907,0,0,0,0,1
plan_validation_freeze,graph_wide,1,0,9,2815,0,0,0,0,10
plan_declaration,graph_wide,1,0,10,1908,0,0,0,0,1
plan_validation_freeze,graph_wide,1,0,10,2833,0,0,0,0,10
plan_declaration,graph_wide,1,0,11,1889,0,0,0,0,1
plan_validation_freeze,graph_wide,1,0,11,2833,0,0,0,0,10
plan_declaration,graph_wide,1,0,12,1963,0,0,0,0,1
plan_validation_freeze,graph_wide,1,0,12,2833,0,0,0,0,10
plan_declaration,graph_wide,1,0,13,2037,0,0,0,0,1
plan_validation_freeze,graph_wide,1,0,13,2815,0,0,0,0,10
plan_declaration,graph_wide,1,0,14,1870,0,0,0,0,1
plan_validation_freeze,graph_wide,1,0,14,2797,0,0,0,0,10
plan_declaration,graph_wide,1,0,15,1871,0,0,0,0,1
plan_validation_freeze,graph_wide,1,0,15,2834,0,0,0,0,10
plan_declaration,graph_wide,1,0,16,2111,0,0,0,0,1
plan_validation_freeze,graph_wide,1,0,16,2741,0,0,0,0,10
plan_declaration,graph_wide,1,0,17,1908,0,0,0,0,1
plan_validation_freeze,graph_wide,1,0,17,2852,0,0,0,0,10
plan_declaration,graph_wide,1,0,18,1945,0,0,0,0,1
plan_validation_freeze,graph_wide,1,0,18,2778,0,0,0,0,10
plan_declaration,graph_wide,1,0,19,1963,0,0,0,0,1
plan_validation_freeze,graph_wide,1,0,19,2796,0,0,0,0,10
plan_declaration_alloc,graph_wide,1,0,0,0,16,2177,0,0,1
plan_validation_freeze_alloc,graph_wide,1,0,0,0,20,4583,0,0,10
engine_execution,graph_wide,1,0,0,17629,0,0,0,0,1
engine_execution,graph_wide,1,0,1,17852,0,0,0,0,0
engine_execution,graph_wide,1,0,2,17852,0,0,0,0,3
engine_execution,graph_wide,1,0,3,18074,0,0,0,0,2
engine_execution,graph_wide,1,0,4,17833,0,0,0,0,5
engine_execution,graph_wide,1,0,5,18019,0,0,0,0,4
engine_execution,graph_wide,1,0,6,18852,0,0,0,0,7
engine_execution,graph_wide,1,0,7,18592,0,0,0,0,6
engine_execution,graph_wide,1,0,8,17944,0,0,0,0,9
engine_execution,graph_wide,1,0,9,18037,0,0,0,0,8
engine_execution,graph_wide,1,0,10,18167,0,0,0,0,11
engine_execution,graph_wide,1,0,11,18167,0,0,0,0,10
engine_execution,graph_wide,1,0,12,17667,0,0,0,0,13
engine_execution,graph_wide,1,0,13,17685,0,0,0,0,12
engine_execution,graph_wide,1,0,14,17981,0,0,0,0,15
engine_execution,graph_wide,1,0,15,17834,0,0,0,0,14
engine_execution,graph_wide,1,0,16,17555,0,0,0,0,17
engine_execution,graph_wide,1,0,17,17500,0,0,0,0,16
engine_execution,graph_wide,1,0,18,17741,0,0,0,0,19
engine_execution,graph_wide,1,0,19,18426,0,0,0,0,18
engine_execution,graph_wide,1,0,20,18741,0,0,0,0,21
engine_execution,graph_wide,1,0,21,18666,0,0,0,0,20
engine_execution,graph_wide,1,0,22,18445,0,0,0,0,23
engine_execution,graph_wide,1,0,23,18074,0,0,0,0,22
engine_execution,graph_wide,1,0,24,17500,0,0,0,0,25
engine_execution,graph_wide,1,0,25,17908,0,0,0,0,24
engine_execution,graph_wide,1,0,26,18056,0,0,0,0,27
engine_execution,graph_wide,1,0,27,17815,0,0,0,0,26
engine_execution,graph_wide,1,0,28,17537,0,0,0,0,29
engine_execution,graph_wide,1,0,29,17537,0,0,0,0,28
engine_execution,graph_wide,1,0,30,18037,0,0,0,0,31
engine_execution,graph_wide,1,0,31,17611,0,0,0,0,30
engine_execution,graph_wide,1,0,32,18111,0,0,0,0,33
engine_execution,graph_wide,1,0,33,17889,0,0,0,0,32
engine_execution,graph_wide,1,0,34,18352,0,0,0,0,35
engine_execution,graph_wide,1,0,35,17871,0,0,0,0,34
engine_execution,graph_wide,1,0,36,17648,0,0,0,0,37
engine_execution,graph_wide,1,0,37,17796,0,0,0,0,36
engine_execution,graph_wide,1,0,38,17889,0,0,0,0,39
engine_execution,graph_wide,1,0,39,17889,0,0,0,0,38
engine_execution_alloc,graph_wide,1,0,0,0,102,11795,0,0,23131
machine_state_setup,graph_wide,1,0,0,834,0,0,0,0,1
body_state_setup,graph_wide,1,0,0,629,0,0,0,0,0
machine_state_setup,graph_wide,1,0,1,629,0,0,0,0,1
body_state_setup,graph_wide,1,0,1,592,0,0,0,0,0
machine_state_setup,graph_wide,1,0,2,630,0,0,0,0,1
body_state_setup,graph_wide,1,0,2,815,0,0,0,0,0
machine_state_setup,graph_wide,1,0,3,574,0,0,0,0,1
body_state_setup,graph_wide,1,0,3,537,0,0,0,0,0
machine_state_setup,graph_wide,1,0,4,556,0,0,0,0,1
body_state_setup,graph_wide,1,0,4,630,0,0,0,0,0
machine_state_setup,graph_wide,1,0,5,574,0,0,0,0,1
body_state_setup,graph_wide,1,0,5,574,0,0,0,0,0
machine_state_setup,graph_wide,1,0,6,556,0,0,0,0,1
body_state_setup,graph_wide,1,0,6,611,0,0,0,0,0
machine_state_setup,graph_wide,1,0,7,592,0,0,0,0,1
body_state_setup,graph_wide,1,0,7,963,0,0,0,0,0
machine_state_setup,graph_wide,1,0,8,556,0,0,0,0,1
body_state_setup,graph_wide,1,0,8,630,0,0,0,0,0
machine_state_setup,graph_wide,1,0,9,537,0,0,0,0,1
body_state_setup,graph_wide,1,0,9,649,0,0,0,0,0
machine_state_setup,graph_wide,1,0,10,556,0,0,0,0,1
body_state_setup,graph_wide,1,0,10,760,0,0,0,0,0
machine_state_setup,graph_wide,1,0,11,556,0,0,0,0,1
body_state_setup,graph_wide,1,0,11,611,0,0,0,0,0
machine_state_setup,graph_wide,1,0,12,612,0,0,0,0,1
body_state_setup,graph_wide,1,0,12,556,0,0,0,0,0
machine_state_setup,graph_wide,1,0,13,555,0,0,0,0,1
body_state_setup,graph_wide,1,0,13,593,0,0,0,0,0
machine_state_setup,graph_wide,1,0,14,556,0,0,0,0,1
body_state_setup,graph_wide,1,0,14,778,0,0,0,0,0
machine_state_setup,graph_wide,1,0,15,629,0,0,0,0,1
body_state_setup,graph_wide,1,0,15,593,0,0,0,0,0
machine_state_setup,graph_wide,1,0,16,537,0,0,0,0,1
body_state_setup,graph_wide,1,0,16,611,0,0,0,0,0
machine_state_setup,graph_wide,1,0,17,592,0,0,0,0,1
body_state_setup,graph_wide,1,0,17,592,0,0,0,0,0
machine_state_setup,graph_wide,1,0,18,593,0,0,0,0,1
body_state_setup,graph_wide,1,0,18,574,0,0,0,0,0
machine_state_setup,graph_wide,1,0,19,592,0,0,0,0,1
body_state_setup,graph_wide,1,0,19,574,0,0,0,0,0
machine_state_setup,graph_wide,1,0,20,574,0,0,0,0,1
body_state_setup,graph_wide,1,0,20,686,0,0,0,0,0
machine_state_setup,graph_wide,1,0,21,593,0,0,0,0,1
body_state_setup,graph_wide,1,0,21,667,0,0,0,0,0
machine_state_setup,graph_wide,1,0,22,574,0,0,0,0,1
body_state_setup,graph_wide,1,0,22,574,0,0,0,0,0
machine_state_setup,graph_wide,1,0,23,649,0,0,0,0,1
body_state_setup,graph_wide,1,0,23,555,0,0,0,0,0
machine_state_setup,graph_wide,1,0,24,593,0,0,0,0,1
body_state_setup,graph_wide,1,0,24,555,0,0,0,0,0
machine_state_setup,graph_wide,1,0,25,574,0,0,0,0,1
body_state_setup,graph_wide,1,0,25,574,0,0,0,0,0
machine_state_setup,graph_wide,1,0,26,555,0,0,0,0,1
body_state_setup,graph_wide,1,0,26,537,0,0,0,0,0
machine_state_setup,graph_wide,1,0,27,537,0,0,0,0,1
body_state_setup,graph_wide,1,0,27,629,0,0,0,0,0
machine_state_setup,graph_wide,1,0,28,537,0,0,0,0,1
body_state_setup,graph_wide,1,0,28,686,0,0,0,0,0
machine_state_setup,graph_wide,1,0,29,648,0,0,0,0,1
body_state_setup,graph_wide,1,0,29,556,0,0,0,0,0
machine_state_setup,graph_wide,1,0,30,555,0,0,0,0,1
body_state_setup,graph_wide,1,0,30,574,0,0,0,0,0
machine_state_setup,graph_wide,1,0,31,593,0,0,0,0,1
body_state_setup,graph_wide,1,0,31,574,0,0,0,0,0
machine_state_setup,graph_wide,1,0,32,556,0,0,0,0,1
body_state_setup,graph_wide,1,0,32,630,0,0,0,0,0
machine_state_setup,graph_wide,1,0,33,537,0,0,0,0,1
body_state_setup,graph_wide,1,0,33,574,0,0,0,0,0
machine_state_setup,graph_wide,1,0,34,592,0,0,0,0,1
body_state_setup,graph_wide,1,0,34,574,0,0,0,0,0
machine_state_setup,graph_wide,1,0,35,593,0,0,0,0,1
body_state_setup,graph_wide,1,0,35,963,0,0,0,0,0
machine_state_setup,graph_wide,1,0,36,574,0,0,0,0,1
body_state_setup,graph_wide,1,0,36,666,0,0,0,0,0
machine_state_setup,graph_wide,1,0,37,630,0,0,0,0,1
body_state_setup,graph_wide,1,0,37,574,0,0,0,0,0
machine_state_setup,graph_wide,1,0,38,555,0,0,0,0,1
body_state_setup,graph_wide,1,0,38,556,0,0,0,0,0
machine_state_setup,graph_wide,1,0,39,537,0,0,0,0,1
body_state_setup,graph_wide,1,0,39,611,0,0,0,0,0
fixture_generation,graph_sparse,1,0,0,407,0,0,0,0,5
fixture_generation,graph_sparse,1,0,1,351,0,0,0,0,5
fixture_generation,graph_sparse,1,0,2,333,0,0,0,0,5
fixture_generation,graph_sparse,1,0,3,352,0,0,0,0,5
fixture_generation,graph_sparse,1,0,4,408,0,0,0,0,5
fixture_generation,graph_sparse,1,0,5,593,0,0,0,0,5
fixture_generation,graph_sparse,1,0,6,370,0,0,0,0,5
fixture_generation,graph_sparse,1,0,7,352,0,0,0,0,5
fixture_generation,graph_sparse,1,0,8,408,0,0,0,0,5
fixture_generation,graph_sparse,1,0,9,519,0,0,0,0,5
fixture_generation,graph_sparse,1,0,10,352,0,0,0,0,5
fixture_generation,graph_sparse,1,0,11,351,0,0,0,0,5
fixture_generation,graph_sparse,1,0,12,370,0,0,0,0,5
fixture_generation,graph_sparse,1,0,13,352,0,0,0,0,5
fixture_generation,graph_sparse,1,0,14,352,0,0,0,0,5
fixture_generation,graph_sparse,1,0,15,352,0,0,0,0,5
fixture_generation,graph_sparse,1,0,16,352,0,0,0,0,5
fixture_generation,graph_sparse,1,0,17,407,0,0,0,0,5
fixture_generation,graph_sparse,1,0,18,555,0,0,0,0,5
fixture_generation,graph_sparse,1,0,19,352,0,0,0,0,5
plan_build,graph_sparse,1,0,0,6944,0,0,0,0,12
plan_build,graph_sparse,1,0,1,4370,0,0,0,0,12
plan_build,graph_sparse,1,0,2,4259,0,0,0,0,12
plan_build,graph_sparse,1,0,3,4093,0,0,0,0,12
plan_build,graph_sparse,1,0,4,4111,0,0,0,0,12
plan_build,graph_sparse,1,0,5,4537,0,0,0,0,12
plan_build,graph_sparse,1,0,6,4130,0,0,0,0,12
plan_build,graph_sparse,1,0,7,4074,0,0,0,0,12
plan_build,graph_sparse,1,0,8,4056,0,0,0,0,12
plan_build,graph_sparse,1,0,9,4074,0,0,0,0,12
plan_build,graph_sparse,1,0,10,4130,0,0,0,0,12
plan_build,graph_sparse,1,0,11,4056,0,0,0,0,12
plan_build,graph_sparse,1,0,12,4074,0,0,0,0,12
plan_build,graph_sparse,1,0,13,4019,0,0,0,0,12
plan_build,graph_sparse,1,0,14,4055,0,0,0,0,12
plan_build,graph_sparse,1,0,15,4204,0,0,0,0,12
plan_build,graph_sparse,1,0,16,4130,0,0,0,0,12
plan_build,graph_sparse,1,0,17,4111,0,0,0,0,12
plan_build,graph_sparse,1,0,18,4075,0,0,0,0,12
plan_build,graph_sparse,1,0,19,4148,0,0,0,0,12
plan_build_alloc,graph_sparse,1,0,0,0,36,6764,0,0,12
plan_declaration,graph_sparse,1,0,0,2871,0,0,0,0,1
plan_validation_freeze,graph_sparse,1,0,0,2963,0,0,0,0,12
plan_declaration,graph_sparse,1,0,1,1982,0,0,0,0,1
plan_validation_freeze,graph_sparse,1,0,1,2815,0,0,0,0,12
plan_declaration,graph_sparse,1,0,2,1852,0,0,0,0,1
plan_validation_freeze,graph_sparse,1,0,2,2778,0,0,0,0,12
plan_declaration,graph_sparse,1,0,3,1852,0,0,0,0,1
plan_validation_freeze,graph_sparse,1,0,3,2759,0,0,0,0,12
plan_declaration,graph_sparse,1,0,4,1926,0,0,0,0,1
plan_validation_freeze,graph_sparse,1,0,4,2852,0,0,0,0,12
plan_declaration,graph_sparse,1,0,5,1871,0,0,0,0,1
plan_validation_freeze,graph_sparse,1,0,5,2741,0,0,0,0,12
plan_declaration,graph_sparse,1,0,6,1907,0,0,0,0,1
plan_validation_freeze,graph_sparse,1,0,6,2834,0,0,0,0,12
plan_declaration,graph_sparse,1,0,7,1852,0,0,0,0,1
plan_validation_freeze,graph_sparse,1,0,7,2796,0,0,0,0,12
plan_declaration,graph_sparse,1,0,8,1833,0,0,0,0,1
plan_validation_freeze,graph_sparse,1,0,8,2815,0,0,0,0,12
plan_declaration,graph_sparse,1,0,9,1926,0,0,0,0,1
plan_validation_freeze,graph_sparse,1,0,9,2796,0,0,0,0,12
plan_declaration,graph_sparse,1,0,10,1908,0,0,0,0,1
plan_validation_freeze,graph_sparse,1,0,10,2778,0,0,0,0,12
plan_declaration,graph_sparse,1,0,11,1963,0,0,0,0,1
plan_validation_freeze,graph_sparse,1,0,11,2981,0,0,0,0,12
plan_declaration,graph_sparse,1,0,12,1871,0,0,0,0,1
plan_validation_freeze,graph_sparse,1,0,12,2797,0,0,0,0,12
plan_declaration,graph_sparse,1,0,13,1852,0,0,0,0,1
plan_validation_freeze,graph_sparse,1,0,13,2760,0,0,0,0,12
plan_declaration,graph_sparse,1,0,14,1908,0,0,0,0,1
plan_validation_freeze,graph_sparse,1,0,14,2759,0,0,0,0,12
plan_declaration,graph_sparse,1,0,15,1852,0,0,0,0,1
plan_validation_freeze,graph_sparse,1,0,15,2778,0,0,0,0,12
plan_declaration,graph_sparse,1,0,16,1908,0,0,0,0,1
plan_validation_freeze,graph_sparse,1,0,16,2926,0,0,0,0,12
plan_declaration,graph_sparse,1,0,17,1871,0,0,0,0,1
plan_validation_freeze,graph_sparse,1,0,17,2778,0,0,0,0,12
plan_declaration,graph_sparse,1,0,18,1908,0,0,0,0,1
plan_validation_freeze,graph_sparse,1,0,18,2852,0,0,0,0,12
plan_declaration,graph_sparse,1,0,19,1851,0,0,0,0,1
plan_validation_freeze,graph_sparse,1,0,19,2778,0,0,0,0,12
plan_declaration_alloc,graph_sparse,1,0,0,0,16,2179,0,0,1
plan_validation_freeze_alloc,graph_sparse,1,0,0,0,20,4585,0,0,12
engine_execution,graph_sparse,1,0,0,17759,0,0,0,0,1
engine_execution,graph_sparse,1,0,1,17834,0,0,0,0,0
engine_execution,graph_sparse,1,0,2,18018,0,0,0,0,3
engine_execution,graph_sparse,1,0,3,17982,0,0,0,0,2
engine_execution,graph_sparse,1,0,4,17815,0,0,0,0,5
engine_execution,graph_sparse,1,0,5,17926,0,0,0,0,4
engine_execution,graph_sparse,1,0,6,18278,0,0,0,0,7
engine_execution,graph_sparse,1,0,7,18204,0,0,0,0,6
engine_execution,graph_sparse,1,0,8,17871,0,0,0,0,9
engine_execution,graph_sparse,1,0,9,17981,0,0,0,0,8
engine_execution,graph_sparse,1,0,10,18481,0,0,0,0,11
engine_execution,graph_sparse,1,0,11,18185,0,0,0,0,10
engine_execution,graph_sparse,1,0,12,17796,0,0,0,0,13
engine_execution,graph_sparse,1,0,13,17908,0,0,0,0,12
engine_execution,graph_sparse,1,0,14,17870,0,0,0,0,15
engine_execution,graph_sparse,1,0,15,18185,0,0,0,0,14
engine_execution,graph_sparse,1,0,16,18093,0,0,0,0,17
engine_execution,graph_sparse,1,0,17,17852,0,0,0,0,16
engine_execution,graph_sparse,1,0,18,17981,0,0,0,0,19
engine_execution,graph_sparse,1,0,19,17704,0,0,0,0,18
engine_execution,graph_sparse,1,0,20,17723,0,0,0,0,21
engine_execution,graph_sparse,1,0,21,17611,0,0,0,0,20
engine_execution,graph_sparse,1,0,22,17870,0,0,0,0,23
engine_execution,graph_sparse,1,0,23,18204,0,0,0,0,22
engine_execution,graph_sparse,1,0,24,18445,0,0,0,0,25
engine_execution,graph_sparse,1,0,25,17963,0,0,0,0,24
engine_execution,graph_sparse,1,0,26,17833,0,0,0,0,27
engine_execution,graph_sparse,1,0,27,17556,0,0,0,0,26
engine_execution,graph_sparse,1,0,28,17982,0,0,0,0,29
engine_execution,graph_sparse,1,0,29,17778,0,0,0,0,28
engine_execution,graph_sparse,1,0,30,17907,0,0,0,0,31
engine_execution,graph_sparse,1,0,31,17704,0,0,0,0,30
engine_execution,graph_sparse,1,0,32,17666,0,0,0,0,33
engine_execution,graph_sparse,1,0,33,17537,0,0,0,0,32
engine_execution,graph_sparse,1,0,34,17982,0,0,0,0,35
engine_execution,graph_sparse,1,0,35,18444,0,0,0,0,34
engine_execution,graph_sparse,1,0,36,18203,0,0,0,0,37
engine_execution,graph_sparse,1,0,37,17963,0,0,0,0,36
engine_execution,graph_sparse,1,0,38,17741,0,0,0,0,39
engine_execution,graph_sparse,1,0,39,17944,0,0,0,0,38
engine_execution_alloc,graph_sparse,1,0,0,0,102,11797,0,0,23131
machine_state_setup,graph_sparse,1,0,0,815,0,0,0,0,1
body_state_setup,graph_sparse,1,0,0,593,0,0,0,0,0
machine_state_setup,graph_sparse,1,0,1,611,0,0,0,0,1
body_state_setup,graph_sparse,1,0,1,537,0,0,0,0,0
machine_state_setup,graph_sparse,1,0,2,593,0,0,0,0,1
body_state_setup,graph_sparse,1,0,2,760,0,0,0,0,0
machine_state_setup,graph_sparse,1,0,3,556,0,0,0,0,1
body_state_setup,graph_sparse,1,0,3,555,0,0,0,0,0
machine_state_setup,graph_sparse,1,0,4,537,0,0,0,0,1
body_state_setup,graph_sparse,1,0,4,703,0,0,0,0,0
machine_state_setup,graph_sparse,1,0,5,537,0,0,0,0,1
body_state_setup,graph_sparse,1,0,5,519,0,0,0,0,0
machine_state_setup,graph_sparse,1,0,6,518,0,0,0,0,1
body_state_setup,graph_sparse,1,0,6,556,0,0,0,0,0
machine_state_setup,graph_sparse,1,0,7,519,0,0,0,0,1
body_state_setup,graph_sparse,1,0,7,556,0,0,0,0,0
machine_state_setup,graph_sparse,1,0,8,537,0,0,0,0,1
body_state_setup,graph_sparse,1,0,8,907,0,0,0,0,0
machine_state_setup,graph_sparse,1,0,9,537,0,0,0,0,1
body_state_setup,graph_sparse,1,0,9,666,0,0,0,0,0
machine_state_setup,graph_sparse,1,0,10,537,0,0,0,0,1
body_state_setup,graph_sparse,1,0,10,648,0,0,0,0,0
machine_state_setup,graph_sparse,1,0,11,537,0,0,0,0,1
body_state_setup,graph_sparse,1,0,11,685,0,0,0,0,0
machine_state_setup,graph_sparse,1,0,12,703,0,0,0,0,1
body_state_setup,graph_sparse,1,0,12,593,0,0,0,0,0
machine_state_setup,graph_sparse,1,0,13,555,0,0,0,0,1
body_state_setup,graph_sparse,1,0,13,611,0,0,0,0,0
machine_state_setup,graph_sparse,1,0,14,574,0,0,0,0,1
body_state_setup,graph_sparse,1,0,14,648,0,0,0,0,0
machine_state_setup,graph_sparse,1,0,15,574,0,0,0,0,1
body_state_setup,graph_sparse,1,0,15,555,0,0,0,0,0
machine_state_setup,graph_sparse,1,0,16,555,0,0,0,0,1
body_state_setup,graph_sparse,1,0,16,630,0,0,0,0,0
machine_state_setup,graph_sparse,1,0,17,574,0,0,0,0,1
body_state_setup,graph_sparse,1,0,17,667,0,0,0,0,0
machine_state_setup,graph_sparse,1,0,18,555,0,0,0,0,1
body_state_setup,graph_sparse,1,0,18,574,0,0,0,0,0
machine_state_setup,graph_sparse,1,0,19,611,0,0,0,0,1
body_state_setup,graph_sparse,1,0,19,574,0,0,0,0,0
machine_state_setup,graph_sparse,1,0,20,556,0,0,0,0,1
body_state_setup,graph_sparse,1,0,20,612,0,0,0,0,0
machine_state_setup,graph_sparse,1,0,21,537,0,0,0,0,1
body_state_setup,graph_sparse,1,0,21,666,0,0,0,0,0
machine_state_setup,graph_sparse,1,0,22,537,0,0,0,0,1
body_state_setup,graph_sparse,1,0,22,556,0,0,0,0,0
machine_state_setup,graph_sparse,1,0,23,537,0,0,0,0,1
body_state_setup,graph_sparse,1,0,23,555,0,0,0,0,0
machine_state_setup,graph_sparse,1,0,24,574,0,0,0,0,1
body_state_setup,graph_sparse,1,0,24,611,0,0,0,0,0
machine_state_setup,graph_sparse,1,0,25,556,0,0,0,0,1
body_state_setup,graph_sparse,1,0,25,703,0,0,0,0,0
machine_state_setup,graph_sparse,1,0,26,666,0,0,0,0,1
body_state_setup,graph_sparse,1,0,26,592,0,0,0,0,0
machine_state_setup,graph_sparse,1,0,27,556,0,0,0,0,1
body_state_setup,graph_sparse,1,0,27,556,0,0,0,0,0
machine_state_setup,graph_sparse,1,0,28,537,0,0,0,0,1
body_state_setup,graph_sparse,1,0,28,612,0,0,0,0,0
machine_state_setup,graph_sparse,1,0,29,574,0,0,0,0,1
body_state_setup,graph_sparse,1,0,29,630,0,0,0,0,0
machine_state_setup,graph_sparse,1,0,30,537,0,0,0,0,1
body_state_setup,graph_sparse,1,0,30,555,0,0,0,0,0
machine_state_setup,graph_sparse,1,0,31,537,0,0,0,0,1
body_state_setup,graph_sparse,1,0,31,556,0,0,0,0,0
machine_state_setup,graph_sparse,1,0,32,518,0,0,0,0,1
body_state_setup,graph_sparse,1,0,32,556,0,0,0,0,0
machine_state_setup,graph_sparse,1,0,33,574,0,0,0,0,1
body_state_setup,graph_sparse,1,0,33,667,0,0,0,0,0
machine_state_setup,graph_sparse,1,0,34,759,0,0,0,0,1
body_state_setup,graph_sparse,1,0,34,593,0,0,0,0,0
machine_state_setup,graph_sparse,1,0,35,537,0,0,0,0,1
body_state_setup,graph_sparse,1,0,35,556,0,0,0,0,0
machine_state_setup,graph_sparse,1,0,36,537,0,0,0,0,1
body_state_setup,graph_sparse,1,0,36,556,0,0,0,0,0
machine_state_setup,graph_sparse,1,0,37,537,0,0,0,0,1
body_state_setup,graph_sparse,1,0,37,556,0,0,0,0,0
machine_state_setup,graph_sparse,1,0,38,537,0,0,0,0,1
body_state_setup,graph_sparse,1,0,38,556,0,0,0,0,0
machine_state_setup,graph_sparse,1,0,39,537,0,0,0,0,1
body_state_setup,graph_sparse,1,0,39,704,0,0,0,0,0
fixture_generation,graph_chain,10,9,0,2259,0,0,0,0,50
fixture_generation,graph_chain,10,9,1,2296,0,0,0,0,50
fixture_generation,graph_chain,10,9,2,2093,0,0,0,0,50
fixture_generation,graph_chain,10,9,3,2111,0,0,0,0,50
fixture_generation,graph_chain,10,9,4,2055,0,0,0,0,50
fixture_generation,graph_chain,10,9,5,2092,0,0,0,0,50
fixture_generation,graph_chain,10,9,6,2166,0,0,0,0,50
fixture_generation,graph_chain,10,9,7,2074,0,0,0,0,50
fixture_generation,graph_chain,10,9,8,2092,0,0,0,0,50
fixture_generation,graph_chain,10,9,9,2055,0,0,0,0,50
fixture_generation,graph_chain,10,9,10,2056,0,0,0,0,50
fixture_generation,graph_chain,10,9,11,2148,0,0,0,0,50
fixture_generation,graph_chain,10,9,12,2315,0,0,0,0,50
fixture_generation,graph_chain,10,9,13,2092,0,0,0,0,50
fixture_generation,graph_chain,10,9,14,2074,0,0,0,0,50
fixture_generation,graph_chain,10,9,15,2055,0,0,0,0,50
fixture_generation,graph_chain,10,9,16,2074,0,0,0,0,50
fixture_generation,graph_chain,10,9,17,2055,0,0,0,0,50
fixture_generation,graph_chain,10,9,18,2055,0,0,0,0,50
fixture_generation,graph_chain,10,9,19,2074,0,0,0,0,50
plan_build,graph_chain,10,9,0,28519,0,0,0,0,11
plan_build,graph_chain,10,9,1,24778,0,0,0,0,11
plan_build,graph_chain,10,9,2,23630,0,0,0,0,11
plan_build,graph_chain,10,9,3,23501,0,0,0,0,11
plan_build,graph_chain,10,9,4,22556,0,0,0,0,11
plan_build,graph_chain,10,9,5,22370,0,0,0,0,11
plan_build,graph_chain,10,9,6,22000,0,0,0,0,11
plan_build,graph_chain,10,9,7,22056,0,0,0,0,11
plan_build,graph_chain,10,9,8,21741,0,0,0,0,11
plan_build,graph_chain,10,9,9,21667,0,0,0,0,11
plan_build,graph_chain,10,9,10,21592,0,0,0,0,11
plan_build,graph_chain,10,9,11,21704,0,0,0,0,11
plan_build,graph_chain,10,9,12,21593,0,0,0,0,11
plan_build,graph_chain,10,9,13,21444,0,0,0,0,11
plan_build,graph_chain,10,9,14,20870,0,0,0,0,11
plan_build,graph_chain,10,9,15,21703,0,0,0,0,11
plan_build,graph_chain,10,9,16,21538,0,0,0,0,11
plan_build,graph_chain,10,9,17,21408,0,0,0,0,11
plan_build,graph_chain,10,9,18,21334,0,0,0,0,11
plan_build,graph_chain,10,9,19,21519,0,0,0,0,11
plan_build_alloc,graph_chain,10,9,0,0,162,35553,0,0,11
plan_declaration,graph_chain,10,9,0,11278,0,0,0,0,10
plan_validation_freeze,graph_chain,10,9,0,13926,0,0,0,0,11
plan_declaration,graph_chain,10,9,1,10519,0,0,0,0,10
plan_validation_freeze,graph_chain,10,9,1,13315,0,0,0,0,11
plan_declaration,graph_chain,10,9,2,10445,0,0,0,0,10
plan_validation_freeze,graph_chain,10,9,2,13538,0,0,0,0,11
plan_declaration,graph_chain,10,9,3,10371,0,0,0,0,10
plan_validation_freeze,graph_chain,10,9,3,13630,0,0,0,0,11
plan_declaration,graph_chain,10,9,4,10278,0,0,0,0,10
plan_validation_freeze,graph_chain,10,9,4,13537,0,0,0,0,11
plan_declaration,graph_chain,10,9,5,10278,0,0,0,0,10
plan_validation_freeze,graph_chain,10,9,5,13334,0,0,0,0,11
plan_declaration,graph_chain,10,9,6,10186,0,0,0,0,10
plan_validation_freeze,graph_chain,10,9,6,13241,0,0,0,0,11
plan_declaration,graph_chain,10,9,7,10130,0,0,0,0,10
plan_validation_freeze,graph_chain,10,9,7,13148,0,0,0,0,11
plan_declaration,graph_chain,10,9,8,10185,0,0,0,0,10
plan_validation_freeze,graph_chain,10,9,8,13241,0,0,0,0,11
plan_declaration,graph_chain,10,9,9,10037,0,0,0,0,10
plan_validation_freeze,graph_chain,10,9,9,13019,0,0,0,0,11
plan_declaration,graph_chain,10,9,10,10241,0,0,0,0,10
plan_validation_freeze,graph_chain,10,9,10,13334,0,0,0,0,11
plan_declaration,graph_chain,10,9,11,10000,0,0,0,0,10
plan_validation_freeze,graph_chain,10,9,11,13352,0,0,0,0,11
plan_declaration,graph_chain,10,9,12,10055,0,0,0,0,10
plan_validation_freeze,graph_chain,10,9,12,13074,0,0,0,0,11
plan_declaration,graph_chain,10,9,13,9963,0,0,0,0,10
plan_validation_freeze,graph_chain,10,9,13,13148,0,0,0,0,11
plan_declaration,graph_chain,10,9,14,9982,0,0,0,0,10
plan_validation_freeze,graph_chain,10,9,14,13111,0,0,0,0,11
plan_declaration,graph_chain,10,9,15,9963,0,0,0,0,10
plan_validation_freeze,graph_chain,10,9,15,13166,0,0,0,0,11
plan_declaration,graph_chain,10,9,16,10185,0,0,0,0,10
plan_validation_freeze,graph_chain,10,9,16,12982,0,0,0,0,11
plan_declaration,graph_chain,10,9,17,10445,0,0,0,0,10
plan_validation_freeze,graph_chain,10,9,17,13018,0,0,0,0,11
plan_declaration,graph_chain,10,9,18,9963,0,0,0,0,10
plan_validation_freeze,graph_chain,10,9,18,12926,0,0,0,0,11
plan_declaration,graph_chain,10,9,19,10074,0,0,0,0,10
plan_validation_freeze,graph_chain,10,9,19,13241,0,0,0,0,11
plan_declaration_alloc,graph_chain,10,9,0,0,71,14196,0,0,10
plan_validation_freeze_alloc,graph_chain,10,9,0,0,91,21357,0,0,11
engine_execution,graph_chain,10,9,0,102334,0,0,0,0,0
engine_execution,graph_chain,10,9,1,102982,0,0,0,0,1
engine_execution,graph_chain,10,9,2,102611,0,0,0,0,2
engine_execution,graph_chain,10,9,3,103186,0,0,0,0,3
engine_execution,graph_chain,10,9,4,103445,0,0,0,0,4
engine_execution,graph_chain,10,9,5,102037,0,0,0,0,5
engine_execution,graph_chain,10,9,6,103389,0,0,0,0,6
engine_execution,graph_chain,10,9,7,103371,0,0,0,0,7
engine_execution,graph_chain,10,9,8,102370,0,0,0,0,8
engine_execution,graph_chain,10,9,9,101797,0,0,0,0,9
engine_execution,graph_chain,10,9,10,103352,0,0,0,0,10
engine_execution,graph_chain,10,9,11,102556,0,0,0,0,11
engine_execution,graph_chain,10,9,12,103353,0,0,0,0,12
engine_execution,graph_chain,10,9,13,103130,0,0,0,0,13
engine_execution,graph_chain,10,9,14,103537,0,0,0,0,14
engine_execution,graph_chain,10,9,15,102501,0,0,0,0,15
engine_execution,graph_chain,10,9,16,103389,0,0,0,0,16
engine_execution,graph_chain,10,9,17,103222,0,0,0,0,17
engine_execution,graph_chain,10,9,18,101185,0,0,0,0,18
engine_execution,graph_chain,10,9,19,100778,0,0,0,0,19
engine_execution,graph_chain,10,9,20,103445,0,0,0,0,20
engine_execution,graph_chain,10,9,21,101519,0,0,0,0,21
engine_execution,graph_chain,10,9,22,101204,0,0,0,0,22
engine_execution,graph_chain,10,9,23,101871,0,0,0,0,23
engine_execution,graph_chain,10,9,24,101000,0,0,0,0,24
engine_execution,graph_chain,10,9,25,100204,0,0,0,0,25
engine_execution,graph_chain,10,9,26,102741,0,0,0,0,26
engine_execution,graph_chain,10,9,27,101167,0,0,0,0,27
engine_execution,graph_chain,10,9,28,100816,0,0,0,0,28
engine_execution,graph_chain,10,9,29,101000,0,0,0,0,29
engine_execution,graph_chain,10,9,30,100926,0,0,0,0,30
engine_execution,graph_chain,10,9,31,100167,0,0,0,0,31
engine_execution,graph_chain,10,9,32,100519,0,0,0,0,32
engine_execution,graph_chain,10,9,33,100574,0,0,0,0,33
engine_execution,graph_chain,10,9,34,100649,0,0,0,0,34
engine_execution,graph_chain,10,9,35,100611,0,0,0,0,35
engine_execution,graph_chain,10,9,36,100630,0,0,0,0,36
engine_execution,graph_chain,10,9,37,133241,0,0,0,0,37
engine_execution,graph_chain,10,9,38,101574,0,0,0,0,38
engine_execution,graph_chain,10,9,39,100130,0,0,0,0,39
engine_execution_alloc,graph_chain,10,9,0,0,575,47080,0,0,23130
machine_state_setup,graph_chain,10,9,0,7722,0,0,0,0,10
body_state_setup,graph_chain,10,9,0,778,0,0,0,0,0
machine_state_setup,graph_chain,10,9,1,3185,0,0,0,0,10
body_state_setup,graph_chain,10,9,1,555,0,0,0,0,0
machine_state_setup,graph_chain,10,9,2,2944,0,0,0,0,10
body_state_setup,graph_chain,10,9,2,556,0,0,0,0,0
machine_state_setup,graph_chain,10,9,3,2797,0,0,0,0,10
body_state_setup,graph_chain,10,9,3,611,0,0,0,0,0
machine_state_setup,graph_chain,10,9,4,2907,0,0,0,0,10
body_state_setup,graph_chain,10,9,4,518,0,0,0,0,0
machine_state_setup,graph_chain,10,9,5,2703,0,0,0,0,10
body_state_setup,graph_chain,10,9,5,574,0,0,0,0,0
machine_state_setup,graph_chain,10,9,6,2945,0,0,0,0,10
body_state_setup,graph_chain,10,9,6,556,0,0,0,0,0
machine_state_setup,graph_chain,10,9,7,2852,0,0,0,0,10
body_state_setup,graph_chain,10,9,7,537,0,0,0,0,0
machine_state_setup,graph_chain,10,9,8,2741,0,0,0,0,10
body_state_setup,graph_chain,10,9,8,574,0,0,0,0,0
machine_state_setup,graph_chain,10,9,9,2981,0,0,0,0,10
body_state_setup,graph_chain,10,9,9,518,0,0,0,0,0
machine_state_setup,graph_chain,10,9,10,2926,0,0,0,0,10
body_state_setup,graph_chain,10,9,10,1259,0,0,0,0,0
machine_state_setup,graph_chain,10,9,11,2852,0,0,0,0,10
body_state_setup,graph_chain,10,9,11,574,0,0,0,0,0
machine_state_setup,graph_chain,10,9,12,3056,0,0,0,0,10
body_state_setup,graph_chain,10,9,12,574,0,0,0,0,0
machine_state_setup,graph_chain,10,9,13,3074,0,0,0,0,10
body_state_setup,graph_chain,10,9,13,574,0,0,0,0,0
machine_state_setup,graph_chain,10,9,14,2889,0,0,0,0,10
body_state_setup,graph_chain,10,9,14,518,0,0,0,0,0
machine_state_setup,graph_chain,10,9,15,2814,0,0,0,0,10
body_state_setup,graph_chain,10,9,15,519,0,0,0,0,0
machine_state_setup,graph_chain,10,9,16,2889,0,0,0,0,10
body_state_setup,graph_chain,10,9,16,555,0,0,0,0,0
machine_state_setup,graph_chain,10,9,17,3037,0,0,0,0,10
body_state_setup,graph_chain,10,9,17,556,0,0,0,0,0
machine_state_setup,graph_chain,10,9,18,2796,0,0,0,0,10
body_state_setup,graph_chain,10,9,18,538,0,0,0,0,0
machine_state_setup,graph_chain,10,9,19,2741,0,0,0,0,10
body_state_setup,graph_chain,10,9,19,518,0,0,0,0,0
machine_state_setup,graph_chain,10,9,20,2852,0,0,0,0,10
body_state_setup,graph_chain,10,9,20,537,0,0,0,0,0
machine_state_setup,graph_chain,10,9,21,3111,0,0,0,0,10
body_state_setup,graph_chain,10,9,21,574,0,0,0,0,0
machine_state_setup,graph_chain,10,9,22,3018,0,0,0,0,10
body_state_setup,graph_chain,10,9,22,518,0,0,0,0,0
machine_state_setup,graph_chain,10,9,23,2722,0,0,0,0,10
body_state_setup,graph_chain,10,9,23,574,0,0,0,0,0
machine_state_setup,graph_chain,10,9,24,2908,0,0,0,0,10
body_state_setup,graph_chain,10,9,24,593,0,0,0,0,0
machine_state_setup,graph_chain,10,9,25,2889,0,0,0,0,10
body_state_setup,graph_chain,10,9,25,518,0,0,0,0,0
machine_state_setup,graph_chain,10,9,26,2741,0,0,0,0,10
body_state_setup,graph_chain,10,9,26,519,0,0,0,0,0
machine_state_setup,graph_chain,10,9,27,2722,0,0,0,0,10
body_state_setup,graph_chain,10,9,27,555,0,0,0,0,0
machine_state_setup,graph_chain,10,9,28,2851,0,0,0,0,10
body_state_setup,graph_chain,10,9,28,593,0,0,0,0,0
machine_state_setup,graph_chain,10,9,29,2907,0,0,0,0,10
body_state_setup,graph_chain,10,9,29,519,0,0,0,0,0
machine_state_setup,graph_chain,10,9,30,2723,0,0,0,0,10
body_state_setup,graph_chain,10,9,30,630,0,0,0,0,0
machine_state_setup,graph_chain,10,9,31,2723,0,0,0,0,10
body_state_setup,graph_chain,10,9,31,537,0,0,0,0,0
machine_state_setup,graph_chain,10,9,32,2815,0,0,0,0,10
body_state_setup,graph_chain,10,9,32,555,0,0,0,0,0
machine_state_setup,graph_chain,10,9,33,2907,0,0,0,0,10
body_state_setup,graph_chain,10,9,33,556,0,0,0,0,0
machine_state_setup,graph_chain,10,9,34,2796,0,0,0,0,10
body_state_setup,graph_chain,10,9,34,537,0,0,0,0,0
machine_state_setup,graph_chain,10,9,35,2685,0,0,0,0,10
body_state_setup,graph_chain,10,9,35,556,0,0,0,0,0
machine_state_setup,graph_chain,10,9,36,2778,0,0,0,0,10
body_state_setup,graph_chain,10,9,36,518,0,0,0,0,0
machine_state_setup,graph_chain,10,9,37,2926,0,0,0,0,10
body_state_setup,graph_chain,10,9,37,518,0,0,0,0,0
machine_state_setup,graph_chain,10,9,38,2685,0,0,0,0,10
body_state_setup,graph_chain,10,9,38,555,0,0,0,0,0
machine_state_setup,graph_chain,10,9,39,2722,0,0,0,0,10
body_state_setup,graph_chain,10,9,39,537,0,0,0,0,0
pure_machine_events_preseeded,graph_chain,10,9,0,27870,0,0,0,0,10
pure_machine_events_preseeded,graph_chain,10,9,1,23352,0,0,0,0,10
pure_machine_events_preseeded,graph_chain,10,9,2,24370,0,0,0,0,10
pure_machine_events_preseeded,graph_chain,10,9,3,24000,0,0,0,0,10
pure_machine_events_preseeded,graph_chain,10,9,4,23000,0,0,0,0,10
pure_machine_events_preseeded,graph_chain,10,9,5,23352,0,0,0,0,10
pure_machine_events_preseeded,graph_chain,10,9,6,23630,0,0,0,0,10
pure_machine_events_preseeded,graph_chain,10,9,7,23907,0,0,0,0,10
pure_machine_events_preseeded,graph_chain,10,9,8,22796,0,0,0,0,10
pure_machine_events_preseeded,graph_chain,10,9,9,23296,0,0,0,0,10
pure_machine_events_preseeded,graph_chain,10,9,10,23463,0,0,0,0,10
pure_machine_events_preseeded,graph_chain,10,9,11,23723,0,0,0,0,10
pure_machine_events_preseeded,graph_chain,10,9,12,22741,0,0,0,0,10
pure_machine_events_preseeded,graph_chain,10,9,13,23223,0,0,0,0,10
pure_machine_events_preseeded,graph_chain,10,9,14,23667,0,0,0,0,10
pure_machine_events_preseeded,graph_chain,10,9,15,23778,0,0,0,0,10
pure_machine_events_preseeded,graph_chain,10,9,16,22723,0,0,0,0,10
pure_machine_events_preseeded,graph_chain,10,9,17,23204,0,0,0,0,10
pure_machine_events_preseeded,graph_chain,10,9,18,23574,0,0,0,0,10
pure_machine_events_preseeded,graph_chain,10,9,19,23778,0,0,0,0,10
pure_machine_events_preseeded,graph_chain,10,9,20,23408,0,0,0,0,10
pure_machine_events_preseeded,graph_chain,10,9,21,23500,0,0,0,0,10
pure_machine_events_preseeded,graph_chain,10,9,22,24074,0,0,0,0,10
pure_machine_events_preseeded,graph_chain,10,9,23,23297,0,0,0,0,10
pure_machine_events_preseeded,graph_chain,10,9,24,23426,0,0,0,0,10
pure_machine_events_preseeded,graph_chain,10,9,25,24037,0,0,0,0,10
pure_machine_events_preseeded,graph_chain,10,9,26,23592,0,0,0,0,10
pure_machine_events_preseeded,graph_chain,10,9,27,24055,0,0,0,0,10
pure_machine_events_preseeded,graph_chain,10,9,28,23537,0,0,0,0,10
pure_machine_events_preseeded,graph_chain,10,9,29,23926,0,0,0,0,10
pure_machine_events_preseeded,graph_chain,10,9,30,23851,0,0,0,0,10
pure_machine_events_preseeded,graph_chain,10,9,31,24740,0,0,0,0,10
pure_machine_events_preseeded,graph_chain,10,9,32,23555,0,0,0,0,10
pure_machine_events_preseeded,graph_chain,10,9,33,23667,0,0,0,0,10
pure_machine_events_preseeded,graph_chain,10,9,34,23796,0,0,0,0,10
pure_machine_events_preseeded,graph_chain,10,9,35,24815,0,0,0,0,10
pure_machine_events_preseeded,graph_chain,10,9,36,23482,0,0,0,0,10
pure_machine_events_preseeded,graph_chain,10,9,37,23722,0,0,0,0,10
pure_machine_events_preseeded,graph_chain,10,9,38,24778,0,0,0,0,10
pure_machine_events_preseeded,graph_chain,10,9,39,23519,0,0,0,0,10
fixture_generation,graph_wide,10,9,0,2389,0,0,0,0,50
fixture_generation,graph_wide,10,9,1,2092,0,0,0,0,50
fixture_generation,graph_wide,10,9,2,2185,0,0,0,0,50
fixture_generation,graph_wide,10,9,3,2111,0,0,0,0,50
fixture_generation,graph_wide,10,9,4,2056,0,0,0,0,50
fixture_generation,graph_wide,10,9,5,2074,0,0,0,0,50
fixture_generation,graph_wide,10,9,6,2037,0,0,0,0,50
fixture_generation,graph_wide,10,9,7,2037,0,0,0,0,50
fixture_generation,graph_wide,10,9,8,2148,0,0,0,0,50
fixture_generation,graph_wide,10,9,9,2037,0,0,0,0,50
fixture_generation,graph_wide,10,9,10,2037,0,0,0,0,50
fixture_generation,graph_wide,10,9,11,2111,0,0,0,0,50
fixture_generation,graph_wide,10,9,12,2056,0,0,0,0,50
fixture_generation,graph_wide,10,9,13,2075,0,0,0,0,50
fixture_generation,graph_wide,10,9,14,2056,0,0,0,0,50
fixture_generation,graph_wide,10,9,15,2037,0,0,0,0,50
fixture_generation,graph_wide,10,9,16,2112,0,0,0,0,50
fixture_generation,graph_wide,10,9,17,2056,0,0,0,0,50
fixture_generation,graph_wide,10,9,18,2111,0,0,0,0,50
fixture_generation,graph_wide,10,9,19,2056,0,0,0,0,50
plan_build,graph_wide,10,9,0,27445,0,0,0,0,10
plan_build,graph_wide,10,9,1,22203,0,0,0,0,10
plan_build,graph_wide,10,9,2,21185,0,0,0,0,10
plan_build,graph_wide,10,9,3,20463,0,0,0,0,10
plan_build,graph_wide,10,9,4,20778,0,0,0,0,10
plan_build,graph_wide,10,9,5,19926,0,0,0,0,10
plan_build,graph_wide,10,9,6,20056,0,0,0,0,10
plan_build,graph_wide,10,9,7,20444,0,0,0,0,10
plan_build,graph_wide,10,9,8,19834,0,0,0,0,10
plan_build,graph_wide,10,9,9,19815,0,0,0,0,10
plan_build,graph_wide,10,9,10,20278,0,0,0,0,10
plan_build,graph_wide,10,9,11,19685,0,0,0,0,10
plan_build,graph_wide,10,9,12,19833,0,0,0,0,10
plan_build,graph_wide,10,9,13,20019,0,0,0,0,10
plan_build,graph_wide,10,9,14,19722,0,0,0,0,10
plan_build,graph_wide,10,9,15,20111,0,0,0,0,10
plan_build,graph_wide,10,9,16,20037,0,0,0,0,10
plan_build,graph_wide,10,9,17,19740,0,0,0,0,10
plan_build,graph_wide,10,9,18,19963,0,0,0,0,10
plan_build,graph_wide,10,9,19,20074,0,0,0,0,10
plan_build_alloc,graph_wide,10,9,0,0,156,35487,0,0,10
plan_declaration,graph_wide,10,9,0,10574,0,0,0,0,10
plan_validation_freeze,graph_wide,10,9,0,12482,0,0,0,0,10
plan_declaration,graph_wide,10,9,1,9833,0,0,0,0,10
plan_validation_freeze,graph_wide,10,9,1,12240,0,0,0,0,10
plan_declaration,graph_wide,10,9,2,9796,0,0,0,0,10
plan_validation_freeze,graph_wide,10,9,2,12296,0,0,0,0,10
plan_declaration,graph_wide,10,9,3,9815,0,0,0,0,10
plan_validation_freeze,graph_wide,10,9,3,12093,0,0,0,0,10
plan_declaration,graph_wide,10,9,4,9722,0,0,0,0,10
plan_validation_freeze,graph_wide,10,9,4,12185,0,0,0,0,10
plan_declaration,graph_wide,10,9,5,9704,0,0,0,0,10
plan_validation_freeze,graph_wide,10,9,5,12055,0,0,0,0,10
plan_declaration,graph_wide,10,9,6,9537,0,0,0,0,10
plan_validation_freeze,graph_wide,10,9,6,12038,0,0,0,0,10
plan_declaration,graph_wide,10,9,7,9722,0,0,0,0,10
plan_validation_freeze,graph_wide,10,9,7,11926,0,0,0,0,10
plan_declaration,graph_wide,10,9,8,9704,0,0,0,0,10
plan_validation_freeze,graph_wide,10,9,8,12130,0,0,0,0,10
plan_declaration,graph_wide,10,9,9,9740,0,0,0,0,10
plan_validation_freeze,graph_wide,10,9,9,12037,0,0,0,0,10
plan_declaration,graph_wide,10,9,10,9760,0,0,0,0,10
plan_validation_freeze,graph_wide,10,9,10,12222,0,0,0,0,10
plan_declaration,graph_wide,10,9,11,9907,0,0,0,0,10
plan_validation_freeze,graph_wide,10,9,11,12111,0,0,0,0,10
plan_declaration,graph_wide,10,9,12,9889,0,0,0,0,10
plan_validation_freeze,graph_wide,10,9,12,12185,0,0,0,0,10
plan_declaration,graph_wide,10,9,13,9852,0,0,0,0,10
plan_validation_freeze,graph_wide,10,9,13,12055,0,0,0,0,10
plan_declaration,graph_wide,10,9,14,10166,0,0,0,0,10
plan_validation_freeze,graph_wide,10,9,14,12074,0,0,0,0,10
plan_declaration,graph_wide,10,9,15,9759,0,0,0,0,10
plan_validation_freeze,graph_wide,10,9,15,11963,0,0,0,0,10
plan_declaration,graph_wide,10,9,16,9889,0,0,0,0,10
plan_validation_freeze,graph_wide,10,9,16,12092,0,0,0,0,10
plan_declaration,graph_wide,10,9,17,9796,0,0,0,0,10
plan_validation_freeze,graph_wide,10,9,17,12001,0,0,0,0,10
plan_declaration,graph_wide,10,9,18,9537,0,0,0,0,10
plan_validation_freeze,graph_wide,10,9,18,12148,0,0,0,0,10
plan_declaration,graph_wide,10,9,19,9556,0,0,0,0,10
plan_validation_freeze,graph_wide,10,9,19,11889,0,0,0,0,10
plan_declaration_alloc,graph_wide,10,9,0,0,71,14195,0,0,10
plan_validation_freeze_alloc,graph_wide,10,9,0,0,85,21292,0,0,10
engine_execution,graph_wide,10,9,0,100427,0,0,0,0,8
engine_execution,graph_wide,10,9,1,101130,0,0,0,0,9
engine_execution,graph_wide,10,9,2,100760,0,0,0,0,10
engine_execution,graph_wide,10,9,3,100685,0,0,0,0,11
engine_execution,graph_wide,10,9,4,107649,0,0,0,0,12
engine_execution,graph_wide,10,9,5,100352,0,0,0,0,13
engine_execution,graph_wide,10,9,6,103444,0,0,0,0,14
engine_execution,graph_wide,10,9,7,100000,0,0,0,0,15
engine_execution,graph_wide,10,9,8,98963,0,0,0,0,0
engine_execution,graph_wide,10,9,9,99778,0,0,0,0,1
engine_execution,graph_wide,10,9,10,99648,0,0,0,0,2
engine_execution,graph_wide,10,9,11,98519,0,0,0,0,3
engine_execution,graph_wide,10,9,12,100241,0,0,0,0,4
engine_execution,graph_wide,10,9,13,98130,0,0,0,0,5
engine_execution,graph_wide,10,9,14,99463,0,0,0,0,6
engine_execution,graph_wide,10,9,15,97833,0,0,0,0,7
engine_execution,graph_wide,10,9,16,98667,0,0,0,0,24
engine_execution,graph_wide,10,9,17,98556,0,0,0,0,25
engine_execution,graph_wide,10,9,18,98501,0,0,0,0,26
engine_execution,graph_wide,10,9,19,97519,0,0,0,0,27
engine_execution,graph_wide,10,9,20,97556,0,0,0,0,28
engine_execution,graph_wide,10,9,21,97555,0,0,0,0,29
engine_execution,graph_wide,10,9,22,98741,0,0,0,0,30
engine_execution,graph_wide,10,9,23,99130,0,0,0,0,31
engine_execution,graph_wide,10,9,24,98185,0,0,0,0,16
engine_execution,graph_wide,10,9,25,97890,0,0,0,0,17
engine_execution,graph_wide,10,9,26,98315,0,0,0,0,18
engine_execution,graph_wide,10,9,27,98575,0,0,0,0,19
engine_execution,graph_wide,10,9,28,98611,0,0,0,0,20
engine_execution,graph_wide,10,9,29,99574,0,0,0,0,21
engine_execution,graph_wide,10,9,30,98334,0,0,0,0,22
engine_execution,graph_wide,10,9,31,99241,0,0,0,0,23
engine_execution,graph_wide,10,9,32,98871,0,0,0,0,40
engine_execution,graph_wide,10,9,33,98149,0,0,0,0,41
engine_execution,graph_wide,10,9,34,97908,0,0,0,0,42
engine_execution,graph_wide,10,9,35,98685,0,0,0,0,43
engine_execution,graph_wide,10,9,36,97870,0,0,0,0,44
engine_execution,graph_wide,10,9,37,97797,0,0,0,0,45
engine_execution,graph_wide,10,9,38,97445,0,0,0,0,46
engine_execution,graph_wide,10,9,39,98241,0,0,0,0,47
engine_execution_alloc,graph_wide,10,9,0,0,558,48999,0,0,23122
machine_state_setup,graph_wide,10,9,0,7649,0,0,0,0,10
body_state_setup,graph_wide,10,9,0,740,0,0,0,0,0
machine_state_setup,graph_wide,10,9,1,3074,0,0,0,0,10
body_state_setup,graph_wide,10,9,1,574,0,0,0,0,0
machine_state_setup,graph_wide,10,9,2,3038,0,0,0,0,10
body_state_setup,graph_wide,10,9,2,556,0,0,0,0,0
machine_state_setup,graph_wide,10,9,3,2982,0,0,0,0,10
body_state_setup,graph_wide,10,9,3,556,0,0,0,0,0
machine_state_setup,graph_wide,10,9,4,3649,0,0,0,0,10
body_state_setup,graph_wide,10,9,4,555,0,0,0,0,0
machine_state_setup,graph_wide,10,9,5,2852,0,0,0,0,10
body_state_setup,graph_wide,10,9,5,574,0,0,0,0,0
machine_state_setup,graph_wide,10,9,6,2888,0,0,0,0,10
body_state_setup,graph_wide,10,9,6,518,0,0,0,0,0
machine_state_setup,graph_wide,10,9,7,2907,0,0,0,0,10
body_state_setup,graph_wide,10,9,7,537,0,0,0,0,0
machine_state_setup,graph_wide,10,9,8,3167,0,0,0,0,10
body_state_setup,graph_wide,10,9,8,592,0,0,0,0,0
machine_state_setup,graph_wide,10,9,9,2926,0,0,0,0,10
body_state_setup,graph_wide,10,9,9,611,0,0,0,0,0
machine_state_setup,graph_wide,10,9,10,2814,0,0,0,0,10
body_state_setup,graph_wide,10,9,10,574,0,0,0,0,0
machine_state_setup,graph_wide,10,9,11,2851,0,0,0,0,10
body_state_setup,graph_wide,10,9,11,1259,0,0,0,0,0
machine_state_setup,graph_wide,10,9,12,2871,0,0,0,0,10
body_state_setup,graph_wide,10,9,12,574,0,0,0,0,0
machine_state_setup,graph_wide,10,9,13,2945,0,0,0,0,10
body_state_setup,graph_wide,10,9,13,518,0,0,0,0,0
machine_state_setup,graph_wide,10,9,14,2796,0,0,0,0,10
body_state_setup,graph_wide,10,9,14,574,0,0,0,0,0
machine_state_setup,graph_wide,10,9,15,2889,0,0,0,0,10
body_state_setup,graph_wide,10,9,15,981,0,0,0,0,0
machine_state_setup,graph_wide,10,9,16,2796,0,0,0,0,10
body_state_setup,graph_wide,10,9,16,574,0,0,0,0,0
machine_state_setup,graph_wide,10,9,17,3000,0,0,0,0,10
body_state_setup,graph_wide,10,9,17,630,0,0,0,0,0
machine_state_setup,graph_wide,10,9,18,2963,0,0,0,0,10
body_state_setup,graph_wide,10,9,18,537,0,0,0,0,0
machine_state_setup,graph_wide,10,9,19,2907,0,0,0,0,10
body_state_setup,graph_wide,10,9,19,537,0,0,0,0,0
machine_state_setup,graph_wide,10,9,20,2759,0,0,0,0,10
body_state_setup,graph_wide,10,9,20,537,0,0,0,0,0
machine_state_setup,graph_wide,10,9,21,2722,0,0,0,0,10
body_state_setup,graph_wide,10,9,21,574,0,0,0,0,0
machine_state_setup,graph_wide,10,9,22,2777,0,0,0,0,10
body_state_setup,graph_wide,10,9,22,574,0,0,0,0,0
machine_state_setup,graph_wide,10,9,23,2908,0,0,0,0,10
body_state_setup,graph_wide,10,9,23,519,0,0,0,0,0
machine_state_setup,graph_wide,10,9,24,3055,0,0,0,0,10
body_state_setup,graph_wide,10,9,24,556,0,0,0,0,0
machine_state_setup,graph_wide,10,9,25,2982,0,0,0,0,10
body_state_setup,graph_wide,10,9,25,537,0,0,0,0,0
machine_state_setup,graph_wide,10,9,26,2759,0,0,0,0,10
body_state_setup,graph_wide,10,9,26,519,0,0,0,0,0
machine_state_setup,graph_wide,10,9,27,2722,0,0,0,0,10
body_state_setup,graph_wide,10,9,27,537,0,0,0,0,0
machine_state_setup,graph_wide,10,9,28,2704,0,0,0,0,10
body_state_setup,graph_wide,10,9,28,537,0,0,0,0,0
machine_state_setup,graph_wide,10,9,29,2871,0,0,0,0,10
body_state_setup,graph_wide,10,9,29,611,0,0,0,0,0
machine_state_setup,graph_wide,10,9,30,2963,0,0,0,0,10
body_state_setup,graph_wide,10,9,30,574,0,0,0,0,0
machine_state_setup,graph_wide,10,9,31,2926,0,0,0,0,10
body_state_setup,graph_wide,10,9,31,555,0,0,0,0,0
machine_state_setup,graph_wide,10,9,32,2704,0,0,0,0,10
body_state_setup,graph_wide,10,9,32,537,0,0,0,0,0
machine_state_setup,graph_wide,10,9,33,2686,0,0,0,0,10
body_state_setup,graph_wide,10,9,33,537,0,0,0,0,0
machine_state_setup,graph_wide,10,9,34,2741,0,0,0,0,10
body_state_setup,graph_wide,10,9,34,519,0,0,0,0,0
machine_state_setup,graph_wide,10,9,35,2815,0,0,0,0,10
body_state_setup,graph_wide,10,9,35,574,0,0,0,0,0
machine_state_setup,graph_wide,10,9,36,2963,0,0,0,0,10
body_state_setup,graph_wide,10,9,36,537,0,0,0,0,0
machine_state_setup,graph_wide,10,9,37,2945,0,0,0,0,10
body_state_setup,graph_wide,10,9,37,556,0,0,0,0,0
machine_state_setup,graph_wide,10,9,38,2834,0,0,0,0,10
body_state_setup,graph_wide,10,9,38,537,0,0,0,0,0
machine_state_setup,graph_wide,10,9,39,2685,0,0,0,0,10
body_state_setup,graph_wide,10,9,39,574,0,0,0,0,0
fixture_generation,graph_sparse,10,9,0,2315,0,0,0,0,50
fixture_generation,graph_sparse,10,9,1,2074,0,0,0,0,50
fixture_generation,graph_sparse,10,9,2,2111,0,0,0,0,50
fixture_generation,graph_sparse,10,9,3,2074,0,0,0,0,50
fixture_generation,graph_sparse,10,9,4,2055,0,0,0,0,50
fixture_generation,graph_sparse,10,9,5,2055,0,0,0,0,50
fixture_generation,graph_sparse,10,9,6,2167,0,0,0,0,50
fixture_generation,graph_sparse,10,9,7,2056,0,0,0,0,50
fixture_generation,graph_sparse,10,9,8,2056,0,0,0,0,50
fixture_generation,graph_sparse,10,9,9,2037,0,0,0,0,50
fixture_generation,graph_sparse,10,9,10,2074,0,0,0,0,50
fixture_generation,graph_sparse,10,9,11,2093,0,0,0,0,50
fixture_generation,graph_sparse,10,9,12,2093,0,0,0,0,50
fixture_generation,graph_sparse,10,9,13,2075,0,0,0,0,50
fixture_generation,graph_sparse,10,9,14,2056,0,0,0,0,50
fixture_generation,graph_sparse,10,9,15,2074,0,0,0,0,50
fixture_generation,graph_sparse,10,9,16,2038,0,0,0,0,50
fixture_generation,graph_sparse,10,9,17,2037,0,0,0,0,50
fixture_generation,graph_sparse,10,9,18,2074,0,0,0,0,50
fixture_generation,graph_sparse,10,9,19,2056,0,0,0,0,50
plan_build,graph_sparse,10,9,0,28612,0,0,0,0,12
plan_build,graph_sparse,10,9,1,21074,0,0,0,0,12
plan_build,graph_sparse,10,9,2,20223,0,0,0,0,12
plan_build,graph_sparse,10,9,3,20408,0,0,0,0,12
plan_build,graph_sparse,10,9,4,19963,0,0,0,0,12
plan_build,graph_sparse,10,9,5,28889,0,0,0,0,12
plan_build,graph_sparse,10,9,6,19648,0,0,0,0,12
plan_build,graph_sparse,10,9,7,19574,0,0,0,0,12
plan_build,graph_sparse,10,9,8,19722,0,0,0,0,12
plan_build,graph_sparse,10,9,9,19611,0,0,0,0,12
plan_build,graph_sparse,10,9,10,19667,0,0,0,0,12
plan_build,graph_sparse,10,9,11,19389,0,0,0,0,12
plan_build,graph_sparse,10,9,12,19759,0,0,0,0,12
plan_build,graph_sparse,10,9,13,19723,0,0,0,0,12
plan_build,graph_sparse,10,9,14,19592,0,0,0,0,12
plan_build,graph_sparse,10,9,15,19630,0,0,0,0,12
plan_build,graph_sparse,10,9,16,19797,0,0,0,0,12
plan_build,graph_sparse,10,9,17,19629,0,0,0,0,12
plan_build,graph_sparse,10,9,18,19556,0,0,0,0,12
plan_build,graph_sparse,10,9,19,19519,0,0,0,0,12
plan_build_alloc,graph_sparse,10,9,0,0,158,35427,0,0,12
plan_declaration,graph_sparse,10,9,0,11334,0,0,0,0,10
plan_validation_freeze,graph_sparse,10,9,0,12315,0,0,0,0,12
plan_declaration,graph_sparse,10,9,1,10019,0,0,0,0,10
plan_validation_freeze,graph_sparse,10,9,1,11963,0,0,0,0,12
plan_declaration,graph_sparse,10,9,2,9852,0,0,0,0,10
plan_validation_freeze,graph_sparse,10,9,2,11833,0,0,0,0,12
plan_declaration,graph_sparse,10,9,3,9759,0,0,0,0,10
plan_validation_freeze,graph_sparse,10,9,3,11870,0,0,0,0,12
plan_declaration,graph_sparse,10,9,4,9870,0,0,0,0,10
plan_validation_freeze,graph_sparse,10,9,4,11944,0,0,0,0,12
plan_declaration,graph_sparse,10,9,5,10370,0,0,0,0,10
plan_validation_freeze,graph_sparse,10,9,5,11888,0,0,0,0,12
plan_declaration,graph_sparse,10,9,6,9944,0,0,0,0,10
plan_validation_freeze,graph_sparse,10,9,6,11852,0,0,0,0,12
plan_declaration,graph_sparse,10,9,7,10149,0,0,0,0,10
plan_validation_freeze,graph_sparse,10,9,7,11944,0,0,0,0,12
plan_declaration,graph_sparse,10,9,8,10037,0,0,0,0,10
plan_validation_freeze,graph_sparse,10,9,8,12167,0,0,0,0,12
plan_declaration,graph_sparse,10,9,9,9833,0,0,0,0,10
plan_validation_freeze,graph_sparse,10,9,9,12148,0,0,0,0,12
plan_declaration,graph_sparse,10,9,10,9907,0,0,0,0,10
plan_validation_freeze,graph_sparse,10,9,10,11852,0,0,0,0,12
plan_declaration,graph_sparse,10,9,11,9834,0,0,0,0,10
plan_validation_freeze,graph_sparse,10,9,11,11907,0,0,0,0,12
plan_declaration,graph_sparse,10,9,12,9851,0,0,0,0,10
plan_validation_freeze,graph_sparse,10,9,12,11963,0,0,0,0,12
plan_declaration,graph_sparse,10,9,13,9870,0,0,0,0,10
plan_validation_freeze,graph_sparse,10,9,13,12092,0,0,0,0,12
plan_declaration,graph_sparse,10,9,14,9945,0,0,0,0,10
plan_validation_freeze,graph_sparse,10,9,14,11852,0,0,0,0,12
plan_declaration,graph_sparse,10,9,15,10056,0,0,0,0,10
plan_validation_freeze,graph_sparse,10,9,15,11870,0,0,0,0,12
plan_declaration,graph_sparse,10,9,16,10037,0,0,0,0,10
plan_validation_freeze,graph_sparse,10,9,16,12018,0,0,0,0,12
plan_declaration,graph_sparse,10,9,17,9740,0,0,0,0,10
plan_validation_freeze,graph_sparse,10,9,17,11982,0,0,0,0,12
plan_declaration,graph_sparse,10,9,18,9760,0,0,0,0,10
plan_validation_freeze,graph_sparse,10,9,18,11815,0,0,0,0,12
plan_declaration,graph_sparse,10,9,19,9852,0,0,0,0,10
plan_validation_freeze,graph_sparse,10,9,19,11963,0,0,0,0,12
plan_declaration_alloc,graph_sparse,10,9,0,0,71,14197,0,0,10
plan_validation_freeze_alloc,graph_sparse,10,9,0,0,87,21230,0,0,12
engine_execution,graph_sparse,10,9,0,101259,0,0,0,0,13
engine_execution,graph_sparse,10,9,1,99889,0,0,0,0,12
engine_execution,graph_sparse,10,9,2,100481,0,0,0,0,15
engine_execution,graph_sparse,10,9,3,101556,0,0,0,0,14
engine_execution,graph_sparse,10,9,4,101797,0,0,0,0,9
engine_execution,graph_sparse,10,9,5,100556,0,0,0,0,8
engine_execution,graph_sparse,10,9,6,100852,0,0,0,0,11
engine_execution,graph_sparse,10,9,7,100389,0,0,0,0,10
engine_execution,graph_sparse,10,9,8,99297,0,0,0,0,5
engine_execution,graph_sparse,10,9,9,101612,0,0,0,0,4
engine_execution,graph_sparse,10,9,10,101445,0,0,0,0,7
engine_execution,graph_sparse,10,9,11,100148,0,0,0,0,6
engine_execution,graph_sparse,10,9,12,101871,0,0,0,0,1
engine_execution,graph_sparse,10,9,13,100055,0,0,0,0,0
engine_execution,graph_sparse,10,9,14,100685,0,0,0,0,3
engine_execution,graph_sparse,10,9,15,99538,0,0,0,0,2
engine_execution,graph_sparse,10,9,16,99889,0,0,0,0,29
engine_execution,graph_sparse,10,9,17,101556,0,0,0,0,28
engine_execution,graph_sparse,10,9,18,99241,0,0,0,0,31
engine_execution,graph_sparse,10,9,19,99481,0,0,0,0,30
engine_execution,graph_sparse,10,9,20,100167,0,0,0,0,25
engine_execution,graph_sparse,10,9,21,100611,0,0,0,0,24
engine_execution,graph_sparse,10,9,22,122426,0,0,0,0,27
engine_execution,graph_sparse,10,9,23,102538,0,0,0,0,26
engine_execution,graph_sparse,10,9,24,101390,0,0,0,0,21
engine_execution,graph_sparse,10,9,25,100259,0,0,0,0,20
engine_execution,graph_sparse,10,9,26,102038,0,0,0,0,23
engine_execution,graph_sparse,10,9,27,102260,0,0,0,0,22
engine_execution,graph_sparse,10,9,28,99408,0,0,0,0,17
engine_execution,graph_sparse,10,9,29,99019,0,0,0,0,16
engine_execution,graph_sparse,10,9,30,99278,0,0,0,0,19
engine_execution,graph_sparse,10,9,31,99889,0,0,0,0,18
engine_execution,graph_sparse,10,9,32,100427,0,0,0,0,45
engine_execution,graph_sparse,10,9,33,100333,0,0,0,0,44
engine_execution,graph_sparse,10,9,34,99075,0,0,0,0,47
engine_execution,graph_sparse,10,9,35,99390,0,0,0,0,46
engine_execution,graph_sparse,10,9,36,99444,0,0,0,0,41
engine_execution,graph_sparse,10,9,37,99963,0,0,0,0,40
engine_execution,graph_sparse,10,9,38,99445,0,0,0,0,43
engine_execution,graph_sparse,10,9,39,99593,0,0,0,0,42
engine_execution_alloc,graph_sparse,10,9,0,0,567,48041,0,0,23127
machine_state_setup,graph_sparse,10,9,0,7907,0,0,0,0,10
body_state_setup,graph_sparse,10,9,0,1000,0,0,0,0,0
machine_state_setup,graph_sparse,10,9,1,3056,0,0,0,0,10
body_state_setup,graph_sparse,10,9,1,648,0,0,0,0,0
machine_state_setup,graph_sparse,10,9,2,2815,0,0,0,0,10
body_state_setup,graph_sparse,10,9,2,574,0,0,0,0,0
machine_state_setup,graph_sparse,10,9,3,2852,0,0,0,0,10
body_state_setup,graph_sparse,10,9,3,593,0,0,0,0,0
machine_state_setup,graph_sparse,10,9,4,2833,0,0,0,0,10
body_state_setup,graph_sparse,10,9,4,518,0,0,0,0,0
machine_state_setup,graph_sparse,10,9,5,2926,0,0,0,0,10
body_state_setup,graph_sparse,10,9,5,574,0,0,0,0,0
machine_state_setup,graph_sparse,10,9,6,2944,0,0,0,0,10
body_state_setup,graph_sparse,10,9,6,704,0,0,0,0,0
machine_state_setup,graph_sparse,10,9,7,3074,0,0,0,0,10
body_state_setup,graph_sparse,10,9,7,649,0,0,0,0,0
machine_state_setup,graph_sparse,10,9,8,3074,0,0,0,0,10
body_state_setup,graph_sparse,10,9,8,611,0,0,0,0,0
machine_state_setup,graph_sparse,10,9,9,2926,0,0,0,0,10
body_state_setup,graph_sparse,10,9,9,611,0,0,0,0,0
machine_state_setup,graph_sparse,10,9,10,2907,0,0,0,0,10
body_state_setup,graph_sparse,10,9,10,593,0,0,0,0,0
machine_state_setup,graph_sparse,10,9,11,2907,0,0,0,0,10
body_state_setup,graph_sparse,10,9,11,592,0,0,0,0,0
machine_state_setup,graph_sparse,10,9,12,2870,0,0,0,0,10
body_state_setup,graph_sparse,10,9,12,630,0,0,0,0,0
machine_state_setup,graph_sparse,10,9,13,2945,0,0,0,0,10
body_state_setup,graph_sparse,10,9,13,592,0,0,0,0,0
machine_state_setup,graph_sparse,10,9,14,2907,0,0,0,0,10
body_state_setup,graph_sparse,10,9,14,592,0,0,0,0,0
machine_state_setup,graph_sparse,10,9,15,2889,0,0,0,0,10
body_state_setup,graph_sparse,10,9,15,592,0,0,0,0,0
machine_state_setup,graph_sparse,10,9,16,2908,0,0,0,0,10
body_state_setup,graph_sparse,10,9,16,612,0,0,0,0,0
machine_state_setup,graph_sparse,10,9,17,2908,0,0,0,0,10
body_state_setup,graph_sparse,10,9,17,611,0,0,0,0,0
machine_state_setup,graph_sparse,10,9,18,2889,0,0,0,0,10
body_state_setup,graph_sparse,10,9,18,630,0,0,0,0,0
machine_state_setup,graph_sparse,10,9,19,2889,0,0,0,0,10
body_state_setup,graph_sparse,10,9,19,629,0,0,0,0,0
machine_state_setup,graph_sparse,10,9,20,2907,0,0,0,0,10
body_state_setup,graph_sparse,10,9,20,722,0,0,0,0,0
machine_state_setup,graph_sparse,10,9,21,3000,0,0,0,0,10
body_state_setup,graph_sparse,10,9,21,834,0,0,0,0,0
machine_state_setup,graph_sparse,10,9,22,2982,0,0,0,0,10
body_state_setup,graph_sparse,10,9,22,797,0,0,0,0,0
machine_state_setup,graph_sparse,10,9,23,3129,0,0,0,0,10
body_state_setup,graph_sparse,10,9,23,871,0,0,0,0,0
machine_state_setup,graph_sparse,10,9,24,3186,0,0,0,0,10
body_state_setup,graph_sparse,10,9,24,796,0,0,0,0,0
machine_state_setup,graph_sparse,10,9,25,3037,0,0,0,0,10
body_state_setup,graph_sparse,10,9,25,741,0,0,0,0,0
machine_state_setup,graph_sparse,10,9,26,3148,0,0,0,0,10
body_state_setup,graph_sparse,10,9,26,703,0,0,0,0,0
machine_state_setup,graph_sparse,10,9,27,3093,0,0,0,0,10
body_state_setup,graph_sparse,10,9,27,777,0,0,0,0,0
machine_state_setup,graph_sparse,10,9,28,3129,0,0,0,0,10
body_state_setup,graph_sparse,10,9,28,741,0,0,0,0,0
machine_state_setup,graph_sparse,10,9,29,3130,0,0,0,0,10
body_state_setup,graph_sparse,10,9,29,796,0,0,0,0,0
machine_state_setup,graph_sparse,10,9,30,3112,0,0,0,0,10
body_state_setup,graph_sparse,10,9,30,704,0,0,0,0,0
machine_state_setup,graph_sparse,10,9,31,3112,0,0,0,0,10
body_state_setup,graph_sparse,10,9,31,815,0,0,0,0,0
machine_state_setup,graph_sparse,10,9,32,3111,0,0,0,0,10
body_state_setup,graph_sparse,10,9,32,667,0,0,0,0,0
machine_state_setup,graph_sparse,10,9,33,3018,0,0,0,0,10
body_state_setup,graph_sparse,10,9,33,722,0,0,0,0,0
machine_state_setup,graph_sparse,10,9,34,3037,0,0,0,0,10
body_state_setup,graph_sparse,10,9,34,778,0,0,0,0,0
machine_state_setup,graph_sparse,10,9,35,3074,0,0,0,0,10
body_state_setup,graph_sparse,10,9,35,685,0,0,0,0,0
machine_state_setup,graph_sparse,10,9,36,3111,0,0,0,0,10
body_state_setup,graph_sparse,10,9,36,648,0,0,0,0,0
machine_state_setup,graph_sparse,10,9,37,3056,0,0,0,0,10
body_state_setup,graph_sparse,10,9,37,759,0,0,0,0,0
machine_state_setup,graph_sparse,10,9,38,3037,0,0,0,0,10
body_state_setup,graph_sparse,10,9,38,685,0,0,0,0,0
machine_state_setup,graph_sparse,10,9,39,3129,0,0,0,0,10
body_state_setup,graph_sparse,10,9,39,797,0,0,0,0,0
fixture_generation,graph_chain,100,99,0,25667,0,0,0,0,500
fixture_generation,graph_chain,100,99,1,25481,0,0,0,0,500
fixture_generation,graph_chain,100,99,2,25018,0,0,0,0,500
fixture_generation,graph_chain,100,99,3,25463,0,0,0,0,500
fixture_generation,graph_chain,100,99,4,25000,0,0,0,0,500
fixture_generation,graph_chain,100,99,5,25482,0,0,0,0,500
fixture_generation,graph_chain,100,99,6,25167,0,0,0,0,500
fixture_generation,graph_chain,100,99,7,25445,0,0,0,0,500
fixture_generation,graph_chain,100,99,8,25648,0,0,0,0,500
fixture_generation,graph_chain,100,99,9,25778,0,0,0,0,500
fixture_generation,graph_chain,100,99,10,25945,0,0,0,0,500
fixture_generation,graph_chain,100,99,11,25907,0,0,0,0,500
fixture_generation,graph_chain,100,99,12,26037,0,0,0,0,500
fixture_generation,graph_chain,100,99,13,25703,0,0,0,0,500
fixture_generation,graph_chain,100,99,14,25704,0,0,0,0,500
fixture_generation,graph_chain,100,99,15,25778,0,0,0,0,500
fixture_generation,graph_chain,100,99,16,25926,0,0,0,0,500
fixture_generation,graph_chain,100,99,17,25815,0,0,0,0,500
fixture_generation,graph_chain,100,99,18,26019,0,0,0,0,500
fixture_generation,graph_chain,100,99,19,25592,0,0,0,0,500
plan_build,graph_chain,100,99,0,230223,0,0,0,0,11
plan_build,graph_chain,100,99,1,223686,0,0,0,0,11
plan_build,graph_chain,100,99,2,220038,0,0,0,0,11
plan_build,graph_chain,100,99,3,219038,0,0,0,0,11
plan_build,graph_chain,100,99,4,217241,0,0,0,0,11
plan_build,graph_chain,100,99,5,225630,0,0,0,0,11
plan_build,graph_chain,100,99,6,220408,0,0,0,0,11
plan_build,graph_chain,100,99,7,216685,0,0,0,0,11
plan_build,graph_chain,100,99,8,216685,0,0,0,0,11
plan_build,graph_chain,100,99,9,216723,0,0,0,0,11
plan_build,graph_chain,100,99,10,216686,0,0,0,0,11
plan_build,graph_chain,100,99,11,217538,0,0,0,0,11
plan_build,graph_chain,100,99,12,217001,0,0,0,0,11
plan_build,graph_chain,100,99,13,217186,0,0,0,0,11
plan_build,graph_chain,100,99,14,216964,0,0,0,0,11
plan_build,graph_chain,100,99,15,216501,0,0,0,0,11
plan_build,graph_chain,100,99,16,214686,0,0,0,0,11
plan_build,graph_chain,100,99,17,214408,0,0,0,0,11
plan_build,graph_chain,100,99,18,215167,0,0,0,0,11
plan_build,graph_chain,100,99,19,215871,0,0,0,0,11
plan_build_alloc,graph_chain,100,99,0,0,1269,306567,0,0,11
plan_declaration,graph_chain,100,99,0,75130,0,0,0,0,100
plan_validation_freeze,graph_chain,100,99,0,159501,0,0,0,0,11
plan_declaration,graph_chain,100,99,1,75278,0,0,0,0,100
plan_validation_freeze,graph_chain,100,99,1,160149,0,0,0,0,11
plan_declaration,graph_chain,100,99,2,74500,0,0,0,0,100
plan_validation_freeze,graph_chain,100,99,2,167000,0,0,0,0,11
plan_declaration,graph_chain,100,99,3,74815,0,0,0,0,100
plan_validation_freeze,graph_chain,100,99,3,160408,0,0,0,0,11
plan_declaration,graph_chain,100,99,4,74315,0,0,0,0,100
plan_validation_freeze,graph_chain,100,99,4,160815,0,0,0,0,11
plan_declaration,graph_chain,100,99,5,73963,0,0,0,0,100
plan_validation_freeze,graph_chain,100,99,5,159611,0,0,0,0,11
plan_declaration,graph_chain,100,99,6,73908,0,0,0,0,100
plan_validation_freeze,graph_chain,100,99,6,159945,0,0,0,0,11
plan_declaration,graph_chain,100,99,7,73963,0,0,0,0,100
plan_validation_freeze,graph_chain,100,99,7,159704,0,0,0,0,11
plan_declaration,graph_chain,100,99,8,74037,0,0,0,0,100
plan_validation_freeze,graph_chain,100,99,8,159353,0,0,0,0,11
plan_declaration,graph_chain,100,99,9,74130,0,0,0,0,100
plan_validation_freeze,graph_chain,100,99,9,160796,0,0,0,0,11
plan_declaration,graph_chain,100,99,10,73648,0,0,0,0,100
plan_validation_freeze,graph_chain,100,99,10,160019,0,0,0,0,11
plan_declaration,graph_chain,100,99,11,73519,0,0,0,0,100
plan_validation_freeze,graph_chain,100,99,11,160889,0,0,0,0,11
plan_declaration,graph_chain,100,99,12,74352,0,0,0,0,100
plan_validation_freeze,graph_chain,100,99,12,159538,0,0,0,0,11
plan_declaration,graph_chain,100,99,13,73852,0,0,0,0,100
plan_validation_freeze,graph_chain,100,99,13,159852,0,0,0,0,11
plan_declaration,graph_chain,100,99,14,73907,0,0,0,0,100
plan_validation_freeze,graph_chain,100,99,14,159815,0,0,0,0,11
plan_declaration,graph_chain,100,99,15,73593,0,0,0,0,100
plan_validation_freeze,graph_chain,100,99,15,159241,0,0,0,0,11
plan_declaration,graph_chain,100,99,16,79426,0,0,0,0,100
plan_validation_freeze,graph_chain,100,99,16,161148,0,0,0,0,11
plan_declaration,graph_chain,100,99,17,74167,0,0,0,0,100
plan_validation_freeze,graph_chain,100,99,17,160260,0,0,0,0,11
plan_declaration,graph_chain,100,99,18,73481,0,0,0,0,100
plan_validation_freeze,graph_chain,100,99,18,160426,0,0,0,0,11
plan_declaration,graph_chain,100,99,19,73538,0,0,0,0,100
plan_validation_freeze,graph_chain,100,99,19,160204,0,0,0,0,11
plan_declaration_alloc,graph_chain,100,99,0,0,536,126952,0,0,100
plan_validation_freeze_alloc,graph_chain,100,99,0,0,733,179615,0,0,11
engine_execution,graph_chain,100,99,0,1248893,0,0,0,0,1
engine_execution,graph_chain,100,99,1,1227337,0,0,0,0,0
engine_execution,graph_chain,100,99,2,1228967,0,0,0,0,3
engine_execution,graph_chain,100,99,3,1232856,0,0,0,0,2
engine_execution,graph_chain,100,99,4,1230077,0,0,0,0,5
engine_execution,graph_chain,100,99,5,1229874,0,0,0,0,4
engine_execution,graph_chain,100,99,6,1234559,0,0,0,0,7
engine_execution,graph_chain,100,99,7,1228300,0,0,0,0,6
engine_execution,graph_chain,100,99,8,1237300,0,0,0,0,9
engine_execution,graph_chain,100,99,9,1228281,0,0,0,0,8
engine_execution,graph_chain,100,99,10,1238578,0,0,0,0,11
engine_execution,graph_chain,100,99,11,1223837,0,0,0,0,10
engine_execution,graph_chain,100,99,12,1221467,0,0,0,0,13
engine_execution,graph_chain,100,99,13,1288448,0,0,0,0,12
engine_execution,graph_chain,100,99,14,1232633,0,0,0,0,15
engine_execution,graph_chain,100,99,15,1191800,0,0,0,0,14
engine_execution,graph_chain,100,99,16,1237855,0,0,0,0,17
engine_execution,graph_chain,100,99,17,1223504,0,0,0,0,16
engine_execution,graph_chain,100,99,18,1222911,0,0,0,0,19
engine_execution,graph_chain,100,99,19,1234541,0,0,0,0,18
engine_execution,graph_chain,100,99,20,1229689,0,0,0,0,21
engine_execution,graph_chain,100,99,21,1226337,0,0,0,0,20
engine_execution,graph_chain,100,99,22,1224893,0,0,0,0,23
engine_execution,graph_chain,100,99,23,1234022,0,0,0,0,22
engine_execution,graph_chain,100,99,24,1226411,0,0,0,0,25
engine_execution,graph_chain,100,99,25,1262356,0,0,0,0,24
engine_execution,graph_chain,100,99,26,1197393,0,0,0,0,27
engine_execution,graph_chain,100,99,27,1227818,0,0,0,0,26
engine_execution,graph_chain,100,99,28,1224597,0,0,0,0,29
engine_execution,graph_chain,100,99,29,1231355,0,0,0,0,28
engine_execution,graph_chain,100,99,30,1223096,0,0,0,0,31
engine_execution,graph_chain,100,99,31,1220800,0,0,0,0,30
engine_execution,graph_chain,100,99,32,1226448,0,0,0,0,33
engine_execution,graph_chain,100,99,33,1224800,0,0,0,0,32
engine_execution,graph_chain,100,99,34,1225133,0,0,0,0,35
engine_execution,graph_chain,100,99,35,1218392,0,0,0,0,34
engine_execution,graph_chain,100,99,36,1312948,0,0,0,0,37
engine_execution,graph_chain,100,99,37,1226282,0,0,0,0,36
engine_execution,graph_chain,100,99,38,912873,0,0,0,0,39
engine_execution,graph_chain,100,99,39,764076,0,0,0,0,38
engine_execution_alloc,graph_chain,100,99,0,0,5262,533272,0,0,23131
machine_state_setup,graph_chain,100,99,0,47315,0,0,0,0,100
body_state_setup,graph_chain,100,99,0,3685,0,0,0,0,0
machine_state_setup,graph_chain,100,99,1,14185,0,0,0,0,100
body_state_setup,graph_chain,100,99,1,3296,0,0,0,0,0
machine_state_setup,graph_chain,100,99,2,13740,0,0,0,0,100
body_state_setup,graph_chain,100,99,2,3166,0,0,0,0,0
machine_state_setup,graph_chain,100,99,3,13611,0,0,0,0,100
body_state_setup,graph_chain,100,99,3,3074,0,0,0,0,0
machine_state_setup,graph_chain,100,99,4,13556,0,0,0,0,100
body_state_setup,graph_chain,100,99,4,3056,0,0,0,0,0
machine_state_setup,graph_chain,100,99,5,13704,0,0,0,0,100
body_state_setup,graph_chain,100,99,5,3000,0,0,0,0,0
machine_state_setup,graph_chain,100,99,6,13648,0,0,0,0,100
body_state_setup,graph_chain,100,99,6,3185,0,0,0,0,0
machine_state_setup,graph_chain,100,99,7,13723,0,0,0,0,100
body_state_setup,graph_chain,100,99,7,2981,0,0,0,0,0
machine_state_setup,graph_chain,100,99,8,13500,0,0,0,0,100
body_state_setup,graph_chain,100,99,8,3000,0,0,0,0,0
machine_state_setup,graph_chain,100,99,9,13815,0,0,0,0,100
body_state_setup,graph_chain,100,99,9,2870,0,0,0,0,0
machine_state_setup,graph_chain,100,99,10,13574,0,0,0,0,100
body_state_setup,graph_chain,100,99,10,3055,0,0,0,0,0
machine_state_setup,graph_chain,100,99,11,13630,0,0,0,0,100
body_state_setup,graph_chain,100,99,11,2944,0,0,0,0,0
machine_state_setup,graph_chain,100,99,12,13686,0,0,0,0,100
body_state_setup,graph_chain,100,99,12,3037,0,0,0,0,0
machine_state_setup,graph_chain,100,99,13,13685,0,0,0,0,100
body_state_setup,graph_chain,100,99,13,3612,0,0,0,0,0
machine_state_setup,graph_chain,100,99,14,13741,0,0,0,0,100
body_state_setup,graph_chain,100,99,14,2963,0,0,0,0,0
machine_state_setup,graph_chain,100,99,15,13666,0,0,0,0,100
body_state_setup,graph_chain,100,99,15,3056,0,0,0,0,0
machine_state_setup,graph_chain,100,99,16,13870,0,0,0,0,100
body_state_setup,graph_chain,100,99,16,3148,0,0,0,0,0
machine_state_setup,graph_chain,100,99,17,13945,0,0,0,0,100
body_state_setup,graph_chain,100,99,17,2908,0,0,0,0,0
machine_state_setup,graph_chain,100,99,18,13759,0,0,0,0,100
body_state_setup,graph_chain,100,99,18,2963,0,0,0,0,0
machine_state_setup,graph_chain,100,99,19,13740,0,0,0,0,100
body_state_setup,graph_chain,100,99,19,2907,0,0,0,0,0
machine_state_setup,graph_chain,100,99,20,17334,0,0,0,0,100
body_state_setup,graph_chain,100,99,20,3296,0,0,0,0,0
machine_state_setup,graph_chain,100,99,21,13704,0,0,0,0,100
body_state_setup,graph_chain,100,99,21,2907,0,0,0,0,0
machine_state_setup,graph_chain,100,99,22,14333,0,0,0,0,100
body_state_setup,graph_chain,100,99,22,2870,0,0,0,0,0
machine_state_setup,graph_chain,100,99,23,15241,0,0,0,0,100
body_state_setup,graph_chain,100,99,23,2945,0,0,0,0,0
machine_state_setup,graph_chain,100,99,24,13889,0,0,0,0,100
body_state_setup,graph_chain,100,99,24,3204,0,0,0,0,0
machine_state_setup,graph_chain,100,99,25,13667,0,0,0,0,100
body_state_setup,graph_chain,100,99,25,2760,0,0,0,0,0
machine_state_setup,graph_chain,100,99,26,15296,0,0,0,0,100
body_state_setup,graph_chain,100,99,26,3055,0,0,0,0,0
machine_state_setup,graph_chain,100,99,27,13908,0,0,0,0,100
body_state_setup,graph_chain,100,99,27,3056,0,0,0,0,0
machine_state_setup,graph_chain,100,99,28,13833,0,0,0,0,100
body_state_setup,graph_chain,100,99,28,3111,0,0,0,0,0
machine_state_setup,graph_chain,100,99,29,18333,0,0,0,0,100
body_state_setup,graph_chain,100,99,29,3056,0,0,0,0,0
machine_state_setup,graph_chain,100,99,30,13852,0,0,0,0,100
body_state_setup,graph_chain,100,99,30,2926,0,0,0,0,0
machine_state_setup,graph_chain,100,99,31,15000,0,0,0,0,100
body_state_setup,graph_chain,100,99,31,3000,0,0,0,0,0
machine_state_setup,graph_chain,100,99,32,13815,0,0,0,0,100
body_state_setup,graph_chain,100,99,32,2981,0,0,0,0,0
machine_state_setup,graph_chain,100,99,33,13629,0,0,0,0,100
body_state_setup,graph_chain,100,99,33,3055,0,0,0,0,0
machine_state_setup,graph_chain,100,99,34,15166,0,0,0,0,100
body_state_setup,graph_chain,100,99,34,3056,0,0,0,0,0
machine_state_setup,graph_chain,100,99,35,13574,0,0,0,0,100
body_state_setup,graph_chain,100,99,35,3000,0,0,0,0,0
machine_state_setup,graph_chain,100,99,36,13703,0,0,0,0,100
body_state_setup,graph_chain,100,99,36,2870,0,0,0,0,0
machine_state_setup,graph_chain,100,99,37,15371,0,0,0,0,100
body_state_setup,graph_chain,100,99,37,2833,0,0,0,0,0
machine_state_setup,graph_chain,100,99,38,13685,0,0,0,0,100
body_state_setup,graph_chain,100,99,38,2889,0,0,0,0,0
machine_state_setup,graph_chain,100,99,39,13685,0,0,0,0,100
body_state_setup,graph_chain,100,99,39,2778,0,0,0,0,0
pure_machine_events_preseeded,graph_chain,100,99,0,268982,0,0,0,0,101
pure_machine_events_preseeded,graph_chain,100,99,1,263705,0,0,0,0,101
pure_machine_events_preseeded,graph_chain,100,99,2,264316,0,0,0,0,101
pure_machine_events_preseeded,graph_chain,100,99,3,264019,0,0,0,0,101
pure_machine_events_preseeded,graph_chain,100,99,4,263852,0,0,0,0,101
pure_machine_events_preseeded,graph_chain,100,99,5,263463,0,0,0,0,101
pure_machine_events_preseeded,graph_chain,100,99,6,263279,0,0,0,0,101
pure_machine_events_preseeded,graph_chain,100,99,7,263167,0,0,0,0,101
pure_machine_events_preseeded,graph_chain,100,99,8,263241,0,0,0,0,101
pure_machine_events_preseeded,graph_chain,100,99,9,270001,0,0,0,0,101
pure_machine_events_preseeded,graph_chain,100,99,10,263149,0,0,0,0,101
pure_machine_events_preseeded,graph_chain,100,99,11,263205,0,0,0,0,101
pure_machine_events_preseeded,graph_chain,100,99,12,263353,0,0,0,0,101
pure_machine_events_preseeded,graph_chain,100,99,13,263223,0,0,0,0,101
pure_machine_events_preseeded,graph_chain,100,99,14,263168,0,0,0,0,101
pure_machine_events_preseeded,graph_chain,100,99,15,262945,0,0,0,0,101
pure_machine_events_preseeded,graph_chain,100,99,16,263335,0,0,0,0,101
pure_machine_events_preseeded,graph_chain,100,99,17,262093,0,0,0,0,101
pure_machine_events_preseeded,graph_chain,100,99,18,263372,0,0,0,0,101
pure_machine_events_preseeded,graph_chain,100,99,19,263186,0,0,0,0,101
pure_machine_events_preseeded,graph_chain,100,99,20,262001,0,0,0,0,101
pure_machine_events_preseeded,graph_chain,100,99,21,264742,0,0,0,0,101
pure_machine_events_preseeded,graph_chain,100,99,22,264872,0,0,0,0,101
pure_machine_events_preseeded,graph_chain,100,99,23,264185,0,0,0,0,101
pure_machine_events_preseeded,graph_chain,100,99,24,268315,0,0,0,0,101
pure_machine_events_preseeded,graph_chain,100,99,25,263297,0,0,0,0,101
pure_machine_events_preseeded,graph_chain,100,99,26,263075,0,0,0,0,101
pure_machine_events_preseeded,graph_chain,100,99,27,263482,0,0,0,0,101
pure_machine_events_preseeded,graph_chain,100,99,28,262945,0,0,0,0,101
pure_machine_events_preseeded,graph_chain,100,99,29,263223,0,0,0,0,101
pure_machine_events_preseeded,graph_chain,100,99,30,263445,0,0,0,0,101
pure_machine_events_preseeded,graph_chain,100,99,31,263223,0,0,0,0,101
pure_machine_events_preseeded,graph_chain,100,99,32,261945,0,0,0,0,101
pure_machine_events_preseeded,graph_chain,100,99,33,263353,0,0,0,0,101
pure_machine_events_preseeded,graph_chain,100,99,34,263223,0,0,0,0,101
pure_machine_events_preseeded,graph_chain,100,99,35,263352,0,0,0,0,101
pure_machine_events_preseeded,graph_chain,100,99,36,263445,0,0,0,0,101
pure_machine_events_preseeded,graph_chain,100,99,37,811984,0,0,0,0,101
pure_machine_events_preseeded,graph_chain,100,99,38,267667,0,0,0,0,101
pure_machine_events_preseeded,graph_chain,100,99,39,265686,0,0,0,0,101
fixture_generation,graph_wide,100,99,0,15889,0,0,0,0,500
fixture_generation,graph_wide,100,99,1,15778,0,0,0,0,500
fixture_generation,graph_wide,100,99,2,15889,0,0,0,0,500
fixture_generation,graph_wide,100,99,3,15889,0,0,0,0,500
fixture_generation,graph_wide,100,99,4,15871,0,0,0,0,500
fixture_generation,graph_wide,100,99,5,16019,0,0,0,0,500
fixture_generation,graph_wide,100,99,6,16149,0,0,0,0,500
fixture_generation,graph_wide,100,99,7,16185,0,0,0,0,500
fixture_generation,graph_wide,100,99,8,16018,0,0,0,0,500
fixture_generation,graph_wide,100,99,9,16222,0,0,0,0,500
fixture_generation,graph_wide,100,99,10,16019,0,0,0,0,500
fixture_generation,graph_wide,100,99,11,17407,0,0,0,0,500
fixture_generation,graph_wide,100,99,12,16370,0,0,0,0,500
fixture_generation,graph_wide,100,99,13,16426,0,0,0,0,500
fixture_generation,graph_wide,100,99,14,16278,0,0,0,0,500
fixture_generation,graph_wide,100,99,15,16241,0,0,0,0,500
fixture_generation,graph_wide,100,99,16,16333,0,0,0,0,500
fixture_generation,graph_wide,100,99,17,16296,0,0,0,0,500
fixture_generation,graph_wide,100,99,18,15982,0,0,0,0,500
fixture_generation,graph_wide,100,99,19,16408,0,0,0,0,500
plan_build,graph_wide,100,99,0,167389,0,0,0,0,10
plan_build,graph_wide,100,99,1,147741,0,0,0,0,10
plan_build,graph_wide,100,99,2,143908,0,0,0,0,10
plan_build,graph_wide,100,99,3,143167,0,0,0,0,10
plan_build,graph_wide,100,99,4,142593,0,0,0,0,10
plan_build,graph_wide,100,99,5,142611,0,0,0,0,10
plan_build,graph_wide,100,99,6,142501,0,0,0,0,10
plan_build,graph_wide,100,99,7,141796,0,0,0,0,10
plan_build,graph_wide,100,99,8,141167,0,0,0,0,10
plan_build,graph_wide,100,99,9,140223,0,0,0,0,10
plan_build,graph_wide,100,99,10,140112,0,0,0,0,10
plan_build,graph_wide,100,99,11,138723,0,0,0,0,10
plan_build,graph_wide,100,99,12,140426,0,0,0,0,10
plan_build,graph_wide,100,99,13,140019,0,0,0,0,10
plan_build,graph_wide,100,99,14,140167,0,0,0,0,10
plan_build,graph_wide,100,99,15,139649,0,0,0,0,10
plan_build,graph_wide,100,99,16,139408,0,0,0,0,10
plan_build,graph_wide,100,99,17,139482,0,0,0,0,10
plan_build,graph_wide,100,99,18,139241,0,0,0,0,10
plan_build,graph_wide,100,99,19,152389,0,0,0,0,10
plan_build_alloc,graph_wide,100,99,0,0,1176,305413,0,0,10
plan_declaration,graph_wide,100,99,0,49204,0,0,0,0,100
plan_validation_freeze,graph_wide,100,99,0,105834,0,0,0,0,10
plan_declaration,graph_wide,100,99,1,46945,0,0,0,0,100
plan_validation_freeze,graph_wide,100,99,1,105038,0,0,0,0,10
plan_declaration,graph_wide,100,99,2,47112,0,0,0,0,100
plan_validation_freeze,graph_wide,100,99,2,105001,0,0,0,0,10
plan_declaration,graph_wide,100,99,3,46426,0,0,0,0,100
plan_validation_freeze,graph_wide,100,99,3,104352,0,0,0,0,10
plan_declaration,graph_wide,100,99,4,46186,0,0,0,0,100
plan_validation_freeze,graph_wide,100,99,4,104389,0,0,0,0,10
plan_declaration,graph_wide,100,99,5,46241,0,0,0,0,100
plan_validation_freeze,graph_wide,100,99,5,104426,0,0,0,0,10
plan_declaration,graph_wide,100,99,6,46704,0,0,0,0,100
plan_validation_freeze,graph_wide,100,99,6,104685,0,0,0,0,10
plan_declaration,graph_wide,100,99,7,46278,0,0,0,0,100
plan_validation_freeze,graph_wide,100,99,7,104926,0,0,0,0,10
plan_declaration,graph_wide,100,99,8,46426,0,0,0,0,100
plan_validation_freeze,graph_wide,100,99,8,104759,0,0,0,0,10
plan_declaration,graph_wide,100,99,9,46463,0,0,0,0,100
plan_validation_freeze,graph_wide,100,99,9,105075,0,0,0,0,10
plan_declaration,graph_wide,100,99,10,46278,0,0,0,0,100
plan_validation_freeze,graph_wide,100,99,10,104797,0,0,0,0,10
plan_declaration,graph_wide,100,99,11,46408,0,0,0,0,100
plan_validation_freeze,graph_wide,100,99,11,105037,0,0,0,0,10
plan_declaration,graph_wide,100,99,12,46241,0,0,0,0,100
plan_validation_freeze,graph_wide,100,99,12,105241,0,0,0,0,10
plan_declaration,graph_wide,100,99,13,46278,0,0,0,0,100
plan_validation_freeze,graph_wide,100,99,13,104778,0,0,0,0,10
plan_declaration,graph_wide,100,99,14,46167,0,0,0,0,100
plan_validation_freeze,graph_wide,100,99,14,104500,0,0,0,0,10
plan_declaration,graph_wide,100,99,15,46426,0,0,0,0,100
plan_validation_freeze,graph_wide,100,99,15,104315,0,0,0,0,10
plan_declaration,graph_wide,100,99,16,47148,0,0,0,0,100
plan_validation_freeze,graph_wide,100,99,16,104834,0,0,0,0,10
plan_declaration,graph_wide,100,99,17,46259,0,0,0,0,100
plan_validation_freeze,graph_wide,100,99,17,105390,0,0,0,0,10
plan_declaration,graph_wide,100,99,18,46241,0,0,0,0,100
plan_validation_freeze,graph_wide,100,99,18,105000,0,0,0,0,10
plan_declaration,graph_wide,100,99,19,46315,0,0,0,0,100
plan_validation_freeze,graph_wide,100,99,19,104593,0,0,0,0,10
plan_declaration_alloc,graph_wide,100,99,0,0,536,126951,0,0,100
plan_validation_freeze_alloc,graph_wide,100,99,0,0,640,178462,0,0,10
engine_execution,graph_wide,100,99,0,662983,0,0,0,0,98
engine_execution,graph_wide,100,99,1,661224,0,0,0,0,99
engine_execution,graph_wide,100,99,2,660817,0,0,0,0,96
engine_execution,graph_wide,100,99,3,667816,0,0,0,0,97
engine_execution,graph_wide,100,99,4,657391,0,0,0,0,102
engine_execution,graph_wide,100,99,5,656743,0,0,0,0,103
engine_execution,graph_wide,100,99,6,659409,0,0,0,0,100
engine_execution,graph_wide,100,99,7,656965,0,0,0,0,101
engine_execution,graph_wide,100,99,8,661928,0,0,0,0,106
engine_execution,graph_wide,100,99,9,661409,0,0,0,0,107
engine_execution,graph_wide,100,99,10,660761,0,0,0,0,104
engine_execution,graph_wide,100,99,11,658132,0,0,0,0,105
engine_execution,graph_wide,100,99,12,660576,0,0,0,0,110
engine_execution,graph_wide,100,99,13,656799,0,0,0,0,111
engine_execution,graph_wide,100,99,14,658428,0,0,0,0,108
engine_execution,graph_wide,100,99,15,664465,0,0,0,0,109
engine_execution,graph_wide,100,99,16,659687,0,0,0,0,114
engine_execution,graph_wide,100,99,17,661761,0,0,0,0,115
engine_execution,graph_wide,100,99,18,657854,0,0,0,0,112
engine_execution,graph_wide,100,99,19,657132,0,0,0,0,113
engine_execution,graph_wide,100,99,20,660002,0,0,0,0,118
engine_execution,graph_wide,100,99,21,665483,0,0,0,0,119
engine_execution,graph_wide,100,99,22,661225,0,0,0,0,116
engine_execution,graph_wide,100,99,23,661650,0,0,0,0,117
engine_execution,graph_wide,100,99,24,657891,0,0,0,0,122
engine_execution,graph_wide,100,99,25,659928,0,0,0,0,123
engine_execution,graph_wide,100,99,26,657909,0,0,0,0,120
engine_execution,graph_wide,100,99,27,661669,0,0,0,0,121
engine_execution,graph_wide,100,99,28,659316,0,0,0,0,126
engine_execution,graph_wide,100,99,29,657557,0,0,0,0,127
engine_execution,graph_wide,100,99,30,655409,0,0,0,0,124
engine_execution,graph_wide,100,99,31,654817,0,0,0,0,125
engine_execution,graph_wide,100,99,32,657057,0,0,0,0,66
engine_execution,graph_wide,100,99,33,665076,0,0,0,0,67
engine_execution,graph_wide,100,99,34,659057,0,0,0,0,64
engine_execution,graph_wide,100,99,35,656021,0,0,0,0,65
engine_execution,graph_wide,100,99,36,658354,0,0,0,0,70
engine_execution,graph_wide,100,99,37,659724,0,0,0,0,71
engine_execution,graph_wide,100,99,38,657521,0,0,0,0,68
engine_execution,graph_wide,100,99,39,661058,0,0,0,0,69
engine_execution_alloc,graph_wide,100,99,0,0,4990,488503,0,0,23096
machine_state_setup,graph_wide,100,99,0,16944,0,0,0,0,100
body_state_setup,graph_wide,100,99,0,3500,0,0,0,0,0
machine_state_setup,graph_wide,100,99,1,13907,0,0,0,0,100
body_state_setup,graph_wide,100,99,1,2907,0,0,0,0,0
machine_state_setup,graph_wide,100,99,2,13722,0,0,0,0,100
body_state_setup,graph_wide,100,99,2,3074,0,0,0,0,0
machine_state_setup,graph_wide,100,99,3,13704,0,0,0,0,100
body_state_setup,graph_wide,100,99,3,3889,0,0,0,0,0
machine_state_setup,graph_wide,100,99,4,13630,0,0,0,0,100
body_state_setup,graph_wide,100,99,4,2963,0,0,0,0,0
machine_state_setup,graph_wide,100,99,5,13352,0,0,0,0,100
body_state_setup,graph_wide,100,99,5,2852,0,0,0,0,0
machine_state_setup,graph_wide,100,99,6,13444,0,0,0,0,100
body_state_setup,graph_wide,100,99,6,2963,0,0,0,0,0
machine_state_setup,graph_wide,100,99,7,13445,0,0,0,0,100
body_state_setup,graph_wide,100,99,7,2945,0,0,0,0,0
machine_state_setup,graph_wide,100,99,8,13389,0,0,0,0,100
body_state_setup,graph_wide,100,99,8,2981,0,0,0,0,0
machine_state_setup,graph_wide,100,99,9,13444,0,0,0,0,100
body_state_setup,graph_wide,100,99,9,2796,0,0,0,0,0
machine_state_setup,graph_wide,100,99,10,13426,0,0,0,0,100
body_state_setup,graph_wide,100,99,10,2815,0,0,0,0,0
machine_state_setup,graph_wide,100,99,11,13334,0,0,0,0,100
body_state_setup,graph_wide,100,99,11,2722,0,0,0,0,0
machine_state_setup,graph_wide,100,99,12,13352,0,0,0,0,100
body_state_setup,graph_wide,100,99,12,2667,0,0,0,0,0
machine_state_setup,graph_wide,100,99,13,13278,0,0,0,0,100
body_state_setup,graph_wide,100,99,13,2889,0,0,0,0,0
machine_state_setup,graph_wide,100,99,14,13388,0,0,0,0,100
body_state_setup,graph_wide,100,99,14,3000,0,0,0,0,0
machine_state_setup,graph_wide,100,99,15,13371,0,0,0,0,100
body_state_setup,graph_wide,100,99,15,3019,0,0,0,0,0
machine_state_setup,graph_wide,100,99,16,13333,0,0,0,0,100
body_state_setup,graph_wide,100,99,16,2944,0,0,0,0,0
machine_state_setup,graph_wide,100,99,17,16852,0,0,0,0,100
body_state_setup,graph_wide,100,99,17,2981,0,0,0,0,0
machine_state_setup,graph_wide,100,99,18,13259,0,0,0,0,100
body_state_setup,graph_wide,100,99,18,2851,0,0,0,0,0
machine_state_setup,graph_wide,100,99,19,13296,0,0,0,0,100
body_state_setup,graph_wide,100,99,19,2889,0,0,0,0,0
machine_state_setup,graph_wide,100,99,20,21778,0,0,0,0,100
body_state_setup,graph_wide,100,99,20,2908,0,0,0,0,0
machine_state_setup,graph_wide,100,99,21,13519,0,0,0,0,100
body_state_setup,graph_wide,100,99,21,2815,0,0,0,0,0
machine_state_setup,graph_wide,100,99,22,14203,0,0,0,0,100
body_state_setup,graph_wide,100,99,22,2870,0,0,0,0,0
machine_state_setup,graph_wide,100,99,23,15186,0,0,0,0,100
body_state_setup,graph_wide,100,99,23,2926,0,0,0,0,0
machine_state_setup,graph_wide,100,99,24,13352,0,0,0,0,100
body_state_setup,graph_wide,100,99,24,3093,0,0,0,0,0
machine_state_setup,graph_wide,100,99,25,13370,0,0,0,0,100
body_state_setup,graph_wide,100,99,25,2981,0,0,0,0,0
machine_state_setup,graph_wide,100,99,26,15074,0,0,0,0,100
body_state_setup,graph_wide,100,99,26,2963,0,0,0,0,0
machine_state_setup,graph_wide,100,99,27,13240,0,0,0,0,100
body_state_setup,graph_wide,100,99,27,2889,0,0,0,0,0
machine_state_setup,graph_wide,100,99,28,13241,0,0,0,0,100
body_state_setup,graph_wide,100,99,28,2871,0,0,0,0,0
machine_state_setup,graph_wide,100,99,29,14759,0,0,0,0,100
body_state_setup,graph_wide,100,99,29,2944,0,0,0,0,0
machine_state_setup,graph_wide,100,99,30,13166,0,0,0,0,100
body_state_setup,graph_wide,100,99,30,3037,0,0,0,0,0
machine_state_setup,graph_wide,100,99,31,13241,0,0,0,0,100
body_state_setup,graph_wide,100,99,31,2908,0,0,0,0,0
machine_state_setup,graph_wide,100,99,32,14704,0,0,0,0,100
body_state_setup,graph_wide,100,99,32,2963,0,0,0,0,0
machine_state_setup,graph_wide,100,99,33,13185,0,0,0,0,100
body_state_setup,graph_wide,100,99,33,3148,0,0,0,0,0
machine_state_setup,graph_wide,100,99,34,14759,0,0,0,0,100
body_state_setup,graph_wide,100,99,34,2908,0,0,0,0,0
machine_state_setup,graph_wide,100,99,35,13149,0,0,0,0,100
body_state_setup,graph_wide,100,99,35,2908,0,0,0,0,0
machine_state_setup,graph_wide,100,99,36,13241,0,0,0,0,100
body_state_setup,graph_wide,100,99,36,2870,0,0,0,0,0
machine_state_setup,graph_wide,100,99,37,14630,0,0,0,0,100
body_state_setup,graph_wide,100,99,37,2981,0,0,0,0,0
machine_state_setup,graph_wide,100,99,38,13166,0,0,0,0,100
body_state_setup,graph_wide,100,99,38,2963,0,0,0,0,0
machine_state_setup,graph_wide,100,99,39,13148,0,0,0,0,100
body_state_setup,graph_wide,100,99,39,2926,0,0,0,0,0
fixture_generation,graph_sparse,100,99,0,16000,0,0,0,0,500
fixture_generation,graph_sparse,100,99,1,15537,0,0,0,0,500
fixture_generation,graph_sparse,100,99,2,15723,0,0,0,0,500
fixture_generation,graph_sparse,100,99,3,15685,0,0,0,0,500
fixture_generation,graph_sparse,100,99,4,15703,0,0,0,0,500
fixture_generation,graph_sparse,100,99,5,15500,0,0,0,0,500
fixture_generation,graph_sparse,100,99,6,15723,0,0,0,0,500
fixture_generation,graph_sparse,100,99,7,15852,0,0,0,0,500
fixture_generation,graph_sparse,100,99,8,15834,0,0,0,0,500
fixture_generation,graph_sparse,100,99,9,15907,0,0,0,0,500
fixture_generation,graph_sparse,100,99,10,15852,0,0,0,0,500
fixture_generation,graph_sparse,100,99,11,15889,0,0,0,0,500
fixture_generation,graph_sparse,100,99,12,16000,0,0,0,0,500
fixture_generation,graph_sparse,100,99,13,16000,0,0,0,0,500
fixture_generation,graph_sparse,100,99,14,16111,0,0,0,0,500
fixture_generation,graph_sparse,100,99,15,16167,0,0,0,0,500
fixture_generation,graph_sparse,100,99,16,15945,0,0,0,0,500
fixture_generation,graph_sparse,100,99,17,16019,0,0,0,0,500
fixture_generation,graph_sparse,100,99,18,16037,0,0,0,0,500
fixture_generation,graph_sparse,100,99,19,15981,0,0,0,0,500
plan_build,graph_sparse,100,99,0,148852,0,0,0,0,12
plan_build,graph_sparse,100,99,1,141112,0,0,0,0,12
plan_build,graph_sparse,100,99,2,139463,0,0,0,0,12
plan_build,graph_sparse,100,99,3,138352,0,0,0,0,12
plan_build,graph_sparse,100,99,4,137407,0,0,0,0,12
plan_build,graph_sparse,100,99,5,138260,0,0,0,0,12
plan_build,graph_sparse,100,99,6,137464,0,0,0,0,12
plan_build,graph_sparse,100,99,7,136796,0,0,0,0,12
plan_build,graph_sparse,100,99,8,136982,0,0,0,0,12
plan_build,graph_sparse,100,99,9,135871,0,0,0,0,12
plan_build,graph_sparse,100,99,10,136445,0,0,0,0,12
plan_build,graph_sparse,100,99,11,136704,0,0,0,0,12
plan_build,graph_sparse,100,99,12,135704,0,0,0,0,12
plan_build,graph_sparse,100,99,13,137019,0,0,0,0,12
plan_build,graph_sparse,100,99,14,136667,0,0,0,0,12
plan_build,graph_sparse,100,99,15,141722,0,0,0,0,12
plan_build,graph_sparse,100,99,16,136371,0,0,0,0,12
plan_build,graph_sparse,100,99,17,135685,0,0,0,0,12
plan_build,graph_sparse,100,99,18,136723,0,0,0,0,12
plan_build,graph_sparse,100,99,19,136167,0,0,0,0,12
plan_build_alloc,graph_sparse,100,99,0,0,1220,305001,0,0,12
plan_declaration,graph_sparse,100,99,0,47501,0,0,0,0,100
plan_validation_freeze,graph_sparse,100,99,0,102408,0,0,0,0,12
plan_declaration,graph_sparse,100,99,1,46296,0,0,0,0,100
plan_validation_freeze,graph_sparse,100,99,1,101723,0,0,0,0,12
plan_declaration,graph_sparse,100,99,2,46166,0,0,0,0,100
plan_validation_freeze,graph_sparse,100,99,2,102315,0,0,0,0,12
plan_declaration,graph_sparse,100,99,3,46538,0,0,0,0,100
plan_validation_freeze,graph_sparse,100,99,3,102111,0,0,0,0,12
plan_declaration,graph_sparse,100,99,4,46018,0,0,0,0,100
plan_validation_freeze,graph_sparse,100,99,4,101704,0,0,0,0,12
plan_declaration,graph_sparse,100,99,5,45982,0,0,0,0,100
plan_validation_freeze,graph_sparse,100,99,5,101796,0,0,0,0,12
plan_declaration,graph_sparse,100,99,6,45815,0,0,0,0,100
plan_validation_freeze,graph_sparse,100,99,6,101797,0,0,0,0,12
plan_declaration,graph_sparse,100,99,7,46148,0,0,0,0,100
plan_validation_freeze,graph_sparse,100,99,7,101815,0,0,0,0,12
plan_declaration,graph_sparse,100,99,8,46278,0,0,0,0,100
plan_validation_freeze,graph_sparse,100,99,8,102445,0,0,0,0,12
plan_declaration,graph_sparse,100,99,9,46389,0,0,0,0,100
plan_validation_freeze,graph_sparse,100,99,9,101907,0,0,0,0,12
plan_declaration,graph_sparse,100,99,10,46223,0,0,0,0,100
plan_validation_freeze,graph_sparse,100,99,10,101945,0,0,0,0,12
plan_declaration,graph_sparse,100,99,11,46056,0,0,0,0,100
plan_validation_freeze,graph_sparse,100,99,11,101926,0,0,0,0,12
plan_declaration,graph_sparse,100,99,12,46260,0,0,0,0,100
plan_validation_freeze,graph_sparse,100,99,12,101204,0,0,0,0,12
plan_declaration,graph_sparse,100,99,13,45889,0,0,0,0,100
plan_validation_freeze,graph_sparse,100,99,13,101538,0,0,0,0,12
plan_declaration,graph_sparse,100,99,14,46333,0,0,0,0,100
plan_validation_freeze,graph_sparse,100,99,14,101389,0,0,0,0,12
plan_declaration,graph_sparse,100,99,15,45963,0,0,0,0,100
plan_validation_freeze,graph_sparse,100,99,15,102186,0,0,0,0,12
plan_declaration,graph_sparse,100,99,16,46019,0,0,0,0,100
plan_validation_freeze,graph_sparse,100,99,16,101519,0,0,0,0,12
plan_declaration,graph_sparse,100,99,17,45740,0,0,0,0,100
plan_validation_freeze,graph_sparse,100,99,17,105926,0,0,0,0,12
plan_declaration,graph_sparse,100,99,18,46296,0,0,0,0,100
plan_validation_freeze,graph_sparse,100,99,18,101482,0,0,0,0,12
plan_declaration,graph_sparse,100,99,19,46000,0,0,0,0,100
plan_validation_freeze,graph_sparse,100,99,19,101315,0,0,0,0,12
plan_declaration_alloc,graph_sparse,100,99,0,0,536,126953,0,0,100
plan_validation_freeze_alloc,graph_sparse,100,99,0,0,684,178048,0,0,12
engine_execution,graph_sparse,100,99,0,714687,0,0,0,0,71
engine_execution,graph_sparse,100,99,1,715280,0,0,0,0,70
engine_execution,graph_sparse,100,99,2,721502,0,0,0,0,69
engine_execution,graph_sparse,100,99,3,712687,0,0,0,0,68
engine_execution,graph_sparse,100,99,4,713502,0,0,0,0,67
engine_execution,graph_sparse,100,99,5,713114,0,0,0,0,66
engine_execution,graph_sparse,100,99,6,714428,0,0,0,0,65
engine_execution,graph_sparse,100,99,7,728114,0,0,0,0,64
engine_execution,graph_sparse,100,99,8,714817,0,0,0,0,79
engine_execution,graph_sparse,100,99,9,712225,0,0,0,0,78
engine_execution,graph_sparse,100,99,10,713280,0,0,0,0,77
engine_execution,graph_sparse,100,99,11,714076,0,0,0,0,76
engine_execution,graph_sparse,100,99,12,712465,0,0,0,0,75
engine_execution,graph_sparse,100,99,13,719021,0,0,0,0,74
engine_execution,graph_sparse,100,99,14,711002,0,0,0,0,73
engine_execution,graph_sparse,100,99,15,710428,0,0,0,0,72
engine_execution,graph_sparse,100,99,16,712465,0,0,0,0,87
engine_execution,graph_sparse,100,99,17,711354,0,0,0,0,86
engine_execution,graph_sparse,100,99,18,719613,0,0,0,0,85
engine_execution,graph_sparse,100,99,19,714706,0,0,0,0,84
engine_execution,graph_sparse,100,99,20,714688,0,0,0,0,83
engine_execution,graph_sparse,100,99,21,709502,0,0,0,0,82
engine_execution,graph_sparse,100,99,22,713799,0,0,0,0,81
engine_execution,graph_sparse,100,99,23,713409,0,0,0,0,80
engine_execution,graph_sparse,100,99,24,717428,0,0,0,0,95
engine_execution,graph_sparse,100,99,25,713150,0,0,0,0,94
engine_execution,graph_sparse,100,99,26,712687,0,0,0,0,93
engine_execution,graph_sparse,100,99,27,712891,0,0,0,0,92
engine_execution,graph_sparse,100,99,28,711779,0,0,0,0,91
engine_execution,graph_sparse,100,99,29,712798,0,0,0,0,90
engine_execution,graph_sparse,100,99,30,719725,0,0,0,0,89
engine_execution,graph_sparse,100,99,31,716539,0,0,0,0,88
engine_execution,graph_sparse,100,99,32,715466,0,0,0,0,103
engine_execution,graph_sparse,100,99,33,713280,0,0,0,0,102
engine_execution,graph_sparse,100,99,34,712817,0,0,0,0,101
engine_execution,graph_sparse,100,99,35,717280,0,0,0,0,100
engine_execution,graph_sparse,100,99,36,716132,0,0,0,0,99
engine_execution,graph_sparse,100,99,37,716114,0,0,0,0,98
engine_execution,graph_sparse,100,99,38,712262,0,0,0,0,97
engine_execution,graph_sparse,100,99,39,717687,0,0,0,0,96
engine_execution_alloc,graph_sparse,100,99,0,0,5166,514425,0,0,23069
machine_state_setup,graph_sparse,100,99,0,16945,0,0,0,0,100
body_state_setup,graph_sparse,100,99,0,3444,0,0,0,0,0
machine_state_setup,graph_sparse,100,99,1,14074,0,0,0,0,100
body_state_setup,graph_sparse,100,99,1,2982,0,0,0,0,0
machine_state_setup,graph_sparse,100,99,2,13778,0,0,0,0,100
body_state_setup,graph_sparse,100,99,2,3074,0,0,0,0,0
machine_state_setup,graph_sparse,100,99,3,13667,0,0,0,0,100
body_state_setup,graph_sparse,100,99,3,2926,0,0,0,0,0
machine_state_setup,graph_sparse,100,99,4,13667,0,0,0,0,100
body_state_setup,graph_sparse,100,99,4,2982,0,0,0,0,0
machine_state_setup,graph_sparse,100,99,5,13593,0,0,0,0,100
body_state_setup,graph_sparse,100,99,5,2834,0,0,0,0,0
machine_state_setup,graph_sparse,100,99,6,13574,0,0,0,0,100
body_state_setup,graph_sparse,100,99,6,3000,0,0,0,0,0
machine_state_setup,graph_sparse,100,99,7,17556,0,0,0,0,100
body_state_setup,graph_sparse,100,99,7,2833,0,0,0,0,0
machine_state_setup,graph_sparse,100,99,8,13630,0,0,0,0,100
body_state_setup,graph_sparse,100,99,8,3074,0,0,0,0,0
machine_state_setup,graph_sparse,100,99,9,13537,0,0,0,0,100
body_state_setup,graph_sparse,100,99,9,2871,0,0,0,0,0
machine_state_setup,graph_sparse,100,99,10,13593,0,0,0,0,100
body_state_setup,graph_sparse,100,99,10,2982,0,0,0,0,0
machine_state_setup,graph_sparse,100,99,11,13556,0,0,0,0,100
body_state_setup,graph_sparse,100,99,11,3037,0,0,0,0,0
machine_state_setup,graph_sparse,100,99,12,13593,0,0,0,0,100
body_state_setup,graph_sparse,100,99,12,3018,0,0,0,0,0
machine_state_setup,graph_sparse,100,99,13,13555,0,0,0,0,100
body_state_setup,graph_sparse,100,99,13,2870,0,0,0,0,0
machine_state_setup,graph_sparse,100,99,14,13574,0,0,0,0,100
body_state_setup,graph_sparse,100,99,14,2815,0,0,0,0,0
machine_state_setup,graph_sparse,100,99,15,13518,0,0,0,0,100
body_state_setup,graph_sparse,100,99,15,2852,0,0,0,0,0
machine_state_setup,graph_sparse,100,99,16,13685,0,0,0,0,100
body_state_setup,graph_sparse,100,99,16,2889,0,0,0,0,0
machine_state_setup,graph_sparse,100,99,17,13592,0,0,0,0,100
body_state_setup,graph_sparse,100,99,17,2907,0,0,0,0,0
machine_state_setup,graph_sparse,100,99,18,15426,0,0,0,0,100
body_state_setup,graph_sparse,100,99,18,3148,0,0,0,0,0
machine_state_setup,graph_sparse,100,99,19,13574,0,0,0,0,100
body_state_setup,graph_sparse,100,99,19,2889,0,0,0,0,0
machine_state_setup,graph_sparse,100,99,20,13537,0,0,0,0,100
body_state_setup,graph_sparse,100,99,20,2852,0,0,0,0,0
machine_state_setup,graph_sparse,100,99,21,15019,0,0,0,0,100
body_state_setup,graph_sparse,100,99,21,2945,0,0,0,0,0
machine_state_setup,graph_sparse,100,99,22,13630,0,0,0,0,100
body_state_setup,graph_sparse,100,99,22,2926,0,0,0,0,0
machine_state_setup,graph_sparse,100,99,23,13518,0,0,0,0,100
body_state_setup,graph_sparse,100,99,23,2870,0,0,0,0,0
machine_state_setup,graph_sparse,100,99,24,17740,0,0,0,0,100
body_state_setup,graph_sparse,100,99,24,2963,0,0,0,0,0
machine_state_setup,graph_sparse,100,99,25,13833,0,0,0,0,100
body_state_setup,graph_sparse,100,99,25,2815,0,0,0,0,0
machine_state_setup,graph_sparse,100,99,26,13593,0,0,0,0,100
body_state_setup,graph_sparse,100,99,26,2833,0,0,0,0,0
machine_state_setup,graph_sparse,100,99,27,15186,0,0,0,0,100
body_state_setup,graph_sparse,100,99,27,2759,0,0,0,0,0
machine_state_setup,graph_sparse,100,99,28,13482,0,0,0,0,100
body_state_setup,graph_sparse,100,99,28,2982,0,0,0,0,0
machine_state_setup,graph_sparse,100,99,29,14871,0,0,0,0,100
body_state_setup,graph_sparse,100,99,29,2889,0,0,0,0,0
machine_state_setup,graph_sparse,100,99,30,13444,0,0,0,0,100
body_state_setup,graph_sparse,100,99,30,2908,0,0,0,0,0
machine_state_setup,graph_sparse,100,99,31,13519,0,0,0,0,100
body_state_setup,graph_sparse,100,99,31,2908,0,0,0,0,0
machine_state_setup,graph_sparse,100,99,32,15037,0,0,0,0,100
body_state_setup,graph_sparse,100,99,32,2981,0,0,0,0,0
machine_state_setup,graph_sparse,100,99,33,13482,0,0,0,0,100
body_state_setup,graph_sparse,100,99,33,2907,0,0,0,0,0
machine_state_setup,graph_sparse,100,99,34,13407,0,0,0,0,100
body_state_setup,graph_sparse,100,99,34,2870,0,0,0,0,0
machine_state_setup,graph_sparse,100,99,35,14944,0,0,0,0,100
body_state_setup,graph_sparse,100,99,35,2963,0,0,0,0,0
machine_state_setup,graph_sparse,100,99,36,13407,0,0,0,0,100
body_state_setup,graph_sparse,100,99,36,2963,0,0,0,0,0
machine_state_setup,graph_sparse,100,99,37,13445,0,0,0,0,100
body_state_setup,graph_sparse,100,99,37,2889,0,0,0,0,0
machine_state_setup,graph_sparse,100,99,38,15445,0,0,0,0,100
body_state_setup,graph_sparse,100,99,38,2926,0,0,0,0,0
machine_state_setup,graph_sparse,100,99,39,13426,0,0,0,0,100
body_state_setup,graph_sparse,100,99,39,3037,0,0,0,0,0
fixture_generation,graph_chain,1000,999,0,148222,0,0,0,0,5000
fixture_generation,graph_chain,1000,999,1,147834,0,0,0,0,5000
fixture_generation,graph_chain,1000,999,2,147574,0,0,0,0,5000
fixture_generation,graph_chain,1000,999,3,147723,0,0,0,0,5000
fixture_generation,graph_chain,1000,999,4,147852,0,0,0,0,5000
fixture_generation,graph_chain,1000,999,5,147982,0,0,0,0,5000
fixture_generation,graph_chain,1000,999,6,147889,0,0,0,0,5000
fixture_generation,graph_chain,1000,999,7,147685,0,0,0,0,5000
fixture_generation,graph_chain,1000,999,8,147371,0,0,0,0,5000
fixture_generation,graph_chain,1000,999,9,147741,0,0,0,0,5000
fixture_generation,graph_chain,1000,999,10,147778,0,0,0,0,5000
fixture_generation,graph_chain,1000,999,11,147667,0,0,0,0,5000
fixture_generation,graph_chain,1000,999,12,147611,0,0,0,0,5000
fixture_generation,graph_chain,1000,999,13,147612,0,0,0,0,5000
fixture_generation,graph_chain,1000,999,14,147501,0,0,0,0,5000
fixture_generation,graph_chain,1000,999,15,147519,0,0,0,0,5000
fixture_generation,graph_chain,1000,999,16,147686,0,0,0,0,5000
fixture_generation,graph_chain,1000,999,17,147223,0,0,0,0,5000
fixture_generation,graph_chain,1000,999,18,147371,0,0,0,0,5000
fixture_generation,graph_chain,1000,999,19,147389,0,0,0,0,5000
plan_build,graph_chain,1000,999,0,4719255,0,0,0,0,11
plan_build,graph_chain,1000,999,1,4816589,0,0,0,0,11
plan_build,graph_chain,1000,999,2,4556681,0,0,0,0,11
plan_build,graph_chain,1000,999,3,4725681,0,0,0,0,11
plan_build,graph_chain,1000,999,4,4413847,0,0,0,0,11
plan_build,graph_chain,1000,999,5,4556810,0,0,0,0,11
plan_build,graph_chain,1000,999,6,4479940,0,0,0,0,11
plan_build,graph_chain,1000,999,7,4711737,0,0,0,0,11
plan_build,graph_chain,1000,999,8,4378846,0,0,0,0,11
plan_build,graph_chain,1000,999,9,4532162,0,0,0,0,11
plan_build,graph_chain,1000,999,10,4393698,0,0,0,0,11
plan_build,graph_chain,1000,999,11,4503347,0,0,0,0,11
plan_build,graph_chain,1000,999,12,4402125,0,0,0,0,11
plan_build,graph_chain,1000,999,13,4584847,0,0,0,0,11
plan_build,graph_chain,1000,999,14,4378884,0,0,0,0,11
plan_build,graph_chain,1000,999,15,4573847,0,0,0,0,11
plan_build,graph_chain,1000,999,16,4406087,0,0,0,0,11
plan_build,graph_chain,1000,999,17,4532199,0,0,0,0,11
plan_build,graph_chain,1000,999,18,4400587,0,0,0,0,11
plan_build,graph_chain,1000,999,19,4603403,0,0,0,0,11
plan_build_alloc,graph_chain,1000,999,0,0,12096,2543619,0,0,11
plan_declaration,graph_chain,1000,999,0,467353,0,0,0,0,1000
plan_validation_freeze,graph_chain,1000,999,0,4210531,0,0,0,0,11
plan_declaration,graph_chain,1000,999,1,477724,0,0,0,0,1000
plan_validation_freeze,graph_chain,1000,999,1,4083049,0,0,0,0,11
plan_declaration,graph_chain,1000,999,2,462779,0,0,0,0,1000
plan_validation_freeze,graph_chain,1000,999,2,4211716,0,0,0,0,11
plan_declaration,graph_chain,1000,999,3,464168,0,0,0,0,1000
plan_validation_freeze,graph_chain,1000,999,3,4058753,0,0,0,0,11
plan_declaration,graph_chain,1000,999,4,464464,0,0,0,0,1000
plan_validation_freeze,graph_chain,1000,999,4,4302069,0,0,0,0,11
plan_declaration,graph_chain,1000,999,5,495112,0,0,0,0,1000
plan_validation_freeze,graph_chain,1000,999,5,4146161,0,0,0,0,11
plan_declaration,graph_chain,1000,999,6,467298,0,0,0,0,1000
plan_validation_freeze,graph_chain,1000,999,6,4193439,0,0,0,0,11
plan_declaration,graph_chain,1000,999,7,463187,0,0,0,0,1000
plan_validation_freeze,graph_chain,1000,999,7,4046938,0,0,0,0,11
plan_declaration,graph_chain,1000,999,8,469260,0,0,0,0,1000
plan_validation_freeze,graph_chain,1000,999,8,4207587,0,0,0,0,11
plan_declaration,graph_chain,1000,999,9,466742,0,0,0,0,1000
plan_validation_freeze,graph_chain,1000,999,9,4095049,0,0,0,0,11
plan_declaration,graph_chain,1000,999,10,468798,0,0,0,0,1000
plan_validation_freeze,graph_chain,1000,999,10,4217976,0,0,0,0,11
plan_declaration,graph_chain,1000,999,11,463335,0,0,0,0,1000
plan_validation_freeze,graph_chain,1000,999,11,4094809,0,0,0,0,11
plan_declaration,graph_chain,1000,999,12,467317,0,0,0,0,1000
plan_validation_freeze,graph_chain,1000,999,12,4288013,0,0,0,0,11
plan_declaration,graph_chain,1000,999,13,486742,0,0,0,0,1000
plan_validation_freeze,graph_chain,1000,999,13,4124549,0,0,0,0,11
plan_declaration,graph_chain,1000,999,14,500464,0,0,0,0,1000
plan_validation_freeze,graph_chain,1000,999,14,4214828,0,0,0,0,11
plan_declaration,graph_chain,1000,999,15,465372,0,0,0,0,1000
plan_validation_freeze,graph_chain,1000,999,15,4106216,0,0,0,0,11
plan_declaration,graph_chain,1000,999,16,464038,0,0,0,0,1000
plan_validation_freeze,graph_chain,1000,999,16,4208716,0,0,0,0,11
plan_declaration,graph_chain,1000,999,17,462631,0,0,0,0,1000
plan_validation_freeze,graph_chain,1000,999,17,4087772,0,0,0,0,11
plan_declaration,graph_chain,1000,999,18,461409,0,0,0,0,1000
plan_validation_freeze,graph_chain,1000,999,18,4245420,0,0,0,0,11
plan_declaration,graph_chain,1000,999,19,463871,0,0,0,0,1000
plan_validation_freeze,graph_chain,1000,999,19,4063975,0,0,0,0,11
plan_declaration_alloc,graph_chain,1000,999,0,0,5051,1046640,0,0,1000
plan_validation_freeze_alloc,graph_chain,1000,999,0,0,7045,1496979,0,0,11
engine_execution,graph_chain,1000,999,0,35943979,0,0,0,0,1
engine_execution,graph_chain,1000,999,1,35427866,0,0,0,0,0
engine_execution,graph_chain,1000,999,2,35395403,0,0,0,0,3
engine_execution,graph_chain,1000,999,3,35316588,0,0,0,0,2
engine_execution,graph_chain,1000,999,4,35485274,0,0,0,0,5
engine_execution,graph_chain,1000,999,5,35774256,0,0,0,0,4
engine_execution,graph_chain,1000,999,6,35476107,0,0,0,0,7
engine_execution,graph_chain,1000,999,7,35415477,0,0,0,0,6
engine_execution,graph_chain,1000,999,8,35216403,0,0,0,0,9
engine_execution,graph_chain,1000,999,9,35314014,0,0,0,0,8
engine_execution,graph_chain,1000,999,10,35218736,0,0,0,0,11
engine_execution,graph_chain,1000,999,11,35497181,0,0,0,0,10
engine_execution,graph_chain,1000,999,12,36009757,0,0,0,0,13
engine_execution,graph_chain,1000,999,13,37506946,0,0,0,0,12
engine_execution,graph_chain,1000,999,14,36724667,0,0,0,0,15
engine_execution,graph_chain,1000,999,15,35465755,0,0,0,0,14
engine_execution,graph_chain,1000,999,16,38553469,0,0,0,0,17
engine_execution,graph_chain,1000,999,17,35768126,0,0,0,0,16
engine_execution,graph_chain,1000,999,18,38536356,0,0,0,0,19
engine_execution,graph_chain,1000,999,19,35697385,0,0,0,0,18
engine_execution,graph_chain,1000,999,20,35494033,0,0,0,0,21
engine_execution,graph_chain,1000,999,21,35485700,0,0,0,0,20
engine_execution,graph_chain,1000,999,22,35757256,0,0,0,0,23
engine_execution,graph_chain,1000,999,23,35520718,0,0,0,0,22
engine_execution,graph_chain,1000,999,24,35796053,0,0,0,0,25
engine_execution,graph_chain,1000,999,25,36633703,0,0,0,0,24
engine_execution,graph_chain,1000,999,26,35618033,0,0,0,0,27
engine_execution,graph_chain,1000,999,27,42195257,0,0,0,0,26
engine_execution,graph_chain,1000,999,28,35645552,0,0,0,0,29
engine_execution,graph_chain,1000,999,29,36088831,0,0,0,0,28
engine_execution,graph_chain,1000,999,30,34332029,0,0,0,0,31
engine_execution,graph_chain,1000,999,31,35337348,0,0,0,0,30
engine_execution,graph_chain,1000,999,32,36192535,0,0,0,0,33
engine_execution,graph_chain,1000,999,33,35471200,0,0,0,0,32
engine_execution,graph_chain,1000,999,34,35260643,0,0,0,0,35
engine_execution,graph_chain,1000,999,35,35466070,0,0,0,0,34
engine_execution,graph_chain,1000,999,36,35388718,0,0,0,0,37
engine_execution,graph_chain,1000,999,37,35358644,0,0,0,0,36
engine_execution,graph_chain,1000,999,38,34260732,0,0,0,0,39
engine_execution,graph_chain,1000,999,39,36488110,0,0,0,0,38
engine_execution_alloc,graph_chain,1000,999,0,0,52069,19679208,0,0,23131
machine_state_setup,graph_chain,1000,999,0,192278,0,0,0,0,1000
body_state_setup,graph_chain,1000,999,0,4852,0,0,0,0,0
machine_state_setup,graph_chain,1000,999,1,160704,0,0,0,0,1000
body_state_setup,graph_chain,1000,999,1,3018,0,0,0,0,0
machine_state_setup,graph_chain,1000,999,2,155464,0,0,0,0,1000
body_state_setup,graph_chain,1000,999,2,2685,0,0,0,0,0
machine_state_setup,graph_chain,1000,999,3,163741,0,0,0,0,1000
body_state_setup,graph_chain,1000,999,3,3148,0,0,0,0,0
machine_state_setup,graph_chain,1000,999,4,151723,0,0,0,0,1000
body_state_setup,graph_chain,1000,999,4,2666,0,0,0,0,0
machine_state_setup,graph_chain,1000,999,5,148963,0,0,0,0,1000
body_state_setup,graph_chain,1000,999,5,2667,0,0,0,0,0
machine_state_setup,graph_chain,1000,999,6,149778,0,0,0,0,1000
body_state_setup,graph_chain,1000,999,6,2575,0,0,0,0,0
machine_state_setup,graph_chain,1000,999,7,151407,0,0,0,0,1000
body_state_setup,graph_chain,1000,999,7,2593,0,0,0,0,0
machine_state_setup,graph_chain,1000,999,8,152297,0,0,0,0,1000
body_state_setup,graph_chain,1000,999,8,2593,0,0,0,0,0
machine_state_setup,graph_chain,1000,999,9,149389,0,0,0,0,1000
body_state_setup,graph_chain,1000,999,9,2685,0,0,0,0,0
machine_state_setup,graph_chain,1000,999,10,149815,0,0,0,0,1000
body_state_setup,graph_chain,1000,999,10,2555,0,0,0,0,0
machine_state_setup,graph_chain,1000,999,11,148630,0,0,0,0,1000
body_state_setup,graph_chain,1000,999,11,2722,0,0,0,0,0
machine_state_setup,graph_chain,1000,999,12,149500,0,0,0,0,1000
body_state_setup,graph_chain,1000,999,12,2519,0,0,0,0,0
machine_state_setup,graph_chain,1000,999,13,152389,0,0,0,0,1000
body_state_setup,graph_chain,1000,999,13,2537,0,0,0,0,0
machine_state_setup,graph_chain,1000,999,14,149686,0,0,0,0,1000
body_state_setup,graph_chain,1000,999,14,2574,0,0,0,0,0
machine_state_setup,graph_chain,1000,999,15,150334,0,0,0,0,1000
body_state_setup,graph_chain,1000,999,15,2482,0,0,0,0,0
machine_state_setup,graph_chain,1000,999,16,165538,0,0,0,0,1000
body_state_setup,graph_chain,1000,999,16,3278,0,0,0,0,0
machine_state_setup,graph_chain,1000,999,17,158482,0,0,0,0,1000
body_state_setup,graph_chain,1000,999,17,2519,0,0,0,0,0
machine_state_setup,graph_chain,1000,999,18,178371,0,0,0,0,1000
body_state_setup,graph_chain,1000,999,18,3963,0,0,0,0,0
machine_state_setup,graph_chain,1000,999,19,155074,0,0,0,0,1000
body_state_setup,graph_chain,1000,999,19,2537,0,0,0,0,0
machine_state_setup,graph_chain,1000,999,20,156871,0,0,0,0,1000
body_state_setup,graph_chain,1000,999,20,2593,0,0,0,0,0
machine_state_setup,graph_chain,1000,999,21,159963,0,0,0,0,1000
body_state_setup,graph_chain,1000,999,21,2815,0,0,0,0,0
machine_state_setup,graph_chain,1000,999,22,152667,0,0,0,0,1000
body_state_setup,graph_chain,1000,999,22,2740,0,0,0,0,0
machine_state_setup,graph_chain,1000,999,23,156612,0,0,0,0,1000
body_state_setup,graph_chain,1000,999,23,2482,0,0,0,0,0
machine_state_setup,graph_chain,1000,999,24,159167,0,0,0,0,1000
body_state_setup,graph_chain,1000,999,24,2667,0,0,0,0,0
machine_state_setup,graph_chain,1000,999,25,164741,0,0,0,0,1000
body_state_setup,graph_chain,1000,999,25,2685,0,0,0,0,0
machine_state_setup,graph_chain,1000,999,26,157130,0,0,0,0,1000
body_state_setup,graph_chain,1000,999,26,2519,0,0,0,0,0
machine_state_setup,graph_chain,1000,999,27,156037,0,0,0,0,1000
body_state_setup,graph_chain,1000,999,27,2833,0,0,0,0,0
machine_state_setup,graph_chain,1000,999,28,166297,0,0,0,0,1000
body_state_setup,graph_chain,1000,999,28,3389,0,0,0,0,0
machine_state_setup,graph_chain,1000,999,29,156334,0,0,0,0,1000
body_state_setup,graph_chain,1000,999,29,2445,0,0,0,0,0
machine_state_setup,graph_chain,1000,999,30,160871,0,0,0,0,1000
body_state_setup,graph_chain,1000,999,30,2537,0,0,0,0,0
machine_state_setup,graph_chain,1000,999,31,154019,0,0,0,0,1000
body_state_setup,graph_chain,1000,999,31,2537,0,0,0,0,0
machine_state_setup,graph_chain,1000,999,32,156538,0,0,0,0,1000
body_state_setup,graph_chain,1000,999,32,2463,0,0,0,0,0
machine_state_setup,graph_chain,1000,999,33,158463,0,0,0,0,1000
body_state_setup,graph_chain,1000,999,33,2630,0,0,0,0,0
machine_state_setup,graph_chain,1000,999,34,163074,0,0,0,0,1000
body_state_setup,graph_chain,1000,999,34,2814,0,0,0,0,0
machine_state_setup,graph_chain,1000,999,35,155501,0,0,0,0,1000
body_state_setup,graph_chain,1000,999,35,2481,0,0,0,0,0
machine_state_setup,graph_chain,1000,999,36,155000,0,0,0,0,1000
body_state_setup,graph_chain,1000,999,36,2482,0,0,0,0,0
machine_state_setup,graph_chain,1000,999,37,159315,0,0,0,0,1000
body_state_setup,graph_chain,1000,999,37,2463,0,0,0,0,0
machine_state_setup,graph_chain,1000,999,38,154593,0,0,0,0,1000
body_state_setup,graph_chain,1000,999,38,2426,0,0,0,0,0
machine_state_setup,graph_chain,1000,999,39,157371,0,0,0,0,1000
body_state_setup,graph_chain,1000,999,39,2537,0,0,0,0,0
pure_machine_events_preseeded,graph_chain,1000,999,0,23781979,0,0,0,0,1001
pure_machine_events_preseeded,graph_chain,1000,999,1,23875220,0,0,0,0,1001
pure_machine_events_preseeded,graph_chain,1000,999,2,23448052,0,0,0,0,1001
pure_machine_events_preseeded,graph_chain,1000,999,3,23436052,0,0,0,0,1001
pure_machine_events_preseeded,graph_chain,1000,999,4,24997965,0,0,0,0,1001
pure_machine_events_preseeded,graph_chain,1000,999,5,23499442,0,0,0,0,1001
pure_machine_events_preseeded,graph_chain,1000,999,6,23501775,0,0,0,0,1001
pure_machine_events_preseeded,graph_chain,1000,999,7,23374182,0,0,0,0,1001
pure_machine_events_preseeded,graph_chain,1000,999,8,23830665,0,0,0,0,1001
pure_machine_events_preseeded,graph_chain,1000,999,9,23526163,0,0,0,0,1001
pure_machine_events_preseeded,graph_chain,1000,999,10,23463849,0,0,0,0,1001
pure_machine_events_preseeded,graph_chain,1000,999,11,23237551,0,0,0,0,1001
pure_machine_events_preseeded,graph_chain,1000,999,12,23450071,0,0,0,0,1001
pure_machine_events_preseeded,graph_chain,1000,999,13,23380848,0,0,0,0,1001
pure_machine_events_preseeded,graph_chain,1000,999,14,23754479,0,0,0,0,1001
pure_machine_events_preseeded,graph_chain,1000,999,15,28302918,0,0,0,0,1001
pure_machine_events_preseeded,graph_chain,1000,999,16,23456811,0,0,0,0,1001
pure_machine_events_preseeded,graph_chain,1000,999,17,23380052,0,0,0,0,1001
pure_machine_events_preseeded,graph_chain,1000,999,18,23897721,0,0,0,0,1001
pure_machine_events_preseeded,graph_chain,1000,999,19,23752850,0,0,0,0,1001
pure_machine_events_preseeded,graph_chain,1000,999,20,23447349,0,0,0,0,1001
pure_machine_events_preseeded,graph_chain,1000,999,21,23401349,0,0,0,0,1001
pure_machine_events_preseeded,graph_chain,1000,999,22,23438904,0,0,0,0,1001
pure_machine_events_preseeded,graph_chain,1000,999,23,23612331,0,0,0,0,1001
pure_machine_events_preseeded,graph_chain,1000,999,24,23506867,0,0,0,0,1001
pure_machine_events_preseeded,graph_chain,1000,999,25,23673534,0,0,0,0,1001
pure_machine_events_preseeded,graph_chain,1000,999,26,23478978,0,0,0,0,1001
pure_machine_events_preseeded,graph_chain,1000,999,27,23313014,0,0,0,0,1001
pure_machine_events_preseeded,graph_chain,1000,999,28,23457811,0,0,0,0,1001
pure_machine_events_preseeded,graph_chain,1000,999,29,23612349,0,0,0,0,1001
pure_machine_events_preseeded,graph_chain,1000,999,30,23428256,0,0,0,0,1001
pure_machine_events_preseeded,graph_chain,1000,999,31,23291459,0,0,0,0,1001
pure_machine_events_preseeded,graph_chain,1000,999,32,23785071,0,0,0,0,1001
pure_machine_events_preseeded,graph_chain,1000,999,33,23389571,0,0,0,0,1001
pure_machine_events_preseeded,graph_chain,1000,999,34,23423607,0,0,0,0,1001
pure_machine_events_preseeded,graph_chain,1000,999,35,23260088,0,0,0,0,1001
pure_machine_events_preseeded,graph_chain,1000,999,36,23746276,0,0,0,0,1001
pure_machine_events_preseeded,graph_chain,1000,999,37,23597738,0,0,0,0,1001
pure_machine_events_preseeded,graph_chain,1000,999,38,23474941,0,0,0,0,1001
pure_machine_events_preseeded,graph_chain,1000,999,39,23375867,0,0,0,0,1001
fixture_generation,graph_wide,1000,999,0,148501,0,0,0,0,5000
fixture_generation,graph_wide,1000,999,1,148352,0,0,0,0,5000
fixture_generation,graph_wide,1000,999,2,148648,0,0,0,0,5000
fixture_generation,graph_wide,1000,999,3,148167,0,0,0,0,5000
fixture_generation,graph_wide,1000,999,4,148130,0,0,0,0,5000
fixture_generation,graph_wide,1000,999,5,148278,0,0,0,0,5000
fixture_generation,graph_wide,1000,999,6,148278,0,0,0,0,5000
fixture_generation,graph_wide,1000,999,7,147686,0,0,0,0,5000
fixture_generation,graph_wide,1000,999,8,147982,0,0,0,0,5000
fixture_generation,graph_wide,1000,999,9,153408,0,0,0,0,5000
fixture_generation,graph_wide,1000,999,10,148019,0,0,0,0,5000
fixture_generation,graph_wide,1000,999,11,148316,0,0,0,0,5000
fixture_generation,graph_wide,1000,999,12,147982,0,0,0,0,5000
fixture_generation,graph_wide,1000,999,13,148148,0,0,0,0,5000
fixture_generation,graph_wide,1000,999,14,148186,0,0,0,0,5000
fixture_generation,graph_wide,1000,999,15,147649,0,0,0,0,5000
fixture_generation,graph_wide,1000,999,16,147778,0,0,0,0,5000
fixture_generation,graph_wide,1000,999,17,147445,0,0,0,0,5000
fixture_generation,graph_wide,1000,999,18,147371,0,0,0,0,5000
fixture_generation,graph_wide,1000,999,19,147427,0,0,0,0,5000
plan_build,graph_wide,1000,999,0,5476906,0,0,0,0,10
plan_build,graph_wide,1000,999,1,5338942,0,0,0,0,10
plan_build,graph_wide,1000,999,2,5226645,0,0,0,0,10
plan_build,graph_wide,1000,999,3,5213831,0,0,0,0,10
plan_build,graph_wide,1000,999,4,5298256,0,0,0,0,10
plan_build,graph_wide,1000,999,5,5191627,0,0,0,0,10
plan_build,graph_wide,1000,999,6,5168886,0,0,0,0,10
plan_build,graph_wide,1000,999,7,5168701,0,0,0,0,10
plan_build,graph_wide,1000,999,8,5176961,0,0,0,0,10
plan_build,graph_wide,1000,999,9,5245164,0,0,0,0,10
plan_build,graph_wide,1000,999,10,5202849,0,0,0,0,10
plan_build,graph_wide,1000,999,11,5166034,0,0,0,0,10
plan_build,graph_wide,1000,999,12,5138700,0,0,0,0,10
plan_build,graph_wide,1000,999,13,5165016,0,0,0,0,10
plan_build,graph_wide,1000,999,14,5148034,0,0,0,0,10
plan_build,graph_wide,1000,999,15,5230089,0,0,0,0,10
plan_build,graph_wide,1000,999,16,5785591,0,0,0,0,10
plan_build,graph_wide,1000,999,17,5553516,0,0,0,0,10
plan_build,graph_wide,1000,999,18,5377960,0,0,0,0,10
plan_build,graph_wide,1000,999,19,5300590,0,0,0,0,10
plan_build_alloc,graph_wide,1000,999,0,0,11106,2528001,0,0,10
plan_declaration,graph_wide,1000,999,0,485724,0,0,0,0,1000
plan_validation_freeze,graph_wide,1000,999,0,4895996,0,0,0,0,10
plan_declaration,graph_wide,1000,999,1,470631,0,0,0,0,1000
plan_validation_freeze,graph_wide,1000,999,1,4892959,0,0,0,0,10
plan_declaration,graph_wide,1000,999,2,469760,0,0,0,0,1000
plan_validation_freeze,graph_wide,1000,999,2,4873126,0,0,0,0,10
plan_declaration,graph_wide,1000,999,3,460983,0,0,0,0,1000
plan_validation_freeze,graph_wide,1000,999,3,4858551,0,0,0,0,10
plan_declaration,graph_wide,1000,999,4,460353,0,0,0,0,1000
plan_validation_freeze,graph_wide,1000,999,4,4847014,0,0,0,0,10
plan_declaration,graph_wide,1000,999,5,461002,0,0,0,0,1000
plan_validation_freeze,graph_wide,1000,999,5,4872811,0,0,0,0,10
plan_declaration,graph_wide,1000,999,6,461242,0,0,0,0,1000
plan_validation_freeze,graph_wide,1000,999,6,4965218,0,0,0,0,10
plan_declaration,graph_wide,1000,999,7,492594,0,0,0,0,1000
plan_validation_freeze,graph_wide,1000,999,7,4927737,0,0,0,0,10
plan_declaration,graph_wide,1000,999,8,468261,0,0,0,0,1000
plan_validation_freeze,graph_wide,1000,999,8,4879552,0,0,0,0,10
plan_declaration,graph_wide,1000,999,9,475872,0,0,0,0,1000
plan_validation_freeze,graph_wide,1000,999,9,4908459,0,0,0,0,10
plan_declaration,graph_wide,1000,999,10,464576,0,0,0,0,1000
plan_validation_freeze,graph_wide,1000,999,10,4866237,0,0,0,0,10
plan_declaration,graph_wide,1000,999,11,458927,0,0,0,0,1000
plan_validation_freeze,graph_wide,1000,999,11,4918626,0,0,0,0,10
plan_declaration,graph_wide,1000,999,12,460964,0,0,0,0,1000
plan_validation_freeze,graph_wide,1000,999,12,4881792,0,0,0,0,10
plan_declaration,graph_wide,1000,999,13,458261,0,0,0,0,1000
plan_validation_freeze,graph_wide,1000,999,13,4849496,0,0,0,0,10
plan_declaration,graph_wide,1000,999,14,476539,0,0,0,0,1000
plan_validation_freeze,graph_wide,1000,999,14,4852015,0,0,0,0,10
plan_declaration,graph_wide,1000,999,15,456390,0,0,0,0,1000
plan_validation_freeze,graph_wide,1000,999,15,4829644,0,0,0,0,10
plan_declaration,graph_wide,1000,999,16,432482,0,0,0,0,1000
plan_validation_freeze,graph_wide,1000,999,16,4895681,0,0,0,0,10
plan_declaration,graph_wide,1000,999,17,464854,0,0,0,0,1000
plan_validation_freeze,graph_wide,1000,999,17,4869182,0,0,0,0,10
plan_declaration,graph_wide,1000,999,18,433242,0,0,0,0,1000
plan_validation_freeze,graph_wide,1000,999,18,4825904,0,0,0,0,10
plan_declaration,graph_wide,1000,999,19,465168,0,0,0,0,1000
plan_validation_freeze,graph_wide,1000,999,19,4821403,0,0,0,0,10
plan_declaration_alloc,graph_wide,1000,999,0,0,5051,1046639,0,0,1000
plan_validation_freeze_alloc,graph_wide,1000,999,0,0,6055,1481362,0,0,10
engine_execution,graph_wide,1000,999,0,18970038,0,0,0,0,998
engine_execution,graph_wide,1000,999,1,19084076,0,0,0,0,999
engine_execution,graph_wide,1000,999,2,19099224,0,0,0,0,996
engine_execution,graph_wide,1000,999,3,19479948,0,0,0,0,997
engine_execution,graph_wide,1000,999,4,18968409,0,0,0,0,994
engine_execution,graph_wide,1000,999,5,19115113,0,0,0,0,995
engine_execution,graph_wide,1000,999,6,19791893,0,0,0,0,992
engine_execution,graph_wide,1000,999,7,19207872,0,0,0,0,993
engine_execution,graph_wide,1000,999,8,19388466,0,0,0,0,1006
engine_execution,graph_wide,1000,999,9,18986872,0,0,0,0,1007
engine_execution,graph_wide,1000,999,10,19111169,0,0,0,0,1004
engine_execution,graph_wide,1000,999,11,19233651,0,0,0,0,1005
engine_execution,graph_wide,1000,999,12,19464373,0,0,0,0,1002
engine_execution,graph_wide,1000,999,13,19305243,0,0,0,0,1003
engine_execution,graph_wide,1000,999,14,19116539,0,0,0,0,1000
engine_execution,graph_wide,1000,999,15,19335281,0,0,0,0,1001
engine_execution,graph_wide,1000,999,16,19317225,0,0,0,0,1014
engine_execution,graph_wide,1000,999,17,19234910,0,0,0,0,1015
engine_execution,graph_wide,1000,999,18,19499244,0,0,0,0,1012
engine_execution,graph_wide,1000,999,19,20018597,0,0,0,0,1013
engine_execution,graph_wide,1000,999,20,19254003,0,0,0,0,1010
engine_execution,graph_wide,1000,999,21,19285484,0,0,0,0,1011
engine_execution,graph_wide,1000,999,22,19174724,0,0,0,0,1008
engine_execution,graph_wide,1000,999,23,19167262,0,0,0,0,1009
engine_execution,graph_wide,1000,999,24,18969390,0,0,0,0,1022
engine_execution,graph_wide,1000,999,25,19196280,0,0,0,0,1023
engine_execution,graph_wide,1000,999,26,19168558,0,0,0,0,1020
engine_execution,graph_wide,1000,999,27,19159669,0,0,0,0,1021
engine_execution,graph_wide,1000,999,28,19164039,0,0,0,0,1018
engine_execution,graph_wide,1000,999,29,19108853,0,0,0,0,1019
engine_execution,graph_wide,1000,999,30,19109521,0,0,0,0,1016
engine_execution,graph_wide,1000,999,31,19380021,0,0,0,0,1017
engine_execution,graph_wide,1000,999,32,19776004,0,0,0,0,966
engine_execution,graph_wide,1000,999,33,19150835,0,0,0,0,967
engine_execution,graph_wide,1000,999,34,19166447,0,0,0,0,964
engine_execution,graph_wide,1000,999,35,19196651,0,0,0,0,965
engine_execution,graph_wide,1000,999,36,20794359,0,0,0,0,962
engine_execution,graph_wide,1000,999,37,19460762,0,0,0,0,963
engine_execution,graph_wide,1000,999,38,19331799,0,0,0,0,960
engine_execution,graph_wide,1000,999,39,22586623,0,0,0,0,961
engine_execution_alloc,graph_wide,1000,999,0,0,49164,12018743,0,0,22972
machine_state_setup,graph_wide,1000,999,0,217426,0,0,0,0,1000
body_state_setup,graph_wide,1000,999,0,7278,0,0,0,0,0
machine_state_setup,graph_wide,1000,999,1,171537,0,0,0,0,1000
body_state_setup,graph_wide,1000,999,1,3352,0,0,0,0,0
machine_state_setup,graph_wide,1000,999,2,161093,0,0,0,0,1000
body_state_setup,graph_wide,1000,999,2,3722,0,0,0,0,0
machine_state_setup,graph_wide,1000,999,3,160001,0,0,0,0,1000
body_state_setup,graph_wide,1000,999,3,3722,0,0,0,0,0
machine_state_setup,graph_wide,1000,999,4,154945,0,0,0,0,1000
body_state_setup,graph_wide,1000,999,4,2685,0,0,0,0,0
machine_state_setup,graph_wide,1000,999,5,155464,0,0,0,0,1000
body_state_setup,graph_wide,1000,999,5,2741,0,0,0,0,0
machine_state_setup,graph_wide,1000,999,6,154241,0,0,0,0,1000
body_state_setup,graph_wide,1000,999,6,3370,0,0,0,0,0
machine_state_setup,graph_wide,1000,999,7,153574,0,0,0,0,1000
body_state_setup,graph_wide,1000,999,7,2629,0,0,0,0,0
machine_state_setup,graph_wide,1000,999,8,152408,0,0,0,0,1000
body_state_setup,graph_wide,1000,999,8,2519,0,0,0,0,0
machine_state_setup,graph_wide,1000,999,9,154705,0,0,0,0,1000
body_state_setup,graph_wide,1000,999,9,2611,0,0,0,0,0
machine_state_setup,graph_wide,1000,999,10,150593,0,0,0,0,1000
body_state_setup,graph_wide,1000,999,10,2556,0,0,0,0,0
machine_state_setup,graph_wide,1000,999,11,150704,0,0,0,0,1000
body_state_setup,graph_wide,1000,999,11,2574,0,0,0,0,0
machine_state_setup,graph_wide,1000,999,12,179594,0,0,0,0,1000
body_state_setup,graph_wide,1000,999,12,5333,0,0,0,0,0
machine_state_setup,graph_wide,1000,999,13,154297,0,0,0,0,1000
body_state_setup,graph_wide,1000,999,13,2556,0,0,0,0,0
machine_state_setup,graph_wide,1000,999,14,154611,0,0,0,0,1000
body_state_setup,graph_wide,1000,999,14,2611,0,0,0,0,0
machine_state_setup,graph_wide,1000,999,15,152260,0,0,0,0,1000
body_state_setup,graph_wide,1000,999,15,2537,0,0,0,0,0
machine_state_setup,graph_wide,1000,999,16,151241,0,0,0,0,1000
body_state_setup,graph_wide,1000,999,16,2482,0,0,0,0,0
machine_state_setup,graph_wide,1000,999,17,151056,0,0,0,0,1000
body_state_setup,graph_wide,1000,999,17,2463,0,0,0,0,0
machine_state_setup,graph_wide,1000,999,18,167037,0,0,0,0,1000
body_state_setup,graph_wide,1000,999,18,4352,0,0,0,0,0
machine_state_setup,graph_wide,1000,999,19,160945,0,0,0,0,1000
body_state_setup,graph_wide,1000,999,19,2760,0,0,0,0,0
machine_state_setup,graph_wide,1000,999,20,175241,0,0,0,0,1000
body_state_setup,graph_wide,1000,999,20,4130,0,0,0,0,0
machine_state_setup,graph_wide,1000,999,21,158593,0,0,0,0,1000
body_state_setup,graph_wide,1000,999,21,2686,0,0,0,0,0
machine_state_setup,graph_wide,1000,999,22,156204,0,0,0,0,1000
body_state_setup,graph_wide,1000,999,22,2630,0,0,0,0,0
machine_state_setup,graph_wide,1000,999,23,163945,0,0,0,0,1000
body_state_setup,graph_wide,1000,999,23,2741,0,0,0,0,0
machine_state_setup,graph_wide,1000,999,24,154315,0,0,0,0,1000
body_state_setup,graph_wide,1000,999,24,2612,0,0,0,0,0
machine_state_setup,graph_wide,1000,999,25,158278,0,0,0,0,1000
body_state_setup,graph_wide,1000,999,25,2704,0,0,0,0,0
machine_state_setup,graph_wide,1000,999,26,159260,0,0,0,0,1000
body_state_setup,graph_wide,1000,999,26,2703,0,0,0,0,0
machine_state_setup,graph_wide,1000,999,27,164668,0,0,0,0,1000
body_state_setup,graph_wide,1000,999,27,2666,0,0,0,0,0
machine_state_setup,graph_wide,1000,999,28,162964,0,0,0,0,1000
body_state_setup,graph_wide,1000,999,28,2593,0,0,0,0,0
machine_state_setup,graph_wide,1000,999,29,162241,0,0,0,0,1000
body_state_setup,graph_wide,1000,999,29,2630,0,0,0,0,0
machine_state_setup,graph_wide,1000,999,30,157056,0,0,0,0,1000
body_state_setup,graph_wide,1000,999,30,2555,0,0,0,0,0
machine_state_setup,graph_wide,1000,999,31,155278,0,0,0,0,1000
body_state_setup,graph_wide,1000,999,31,2870,0,0,0,0,0
machine_state_setup,graph_wide,1000,999,32,157871,0,0,0,0,1000
body_state_setup,graph_wide,1000,999,32,2685,0,0,0,0,0
machine_state_setup,graph_wide,1000,999,33,154964,0,0,0,0,1000
body_state_setup,graph_wide,1000,999,33,2518,0,0,0,0,0
machine_state_setup,graph_wide,1000,999,34,153982,0,0,0,0,1000
body_state_setup,graph_wide,1000,999,34,2500,0,0,0,0,0
machine_state_setup,graph_wide,1000,999,35,158778,0,0,0,0,1000
body_state_setup,graph_wide,1000,999,35,2648,0,0,0,0,0
machine_state_setup,graph_wide,1000,999,36,179168,0,0,0,0,1000
body_state_setup,graph_wide,1000,999,36,3204,0,0,0,0,0
machine_state_setup,graph_wide,1000,999,37,162111,0,0,0,0,1000
body_state_setup,graph_wide,1000,999,37,2518,0,0,0,0,0
machine_state_setup,graph_wide,1000,999,38,160353,0,0,0,0,1000
body_state_setup,graph_wide,1000,999,38,2648,0,0,0,0,0
machine_state_setup,graph_wide,1000,999,39,165667,0,0,0,0,1000
body_state_setup,graph_wide,1000,999,39,2574,0,0,0,0,0
fixture_generation,graph_sparse,1000,999,0,149259,0,0,0,0,5000
fixture_generation,graph_sparse,1000,999,1,148537,0,0,0,0,5000
fixture_generation,graph_sparse,1000,999,2,148333,0,0,0,0,5000
fixture_generation,graph_sparse,1000,999,3,148297,0,0,0,0,5000
fixture_generation,graph_sparse,1000,999,4,149112,0,0,0,0,5000
fixture_generation,graph_sparse,1000,999,5,148704,0,0,0,0,5000
fixture_generation,graph_sparse,1000,999,6,148482,0,0,0,0,5000
fixture_generation,graph_sparse,1000,999,7,148778,0,0,0,0,5000
fixture_generation,graph_sparse,1000,999,8,148668,0,0,0,0,5000
fixture_generation,graph_sparse,1000,999,9,149370,0,0,0,0,5000
fixture_generation,graph_sparse,1000,999,10,148926,0,0,0,0,5000
fixture_generation,graph_sparse,1000,999,11,148927,0,0,0,0,5000
fixture_generation,graph_sparse,1000,999,12,149093,0,0,0,0,5000
fixture_generation,graph_sparse,1000,999,13,149186,0,0,0,0,5000
fixture_generation,graph_sparse,1000,999,14,148686,0,0,0,0,5000
fixture_generation,graph_sparse,1000,999,15,148723,0,0,0,0,5000
fixture_generation,graph_sparse,1000,999,16,148722,0,0,0,0,5000
fixture_generation,graph_sparse,1000,999,17,148797,0,0,0,0,5000
fixture_generation,graph_sparse,1000,999,18,148964,0,0,0,0,5000
fixture_generation,graph_sparse,1000,999,19,168648,0,0,0,0,5000
plan_build,graph_sparse,1000,999,0,4983589,0,0,0,0,12
plan_build,graph_sparse,1000,999,1,4852756,0,0,0,0,12
plan_build,graph_sparse,1000,999,2,4780514,0,0,0,0,12
plan_build,graph_sparse,1000,999,3,4755570,0,0,0,0,12
plan_build,graph_sparse,1000,999,4,4791237,0,0,0,0,12
plan_build,graph_sparse,1000,999,5,4758978,0,0,0,0,12
plan_build,graph_sparse,1000,999,6,4753718,0,0,0,0,12
plan_build,graph_sparse,1000,999,7,4748200,0,0,0,0,12
plan_build,graph_sparse,1000,999,8,4927311,0,0,0,0,12
plan_build,graph_sparse,1000,999,9,4941459,0,0,0,0,12
plan_build,graph_sparse,1000,999,10,5015293,0,0,0,0,12
plan_build,graph_sparse,1000,999,11,4794404,0,0,0,0,12
plan_build,graph_sparse,1000,999,12,4850959,0,0,0,0,12
plan_build,graph_sparse,1000,999,13,4882070,0,0,0,0,12
plan_build,graph_sparse,1000,999,14,4895163,0,0,0,0,12
plan_build,graph_sparse,1000,999,15,4829940,0,0,0,0,12
plan_build,graph_sparse,1000,999,16,4772088,0,0,0,0,12
plan_build,graph_sparse,1000,999,17,4763348,0,0,0,0,12
plan_build,graph_sparse,1000,999,18,4751329,0,0,0,0,12
plan_build,graph_sparse,1000,999,19,4747663,0,0,0,0,12
plan_build_alloc,graph_sparse,1000,999,0,0,11597,2527653,0,0,12
plan_declaration,graph_sparse,1000,999,0,444539,0,0,0,0,1000
plan_validation_freeze,graph_sparse,1000,999,0,4449106,0,0,0,0,12
plan_declaration,graph_sparse,1000,999,1,441446,0,0,0,0,1000
plan_validation_freeze,graph_sparse,1000,999,1,4503718,0,0,0,0,12
plan_declaration,graph_sparse,1000,999,2,490186,0,0,0,0,1000
plan_validation_freeze,graph_sparse,1000,999,2,4489106,0,0,0,0,12
plan_declaration,graph_sparse,1000,999,3,448705,0,0,0,0,1000
plan_validation_freeze,graph_sparse,1000,999,3,4464347,0,0,0,0,12
plan_declaration,graph_sparse,1000,999,4,440150,0,0,0,0,1000
plan_validation_freeze,graph_sparse,1000,999,4,4481810,0,0,0,0,12
plan_declaration,graph_sparse,1000,999,5,452186,0,0,0,0,1000
plan_validation_freeze,graph_sparse,1000,999,5,4618940,0,0,0,0,12
plan_declaration,graph_sparse,1000,999,6,462242,0,0,0,0,1000
plan_validation_freeze,graph_sparse,1000,999,6,4533347,0,0,0,0,12
plan_declaration,graph_sparse,1000,999,7,446408,0,0,0,0,1000
plan_validation_freeze,graph_sparse,1000,999,7,4480439,0,0,0,0,12
plan_declaration,graph_sparse,1000,999,8,438316,0,0,0,0,1000
plan_validation_freeze,graph_sparse,1000,999,8,4462699,0,0,0,0,12
plan_declaration,graph_sparse,1000,999,9,437094,0,0,0,0,1000
plan_validation_freeze,graph_sparse,1000,999,9,4728755,0,0,0,0,12
plan_declaration,graph_sparse,1000,999,10,475409,0,0,0,0,1000
plan_validation_freeze,graph_sparse,1000,999,10,4526459,0,0,0,0,12
plan_declaration,graph_sparse,1000,999,11,536039,0,0,0,0,1000
plan_validation_freeze,graph_sparse,1000,999,11,4642347,0,0,0,0,12
plan_declaration,graph_sparse,1000,999,12,459409,0,0,0,0,1000
plan_validation_freeze,graph_sparse,1000,999,12,5388719,0,0,0,0,12
plan_declaration,graph_sparse,1000,999,13,617409,0,0,0,0,1000
plan_validation_freeze,graph_sparse,1000,999,13,4595976,0,0,0,0,12
plan_declaration,graph_sparse,1000,999,14,456520,0,0,0,0,1000
plan_validation_freeze,graph_sparse,1000,999,14,4485791,0,0,0,0,12
plan_declaration,graph_sparse,1000,999,15,439890,0,0,0,0,1000
plan_validation_freeze,graph_sparse,1000,999,15,4483309,0,0,0,0,12
plan_declaration,graph_sparse,1000,999,16,442668,0,0,0,0,1000
plan_validation_freeze,graph_sparse,1000,999,16,4468902,0,0,0,0,12
plan_declaration,graph_sparse,1000,999,17,438779,0,0,0,0,1000
plan_validation_freeze,graph_sparse,1000,999,17,4529013,0,0,0,0,12
plan_declaration,graph_sparse,1000,999,18,451853,0,0,0,0,1000
plan_validation_freeze,graph_sparse,1000,999,18,4487050,0,0,0,0,12
plan_declaration,graph_sparse,1000,999,19,457131,0,0,0,0,1000
plan_validation_freeze,graph_sparse,1000,999,19,4499810,0,0,0,0,12
plan_declaration_alloc,graph_sparse,1000,999,0,0,5051,1046641,0,0,1000
plan_validation_freeze_alloc,graph_sparse,1000,999,0,0,6546,1481012,0,0,12
engine_execution,graph_sparse,1000,999,0,29088273,0,0,0,0,697
engine_execution,graph_sparse,1000,999,1,27585028,0,0,0,0,696
engine_execution,graph_sparse,1000,999,2,27057785,0,0,0,0,699
engine_execution,graph_sparse,1000,999,3,26771802,0,0,0,0,698
engine_execution,graph_sparse,1000,999,4,27697750,0,0,0,0,701
engine_execution,graph_sparse,1000,999,5,26996730,0,0,0,0,700
engine_execution,graph_sparse,1000,999,6,26880655,0,0,0,0,703
engine_execution,graph_sparse,1000,999,7,26644339,0,0,0,0,702
engine_execution,graph_sparse,1000,999,8,27328675,0,0,0,0,689
engine_execution,graph_sparse,1000,999,9,27352212,0,0,0,0,688
engine_execution,graph_sparse,1000,999,10,26844062,0,0,0,0,691
engine_execution,graph_sparse,1000,999,11,26651228,0,0,0,0,690
engine_execution,graph_sparse,1000,999,12,26937377,0,0,0,0,693
engine_execution,graph_sparse,1000,999,13,27269009,0,0,0,0,692
engine_execution,graph_sparse,1000,999,14,27112896,0,0,0,0,695
engine_execution,graph_sparse,1000,999,15,26680598,0,0,0,0,694
engine_execution,graph_sparse,1000,999,16,28437937,0,0,0,0,681
engine_execution,graph_sparse,1000,999,17,27443713,0,0,0,0,680
engine_execution,graph_sparse,1000,999,18,27709657,0,0,0,0,683
engine_execution,graph_sparse,1000,999,19,27078711,0,0,0,0,682
engine_execution,graph_sparse,1000,999,20,26807506,0,0,0,0,685
engine_execution,graph_sparse,1000,999,21,26754747,0,0,0,0,684
engine_execution,graph_sparse,1000,999,22,26827173,0,0,0,0,687
engine_execution,graph_sparse,1000,999,23,27223878,0,0,0,0,686
engine_execution,graph_sparse,1000,999,24,26725655,0,0,0,0,673
engine_execution,graph_sparse,1000,999,25,26636118,0,0,0,0,672
engine_execution,graph_sparse,1000,999,26,26796321,0,0,0,0,675
engine_execution,graph_sparse,1000,999,27,27032952,0,0,0,0,674
engine_execution,graph_sparse,1000,999,28,26576969,0,0,0,0,677
engine_execution,graph_sparse,1000,999,29,26689265,0,0,0,0,676
engine_execution,graph_sparse,1000,999,30,26585617,0,0,0,0,679
engine_execution,graph_sparse,1000,999,31,26587303,0,0,0,0,678
engine_execution,graph_sparse,1000,999,32,27204582,0,0,0,0,665
engine_execution,graph_sparse,1000,999,33,26756876,0,0,0,0,664
engine_execution,graph_sparse,1000,999,34,26537783,0,0,0,0,667
engine_execution,graph_sparse,1000,999,35,26684691,0,0,0,0,666
engine_execution,graph_sparse,1000,999,36,26610617,0,0,0,0,669
engine_execution,graph_sparse,1000,999,37,26709710,0,0,0,0,668
engine_execution,graph_sparse,1000,999,38,26740969,0,0,0,0,671
engine_execution,graph_sparse,1000,999,39,26665710,0,0,0,0,670
engine_execution_alloc,graph_sparse,1000,999,0,0,51109,15933385,0,0,22755
machine_state_setup,graph_sparse,1000,999,0,194668,0,0,0,0,1000
body_state_setup,graph_sparse,1000,999,0,6982,0,0,0,0,0
machine_state_setup,graph_sparse,1000,999,1,161315,0,0,0,0,1000
body_state_setup,graph_sparse,1000,999,1,2926,0,0,0,0,0
machine_state_setup,graph_sparse,1000,999,2,156037,0,0,0,0,1000
body_state_setup,graph_sparse,1000,999,2,3129,0,0,0,0,0
machine_state_setup,graph_sparse,1000,999,3,153223,0,0,0,0,1000
body_state_setup,graph_sparse,1000,999,3,2815,0,0,0,0,0
machine_state_setup,graph_sparse,1000,999,4,151334,0,0,0,0,1000
body_state_setup,graph_sparse,1000,999,4,2630,0,0,0,0,0
machine_state_setup,graph_sparse,1000,999,5,150519,0,0,0,0,1000
body_state_setup,graph_sparse,1000,999,5,2704,0,0,0,0,0
machine_state_setup,graph_sparse,1000,999,6,151464,0,0,0,0,1000
body_state_setup,graph_sparse,1000,999,6,2778,0,0,0,0,0
machine_state_setup,graph_sparse,1000,999,7,149149,0,0,0,0,1000
body_state_setup,graph_sparse,1000,999,7,2741,0,0,0,0,0
machine_state_setup,graph_sparse,1000,999,8,150427,0,0,0,0,1000
body_state_setup,graph_sparse,1000,999,8,2741,0,0,0,0,0
machine_state_setup,graph_sparse,1000,999,9,152222,0,0,0,0,1000
body_state_setup,graph_sparse,1000,999,9,2685,0,0,0,0,0
machine_state_setup,graph_sparse,1000,999,10,153426,0,0,0,0,1000
body_state_setup,graph_sparse,1000,999,10,2649,0,0,0,0,0
machine_state_setup,graph_sparse,1000,999,11,152148,0,0,0,0,1000
body_state_setup,graph_sparse,1000,999,11,2686,0,0,0,0,0
machine_state_setup,graph_sparse,1000,999,12,150908,0,0,0,0,1000
body_state_setup,graph_sparse,1000,999,12,2926,0,0,0,0,0
machine_state_setup,graph_sparse,1000,999,13,150333,0,0,0,0,1000
body_state_setup,graph_sparse,1000,999,13,2612,0,0,0,0,0
machine_state_setup,graph_sparse,1000,999,14,150908,0,0,0,0,1000
body_state_setup,graph_sparse,1000,999,14,2740,0,0,0,0,0
machine_state_setup,graph_sparse,1000,999,15,187797,0,0,0,0,1000
body_state_setup,graph_sparse,1000,999,15,4833,0,0,0,0,0
machine_state_setup,graph_sparse,1000,999,16,161000,0,0,0,0,1000
body_state_setup,graph_sparse,1000,999,16,2852,0,0,0,0,0
machine_state_setup,graph_sparse,1000,999,17,159704,0,0,0,0,1000
body_state_setup,graph_sparse,1000,999,17,2796,0,0,0,0,0
machine_state_setup,graph_sparse,1000,999,18,162908,0,0,0,0,1000
body_state_setup,graph_sparse,1000,999,18,3037,0,0,0,0,0
machine_state_setup,graph_sparse,1000,999,19,157056,0,0,0,0,1000
body_state_setup,graph_sparse,1000,999,19,3630,0,0,0,0,0
machine_state_setup,graph_sparse,1000,999,20,158834,0,0,0,0,1000
body_state_setup,graph_sparse,1000,999,20,2685,0,0,0,0,0
machine_state_setup,graph_sparse,1000,999,21,161501,0,0,0,0,1000
body_state_setup,graph_sparse,1000,999,21,2722,0,0,0,0,0
machine_state_setup,graph_sparse,1000,999,22,154982,0,0,0,0,1000
body_state_setup,graph_sparse,1000,999,22,2722,0,0,0,0,0
machine_state_setup,graph_sparse,1000,999,23,164668,0,0,0,0,1000
body_state_setup,graph_sparse,1000,999,23,3019,0,0,0,0,0
machine_state_setup,graph_sparse,1000,999,24,158723,0,0,0,0,1000
body_state_setup,graph_sparse,1000,999,24,2740,0,0,0,0,0
machine_state_setup,graph_sparse,1000,999,25,157038,0,0,0,0,1000
body_state_setup,graph_sparse,1000,999,25,2778,0,0,0,0,0
machine_state_setup,graph_sparse,1000,999,26,160723,0,0,0,0,1000
body_state_setup,graph_sparse,1000,999,26,2648,0,0,0,0,0
machine_state_setup,graph_sparse,1000,999,27,162945,0,0,0,0,1000
body_state_setup,graph_sparse,1000,999,27,2907,0,0,0,0,0
machine_state_setup,graph_sparse,1000,999,28,158056,0,0,0,0,1000
body_state_setup,graph_sparse,1000,999,28,2556,0,0,0,0,0
machine_state_setup,graph_sparse,1000,999,29,158075,0,0,0,0,1000
body_state_setup,graph_sparse,1000,999,29,2685,0,0,0,0,0
machine_state_setup,graph_sparse,1000,999,30,157112,0,0,0,0,1000
body_state_setup,graph_sparse,1000,999,30,2741,0,0,0,0,0
machine_state_setup,graph_sparse,1000,999,31,156648,0,0,0,0,1000
body_state_setup,graph_sparse,1000,999,31,2685,0,0,0,0,0
machine_state_setup,graph_sparse,1000,999,32,163389,0,0,0,0,1000
body_state_setup,graph_sparse,1000,999,32,2555,0,0,0,0,0
machine_state_setup,graph_sparse,1000,999,33,161205,0,0,0,0,1000
body_state_setup,graph_sparse,1000,999,33,2740,0,0,0,0,0
machine_state_setup,graph_sparse,1000,999,34,157631,0,0,0,0,1000
body_state_setup,graph_sparse,1000,999,34,2685,0,0,0,0,0
machine_state_setup,graph_sparse,1000,999,35,154668,0,0,0,0,1000
body_state_setup,graph_sparse,1000,999,35,2833,0,0,0,0,0
machine_state_setup,graph_sparse,1000,999,36,156889,0,0,0,0,1000
body_state_setup,graph_sparse,1000,999,36,2667,0,0,0,0,0
machine_state_setup,graph_sparse,1000,999,37,154630,0,0,0,0,1000
body_state_setup,graph_sparse,1000,999,37,2592,0,0,0,0,0
machine_state_setup,graph_sparse,1000,999,38,157259,0,0,0,0,1000
body_state_setup,graph_sparse,1000,999,38,2704,0,0,0,0,0
machine_state_setup,graph_sparse,1000,999,39,157000,0,0,0,0,1000
body_state_setup,graph_sparse,1000,999,39,2796,0,0,0,0,0
fixture_generation,tiny_yield_chain,1,0,0,1741,0,0,0,0,5
fixture_generation,tiny_yield_chain,1,0,1,333,0,0,0,0,5
fixture_generation,tiny_yield_chain,1,0,2,444,0,0,0,0,5
fixture_generation,tiny_yield_chain,1,0,3,222,0,0,0,0,5
fixture_generation,tiny_yield_chain,1,0,4,648,0,0,0,0,5
fixture_generation,tiny_yield_chain,1,0,5,259,0,0,0,0,5
fixture_generation,tiny_yield_chain,1,0,6,204,0,0,0,0,5
fixture_generation,tiny_yield_chain,1,0,7,944,0,0,0,0,5
fixture_generation,tiny_yield_chain,1,0,8,222,0,0,0,0,5
fixture_generation,tiny_yield_chain,1,0,9,315,0,0,0,0,5
fixture_generation,tiny_yield_chain,1,0,10,203,0,0,0,0,5
fixture_generation,tiny_yield_chain,1,0,11,203,0,0,0,0,5
fixture_generation,tiny_yield_chain,1,0,12,222,0,0,0,0,5
fixture_generation,tiny_yield_chain,1,0,13,203,0,0,0,0,5
fixture_generation,tiny_yield_chain,1,0,14,260,0,0,0,0,5
fixture_generation,tiny_yield_chain,1,0,15,222,0,0,0,0,5
fixture_generation,tiny_yield_chain,1,0,16,223,0,0,0,0,5
fixture_generation,tiny_yield_chain,1,0,17,204,0,0,0,0,5
fixture_generation,tiny_yield_chain,1,0,18,204,0,0,0,0,5
fixture_generation,tiny_yield_chain,1,0,19,260,0,0,0,0,5
plan_build,tiny_yield_chain,1,0,0,43463,0,0,0,0,11
plan_build,tiny_yield_chain,1,0,1,3519,0,0,0,0,11
plan_build,tiny_yield_chain,1,0,2,2722,0,0,0,0,11
plan_build,tiny_yield_chain,1,0,3,2833,0,0,0,0,11
plan_build,tiny_yield_chain,1,0,4,2741,0,0,0,0,11
plan_build,tiny_yield_chain,1,0,5,2815,0,0,0,0,11
plan_build,tiny_yield_chain,1,0,6,2760,0,0,0,0,11
plan_build,tiny_yield_chain,1,0,7,2722,0,0,0,0,11
plan_build,tiny_yield_chain,1,0,8,2630,0,0,0,0,11
plan_build,tiny_yield_chain,1,0,9,2704,0,0,0,0,11
plan_build,tiny_yield_chain,1,0,10,3092,0,0,0,0,11
plan_build,tiny_yield_chain,1,0,11,2630,0,0,0,0,11
plan_build,tiny_yield_chain,1,0,12,2593,0,0,0,0,11
plan_build,tiny_yield_chain,1,0,13,2611,0,0,0,0,11
plan_build,tiny_yield_chain,1,0,14,2611,0,0,0,0,11
plan_build,tiny_yield_chain,1,0,15,2667,0,0,0,0,11
plan_build,tiny_yield_chain,1,0,16,2666,0,0,0,0,11
plan_build,tiny_yield_chain,1,0,17,2592,0,0,0,0,11
plan_build,tiny_yield_chain,1,0,18,2611,0,0,0,0,11
plan_build,tiny_yield_chain,1,0,19,2612,0,0,0,0,11
plan_build_alloc,tiny_yield_chain,1,0,0,0,36,6762,0,0,11
plan_declaration,tiny_yield_chain,1,0,0,2388,0,0,0,0,1
plan_validation_freeze,tiny_yield_chain,1,0,0,1834,0,0,0,0,11
plan_declaration,tiny_yield_chain,1,0,1,1241,0,0,0,0,1
plan_validation_freeze,tiny_yield_chain,1,0,1,1778,0,0,0,0,11
plan_declaration,tiny_yield_chain,1,0,2,1185,0,0,0,0,1
plan_validation_freeze,tiny_yield_chain,1,0,2,1778,0,0,0,0,11
plan_declaration,tiny_yield_chain,1,0,3,1167,0,0,0,0,1
plan_validation_freeze,tiny_yield_chain,1,0,3,1759,0,0,0,0,11
plan_declaration,tiny_yield_chain,1,0,4,1204,0,0,0,0,1
plan_validation_freeze,tiny_yield_chain,1,0,4,1778,0,0,0,0,11
plan_declaration,tiny_yield_chain,1,0,5,1167,0,0,0,0,1
plan_validation_freeze,tiny_yield_chain,1,0,5,1796,0,0,0,0,11
plan_declaration,tiny_yield_chain,1,0,6,1166,0,0,0,0,1
plan_validation_freeze,tiny_yield_chain,1,0,6,1759,0,0,0,0,11
plan_declaration,tiny_yield_chain,1,0,7,1204,0,0,0,0,1
plan_validation_freeze,tiny_yield_chain,1,0,7,1759,0,0,0,0,11
plan_declaration,tiny_yield_chain,1,0,8,1167,0,0,0,0,1
plan_validation_freeze,tiny_yield_chain,1,0,8,1778,0,0,0,0,11
plan_declaration,tiny_yield_chain,1,0,9,1204,0,0,0,0,1
plan_validation_freeze,tiny_yield_chain,1,0,9,1741,0,0,0,0,11
plan_declaration,tiny_yield_chain,1,0,10,1167,0,0,0,0,1
plan_validation_freeze,tiny_yield_chain,1,0,10,1722,0,0,0,0,11
plan_declaration,tiny_yield_chain,1,0,11,1167,0,0,0,0,1
plan_validation_freeze,tiny_yield_chain,1,0,11,1759,0,0,0,0,11
plan_declaration,tiny_yield_chain,1,0,12,1167,0,0,0,0,1
plan_validation_freeze,tiny_yield_chain,1,0,12,1778,0,0,0,0,11
plan_declaration,tiny_yield_chain,1,0,13,1185,0,0,0,0,1
plan_validation_freeze,tiny_yield_chain,1,0,13,1778,0,0,0,0,11
plan_declaration,tiny_yield_chain,1,0,14,1167,0,0,0,0,1
plan_validation_freeze,tiny_yield_chain,1,0,14,1778,0,0,0,0,11
plan_declaration,tiny_yield_chain,1,0,15,1241,0,0,0,0,1
plan_validation_freeze,tiny_yield_chain,1,0,15,1815,0,0,0,0,11
plan_declaration,tiny_yield_chain,1,0,16,1223,0,0,0,0,1
plan_validation_freeze,tiny_yield_chain,1,0,16,1741,0,0,0,0,11
plan_declaration,tiny_yield_chain,1,0,17,1185,0,0,0,0,1
plan_validation_freeze,tiny_yield_chain,1,0,17,1760,0,0,0,0,11
plan_declaration,tiny_yield_chain,1,0,18,1148,0,0,0,0,1
plan_validation_freeze,tiny_yield_chain,1,0,18,1760,0,0,0,0,11
plan_declaration,tiny_yield_chain,1,0,19,1167,0,0,0,0,1
plan_validation_freeze,tiny_yield_chain,1,0,19,1778,0,0,0,0,11
plan_declaration_alloc,tiny_yield_chain,1,0,0,0,16,2178,0,0,1
plan_validation_freeze_alloc,tiny_yield_chain,1,0,0,0,20,4584,0,0,11
engine_execution,tiny_yield_chain,1,0,0,11482,0,0,0,0,1
engine_execution,tiny_yield_chain,1,0,1,11315,0,0,0,0,0
engine_execution,tiny_yield_chain,1,0,2,11407,0,0,0,0,3
engine_execution,tiny_yield_chain,1,0,3,11852,0,0,0,0,2
engine_execution,tiny_yield_chain,1,0,4,11703,0,0,0,0,5
engine_execution,tiny_yield_chain,1,0,5,11592,0,0,0,0,4
engine_execution,tiny_yield_chain,1,0,6,11574,0,0,0,0,7
engine_execution,tiny_yield_chain,1,0,7,11556,0,0,0,0,6
engine_execution,tiny_yield_chain,1,0,8,11611,0,0,0,0,9
engine_execution,tiny_yield_chain,1,0,9,11593,0,0,0,0,8
engine_execution,tiny_yield_chain,1,0,10,11574,0,0,0,0,11
engine_execution,tiny_yield_chain,1,0,11,11575,0,0,0,0,10
engine_execution,tiny_yield_chain,1,0,12,11537,0,0,0,0,13
engine_execution,tiny_yield_chain,1,0,13,11537,0,0,0,0,12
engine_execution,tiny_yield_chain,1,0,14,11574,0,0,0,0,15
engine_execution,tiny_yield_chain,1,0,15,11556,0,0,0,0,14
engine_execution,tiny_yield_chain,1,0,16,11518,0,0,0,0,17
engine_execution,tiny_yield_chain,1,0,17,11555,0,0,0,0,16
engine_execution,tiny_yield_chain,1,0,18,11537,0,0,0,0,19
engine_execution,tiny_yield_chain,1,0,19,11500,0,0,0,0,18
engine_execution,tiny_yield_chain,1,0,20,11556,0,0,0,0,21
engine_execution,tiny_yield_chain,1,0,21,11518,0,0,0,0,20
engine_execution,tiny_yield_chain,1,0,22,11501,0,0,0,0,23
engine_execution,tiny_yield_chain,1,0,23,11370,0,0,0,0,22
engine_execution,tiny_yield_chain,1,0,24,11444,0,0,0,0,25
engine_execution,tiny_yield_chain,1,0,25,11500,0,0,0,0,24
engine_execution,tiny_yield_chain,1,0,26,11519,0,0,0,0,27
engine_execution,tiny_yield_chain,1,0,27,11482,0,0,0,0,26
engine_execution,tiny_yield_chain,1,0,28,11389,0,0,0,0,29
engine_execution,tiny_yield_chain,1,0,29,11537,0,0,0,0,28
engine_execution,tiny_yield_chain,1,0,30,11500,0,0,0,0,31
engine_execution,tiny_yield_chain,1,0,31,11500,0,0,0,0,30
engine_execution,tiny_yield_chain,1,0,32,11388,0,0,0,0,33
engine_execution,tiny_yield_chain,1,0,33,11518,0,0,0,0,32
engine_execution,tiny_yield_chain,1,0,34,11445,0,0,0,0,35
engine_execution,tiny_yield_chain,1,0,35,11444,0,0,0,0,34
engine_execution,tiny_yield_chain,1,0,36,11389,0,0,0,0,37
engine_execution,tiny_yield_chain,1,0,37,11482,0,0,0,0,36
engine_execution,tiny_yield_chain,1,0,38,11445,0,0,0,0,39
engine_execution,tiny_yield_chain,1,0,39,11444,0,0,0,0,38
engine_execution_alloc,tiny_yield_chain,1,0,0,0,102,11796,0,0,23131
machine_state_setup,tiny_yield_chain,1,0,0,815,0,0,0,0,1
body_state_setup,tiny_yield_chain,1,0,0,555,0,0,0,0,0
machine_state_setup,tiny_yield_chain,1,0,1,500,0,0,0,0,1
body_state_setup,tiny_yield_chain,1,0,1,444,0,0,0,0,0
machine_state_setup,tiny_yield_chain,1,0,2,518,0,0,0,0,1
body_state_setup,tiny_yield_chain,1,0,2,426,0,0,0,0,0
machine_state_setup,tiny_yield_chain,1,0,3,426,0,0,0,0,1
body_state_setup,tiny_yield_chain,1,0,3,482,0,0,0,0,0
machine_state_setup,tiny_yield_chain,1,0,4,407,0,0,0,0,1
body_state_setup,tiny_yield_chain,1,0,4,445,0,0,0,0,0
machine_state_setup,tiny_yield_chain,1,0,5,407,0,0,0,0,1
body_state_setup,tiny_yield_chain,1,0,5,445,0,0,0,0,0
machine_state_setup,tiny_yield_chain,1,0,6,1111,0,0,0,0,1
body_state_setup,tiny_yield_chain,1,0,6,408,0,0,0,0,0
machine_state_setup,tiny_yield_chain,1,0,7,445,0,0,0,0,1
body_state_setup,tiny_yield_chain,1,0,7,593,0,0,0,0,0
machine_state_setup,tiny_yield_chain,1,0,8,444,0,0,0,0,1
body_state_setup,tiny_yield_chain,1,0,8,444,0,0,0,0,0
machine_state_setup,tiny_yield_chain,1,0,9,333,0,0,0,0,1
body_state_setup,tiny_yield_chain,1,0,9,389,0,0,0,0,0
machine_state_setup,tiny_yield_chain,1,0,10,333,0,0,0,0,1
body_state_setup,tiny_yield_chain,1,0,10,370,0,0,0,0,0
machine_state_setup,tiny_yield_chain,1,0,11,389,0,0,0,0,1
body_state_setup,tiny_yield_chain,1,0,11,352,0,0,0,0,0
machine_state_setup,tiny_yield_chain,1,0,12,352,0,0,0,0,1
body_state_setup,tiny_yield_chain,1,0,12,444,0,0,0,0,0
machine_state_setup,tiny_yield_chain,1,0,13,426,0,0,0,0,1
body_state_setup,tiny_yield_chain,1,0,13,426,0,0,0,0,0
machine_state_setup,tiny_yield_chain,1,0,14,500,0,0,0,0,1
body_state_setup,tiny_yield_chain,1,0,14,370,0,0,0,0,0
machine_state_setup,tiny_yield_chain,1,0,15,389,0,0,0,0,1
body_state_setup,tiny_yield_chain,1,0,15,445,0,0,0,0,0
machine_state_setup,tiny_yield_chain,1,0,16,426,0,0,0,0,1
body_state_setup,tiny_yield_chain,1,0,16,407,0,0,0,0,0
machine_state_setup,tiny_yield_chain,1,0,17,389,0,0,0,0,1
body_state_setup,tiny_yield_chain,1,0,17,370,0,0,0,0,0
machine_state_setup,tiny_yield_chain,1,0,18,408,0,0,0,0,1
body_state_setup,tiny_yield_chain,1,0,18,408,0,0,0,0,0
machine_state_setup,tiny_yield_chain,1,0,19,389,0,0,0,0,1
body_state_setup,tiny_yield_chain,1,0,19,389,0,0,0,0,0
machine_state_setup,tiny_yield_chain,1,0,20,389,0,0,0,0,1
body_state_setup,tiny_yield_chain,1,0,20,371,0,0,0,0,0
machine_state_setup,tiny_yield_chain,1,0,21,371,0,0,0,0,1
body_state_setup,tiny_yield_chain,1,0,21,592,0,0,0,0,0
machine_state_setup,tiny_yield_chain,1,0,22,407,0,0,0,0,1
body_state_setup,tiny_yield_chain,1,0,22,389,0,0,0,0,0
machine_state_setup,tiny_yield_chain,1,0,23,407,0,0,0,0,1
body_state_setup,tiny_yield_chain,1,0,23,352,0,0,0,0,0
machine_state_setup,tiny_yield_chain,1,0,24,352,0,0,0,0,1
body_state_setup,tiny_yield_chain,1,0,24,408,0,0,0,0,0
machine_state_setup,tiny_yield_chain,1,0,25,371,0,0,0,0,1
body_state_setup,tiny_yield_chain,1,0,25,389,0,0,0,0,0
machine_state_setup,tiny_yield_chain,1,0,26,388,0,0,0,0,1
body_state_setup,tiny_yield_chain,1,0,26,370,0,0,0,0,0
machine_state_setup,tiny_yield_chain,1,0,27,352,0,0,0,0,1
body_state_setup,tiny_yield_chain,1,0,27,407,0,0,0,0,0
machine_state_setup,tiny_yield_chain,1,0,28,370,0,0,0,0,1
body_state_setup,tiny_yield_chain,1,0,28,371,0,0,0,0,0
machine_state_setup,tiny_yield_chain,1,0,29,371,0,0,0,0,1
body_state_setup,tiny_yield_chain,1,0,29,370,0,0,0,0,0
machine_state_setup,tiny_yield_chain,1,0,30,351,0,0,0,0,1
body_state_setup,tiny_yield_chain,1,0,30,389,0,0,0,0,0
machine_state_setup,tiny_yield_chain,1,0,31,370,0,0,0,0,1
body_state_setup,tiny_yield_chain,1,0,31,389,0,0,0,0,0
machine_state_setup,tiny_yield_chain,1,0,32,519,0,0,0,0,1
body_state_setup,tiny_yield_chain,1,0,32,371,0,0,0,0,0
machine_state_setup,tiny_yield_chain,1,0,33,352,0,0,0,0,1
body_state_setup,tiny_yield_chain,1,0,33,407,0,0,0,0,0
machine_state_setup,tiny_yield_chain,1,0,34,352,0,0,0,0,1
body_state_setup,tiny_yield_chain,1,0,34,445,0,0,0,0,0
machine_state_setup,tiny_yield_chain,1,0,35,351,0,0,0,0,1
body_state_setup,tiny_yield_chain,1,0,35,370,0,0,0,0,0
machine_state_setup,tiny_yield_chain,1,0,36,352,0,0,0,0,1
body_state_setup,tiny_yield_chain,1,0,36,408,0,0,0,0,0
machine_state_setup,tiny_yield_chain,1,0,37,389,0,0,0,0,1
body_state_setup,tiny_yield_chain,1,0,37,352,0,0,0,0,0
machine_state_setup,tiny_yield_chain,1,0,38,352,0,0,0,0,1
body_state_setup,tiny_yield_chain,1,0,38,407,0,0,0,0,0
machine_state_setup,tiny_yield_chain,1,0,39,370,0,0,0,0,1
body_state_setup,tiny_yield_chain,1,0,39,352,0,0,0,0,0
engine_execution,resource_normal,2,1,0,22685,0,0,0,0,0
engine_execution,resource_normal,2,1,1,22629,0,0,0,0,3
engine_execution,resource_normal,2,1,2,22519,0,0,0,0,2
engine_execution,resource_normal,2,1,3,22611,0,0,0,0,5
engine_execution,resource_normal,2,1,4,22760,0,0,0,0,4
engine_execution,resource_normal,2,1,5,22574,0,0,0,0,7
engine_execution,resource_normal,2,1,6,23315,0,0,0,0,6
engine_execution,resource_normal,2,1,7,22926,0,0,0,0,9
engine_execution,resource_normal,2,1,8,22833,0,0,0,0,8
engine_execution,resource_normal,2,1,9,22722,0,0,0,0,11
engine_execution,resource_normal,2,1,10,23019,0,0,0,0,10
engine_execution,resource_normal,2,1,11,22833,0,0,0,0,13
engine_execution,resource_normal,2,1,12,22592,0,0,0,0,12
engine_execution,resource_normal,2,1,13,22870,0,0,0,0,15
engine_execution,resource_normal,2,1,14,22945,0,0,0,0,14
engine_execution,resource_normal,2,1,15,22926,0,0,0,0,17
engine_execution,resource_normal,2,1,16,22574,0,0,0,0,16
engine_execution,resource_normal,2,1,17,23000,0,0,0,0,19
engine_execution,resource_normal,2,1,18,22852,0,0,0,0,18
engine_execution,resource_normal,2,1,19,22926,0,0,0,0,21
engine_execution,resource_normal,2,1,20,22667,0,0,0,0,20
engine_execution,resource_normal,2,1,21,22815,0,0,0,0,23
engine_execution,resource_normal,2,1,22,22759,0,0,0,0,22
engine_execution,resource_normal,2,1,23,22852,0,0,0,0,25
engine_execution,resource_normal,2,1,24,22815,0,0,0,0,24
engine_execution,resource_normal,2,1,25,22556,0,0,0,0,27
engine_execution,resource_normal,2,1,26,22703,0,0,0,0,26
engine_execution,resource_normal,2,1,27,22686,0,0,0,0,29
engine_execution,resource_normal,2,1,28,22648,0,0,0,0,28
engine_execution,resource_normal,2,1,29,22796,0,0,0,0,31
engine_execution,resource_normal,2,1,30,22796,0,0,0,0,30
engine_execution,resource_normal,2,1,31,22741,0,0,0,0,33
engine_execution,resource_normal,2,1,32,22833,0,0,0,0,32
engine_execution,resource_normal,2,1,33,22982,0,0,0,0,35
engine_execution,resource_normal,2,1,34,22778,0,0,0,0,34
engine_execution,resource_normal,2,1,35,22648,0,0,0,0,37
engine_execution,resource_normal,2,1,36,22630,0,0,0,0,36
engine_execution,resource_normal,2,1,37,22518,0,0,0,0,39
engine_execution,resource_normal,2,1,38,22575,0,0,0,0,38
engine_execution,resource_normal,2,1,39,22611,0,0,0,0,41
engine_execution_alloc,resource_normal,2,1,0,0,205,19770,0,0,23130
engine_execution,resource_release_failure,2,1,0,23592,0,0,0,0,1
engine_execution,resource_release_failure,2,1,1,23907,0,0,0,0,2
engine_execution,resource_release_failure,2,1,2,24019,0,0,0,0,3
engine_execution,resource_release_failure,2,1,3,24260,0,0,0,0,4
engine_execution,resource_release_failure,2,1,4,24129,0,0,0,0,5
engine_execution,resource_release_failure,2,1,5,24074,0,0,0,0,6
engine_execution,resource_release_failure,2,1,6,24037,0,0,0,0,7
engine_execution,resource_release_failure,2,1,7,23981,0,0,0,0,8
engine_execution,resource_release_failure,2,1,8,24352,0,0,0,0,9
engine_execution,resource_release_failure,2,1,9,24352,0,0,0,0,10
engine_execution,resource_release_failure,2,1,10,24167,0,0,0,0,11
engine_execution,resource_release_failure,2,1,11,24093,0,0,0,0,12
engine_execution,resource_release_failure,2,1,12,24000,0,0,0,0,13
engine_execution,resource_release_failure,2,1,13,23908,0,0,0,0,14
engine_execution,resource_release_failure,2,1,14,24000,0,0,0,0,15
engine_execution,resource_release_failure,2,1,15,24111,0,0,0,0,16
engine_execution,resource_release_failure,2,1,16,23815,0,0,0,0,17
engine_execution,resource_release_failure,2,1,17,23981,0,0,0,0,18
engine_execution,resource_release_failure,2,1,18,24518,0,0,0,0,19
engine_execution,resource_release_failure,2,1,19,24074,0,0,0,0,20
engine_execution,resource_release_failure,2,1,20,24019,0,0,0,0,21
engine_execution,resource_release_failure,2,1,21,23833,0,0,0,0,22
engine_execution,resource_release_failure,2,1,22,24074,0,0,0,0,23
engine_execution,resource_release_failure,2,1,23,23815,0,0,0,0,24
engine_execution,resource_release_failure,2,1,24,23834,0,0,0,0,25
engine_execution,resource_release_failure,2,1,25,23871,0,0,0,0,26
engine_execution,resource_release_failure,2,1,26,24056,0,0,0,0,27
engine_execution,resource_release_failure,2,1,27,23982,0,0,0,0,28
engine_execution,resource_release_failure,2,1,28,23815,0,0,0,0,29
engine_execution,resource_release_failure,2,1,29,23778,0,0,0,0,30
engine_execution,resource_release_failure,2,1,30,24074,0,0,0,0,31
engine_execution,resource_release_failure,2,1,31,24185,0,0,0,0,32
engine_execution,resource_release_failure,2,1,32,24260,0,0,0,0,33
engine_execution,resource_release_failure,2,1,33,24240,0,0,0,0,34
engine_execution,resource_release_failure,2,1,34,24093,0,0,0,0,35
engine_execution,resource_release_failure,2,1,35,24297,0,0,0,0,36
engine_execution,resource_release_failure,2,1,36,24241,0,0,0,0,37
engine_execution,resource_release_failure,2,1,37,25130,0,0,0,0,38
engine_execution,resource_release_failure,2,1,38,24074,0,0,0,0,39
engine_execution,resource_release_failure,2,1,39,23982,0,0,0,0,40
engine_execution_alloc,resource_release_failure,2,1,0,0,215,20513,0,0,23131
engine_execution,resource_startup_failure,2,1,0,23463,0,0,0,0,3
engine_execution,resource_startup_failure,2,1,1,23555,0,0,0,0,3
engine_execution,resource_startup_failure,2,1,2,23685,0,0,0,0,3
engine_execution,resource_startup_failure,2,1,3,23463,0,0,0,0,3
engine_execution,resource_startup_failure,2,1,4,38834,0,0,0,0,3
engine_execution,resource_startup_failure,2,1,5,24204,0,0,0,0,3
engine_execution,resource_startup_failure,2,1,6,23481,0,0,0,0,3
engine_execution,resource_startup_failure,2,1,7,23722,0,0,0,0,3
engine_execution,resource_startup_failure,2,1,8,23889,0,0,0,0,3
engine_execution,resource_startup_failure,2,1,9,23834,0,0,0,0,3
engine_execution,resource_startup_failure,2,1,10,24370,0,0,0,0,3
engine_execution,resource_startup_failure,2,1,11,23704,0,0,0,0,3
engine_execution,resource_startup_failure,2,1,12,23740,0,0,0,0,3
engine_execution,resource_startup_failure,2,1,13,23611,0,0,0,0,3
engine_execution,resource_startup_failure,2,1,14,23667,0,0,0,0,3
engine_execution,resource_startup_failure,2,1,15,23648,0,0,0,0,3
engine_execution,resource_startup_failure,2,1,16,23871,0,0,0,0,3
engine_execution,resource_startup_failure,2,1,17,23685,0,0,0,0,3
engine_execution,resource_startup_failure,2,1,18,23741,0,0,0,0,3
engine_execution,resource_startup_failure,2,1,19,23611,0,0,0,0,3
engine_execution,resource_startup_failure,2,1,20,23537,0,0,0,0,3
engine_execution,resource_startup_failure,2,1,21,23611,0,0,0,0,3
engine_execution,resource_startup_failure,2,1,22,23778,0,0,0,0,3
engine_execution,resource_startup_failure,2,1,23,23722,0,0,0,0,3
engine_execution,resource_startup_failure,2,1,24,23537,0,0,0,0,3
engine_execution,resource_startup_failure,2,1,25,23704,0,0,0,0,3
engine_execution,resource_startup_failure,2,1,26,23796,0,0,0,0,3
engine_execution,resource_startup_failure,2,1,27,23759,0,0,0,0,3
engine_execution,resource_startup_failure,2,1,28,23667,0,0,0,0,3
engine_execution,resource_startup_failure,2,1,29,23648,0,0,0,0,3
engine_execution,resource_startup_failure,2,1,30,23870,0,0,0,0,3
engine_execution,resource_startup_failure,2,1,31,23592,0,0,0,0,3
engine_execution,resource_startup_failure,2,1,32,23537,0,0,0,0,3
engine_execution,resource_startup_failure,2,1,33,23463,0,0,0,0,3
engine_execution,resource_startup_failure,2,1,34,23500,0,0,0,0,3
engine_execution,resource_startup_failure,2,1,35,23852,0,0,0,0,3
engine_execution,resource_startup_failure,2,1,36,23592,0,0,0,0,3
engine_execution,resource_startup_failure,2,1,37,23685,0,0,0,0,3
engine_execution,resource_startup_failure,2,1,38,23797,0,0,0,0,3
engine_execution,resource_startup_failure,2,1,39,23760,0,0,0,0,3
engine_execution_alloc,resource_startup_failure,2,1,0,0,212,20817,0,0,3
engine_execution,resource_cleanup_error_upstream,3,1,0,35130,0,0,0,0,0
engine_execution,resource_cleanup_error_upstream,3,1,1,34908,0,0,0,0,1
engine_execution,resource_cleanup_error_upstream,3,1,2,34833,0,0,0,0,2
engine_execution,resource_cleanup_error_upstream,3,1,3,34686,0,0,0,0,3
engine_execution,resource_cleanup_error_upstream,3,1,4,35074,0,0,0,0,4
engine_execution,resource_cleanup_error_upstream,3,1,5,34926,0,0,0,0,5
engine_execution,resource_cleanup_error_upstream,3,1,6,34704,0,0,0,0,6
engine_execution,resource_cleanup_error_upstream,3,1,7,34778,0,0,0,0,7
engine_execution,resource_cleanup_error_upstream,3,1,8,34852,0,0,0,0,8
engine_execution,resource_cleanup_error_upstream,3,1,9,34982,0,0,0,0,9
engine_execution,resource_cleanup_error_upstream,3,1,10,35056,0,0,0,0,10
engine_execution,resource_cleanup_error_upstream,3,1,11,35241,0,0,0,0,11
engine_execution,resource_cleanup_error_upstream,3,1,12,35982,0,0,0,0,12
engine_execution,resource_cleanup_error_upstream,3,1,13,35204,0,0,0,0,13
engine_execution,resource_cleanup_error_upstream,3,1,14,35963,0,0,0,0,14
engine_execution,resource_cleanup_error_upstream,3,1,15,34852,0,0,0,0,15
engine_execution,resource_cleanup_error_upstream,3,1,16,34741,0,0,0,0,16
engine_execution,resource_cleanup_error_upstream,3,1,17,34833,0,0,0,0,17
engine_execution,resource_cleanup_error_upstream,3,1,18,34574,0,0,0,0,18
engine_execution,resource_cleanup_error_upstream,3,1,19,34556,0,0,0,0,19
engine_execution,resource_cleanup_error_upstream,3,1,20,34722,0,0,0,0,20
engine_execution,resource_cleanup_error_upstream,3,1,21,35074,0,0,0,0,21
engine_execution,resource_cleanup_error_upstream,3,1,22,34667,0,0,0,0,22
engine_execution,resource_cleanup_error_upstream,3,1,23,34778,0,0,0,0,23
engine_execution,resource_cleanup_error_upstream,3,1,24,34592,0,0,0,0,24
engine_execution,resource_cleanup_error_upstream,3,1,25,34907,0,0,0,0,25
engine_execution,resource_cleanup_error_upstream,3,1,26,35277,0,0,0,0,26
engine_execution,resource_cleanup_error_upstream,3,1,27,35056,0,0,0,0,27
engine_execution,resource_cleanup_error_upstream,3,1,28,34908,0,0,0,0,28
engine_execution,resource_cleanup_error_upstream,3,1,29,34945,0,0,0,0,29
engine_execution,resource_cleanup_error_upstream,3,1,30,34981,0,0,0,0,30
engine_execution,resource_cleanup_error_upstream,3,1,31,34777,0,0,0,0,31
engine_execution,resource_cleanup_error_upstream,3,1,32,34482,0,0,0,0,32
engine_execution,resource_cleanup_error_upstream,3,1,33,34740,0,0,0,0,33
engine_execution,resource_cleanup_error_upstream,3,1,34,35092,0,0,0,0,34
engine_execution,resource_cleanup_error_upstream,3,1,35,34667,0,0,0,0,35
engine_execution,resource_cleanup_error_upstream,3,1,36,35167,0,0,0,0,36
engine_execution,resource_cleanup_error_upstream,3,1,37,34833,0,0,0,0,37
engine_execution,resource_cleanup_error_upstream,3,1,38,34833,0,0,0,0,38
engine_execution,resource_cleanup_error_upstream,3,1,39,35019,0,0,0,0,39
engine_execution_alloc,resource_cleanup_error_upstream,3,1,0,0,317,26719,0,0,23130
engine_execution,resource_cancel_after_acquire,1,0,0,30463,0,0,0,0,3
engine_execution,resource_cancel_after_acquire,1,0,1,21612,0,0,0,0,3
engine_execution,resource_cancel_after_acquire,1,0,2,20926,0,0,0,0,3
engine_execution,resource_cancel_after_acquire,1,0,3,20852,0,0,0,0,3
engine_execution,resource_cancel_after_acquire,1,0,4,20537,0,0,0,0,3
engine_execution,resource_cancel_after_acquire,1,0,5,19686,0,0,0,0,3
engine_execution,resource_cancel_after_acquire,1,0,6,19611,0,0,0,0,3
engine_execution,resource_cancel_after_acquire,1,0,7,19519,0,0,0,0,3
engine_execution,resource_cancel_after_acquire,1,0,8,19796,0,0,0,0,3
engine_execution,resource_cancel_after_acquire,1,0,9,19629,0,0,0,0,3
engine_execution,resource_cancel_after_acquire,1,0,10,19649,0,0,0,0,3
engine_execution,resource_cancel_after_acquire,1,0,11,19518,0,0,0,0,3
engine_execution,resource_cancel_after_acquire,1,0,12,19259,0,0,0,0,3
engine_execution,resource_cancel_after_acquire,1,0,13,19352,0,0,0,0,3
engine_execution,resource_cancel_after_acquire,1,0,14,19222,0,0,0,0,3
engine_execution,resource_cancel_after_acquire,1,0,15,19538,0,0,0,0,3
engine_execution,resource_cancel_after_acquire,1,0,16,19500,0,0,0,0,3
engine_execution,resource_cancel_after_acquire,1,0,17,19092,0,0,0,0,3
engine_execution,resource_cancel_after_acquire,1,0,18,19277,0,0,0,0,3
engine_execution,resource_cancel_after_acquire,1,0,19,19130,0,0,0,0,3
engine_execution,resource_cancel_after_acquire,1,0,20,19000,0,0,0,0,3
engine_execution,resource_cancel_after_acquire,1,0,21,19444,0,0,0,0,3
engine_execution,resource_cancel_after_acquire,1,0,22,19389,0,0,0,0,3
engine_execution,resource_cancel_after_acquire,1,0,23,19445,0,0,0,0,3
engine_execution,resource_cancel_after_acquire,1,0,24,19500,0,0,0,0,3
engine_execution,resource_cancel_after_acquire,1,0,25,19426,0,0,0,0,3
engine_execution,resource_cancel_after_acquire,1,0,26,19759,0,0,0,0,3
engine_execution,resource_cancel_after_acquire,1,0,27,19685,0,0,0,0,3
engine_execution,resource_cancel_after_acquire,1,0,28,19778,0,0,0,0,3
engine_execution,resource_cancel_after_acquire,1,0,29,19926,0,0,0,0,3
engine_execution,resource_cancel_after_acquire,1,0,30,19815,0,0,0,0,3
engine_execution,resource_cancel_after_acquire,1,0,31,19556,0,0,0,0,3
engine_execution,resource_cancel_after_acquire,1,0,32,19556,0,0,0,0,3
engine_execution,resource_cancel_after_acquire,1,0,33,19240,0,0,0,0,3
engine_execution,resource_cancel_after_acquire,1,0,34,19592,0,0,0,0,3
engine_execution,resource_cancel_after_acquire,1,0,35,19278,0,0,0,0,3
engine_execution,resource_cancel_after_acquire,1,0,36,19463,0,0,0,0,3
engine_execution,resource_cancel_after_acquire,1,0,37,19204,0,0,0,0,3
engine_execution,resource_cancel_after_acquire,1,0,38,19630,0,0,0,0,3
engine_execution,resource_cancel_after_acquire,1,0,39,19926,0,0,0,0,3
engine_execution,effect_known_receipt,1,0,0,16148,0,0,0,0,1
engine_execution,effect_known_receipt,1,0,1,16352,0,0,0,0,0
engine_execution,effect_known_receipt,1,0,2,17001,0,0,0,0,3
engine_execution,effect_known_receipt,1,0,3,16685,0,0,0,0,2
engine_execution,effect_known_receipt,1,0,4,17000,0,0,0,0,5
engine_execution,effect_known_receipt,1,0,5,16537,0,0,0,0,4
engine_execution,effect_known_receipt,1,0,6,16703,0,0,0,0,7
engine_execution,effect_known_receipt,1,0,7,16870,0,0,0,0,6
engine_execution,effect_known_receipt,1,0,8,16296,0,0,0,0,9
engine_execution,effect_known_receipt,1,0,9,16092,0,0,0,0,8
engine_execution,effect_known_receipt,1,0,10,16593,0,0,0,0,11
engine_execution,effect_known_receipt,1,0,11,16371,0,0,0,0,10
engine_execution,effect_known_receipt,1,0,12,17130,0,0,0,0,13
engine_execution,effect_known_receipt,1,0,13,16315,0,0,0,0,12
engine_execution,effect_known_receipt,1,0,14,16926,0,0,0,0,15
engine_execution,effect_known_receipt,1,0,15,16463,0,0,0,0,14
engine_execution,effect_known_receipt,1,0,16,17111,0,0,0,0,17
engine_execution,effect_known_receipt,1,0,17,16574,0,0,0,0,16
engine_execution,effect_known_receipt,1,0,18,16482,0,0,0,0,19
engine_execution,effect_known_receipt,1,0,19,16426,0,0,0,0,18
engine_execution,effect_known_receipt,1,0,20,16407,0,0,0,0,21
engine_execution,effect_known_receipt,1,0,21,16463,0,0,0,0,20
engine_execution,effect_known_receipt,1,0,22,16297,0,0,0,0,23
engine_execution,effect_known_receipt,1,0,23,23760,0,0,0,0,22
engine_execution,effect_known_receipt,1,0,24,16686,0,0,0,0,25
engine_execution,effect_known_receipt,1,0,25,16519,0,0,0,0,24
engine_execution,effect_known_receipt,1,0,26,16241,0,0,0,0,27
engine_execution,effect_known_receipt,1,0,27,16204,0,0,0,0,26
engine_execution,effect_known_receipt,1,0,28,16371,0,0,0,0,29
engine_execution,effect_known_receipt,1,0,29,16686,0,0,0,0,28
engine_execution,effect_known_receipt,1,0,30,16074,0,0,0,0,31
engine_execution,effect_known_receipt,1,0,31,16204,0,0,0,0,30
engine_execution,effect_known_receipt,1,0,32,16389,0,0,0,0,33
engine_execution,effect_known_receipt,1,0,33,16389,0,0,0,0,32
engine_execution,effect_known_receipt,1,0,34,16407,0,0,0,0,35
engine_execution,effect_known_receipt,1,0,35,16240,0,0,0,0,34
engine_execution,effect_known_receipt,1,0,36,16444,0,0,0,0,37
engine_execution,effect_known_receipt,1,0,37,16407,0,0,0,0,36
engine_execution,effect_known_receipt,1,0,38,16352,0,0,0,0,39
engine_execution,effect_known_receipt,1,0,39,16185,0,0,0,0,38
engine_execution_alloc,effect_known_receipt,1,0,0,0,152,15266,0,0,23131
engine_execution,retry_one_failure,1,0,0,16667,0,0,0,0,1
engine_execution,retry_one_failure,1,0,1,16907,0,0,0,0,0
engine_execution,retry_one_failure,1,0,2,16926,0,0,0,0,3
engine_execution,retry_one_failure,1,0,3,16815,0,0,0,0,2
engine_execution,retry_one_failure,1,0,4,16500,0,0,0,0,5
engine_execution,retry_one_failure,1,0,5,16778,0,0,0,0,4
engine_execution,retry_one_failure,1,0,6,16907,0,0,0,0,7
engine_execution,retry_one_failure,1,0,7,16834,0,0,0,0,6
engine_execution,retry_one_failure,1,0,8,16593,0,0,0,0,9
engine_execution,retry_one_failure,1,0,9,16649,0,0,0,0,8
engine_execution,retry_one_failure,1,0,10,16371,0,0,0,0,11
engine_execution,retry_one_failure,1,0,11,16833,0,0,0,0,10
engine_execution,retry_one_failure,1,0,12,16796,0,0,0,0,13
engine_execution,retry_one_failure,1,0,13,16870,0,0,0,0,12
engine_execution,retry_one_failure,1,0,14,17018,0,0,0,0,15
engine_execution,retry_one_failure,1,0,15,16704,0,0,0,0,14
engine_execution,retry_one_failure,1,0,16,16796,0,0,0,0,17
engine_execution,retry_one_failure,1,0,17,16778,0,0,0,0,16
engine_execution,retry_one_failure,1,0,18,16741,0,0,0,0,19
engine_execution,retry_one_failure,1,0,19,16870,0,0,0,0,18
engine_execution,retry_one_failure,1,0,20,16648,0,0,0,0,21
engine_execution,retry_one_failure,1,0,21,16797,0,0,0,0,20
engine_execution,retry_one_failure,1,0,22,16945,0,0,0,0,23
engine_execution,retry_one_failure,1,0,23,17426,0,0,0,0,22
engine_execution,retry_one_failure,1,0,24,16741,0,0,0,0,25
engine_execution,retry_one_failure,1,0,25,16852,0,0,0,0,24
engine_execution,retry_one_failure,1,0,26,16908,0,0,0,0,27
engine_execution,retry_one_failure,1,0,27,16870,0,0,0,0,26
engine_execution,retry_one_failure,1,0,28,17000,0,0,0,0,29
engine_execution,retry_one_failure,1,0,29,16833,0,0,0,0,28
engine_execution,retry_one_failure,1,0,30,17185,0,0,0,0,31
engine_execution,retry_one_failure,1,0,31,17056,0,0,0,0,30
engine_execution,retry_one_failure,1,0,32,17148,0,0,0,0,33
engine_execution,retry_one_failure,1,0,33,17278,0,0,0,0,32
engine_execution,retry_one_failure,1,0,34,17018,0,0,0,0,35
engine_execution,retry_one_failure,1,0,35,16907,0,0,0,0,34
engine_execution,retry_one_failure,1,0,36,16944,0,0,0,0,37
engine_execution,retry_one_failure,1,0,37,16982,0,0,0,0,36
engine_execution,retry_one_failure,1,0,38,16852,0,0,0,0,39
engine_execution,retry_one_failure,1,0,39,16852,0,0,0,0,38
engine_execution_alloc,retry_one_failure,1,0,0,0,155,15433,0,0,23131
engine_execution,component_flat,10,9,0,63518,0,0,0,0,0
engine_execution,component_flat,10,9,1,63574,0,0,0,0,1
engine_execution,component_flat,10,9,2,63649,0,0,0,0,2
engine_execution,component_flat,10,9,3,63223,0,0,0,0,3
engine_execution,component_flat,10,9,4,63630,0,0,0,0,4
engine_execution,component_flat,10,9,5,63130,0,0,0,0,5
engine_execution,component_flat,10,9,6,63648,0,0,0,0,6
engine_execution,component_flat,10,9,7,63555,0,0,0,0,7
engine_execution,component_flat,10,9,8,63241,0,0,0,0,8
engine_execution,component_flat,10,9,9,63074,0,0,0,0,9
engine_execution,component_flat,10,9,10,62797,0,0,0,0,10
engine_execution,component_flat,10,9,11,62537,0,0,0,0,11
engine_execution,component_flat,10,9,12,62926,0,0,0,0,12
engine_execution,component_flat,10,9,13,62648,0,0,0,0,13
engine_execution,component_flat,10,9,14,62500,0,0,0,0,14
engine_execution,component_flat,10,9,15,62556,0,0,0,0,15
engine_execution,component_flat,10,9,16,62278,0,0,0,0,16
engine_execution,component_flat,10,9,17,62870,0,0,0,0,17
engine_execution,component_flat,10,9,18,62426,0,0,0,0,18
engine_execution,component_flat,10,9,19,62463,0,0,0,0,19
engine_execution,component_flat,10,9,20,63463,0,0,0,0,20
engine_execution,component_flat,10,9,21,63148,0,0,0,0,21
engine_execution,component_flat,10,9,22,62408,0,0,0,0,22
engine_execution,component_flat,10,9,23,63278,0,0,0,0,23
engine_execution,component_flat,10,9,24,63889,0,0,0,0,24
engine_execution,component_flat,10,9,25,63055,0,0,0,0,25
engine_execution,component_flat,10,9,26,62463,0,0,0,0,26
engine_execution,component_flat,10,9,27,62555,0,0,0,0,27
engine_execution,component_flat,10,9,28,63352,0,0,0,0,28
engine_execution,component_flat,10,9,29,62889,0,0,0,0,29
engine_execution,component_flat,10,9,30,61871,0,0,0,0,30
engine_execution,component_flat,10,9,31,63019,0,0,0,0,31
engine_execution,component_flat,10,9,32,63667,0,0,0,0,32
engine_execution,component_flat,10,9,33,61889,0,0,0,0,33
engine_execution,component_flat,10,9,34,62685,0,0,0,0,34
engine_execution,component_flat,10,9,35,62815,0,0,0,0,35
engine_execution,component_flat,10,9,36,73333,0,0,0,0,36
engine_execution,component_flat,10,9,37,63519,0,0,0,0,37
engine_execution,component_flat,10,9,38,62852,0,0,0,0,38
engine_execution,component_flat,10,9,39,62963,0,0,0,0,39
engine_execution_alloc,component_flat,10,9,0,0,575,47080,0,0,23130
engine_execution,component_nested,13,12,0,91334,0,0,0,0,0
engine_execution,component_nested,13,12,1,92556,0,0,0,0,1
engine_execution,component_nested,13,12,2,92482,0,0,0,0,2
engine_execution,component_nested,13,12,3,91537,0,0,0,0,3
engine_execution,component_nested,13,12,4,91630,0,0,0,0,4
engine_execution,component_nested,13,12,5,92148,0,0,0,0,5
engine_execution,component_nested,13,12,6,92019,0,0,0,0,6
engine_execution,component_nested,13,12,7,90501,0,0,0,0,7
engine_execution,component_nested,13,12,8,90944,0,0,0,0,8
engine_execution,component_nested,13,12,9,91611,0,0,0,0,9
engine_execution,component_nested,13,12,10,91204,0,0,0,0,10
engine_execution,component_nested,13,12,11,91648,0,0,0,0,11
engine_execution,component_nested,13,12,12,90685,0,0,0,0,12
engine_execution,component_nested,13,12,13,90704,0,0,0,0,13
engine_execution,component_nested,13,12,14,90963,0,0,0,0,14
engine_execution,component_nested,13,12,15,91000,0,0,0,0,15
engine_execution,component_nested,13,12,16,91018,0,0,0,0,16
engine_execution,component_nested,13,12,17,90445,0,0,0,0,17
engine_execution,component_nested,13,12,18,90408,0,0,0,0,18
engine_execution,component_nested,13,12,19,90352,0,0,0,0,19
engine_execution,component_nested,13,12,20,90444,0,0,0,0,20
engine_execution,component_nested,13,12,21,91093,0,0,0,0,21
engine_execution,component_nested,13,12,22,90760,0,0,0,0,22
engine_execution,component_nested,13,12,23,90890,0,0,0,0,23
engine_execution,component_nested,13,12,24,90518,0,0,0,0,24
engine_execution,component_nested,13,12,25,91038,0,0,0,0,25
engine_execution,component_nested,13,12,26,91241,0,0,0,0,26
engine_execution,component_nested,13,12,27,90500,0,0,0,0,27
engine_execution,component_nested,13,12,28,91260,0,0,0,0,28
engine_execution,component_nested,13,12,29,89352,0,0,0,0,29
engine_execution,component_nested,13,12,30,90704,0,0,0,0,30
engine_execution,component_nested,13,12,31,96833,0,0,0,0,31
engine_execution,component_nested,13,12,32,92075,0,0,0,0,32
engine_execution,component_nested,13,12,33,91407,0,0,0,0,33
engine_execution,component_nested,13,12,34,90501,0,0,0,0,34
engine_execution,component_nested,13,12,35,90500,0,0,0,0,35
engine_execution,component_nested,13,12,36,90870,0,0,0,0,36
engine_execution,component_nested,13,12,37,90796,0,0,0,0,37
engine_execution,component_nested,13,12,38,90112,0,0,0,0,38
engine_execution,component_nested,13,12,39,91426,0,0,0,0,39
engine_execution_alloc,component_nested,13,12,0,0,858,62385,0,0,23130
engine_execution,component_flat,100,99,0,782150,0,0,0,0,1
engine_execution,component_flat,100,99,1,774132,0,0,0,0,0
engine_execution,component_flat,100,99,2,774187,0,0,0,0,3
engine_execution,component_flat,100,99,3,770169,0,0,0,0,2
engine_execution,component_flat,100,99,4,774761,0,0,0,0,5
engine_execution,component_flat,100,99,5,772243,0,0,0,0,4
engine_execution,component_flat,100,99,6,779669,0,0,0,0,7
engine_execution,component_flat,100,99,7,774261,0,0,0,0,6
engine_execution,component_flat,100,99,8,775021,0,0,0,0,9
engine_execution,component_flat,100,99,9,774503,0,0,0,0,8
engine_execution,component_flat,100,99,10,773558,0,0,0,0,11
engine_execution,component_flat,100,99,11,782669,0,0,0,0,10
engine_execution,component_flat,100,99,12,775447,0,0,0,0,13
engine_execution,component_flat,100,99,13,775243,0,0,0,0,12
engine_execution,component_flat,100,99,14,773280,0,0,0,0,15
engine_execution,component_flat,100,99,15,772243,0,0,0,0,14
engine_execution,component_flat,100,99,16,781132,0,0,0,0,17
engine_execution,component_flat,100,99,17,773521,0,0,0,0,16
engine_execution,component_flat,100,99,18,774651,0,0,0,0,19
engine_execution,component_flat,100,99,19,774188,0,0,0,0,18
engine_execution,component_flat,100,99,20,769669,0,0,0,0,21
engine_execution,component_flat,100,99,21,785651,0,0,0,0,20
engine_execution,component_flat,100,99,22,773447,0,0,0,0,23
engine_execution,component_flat,100,99,23,772891,0,0,0,0,22
engine_execution,component_flat,100,99,24,770576,0,0,0,0,25
engine_execution,component_flat,100,99,25,774447,0,0,0,0,24
engine_execution,component_flat,100,99,26,777929,0,0,0,0,27
engine_execution,component_flat,100,99,27,773206,0,0,0,0,26
engine_execution,component_flat,100,99,28,770502,0,0,0,0,29
engine_execution,component_flat,100,99,29,773558,0,0,0,0,28
engine_execution,component_flat,100,99,30,771910,0,0,0,0,31
engine_execution,component_flat,100,99,31,778835,0,0,0,0,30
engine_execution,component_flat,100,99,32,771632,0,0,0,0,33
engine_execution,component_flat,100,99,33,772502,0,0,0,0,32
engine_execution,component_flat,100,99,34,772854,0,0,0,0,35
engine_execution,component_flat,100,99,35,770724,0,0,0,0,34
engine_execution,component_flat,100,99,36,773281,0,0,0,0,37
engine_execution,component_flat,100,99,37,773576,0,0,0,0,36
engine_execution,component_flat,100,99,38,771113,0,0,0,0,39
engine_execution,component_flat,100,99,39,772687,0,0,0,0,38
engine_execution_alloc,component_flat,100,99,0,0,5262,533272,0,0,23131
engine_execution,component_nested,103,102,0,946373,0,0,0,0,1
engine_execution,component_nested,103,102,1,948558,0,0,0,0,0
engine_execution,component_nested,103,102,2,943984,0,0,0,0,3
engine_execution,component_nested,103,102,3,945151,0,0,0,0,2
engine_execution,component_nested,103,102,4,945669,0,0,0,0,5
engine_execution,component_nested,103,102,5,951133,0,0,0,0,4
engine_execution,component_nested,103,102,6,944762,0,0,0,0,7
engine_execution,component_nested,103,102,7,944891,0,0,0,0,6
engine_execution,component_nested,103,102,8,944077,0,0,0,0,9
engine_execution,component_nested,103,102,9,947151,0,0,0,0,8
engine_execution,component_nested,103,102,10,943670,0,0,0,0,11
engine_execution,component_nested,103,102,11,946910,0,0,0,0,10
engine_execution,component_nested,103,102,12,946429,0,0,0,0,13
engine_execution,component_nested,103,102,13,952170,0,0,0,0,12
engine_execution,component_nested,103,102,14,948021,0,0,0,0,15
engine_execution,component_nested,103,102,15,946336,0,0,0,0,14
engine_execution,component_nested,103,102,16,942558,0,0,0,0,17
engine_execution,component_nested,103,102,17,943003,0,0,0,0,16
engine_execution,component_nested,103,102,18,952966,0,0,0,0,19
engine_execution,component_nested,103,102,19,947707,0,0,0,0,18
engine_execution,component_nested,103,102,20,946577,0,0,0,0,21
engine_execution,component_nested,103,102,21,945781,0,0,0,0,20
engine_execution,component_nested,103,102,22,953669,0,0,0,0,23
engine_execution,component_nested,103,102,23,946596,0,0,0,0,22
engine_execution,component_nested,103,102,24,946465,0,0,0,0,25
engine_execution,component_nested,103,102,25,943577,0,0,0,0,24
engine_execution,component_nested,103,102,26,954317,0,0,0,0,27
engine_execution,component_nested,103,102,27,945559,0,0,0,0,26
engine_execution,component_nested,103,102,28,948780,0,0,0,0,29
engine_execution,component_nested,103,102,29,946891,0,0,0,0,28
engine_execution,component_nested,103,102,30,954392,0,0,0,0,31
engine_execution,component_nested,103,102,31,945725,0,0,0,0,30
engine_execution,component_nested,103,102,32,944614,0,0,0,0,33
engine_execution,component_nested,103,102,33,949762,0,0,0,0,32
engine_execution,component_nested,103,102,34,952114,0,0,0,0,35
engine_execution,component_nested,103,102,35,948911,0,0,0,0,34
engine_execution,component_nested,103,102,36,948577,0,0,0,0,37
engine_execution,component_nested,103,102,37,949559,0,0,0,0,36
engine_execution,component_nested,103,102,38,945448,0,0,0,0,39
engine_execution,component_nested,103,102,39,951836,0,0,0,0,38
engine_execution_alloc,component_nested,103,102,0,0,6535,665937,0,0,23131
plan_build,component_repeated_typed_2,2,2,0,31352,0,0,0,0,25
plan_build,component_repeated_typed_2,2,2,1,12667,0,0,0,0,25
plan_build,component_repeated_typed_2,2,2,2,11685,0,0,0,0,25
plan_build,component_repeated_typed_2,2,2,3,9741,0,0,0,0,25
plan_build,component_repeated_typed_2,2,2,4,9741,0,0,0,0,25
plan_build,component_repeated_typed_2,2,2,5,9667,0,0,0,0,25
plan_build,component_repeated_typed_2,2,2,6,9463,0,0,0,0,25
plan_build,component_repeated_typed_2,2,2,7,9463,0,0,0,0,25
plan_build,component_repeated_typed_2,2,2,8,9481,0,0,0,0,25
plan_build,component_repeated_typed_2,2,2,9,9333,0,0,0,0,25
plan_build,component_repeated_typed_2,2,2,10,9407,0,0,0,0,25
plan_build,component_repeated_typed_2,2,2,11,9111,0,0,0,0,25
plan_build,component_repeated_typed_2,2,2,12,9259,0,0,0,0,25
plan_build,component_repeated_typed_2,2,2,13,9241,0,0,0,0,25
plan_build,component_repeated_typed_2,2,2,14,9167,0,0,0,0,25
plan_build,component_repeated_typed_2,2,2,15,9259,0,0,0,0,25
plan_build,component_repeated_typed_2,2,2,16,9241,0,0,0,0,25
plan_build,component_repeated_typed_2,2,2,17,9148,0,0,0,0,25
plan_build,component_repeated_typed_2,2,2,18,9093,0,0,0,0,25
plan_build,component_repeated_typed_2,2,2,19,9315,0,0,0,0,25
plan_build_alloc,component_repeated_typed_2,2,2,0,0,124,17919,0,0,25
engine_execution,component_repeated_typed_2,2,2,0,30686,0,0,0,0,3
engine_execution,component_repeated_typed_2,2,2,1,30482,0,0,0,0,2
engine_execution,component_repeated_typed_2,2,2,2,29926,0,0,0,0,5
engine_execution,component_repeated_typed_2,2,2,3,30241,0,0,0,0,4
engine_execution,component_repeated_typed_2,2,2,4,30093,0,0,0,0,7
engine_execution,component_repeated_typed_2,2,2,5,30130,0,0,0,0,6
engine_execution,component_repeated_typed_2,2,2,6,29574,0,0,0,0,9
engine_execution,component_repeated_typed_2,2,2,7,29667,0,0,0,0,8
engine_execution,component_repeated_typed_2,2,2,8,29704,0,0,0,0,11
engine_execution,component_repeated_typed_2,2,2,9,30185,0,0,0,0,10
engine_execution,component_repeated_typed_2,2,2,10,29759,0,0,0,0,13
engine_execution,component_repeated_typed_2,2,2,11,29370,0,0,0,0,12
engine_execution,component_repeated_typed_2,2,2,12,28945,0,0,0,0,15
engine_execution,component_repeated_typed_2,2,2,13,29056,0,0,0,0,14
engine_execution,component_repeated_typed_2,2,2,14,29574,0,0,0,0,17
engine_execution,component_repeated_typed_2,2,2,15,29944,0,0,0,0,16
engine_execution,component_repeated_typed_2,2,2,16,29963,0,0,0,0,19
engine_execution,component_repeated_typed_2,2,2,17,30074,0,0,0,0,18
engine_execution,component_repeated_typed_2,2,2,18,29815,0,0,0,0,21
engine_execution,component_repeated_typed_2,2,2,19,29741,0,0,0,0,20
engine_execution,component_repeated_typed_2,2,2,20,30056,0,0,0,0,23
engine_execution,component_repeated_typed_2,2,2,21,29889,0,0,0,0,22
engine_execution,component_repeated_typed_2,2,2,22,29908,0,0,0,0,25
engine_execution,component_repeated_typed_2,2,2,23,29740,0,0,0,0,24
engine_execution,component_repeated_typed_2,2,2,24,29481,0,0,0,0,27
engine_execution,component_repeated_typed_2,2,2,25,29833,0,0,0,0,26
engine_execution,component_repeated_typed_2,2,2,26,30093,0,0,0,0,29
engine_execution,component_repeated_typed_2,2,2,27,29389,0,0,0,0,28
engine_execution,component_repeated_typed_2,2,2,28,29704,0,0,0,0,31
engine_execution,component_repeated_typed_2,2,2,29,29389,0,0,0,0,30
engine_execution,component_repeated_typed_2,2,2,30,29222,0,0,0,0,33
engine_execution,component_repeated_typed_2,2,2,31,29519,0,0,0,0,32
engine_execution,component_repeated_typed_2,2,2,32,29612,0,0,0,0,35
engine_execution,component_repeated_typed_2,2,2,33,29611,0,0,0,0,34
engine_execution,component_repeated_typed_2,2,2,34,29426,0,0,0,0,37
engine_execution,component_repeated_typed_2,2,2,35,29611,0,0,0,0,36
engine_execution,component_repeated_typed_2,2,2,36,29574,0,0,0,0,39
engine_execution,component_repeated_typed_2,2,2,37,29630,0,0,0,0,38
engine_execution,component_repeated_typed_2,2,2,38,29574,0,0,0,0,41
engine_execution,component_repeated_typed_2,2,2,39,29686,0,0,0,0,40
engine_execution_alloc,component_repeated_typed_2,2,2,0,0,306,25590,0,0,23133
plan_build,component_repeated_typed_10,10,10,0,48074,0,0,0,0,25
plan_build,component_repeated_typed_10,10,10,1,41834,0,0,0,0,25
plan_build,component_repeated_typed_10,10,10,2,40149,0,0,0,0,25
plan_build,component_repeated_typed_10,10,10,3,39204,0,0,0,0,25
plan_build,component_repeated_typed_10,10,10,4,38000,0,0,0,0,25
plan_build,component_repeated_typed_10,10,10,5,37111,0,0,0,0,25
plan_build,component_repeated_typed_10,10,10,6,37223,0,0,0,0,25
plan_build,component_repeated_typed_10,10,10,7,37037,0,0,0,0,25
plan_build,component_repeated_typed_10,10,10,8,41852,0,0,0,0,25
plan_build,component_repeated_typed_10,10,10,9,37426,0,0,0,0,25
plan_build,component_repeated_typed_10,10,10,10,36260,0,0,0,0,25
plan_build,component_repeated_typed_10,10,10,11,36797,0,0,0,0,25
plan_build,component_repeated_typed_10,10,10,12,36037,0,0,0,0,25
plan_build,component_repeated_typed_10,10,10,13,36833,0,0,0,0,25
plan_build,component_repeated_typed_10,10,10,14,36426,0,0,0,0,25
plan_build,component_repeated_typed_10,10,10,15,36667,0,0,0,0,25
plan_build,component_repeated_typed_10,10,10,16,36426,0,0,0,0,25
plan_build,component_repeated_typed_10,10,10,17,36333,0,0,0,0,25
plan_build,component_repeated_typed_10,10,10,18,36223,0,0,0,0,25
plan_build,component_repeated_typed_10,10,10,19,35981,0,0,0,0,25
plan_build_alloc,component_repeated_typed_10,10,10,0,0,410,85447,0,0,25
engine_execution,component_repeated_typed_10,10,10,0,146297,0,0,0,0,11
engine_execution,component_repeated_typed_10,10,10,1,146074,0,0,0,0,10
engine_execution,component_repeated_typed_10,10,10,2,146741,0,0,0,0,13
engine_execution,component_repeated_typed_10,10,10,3,146482,0,0,0,0,12
engine_execution,component_repeated_typed_10,10,10,4,146408,0,0,0,0,15
engine_execution,component_repeated_typed_10,10,10,5,146204,0,0,0,0,14
engine_execution,component_repeated_typed_10,10,10,6,146056,0,0,0,0,17
engine_execution,component_repeated_typed_10,10,10,7,145315,0,0,0,0,16
engine_execution,component_repeated_typed_10,10,10,8,145797,0,0,0,0,19
engine_execution,component_repeated_typed_10,10,10,9,145796,0,0,0,0,18
engine_execution,component_repeated_typed_10,10,10,10,145538,0,0,0,0,21
engine_execution,component_repeated_typed_10,10,10,11,146130,0,0,0,0,20
engine_execution,component_repeated_typed_10,10,10,12,145852,0,0,0,0,23
engine_execution,component_repeated_typed_10,10,10,13,144649,0,0,0,0,22
engine_execution,component_repeated_typed_10,10,10,14,145612,0,0,0,0,25
engine_execution,component_repeated_typed_10,10,10,15,150204,0,0,0,0,24
engine_execution,component_repeated_typed_10,10,10,16,145834,0,0,0,0,27
engine_execution,component_repeated_typed_10,10,10,17,146722,0,0,0,0,26
engine_execution,component_repeated_typed_10,10,10,18,145944,0,0,0,0,29
engine_execution,component_repeated_typed_10,10,10,19,146075,0,0,0,0,28
engine_execution,component_repeated_typed_10,10,10,20,146000,0,0,0,0,31
engine_execution,component_repeated_typed_10,10,10,21,145797,0,0,0,0,30
engine_execution,component_repeated_typed_10,10,10,22,145408,0,0,0,0,33
engine_execution,component_repeated_typed_10,10,10,23,145093,0,0,0,0,32
engine_execution,component_repeated_typed_10,10,10,24,145001,0,0,0,0,35
engine_execution,component_repeated_typed_10,10,10,25,145779,0,0,0,0,34
engine_execution,component_repeated_typed_10,10,10,26,145982,0,0,0,0,37
engine_execution,component_repeated_typed_10,10,10,27,145334,0,0,0,0,36
engine_execution,component_repeated_typed_10,10,10,28,145482,0,0,0,0,39
engine_execution,component_repeated_typed_10,10,10,29,145445,0,0,0,0,38
engine_execution,component_repeated_typed_10,10,10,30,144926,0,0,0,0,41
engine_execution,component_repeated_typed_10,10,10,31,144723,0,0,0,0,40
engine_execution,component_repeated_typed_10,10,10,32,145630,0,0,0,0,43
engine_execution,component_repeated_typed_10,10,10,33,144612,0,0,0,0,42
engine_execution,component_repeated_typed_10,10,10,34,145556,0,0,0,0,45
engine_execution,component_repeated_typed_10,10,10,35,144445,0,0,0,0,44
engine_execution,component_repeated_typed_10,10,10,36,144241,0,0,0,0,47
engine_execution,component_repeated_typed_10,10,10,37,144149,0,0,0,0,46
engine_execution,component_repeated_typed_10,10,10,38,145426,0,0,0,0,49
engine_execution,component_repeated_typed_10,10,10,39,144982,0,0,0,0,48
engine_execution_alloc,component_repeated_typed_10,10,10,0,0,1408,99870,0,0,23141
plan_build,component_repeated_typed_100,100,100,0,429298,0,0,0,0,25
plan_build,component_repeated_typed_100,100,100,1,389482,0,0,0,0,25
plan_build,component_repeated_typed_100,100,100,2,381242,0,0,0,0,25
plan_build,component_repeated_typed_100,100,100,3,376816,0,0,0,0,25
plan_build,component_repeated_typed_100,100,100,4,377039,0,0,0,0,25
plan_build,component_repeated_typed_100,100,100,5,376816,0,0,0,0,25
plan_build,component_repeated_typed_100,100,100,6,375427,0,0,0,0,25
plan_build,component_repeated_typed_100,100,100,7,375131,0,0,0,0,25
plan_build,component_repeated_typed_100,100,100,8,372649,0,0,0,0,25
plan_build,component_repeated_typed_100,100,100,9,372816,0,0,0,0,25
plan_build,component_repeated_typed_100,100,100,10,370816,0,0,0,0,25
plan_build,component_repeated_typed_100,100,100,11,381482,0,0,0,0,25
plan_build,component_repeated_typed_100,100,100,12,372520,0,0,0,0,25
plan_build,component_repeated_typed_100,100,100,13,370834,0,0,0,0,25
plan_build,component_repeated_typed_100,100,100,14,372612,0,0,0,0,25
plan_build,component_repeated_typed_100,100,100,15,370557,0,0,0,0,25
plan_build,component_repeated_typed_100,100,100,16,374520,0,0,0,0,25
plan_build,component_repeated_typed_100,100,100,17,370983,0,0,0,0,25
plan_build,component_repeated_typed_100,100,100,18,371187,0,0,0,0,25
plan_build,component_repeated_typed_100,100,100,19,371464,0,0,0,0,25
plan_build_alloc,component_repeated_typed_100,100,100,0,0,3376,727313,0,0,25
engine_execution,component_repeated_typed_100,100,100,0,2693490,0,0,0,0,101
engine_execution,component_repeated_typed_100,100,100,1,2687341,0,0,0,0,100
engine_execution,component_repeated_typed_100,100,100,2,2686008,0,0,0,0,103
engine_execution,component_repeated_typed_100,100,100,3,2683693,0,0,0,0,102
engine_execution,component_repeated_typed_100,100,100,4,2676397,0,0,0,0,105
engine_execution,component_repeated_typed_100,100,100,5,2685156,0,0,0,0,104
engine_execution,component_repeated_typed_100,100,100,6,2682378,0,0,0,0,107
engine_execution,component_repeated_typed_100,100,100,7,2672545,0,0,0,0,106
engine_execution,component_repeated_typed_100,100,100,8,2687082,0,0,0,0,109
engine_execution,component_repeated_typed_100,100,100,9,2681822,0,0,0,0,108
engine_execution,component_repeated_typed_100,100,100,10,2690841,0,0,0,0,111
engine_execution,component_repeated_typed_100,100,100,11,2679323,0,0,0,0,110
engine_execution,component_repeated_typed_100,100,100,12,2689027,0,0,0,0,113
engine_execution,component_repeated_typed_100,100,100,13,2676008,0,0,0,0,112
engine_execution,component_repeated_typed_100,100,100,14,2683972,0,0,0,0,115
engine_execution,component_repeated_typed_100,100,100,15,2690971,0,0,0,0,114
engine_execution,component_repeated_typed_100,100,100,16,2692749,0,0,0,0,117
engine_execution,component_repeated_typed_100,100,100,17,2695508,0,0,0,0,116
engine_execution,component_repeated_typed_100,100,100,18,2692249,0,0,0,0,119
engine_execution,component_repeated_typed_100,100,100,19,2674878,0,0,0,0,118
engine_execution,component_repeated_typed_100,100,100,20,2681656,0,0,0,0,121
engine_execution,component_repeated_typed_100,100,100,21,2693546,0,0,0,0,120
engine_execution,component_repeated_typed_100,100,100,22,2682360,0,0,0,0,123
engine_execution,component_repeated_typed_100,100,100,23,2684230,0,0,0,0,122
engine_execution,component_repeated_typed_100,100,100,24,2695600,0,0,0,0,125
engine_execution,component_repeated_typed_100,100,100,25,2689879,0,0,0,0,124
engine_execution,component_repeated_typed_100,100,100,26,2683471,0,0,0,0,127
engine_execution,component_repeated_typed_100,100,100,27,2709101,0,0,0,0,126
engine_execution,component_repeated_typed_100,100,100,28,2677638,0,0,0,0,129
engine_execution,component_repeated_typed_100,100,100,29,2697082,0,0,0,0,128
engine_execution,component_repeated_typed_100,100,100,30,2685434,0,0,0,0,131
engine_execution,component_repeated_typed_100,100,100,31,2686026,0,0,0,0,130
engine_execution,component_repeated_typed_100,100,100,32,2686471,0,0,0,0,133
engine_execution,component_repeated_typed_100,100,100,33,2694805,0,0,0,0,132
engine_execution,component_repeated_typed_100,100,100,34,2690360,0,0,0,0,135
engine_execution,component_repeated_typed_100,100,100,35,2684730,0,0,0,0,134
engine_execution,component_repeated_typed_100,100,100,36,2684878,0,0,0,0,137
engine_execution,component_repeated_typed_100,100,100,37,2680972,0,0,0,0,136
engine_execution,component_repeated_typed_100,100,100,38,2682637,0,0,0,0,139
engine_execution,component_repeated_typed_100,100,100,39,2700157,0,0,0,0,138
engine_execution_alloc,component_repeated_typed_100,100,100,0,0,22569,1497230,0,0,23231
engine_execution,resident_ready_shutdown,1,0,0,16519,0,0,0,0,1
engine_execution,resident_ready_shutdown,1,0,1,16722,0,0,0,0,1
engine_execution,resident_ready_shutdown,1,0,2,17334,0,0,0,0,1
engine_execution,resident_ready_shutdown,1,0,3,16852,0,0,0,0,1
engine_execution,resident_ready_shutdown,1,0,4,16852,0,0,0,0,1
engine_execution,resident_ready_shutdown,1,0,5,16759,0,0,0,0,1
engine_execution,resident_ready_shutdown,1,0,6,17093,0,0,0,0,1
engine_execution,resident_ready_shutdown,1,0,7,17167,0,0,0,0,1
engine_execution,resident_ready_shutdown,1,0,8,17185,0,0,0,0,1
engine_execution,resident_ready_shutdown,1,0,9,17148,0,0,0,0,1
engine_execution,resident_ready_shutdown,1,0,10,16981,0,0,0,0,1
engine_execution,resident_ready_shutdown,1,0,11,17149,0,0,0,0,1
engine_execution,resident_ready_shutdown,1,0,12,16963,0,0,0,0,1
engine_execution,resident_ready_shutdown,1,0,13,17092,0,0,0,0,1
engine_execution,resident_ready_shutdown,1,0,14,17260,0,0,0,0,1
engine_execution,resident_ready_shutdown,1,0,15,17074,0,0,0,0,1
engine_execution,resident_ready_shutdown,1,0,16,17241,0,0,0,0,1
engine_execution,resident_ready_shutdown,1,0,17,17796,0,0,0,0,1
engine_execution,resident_ready_shutdown,1,0,18,17130,0,0,0,0,1
engine_execution,resident_ready_shutdown,1,0,19,17482,0,0,0,0,1
engine_execution,resident_ready_shutdown,1,0,20,17630,0,0,0,0,1
engine_execution,resident_ready_shutdown,1,0,21,17149,0,0,0,0,1
engine_execution,resident_ready_shutdown,1,0,22,17519,0,0,0,0,1
engine_execution,resident_ready_shutdown,1,0,23,17222,0,0,0,0,1
engine_execution,resident_ready_shutdown,1,0,24,16963,0,0,0,0,1
engine_execution,resident_ready_shutdown,1,0,25,17000,0,0,0,0,1
engine_execution,resident_ready_shutdown,1,0,26,17130,0,0,0,0,1
engine_execution,resident_ready_shutdown,1,0,27,17185,0,0,0,0,1
engine_execution,resident_ready_shutdown,1,0,28,17204,0,0,0,0,1
engine_execution,resident_ready_shutdown,1,0,29,16926,0,0,0,0,1
engine_execution,resident_ready_shutdown,1,0,30,17315,0,0,0,0,1
engine_execution,resident_ready_shutdown,1,0,31,17203,0,0,0,0,1
engine_execution,resident_ready_shutdown,1,0,32,17130,0,0,0,0,1
engine_execution,resident_ready_shutdown,1,0,33,17166,0,0,0,0,1
engine_execution,resident_ready_shutdown,1,0,34,17407,0,0,0,0,1
engine_execution,resident_ready_shutdown,1,0,35,17000,0,0,0,0,1
engine_execution,resident_ready_shutdown,1,0,36,16797,0,0,0,0,1
engine_execution,resident_ready_shutdown,1,0,37,17055,0,0,0,0,1
engine_execution,resident_ready_shutdown,1,0,38,17260,0,0,0,0,1
engine_execution,resident_ready_shutdown,1,0,39,17056,0,0,0,0,1
engine_execution,service_restart_stable_handle,1,0,0,26815,0,0,0,0,27
engine_execution,service_restart_stable_handle,1,0,1,26889,0,0,0,0,30
engine_execution,service_restart_stable_handle,1,0,2,26926,0,0,0,0,33
engine_execution,service_restart_stable_handle,1,0,3,26963,0,0,0,0,36
engine_execution,service_restart_stable_handle,1,0,4,26445,0,0,0,0,39
engine_execution,service_restart_stable_handle,1,0,5,26278,0,0,0,0,42
engine_execution,service_restart_stable_handle,1,0,6,26833,0,0,0,0,45
engine_execution,service_restart_stable_handle,1,0,7,26408,0,0,0,0,48
engine_execution,service_restart_stable_handle,1,0,8,27055,0,0,0,0,51
engine_execution,service_restart_stable_handle,1,0,9,27019,0,0,0,0,54
engine_execution,service_restart_stable_handle,1,0,10,26889,0,0,0,0,57
engine_execution,service_restart_stable_handle,1,0,11,26722,0,0,0,0,60
engine_execution,service_restart_stable_handle,1,0,12,26870,0,0,0,0,63
engine_execution,service_restart_stable_handle,1,0,13,26870,0,0,0,0,66
engine_execution,service_restart_stable_handle,1,0,14,26851,0,0,0,0,69
engine_execution,service_restart_stable_handle,1,0,15,26889,0,0,0,0,72
engine_execution,service_restart_stable_handle,1,0,16,26759,0,0,0,0,75
engine_execution,service_restart_stable_handle,1,0,17,26760,0,0,0,0,78
engine_execution,service_restart_stable_handle,1,0,18,26519,0,0,0,0,81
engine_execution,service_restart_stable_handle,1,0,19,26482,0,0,0,0,84
engine_execution,service_restart_stable_handle,1,0,20,26481,0,0,0,0,87
engine_execution,service_restart_stable_handle,1,0,21,26574,0,0,0,0,90
engine_execution,service_restart_stable_handle,1,0,22,26389,0,0,0,0,93
engine_execution,service_restart_stable_handle,1,0,23,26074,0,0,0,0,96
engine_execution,service_restart_stable_handle,1,0,24,26148,0,0,0,0,99
engine_execution,service_restart_stable_handle,1,0,25,26185,0,0,0,0,102
engine_execution,service_restart_stable_handle,1,0,26,26000,0,0,0,0,105
engine_execution,service_restart_stable_handle,1,0,27,26445,0,0,0,0,108
engine_execution,service_restart_stable_handle,1,0,28,26259,0,0,0,0,111
engine_execution,service_restart_stable_handle,1,0,29,26334,0,0,0,0,114
engine_execution,service_restart_stable_handle,1,0,30,26259,0,0,0,0,117
engine_execution,service_restart_stable_handle,1,0,31,26222,0,0,0,0,120
engine_execution,service_restart_stable_handle,1,0,32,26686,0,0,0,0,123
engine_execution,service_restart_stable_handle,1,0,33,26371,0,0,0,0,126
engine_execution,service_restart_stable_handle,1,0,34,26056,0,0,0,0,129
engine_execution,service_restart_stable_handle,1,0,35,26463,0,0,0,0,132
engine_execution,service_restart_stable_handle,1,0,36,26204,0,0,0,0,135
engine_execution,service_restart_stable_handle,1,0,37,26092,0,0,0,0,138
engine_execution,service_restart_stable_handle,1,0,38,26000,0,0,0,0,141
engine_execution,service_restart_stable_handle,1,0,39,26203,0,0,0,0,144
engine_execution_alloc,service_restart_stable_handle,1,0,0,0,237,22460,0,0,147
engine_execution,service_restart_exhausted,1,0,0,19426,0,0,0,0,19
engine_execution,service_restart_exhausted,1,0,1,19315,0,0,0,0,21
engine_execution,service_restart_exhausted,1,0,2,19186,0,0,0,0,23
engine_execution,service_restart_exhausted,1,0,3,19463,0,0,0,0,25
engine_execution,service_restart_exhausted,1,0,4,19685,0,0,0,0,27
engine_execution,service_restart_exhausted,1,0,5,19888,0,0,0,0,29
engine_execution,service_restart_exhausted,1,0,6,19945,0,0,0,0,31
engine_execution,service_restart_exhausted,1,0,7,19537,0,0,0,0,33
engine_execution,service_restart_exhausted,1,0,8,19704,0,0,0,0,35
engine_execution,service_restart_exhausted,1,0,9,19667,0,0,0,0,37
engine_execution,service_restart_exhausted,1,0,10,19723,0,0,0,0,39
engine_execution,service_restart_exhausted,1,0,11,19722,0,0,0,0,41
engine_execution,service_restart_exhausted,1,0,12,19888,0,0,0,0,43
engine_execution,service_restart_exhausted,1,0,13,19815,0,0,0,0,45
engine_execution,service_restart_exhausted,1,0,14,19630,0,0,0,0,47
engine_execution,service_restart_exhausted,1,0,15,20222,0,0,0,0,49
engine_execution,service_restart_exhausted,1,0,16,19889,0,0,0,0,51
engine_execution,service_restart_exhausted,1,0,17,19574,0,0,0,0,53
engine_execution,service_restart_exhausted,1,0,18,19370,0,0,0,0,55
engine_execution,service_restart_exhausted,1,0,19,19686,0,0,0,0,57
engine_execution,service_restart_exhausted,1,0,20,19704,0,0,0,0,59
engine_execution,service_restart_exhausted,1,0,21,19538,0,0,0,0,61
engine_execution,service_restart_exhausted,1,0,22,19408,0,0,0,0,63
engine_execution,service_restart_exhausted,1,0,23,19518,0,0,0,0,65
engine_execution,service_restart_exhausted,1,0,24,19389,0,0,0,0,67
engine_execution,service_restart_exhausted,1,0,25,19500,0,0,0,0,69
engine_execution,service_restart_exhausted,1,0,26,19407,0,0,0,0,71
engine_execution,service_restart_exhausted,1,0,27,19500,0,0,0,0,73
engine_execution,service_restart_exhausted,1,0,28,19500,0,0,0,0,75
engine_execution,service_restart_exhausted,1,0,29,19537,0,0,0,0,77
engine_execution,service_restart_exhausted,1,0,30,19315,0,0,0,0,79
engine_execution,service_restart_exhausted,1,0,31,19630,0,0,0,0,81
engine_execution,service_restart_exhausted,1,0,32,19592,0,0,0,0,83
engine_execution,service_restart_exhausted,1,0,33,19370,0,0,0,0,85
engine_execution,service_restart_exhausted,1,0,34,19333,0,0,0,0,87
engine_execution,service_restart_exhausted,1,0,35,19537,0,0,0,0,89
engine_execution,service_restart_exhausted,1,0,36,19370,0,0,0,0,91
engine_execution,service_restart_exhausted,1,0,37,19500,0,0,0,0,93
engine_execution,service_restart_exhausted,1,0,38,19426,0,0,0,0,95
engine_execution,service_restart_exhausted,1,0,39,19408,0,0,0,0,97
engine_execution_alloc,service_restart_exhausted,1,0,0,0,185,17964,0,0,99
engine_execution,dynamic_live_instances_1,3,2,0,69834,0,0,0,0,0
engine_execution,dynamic_live_instances_1,3,2,1,69426,0,0,0,0,0
engine_execution,dynamic_live_instances_1,3,2,2,69889,0,0,0,0,0
engine_execution,dynamic_live_instances_1,3,2,3,69204,0,0,0,0,0
engine_execution,dynamic_live_instances_1,3,2,4,76741,0,0,0,0,0
engine_execution,dynamic_live_instances_1,3,2,5,69370,0,0,0,0,0
engine_execution,dynamic_live_instances_1,3,2,6,68630,0,0,0,0,0
engine_execution,dynamic_live_instances_1,3,2,7,68444,0,0,0,0,0
engine_execution,dynamic_live_instances_1,3,2,8,68130,0,0,0,0,0
engine_execution,dynamic_live_instances_1,3,2,9,67833,0,0,0,0,0
engine_execution,dynamic_live_instances_1,3,2,10,68333,0,0,0,0,0
engine_execution,dynamic_live_instances_1,3,2,11,68630,0,0,0,0,0
engine_execution,dynamic_live_instances_1,3,2,12,68074,0,0,0,0,0
engine_execution,dynamic_live_instances_1,3,2,13,67611,0,0,0,0,0
engine_execution,dynamic_live_instances_1,3,2,14,68278,0,0,0,0,0
engine_execution,dynamic_live_instances_1,3,2,15,67944,0,0,0,0,0
engine_execution,dynamic_live_instances_1,3,2,16,67908,0,0,0,0,0
engine_execution,dynamic_live_instances_1,3,2,17,68074,0,0,0,0,0
engine_execution,dynamic_live_instances_1,3,2,18,67723,0,0,0,0,0
engine_execution,dynamic_live_instances_1,3,2,19,68056,0,0,0,0,0
engine_execution,dynamic_live_instances_1,3,2,20,68407,0,0,0,0,0
engine_execution,dynamic_live_instances_1,3,2,21,68074,0,0,0,0,0
engine_execution,dynamic_live_instances_1,3,2,22,67741,0,0,0,0,0
engine_execution,dynamic_live_instances_1,3,2,23,67519,0,0,0,0,0
engine_execution,dynamic_live_instances_1,3,2,24,68129,0,0,0,0,0
engine_execution,dynamic_live_instances_1,3,2,25,68093,0,0,0,0,0
engine_execution,dynamic_live_instances_1,3,2,26,67741,0,0,0,0,0
engine_execution,dynamic_live_instances_1,3,2,27,68093,0,0,0,0,0
engine_execution,dynamic_live_instances_1,3,2,28,68055,0,0,0,0,0
engine_execution,dynamic_live_instances_1,3,2,29,67575,0,0,0,0,0
engine_execution,dynamic_live_instances_1,3,2,30,68056,0,0,0,0,0
engine_execution,dynamic_live_instances_1,3,2,31,67981,0,0,0,0,0
engine_execution,dynamic_live_instances_1,3,2,32,67926,0,0,0,0,0
engine_execution,dynamic_live_instances_1,3,2,33,67592,0,0,0,0,0
engine_execution,dynamic_live_instances_1,3,2,34,67871,0,0,0,0,0
engine_execution,dynamic_live_instances_1,3,2,35,67611,0,0,0,0,0
engine_execution,dynamic_live_instances_1,3,2,36,67853,0,0,0,0,0
engine_execution,dynamic_live_instances_1,3,2,37,68500,0,0,0,0,0
engine_execution,dynamic_live_instances_1,3,2,38,67445,0,0,0,0,0
engine_execution,dynamic_live_instances_1,3,2,39,68204,0,0,0,0,0
engine_execution_alloc,dynamic_live_instances_1,3,2,1,0,615,63231,0,0,0
engine_execution,dynamic_live_instances_10,3,2,0,534835,0,0,0,0,11
engine_execution,dynamic_live_instances_10,3,2,1,533816,0,0,0,0,11
engine_execution,dynamic_live_instances_10,3,2,2,538816,0,0,0,0,11
engine_execution,dynamic_live_instances_10,3,2,3,533298,0,0,0,0,11
engine_execution,dynamic_live_instances_10,3,2,4,533168,0,0,0,0,11
engine_execution,dynamic_live_instances_10,3,2,5,531390,0,0,0,0,11
engine_execution,dynamic_live_instances_10,3,2,6,535001,0,0,0,0,11
engine_execution,dynamic_live_instances_10,3,2,7,532427,0,0,0,0,11
engine_execution,dynamic_live_instances_10,3,2,8,536187,0,0,0,0,11
engine_execution,dynamic_live_instances_10,3,2,9,558298,0,0,0,0,11
engine_execution,dynamic_live_instances_10,3,2,10,535335,0,0,0,0,11
engine_execution,dynamic_live_instances_10,3,2,11,536039,0,0,0,0,11
engine_execution,dynamic_live_instances_10,3,2,12,535224,0,0,0,0,11
engine_execution,dynamic_live_instances_10,3,2,13,540760,0,0,0,0,11
engine_execution,dynamic_live_instances_10,3,2,14,555335,0,0,0,0,11
engine_execution,dynamic_live_instances_10,3,2,15,534964,0,0,0,0,11
engine_execution,dynamic_live_instances_10,3,2,16,539206,0,0,0,0,11
engine_execution,dynamic_live_instances_10,3,2,17,539891,0,0,0,0,11
engine_execution,dynamic_live_instances_10,3,2,18,532298,0,0,0,0,11
engine_execution,dynamic_live_instances_10,3,2,19,532743,0,0,0,0,11
engine_execution,dynamic_live_instances_10,3,2,20,531186,0,0,0,0,11
engine_execution,dynamic_live_instances_10,3,2,21,532743,0,0,0,0,11
engine_execution,dynamic_live_instances_10,3,2,22,534039,0,0,0,0,11
engine_execution,dynamic_live_instances_10,3,2,23,534261,0,0,0,0,11
engine_execution,dynamic_live_instances_10,3,2,24,540946,0,0,0,0,11
engine_execution,dynamic_live_instances_10,3,2,25,534502,0,0,0,0,11
engine_execution,dynamic_live_instances_10,3,2,26,532520,0,0,0,0,11
engine_execution,dynamic_live_instances_10,3,2,27,535649,0,0,0,0,11
engine_execution,dynamic_live_instances_10,3,2,28,531927,0,0,0,0,11
engine_execution,dynamic_live_instances_10,3,2,29,531909,0,0,0,0,11
engine_execution,dynamic_live_instances_10,3,2,30,531057,0,0,0,0,11
engine_execution,dynamic_live_instances_10,3,2,31,536390,0,0,0,0,11
engine_execution,dynamic_live_instances_10,3,2,32,531743,0,0,0,0,11
engine_execution,dynamic_live_instances_10,3,2,33,531372,0,0,0,0,11
engine_execution,dynamic_live_instances_10,3,2,34,533464,0,0,0,0,11
engine_execution,dynamic_live_instances_10,3,2,35,533706,0,0,0,0,11
engine_execution,dynamic_live_instances_10,3,2,36,534575,0,0,0,0,11
engine_execution,dynamic_live_instances_10,3,2,37,531427,0,0,0,0,11
engine_execution,dynamic_live_instances_10,3,2,38,532427,0,0,0,0,11
engine_execution,dynamic_live_instances_10,3,2,39,541076,0,0,0,0,11
engine_execution_alloc,dynamic_live_instances_10,3,2,10,0,4382,470925,0,0,11
engine_execution,dynamic_live_instances_100,3,2,0,9772659,0,0,0,0,101
engine_execution,dynamic_live_instances_100,3,2,1,9899252,0,0,0,0,101
engine_execution,dynamic_live_instances_100,3,2,2,9787345,0,0,0,0,101
engine_execution,dynamic_live_instances_100,3,2,3,9791622,0,0,0,0,101
engine_execution,dynamic_live_instances_100,3,2,4,9750474,0,0,0,0,101
engine_execution,dynamic_live_instances_100,3,2,5,9654122,0,0,0,0,101
engine_execution,dynamic_live_instances_100,3,2,6,9700900,0,0,0,0,101
engine_execution,dynamic_live_instances_100,3,2,7,9755862,0,0,0,0,101
engine_execution,dynamic_live_instances_100,3,2,8,9726826,0,0,0,0,101
engine_execution,dynamic_live_instances_100,3,2,9,9821678,0,0,0,0,101
engine_execution,dynamic_live_instances_100,3,2,10,9726678,0,0,0,0,101
engine_execution,dynamic_live_instances_100,3,2,11,9681900,0,0,0,0,101
engine_execution,dynamic_live_instances_100,3,2,12,9754085,0,0,0,0,101
engine_execution,dynamic_live_instances_100,3,2,13,9698437,0,0,0,0,101
engine_execution,dynamic_live_instances_100,3,2,14,9703307,0,0,0,0,101
engine_execution,dynamic_live_instances_100,3,2,15,10260291,0,0,0,0,101
engine_execution,dynamic_live_instances_100,3,2,16,9957679,0,0,0,0,101
engine_execution,dynamic_live_instances_100,3,2,17,9729233,0,0,0,0,101
engine_execution,dynamic_live_instances_100,3,2,18,9751862,0,0,0,0,101
engine_execution,dynamic_live_instances_100,3,2,19,9727418,0,0,0,0,101
engine_execution,dynamic_live_instances_100,3,2,20,9761974,0,0,0,0,101
engine_execution,dynamic_live_instances_100,3,2,21,9744362,0,0,0,0,101
engine_execution,dynamic_live_instances_100,3,2,22,9703789,0,0,0,0,101
engine_execution,dynamic_live_instances_100,3,2,23,9719751,0,0,0,0,101
engine_execution,dynamic_live_instances_100,3,2,24,9716825,0,0,0,0,101
engine_execution,dynamic_live_instances_100,3,2,25,9705159,0,0,0,0,101
engine_execution,dynamic_live_instances_100,3,2,26,9698937,0,0,0,0,101
engine_execution,dynamic_live_instances_100,3,2,27,9767011,0,0,0,0,101
engine_execution,dynamic_live_instances_100,3,2,28,9760919,0,0,0,0,101
engine_execution,dynamic_live_instances_100,3,2,29,9724955,0,0,0,0,101
engine_execution,dynamic_live_instances_100,3,2,30,9796122,0,0,0,0,101
engine_execution,dynamic_live_instances_100,3,2,31,9781936,0,0,0,0,101
engine_execution,dynamic_live_instances_100,3,2,32,9744881,0,0,0,0,101
engine_execution,dynamic_live_instances_100,3,2,33,9737826,0,0,0,0,101
engine_execution,dynamic_live_instances_100,3,2,34,9696567,0,0,0,0,101
engine_execution,dynamic_live_instances_100,3,2,35,9757066,0,0,0,0,101
engine_execution,dynamic_live_instances_100,3,2,36,9722919,0,0,0,0,101
engine_execution,dynamic_live_instances_100,3,2,37,9707696,0,0,0,0,101
engine_execution,dynamic_live_instances_100,3,2,38,9756530,0,0,0,0,101
engine_execution,dynamic_live_instances_100,3,2,39,9870734,0,0,0,0,101
engine_execution_alloc,dynamic_live_instances_100,3,2,100,0,68263,5172559,0,0,101
engine_execution,dynamic_sequential_churn_1,2,1,0,62796,0,0,0,0,9
engine_execution,dynamic_sequential_churn_1,2,1,1,62056,0,0,0,0,10
engine_execution,dynamic_sequential_churn_1,2,1,2,62722,0,0,0,0,11
engine_execution,dynamic_sequential_churn_1,2,1,3,61427,0,0,0,0,12
engine_execution,dynamic_sequential_churn_1,2,1,4,60703,0,0,0,0,13
engine_execution,dynamic_sequential_churn_1,2,1,5,60981,0,0,0,0,14
engine_execution,dynamic_sequential_churn_1,2,1,6,61426,0,0,0,0,15
engine_execution,dynamic_sequential_churn_1,2,1,7,60019,0,0,0,0,16
engine_execution,dynamic_sequential_churn_1,2,1,8,60852,0,0,0,0,17
engine_execution,dynamic_sequential_churn_1,2,1,9,61075,0,0,0,0,18
engine_execution,dynamic_sequential_churn_1,2,1,10,60500,0,0,0,0,19
engine_execution,dynamic_sequential_churn_1,2,1,11,60908,0,0,0,0,20
engine_execution,dynamic_sequential_churn_1,2,1,12,60092,0,0,0,0,21
engine_execution,dynamic_sequential_churn_1,2,1,13,60130,0,0,0,0,22
engine_execution,dynamic_sequential_churn_1,2,1,14,62038,0,0,0,0,23
engine_execution,dynamic_sequential_churn_1,2,1,15,61315,0,0,0,0,24
engine_execution,dynamic_sequential_churn_1,2,1,16,60870,0,0,0,0,25
engine_execution,dynamic_sequential_churn_1,2,1,17,60686,0,0,0,0,26
engine_execution,dynamic_sequential_churn_1,2,1,18,60407,0,0,0,0,27
engine_execution,dynamic_sequential_churn_1,2,1,19,61315,0,0,0,0,28
engine_execution,dynamic_sequential_churn_1,2,1,20,60796,0,0,0,0,29
engine_execution,dynamic_sequential_churn_1,2,1,21,60130,0,0,0,0,30
engine_execution,dynamic_sequential_churn_1,2,1,22,60056,0,0,0,0,31
engine_execution,dynamic_sequential_churn_1,2,1,23,59481,0,0,0,0,32
engine_execution,dynamic_sequential_churn_1,2,1,24,60852,0,0,0,0,33
engine_execution,dynamic_sequential_churn_1,2,1,25,60259,0,0,0,0,34
engine_execution,dynamic_sequential_churn_1,2,1,26,61037,0,0,0,0,35
engine_execution,dynamic_sequential_churn_1,2,1,27,75223,0,0,0,0,36
engine_execution,dynamic_sequential_churn_1,2,1,28,63352,0,0,0,0,37
engine_execution,dynamic_sequential_churn_1,2,1,29,60834,0,0,0,0,38
engine_execution,dynamic_sequential_churn_1,2,1,30,60722,0,0,0,0,39
engine_execution,dynamic_sequential_churn_1,2,1,31,60352,0,0,0,0,40
engine_execution,dynamic_sequential_churn_1,2,1,32,60463,0,0,0,0,41
engine_execution,dynamic_sequential_churn_1,2,1,33,60149,0,0,0,0,42
engine_execution,dynamic_sequential_churn_1,2,1,34,60333,0,0,0,0,43
engine_execution,dynamic_sequential_churn_1,2,1,35,60501,0,0,0,0,44
engine_execution,dynamic_sequential_churn_1,2,1,36,59481,0,0,0,0,45
engine_execution,dynamic_sequential_churn_1,2,1,37,60352,0,0,0,0,46
engine_execution,dynamic_sequential_churn_1,2,1,38,60092,0,0,0,0,47
engine_execution,dynamic_sequential_churn_1,2,1,39,59704,0,0,0,0,48
engine_execution_alloc,dynamic_sequential_churn_1,2,1,1,0,538,52749,0,0,49
engine_execution,dynamic_sequential_churn_10,2,1,0,407186,0,0,0,0,90
engine_execution,dynamic_sequential_churn_10,2,1,1,392187,0,0,0,0,100
engine_execution,dynamic_sequential_churn_10,2,1,2,390649,0,0,0,0,110
engine_execution,dynamic_sequential_churn_10,2,1,3,393334,0,0,0,0,120
engine_execution,dynamic_sequential_churn_10,2,1,4,391297,0,0,0,0,130
engine_execution,dynamic_sequential_churn_10,2,1,5,392668,0,0,0,0,140
engine_execution,dynamic_sequential_churn_10,2,1,6,391353,0,0,0,0,150
engine_execution,dynamic_sequential_churn_10,2,1,7,392168,0,0,0,0,160
engine_execution,dynamic_sequential_churn_10,2,1,8,394538,0,0,0,0,170
engine_execution,dynamic_sequential_churn_10,2,1,9,402557,0,0,0,0,180
engine_execution,dynamic_sequential_churn_10,2,1,10,394465,0,0,0,0,190
engine_execution,dynamic_sequential_churn_10,2,1,11,392167,0,0,0,0,200
engine_execution,dynamic_sequential_churn_10,2,1,12,392668,0,0,0,0,210
engine_execution,dynamic_sequential_churn_10,2,1,13,390946,0,0,0,0,220
engine_execution,dynamic_sequential_churn_10,2,1,14,391890,0,0,0,0,230
engine_execution,dynamic_sequential_churn_10,2,1,15,390408,0,0,0,0,240
engine_execution,dynamic_sequential_churn_10,2,1,16,390501,0,0,0,0,250
engine_execution,dynamic_sequential_churn_10,2,1,17,389131,0,0,0,0,260
engine_execution,dynamic_sequential_churn_10,2,1,18,390687,0,0,0,0,270
engine_execution,dynamic_sequential_churn_10,2,1,19,391964,0,0,0,0,280
engine_execution,dynamic_sequential_churn_10,2,1,20,400446,0,0,0,0,290
engine_execution,dynamic_sequential_churn_10,2,1,21,391982,0,0,0,0,300
engine_execution,dynamic_sequential_churn_10,2,1,22,390464,0,0,0,0,310
engine_execution,dynamic_sequential_churn_10,2,1,23,389260,0,0,0,0,320
engine_execution,dynamic_sequential_churn_10,2,1,24,389909,0,0,0,0,330
engine_execution,dynamic_sequential_churn_10,2,1,25,392223,0,0,0,0,340
engine_execution,dynamic_sequential_churn_10,2,1,26,390260,0,0,0,0,350
engine_execution,dynamic_sequential_churn_10,2,1,27,390001,0,0,0,0,360
engine_execution,dynamic_sequential_churn_10,2,1,28,389705,0,0,0,0,370
engine_execution,dynamic_sequential_churn_10,2,1,29,390223,0,0,0,0,380
engine_execution,dynamic_sequential_churn_10,2,1,30,397464,0,0,0,0,390
engine_execution,dynamic_sequential_churn_10,2,1,31,390149,0,0,0,0,400
engine_execution,dynamic_sequential_churn_10,2,1,32,391927,0,0,0,0,410
engine_execution,dynamic_sequential_churn_10,2,1,33,389427,0,0,0,0,420
engine_execution,dynamic_sequential_churn_10,2,1,34,389316,0,0,0,0,430
engine_execution,dynamic_sequential_churn_10,2,1,35,390520,0,0,0,0,440
engine_execution,dynamic_sequential_churn_10,2,1,36,390020,0,0,0,0,450
engine_execution,dynamic_sequential_churn_10,2,1,37,388741,0,0,0,0,460
engine_execution,dynamic_sequential_churn_10,2,1,38,390593,0,0,0,0,470
engine_execution,dynamic_sequential_churn_10,2,1,39,389390,0,0,0,0,480
engine_execution_alloc,dynamic_sequential_churn_10,2,1,10,0,3495,324339,0,0,490
engine_execution,dynamic_sequential_churn_100,2,1,0,3632177,0,0,0,0,900
engine_execution,dynamic_sequential_churn_100,2,1,1,3622585,0,0,0,0,1000
engine_execution,dynamic_sequential_churn_100,2,1,2,3637437,0,0,0,0,1100
engine_execution,dynamic_sequential_churn_100,2,1,3,3631993,0,0,0,0,1200
engine_execution,dynamic_sequential_churn_100,2,1,4,3623381,0,0,0,0,1300
engine_execution,dynamic_sequential_churn_100,2,1,5,3654122,0,0,0,0,1400
engine_execution,dynamic_sequential_churn_100,2,1,6,3653918,0,0,0,0,1500
engine_execution,dynamic_sequential_churn_100,2,1,7,3639048,0,0,0,0,1600
engine_execution,dynamic_sequential_churn_100,2,1,8,3631177,0,0,0,0,1700
engine_execution,dynamic_sequential_churn_100,2,1,9,3636233,0,0,0,0,1800
engine_execution,dynamic_sequential_churn_100,2,1,10,3631474,0,0,0,0,1900
engine_execution,dynamic_sequential_churn_100,2,1,11,3641734,0,0,0,0,2000
engine_execution,dynamic_sequential_churn_100,2,1,12,3629177,0,0,0,0,2100
engine_execution,dynamic_sequential_churn_100,2,1,13,3635585,0,0,0,0,2200
engine_execution,dynamic_sequential_churn_100,2,1,14,3627604,0,0,0,0,2300
engine_execution,dynamic_sequential_churn_100,2,1,15,3623696,0,0,0,0,2400
engine_execution,dynamic_sequential_churn_100,2,1,16,3637344,0,0,0,0,2500
engine_execution,dynamic_sequential_churn_100,2,1,17,3644363,0,0,0,0,2600
engine_execution,dynamic_sequential_churn_100,2,1,18,3631196,0,0,0,0,2700
engine_execution,dynamic_sequential_churn_100,2,1,19,3635437,0,0,0,0,2800
engine_execution,dynamic_sequential_churn_100,2,1,20,3629418,0,0,0,0,2900
engine_execution,dynamic_sequential_churn_100,2,1,21,3634085,0,0,0,0,3000
engine_execution,dynamic_sequential_churn_100,2,1,22,3634103,0,0,0,0,3100
engine_execution,dynamic_sequential_churn_100,2,1,23,3639752,0,0,0,0,3200
engine_execution,dynamic_sequential_churn_100,2,1,24,3644900,0,0,0,0,3300
engine_execution,dynamic_sequential_churn_100,2,1,25,3632548,0,0,0,0,3400
engine_execution,dynamic_sequential_churn_100,2,1,26,3621400,0,0,0,0,3500
engine_execution,dynamic_sequential_churn_100,2,1,27,3631067,0,0,0,0,3600
engine_execution,dynamic_sequential_churn_100,2,1,28,3637881,0,0,0,0,3700
engine_execution,dynamic_sequential_churn_100,2,1,29,3655418,0,0,0,0,3800
engine_execution,dynamic_sequential_churn_100,2,1,30,3629733,0,0,0,0,3900
engine_execution,dynamic_sequential_churn_100,2,1,31,3623178,0,0,0,0,4000
engine_execution,dynamic_sequential_churn_100,2,1,32,3624659,0,0,0,0,4100
engine_execution,dynamic_sequential_churn_100,2,1,33,3632270,0,0,0,0,4200
engine_execution,dynamic_sequential_churn_100,2,1,34,3645640,0,0,0,0,4300
engine_execution,dynamic_sequential_churn_100,2,1,35,3628399,0,0,0,0,4400
engine_execution,dynamic_sequential_churn_100,2,1,36,3647418,0,0,0,0,4500
engine_execution,dynamic_sequential_churn_100,2,1,37,3630955,0,0,0,0,4600
engine_execution,dynamic_sequential_churn_100,2,1,38,3621826,0,0,0,0,4700
engine_execution,dynamic_sequential_churn_100,2,1,39,3629141,0,0,0,0,4800
engine_execution_alloc,dynamic_sequential_churn_100,2,1,100,0,32982,2932143,0,0,4900
engine_execution,effect_unknown_recovery_resolved,1,0,0,16370,0,0,0,0,9
engine_execution,effect_unknown_recovery_resolved,1,0,1,16482,0,0,0,0,10
engine_execution,effect_unknown_recovery_resolved,1,0,2,16500,0,0,0,0,11
engine_execution,effect_unknown_recovery_resolved,1,0,3,16481,0,0,0,0,12
engine_execution,effect_unknown_recovery_resolved,1,0,4,16444,0,0,0,0,13
engine_execution,effect_unknown_recovery_resolved,1,0,5,16426,0,0,0,0,14
engine_execution,effect_unknown_recovery_resolved,1,0,6,16463,0,0,0,0,15
engine_execution,effect_unknown_recovery_resolved,1,0,7,17482,0,0,0,0,16
engine_execution,effect_unknown_recovery_resolved,1,0,8,16370,0,0,0,0,17
engine_execution,effect_unknown_recovery_resolved,1,0,9,16445,0,0,0,0,18
engine_execution,effect_unknown_recovery_resolved,1,0,10,16370,0,0,0,0,19
engine_execution,effect_unknown_recovery_resolved,1,0,11,16500,0,0,0,0,20
engine_execution,effect_unknown_recovery_resolved,1,0,12,16389,0,0,0,0,21
engine_execution,effect_unknown_recovery_resolved,1,0,13,16500,0,0,0,0,22
engine_execution,effect_unknown_recovery_resolved,1,0,14,16666,0,0,0,0,23
engine_execution,effect_unknown_recovery_resolved,1,0,15,16852,0,0,0,0,24
engine_execution,effect_unknown_recovery_resolved,1,0,16,16612,0,0,0,0,25
engine_execution,effect_unknown_recovery_resolved,1,0,17,16722,0,0,0,0,26
engine_execution,effect_unknown_recovery_resolved,1,0,18,16426,0,0,0,0,27
engine_execution,effect_unknown_recovery_resolved,1,0,19,16593,0,0,0,0,28
engine_execution,effect_unknown_recovery_resolved,1,0,20,16352,0,0,0,0,29
engine_execution,effect_unknown_recovery_resolved,1,0,21,16334,0,0,0,0,30
engine_execution,effect_unknown_recovery_resolved,1,0,22,16222,0,0,0,0,31
engine_execution,effect_unknown_recovery_resolved,1,0,23,16444,0,0,0,0,32
engine_execution,effect_unknown_recovery_resolved,1,0,24,17370,0,0,0,0,33
engine_execution,effect_unknown_recovery_resolved,1,0,25,17815,0,0,0,0,34
engine_execution,effect_unknown_recovery_resolved,1,0,26,16963,0,0,0,0,35
engine_execution,effect_unknown_recovery_resolved,1,0,27,16852,0,0,0,0,36
engine_execution,effect_unknown_recovery_resolved,1,0,28,16666,0,0,0,0,37
engine_execution,effect_unknown_recovery_resolved,1,0,29,17167,0,0,0,0,38
engine_execution,effect_unknown_recovery_resolved,1,0,30,16649,0,0,0,0,39
engine_execution,effect_unknown_recovery_resolved,1,0,31,16648,0,0,0,0,40
engine_execution,effect_unknown_recovery_resolved,1,0,32,16685,0,0,0,0,41
engine_execution,effect_unknown_recovery_resolved,1,0,33,16722,0,0,0,0,42
engine_execution,effect_unknown_recovery_resolved,1,0,34,16741,0,0,0,0,43
engine_execution,effect_unknown_recovery_resolved,1,0,35,16852,0,0,0,0,44
engine_execution,effect_unknown_recovery_resolved,1,0,36,16666,0,0,0,0,45
engine_execution,effect_unknown_recovery_resolved,1,0,37,16704,0,0,0,0,46
engine_execution,effect_unknown_recovery_resolved,1,0,38,16704,0,0,0,0,47
engine_execution,effect_unknown_recovery_resolved,1,0,39,16982,0,0,0,0,48
engine_execution_alloc,effect_unknown_recovery_resolved,1,0,0,0,147,15403,0,0,49
engine_execution,effect_unknown_recovery_failed,1,0,0,17592,0,0,0,0,11
engine_execution,effect_unknown_recovery_failed,1,0,1,17963,0,0,0,0,12
engine_execution,effect_unknown_recovery_failed,1,0,2,17797,0,0,0,0,13
engine_execution,effect_unknown_recovery_failed,1,0,3,17926,0,0,0,0,14
engine_execution,effect_unknown_recovery_failed,1,0,4,17814,0,0,0,0,15
engine_execution,effect_unknown_recovery_failed,1,0,5,17926,0,0,0,0,16
engine_execution,effect_unknown_recovery_failed,1,0,6,17870,0,0,0,0,17
engine_execution,effect_unknown_recovery_failed,1,0,7,17630,0,0,0,0,18
engine_execution,effect_unknown_recovery_failed,1,0,8,23982,0,0,0,0,19
engine_execution,effect_unknown_recovery_failed,1,0,9,17926,0,0,0,0,20
engine_execution,effect_unknown_recovery_failed,1,0,10,17908,0,0,0,0,21
engine_execution,effect_unknown_recovery_failed,1,0,11,17926,0,0,0,0,22
engine_execution,effect_unknown_recovery_failed,1,0,12,17759,0,0,0,0,23
engine_execution,effect_unknown_recovery_failed,1,0,13,17723,0,0,0,0,24
engine_execution,effect_unknown_recovery_failed,1,0,14,17797,0,0,0,0,25
engine_execution,effect_unknown_recovery_failed,1,0,15,18389,0,0,0,0,26
engine_execution,effect_unknown_recovery_failed,1,0,16,17759,0,0,0,0,27
engine_execution,effect_unknown_recovery_failed,1,0,17,17722,0,0,0,0,28
engine_execution,effect_unknown_recovery_failed,1,0,18,17704,0,0,0,0,29
engine_execution,effect_unknown_recovery_failed,1,0,19,17760,0,0,0,0,30
engine_execution,effect_unknown_recovery_failed,1,0,20,17852,0,0,0,0,31
engine_execution,effect_unknown_recovery_failed,1,0,21,17611,0,0,0,0,32
engine_execution,effect_unknown_recovery_failed,1,0,22,17723,0,0,0,0,33
engine_execution,effect_unknown_recovery_failed,1,0,23,17723,0,0,0,0,34
engine_execution,effect_unknown_recovery_failed,1,0,24,17796,0,0,0,0,35
engine_execution,effect_unknown_recovery_failed,1,0,25,17667,0,0,0,0,36
engine_execution,effect_unknown_recovery_failed,1,0,26,17723,0,0,0,0,37
engine_execution,effect_unknown_recovery_failed,1,0,27,17704,0,0,0,0,38
engine_execution,effect_unknown_recovery_failed,1,0,28,17611,0,0,0,0,39
engine_execution,effect_unknown_recovery_failed,1,0,29,17815,0,0,0,0,40
engine_execution,effect_unknown_recovery_failed,1,0,30,17741,0,0,0,0,41
engine_execution,effect_unknown_recovery_failed,1,0,31,17611,0,0,0,0,42
engine_execution,effect_unknown_recovery_failed,1,0,32,17648,0,0,0,0,43
engine_execution,effect_unknown_recovery_failed,1,0,33,17648,0,0,0,0,44
engine_execution,effect_unknown_recovery_failed,1,0,34,17741,0,0,0,0,45
engine_execution,effect_unknown_recovery_failed,1,0,35,17759,0,0,0,0,46
engine_execution,effect_unknown_recovery_failed,1,0,36,17907,0,0,0,0,47
engine_execution,effect_unknown_recovery_failed,1,0,37,17556,0,0,0,0,48
engine_execution,effect_unknown_recovery_failed,1,0,38,17759,0,0,0,0,49
engine_execution,effect_unknown_recovery_failed,1,0,39,17722,0,0,0,0,50
engine_execution_alloc,effect_unknown_recovery_failed,1,0,0,0,154,16091,0,0,51
engine_execution,trace_default,100,99,0,774224,0,0,0,0,1
engine_execution,trace_default,100,99,1,782392,0,0,0,0,0
engine_execution,trace_default,100,99,2,774984,0,0,0,0,3
engine_execution,trace_default,100,99,3,776577,0,0,0,0,2
engine_execution,trace_default,100,99,4,774002,0,0,0,0,5
engine_execution,trace_default,100,99,5,772539,0,0,0,0,4
engine_execution,trace_default,100,99,6,779725,0,0,0,0,7
engine_execution,trace_default,100,99,7,772780,0,0,0,0,6
engine_execution,trace_default,100,99,8,771373,0,0,0,0,9
engine_execution,trace_default,100,99,9,772484,0,0,0,0,8
engine_execution,trace_default,100,99,10,776558,0,0,0,0,11
engine_execution,trace_default,100,99,11,776909,0,0,0,0,10
engine_execution,trace_default,100,99,12,773354,0,0,0,0,13
engine_execution,trace_default,100,99,13,770187,0,0,0,0,12
engine_execution,trace_default,100,99,14,773558,0,0,0,0,15
engine_execution,trace_default,100,99,15,773003,0,0,0,0,14
engine_execution,trace_default,100,99,16,777539,0,0,0,0,17
engine_execution,trace_default,100,99,17,772872,0,0,0,0,16
engine_execution,trace_default,100,99,18,774169,0,0,0,0,19
engine_execution,trace_default,100,99,19,770706,0,0,0,0,18
engine_execution,trace_default,100,99,20,772984,0,0,0,0,21
engine_execution,trace_default,100,99,21,778724,0,0,0,0,20
engine_execution,trace_default,100,99,22,774688,0,0,0,0,23
engine_execution,trace_default,100,99,23,775280,0,0,0,0,22
engine_execution,trace_default,100,99,24,773669,0,0,0,0,25
engine_execution,trace_default,100,99,25,775095,0,0,0,0,24
engine_execution,trace_default,100,99,26,774372,0,0,0,0,27
engine_execution,trace_default,100,99,27,779724,0,0,0,0,26
engine_execution,trace_default,100,99,28,773873,0,0,0,0,29
engine_execution,trace_default,100,99,29,774132,0,0,0,0,28
engine_execution,trace_default,100,99,30,775132,0,0,0,0,31
engine_execution,trace_default,100,99,31,776318,0,0,0,0,30
engine_execution,trace_default,100,99,32,782762,0,0,0,0,33
engine_execution,trace_default,100,99,33,773910,0,0,0,0,32
engine_execution,trace_default,100,99,34,773225,0,0,0,0,35
engine_execution,trace_default,100,99,35,774058,0,0,0,0,34
engine_execution,trace_default,100,99,36,775429,0,0,0,0,37
engine_execution,trace_default,100,99,37,784651,0,0,0,0,36
engine_execution,trace_default,100,99,38,775577,0,0,0,0,39
engine_execution,trace_default,100,99,39,773150,0,0,0,0,38
engine_execution_alloc,trace_default,100,99,0,0,5262,533272,0,0,23131
engine_execution,trace_observer,100,99,0,776076,0,0,0,0,1
engine_execution,trace_observer,100,99,1,775558,0,0,0,0,0
engine_execution,trace_observer,100,99,2,776021,0,0,0,0,3
engine_execution,trace_observer,100,99,3,780706,0,0,0,0,2
engine_execution,trace_observer,100,99,4,775595,0,0,0,0,5
engine_execution,trace_observer,100,99,5,775632,0,0,0,0,4
engine_execution,trace_observer,100,99,6,775780,0,0,0,0,7
engine_execution,trace_observer,100,99,7,777428,0,0,0,0,6
engine_execution,trace_observer,100,99,8,776595,0,0,0,0,9
engine_execution,trace_observer,100,99,9,799817,0,0,0,0,8
engine_execution,trace_observer,100,99,10,785132,0,0,0,0,11
engine_execution,trace_observer,100,99,11,779465,0,0,0,0,10
engine_execution,trace_observer,100,99,12,797503,0,0,0,0,13
engine_execution,trace_observer,100,99,13,788187,0,0,0,0,12
engine_execution,trace_observer,100,99,14,791669,0,0,0,0,15
engine_execution,trace_observer,100,99,15,779817,0,0,0,0,14
engine_execution,trace_observer,100,99,16,778150,0,0,0,0,17
engine_execution,trace_observer,100,99,17,778262,0,0,0,0,16
engine_execution,trace_observer,100,99,18,778021,0,0,0,0,19
engine_execution,trace_observer,100,99,19,789465,0,0,0,0,18
engine_execution,trace_observer,100,99,20,776872,0,0,0,0,21
engine_execution,trace_observer,100,99,21,775910,0,0,0,0,20
engine_execution,trace_observer,100,99,22,777262,0,0,0,0,23
engine_execution,trace_observer,100,99,23,777540,0,0,0,0,22
engine_execution,trace_observer,100,99,24,782892,0,0,0,0,25
engine_execution,trace_observer,100,99,25,777206,0,0,0,0,24
engine_execution,trace_observer,100,99,26,777669,0,0,0,0,27
engine_execution,trace_observer,100,99,27,775392,0,0,0,0,26
engine_execution,trace_observer,100,99,28,776280,0,0,0,0,29
engine_execution,trace_observer,100,99,29,785225,0,0,0,0,28
engine_execution,trace_observer,100,99,30,779206,0,0,0,0,31
engine_execution,trace_observer,100,99,31,778484,0,0,0,0,30
engine_execution,trace_observer,100,99,32,779484,0,0,0,0,33
engine_execution,trace_observer,100,99,33,779002,0,0,0,0,32
engine_execution,trace_observer,100,99,34,786484,0,0,0,0,35
engine_execution,trace_observer,100,99,35,782002,0,0,0,0,34
engine_execution,trace_observer,100,99,36,782058,0,0,0,0,37
engine_execution,trace_observer,100,99,37,779225,0,0,0,0,36
engine_execution,trace_observer,100,99,38,777095,0,0,0,0,39
engine_execution,trace_observer,100,99,39,782539,0,0,0,0,38
engine_execution_alloc,trace_observer,100,99,0,0,5262,533272,0,0,23131
representative_application,application_hash_sdax,10,9,0,64908,0,0,0,0,8827501768403342007
representative_application,application_hash_sdax,10,9,1,64444,0,0,0,0,8951258580674472749
representative_application,application_hash_sdax,10,9,2,64426,0,0,0,0,18157584738022301124
representative_application,application_hash_sdax,10,9,3,64537,0,0,0,0,16093298964628915617
representative_application,application_hash_sdax,10,9,4,64427,0,0,0,0,4338024545885762412
representative_application,application_hash_sdax,10,9,5,64315,0,0,0,0,4989613096480112062
representative_application,application_hash_sdax,10,9,6,64407,0,0,0,0,14756605482753659039
representative_application,application_hash_sdax,10,9,7,63778,0,0,0,0,48615153832195890
representative_application,application_hash_sdax,10,9,8,63593,0,0,0,0,12897547982939568865
representative_application,application_hash_sdax,10,9,9,63945,0,0,0,0,6455468052857312123
representative_application,application_hash_sdax,10,9,10,64334,0,0,0,0,7461994257773924098
representative_application,application_hash_sdax,10,9,11,63889,0,0,0,0,3636896381673253623
representative_application,application_hash_sdax,10,9,12,64000,0,0,0,0,6793413810667899076
representative_application,application_hash_sdax,10,9,13,64222,0,0,0,0,12277190981714708308
representative_application,application_hash_sdax,10,9,14,64240,0,0,0,0,9683030269895486545
representative_application,application_hash_sdax,10,9,15,63908,0,0,0,0,9383150768291419922
representative_application,application_hash_sdax,10,9,16,63333,0,0,0,0,11312423361794011584
representative_application,application_hash_sdax,10,9,17,63871,0,0,0,0,18128183083347417488
representative_application,application_hash_sdax,10,9,18,63741,0,0,0,0,12087555839788357172
representative_application,application_hash_sdax,10,9,19,64111,0,0,0,0,13041129334982073488
representative_application,application_hash_sdax,10,9,20,64204,0,0,0,0,8384464984104957687
representative_application,application_hash_sdax,10,9,21,64167,0,0,0,0,10868783110269989825
representative_application,application_hash_sdax,10,9,22,64260,0,0,0,0,15668235844036064711
representative_application,application_hash_sdax,10,9,23,64315,0,0,0,0,4013874171971043560
representative_application,application_hash_sdax,10,9,24,63556,0,0,0,0,4203571749175062306
representative_application,application_hash_sdax,10,9,25,64593,0,0,0,0,10926854856726577928
representative_application,application_hash_sdax,10,9,26,63759,0,0,0,0,16212662351989052772
representative_application,application_hash_sdax,10,9,27,63741,0,0,0,0,11560519827294593319
representative_application,application_hash_sdax,10,9,28,64778,0,0,0,0,7617103062409141563
representative_application,application_hash_sdax,10,9,29,63203,0,0,0,0,15838086077383948403
representative_application,application_hash_sdax,10,9,30,63574,0,0,0,0,8116776606867456652
representative_application,application_hash_sdax,10,9,31,64241,0,0,0,0,11359474695907197805
representative_application,application_hash_sdax,10,9,32,63593,0,0,0,0,9168736860549268637
representative_application,application_hash_sdax,10,9,33,63611,0,0,0,0,16764612828771598240
representative_application,application_hash_sdax,10,9,34,63611,0,0,0,0,14255204493723425259
representative_application,application_hash_sdax,10,9,35,63704,0,0,0,0,3518369773145393400
representative_application,application_hash_sdax,10,9,36,69056,0,0,0,0,8965317550446050729
representative_application,application_hash_sdax,10,9,37,63555,0,0,0,0,16665962306655849748
representative_application,application_hash_sdax,10,9,38,64074,0,0,0,0,13342058531664200426
representative_application,application_hash_sdax,10,9,39,63778,0,0,0,0,18112928529687244317
representative_application_alloc,application_hash_sdax,10,9,0,0,575,47357,0,0,17601881740522758837
representative_application,application_hash_handwritten,10,9,0,1240,0,0,0,0,8827501768403342006
representative_application,application_hash_handwritten,10,9,1,1240,0,0,0,0,8951258580674472748
representative_application,application_hash_handwritten,10,9,2,1408,0,0,0,0,18157584738022301125
representative_application,application_hash_handwritten,10,9,3,1241,0,0,0,0,16093298964628915616
representative_application,application_hash_handwritten,10,9,4,1240,0,0,0,0,4338024545885762413
representative_application,application_hash_handwritten,10,9,5,1241,0,0,0,0,4989613096480112063
representative_application,application_hash_handwritten,10,9,6,1222,0,0,0,0,14756605482753659038
representative_application,application_hash_handwritten,10,9,7,1241,0,0,0,0,48615153832195891
representative_application,application_hash_handwritten,10,9,8,1241,0,0,0,0,12897547982939568864
representative_application,application_hash_handwritten,10,9,9,1241,0,0,0,0,6455468052857312122
representative_application,application_hash_handwritten,10,9,10,1241,0,0,0,0,7461994257773924099
representative_application,application_hash_handwritten,10,9,11,1223,0,0,0,0,3636896381673253622
representative_application,application_hash_handwritten,10,9,12,1241,0,0,0,0,6793413810667899077
representative_application,application_hash_handwritten,10,9,13,1575,0,0,0,0,12277190981714708309
representative_application,application_hash_handwritten,10,9,14,1241,0,0,0,0,9683030269895486544
representative_application,application_hash_handwritten,10,9,15,1241,0,0,0,0,9383150768291419923
representative_application,application_hash_handwritten,10,9,16,1222,0,0,0,0,11312423361794011585
representative_application,application_hash_handwritten,10,9,17,1241,0,0,0,0,18128183083347417489
representative_application,application_hash_handwritten,10,9,18,1241,0,0,0,0,12087555839788357173
representative_application,application_hash_handwritten,10,9,19,1240,0,0,0,0,13041129334982073489
representative_application,application_hash_handwritten,10,9,20,1222,0,0,0,0,8384464984104957686
representative_application,application_hash_handwritten,10,9,21,1240,0,0,0,0,10868783110269989824
representative_application,application_hash_handwritten,10,9,22,1222,0,0,0,0,15668235844036064710
representative_application,application_hash_handwritten,10,9,23,1241,0,0,0,0,4013874171971043561
representative_application,application_hash_handwritten,10,9,24,1685,0,0,0,0,4203571749175062307
representative_application,application_hash_handwritten,10,9,25,1241,0,0,0,0,10926854856726577929
representative_application,application_hash_handwritten,10,9,26,1222,0,0,0,0,16212662351989052773
representative_application,application_hash_handwritten,10,9,27,1241,0,0,0,0,11560519827294593318
representative_application,application_hash_handwritten,10,9,28,1241,0,0,0,0,7617103062409141562
representative_application,application_hash_handwritten,10,9,29,1222,0,0,0,0,15838086077383948402
representative_application,application_hash_handwritten,10,9,30,1241,0,0,0,0,8116776606867456653
representative_application,application_hash_handwritten,10,9,31,1222,0,0,0,0,11359474695907197804
representative_application,application_hash_handwritten,10,9,32,1241,0,0,0,0,9168736860549268636
representative_application,application_hash_handwritten,10,9,33,1222,0,0,0,0,16764612828771598241
representative_application,application_hash_handwritten,10,9,34,1241,0,0,0,0,14255204493723425258
representative_application,application_hash_handwritten,10,9,35,1241,0,0,0,0,3518369773145393401
representative_application,application_hash_handwritten,10,9,36,1241,0,0,0,0,8965317550446050728
representative_application,application_hash_handwritten,10,9,37,1241,0,0,0,0,16665962306655849749
representative_application,application_hash_handwritten,10,9,38,1222,0,0,0,0,13342058531664200427
representative_application,application_hash_handwritten,10,9,39,1241,0,0,0,0,18112928529687244316
representative_application,application_hash_sdax,100,99,0,787650,0,0,0,0,11698499080773063169
representative_application,application_hash_sdax,100,99,1,796688,0,0,0,0,1167273700599470746
representative_application,application_hash_sdax,100,99,2,788466,0,0,0,0,230717062559681466
representative_application,application_hash_sdax,100,99,3,787688,0,0,0,0,13461277124864170951
representative_application,application_hash_sdax,100,99,4,787817,0,0,0,0,1843089491647656604
representative_application,application_hash_sdax,100,99,5,788539,0,0,0,0,1884400405866327554
representative_application,application_hash_sdax,100,99,6,794928,0,0,0,0,15657071968087079792
representative_application,application_hash_sdax,100,99,7,789002,0,0,0,0,8136226820520416651
representative_application,application_hash_sdax,100,99,8,786799,0,0,0,0,9211086410723557827
representative_application,application_hash_sdax,100,99,9,788021,0,0,0,0,3206438314367023030
representative_application,application_hash_sdax,100,99,10,787966,0,0,0,0,5368241661201366769
representative_application,application_hash_sdax,100,99,11,794799,0,0,0,0,6168939717596367288
representative_application,application_hash_sdax,100,99,12,787243,0,0,0,0,14206662131410471245
representative_application,application_hash_sdax,100,99,13,787651,0,0,0,0,13119166869922341979
representative_application,application_hash_sdax,100,99,14,786484,0,0,0,0,13832537443924736586
representative_application,application_hash_sdax,100,99,15,785780,0,0,0,0,10215951684877506974
representative_application,application_hash_sdax,100,99,16,795818,0,0,0,0,5034229283543529572
representative_application,application_hash_sdax,100,99,17,786891,0,0,0,0,14677823012927430832
representative_application,application_hash_sdax,100,99,18,785206,0,0,0,0,13894612964717701903
representative_application,application_hash_sdax,100,99,19,787817,0,0,0,0,15583721593309401490
representative_application,application_hash_sdax,100,99,20,788225,0,0,0,0,6418842662590208827
representative_application,application_hash_sdax,100,99,21,793317,0,0,0,0,13631435880641776915
representative_application,application_hash_sdax,100,99,22,788336,0,0,0,0,17183653852698357092
representative_application,application_hash_sdax,100,99,23,787225,0,0,0,0,9274972455216937604
representative_application,application_hash_sdax,100,99,24,788021,0,0,0,0,9355792106790873694
representative_application,application_hash_sdax,100,99,25,785855,0,0,0,0,6870977820890846112
representative_application,application_hash_sdax,100,99,26,793613,0,0,0,0,7356228651156183227
representative_application,application_hash_sdax,100,99,27,785243,0,0,0,0,6496560239278517594
representative_application,application_hash_sdax,100,99,28,787094,0,0,0,0,1600470374967907333
representative_application,application_hash_sdax,100,99,29,786409,0,0,0,0,7749396622089507156
representative_application,application_hash_sdax,100,99,30,789262,0,0,0,0,5914597544721144955
representative_application,application_hash_sdax,100,99,31,792262,0,0,0,0,8593148281290798141
representative_application,application_hash_sdax,100,99,32,787521,0,0,0,0,17312262507819578044
representative_application,application_hash_sdax,100,99,33,787521,0,0,0,0,8449402800832754809
representative_application,application_hash_sdax,100,99,34,785317,0,0,0,0,3614604414420252231
representative_application,application_hash_sdax,100,99,35,786132,0,0,0,0,2366660716473973819
representative_application,application_hash_sdax,100,99,36,790984,0,0,0,0,8524431054321544385
representative_application,application_hash_sdax,100,99,37,788373,0,0,0,0,11652126080490940143
representative_application,application_hash_sdax,100,99,38,787595,0,0,0,0,7153169922785203679
representative_application,application_hash_sdax,100,99,39,786521,0,0,0,0,6082470906507506695
representative_application_alloc,application_hash_sdax,100,99,0,0,5262,536429,0,0,4889995614244325387
representative_application,application_hash_handwritten,100,99,0,13333,0,0,0,0,11698499080773063168
representative_application,application_hash_handwritten,100,99,1,13537,0,0,0,0,1167273700599470747
representative_application,application_hash_handwritten,100,99,2,13315,0,0,0,0,230717062559681467
representative_application,application_hash_handwritten,100,99,3,13314,0,0,0,0,13461277124864170950
representative_application,application_hash_handwritten,100,99,4,13315,0,0,0,0,1843089491647656605
representative_application,application_hash_handwritten,100,99,5,13315,0,0,0,0,1884400405866327555
representative_application,application_hash_handwritten,100,99,6,13315,0,0,0,0,15657071968087079793
representative_application,application_hash_handwritten,100,99,7,13315,0,0,0,0,8136226820520416650
representative_application,application_hash_handwritten,100,99,8,13315,0,0,0,0,9211086410723557826
representative_application,application_hash_handwritten,100,99,9,13315,0,0,0,0,3206438314367023031
representative_application,application_hash_handwritten,100,99,10,13537,0,0,0,0,5368241661201366768
representative_application,application_hash_handwritten,100,99,11,13315,0,0,0,0,6168939717596367289
representative_application,application_hash_handwritten,100,99,12,13315,0,0,0,0,14206662131410471244
representative_application,application_hash_handwritten,100,99,13,13296,0,0,0,0,13119166869922341978
representative_application,application_hash_handwritten,100,99,14,13315,0,0,0,0,13832537443924736587
representative_application,application_hash_handwritten,100,99,15,13315,0,0,0,0,10215951684877506975
representative_application,application_hash_handwritten,100,99,16,13297,0,0,0,0,5034229283543529573
representative_application,application_hash_handwritten,100,99,17,13315,0,0,0,0,14677823012927430833
representative_application,application_hash_handwritten,100,99,18,13314,0,0,0,0,13894612964717701902
representative_application,application_hash_handwritten,100,99,19,13315,0,0,0,0,15583721593309401491
representative_application,application_hash_handwritten,100,99,20,13297,0,0,0,0,6418842662590208826
representative_application,application_hash_handwritten,100,99,21,13315,0,0,0,0,13631435880641776914
representative_application,application_hash_handwritten,100,99,22,13315,0,0,0,0,17183653852698357093
representative_application,application_hash_handwritten,100,99,23,13315,0,0,0,0,9274972455216937605
representative_application,application_hash_handwritten,100,99,24,13314,0,0,0,0,9355792106790873695
representative_application,application_hash_handwritten,100,99,25,13296,0,0,0,0,6870977820890846113
representative_application,application_hash_handwritten,100,99,26,13315,0,0,0,0,7356228651156183226
representative_application,application_hash_handwritten,100,99,27,13315,0,0,0,0,6496560239278517595
representative_application,application_hash_handwritten,100,99,28,13315,0,0,0,0,1600470374967907332
representative_application,application_hash_handwritten,100,99,29,13296,0,0,0,0,7749396622089507157
representative_application,application_hash_handwritten,100,99,30,13315,0,0,0,0,5914597544721144954
representative_application,application_hash_handwritten,100,99,31,13315,0,0,0,0,8593148281290798140
representative_application,application_hash_handwritten,100,99,32,13315,0,0,0,0,17312262507819578045
representative_application,application_hash_handwritten,100,99,33,13315,0,0,0,0,8449402800832754808
representative_application,application_hash_handwritten,100,99,34,13297,0,0,0,0,3614604414420252230
representative_application,application_hash_handwritten,100,99,35,13315,0,0,0,0,2366660716473973818
representative_application,application_hash_handwritten,100,99,36,13314,0,0,0,0,8524431054321544384
representative_application,application_hash_handwritten,100,99,37,13315,0,0,0,0,11652126080490940142
representative_application,application_hash_handwritten,100,99,38,13297,0,0,0,0,7153169922785203678
representative_application,application_hash_handwritten,100,99,39,13315,0,0,0,0,6082470906507506694
