phase,workload,nodes,edges,sample,nanos,allocations,allocated_bytes,checksum
adapter_setup,current_thread_runtime,0,0,0,2700,0,0,0
adapter_setup,current_thread_runtime,0,0,1,1400,0,0,0
adapter_setup,current_thread_runtime,0,0,2,1100,0,0,0
adapter_setup,current_thread_runtime,0,0,3,1000,0,0,0
adapter_setup,current_thread_runtime,0,0,4,1000,0,0,0
adapter_setup,current_thread_runtime,0,0,5,1000,0,0,0
adapter_setup,current_thread_runtime,0,0,6,900,0,0,0
adapter_setup,current_thread_runtime,0,0,7,900,0,0,0
adapter_setup,current_thread_runtime,0,0,8,900,0,0,0
adapter_setup,current_thread_runtime,0,0,9,1000,0,0,0
adapter_setup,current_thread_runtime,0,0,10,900,0,0,0
adapter_setup,current_thread_runtime,0,0,11,900,0,0,0
adapter_setup,current_thread_runtime,0,0,12,900,0,0,0
adapter_setup,current_thread_runtime,0,0,13,900,0,0,0
adapter_setup,current_thread_runtime,0,0,14,1300,0,0,0
adapter_setup,current_thread_runtime,0,0,15,1300,0,0,0
adapter_setup,current_thread_runtime,0,0,16,1200,0,0,0
adapter_setup,current_thread_runtime,0,0,17,1300,0,0,0
adapter_setup,current_thread_runtime,0,0,18,1000,0,0,0
adapter_setup,current_thread_runtime,0,0,19,1000,0,0,0
adapter_setup,current_thread_runtime,0,0,20,900,0,0,0
adapter_setup,current_thread_runtime,0,0,21,1000,0,0,0
adapter_setup,current_thread_runtime,0,0,22,1000,0,0,0
adapter_setup,current_thread_runtime,0,0,23,1000,0,0,0
adapter_setup,current_thread_runtime,0,0,24,1000,0,0,0
adapter_setup,current_thread_runtime,0,0,25,1000,0,0,0
adapter_setup,current_thread_runtime,0,0,26,1000,0,0,0
adapter_setup,current_thread_runtime,0,0,27,900,0,0,0
adapter_setup,current_thread_runtime,0,0,28,900,0,0,0
adapter_setup,current_thread_runtime,0,0,29,900,0,0,0
adapter_setup,current_thread_runtime,0,0,30,900,0,0,0
adapter_setup,current_thread_runtime,0,0,31,900,0,0,0
adapter_setup,current_thread_runtime,0,0,32,900,0,0,0
adapter_setup,current_thread_runtime,0,0,33,1100,0,0,0
adapter_setup,current_thread_runtime,0,0,34,1000,0,0,0
adapter_setup,current_thread_runtime,0,0,35,1000,0,0,0
adapter_setup,current_thread_runtime,0,0,36,1000,0,0,0
adapter_setup,current_thread_runtime,0,0,37,1000,0,0,0
adapter_setup,current_thread_runtime,0,0,38,1000,0,0,0
adapter_setup,current_thread_runtime,0,0,39,1000,0,0,0
fixture_generation,graph_chain,1,0,0,200,0,0,5
fixture_generation,graph_chain,1,0,1,200,0,0,5
fixture_generation,graph_chain,1,0,2,100,0,0,5
fixture_generation,graph_chain,1,0,3,200,0,0,5
fixture_generation,graph_chain,1,0,4,100,0,0,5
fixture_generation,graph_chain,1,0,5,100,0,0,5
fixture_generation,graph_chain,1,0,6,200,0,0,5
fixture_generation,graph_chain,1,0,7,100,0,0,5
fixture_generation,graph_chain,1,0,8,100,0,0,5
fixture_generation,graph_chain,1,0,9,100,0,0,5
fixture_generation,graph_chain,1,0,10,200,0,0,5
fixture_generation,graph_chain,1,0,11,100,0,0,5
fixture_generation,graph_chain,1,0,12,100,0,0,5
fixture_generation,graph_chain,1,0,13,100,0,0,5
fixture_generation,graph_chain,1,0,14,100,0,0,5
fixture_generation,graph_chain,1,0,15,200,0,0,5
fixture_generation,graph_chain,1,0,16,200,0,0,5
fixture_generation,graph_chain,1,0,17,100,0,0,5
fixture_generation,graph_chain,1,0,18,100,0,0,5
fixture_generation,graph_chain,1,0,19,100,0,0,5
plan_build,graph_chain,1,0,0,4200,0,0,11
plan_build,graph_chain,1,0,1,9800,0,0,11
plan_build,graph_chain,1,0,2,1600,0,0,11
plan_build,graph_chain,1,0,3,1400,0,0,11
plan_build,graph_chain,1,0,4,1400,0,0,11
plan_build,graph_chain,1,0,5,1500,0,0,11
plan_build,graph_chain,1,0,6,1300,0,0,11
plan_build,graph_chain,1,0,7,1800,0,0,11
plan_build,graph_chain,1,0,8,1500,0,0,11
plan_build,graph_chain,1,0,9,1400,0,0,11
plan_build,graph_chain,1,0,10,1700,0,0,11
plan_build,graph_chain,1,0,11,1800,0,0,11
plan_build,graph_chain,1,0,12,1600,0,0,11
plan_build,graph_chain,1,0,13,1500,0,0,11
plan_build,graph_chain,1,0,14,1300,0,0,11
plan_build,graph_chain,1,0,15,1400,0,0,11
plan_build,graph_chain,1,0,16,1200,0,0,11
plan_build,graph_chain,1,0,17,1300,0,0,11
plan_build,graph_chain,1,0,18,1200,0,0,11
plan_build,graph_chain,1,0,19,1300,0,0,11
plan_build_alloc,graph_chain,1,0,0,0,36,6722,11
engine_execution,graph_chain,1,0,0,5200,0,0,1
engine_execution,graph_chain,1,0,1,5100,0,0,0
engine_execution,graph_chain,1,0,2,5200,0,0,3
engine_execution,graph_chain,1,0,3,5200,0,0,2
engine_execution,graph_chain,1,0,4,5100,0,0,5
engine_execution,graph_chain,1,0,5,5200,0,0,4
engine_execution,graph_chain,1,0,6,5300,0,0,7
engine_execution,graph_chain,1,0,7,5100,0,0,6
engine_execution,graph_chain,1,0,8,5000,0,0,9
engine_execution,graph_chain,1,0,9,5100,0,0,8
engine_execution,graph_chain,1,0,10,5100,0,0,11
engine_execution,graph_chain,1,0,11,5100,0,0,10
engine_execution,graph_chain,1,0,12,5000,0,0,13
engine_execution,graph_chain,1,0,13,5100,0,0,12
engine_execution,graph_chain,1,0,14,5200,0,0,15
engine_execution,graph_chain,1,0,15,5100,0,0,14
engine_execution,graph_chain,1,0,16,5100,0,0,17
engine_execution,graph_chain,1,0,17,5100,0,0,16
engine_execution,graph_chain,1,0,18,5200,0,0,19
engine_execution,graph_chain,1,0,19,5100,0,0,18
engine_execution,graph_chain,1,0,20,5200,0,0,21
engine_execution,graph_chain,1,0,21,5100,0,0,20
engine_execution,graph_chain,1,0,22,5100,0,0,23
engine_execution,graph_chain,1,0,23,5200,0,0,22
engine_execution,graph_chain,1,0,24,5400,0,0,25
engine_execution,graph_chain,1,0,25,5300,0,0,24
engine_execution,graph_chain,1,0,26,5400,0,0,27
engine_execution,graph_chain,1,0,27,5300,0,0,26
engine_execution,graph_chain,1,0,28,5300,0,0,29
engine_execution,graph_chain,1,0,29,5100,0,0,28
engine_execution,graph_chain,1,0,30,5400,0,0,31
engine_execution,graph_chain,1,0,31,5500,0,0,30
engine_execution,graph_chain,1,0,32,5400,0,0,33
engine_execution,graph_chain,1,0,33,5400,0,0,32
engine_execution,graph_chain,1,0,34,5300,0,0,35
engine_execution,graph_chain,1,0,35,6200,0,0,34
engine_execution,graph_chain,1,0,36,5300,0,0,37
engine_execution,graph_chain,1,0,37,5300,0,0,36
engine_execution,graph_chain,1,0,38,5400,0,0,39
engine_execution,graph_chain,1,0,39,5400,0,0,38
engine_execution_alloc,graph_chain,1,0,0,0,99,11356,23131
machine_state_setup,graph_chain,1,0,0,400,0,0,1
body_state_setup,graph_chain,1,0,0,500,0,0,0
machine_state_setup,graph_chain,1,0,1,200,0,0,1
body_state_setup,graph_chain,1,0,1,300,0,0,0
machine_state_setup,graph_chain,1,0,2,200,0,0,1
body_state_setup,graph_chain,1,0,2,400,0,0,0
machine_state_setup,graph_chain,1,0,3,400,0,0,1
body_state_setup,graph_chain,1,0,3,200,0,0,0
machine_state_setup,graph_chain,1,0,4,200,0,0,1
body_state_setup,graph_chain,1,0,4,200,0,0,0
machine_state_setup,graph_chain,1,0,5,200,0,0,1
body_state_setup,graph_chain,1,0,5,300,0,0,0
machine_state_setup,graph_chain,1,0,6,200,0,0,1
body_state_setup,graph_chain,1,0,6,300,0,0,0
machine_state_setup,graph_chain,1,0,7,200,0,0,1
body_state_setup,graph_chain,1,0,7,200,0,0,0
machine_state_setup,graph_chain,1,0,8,200,0,0,1
body_state_setup,graph_chain,1,0,8,200,0,0,0
machine_state_setup,graph_chain,1,0,9,300,0,0,1
body_state_setup,graph_chain,1,0,9,300,0,0,0
machine_state_setup,graph_chain,1,0,10,200,0,0,1
body_state_setup,graph_chain,1,0,10,200,0,0,0
machine_state_setup,graph_chain,1,0,11,200,0,0,1
body_state_setup,graph_chain,1,0,11,200,0,0,0
machine_state_setup,graph_chain,1,0,12,200,0,0,1
body_state_setup,graph_chain,1,0,12,200,0,0,0
machine_state_setup,graph_chain,1,0,13,200,0,0,1
body_state_setup,graph_chain,1,0,13,200,0,0,0
machine_state_setup,graph_chain,1,0,14,200,0,0,1
body_state_setup,graph_chain,1,0,14,200,0,0,0
machine_state_setup,graph_chain,1,0,15,200,0,0,1
body_state_setup,graph_chain,1,0,15,300,0,0,0
machine_state_setup,graph_chain,1,0,16,200,0,0,1
body_state_setup,graph_chain,1,0,16,200,0,0,0
machine_state_setup,graph_chain,1,0,17,200,0,0,1
body_state_setup,graph_chain,1,0,17,200,0,0,0
machine_state_setup,graph_chain,1,0,18,200,0,0,1
body_state_setup,graph_chain,1,0,18,300,0,0,0
machine_state_setup,graph_chain,1,0,19,200,0,0,1
body_state_setup,graph_chain,1,0,19,300,0,0,0
machine_state_setup,graph_chain,1,0,20,200,0,0,1
body_state_setup,graph_chain,1,0,20,300,0,0,0
machine_state_setup,graph_chain,1,0,21,200,0,0,1
body_state_setup,graph_chain,1,0,21,200,0,0,0
machine_state_setup,graph_chain,1,0,22,300,0,0,1
body_state_setup,graph_chain,1,0,22,200,0,0,0
machine_state_setup,graph_chain,1,0,23,200,0,0,1
body_state_setup,graph_chain,1,0,23,200,0,0,0
machine_state_setup,graph_chain,1,0,24,200,0,0,1
body_state_setup,graph_chain,1,0,24,200,0,0,0
machine_state_setup,graph_chain,1,0,25,200,0,0,1
body_state_setup,graph_chain,1,0,25,200,0,0,0
machine_state_setup,graph_chain,1,0,26,200,0,0,1
body_state_setup,graph_chain,1,0,26,300,0,0,0
machine_state_setup,graph_chain,1,0,27,200,0,0,1
body_state_setup,graph_chain,1,0,27,300,0,0,0
machine_state_setup,graph_chain,1,0,28,200,0,0,1
body_state_setup,graph_chain,1,0,28,200,0,0,0
machine_state_setup,graph_chain,1,0,29,200,0,0,1
body_state_setup,graph_chain,1,0,29,200,0,0,0
machine_state_setup,graph_chain,1,0,30,200,0,0,1
body_state_setup,graph_chain,1,0,30,200,0,0,0
machine_state_setup,graph_chain,1,0,31,200,0,0,1
body_state_setup,graph_chain,1,0,31,200,0,0,0
machine_state_setup,graph_chain,1,0,32,200,0,0,1
body_state_setup,graph_chain,1,0,32,600,0,0,0
machine_state_setup,graph_chain,1,0,33,200,0,0,1
body_state_setup,graph_chain,1,0,33,400,0,0,0
machine_state_setup,graph_chain,1,0,34,200,0,0,1
body_state_setup,graph_chain,1,0,34,200,0,0,0
machine_state_setup,graph_chain,1,0,35,200,0,0,1
body_state_setup,graph_chain,1,0,35,200,0,0,0
machine_state_setup,graph_chain,1,0,36,300,0,0,1
body_state_setup,graph_chain,1,0,36,200,0,0,0
machine_state_setup,graph_chain,1,0,37,200,0,0,1
body_state_setup,graph_chain,1,0,37,200,0,0,0
machine_state_setup,graph_chain,1,0,38,200,0,0,1
body_state_setup,graph_chain,1,0,38,200,0,0,0
machine_state_setup,graph_chain,1,0,39,200,0,0,1
body_state_setup,graph_chain,1,0,39,300,0,0,0
pure_machine_events_preseeded,graph_chain,1,0,0,1800,0,0,1
pure_machine_events_preseeded,graph_chain,1,0,1,1200,0,0,1
pure_machine_events_preseeded,graph_chain,1,0,2,1000,0,0,1
pure_machine_events_preseeded,graph_chain,1,0,3,900,0,0,1
pure_machine_events_preseeded,graph_chain,1,0,4,1000,0,0,1
pure_machine_events_preseeded,graph_chain,1,0,5,1100,0,0,1
pure_machine_events_preseeded,graph_chain,1,0,6,1000,0,0,1
pure_machine_events_preseeded,graph_chain,1,0,7,1000,0,0,1
pure_machine_events_preseeded,graph_chain,1,0,8,1000,0,0,1
pure_machine_events_preseeded,graph_chain,1,0,9,900,0,0,1
pure_machine_events_preseeded,graph_chain,1,0,10,900,0,0,1
pure_machine_events_preseeded,graph_chain,1,0,11,1000,0,0,1
pure_machine_events_preseeded,graph_chain,1,0,12,1000,0,0,1
pure_machine_events_preseeded,graph_chain,1,0,13,900,0,0,1
pure_machine_events_preseeded,graph_chain,1,0,14,1000,0,0,1
pure_machine_events_preseeded,graph_chain,1,0,15,1000,0,0,1
pure_machine_events_preseeded,graph_chain,1,0,16,900,0,0,1
pure_machine_events_preseeded,graph_chain,1,0,17,1100,0,0,1
pure_machine_events_preseeded,graph_chain,1,0,18,1000,0,0,1
pure_machine_events_preseeded,graph_chain,1,0,19,900,0,0,1
pure_machine_events_preseeded,graph_chain,1,0,20,900,0,0,1
pure_machine_events_preseeded,graph_chain,1,0,21,900,0,0,1
pure_machine_events_preseeded,graph_chain,1,0,22,1000,0,0,1
pure_machine_events_preseeded,graph_chain,1,0,23,1000,0,0,1
pure_machine_events_preseeded,graph_chain,1,0,24,900,0,0,1
pure_machine_events_preseeded,graph_chain,1,0,25,1000,0,0,1
pure_machine_events_preseeded,graph_chain,1,0,26,1000,0,0,1
pure_machine_events_preseeded,graph_chain,1,0,27,1000,0,0,1
pure_machine_events_preseeded,graph_chain,1,0,28,1000,0,0,1
pure_machine_events_preseeded,graph_chain,1,0,29,900,0,0,1
pure_machine_events_preseeded,graph_chain,1,0,30,900,0,0,1
pure_machine_events_preseeded,graph_chain,1,0,31,1000,0,0,1
pure_machine_events_preseeded,graph_chain,1,0,32,1000,0,0,1
pure_machine_events_preseeded,graph_chain,1,0,33,1000,0,0,1
pure_machine_events_preseeded,graph_chain,1,0,34,1000,0,0,1
pure_machine_events_preseeded,graph_chain,1,0,35,1000,0,0,1
pure_machine_events_preseeded,graph_chain,1,0,36,1000,0,0,1
pure_machine_events_preseeded,graph_chain,1,0,37,900,0,0,1
pure_machine_events_preseeded,graph_chain,1,0,38,1100,0,0,1
pure_machine_events_preseeded,graph_chain,1,0,39,1000,0,0,1
fixture_generation,graph_wide,1,0,0,200,0,0,5
fixture_generation,graph_wide,1,0,1,100,0,0,5
fixture_generation,graph_wide,1,0,2,200,0,0,5
fixture_generation,graph_wide,1,0,3,200,0,0,5
fixture_generation,graph_wide,1,0,4,100,0,0,5
fixture_generation,graph_wide,1,0,5,100,0,0,5
fixture_generation,graph_wide,1,0,6,200,0,0,5
fixture_generation,graph_wide,1,0,7,200,0,0,5
fixture_generation,graph_wide,1,0,8,100,0,0,5
fixture_generation,graph_wide,1,0,9,100,0,0,5
fixture_generation,graph_wide,1,0,10,100,0,0,5
fixture_generation,graph_wide,1,0,11,100,0,0,5
fixture_generation,graph_wide,1,0,12,100,0,0,5
fixture_generation,graph_wide,1,0,13,200,0,0,5
fixture_generation,graph_wide,1,0,14,100,0,0,5
fixture_generation,graph_wide,1,0,15,200,0,0,5
fixture_generation,graph_wide,1,0,16,300,0,0,5
fixture_generation,graph_wide,1,0,17,400,0,0,5
fixture_generation,graph_wide,1,0,18,400,0,0,5
fixture_generation,graph_wide,1,0,19,200,0,0,5
plan_build,graph_wide,1,0,0,3500,0,0,10
plan_build,graph_wide,1,0,1,1500,0,0,10
plan_build,graph_wide,1,0,2,1300,0,0,10
plan_build,graph_wide,1,0,3,1300,0,0,10
plan_build,graph_wide,1,0,4,1200,0,0,10
plan_build,graph_wide,1,0,5,1300,0,0,10
plan_build,graph_wide,1,0,6,1200,0,0,10
plan_build,graph_wide,1,0,7,1300,0,0,10
plan_build,graph_wide,1,0,8,1200,0,0,10
plan_build,graph_wide,1,0,9,1200,0,0,10
plan_build,graph_wide,1,0,10,1200,0,0,10
plan_build,graph_wide,1,0,11,1200,0,0,10
plan_build,graph_wide,1,0,12,1300,0,0,10
plan_build,graph_wide,1,0,13,1200,0,0,10
plan_build,graph_wide,1,0,14,1200,0,0,10
plan_build,graph_wide,1,0,15,1200,0,0,10
plan_build,graph_wide,1,0,16,1300,0,0,10
plan_build,graph_wide,1,0,17,1200,0,0,10
plan_build,graph_wide,1,0,18,1200,0,0,10
plan_build,graph_wide,1,0,19,1200,0,0,10
plan_build_alloc,graph_wide,1,0,0,0,36,6720,10
engine_execution,graph_wide,1,0,0,5300,0,0,1
engine_execution,graph_wide,1,0,1,5100,0,0,0
engine_execution,graph_wide,1,0,2,5100,0,0,3
engine_execution,graph_wide,1,0,3,5200,0,0,2
engine_execution,graph_wide,1,0,4,5200,0,0,5
engine_execution,graph_wide,1,0,5,5300,0,0,4
engine_execution,graph_wide,1,0,6,5100,0,0,7
engine_execution,graph_wide,1,0,7,5000,0,0,6
engine_execution,graph_wide,1,0,8,5100,0,0,9
engine_execution,graph_wide,1,0,9,5100,0,0,8
engine_execution,graph_wide,1,0,10,5000,0,0,11
engine_execution,graph_wide,1,0,11,5600,0,0,10
engine_execution,graph_wide,1,0,12,5600,0,0,13
engine_execution,graph_wide,1,0,13,5400,0,0,12
engine_execution,graph_wide,1,0,14,5400,0,0,15
engine_execution,graph_wide,1,0,15,5300,0,0,14
engine_execution,graph_wide,1,0,16,6100,0,0,17
engine_execution,graph_wide,1,0,17,5300,0,0,16
engine_execution,graph_wide,1,0,18,5200,0,0,19
engine_execution,graph_wide,1,0,19,5400,0,0,18
engine_execution,graph_wide,1,0,20,5300,0,0,21
engine_execution,graph_wide,1,0,21,5300,0,0,20
engine_execution,graph_wide,1,0,22,5300,0,0,23
engine_execution,graph_wide,1,0,23,5400,0,0,22
engine_execution,graph_wide,1,0,24,5400,0,0,25
engine_execution,graph_wide,1,0,25,5200,0,0,24
engine_execution,graph_wide,1,0,26,5000,0,0,27
engine_execution,graph_wide,1,0,27,5100,0,0,26
engine_execution,graph_wide,1,0,28,5100,0,0,29
engine_execution,graph_wide,1,0,29,5000,0,0,28
engine_execution,graph_wide,1,0,30,5200,0,0,31
engine_execution,graph_wide,1,0,31,5100,0,0,30
engine_execution,graph_wide,1,0,32,5200,0,0,33
engine_execution,graph_wide,1,0,33,4900,0,0,32
engine_execution,graph_wide,1,0,34,5000,0,0,35
engine_execution,graph_wide,1,0,35,44900,0,0,34
engine_execution,graph_wide,1,0,36,5200,0,0,37
engine_execution,graph_wide,1,0,37,5300,0,0,36
engine_execution,graph_wide,1,0,38,5100,0,0,39
engine_execution,graph_wide,1,0,39,5100,0,0,38
engine_execution_alloc,graph_wide,1,0,0,0,99,11355,23131
machine_state_setup,graph_wide,1,0,0,200,0,0,1
body_state_setup,graph_wide,1,0,0,300,0,0,0
machine_state_setup,graph_wide,1,0,1,300,0,0,1
body_state_setup,graph_wide,1,0,1,200,0,0,0
machine_state_setup,graph_wide,1,0,2,200,0,0,1
body_state_setup,graph_wide,1,0,2,300,0,0,0
machine_state_setup,graph_wide,1,0,3,200,0,0,1
body_state_setup,graph_wide,1,0,3,300,0,0,0
machine_state_setup,graph_wide,1,0,4,300,0,0,1
body_state_setup,graph_wide,1,0,4,200,0,0,0
machine_state_setup,graph_wide,1,0,5,200,0,0,1
body_state_setup,graph_wide,1,0,5,300,0,0,0
machine_state_setup,graph_wide,1,0,6,200,0,0,1
body_state_setup,graph_wide,1,0,6,200,0,0,0
machine_state_setup,graph_wide,1,0,7,300,0,0,1
body_state_setup,graph_wide,1,0,7,300,0,0,0
machine_state_setup,graph_wide,1,0,8,200,0,0,1
body_state_setup,graph_wide,1,0,8,200,0,0,0
machine_state_setup,graph_wide,1,0,9,300,0,0,1
body_state_setup,graph_wide,1,0,9,300,0,0,0
machine_state_setup,graph_wide,1,0,10,200,0,0,1
body_state_setup,graph_wide,1,0,10,300,0,0,0
machine_state_setup,graph_wide,1,0,11,200,0,0,1
body_state_setup,graph_wide,1,0,11,200,0,0,0
machine_state_setup,graph_wide,1,0,12,200,0,0,1
body_state_setup,graph_wide,1,0,12,200,0,0,0
machine_state_setup,graph_wide,1,0,13,200,0,0,1
body_state_setup,graph_wide,1,0,13,200,0,0,0
machine_state_setup,graph_wide,1,0,14,300,0,0,1
body_state_setup,graph_wide,1,0,14,200,0,0,0
machine_state_setup,graph_wide,1,0,15,200,0,0,1
body_state_setup,graph_wide,1,0,15,200,0,0,0
machine_state_setup,graph_wide,1,0,16,200,0,0,1
body_state_setup,graph_wide,1,0,16,300,0,0,0
machine_state_setup,graph_wide,1,0,17,200,0,0,1
body_state_setup,graph_wide,1,0,17,300,0,0,0
machine_state_setup,graph_wide,1,0,18,200,0,0,1
body_state_setup,graph_wide,1,0,18,200,0,0,0
machine_state_setup,graph_wide,1,0,19,200,0,0,1
body_state_setup,graph_wide,1,0,19,200,0,0,0
machine_state_setup,graph_wide,1,0,20,300,0,0,1
body_state_setup,graph_wide,1,0,20,200,0,0,0
machine_state_setup,graph_wide,1,0,21,200,0,0,1
body_state_setup,graph_wide,1,0,21,400,0,0,0
machine_state_setup,graph_wide,1,0,22,200,0,0,1
body_state_setup,graph_wide,1,0,22,200,0,0,0
machine_state_setup,graph_wide,1,0,23,200,0,0,1
body_state_setup,graph_wide,1,0,23,600,0,0,0
machine_state_setup,graph_wide,1,0,24,300,0,0,1
body_state_setup,graph_wide,1,0,24,200,0,0,0
machine_state_setup,graph_wide,1,0,25,200,0,0,1
body_state_setup,graph_wide,1,0,25,200,0,0,0
machine_state_setup,graph_wide,1,0,26,200,0,0,1
body_state_setup,graph_wide,1,0,26,300,0,0,0
machine_state_setup,graph_wide,1,0,27,200,0,0,1
body_state_setup,graph_wide,1,0,27,300,0,0,0
machine_state_setup,graph_wide,1,0,28,200,0,0,1
body_state_setup,graph_wide,1,0,28,200,0,0,0
machine_state_setup,graph_wide,1,0,29,200,0,0,1
body_state_setup,graph_wide,1,0,29,200,0,0,0
machine_state_setup,graph_wide,1,0,30,200,0,0,1
body_state_setup,graph_wide,1,0,30,200,0,0,0
machine_state_setup,graph_wide,1,0,31,200,0,0,1
body_state_setup,graph_wide,1,0,31,200,0,0,0
machine_state_setup,graph_wide,1,0,32,200,0,0,1
body_state_setup,graph_wide,1,0,32,200,0,0,0
machine_state_setup,graph_wide,1,0,33,200,0,0,1
body_state_setup,graph_wide,1,0,33,200,0,0,0
machine_state_setup,graph_wide,1,0,34,200,0,0,1
body_state_setup,graph_wide,1,0,34,200,0,0,0
machine_state_setup,graph_wide,1,0,35,200,0,0,1
body_state_setup,graph_wide,1,0,35,200,0,0,0
machine_state_setup,graph_wide,1,0,36,200,0,0,1
body_state_setup,graph_wide,1,0,36,200,0,0,0
machine_state_setup,graph_wide,1,0,37,200,0,0,1
body_state_setup,graph_wide,1,0,37,300,0,0,0
machine_state_setup,graph_wide,1,0,38,200,0,0,1
body_state_setup,graph_wide,1,0,38,300,0,0,0
machine_state_setup,graph_wide,1,0,39,200,0,0,1
body_state_setup,graph_wide,1,0,39,300,0,0,0
fixture_generation,graph_sparse,1,0,0,200,0,0,5
fixture_generation,graph_sparse,1,0,1,200,0,0,5
fixture_generation,graph_sparse,1,0,2,100,0,0,5
fixture_generation,graph_sparse,1,0,3,100,0,0,5
fixture_generation,graph_sparse,1,0,4,200,0,0,5
fixture_generation,graph_sparse,1,0,5,100,0,0,5
fixture_generation,graph_sparse,1,0,6,100,0,0,5
fixture_generation,graph_sparse,1,0,7,100,0,0,5
fixture_generation,graph_sparse,1,0,8,200,0,0,5
fixture_generation,graph_sparse,1,0,9,200,0,0,5
fixture_generation,graph_sparse,1,0,10,100,0,0,5
fixture_generation,graph_sparse,1,0,11,100,0,0,5
fixture_generation,graph_sparse,1,0,12,200,0,0,5
fixture_generation,graph_sparse,1,0,13,100,0,0,5
fixture_generation,graph_sparse,1,0,14,100,0,0,5
fixture_generation,graph_sparse,1,0,15,200,0,0,5
fixture_generation,graph_sparse,1,0,16,100,0,0,5
fixture_generation,graph_sparse,1,0,17,100,0,0,5
fixture_generation,graph_sparse,1,0,18,200,0,0,5
fixture_generation,graph_sparse,1,0,19,200,0,0,5
plan_build,graph_sparse,1,0,0,3200,0,0,12
plan_build,graph_sparse,1,0,1,1400,0,0,12
plan_build,graph_sparse,1,0,2,1400,0,0,12
plan_build,graph_sparse,1,0,3,1500,0,0,12
plan_build,graph_sparse,1,0,4,1500,0,0,12
plan_build,graph_sparse,1,0,5,1400,0,0,12
plan_build,graph_sparse,1,0,6,1300,0,0,12
plan_build,graph_sparse,1,0,7,1200,0,0,12
plan_build,graph_sparse,1,0,8,1400,0,0,12
plan_build,graph_sparse,1,0,9,1600,0,0,12
plan_build,graph_sparse,1,0,10,1600,0,0,12
plan_build,graph_sparse,1,0,11,1600,0,0,12
plan_build,graph_sparse,1,0,12,1500,0,0,12
plan_build,graph_sparse,1,0,13,1500,0,0,12
plan_build,graph_sparse,1,0,14,1500,0,0,12
plan_build,graph_sparse,1,0,15,1500,0,0,12
plan_build,graph_sparse,1,0,16,1500,0,0,12
plan_build,graph_sparse,1,0,17,1300,0,0,12
plan_build,graph_sparse,1,0,18,1200,0,0,12
plan_build,graph_sparse,1,0,19,1500,0,0,12
plan_build_alloc,graph_sparse,1,0,0,0,36,6724,12
engine_execution,graph_sparse,1,0,0,5100,0,0,1
engine_execution,graph_sparse,1,0,1,5000,0,0,0
engine_execution,graph_sparse,1,0,2,5100,0,0,3
engine_execution,graph_sparse,1,0,3,5000,0,0,2
engine_execution,graph_sparse,1,0,4,5000,0,0,5
engine_execution,graph_sparse,1,0,5,5000,0,0,4
engine_execution,graph_sparse,1,0,6,5100,0,0,7
engine_execution,graph_sparse,1,0,7,5100,0,0,6
engine_execution,graph_sparse,1,0,8,5100,0,0,9
engine_execution,graph_sparse,1,0,9,5100,0,0,8
engine_execution,graph_sparse,1,0,10,5100,0,0,11
engine_execution,graph_sparse,1,0,11,5000,0,0,10
engine_execution,graph_sparse,1,0,12,5100,0,0,13
engine_execution,graph_sparse,1,0,13,5000,0,0,12
engine_execution,graph_sparse,1,0,14,5100,0,0,15
engine_execution,graph_sparse,1,0,15,5100,0,0,14
engine_execution,graph_sparse,1,0,16,5000,0,0,17
engine_execution,graph_sparse,1,0,17,5100,0,0,16
engine_execution,graph_sparse,1,0,18,4900,0,0,19
engine_execution,graph_sparse,1,0,19,5000,0,0,18
engine_execution,graph_sparse,1,0,20,5000,0,0,21
engine_execution,graph_sparse,1,0,21,5100,0,0,20
engine_execution,graph_sparse,1,0,22,5100,0,0,23
engine_execution,graph_sparse,1,0,23,5100,0,0,22
engine_execution,graph_sparse,1,0,24,5000,0,0,25
engine_execution,graph_sparse,1,0,25,5100,0,0,24
engine_execution,graph_sparse,1,0,26,4900,0,0,27
engine_execution,graph_sparse,1,0,27,5200,0,0,26
engine_execution,graph_sparse,1,0,28,5000,0,0,29
engine_execution,graph_sparse,1,0,29,4900,0,0,28
engine_execution,graph_sparse,1,0,30,5000,0,0,31
engine_execution,graph_sparse,1,0,31,5200,0,0,30
engine_execution,graph_sparse,1,0,32,7100,0,0,33
engine_execution,graph_sparse,1,0,33,5400,0,0,32
engine_execution,graph_sparse,1,0,34,5400,0,0,35
engine_execution,graph_sparse,1,0,35,5400,0,0,34
engine_execution,graph_sparse,1,0,36,5400,0,0,37
engine_execution,graph_sparse,1,0,37,6300,0,0,36
engine_execution,graph_sparse,1,0,38,5400,0,0,39
engine_execution,graph_sparse,1,0,39,5400,0,0,38
engine_execution_alloc,graph_sparse,1,0,0,0,99,11357,23131
machine_state_setup,graph_sparse,1,0,0,200,0,0,1
body_state_setup,graph_sparse,1,0,0,200,0,0,0
machine_state_setup,graph_sparse,1,0,1,200,0,0,1
body_state_setup,graph_sparse,1,0,1,200,0,0,0
machine_state_setup,graph_sparse,1,0,2,200,0,0,1
body_state_setup,graph_sparse,1,0,2,200,0,0,0
machine_state_setup,graph_sparse,1,0,3,200,0,0,1
body_state_setup,graph_sparse,1,0,3,800,0,0,0
machine_state_setup,graph_sparse,1,0,4,500,0,0,1
body_state_setup,graph_sparse,1,0,4,300,0,0,0
machine_state_setup,graph_sparse,1,0,5,200,0,0,1
body_state_setup,graph_sparse,1,0,5,200,0,0,0
machine_state_setup,graph_sparse,1,0,6,200,0,0,1
body_state_setup,graph_sparse,1,0,6,200,0,0,0
machine_state_setup,graph_sparse,1,0,7,200,0,0,1
body_state_setup,graph_sparse,1,0,7,200,0,0,0
machine_state_setup,graph_sparse,1,0,8,200,0,0,1
body_state_setup,graph_sparse,1,0,8,200,0,0,0
machine_state_setup,graph_sparse,1,0,9,200,0,0,1
body_state_setup,graph_sparse,1,0,9,200,0,0,0
machine_state_setup,graph_sparse,1,0,10,200,0,0,1
body_state_setup,graph_sparse,1,0,10,200,0,0,0
machine_state_setup,graph_sparse,1,0,11,200,0,0,1
body_state_setup,graph_sparse,1,0,11,200,0,0,0
machine_state_setup,graph_sparse,1,0,12,200,0,0,1
body_state_setup,graph_sparse,1,0,12,200,0,0,0
machine_state_setup,graph_sparse,1,0,13,200,0,0,1
body_state_setup,graph_sparse,1,0,13,300,0,0,0
machine_state_setup,graph_sparse,1,0,14,200,0,0,1
body_state_setup,graph_sparse,1,0,14,200,0,0,0
machine_state_setup,graph_sparse,1,0,15,300,0,0,1
body_state_setup,graph_sparse,1,0,15,300,0,0,0
machine_state_setup,graph_sparse,1,0,16,200,0,0,1
body_state_setup,graph_sparse,1,0,16,300,0,0,0
machine_state_setup,graph_sparse,1,0,17,200,0,0,1
body_state_setup,graph_sparse,1,0,17,200,0,0,0
machine_state_setup,graph_sparse,1,0,18,300,0,0,1
body_state_setup,graph_sparse,1,0,18,200,0,0,0
machine_state_setup,graph_sparse,1,0,19,200,0,0,1
body_state_setup,graph_sparse,1,0,19,300,0,0,0
machine_state_setup,graph_sparse,1,0,20,200,0,0,1
body_state_setup,graph_sparse,1,0,20,200,0,0,0
machine_state_setup,graph_sparse,1,0,21,200,0,0,1
body_state_setup,graph_sparse,1,0,21,200,0,0,0
machine_state_setup,graph_sparse,1,0,22,300,0,0,1
body_state_setup,graph_sparse,1,0,22,200,0,0,0
machine_state_setup,graph_sparse,1,0,23,200,0,0,1
body_state_setup,graph_sparse,1,0,23,300,0,0,0
machine_state_setup,graph_sparse,1,0,24,200,0,0,1
body_state_setup,graph_sparse,1,0,24,300,0,0,0
machine_state_setup,graph_sparse,1,0,25,200,0,0,1
body_state_setup,graph_sparse,1,0,25,300,0,0,0
machine_state_setup,graph_sparse,1,0,26,200,0,0,1
body_state_setup,graph_sparse,1,0,26,200,0,0,0
machine_state_setup,graph_sparse,1,0,27,200,0,0,1
body_state_setup,graph_sparse,1,0,27,200,0,0,0
machine_state_setup,graph_sparse,1,0,28,200,0,0,1
body_state_setup,graph_sparse,1,0,28,200,0,0,0
machine_state_setup,graph_sparse,1,0,29,200,0,0,1
body_state_setup,graph_sparse,1,0,29,200,0,0,0
machine_state_setup,graph_sparse,1,0,30,300,0,0,1
body_state_setup,graph_sparse,1,0,30,200,0,0,0
machine_state_setup,graph_sparse,1,0,31,200,0,0,1
body_state_setup,graph_sparse,1,0,31,200,0,0,0
machine_state_setup,graph_sparse,1,0,32,200,0,0,1
body_state_setup,graph_sparse,1,0,32,300,0,0,0
machine_state_setup,graph_sparse,1,0,33,200,0,0,1
body_state_setup,graph_sparse,1,0,33,200,0,0,0
machine_state_setup,graph_sparse,1,0,34,300,0,0,1
body_state_setup,graph_sparse,1,0,34,200,0,0,0
machine_state_setup,graph_sparse,1,0,35,200,0,0,1
body_state_setup,graph_sparse,1,0,35,300,0,0,0
machine_state_setup,graph_sparse,1,0,36,200,0,0,1
body_state_setup,graph_sparse,1,0,36,200,0,0,0
machine_state_setup,graph_sparse,1,0,37,300,0,0,1
body_state_setup,graph_sparse,1,0,37,200,0,0,0
machine_state_setup,graph_sparse,1,0,38,200,0,0,1
body_state_setup,graph_sparse,1,0,38,200,0,0,0
machine_state_setup,graph_sparse,1,0,39,200,0,0,1
body_state_setup,graph_sparse,1,0,39,300,0,0,0
fixture_generation,graph_chain,10,9,0,900,0,0,50
fixture_generation,graph_chain,10,9,1,800,0,0,50
fixture_generation,graph_chain,10,9,2,800,0,0,50
fixture_generation,graph_chain,10,9,3,800,0,0,50
fixture_generation,graph_chain,10,9,4,800,0,0,50
fixture_generation,graph_chain,10,9,5,800,0,0,50
fixture_generation,graph_chain,10,9,6,800,0,0,50
fixture_generation,graph_chain,10,9,7,800,0,0,50
fixture_generation,graph_chain,10,9,8,800,0,0,50
fixture_generation,graph_chain,10,9,9,800,0,0,50
fixture_generation,graph_chain,10,9,10,800,0,0,50
fixture_generation,graph_chain,10,9,11,800,0,0,50
fixture_generation,graph_chain,10,9,12,800,0,0,50
fixture_generation,graph_chain,10,9,13,800,0,0,50
fixture_generation,graph_chain,10,9,14,800,0,0,50
fixture_generation,graph_chain,10,9,15,800,0,0,50
fixture_generation,graph_chain,10,9,16,700,0,0,50
fixture_generation,graph_chain,10,9,17,800,0,0,50
fixture_generation,graph_chain,10,9,18,800,0,0,50
fixture_generation,graph_chain,10,9,19,800,0,0,50
plan_build,graph_chain,10,9,0,66600,0,0,11
plan_build,graph_chain,10,9,1,17600,0,0,11
plan_build,graph_chain,10,9,2,8600,0,0,11
plan_build,graph_chain,10,9,3,8400,0,0,11
plan_build,graph_chain,10,9,4,7000,0,0,11
plan_build,graph_chain,10,9,5,8700,0,0,11
plan_build,graph_chain,10,9,6,6800,0,0,11
plan_build,graph_chain,10,9,7,8000,0,0,11
plan_build,graph_chain,10,9,8,8300,0,0,11
plan_build,graph_chain,10,9,9,15000,0,0,11
plan_build,graph_chain,10,9,10,14800,0,0,11
plan_build,graph_chain,10,9,11,6900,0,0,11
plan_build,graph_chain,10,9,12,6600,0,0,11
plan_build,graph_chain,10,9,13,6800,0,0,11
plan_build,graph_chain,10,9,14,6600,0,0,11
plan_build,graph_chain,10,9,15,7600,0,0,11
plan_build,graph_chain,10,9,16,7600,0,0,11
plan_build,graph_chain,10,9,17,7800,0,0,11
plan_build,graph_chain,10,9,18,7400,0,0,11
plan_build,graph_chain,10,9,19,6900,0,0,11
plan_build_alloc,graph_chain,10,9,0,0,162,35321,11
engine_execution,graph_chain,10,9,0,35500,0,0,0
engine_execution,graph_chain,10,9,1,28900,0,0,1
engine_execution,graph_chain,10,9,2,29100,0,0,2
engine_execution,graph_chain,10,9,3,29100,0,0,3
engine_execution,graph_chain,10,9,4,29200,0,0,4
engine_execution,graph_chain,10,9,5,29000,0,0,5
engine_execution,graph_chain,10,9,6,29800,0,0,6
engine_execution,graph_chain,10,9,7,29200,0,0,7
engine_execution,graph_chain,10,9,8,29300,0,0,8
engine_execution,graph_chain,10,9,9,28900,0,0,9
engine_execution,graph_chain,10,9,10,29000,0,0,10
engine_execution,graph_chain,10,9,11,28600,0,0,11
engine_execution,graph_chain,10,9,12,29000,0,0,12
engine_execution,graph_chain,10,9,13,29300,0,0,13
engine_execution,graph_chain,10,9,14,28700,0,0,14
engine_execution,graph_chain,10,9,15,29100,0,0,15
engine_execution,graph_chain,10,9,16,29000,0,0,16
engine_execution,graph_chain,10,9,17,28800,0,0,17
engine_execution,graph_chain,10,9,18,28700,0,0,18
engine_execution,graph_chain,10,9,19,28600,0,0,19
engine_execution,graph_chain,10,9,20,29200,0,0,20
engine_execution,graph_chain,10,9,21,28700,0,0,21
engine_execution,graph_chain,10,9,22,29000,0,0,22
engine_execution,graph_chain,10,9,23,29600,0,0,23
engine_execution,graph_chain,10,9,24,31700,0,0,24
engine_execution,graph_chain,10,9,25,28700,0,0,25
engine_execution,graph_chain,10,9,26,28900,0,0,26
engine_execution,graph_chain,10,9,27,29300,0,0,27
engine_execution,graph_chain,10,9,28,28500,0,0,28
engine_execution,graph_chain,10,9,29,28700,0,0,29
engine_execution,graph_chain,10,9,30,28500,0,0,30
engine_execution,graph_chain,10,9,31,28800,0,0,31
engine_execution,graph_chain,10,9,32,28700,0,0,32
engine_execution,graph_chain,10,9,33,29100,0,0,33
engine_execution,graph_chain,10,9,34,33400,0,0,34
engine_execution,graph_chain,10,9,35,28800,0,0,35
engine_execution,graph_chain,10,9,36,28700,0,0,36
engine_execution,graph_chain,10,9,37,29100,0,0,37
engine_execution,graph_chain,10,9,38,30100,0,0,38
engine_execution,graph_chain,10,9,39,29200,0,0,39
engine_execution_alloc,graph_chain,10,9,0,0,572,44928,23130
machine_state_setup,graph_chain,10,9,0,1300,0,0,10
body_state_setup,graph_chain,10,9,0,400,0,0,0
machine_state_setup,graph_chain,10,9,1,900,0,0,10
body_state_setup,graph_chain,10,9,1,200,0,0,0
machine_state_setup,graph_chain,10,9,2,800,0,0,10
body_state_setup,graph_chain,10,9,2,300,0,0,0
machine_state_setup,graph_chain,10,9,3,800,0,0,10
body_state_setup,graph_chain,10,9,3,200,0,0,0
machine_state_setup,graph_chain,10,9,4,800,0,0,10
body_state_setup,graph_chain,10,9,4,300,0,0,0
machine_state_setup,graph_chain,10,9,5,800,0,0,10
body_state_setup,graph_chain,10,9,5,200,0,0,0
machine_state_setup,graph_chain,10,9,6,900,0,0,10
body_state_setup,graph_chain,10,9,6,300,0,0,0
machine_state_setup,graph_chain,10,9,7,800,0,0,10
body_state_setup,graph_chain,10,9,7,300,0,0,0
machine_state_setup,graph_chain,10,9,8,900,0,0,10
body_state_setup,graph_chain,10,9,8,200,0,0,0
machine_state_setup,graph_chain,10,9,9,800,0,0,10
body_state_setup,graph_chain,10,9,9,200,0,0,0
machine_state_setup,graph_chain,10,9,10,800,0,0,10
body_state_setup,graph_chain,10,9,10,200,0,0,0
machine_state_setup,graph_chain,10,9,11,800,0,0,10
body_state_setup,graph_chain,10,9,11,200,0,0,0
machine_state_setup,graph_chain,10,9,12,800,0,0,10
body_state_setup,graph_chain,10,9,12,200,0,0,0
machine_state_setup,graph_chain,10,9,13,800,0,0,10
body_state_setup,graph_chain,10,9,13,200,0,0,0
machine_state_setup,graph_chain,10,9,14,800,0,0,10
body_state_setup,graph_chain,10,9,14,300,0,0,0
machine_state_setup,graph_chain,10,9,15,800,0,0,10
body_state_setup,graph_chain,10,9,15,300,0,0,0
machine_state_setup,graph_chain,10,9,16,800,0,0,10
body_state_setup,graph_chain,10,9,16,200,0,0,0
machine_state_setup,graph_chain,10,9,17,900,0,0,10
body_state_setup,graph_chain,10,9,17,200,0,0,0
machine_state_setup,graph_chain,10,9,18,800,0,0,10
body_state_setup,graph_chain,10,9,18,300,0,0,0
machine_state_setup,graph_chain,10,9,19,800,0,0,10
body_state_setup,graph_chain,10,9,19,300,0,0,0
machine_state_setup,graph_chain,10,9,20,800,0,0,10
body_state_setup,graph_chain,10,9,20,300,0,0,0
machine_state_setup,graph_chain,10,9,21,800,0,0,10
body_state_setup,graph_chain,10,9,21,200,0,0,0
machine_state_setup,graph_chain,10,9,22,900,0,0,10
body_state_setup,graph_chain,10,9,22,200,0,0,0
machine_state_setup,graph_chain,10,9,23,800,0,0,10
body_state_setup,graph_chain,10,9,23,300,0,0,0
machine_state_setup,graph_chain,10,9,24,800,0,0,10
body_state_setup,graph_chain,10,9,24,300,0,0,0
machine_state_setup,graph_chain,10,9,25,800,0,0,10
body_state_setup,graph_chain,10,9,25,300,0,0,0
machine_state_setup,graph_chain,10,9,26,800,0,0,10
body_state_setup,graph_chain,10,9,26,200,0,0,0
machine_state_setup,graph_chain,10,9,27,1200,0,0,10
body_state_setup,graph_chain,10,9,27,300,0,0,0
machine_state_setup,graph_chain,10,9,28,1100,0,0,10
body_state_setup,graph_chain,10,9,28,200,0,0,0
machine_state_setup,graph_chain,10,9,29,1000,0,0,10
body_state_setup,graph_chain,10,9,29,200,0,0,0
machine_state_setup,graph_chain,10,9,30,1100,0,0,10
body_state_setup,graph_chain,10,9,30,500,0,0,0
machine_state_setup,graph_chain,10,9,31,1100,0,0,10
body_state_setup,graph_chain,10,9,31,500,0,0,0
machine_state_setup,graph_chain,10,9,32,800,0,0,10
body_state_setup,graph_chain,10,9,32,300,0,0,0
machine_state_setup,graph_chain,10,9,33,800,0,0,10
body_state_setup,graph_chain,10,9,33,200,0,0,0
machine_state_setup,graph_chain,10,9,34,900,0,0,10
body_state_setup,graph_chain,10,9,34,200,0,0,0
machine_state_setup,graph_chain,10,9,35,800,0,0,10
body_state_setup,graph_chain,10,9,35,200,0,0,0
machine_state_setup,graph_chain,10,9,36,800,0,0,10
body_state_setup,graph_chain,10,9,36,300,0,0,0
machine_state_setup,graph_chain,10,9,37,800,0,0,10
body_state_setup,graph_chain,10,9,37,200,0,0,0
machine_state_setup,graph_chain,10,9,38,800,0,0,10
body_state_setup,graph_chain,10,9,38,200,0,0,0
machine_state_setup,graph_chain,10,9,39,800,0,0,10
body_state_setup,graph_chain,10,9,39,200,0,0,0
pure_machine_events_preseeded,graph_chain,10,9,0,8600,0,0,10
pure_machine_events_preseeded,graph_chain,10,9,1,7500,0,0,10
pure_machine_events_preseeded,graph_chain,10,9,2,7400,0,0,10
pure_machine_events_preseeded,graph_chain,10,9,3,7300,0,0,10
pure_machine_events_preseeded,graph_chain,10,9,4,7400,0,0,10
pure_machine_events_preseeded,graph_chain,10,9,5,7300,0,0,10
pure_machine_events_preseeded,graph_chain,10,9,6,7400,0,0,10
pure_machine_events_preseeded,graph_chain,10,9,7,7200,0,0,10
pure_machine_events_preseeded,graph_chain,10,9,8,7300,0,0,10
pure_machine_events_preseeded,graph_chain,10,9,9,7300,0,0,10
pure_machine_events_preseeded,graph_chain,10,9,10,7300,0,0,10
pure_machine_events_preseeded,graph_chain,10,9,11,7300,0,0,10
pure_machine_events_preseeded,graph_chain,10,9,12,7300,0,0,10
pure_machine_events_preseeded,graph_chain,10,9,13,7400,0,0,10
pure_machine_events_preseeded,graph_chain,10,9,14,7500,0,0,10
pure_machine_events_preseeded,graph_chain,10,9,15,7300,0,0,10
pure_machine_events_preseeded,graph_chain,10,9,16,7300,0,0,10
pure_machine_events_preseeded,graph_chain,10,9,17,7400,0,0,10
pure_machine_events_preseeded,graph_chain,10,9,18,7400,0,0,10
pure_machine_events_preseeded,graph_chain,10,9,19,7400,0,0,10
pure_machine_events_preseeded,graph_chain,10,9,20,7300,0,0,10
pure_machine_events_preseeded,graph_chain,10,9,21,7300,0,0,10
pure_machine_events_preseeded,graph_chain,10,9,22,7200,0,0,10
pure_machine_events_preseeded,graph_chain,10,9,23,7200,0,0,10
pure_machine_events_preseeded,graph_chain,10,9,24,7300,0,0,10
pure_machine_events_preseeded,graph_chain,10,9,25,7400,0,0,10
pure_machine_events_preseeded,graph_chain,10,9,26,7100,0,0,10
pure_machine_events_preseeded,graph_chain,10,9,27,7200,0,0,10
pure_machine_events_preseeded,graph_chain,10,9,28,7300,0,0,10
pure_machine_events_preseeded,graph_chain,10,9,29,7200,0,0,10
pure_machine_events_preseeded,graph_chain,10,9,30,7300,0,0,10
pure_machine_events_preseeded,graph_chain,10,9,31,7200,0,0,10
pure_machine_events_preseeded,graph_chain,10,9,32,7300,0,0,10
pure_machine_events_preseeded,graph_chain,10,9,33,7300,0,0,10
pure_machine_events_preseeded,graph_chain,10,9,34,7300,0,0,10
pure_machine_events_preseeded,graph_chain,10,9,35,7300,0,0,10
pure_machine_events_preseeded,graph_chain,10,9,36,7400,0,0,10
pure_machine_events_preseeded,graph_chain,10,9,37,7300,0,0,10
pure_machine_events_preseeded,graph_chain,10,9,38,7300,0,0,10
pure_machine_events_preseeded,graph_chain,10,9,39,7300,0,0,10
fixture_generation,graph_wide,10,9,0,800,0,0,50
fixture_generation,graph_wide,10,9,1,800,0,0,50
fixture_generation,graph_wide,10,9,2,700,0,0,50
fixture_generation,graph_wide,10,9,3,800,0,0,50
fixture_generation,graph_wide,10,9,4,800,0,0,50
fixture_generation,graph_wide,10,9,5,800,0,0,50
fixture_generation,graph_wide,10,9,6,700,0,0,50
fixture_generation,graph_wide,10,9,7,800,0,0,50
fixture_generation,graph_wide,10,9,8,800,0,0,50
fixture_generation,graph_wide,10,9,9,700,0,0,50
fixture_generation,graph_wide,10,9,10,700,0,0,50
fixture_generation,graph_wide,10,9,11,700,0,0,50
fixture_generation,graph_wide,10,9,12,800,0,0,50
fixture_generation,graph_wide,10,9,13,800,0,0,50
fixture_generation,graph_wide,10,9,14,800,0,0,50
fixture_generation,graph_wide,10,9,15,800,0,0,50
fixture_generation,graph_wide,10,9,16,800,0,0,50
fixture_generation,graph_wide,10,9,17,800,0,0,50
fixture_generation,graph_wide,10,9,18,800,0,0,50
fixture_generation,graph_wide,10,9,19,800,0,0,50
plan_build,graph_wide,10,9,0,16500,0,0,10
plan_build,graph_wide,10,9,1,14600,0,0,10
plan_build,graph_wide,10,9,2,6900,0,0,10
plan_build,graph_wide,10,9,3,6100,0,0,10
plan_build,graph_wide,10,9,4,6700,0,0,10
plan_build,graph_wide,10,9,5,6900,0,0,10
plan_build,graph_wide,10,9,6,6100,0,0,10
plan_build,graph_wide,10,9,7,6100,0,0,10
plan_build,graph_wide,10,9,8,6000,0,0,10
plan_build,graph_wide,10,9,9,6600,0,0,10
plan_build,graph_wide,10,9,10,6700,0,0,10
plan_build,graph_wide,10,9,11,6700,0,0,10
plan_build,graph_wide,10,9,12,6500,0,0,10
plan_build,graph_wide,10,9,13,16300,0,0,10
plan_build,graph_wide,10,9,14,21200,0,0,10
plan_build,graph_wide,10,9,15,8800,0,0,10
plan_build,graph_wide,10,9,16,6700,0,0,10
plan_build,graph_wide,10,9,17,6700,0,0,10
plan_build,graph_wide,10,9,18,6200,0,0,10
plan_build,graph_wide,10,9,19,6100,0,0,10
plan_build_alloc,graph_wide,10,9,0,0,156,35255,10
engine_execution,graph_wide,10,9,0,28600,0,0,8
engine_execution,graph_wide,10,9,1,28700,0,0,9
engine_execution,graph_wide,10,9,2,28300,0,0,10
engine_execution,graph_wide,10,9,3,28200,0,0,11
engine_execution,graph_wide,10,9,4,28600,0,0,12
engine_execution,graph_wide,10,9,5,28700,0,0,13
engine_execution,graph_wide,10,9,6,27800,0,0,14
engine_execution,graph_wide,10,9,7,27300,0,0,15
engine_execution,graph_wide,10,9,8,27900,0,0,0
engine_execution,graph_wide,10,9,9,28600,0,0,1
engine_execution,graph_wide,10,9,10,28600,0,0,2
engine_execution,graph_wide,10,9,11,28800,0,0,3
engine_execution,graph_wide,10,9,12,28800,0,0,4
engine_execution,graph_wide,10,9,13,28400,0,0,5
engine_execution,graph_wide,10,9,14,29000,0,0,6
engine_execution,graph_wide,10,9,15,29300,0,0,7
engine_execution,graph_wide,10,9,16,28300,0,0,24
engine_execution,graph_wide,10,9,17,28600,0,0,25
engine_execution,graph_wide,10,9,18,30900,0,0,26
engine_execution,graph_wide,10,9,19,29200,0,0,27
engine_execution,graph_wide,10,9,20,27800,0,0,28
engine_execution,graph_wide,10,9,21,27600,0,0,29
engine_execution,graph_wide,10,9,22,27800,0,0,30
engine_execution,graph_wide,10,9,23,27800,0,0,31
engine_execution,graph_wide,10,9,24,27500,0,0,16
engine_execution,graph_wide,10,9,25,27500,0,0,17
engine_execution,graph_wide,10,9,26,27000,0,0,18
engine_execution,graph_wide,10,9,27,28500,0,0,19
engine_execution,graph_wide,10,9,28,27900,0,0,20
engine_execution,graph_wide,10,9,29,27000,0,0,21
engine_execution,graph_wide,10,9,30,27300,0,0,22
engine_execution,graph_wide,10,9,31,27900,0,0,23
engine_execution,graph_wide,10,9,32,27700,0,0,40
engine_execution,graph_wide,10,9,33,30400,0,0,41
engine_execution,graph_wide,10,9,34,27600,0,0,42
engine_execution,graph_wide,10,9,35,27300,0,0,43
engine_execution,graph_wide,10,9,36,27300,0,0,44
engine_execution,graph_wide,10,9,37,27500,0,0,45
engine_execution,graph_wide,10,9,38,28000,0,0,46
engine_execution,graph_wide,10,9,39,27600,0,0,47
engine_execution_alloc,graph_wide,10,9,0,0,555,46847,23122
machine_state_setup,graph_wide,10,9,0,1200,0,0,10
body_state_setup,graph_wide,10,9,0,300,0,0,0
machine_state_setup,graph_wide,10,9,1,800,0,0,10
body_state_setup,graph_wide,10,9,1,200,0,0,0
machine_state_setup,graph_wide,10,9,2,800,0,0,10
body_state_setup,graph_wide,10,9,2,300,0,0,0
machine_state_setup,graph_wide,10,9,3,800,0,0,10
body_state_setup,graph_wide,10,9,3,300,0,0,0
machine_state_setup,graph_wide,10,9,4,800,0,0,10
body_state_setup,graph_wide,10,9,4,200,0,0,0
machine_state_setup,graph_wide,10,9,5,700,0,0,10
body_state_setup,graph_wide,10,9,5,200,0,0,0
machine_state_setup,graph_wide,10,9,6,800,0,0,10
body_state_setup,graph_wide,10,9,6,200,0,0,0
machine_state_setup,graph_wide,10,9,7,800,0,0,10
body_state_setup,graph_wide,10,9,7,200,0,0,0
machine_state_setup,graph_wide,10,9,8,800,0,0,10
body_state_setup,graph_wide,10,9,8,300,0,0,0
machine_state_setup,graph_wide,10,9,9,800,0,0,10
body_state_setup,graph_wide,10,9,9,300,0,0,0
machine_state_setup,graph_wide,10,9,10,800,0,0,10
body_state_setup,graph_wide,10,9,10,300,0,0,0
machine_state_setup,graph_wide,10,9,11,800,0,0,10
body_state_setup,graph_wide,10,9,11,300,0,0,0
machine_state_setup,graph_wide,10,9,12,800,0,0,10
body_state_setup,graph_wide,10,9,12,200,0,0,0
machine_state_setup,graph_wide,10,9,13,800,0,0,10
body_state_setup,graph_wide,10,9,13,200,0,0,0
machine_state_setup,graph_wide,10,9,14,800,0,0,10
body_state_setup,graph_wide,10,9,14,200,0,0,0
machine_state_setup,graph_wide,10,9,15,800,0,0,10
body_state_setup,graph_wide,10,9,15,200,0,0,0
machine_state_setup,graph_wide,10,9,16,800,0,0,10
body_state_setup,graph_wide,10,9,16,200,0,0,0
machine_state_setup,graph_wide,10,9,17,800,0,0,10
body_state_setup,graph_wide,10,9,17,200,0,0,0
machine_state_setup,graph_wide,10,9,18,700,0,0,10
body_state_setup,graph_wide,10,9,18,200,0,0,0
machine_state_setup,graph_wide,10,9,19,700,0,0,10
body_state_setup,graph_wide,10,9,19,200,0,0,0
machine_state_setup,graph_wide,10,9,20,800,0,0,10
body_state_setup,graph_wide,10,9,20,200,0,0,0
machine_state_setup,graph_wide,10,9,21,800,0,0,10
body_state_setup,graph_wide,10,9,21,200,0,0,0
machine_state_setup,graph_wide,10,9,22,800,0,0,10
body_state_setup,graph_wide,10,9,22,300,0,0,0
machine_state_setup,graph_wide,10,9,23,800,0,0,10
body_state_setup,graph_wide,10,9,23,300,0,0,0
machine_state_setup,graph_wide,10,9,24,800,0,0,10
body_state_setup,graph_wide,10,9,24,300,0,0,0
machine_state_setup,graph_wide,10,9,25,800,0,0,10
body_state_setup,graph_wide,10,9,25,300,0,0,0
machine_state_setup,graph_wide,10,9,26,800,0,0,10
body_state_setup,graph_wide,10,9,26,300,0,0,0
machine_state_setup,graph_wide,10,9,27,800,0,0,10
body_state_setup,graph_wide,10,9,27,200,0,0,0
machine_state_setup,graph_wide,10,9,28,800,0,0,10
body_state_setup,graph_wide,10,9,28,200,0,0,0
machine_state_setup,graph_wide,10,9,29,800,0,0,10
body_state_setup,graph_wide,10,9,29,200,0,0,0
machine_state_setup,graph_wide,10,9,30,800,0,0,10
body_state_setup,graph_wide,10,9,30,200,0,0,0
machine_state_setup,graph_wide,10,9,31,800,0,0,10
body_state_setup,graph_wide,10,9,31,200,0,0,0
machine_state_setup,graph_wide,10,9,32,800,0,0,10
body_state_setup,graph_wide,10,9,32,200,0,0,0
machine_state_setup,graph_wide,10,9,33,800,0,0,10
body_state_setup,graph_wide,10,9,33,200,0,0,0
machine_state_setup,graph_wide,10,9,34,800,0,0,10
body_state_setup,graph_wide,10,9,34,300,0,0,0
machine_state_setup,graph_wide,10,9,35,800,0,0,10
body_state_setup,graph_wide,10,9,35,300,0,0,0
machine_state_setup,graph_wide,10,9,36,800,0,0,10
body_state_setup,graph_wide,10,9,36,300,0,0,0
machine_state_setup,graph_wide,10,9,37,800,0,0,10
body_state_setup,graph_wide,10,9,37,300,0,0,0
machine_state_setup,graph_wide,10,9,38,800,0,0,10
body_state_setup,graph_wide,10,9,38,200,0,0,0
machine_state_setup,graph_wide,10,9,39,800,0,0,10
body_state_setup,graph_wide,10,9,39,200,0,0,0
fixture_generation,graph_sparse,10,9,0,800,0,0,50
fixture_generation,graph_sparse,10,9,1,800,0,0,50
fixture_generation,graph_sparse,10,9,2,800,0,0,50
fixture_generation,graph_sparse,10,9,3,800,0,0,50
fixture_generation,graph_sparse,10,9,4,800,0,0,50
fixture_generation,graph_sparse,10,9,5,800,0,0,50
fixture_generation,graph_sparse,10,9,6,800,0,0,50
fixture_generation,graph_sparse,10,9,7,800,0,0,50
fixture_generation,graph_sparse,10,9,8,700,0,0,50
fixture_generation,graph_sparse,10,9,9,800,0,0,50
fixture_generation,graph_sparse,10,9,10,800,0,0,50
fixture_generation,graph_sparse,10,9,11,800,0,0,50
fixture_generation,graph_sparse,10,9,12,700,0,0,50
fixture_generation,graph_sparse,10,9,13,700,0,0,50
fixture_generation,graph_sparse,10,9,14,700,0,0,50
fixture_generation,graph_sparse,10,9,15,700,0,0,50
fixture_generation,graph_sparse,10,9,16,800,0,0,50
fixture_generation,graph_sparse,10,9,17,800,0,0,50
fixture_generation,graph_sparse,10,9,18,800,0,0,50
fixture_generation,graph_sparse,10,9,19,800,0,0,50
plan_build,graph_sparse,10,9,0,23400,0,0,12
plan_build,graph_sparse,10,9,1,26100,0,0,12
plan_build,graph_sparse,10,9,2,6800,0,0,12
plan_build,graph_sparse,10,9,3,7100,0,0,12
plan_build,graph_sparse,10,9,4,6200,0,0,12
plan_build,graph_sparse,10,9,5,6700,0,0,12
plan_build,graph_sparse,10,9,6,6900,0,0,12
plan_build,graph_sparse,10,9,7,6800,0,0,12
plan_build,graph_sparse,10,9,8,6500,0,0,12
plan_build,graph_sparse,10,9,9,6300,0,0,12
plan_build,graph_sparse,10,9,10,6600,0,0,12
plan_build,graph_sparse,10,9,11,6800,0,0,12
plan_build,graph_sparse,10,9,12,7000,0,0,12
plan_build,graph_sparse,10,9,13,13100,0,0,12
plan_build,graph_sparse,10,9,14,22900,0,0,12
plan_build,graph_sparse,10,9,15,7100,0,0,12
plan_build,graph_sparse,10,9,16,7400,0,0,12
plan_build,graph_sparse,10,9,17,7200,0,0,12
plan_build,graph_sparse,10,9,18,8000,0,0,12
plan_build,graph_sparse,10,9,19,11600,0,0,12
plan_build_alloc,graph_sparse,10,9,0,0,158,35195,12
engine_execution,graph_sparse,10,9,0,26500,0,0,13
engine_execution,graph_sparse,10,9,1,27000,0,0,12
engine_execution,graph_sparse,10,9,2,27100,0,0,15
engine_execution,graph_sparse,10,9,3,27000,0,0,14
engine_execution,graph_sparse,10,9,4,27000,0,0,9
engine_execution,graph_sparse,10,9,5,27300,0,0,8
engine_execution,graph_sparse,10,9,6,28400,0,0,11
engine_execution,graph_sparse,10,9,7,27400,0,0,10
engine_execution,graph_sparse,10,9,8,27100,0,0,5
engine_execution,graph_sparse,10,9,9,31200,0,0,4
engine_execution,graph_sparse,10,9,10,27400,0,0,7
engine_execution,graph_sparse,10,9,11,27100,0,0,6
engine_execution,graph_sparse,10,9,12,27000,0,0,1
engine_execution,graph_sparse,10,9,13,27300,0,0,0
engine_execution,graph_sparse,10,9,14,27300,0,0,3
engine_execution,graph_sparse,10,9,15,26800,0,0,2
engine_execution,graph_sparse,10,9,16,26600,0,0,29
engine_execution,graph_sparse,10,9,17,27000,0,0,28
engine_execution,graph_sparse,10,9,18,27200,0,0,31
engine_execution,graph_sparse,10,9,19,26900,0,0,30
engine_execution,graph_sparse,10,9,20,27100,0,0,25
engine_execution,graph_sparse,10,9,21,27300,0,0,24
engine_execution,graph_sparse,10,9,22,27200,0,0,27
engine_execution,graph_sparse,10,9,23,27000,0,0,26
engine_execution,graph_sparse,10,9,24,26800,0,0,21
engine_execution,graph_sparse,10,9,25,26900,0,0,20
engine_execution,graph_sparse,10,9,26,27000,0,0,23
engine_execution,graph_sparse,10,9,27,26900,0,0,22
engine_execution,graph_sparse,10,9,28,27300,0,0,17
engine_execution,graph_sparse,10,9,29,27200,0,0,16
engine_execution,graph_sparse,10,9,30,26700,0,0,19
engine_execution,graph_sparse,10,9,31,27200,0,0,18
engine_execution,graph_sparse,10,9,32,27000,0,0,45
engine_execution,graph_sparse,10,9,33,27300,0,0,44
engine_execution,graph_sparse,10,9,34,27100,0,0,47
engine_execution,graph_sparse,10,9,35,27200,0,0,46
engine_execution,graph_sparse,10,9,36,27000,0,0,41
engine_execution,graph_sparse,10,9,37,26800,0,0,40
engine_execution,graph_sparse,10,9,38,26700,0,0,43
engine_execution,graph_sparse,10,9,39,26800,0,0,42
engine_execution_alloc,graph_sparse,10,9,0,0,564,45889,23127
machine_state_setup,graph_sparse,10,9,0,1100,0,0,10
body_state_setup,graph_sparse,10,9,0,300,0,0,0
machine_state_setup,graph_sparse,10,9,1,800,0,0,10
body_state_setup,graph_sparse,10,9,1,200,0,0,0
machine_state_setup,graph_sparse,10,9,2,800,0,0,10
body_state_setup,graph_sparse,10,9,2,200,0,0,0
machine_state_setup,graph_sparse,10,9,3,800,0,0,10
body_state_setup,graph_sparse,10,9,3,300,0,0,0
machine_state_setup,graph_sparse,10,9,4,800,0,0,10
body_state_setup,graph_sparse,10,9,4,300,0,0,0
machine_state_setup,graph_sparse,10,9,5,800,0,0,10
body_state_setup,graph_sparse,10,9,5,300,0,0,0
machine_state_setup,graph_sparse,10,9,6,800,0,0,10
body_state_setup,graph_sparse,10,9,6,300,0,0,0
machine_state_setup,graph_sparse,10,9,7,1000,0,0,10
body_state_setup,graph_sparse,10,9,7,300,0,0,0
machine_state_setup,graph_sparse,10,9,8,900,0,0,10
body_state_setup,graph_sparse,10,9,8,300,0,0,0
machine_state_setup,graph_sparse,10,9,9,900,0,0,10
body_state_setup,graph_sparse,10,9,9,200,0,0,0
machine_state_setup,graph_sparse,10,9,10,800,0,0,10
body_state_setup,graph_sparse,10,9,10,200,0,0,0
machine_state_setup,graph_sparse,10,9,11,800,0,0,10
body_state_setup,graph_sparse,10,9,11,200,0,0,0
machine_state_setup,graph_sparse,10,9,12,700,0,0,10
body_state_setup,graph_sparse,10,9,12,200,0,0,0
machine_state_setup,graph_sparse,10,9,13,700,0,0,10
body_state_setup,graph_sparse,10,9,13,200,0,0,0
machine_state_setup,graph_sparse,10,9,14,800,0,0,10
body_state_setup,graph_sparse,10,9,14,200,0,0,0
machine_state_setup,graph_sparse,10,9,15,700,0,0,10
body_state_setup,graph_sparse,10,9,15,200,0,0,0
machine_state_setup,graph_sparse,10,9,16,800,0,0,10
body_state_setup,graph_sparse,10,9,16,200,0,0,0
machine_state_setup,graph_sparse,10,9,17,800,0,0,10
body_state_setup,graph_sparse,10,9,17,300,0,0,0
machine_state_setup,graph_sparse,10,9,18,800,0,0,10
body_state_setup,graph_sparse,10,9,18,300,0,0,0
machine_state_setup,graph_sparse,10,9,19,800,0,0,10
body_state_setup,graph_sparse,10,9,19,200,0,0,0
machine_state_setup,graph_sparse,10,9,20,800,0,0,10
body_state_setup,graph_sparse,10,9,20,200,0,0,0
machine_state_setup,graph_sparse,10,9,21,800,0,0,10
body_state_setup,graph_sparse,10,9,21,200,0,0,0
machine_state_setup,graph_sparse,10,9,22,700,0,0,10
body_state_setup,graph_sparse,10,9,22,200,0,0,0
machine_state_setup,graph_sparse,10,9,23,700,0,0,10
body_state_setup,graph_sparse,10,9,23,200,0,0,0
machine_state_setup,graph_sparse,10,9,24,700,0,0,10
body_state_setup,graph_sparse,10,9,24,200,0,0,0
machine_state_setup,graph_sparse,10,9,25,800,0,0,10
body_state_setup,graph_sparse,10,9,25,300,0,0,0
machine_state_setup,graph_sparse,10,9,26,800,0,0,10
body_state_setup,graph_sparse,10,9,26,200,0,0,0
machine_state_setup,graph_sparse,10,9,27,800,0,0,10
body_state_setup,graph_sparse,10,9,27,200,0,0,0
machine_state_setup,graph_sparse,10,9,28,800,0,0,10
body_state_setup,graph_sparse,10,9,28,200,0,0,0
machine_state_setup,graph_sparse,10,9,29,800,0,0,10
body_state_setup,graph_sparse,10,9,29,200,0,0,0
machine_state_setup,graph_sparse,10,9,30,800,0,0,10
body_state_setup,graph_sparse,10,9,30,300,0,0,0
machine_state_setup,graph_sparse,10,9,31,800,0,0,10
body_state_setup,graph_sparse,10,9,31,300,0,0,0
machine_state_setup,graph_sparse,10,9,32,800,0,0,10
body_state_setup,graph_sparse,10,9,32,200,0,0,0
machine_state_setup,graph_sparse,10,9,33,800,0,0,10
body_state_setup,graph_sparse,10,9,33,200,0,0,0
machine_state_setup,graph_sparse,10,9,34,800,0,0,10
body_state_setup,graph_sparse,10,9,34,200,0,0,0
machine_state_setup,graph_sparse,10,9,35,700,0,0,10
body_state_setup,graph_sparse,10,9,35,200,0,0,0
machine_state_setup,graph_sparse,10,9,36,700,0,0,10
body_state_setup,graph_sparse,10,9,36,200,0,0,0
machine_state_setup,graph_sparse,10,9,37,800,0,0,10
body_state_setup,graph_sparse,10,9,37,200,0,0,0
machine_state_setup,graph_sparse,10,9,38,700,0,0,10
body_state_setup,graph_sparse,10,9,38,200,0,0,0
machine_state_setup,graph_sparse,10,9,39,800,0,0,10
body_state_setup,graph_sparse,10,9,39,300,0,0,0
fixture_generation,graph_chain,100,99,0,7700,0,0,500
fixture_generation,graph_chain,100,99,1,7500,0,0,500
fixture_generation,graph_chain,100,99,2,7500,0,0,500
fixture_generation,graph_chain,100,99,3,6900,0,0,500
fixture_generation,graph_chain,100,99,4,6900,0,0,500
fixture_generation,graph_chain,100,99,5,6800,0,0,500
fixture_generation,graph_chain,100,99,6,9200,0,0,500
fixture_generation,graph_chain,100,99,7,6800,0,0,500
fixture_generation,graph_chain,100,99,8,6800,0,0,500
fixture_generation,graph_chain,100,99,9,6900,0,0,500
fixture_generation,graph_chain,100,99,10,6900,0,0,500
fixture_generation,graph_chain,100,99,11,6900,0,0,500
fixture_generation,graph_chain,100,99,12,6800,0,0,500
fixture_generation,graph_chain,100,99,13,6900,0,0,500
fixture_generation,graph_chain,100,99,14,6900,0,0,500
fixture_generation,graph_chain,100,99,15,6900,0,0,500
fixture_generation,graph_chain,100,99,16,6800,0,0,500
fixture_generation,graph_chain,100,99,17,6800,0,0,500
fixture_generation,graph_chain,100,99,18,6800,0,0,500
fixture_generation,graph_chain,100,99,19,6900,0,0,500
plan_build,graph_chain,100,99,0,125000,0,0,11
plan_build,graph_chain,100,99,1,113200,0,0,11
plan_build,graph_chain,100,99,2,140100,0,0,11
plan_build,graph_chain,100,99,3,160000,0,0,11
plan_build,graph_chain,100,99,4,128200,0,0,11
plan_build,graph_chain,100,99,5,143400,0,0,11
plan_build,graph_chain,100,99,6,183300,0,0,11
plan_build,graph_chain,100,99,7,151500,0,0,11
plan_build,graph_chain,100,99,8,157500,0,0,11
plan_build,graph_chain,100,99,9,186000,0,0,11
plan_build,graph_chain,100,99,10,135000,0,0,11
plan_build,graph_chain,100,99,11,162800,0,0,11
plan_build,graph_chain,100,99,12,176800,0,0,11
plan_build,graph_chain,100,99,13,114500,0,0,11
plan_build,graph_chain,100,99,14,159100,0,0,11
plan_build,graph_chain,100,99,15,167100,0,0,11
plan_build,graph_chain,100,99,16,118100,0,0,11
plan_build,graph_chain,100,99,17,170000,0,0,11
plan_build,graph_chain,100,99,18,155600,0,0,11
plan_build,graph_chain,100,99,19,137700,0,0,11
plan_build_alloc,graph_chain,100,99,0,0,1269,304543,11
engine_execution,graph_chain,100,99,0,362900,0,0,1
engine_execution,graph_chain,100,99,1,355200,0,0,0
engine_execution,graph_chain,100,99,2,362800,0,0,3
engine_execution,graph_chain,100,99,3,372700,0,0,2
engine_execution,graph_chain,100,99,4,371100,0,0,5
engine_execution,graph_chain,100,99,5,356200,0,0,4
engine_execution,graph_chain,100,99,6,390100,0,0,7
engine_execution,graph_chain,100,99,7,416700,0,0,6
engine_execution,graph_chain,100,99,8,363300,0,0,9
engine_execution,graph_chain,100,99,9,348400,0,0,8
engine_execution,graph_chain,100,99,10,356300,0,0,11
engine_execution,graph_chain,100,99,11,360500,0,0,10
engine_execution,graph_chain,100,99,12,369200,0,0,13
engine_execution,graph_chain,100,99,13,365600,0,0,12
engine_execution,graph_chain,100,99,14,359600,0,0,15
engine_execution,graph_chain,100,99,15,356400,0,0,14
engine_execution,graph_chain,100,99,16,370500,0,0,17
engine_execution,graph_chain,100,99,17,344100,0,0,16
engine_execution,graph_chain,100,99,18,374000,0,0,19
engine_execution,graph_chain,100,99,19,381800,0,0,18
engine_execution,graph_chain,100,99,20,362500,0,0,21
engine_execution,graph_chain,100,99,21,352700,0,0,20
engine_execution,graph_chain,100,99,22,351500,0,0,23
engine_execution,graph_chain,100,99,23,363000,0,0,22
engine_execution,graph_chain,100,99,24,384900,0,0,25
engine_execution,graph_chain,100,99,25,379900,0,0,24
engine_execution,graph_chain,100,99,26,366200,0,0,27
engine_execution,graph_chain,100,99,27,345300,0,0,26
engine_execution,graph_chain,100,99,28,376700,0,0,29
engine_execution,graph_chain,100,99,29,361800,0,0,28
engine_execution,graph_chain,100,99,30,370500,0,0,31
engine_execution,graph_chain,100,99,31,353100,0,0,30
engine_execution,graph_chain,100,99,32,365600,0,0,33
engine_execution,graph_chain,100,99,33,352000,0,0,32
engine_execution,graph_chain,100,99,34,355700,0,0,35
engine_execution,graph_chain,100,99,35,376300,0,0,34
engine_execution,graph_chain,100,99,36,384100,0,0,37
engine_execution,graph_chain,100,99,37,377200,0,0,36
engine_execution,graph_chain,100,99,38,365400,0,0,39
engine_execution,graph_chain,100,99,39,358100,0,0,38
engine_execution_alloc,graph_chain,100,99,0,0,5259,513144,23131
machine_state_setup,graph_chain,100,99,0,7400,0,0,100
body_state_setup,graph_chain,100,99,0,500,0,0,0
machine_state_setup,graph_chain,100,99,1,6500,0,0,100
body_state_setup,graph_chain,100,99,1,500,0,0,0
machine_state_setup,graph_chain,100,99,2,6400,0,0,100
body_state_setup,graph_chain,100,99,2,400,0,0,0
machine_state_setup,graph_chain,100,99,3,6400,0,0,100
body_state_setup,graph_chain,100,99,3,400,0,0,0
machine_state_setup,graph_chain,100,99,4,6400,0,0,100
body_state_setup,graph_chain,100,99,4,300,0,0,0
machine_state_setup,graph_chain,100,99,5,6200,0,0,100
body_state_setup,graph_chain,100,99,5,300,0,0,0
machine_state_setup,graph_chain,100,99,6,6200,0,0,100
body_state_setup,graph_chain,100,99,6,300,0,0,0
machine_state_setup,graph_chain,100,99,7,6200,0,0,100
body_state_setup,graph_chain,100,99,7,400,0,0,0
machine_state_setup,graph_chain,100,99,8,6300,0,0,100
body_state_setup,graph_chain,100,99,8,400,0,0,0
machine_state_setup,graph_chain,100,99,9,6300,0,0,100
body_state_setup,graph_chain,100,99,9,400,0,0,0
machine_state_setup,graph_chain,100,99,10,6500,0,0,100
body_state_setup,graph_chain,100,99,10,400,0,0,0
machine_state_setup,graph_chain,100,99,11,6400,0,0,100
body_state_setup,graph_chain,100,99,11,400,0,0,0
machine_state_setup,graph_chain,100,99,12,6200,0,0,100
body_state_setup,graph_chain,100,99,12,400,0,0,0
machine_state_setup,graph_chain,100,99,13,6200,0,0,100
body_state_setup,graph_chain,100,99,13,600,0,0,0
machine_state_setup,graph_chain,100,99,14,6200,0,0,100
body_state_setup,graph_chain,100,99,14,300,0,0,0
machine_state_setup,graph_chain,100,99,15,6100,0,0,100
body_state_setup,graph_chain,100,99,15,400,0,0,0
machine_state_setup,graph_chain,100,99,16,6500,0,0,100
body_state_setup,graph_chain,100,99,16,400,0,0,0
machine_state_setup,graph_chain,100,99,17,6300,0,0,100
body_state_setup,graph_chain,100,99,17,400,0,0,0
machine_state_setup,graph_chain,100,99,18,6700,0,0,100
body_state_setup,graph_chain,100,99,18,400,0,0,0
machine_state_setup,graph_chain,100,99,19,6200,0,0,100
body_state_setup,graph_chain,100,99,19,400,0,0,0
machine_state_setup,graph_chain,100,99,20,6600,0,0,100
body_state_setup,graph_chain,100,99,20,400,0,0,0
machine_state_setup,graph_chain,100,99,21,6400,0,0,100
body_state_setup,graph_chain,100,99,21,300,0,0,0
machine_state_setup,graph_chain,100,99,22,6500,0,0,100
body_state_setup,graph_chain,100,99,22,400,0,0,0
machine_state_setup,graph_chain,100,99,23,6200,0,0,100
body_state_setup,graph_chain,100,99,23,400,0,0,0
machine_state_setup,graph_chain,100,99,24,6500,0,0,100
body_state_setup,graph_chain,100,99,24,400,0,0,0
machine_state_setup,graph_chain,100,99,25,6300,0,0,100
body_state_setup,graph_chain,100,99,25,400,0,0,0
machine_state_setup,graph_chain,100,99,26,6500,0,0,100
body_state_setup,graph_chain,100,99,26,400,0,0,0
machine_state_setup,graph_chain,100,99,27,6200,0,0,100
body_state_setup,graph_chain,100,99,27,600,0,0,0
machine_state_setup,graph_chain,100,99,28,6300,0,0,100
body_state_setup,graph_chain,100,99,28,400,0,0,0
machine_state_setup,graph_chain,100,99,29,6300,0,0,100
body_state_setup,graph_chain,100,99,29,400,0,0,0
machine_state_setup,graph_chain,100,99,30,6100,0,0,100
body_state_setup,graph_chain,100,99,30,400,0,0,0
machine_state_setup,graph_chain,100,99,31,6000,0,0,100
body_state_setup,graph_chain,100,99,31,400,0,0,0
machine_state_setup,graph_chain,100,99,32,6000,0,0,100
body_state_setup,graph_chain,100,99,32,400,0,0,0
machine_state_setup,graph_chain,100,99,33,6000,0,0,100
body_state_setup,graph_chain,100,99,33,300,0,0,0
machine_state_setup,graph_chain,100,99,34,6000,0,0,100
body_state_setup,graph_chain,100,99,34,400,0,0,0
machine_state_setup,graph_chain,100,99,35,6000,0,0,100
body_state_setup,graph_chain,100,99,35,400,0,0,0
machine_state_setup,graph_chain,100,99,36,6000,0,0,100
body_state_setup,graph_chain,100,99,36,400,0,0,0
machine_state_setup,graph_chain,100,99,37,6000,0,0,100
body_state_setup,graph_chain,100,99,37,400,0,0,0
machine_state_setup,graph_chain,100,99,38,6000,0,0,100
body_state_setup,graph_chain,100,99,38,400,0,0,0
machine_state_setup,graph_chain,100,99,39,6000,0,0,100
body_state_setup,graph_chain,100,99,39,300,0,0,0
pure_machine_events_preseeded,graph_chain,100,99,0,107200,0,0,101
pure_machine_events_preseeded,graph_chain,100,99,1,104500,0,0,101
pure_machine_events_preseeded,graph_chain,100,99,2,108300,0,0,101
pure_machine_events_preseeded,graph_chain,100,99,3,104700,0,0,101
pure_machine_events_preseeded,graph_chain,100,99,4,105600,0,0,101
pure_machine_events_preseeded,graph_chain,100,99,5,105200,0,0,101
pure_machine_events_preseeded,graph_chain,100,99,6,105800,0,0,101
pure_machine_events_preseeded,graph_chain,100,99,7,107200,0,0,101
pure_machine_events_preseeded,graph_chain,100,99,8,104600,0,0,101
pure_machine_events_preseeded,graph_chain,100,99,9,104800,0,0,101
pure_machine_events_preseeded,graph_chain,100,99,10,105000,0,0,101
pure_machine_events_preseeded,graph_chain,100,99,11,110400,0,0,101
pure_machine_events_preseeded,graph_chain,100,99,12,105800,0,0,101
pure_machine_events_preseeded,graph_chain,100,99,13,106100,0,0,101
pure_machine_events_preseeded,graph_chain,100,99,14,106400,0,0,101
pure_machine_events_preseeded,graph_chain,100,99,15,105900,0,0,101
pure_machine_events_preseeded,graph_chain,100,99,16,106300,0,0,101
pure_machine_events_preseeded,graph_chain,100,99,17,108000,0,0,101
pure_machine_events_preseeded,graph_chain,100,99,18,106200,0,0,101
pure_machine_events_preseeded,graph_chain,100,99,19,106200,0,0,101
pure_machine_events_preseeded,graph_chain,100,99,20,135100,0,0,101
pure_machine_events_preseeded,graph_chain,100,99,21,102500,0,0,101
pure_machine_events_preseeded,graph_chain,100,99,22,102800,0,0,101
pure_machine_events_preseeded,graph_chain,100,99,23,103700,0,0,101
pure_machine_events_preseeded,graph_chain,100,99,24,103200,0,0,101
pure_machine_events_preseeded,graph_chain,100,99,25,103800,0,0,101
pure_machine_events_preseeded,graph_chain,100,99,26,104100,0,0,101
pure_machine_events_preseeded,graph_chain,100,99,27,106900,0,0,101
pure_machine_events_preseeded,graph_chain,100,99,28,103700,0,0,101
pure_machine_events_preseeded,graph_chain,100,99,29,104000,0,0,101
pure_machine_events_preseeded,graph_chain,100,99,30,124600,0,0,101
pure_machine_events_preseeded,graph_chain,100,99,31,102900,0,0,101
pure_machine_events_preseeded,graph_chain,100,99,32,104200,0,0,101
pure_machine_events_preseeded,graph_chain,100,99,33,104000,0,0,101
pure_machine_events_preseeded,graph_chain,100,99,34,104000,0,0,101
pure_machine_events_preseeded,graph_chain,100,99,35,104600,0,0,101
pure_machine_events_preseeded,graph_chain,100,99,36,103500,0,0,101
pure_machine_events_preseeded,graph_chain,100,99,37,105000,0,0,101
pure_machine_events_preseeded,graph_chain,100,99,38,105400,0,0,101
pure_machine_events_preseeded,graph_chain,100,99,39,106700,0,0,101
fixture_generation,graph_wide,100,99,0,6900,0,0,500
fixture_generation,graph_wide,100,99,1,7300,0,0,500
fixture_generation,graph_wide,100,99,2,7400,0,0,500
fixture_generation,graph_wide,100,99,3,7400,0,0,500
fixture_generation,graph_wide,100,99,4,7200,0,0,500
fixture_generation,graph_wide,100,99,5,7000,0,0,500
fixture_generation,graph_wide,100,99,6,7000,0,0,500
fixture_generation,graph_wide,100,99,7,6900,0,0,500
fixture_generation,graph_wide,100,99,8,7200,0,0,500
fixture_generation,graph_wide,100,99,9,6900,0,0,500
fixture_generation,graph_wide,100,99,10,7100,0,0,500
fixture_generation,graph_wide,100,99,11,7300,0,0,500
fixture_generation,graph_wide,100,99,12,7500,0,0,500
fixture_generation,graph_wide,100,99,13,7000,0,0,500
fixture_generation,graph_wide,100,99,14,6900,0,0,500
fixture_generation,graph_wide,100,99,15,7000,0,0,500
fixture_generation,graph_wide,100,99,16,7200,0,0,500
fixture_generation,graph_wide,100,99,17,7200,0,0,500
fixture_generation,graph_wide,100,99,18,7000,0,0,500
fixture_generation,graph_wide,100,99,19,6900,0,0,500
plan_build,graph_wide,100,99,0,259300,0,0,10
plan_build,graph_wide,100,99,1,232100,0,0,10
plan_build,graph_wide,100,99,2,133400,0,0,10
plan_build,graph_wide,100,99,3,191300,0,0,10
plan_build,graph_wide,100,99,4,182100,0,0,10
plan_build,graph_wide,100,99,5,171400,0,0,10
plan_build,graph_wide,100,99,6,205800,0,0,10
plan_build,graph_wide,100,99,7,191300,0,0,10
plan_build,graph_wide,100,99,8,60100,0,0,10
plan_build,graph_wide,100,99,9,123300,0,0,10
plan_build,graph_wide,100,99,10,211100,0,0,10
plan_build,graph_wide,100,99,11,120900,0,0,10
plan_build,graph_wide,100,99,12,140800,0,0,10
plan_build,graph_wide,100,99,13,198600,0,0,10
plan_build,graph_wide,100,99,14,62800,0,0,10
plan_build,graph_wide,100,99,15,101100,0,0,10
plan_build,graph_wide,100,99,16,154600,0,0,10
plan_build,graph_wide,100,99,17,106100,0,0,10
plan_build,graph_wide,100,99,18,120700,0,0,10
plan_build,graph_wide,100,99,19,140600,0,0,10
plan_build_alloc,graph_wide,100,99,0,0,1176,303389,10
engine_execution,graph_wide,100,99,0,307100,0,0,98
engine_execution,graph_wide,100,99,1,304900,0,0,99
engine_execution,graph_wide,100,99,2,314400,0,0,96
engine_execution,graph_wide,100,99,3,311900,0,0,97
engine_execution,graph_wide,100,99,4,313800,0,0,102
engine_execution,graph_wide,100,99,5,316200,0,0,103
engine_execution,graph_wide,100,99,6,302700,0,0,100
engine_execution,graph_wide,100,99,7,303200,0,0,101
engine_execution,graph_wide,100,99,8,300800,0,0,106
engine_execution,graph_wide,100,99,9,303700,0,0,107
engine_execution,graph_wide,100,99,10,307000,0,0,104
engine_execution,graph_wide,100,99,11,309600,0,0,105
engine_execution,graph_wide,100,99,12,318700,0,0,110
engine_execution,graph_wide,100,99,13,318400,0,0,111
engine_execution,graph_wide,100,99,14,301800,0,0,108
engine_execution,graph_wide,100,99,15,303600,0,0,109
engine_execution,graph_wide,100,99,16,300300,0,0,114
engine_execution,graph_wide,100,99,17,299400,0,0,115
engine_execution,graph_wide,100,99,18,321400,0,0,112
engine_execution,graph_wide,100,99,19,310600,0,0,113
engine_execution,graph_wide,100,99,20,300200,0,0,118
engine_execution,graph_wide,100,99,21,296800,0,0,119
engine_execution,graph_wide,100,99,22,301000,0,0,116
engine_execution,graph_wide,100,99,23,295200,0,0,117
engine_execution,graph_wide,100,99,24,299700,0,0,122
engine_execution,graph_wide,100,99,25,304200,0,0,123
engine_execution,graph_wide,100,99,26,297300,0,0,120
engine_execution,graph_wide,100,99,27,300300,0,0,121
engine_execution,graph_wide,100,99,28,309100,0,0,126
engine_execution,graph_wide,100,99,29,297300,0,0,127
engine_execution,graph_wide,100,99,30,296900,0,0,124
engine_execution,graph_wide,100,99,31,296600,0,0,125
engine_execution,graph_wide,100,99,32,307500,0,0,66
engine_execution,graph_wide,100,99,33,298400,0,0,67
engine_execution,graph_wide,100,99,34,296900,0,0,64
engine_execution,graph_wide,100,99,35,299900,0,0,65
engine_execution,graph_wide,100,99,36,300900,0,0,70
engine_execution,graph_wide,100,99,37,298300,0,0,71
engine_execution,graph_wide,100,99,38,301600,0,0,68
engine_execution,graph_wide,100,99,39,306600,0,0,69
engine_execution_alloc,graph_wide,100,99,0,0,4987,468375,23096
machine_state_setup,graph_wide,100,99,0,11800,0,0,100
body_state_setup,graph_wide,100,99,0,600,0,0,0
machine_state_setup,graph_wide,100,99,1,6300,0,0,100
body_state_setup,graph_wide,100,99,1,400,0,0,0
machine_state_setup,graph_wide,100,99,2,6000,0,0,100
body_state_setup,graph_wide,100,99,2,400,0,0,0
machine_state_setup,graph_wide,100,99,3,6000,0,0,100
body_state_setup,graph_wide,100,99,3,300,0,0,0
machine_state_setup,graph_wide,100,99,4,6400,0,0,100
body_state_setup,graph_wide,100,99,4,400,0,0,0
machine_state_setup,graph_wide,100,99,5,6200,0,0,100
body_state_setup,graph_wide,100,99,5,400,0,0,0
machine_state_setup,graph_wide,100,99,6,6300,0,0,100
body_state_setup,graph_wide,100,99,6,300,0,0,0
machine_state_setup,graph_wide,100,99,7,6300,0,0,100
body_state_setup,graph_wide,100,99,7,400,0,0,0
machine_state_setup,graph_wide,100,99,8,6300,0,0,100
body_state_setup,graph_wide,100,99,8,400,0,0,0
machine_state_setup,graph_wide,100,99,9,6300,0,0,100
body_state_setup,graph_wide,100,99,9,300,0,0,0
machine_state_setup,graph_wide,100,99,10,6400,0,0,100
body_state_setup,graph_wide,100,99,10,400,0,0,0
machine_state_setup,graph_wide,100,99,11,6300,0,0,100
body_state_setup,graph_wide,100,99,11,400,0,0,0
machine_state_setup,graph_wide,100,99,12,6300,0,0,100
body_state_setup,graph_wide,100,99,12,400,0,0,0
machine_state_setup,graph_wide,100,99,13,6400,0,0,100
body_state_setup,graph_wide,100,99,13,400,0,0,0
machine_state_setup,graph_wide,100,99,14,6300,0,0,100
body_state_setup,graph_wide,100,99,14,300,0,0,0
machine_state_setup,graph_wide,100,99,15,6300,0,0,100
body_state_setup,graph_wide,100,99,15,300,0,0,0
machine_state_setup,graph_wide,100,99,16,6300,0,0,100
body_state_setup,graph_wide,100,99,16,400,0,0,0
machine_state_setup,graph_wide,100,99,17,6300,0,0,100
body_state_setup,graph_wide,100,99,17,400,0,0,0
machine_state_setup,graph_wide,100,99,18,6300,0,0,100
body_state_setup,graph_wide,100,99,18,400,0,0,0
machine_state_setup,graph_wide,100,99,19,6400,0,0,100
body_state_setup,graph_wide,100,99,19,300,0,0,0
machine_state_setup,graph_wide,100,99,20,6300,0,0,100
body_state_setup,graph_wide,100,99,20,400,0,0,0
machine_state_setup,graph_wide,100,99,21,6400,0,0,100
body_state_setup,graph_wide,100,99,21,500,0,0,0
machine_state_setup,graph_wide,100,99,22,6400,0,0,100
body_state_setup,graph_wide,100,99,22,400,0,0,0
machine_state_setup,graph_wide,100,99,23,6300,0,0,100
body_state_setup,graph_wide,100,99,23,400,0,0,0
machine_state_setup,graph_wide,100,99,24,6300,0,0,100
body_state_setup,graph_wide,100,99,24,400,0,0,0
machine_state_setup,graph_wide,100,99,25,6300,0,0,100
body_state_setup,graph_wide,100,99,25,400,0,0,0
machine_state_setup,graph_wide,100,99,26,6300,0,0,100
body_state_setup,graph_wide,100,99,26,300,0,0,0
machine_state_setup,graph_wide,100,99,27,6200,0,0,100
body_state_setup,graph_wide,100,99,27,400,0,0,0
machine_state_setup,graph_wide,100,99,28,6400,0,0,100
body_state_setup,graph_wide,100,99,28,300,0,0,0
machine_state_setup,graph_wide,100,99,29,6300,0,0,100
body_state_setup,graph_wide,100,99,29,300,0,0,0
machine_state_setup,graph_wide,100,99,30,6400,0,0,100
body_state_setup,graph_wide,100,99,30,300,0,0,0
machine_state_setup,graph_wide,100,99,31,6400,0,0,100
body_state_setup,graph_wide,100,99,31,400,0,0,0
machine_state_setup,graph_wide,100,99,32,6300,0,0,100
body_state_setup,graph_wide,100,99,32,400,0,0,0
machine_state_setup,graph_wide,100,99,33,6200,0,0,100
body_state_setup,graph_wide,100,99,33,400,0,0,0
machine_state_setup,graph_wide,100,99,34,6300,0,0,100
body_state_setup,graph_wide,100,99,34,300,0,0,0
machine_state_setup,graph_wide,100,99,35,6200,0,0,100
body_state_setup,graph_wide,100,99,35,400,0,0,0
machine_state_setup,graph_wide,100,99,36,6300,0,0,100
body_state_setup,graph_wide,100,99,36,300,0,0,0
machine_state_setup,graph_wide,100,99,37,6200,0,0,100
body_state_setup,graph_wide,100,99,37,400,0,0,0
machine_state_setup,graph_wide,100,99,38,6300,0,0,100
body_state_setup,graph_wide,100,99,38,400,0,0,0
machine_state_setup,graph_wide,100,99,39,6200,0,0,100
body_state_setup,graph_wide,100,99,39,400,0,0,0
fixture_generation,graph_sparse,100,99,0,7100,0,0,500
fixture_generation,graph_sparse,100,99,1,7000,0,0,500
fixture_generation,graph_sparse,100,99,2,6900,0,0,500
fixture_generation,graph_sparse,100,99,3,7000,0,0,500
fixture_generation,graph_sparse,100,99,4,6900,0,0,500
fixture_generation,graph_sparse,100,99,5,6800,0,0,500
fixture_generation,graph_sparse,100,99,6,6800,0,0,500
fixture_generation,graph_sparse,100,99,7,6900,0,0,500
fixture_generation,graph_sparse,100,99,8,6800,0,0,500
fixture_generation,graph_sparse,100,99,9,6700,0,0,500
fixture_generation,graph_sparse,100,99,10,6900,0,0,500
fixture_generation,graph_sparse,100,99,11,6900,0,0,500
fixture_generation,graph_sparse,100,99,12,6800,0,0,500
fixture_generation,graph_sparse,100,99,13,6800,0,0,500
fixture_generation,graph_sparse,100,99,14,6700,0,0,500
fixture_generation,graph_sparse,100,99,15,6700,0,0,500
fixture_generation,graph_sparse,100,99,16,6800,0,0,500
fixture_generation,graph_sparse,100,99,17,6900,0,0,500
fixture_generation,graph_sparse,100,99,18,6700,0,0,500
fixture_generation,graph_sparse,100,99,19,6900,0,0,500
plan_build,graph_sparse,100,99,0,216700,0,0,12
plan_build,graph_sparse,100,99,1,126000,0,0,12
plan_build,graph_sparse,100,99,2,138100,0,0,12
plan_build,graph_sparse,100,99,3,203500,0,0,12
plan_build,graph_sparse,100,99,4,144300,0,0,12
plan_build,graph_sparse,100,99,5,158300,0,0,12
plan_build,graph_sparse,100,99,6,188700,0,0,12
plan_build,graph_sparse,100,99,7,131300,0,0,12
plan_build,graph_sparse,100,99,8,124600,0,0,12
plan_build,graph_sparse,100,99,9,191300,0,0,12
plan_build,graph_sparse,100,99,10,140100,0,0,12
plan_build,graph_sparse,100,99,11,150200,0,0,12
plan_build,graph_sparse,100,99,12,194500,0,0,12
plan_build,graph_sparse,100,99,13,130600,0,0,12
plan_build,graph_sparse,100,99,14,135300,0,0,12
plan_build,graph_sparse,100,99,15,194500,0,0,12
plan_build,graph_sparse,100,99,16,138400,0,0,12
plan_build,graph_sparse,100,99,17,164900,0,0,12
plan_build,graph_sparse,100,99,18,194200,0,0,12
plan_build,graph_sparse,100,99,19,130500,0,0,12
plan_build_alloc,graph_sparse,100,99,0,0,1220,302977,12
engine_execution,graph_sparse,100,99,0,327400,0,0,71
engine_execution,graph_sparse,100,99,1,334400,0,0,70
engine_execution,graph_sparse,100,99,2,327200,0,0,69
engine_execution,graph_sparse,100,99,3,322500,0,0,68
engine_execution,graph_sparse,100,99,4,331000,0,0,67
engine_execution,graph_sparse,100,99,5,325500,0,0,66
engine_execution,graph_sparse,100,99,6,335200,0,0,65
engine_execution,graph_sparse,100,99,7,353500,0,0,64
engine_execution,graph_sparse,100,99,8,351400,0,0,79
engine_execution,graph_sparse,100,99,9,327100,0,0,78
engine_execution,graph_sparse,100,99,10,335600,0,0,77
engine_execution,graph_sparse,100,99,11,323300,0,0,76
engine_execution,graph_sparse,100,99,12,328600,0,0,75
engine_execution,graph_sparse,100,99,13,331500,0,0,74
engine_execution,graph_sparse,100,99,14,349400,0,0,73
engine_execution,graph_sparse,100,99,15,322200,0,0,72
engine_execution,graph_sparse,100,99,16,339800,0,0,87
engine_execution,graph_sparse,100,99,17,326600,0,0,86
engine_execution,graph_sparse,100,99,18,339600,0,0,85
engine_execution,graph_sparse,100,99,19,330200,0,0,84
engine_execution,graph_sparse,100,99,20,366400,0,0,83
engine_execution,graph_sparse,100,99,21,333300,0,0,82
engine_execution,graph_sparse,100,99,22,333800,0,0,81
engine_execution,graph_sparse,100,99,23,321800,0,0,80
engine_execution,graph_sparse,100,99,24,326200,0,0,95
engine_execution,graph_sparse,100,99,25,341300,0,0,94
engine_execution,graph_sparse,100,99,26,354500,0,0,93
engine_execution,graph_sparse,100,99,27,344700,0,0,92
engine_execution,graph_sparse,100,99,28,337800,0,0,91
engine_execution,graph_sparse,100,99,29,327800,0,0,90
engine_execution,graph_sparse,100,99,30,364600,0,0,89
engine_execution,graph_sparse,100,99,31,348300,0,0,88
engine_execution,graph_sparse,100,99,32,328600,0,0,103
engine_execution,graph_sparse,100,99,33,328000,0,0,102
engine_execution,graph_sparse,100,99,34,319700,0,0,101
engine_execution,graph_sparse,100,99,35,313200,0,0,100
engine_execution,graph_sparse,100,99,36,321100,0,0,99
engine_execution,graph_sparse,100,99,37,322300,0,0,98
engine_execution,graph_sparse,100,99,38,335500,0,0,97
engine_execution,graph_sparse,100,99,39,331800,0,0,96
engine_execution_alloc,graph_sparse,100,99,0,0,5163,494297,23069
machine_state_setup,graph_sparse,100,99,0,18900,0,0,100
body_state_setup,graph_sparse,100,99,0,600,0,0,0
machine_state_setup,graph_sparse,100,99,1,6100,0,0,100
body_state_setup,graph_sparse,100,99,1,400,0,0,0
machine_state_setup,graph_sparse,100,99,2,6100,0,0,100
body_state_setup,graph_sparse,100,99,2,400,0,0,0
machine_state_setup,graph_sparse,100,99,3,6100,0,0,100
body_state_setup,graph_sparse,100,99,3,400,0,0,0
machine_state_setup,graph_sparse,100,99,4,6200,0,0,100
body_state_setup,graph_sparse,100,99,4,300,0,0,0
machine_state_setup,graph_sparse,100,99,5,6000,0,0,100
body_state_setup,graph_sparse,100,99,5,300,0,0,0
machine_state_setup,graph_sparse,100,99,6,6000,0,0,100
body_state_setup,graph_sparse,100,99,6,400,0,0,0
machine_state_setup,graph_sparse,100,99,7,6000,0,0,100
body_state_setup,graph_sparse,100,99,7,300,0,0,0
machine_state_setup,graph_sparse,100,99,8,6000,0,0,100
body_state_setup,graph_sparse,100,99,8,400,0,0,0
machine_state_setup,graph_sparse,100,99,9,6300,0,0,100
body_state_setup,graph_sparse,100,99,9,400,0,0,0
machine_state_setup,graph_sparse,100,99,10,6100,0,0,100
body_state_setup,graph_sparse,100,99,10,400,0,0,0
machine_state_setup,graph_sparse,100,99,11,6100,0,0,100
body_state_setup,graph_sparse,100,99,11,400,0,0,0
machine_state_setup,graph_sparse,100,99,12,6100,0,0,100
body_state_setup,graph_sparse,100,99,12,400,0,0,0
machine_state_setup,graph_sparse,100,99,13,6000,0,0,100
body_state_setup,graph_sparse,100,99,13,400,0,0,0
machine_state_setup,graph_sparse,100,99,14,6200,0,0,100
body_state_setup,graph_sparse,100,99,14,8400,0,0,0
machine_state_setup,graph_sparse,100,99,15,6100,0,0,100
body_state_setup,graph_sparse,100,99,15,400,0,0,0
machine_state_setup,graph_sparse,100,99,16,6100,0,0,100
body_state_setup,graph_sparse,100,99,16,400,0,0,0
machine_state_setup,graph_sparse,100,99,17,6100,0,0,100
body_state_setup,graph_sparse,100,99,17,400,0,0,0
machine_state_setup,graph_sparse,100,99,18,6000,0,0,100
body_state_setup,graph_sparse,100,99,18,400,0,0,0
machine_state_setup,graph_sparse,100,99,19,6100,0,0,100
body_state_setup,graph_sparse,100,99,19,400,0,0,0
machine_state_setup,graph_sparse,100,99,20,6000,0,0,100
body_state_setup,graph_sparse,100,99,20,300,0,0,0
machine_state_setup,graph_sparse,100,99,21,6100,0,0,100
body_state_setup,graph_sparse,100,99,21,400,0,0,0
machine_state_setup,graph_sparse,100,99,22,6000,0,0,100
body_state_setup,graph_sparse,100,99,22,300,0,0,0
machine_state_setup,graph_sparse,100,99,23,6000,0,0,100
body_state_setup,graph_sparse,100,99,23,300,0,0,0
machine_state_setup,graph_sparse,100,99,24,6000,0,0,100
body_state_setup,graph_sparse,100,99,24,400,0,0,0
machine_state_setup,graph_sparse,100,99,25,6000,0,0,100
body_state_setup,graph_sparse,100,99,25,400,0,0,0
machine_state_setup,graph_sparse,100,99,26,6200,0,0,100
body_state_setup,graph_sparse,100,99,26,400,0,0,0
machine_state_setup,graph_sparse,100,99,27,6000,0,0,100
body_state_setup,graph_sparse,100,99,27,400,0,0,0
machine_state_setup,graph_sparse,100,99,28,6000,0,0,100
body_state_setup,graph_sparse,100,99,28,300,0,0,0
machine_state_setup,graph_sparse,100,99,29,6100,0,0,100
body_state_setup,graph_sparse,100,99,29,600,0,0,0
machine_state_setup,graph_sparse,100,99,30,6000,0,0,100
body_state_setup,graph_sparse,100,99,30,400,0,0,0
machine_state_setup,graph_sparse,100,99,31,6000,0,0,100
body_state_setup,graph_sparse,100,99,31,400,0,0,0
machine_state_setup,graph_sparse,100,99,32,6100,0,0,100
body_state_setup,graph_sparse,100,99,32,500,0,0,0
machine_state_setup,graph_sparse,100,99,33,6100,0,0,100
body_state_setup,graph_sparse,100,99,33,400,0,0,0
machine_state_setup,graph_sparse,100,99,34,6100,0,0,100
body_state_setup,graph_sparse,100,99,34,400,0,0,0
machine_state_setup,graph_sparse,100,99,35,6000,0,0,100
body_state_setup,graph_sparse,100,99,35,300,0,0,0
machine_state_setup,graph_sparse,100,99,36,6000,0,0,100
body_state_setup,graph_sparse,100,99,36,400,0,0,0
machine_state_setup,graph_sparse,100,99,37,6000,0,0,100
body_state_setup,graph_sparse,100,99,37,500,0,0,0
machine_state_setup,graph_sparse,100,99,38,6100,0,0,100
body_state_setup,graph_sparse,100,99,38,300,0,0,0
machine_state_setup,graph_sparse,100,99,39,6000,0,0,100
body_state_setup,graph_sparse,100,99,39,400,0,0,0
fixture_generation,graph_chain,1000,999,0,68200,0,0,5000
fixture_generation,graph_chain,1000,999,1,66100,0,0,5000
fixture_generation,graph_chain,1000,999,2,66200,0,0,5000
fixture_generation,graph_chain,1000,999,3,68500,0,0,5000
fixture_generation,graph_chain,1000,999,4,65000,0,0,5000
fixture_generation,graph_chain,1000,999,5,70400,0,0,5000
fixture_generation,graph_chain,1000,999,6,66100,0,0,5000
fixture_generation,graph_chain,1000,999,7,65100,0,0,5000
fixture_generation,graph_chain,1000,999,8,66000,0,0,5000
fixture_generation,graph_chain,1000,999,9,66800,0,0,5000
fixture_generation,graph_chain,1000,999,10,65700,0,0,5000
fixture_generation,graph_chain,1000,999,11,65900,0,0,5000
fixture_generation,graph_chain,1000,999,12,66900,0,0,5000
fixture_generation,graph_chain,1000,999,13,67000,0,0,5000
fixture_generation,graph_chain,1000,999,14,65000,0,0,5000
fixture_generation,graph_chain,1000,999,15,66500,0,0,5000
fixture_generation,graph_chain,1000,999,16,65200,0,0,5000
fixture_generation,graph_chain,1000,999,17,65500,0,0,5000
fixture_generation,graph_chain,1000,999,18,66600,0,0,5000
fixture_generation,graph_chain,1000,999,19,69500,0,0,5000
plan_build,graph_chain,1000,999,0,1903500,0,0,11
plan_build,graph_chain,1000,999,1,1963000,0,0,11
plan_build,graph_chain,1000,999,2,1747000,0,0,11
plan_build,graph_chain,1000,999,3,1646900,0,0,11
plan_build,graph_chain,1000,999,4,1511900,0,0,11
plan_build,graph_chain,1000,999,5,1592000,0,0,11
plan_build,graph_chain,1000,999,6,1488800,0,0,11
plan_build,graph_chain,1000,999,7,1658400,0,0,11
plan_build,graph_chain,1000,999,8,1531300,0,0,11
plan_build,graph_chain,1000,999,9,1666800,0,0,11
plan_build,graph_chain,1000,999,10,1501800,0,0,11
plan_build,graph_chain,1000,999,11,1624000,0,0,11
plan_build,graph_chain,1000,999,12,1506600,0,0,11
plan_build,graph_chain,1000,999,13,1647400,0,0,11
plan_build,graph_chain,1000,999,14,1643400,0,0,11
plan_build,graph_chain,1000,999,15,1764600,0,0,11
plan_build,graph_chain,1000,999,16,1594500,0,0,11
plan_build,graph_chain,1000,999,17,1732100,0,0,11
plan_build,graph_chain,1000,999,18,1562700,0,0,11
plan_build,graph_chain,1000,999,19,1713300,0,0,11
plan_build_alloc,graph_chain,1000,999,0,0,12096,2527259,11
engine_execution,graph_chain,1000,999,0,10605600,0,0,1
engine_execution,graph_chain,1000,999,1,10518500,0,0,0
engine_execution,graph_chain,1000,999,2,10614400,0,0,3
engine_execution,graph_chain,1000,999,3,11040900,0,0,2
engine_execution,graph_chain,1000,999,4,10604600,0,0,5
engine_execution,graph_chain,1000,999,5,10386200,0,0,4
engine_execution,graph_chain,1000,999,6,10500600,0,0,7
engine_execution,graph_chain,1000,999,7,10452000,0,0,6
engine_execution,graph_chain,1000,999,8,10465500,0,0,9
engine_execution,graph_chain,1000,999,9,10361700,0,0,8
engine_execution,graph_chain,1000,999,10,10364000,0,0,11
engine_execution,graph_chain,1000,999,11,10243100,0,0,10
engine_execution,graph_chain,1000,999,12,10497900,0,0,13
engine_execution,graph_chain,1000,999,13,10357400,0,0,12
engine_execution,graph_chain,1000,999,14,10530900,0,0,15
engine_execution,graph_chain,1000,999,15,10422400,0,0,14
engine_execution,graph_chain,1000,999,16,10485900,0,0,17
engine_execution,graph_chain,1000,999,17,10369100,0,0,16
engine_execution,graph_chain,1000,999,18,10452600,0,0,19
engine_execution,graph_chain,1000,999,19,10589800,0,0,18
engine_execution,graph_chain,1000,999,20,10356700,0,0,21
engine_execution,graph_chain,1000,999,21,10342000,0,0,20
engine_execution,graph_chain,1000,999,22,10574300,0,0,23
engine_execution,graph_chain,1000,999,23,10356900,0,0,22
engine_execution,graph_chain,1000,999,24,10547000,0,0,25
engine_execution,graph_chain,1000,999,25,10302800,0,0,24
engine_execution,graph_chain,1000,999,26,10385700,0,0,27
engine_execution,graph_chain,1000,999,27,10292800,0,0,26
engine_execution,graph_chain,1000,999,28,10459200,0,0,29
engine_execution,graph_chain,1000,999,29,10288400,0,0,28
engine_execution,graph_chain,1000,999,30,10389100,0,0,31
engine_execution,graph_chain,1000,999,31,10279800,0,0,30
engine_execution,graph_chain,1000,999,32,10405800,0,0,33
engine_execution,graph_chain,1000,999,33,10386500,0,0,32
engine_execution,graph_chain,1000,999,34,10579500,0,0,35
engine_execution,graph_chain,1000,999,35,10353500,0,0,34
engine_execution,graph_chain,1000,999,36,10546300,0,0,37
engine_execution,graph_chain,1000,999,37,10491100,0,0,36
engine_execution,graph_chain,1000,999,38,10775400,0,0,39
engine_execution,graph_chain,1000,999,39,10618200,0,0,38
engine_execution_alloc,graph_chain,1000,999,0,0,52066,19479112,23131
machine_state_setup,graph_chain,1000,999,0,127800,0,0,1000
body_state_setup,graph_chain,1000,999,0,4800,0,0,0
machine_state_setup,graph_chain,1000,999,1,57400,0,0,1000
body_state_setup,graph_chain,1000,999,1,900,0,0,0
machine_state_setup,graph_chain,1000,999,2,56500,0,0,1000
body_state_setup,graph_chain,1000,999,2,700,0,0,0
machine_state_setup,graph_chain,1000,999,3,56700,0,0,1000
body_state_setup,graph_chain,1000,999,3,800,0,0,0
machine_state_setup,graph_chain,1000,999,4,56400,0,0,1000
body_state_setup,graph_chain,1000,999,4,700,0,0,0
machine_state_setup,graph_chain,1000,999,5,56800,0,0,1000
body_state_setup,graph_chain,1000,999,5,700,0,0,0
machine_state_setup,graph_chain,1000,999,6,56400,0,0,1000
body_state_setup,graph_chain,1000,999,6,700,0,0,0
machine_state_setup,graph_chain,1000,999,7,56600,0,0,1000
body_state_setup,graph_chain,1000,999,7,700,0,0,0
machine_state_setup,graph_chain,1000,999,8,56600,0,0,1000
body_state_setup,graph_chain,1000,999,8,800,0,0,0
machine_state_setup,graph_chain,1000,999,9,56700,0,0,1000
body_state_setup,graph_chain,1000,999,9,700,0,0,0
machine_state_setup,graph_chain,1000,999,10,56100,0,0,1000
body_state_setup,graph_chain,1000,999,10,700,0,0,0
machine_state_setup,graph_chain,1000,999,11,56800,0,0,1000
body_state_setup,graph_chain,1000,999,11,800,0,0,0
machine_state_setup,graph_chain,1000,999,12,56700,0,0,1000
body_state_setup,graph_chain,1000,999,12,700,0,0,0
machine_state_setup,graph_chain,1000,999,13,61200,0,0,1000
body_state_setup,graph_chain,1000,999,13,700,0,0,0
machine_state_setup,graph_chain,1000,999,14,60900,0,0,1000
body_state_setup,graph_chain,1000,999,14,700,0,0,0
machine_state_setup,graph_chain,1000,999,15,78100,0,0,1000
body_state_setup,graph_chain,1000,999,15,4600,0,0,0
machine_state_setup,graph_chain,1000,999,16,118100,0,0,1000
body_state_setup,graph_chain,1000,999,16,800,0,0,0
machine_state_setup,graph_chain,1000,999,17,61800,0,0,1000
body_state_setup,graph_chain,1000,999,17,800,0,0,0
machine_state_setup,graph_chain,1000,999,18,60900,0,0,1000
body_state_setup,graph_chain,1000,999,18,700,0,0,0
machine_state_setup,graph_chain,1000,999,19,56600,0,0,1000
body_state_setup,graph_chain,1000,999,19,600,0,0,0
machine_state_setup,graph_chain,1000,999,20,56000,0,0,1000
body_state_setup,graph_chain,1000,999,20,600,0,0,0
machine_state_setup,graph_chain,1000,999,21,56500,0,0,1000
body_state_setup,graph_chain,1000,999,21,700,0,0,0
machine_state_setup,graph_chain,1000,999,22,56200,0,0,1000
body_state_setup,graph_chain,1000,999,22,700,0,0,0
machine_state_setup,graph_chain,1000,999,23,56500,0,0,1000
body_state_setup,graph_chain,1000,999,23,600,0,0,0
machine_state_setup,graph_chain,1000,999,24,56100,0,0,1000
body_state_setup,graph_chain,1000,999,24,800,0,0,0
machine_state_setup,graph_chain,1000,999,25,56600,0,0,1000
body_state_setup,graph_chain,1000,999,25,700,0,0,0
machine_state_setup,graph_chain,1000,999,26,56300,0,0,1000
body_state_setup,graph_chain,1000,999,26,700,0,0,0
machine_state_setup,graph_chain,1000,999,27,56500,0,0,1000
body_state_setup,graph_chain,1000,999,27,700,0,0,0
machine_state_setup,graph_chain,1000,999,28,56300,0,0,1000
body_state_setup,graph_chain,1000,999,28,700,0,0,0
machine_state_setup,graph_chain,1000,999,29,57600,0,0,1000
body_state_setup,graph_chain,1000,999,29,800,0,0,0
machine_state_setup,graph_chain,1000,999,30,60300,0,0,1000
body_state_setup,graph_chain,1000,999,30,700,0,0,0
machine_state_setup,graph_chain,1000,999,31,56700,0,0,1000
body_state_setup,graph_chain,1000,999,31,600,0,0,0
machine_state_setup,graph_chain,1000,999,32,69500,0,0,1000
body_state_setup,graph_chain,1000,999,32,4600,0,0,0
machine_state_setup,graph_chain,1000,999,33,110300,0,0,1000
body_state_setup,graph_chain,1000,999,33,700,0,0,0
machine_state_setup,graph_chain,1000,999,34,56300,0,0,1000
body_state_setup,graph_chain,1000,999,34,700,0,0,0
machine_state_setup,graph_chain,1000,999,35,57200,0,0,1000
body_state_setup,graph_chain,1000,999,35,600,0,0,0
machine_state_setup,graph_chain,1000,999,36,56100,0,0,1000
body_state_setup,graph_chain,1000,999,36,700,0,0,0
machine_state_setup,graph_chain,1000,999,37,56600,0,0,1000
body_state_setup,graph_chain,1000,999,37,700,0,0,0
machine_state_setup,graph_chain,1000,999,38,56300,0,0,1000
body_state_setup,graph_chain,1000,999,38,700,0,0,0
machine_state_setup,graph_chain,1000,999,39,56500,0,0,1000
body_state_setup,graph_chain,1000,999,39,700,0,0,0
pure_machine_events_preseeded,graph_chain,1000,999,0,5442400,0,0,1001
pure_machine_events_preseeded,graph_chain,1000,999,1,5418500,0,0,1001
pure_machine_events_preseeded,graph_chain,1000,999,2,5424800,0,0,1001
pure_machine_events_preseeded,graph_chain,1000,999,3,5405800,0,0,1001
pure_machine_events_preseeded,graph_chain,1000,999,4,5418600,0,0,1001
pure_machine_events_preseeded,graph_chain,1000,999,5,5411400,0,0,1001
pure_machine_events_preseeded,graph_chain,1000,999,6,5418700,0,0,1001
pure_machine_events_preseeded,graph_chain,1000,999,7,6027700,0,0,1001
pure_machine_events_preseeded,graph_chain,1000,999,8,5399200,0,0,1001
pure_machine_events_preseeded,graph_chain,1000,999,9,5403400,0,0,1001
pure_machine_events_preseeded,graph_chain,1000,999,10,5510400,0,0,1001
pure_machine_events_preseeded,graph_chain,1000,999,11,5443600,0,0,1001
pure_machine_events_preseeded,graph_chain,1000,999,12,5396000,0,0,1001
pure_machine_events_preseeded,graph_chain,1000,999,13,5400400,0,0,1001
pure_machine_events_preseeded,graph_chain,1000,999,14,5387100,0,0,1001
pure_machine_events_preseeded,graph_chain,1000,999,15,5390200,0,0,1001
pure_machine_events_preseeded,graph_chain,1000,999,16,5395500,0,0,1001
pure_machine_events_preseeded,graph_chain,1000,999,17,5421100,0,0,1001
pure_machine_events_preseeded,graph_chain,1000,999,18,5390100,0,0,1001
pure_machine_events_preseeded,graph_chain,1000,999,19,5392600,0,0,1001
pure_machine_events_preseeded,graph_chain,1000,999,20,5385600,0,0,1001
pure_machine_events_preseeded,graph_chain,1000,999,21,5384700,0,0,1001
pure_machine_events_preseeded,graph_chain,1000,999,22,5420800,0,0,1001
pure_machine_events_preseeded,graph_chain,1000,999,23,5394700,0,0,1001
pure_machine_events_preseeded,graph_chain,1000,999,24,5402800,0,0,1001
pure_machine_events_preseeded,graph_chain,1000,999,25,5383100,0,0,1001
pure_machine_events_preseeded,graph_chain,1000,999,26,5384400,0,0,1001
pure_machine_events_preseeded,graph_chain,1000,999,27,5386500,0,0,1001
pure_machine_events_preseeded,graph_chain,1000,999,28,5421900,0,0,1001
pure_machine_events_preseeded,graph_chain,1000,999,29,5386400,0,0,1001
pure_machine_events_preseeded,graph_chain,1000,999,30,5391000,0,0,1001
pure_machine_events_preseeded,graph_chain,1000,999,31,5393400,0,0,1001
pure_machine_events_preseeded,graph_chain,1000,999,32,5384200,0,0,1001
pure_machine_events_preseeded,graph_chain,1000,999,33,5404300,0,0,1001
pure_machine_events_preseeded,graph_chain,1000,999,34,5392800,0,0,1001
pure_machine_events_preseeded,graph_chain,1000,999,35,5389700,0,0,1001
pure_machine_events_preseeded,graph_chain,1000,999,36,5395500,0,0,1001
pure_machine_events_preseeded,graph_chain,1000,999,37,5390200,0,0,1001
pure_machine_events_preseeded,graph_chain,1000,999,38,5396400,0,0,1001
pure_machine_events_preseeded,graph_chain,1000,999,39,5416800,0,0,1001
fixture_generation,graph_wide,1000,999,0,68100,0,0,5000
fixture_generation,graph_wide,1000,999,1,63200,0,0,5000
fixture_generation,graph_wide,1000,999,2,62900,0,0,5000
fixture_generation,graph_wide,1000,999,3,62900,0,0,5000
fixture_generation,graph_wide,1000,999,4,63000,0,0,5000
fixture_generation,graph_wide,1000,999,5,62800,0,0,5000
fixture_generation,graph_wide,1000,999,6,66100,0,0,5000
fixture_generation,graph_wide,1000,999,7,63300,0,0,5000
fixture_generation,graph_wide,1000,999,8,62900,0,0,5000
fixture_generation,graph_wide,1000,999,9,63000,0,0,5000
fixture_generation,graph_wide,1000,999,10,62700,0,0,5000
fixture_generation,graph_wide,1000,999,11,62900,0,0,5000
fixture_generation,graph_wide,1000,999,12,63100,0,0,5000
fixture_generation,graph_wide,1000,999,13,62900,0,0,5000
fixture_generation,graph_wide,1000,999,14,62600,0,0,5000
fixture_generation,graph_wide,1000,999,15,62800,0,0,5000
fixture_generation,graph_wide,1000,999,16,65600,0,0,5000
fixture_generation,graph_wide,1000,999,17,62700,0,0,5000
fixture_generation,graph_wide,1000,999,18,62700,0,0,5000
fixture_generation,graph_wide,1000,999,19,63000,0,0,5000
plan_build,graph_wide,1000,999,0,2087500,0,0,10
plan_build,graph_wide,1000,999,1,1919000,0,0,10
plan_build,graph_wide,1000,999,2,1781500,0,0,10
plan_build,graph_wide,1000,999,3,1845300,0,0,10
plan_build,graph_wide,1000,999,4,1677100,0,0,10
plan_build,graph_wide,1000,999,5,1849900,0,0,10
plan_build,graph_wide,1000,999,6,1650500,0,0,10
plan_build,graph_wide,1000,999,7,1827200,0,0,10
plan_build,graph_wide,1000,999,8,1643000,0,0,10
plan_build,graph_wide,1000,999,9,1875800,0,0,10
plan_build,graph_wide,1000,999,10,1636700,0,0,10
plan_build,graph_wide,1000,999,11,1833600,0,0,10
plan_build,graph_wide,1000,999,12,1795100,0,0,10
plan_build,graph_wide,1000,999,13,1852900,0,0,10
plan_build,graph_wide,1000,999,14,1886300,0,0,10
plan_build,graph_wide,1000,999,15,1799700,0,0,10
plan_build,graph_wide,1000,999,16,1869400,0,0,10
plan_build,graph_wide,1000,999,17,1818100,0,0,10
plan_build,graph_wide,1000,999,18,1736800,0,0,10
plan_build,graph_wide,1000,999,19,1826200,0,0,10
plan_build_alloc,graph_wide,1000,999,0,0,11106,2511641,10
engine_execution,graph_wide,1000,999,0,7553500,0,0,998
engine_execution,graph_wide,1000,999,1,7575600,0,0,999
engine_execution,graph_wide,1000,999,2,7476900,0,0,996
engine_execution,graph_wide,1000,999,3,8167100,0,0,997
engine_execution,graph_wide,1000,999,4,7545400,0,0,994
engine_execution,graph_wide,1000,999,5,7511700,0,0,995
engine_execution,graph_wide,1000,999,6,7660500,0,0,992
engine_execution,graph_wide,1000,999,7,7576600,0,0,993
engine_execution,graph_wide,1000,999,8,7516400,0,0,1006
engine_execution,graph_wide,1000,999,9,7740400,0,0,1007
engine_execution,graph_wide,1000,999,10,7972600,0,0,1004
engine_execution,graph_wide,1000,999,11,7527700,0,0,1005
engine_execution,graph_wide,1000,999,12,7417700,0,0,1002
engine_execution,graph_wide,1000,999,13,7632100,0,0,1003
engine_execution,graph_wide,1000,999,14,7545400,0,0,1000
engine_execution,graph_wide,1000,999,15,7612500,0,0,1001
engine_execution,graph_wide,1000,999,16,7428400,0,0,1014
engine_execution,graph_wide,1000,999,17,7417000,0,0,1015
engine_execution,graph_wide,1000,999,18,7523700,0,0,1012
engine_execution,graph_wide,1000,999,19,7536600,0,0,1013
engine_execution,graph_wide,1000,999,20,7492200,0,0,1010
engine_execution,graph_wide,1000,999,21,7551200,0,0,1011
engine_execution,graph_wide,1000,999,22,7543700,0,0,1008
engine_execution,graph_wide,1000,999,23,7551900,0,0,1009
engine_execution,graph_wide,1000,999,24,7560600,0,0,1022
engine_execution,graph_wide,1000,999,25,7878300,0,0,1023
engine_execution,graph_wide,1000,999,26,7543500,0,0,1020
engine_execution,graph_wide,1000,999,27,7568200,0,0,1021
engine_execution,graph_wide,1000,999,28,8419800,0,0,1018
engine_execution,graph_wide,1000,999,29,7460200,0,0,1019
engine_execution,graph_wide,1000,999,30,7668000,0,0,1016
engine_execution,graph_wide,1000,999,31,7466700,0,0,1017
engine_execution,graph_wide,1000,999,32,7481400,0,0,966
engine_execution,graph_wide,1000,999,33,7502200,0,0,967
engine_execution,graph_wide,1000,999,34,7671500,0,0,964
engine_execution,graph_wide,1000,999,35,7606700,0,0,965
engine_execution,graph_wide,1000,999,36,7554400,0,0,962
engine_execution,graph_wide,1000,999,37,8017900,0,0,963
engine_execution,graph_wide,1000,999,38,7837900,0,0,960
engine_execution,graph_wide,1000,999,39,7591800,0,0,961
engine_execution_alloc,graph_wide,1000,999,0,0,49161,11818647,22972
machine_state_setup,graph_wide,1000,999,0,147400,0,0,1000
body_state_setup,graph_wide,1000,999,0,6400,0,0,0
machine_state_setup,graph_wide,1000,999,1,57100,0,0,1000
body_state_setup,graph_wide,1000,999,1,800,0,0,0
machine_state_setup,graph_wide,1000,999,2,75400,0,0,1000
body_state_setup,graph_wide,1000,999,2,5700,0,0,0
machine_state_setup,graph_wide,1000,999,3,124900,0,0,1000
body_state_setup,graph_wide,1000,999,3,800,0,0,0
machine_state_setup,graph_wide,1000,999,4,56500,0,0,1000
body_state_setup,graph_wide,1000,999,4,800,0,0,0
machine_state_setup,graph_wide,1000,999,5,56700,0,0,1000
body_state_setup,graph_wide,1000,999,5,600,0,0,0
machine_state_setup,graph_wide,1000,999,6,60000,0,0,1000
body_state_setup,graph_wide,1000,999,6,900,0,0,0
machine_state_setup,graph_wide,1000,999,7,56300,0,0,1000
body_state_setup,graph_wide,1000,999,7,600,0,0,0
machine_state_setup,graph_wide,1000,999,8,57000,0,0,1000
body_state_setup,graph_wide,1000,999,8,700,0,0,0
machine_state_setup,graph_wide,1000,999,9,56700,0,0,1000
body_state_setup,graph_wide,1000,999,9,900,0,0,0
machine_state_setup,graph_wide,1000,999,10,60800,0,0,1000
body_state_setup,graph_wide,1000,999,10,900,0,0,0
machine_state_setup,graph_wide,1000,999,11,61100,0,0,1000
body_state_setup,graph_wide,1000,999,11,800,0,0,0
machine_state_setup,graph_wide,1000,999,12,61000,0,0,1000
body_state_setup,graph_wide,1000,999,12,700,0,0,0
machine_state_setup,graph_wide,1000,999,13,59900,0,0,1000
body_state_setup,graph_wide,1000,999,13,600,0,0,0
machine_state_setup,graph_wide,1000,999,14,56200,0,0,1000
body_state_setup,graph_wide,1000,999,14,700,0,0,0
machine_state_setup,graph_wide,1000,999,15,56200,0,0,1000
body_state_setup,graph_wide,1000,999,15,700,0,0,0
machine_state_setup,graph_wide,1000,999,16,56600,0,0,1000
body_state_setup,graph_wide,1000,999,16,600,0,0,0
machine_state_setup,graph_wide,1000,999,17,56600,0,0,1000
body_state_setup,graph_wide,1000,999,17,700,0,0,0
machine_state_setup,graph_wide,1000,999,18,56200,0,0,1000
body_state_setup,graph_wide,1000,999,18,800,0,0,0
machine_state_setup,graph_wide,1000,999,19,56100,0,0,1000
body_state_setup,graph_wide,1000,999,19,700,0,0,0
machine_state_setup,graph_wide,1000,999,20,56400,0,0,1000
body_state_setup,graph_wide,1000,999,20,700,0,0,0
machine_state_setup,graph_wide,1000,999,21,56900,0,0,1000
body_state_setup,graph_wide,1000,999,21,700,0,0,0
machine_state_setup,graph_wide,1000,999,22,63400,0,0,1000
body_state_setup,graph_wide,1000,999,22,800,0,0,0
machine_state_setup,graph_wide,1000,999,23,56300,0,0,1000
body_state_setup,graph_wide,1000,999,23,700,0,0,0
machine_state_setup,graph_wide,1000,999,24,56500,0,0,1000
body_state_setup,graph_wide,1000,999,24,700,0,0,0
machine_state_setup,graph_wide,1000,999,25,56700,0,0,1000
body_state_setup,graph_wide,1000,999,25,600,0,0,0
machine_state_setup,graph_wide,1000,999,26,56100,0,0,1000
body_state_setup,graph_wide,1000,999,26,600,0,0,0
machine_state_setup,graph_wide,1000,999,27,56600,0,0,1000
body_state_setup,graph_wide,1000,999,27,700,0,0,0
machine_state_setup,graph_wide,1000,999,28,56900,0,0,1000
body_state_setup,graph_wide,1000,999,28,700,0,0,0
machine_state_setup,graph_wide,1000,999,29,57100,0,0,1000
body_state_setup,graph_wide,1000,999,29,700,0,0,0
machine_state_setup,graph_wide,1000,999,30,56600,0,0,1000
body_state_setup,graph_wide,1000,999,30,600,0,0,0
machine_state_setup,graph_wide,1000,999,31,56400,0,0,1000
body_state_setup,graph_wide,1000,999,31,700,0,0,0
machine_state_setup,graph_wide,1000,999,32,56700,0,0,1000
body_state_setup,graph_wide,1000,999,32,600,0,0,0
machine_state_setup,graph_wide,1000,999,33,56300,0,0,1000
body_state_setup,graph_wide,1000,999,33,700,0,0,0
machine_state_setup,graph_wide,1000,999,34,56400,0,0,1000
body_state_setup,graph_wide,1000,999,34,800,0,0,0
machine_state_setup,graph_wide,1000,999,35,72000,0,0,1000
body_state_setup,graph_wide,1000,999,35,6100,0,0,0
machine_state_setup,graph_wide,1000,999,36,123500,0,0,1000
body_state_setup,graph_wide,1000,999,36,700,0,0,0
machine_state_setup,graph_wide,1000,999,37,56900,0,0,1000
body_state_setup,graph_wide,1000,999,37,700,0,0,0
machine_state_setup,graph_wide,1000,999,38,56400,0,0,1000
body_state_setup,graph_wide,1000,999,38,800,0,0,0
machine_state_setup,graph_wide,1000,999,39,59400,0,0,1000
body_state_setup,graph_wide,1000,999,39,700,0,0,0
fixture_generation,graph_sparse,1000,999,0,64100,0,0,5000
fixture_generation,graph_sparse,1000,999,1,63400,0,0,5000
fixture_generation,graph_sparse,1000,999,2,63300,0,0,5000
fixture_generation,graph_sparse,1000,999,3,63700,0,0,5000
fixture_generation,graph_sparse,1000,999,4,63200,0,0,5000
fixture_generation,graph_sparse,1000,999,5,63800,0,0,5000
fixture_generation,graph_sparse,1000,999,6,63700,0,0,5000
fixture_generation,graph_sparse,1000,999,7,64200,0,0,5000
fixture_generation,graph_sparse,1000,999,8,63600,0,0,5000
fixture_generation,graph_sparse,1000,999,9,63600,0,0,5000
fixture_generation,graph_sparse,1000,999,10,64100,0,0,5000
fixture_generation,graph_sparse,1000,999,11,63200,0,0,5000
fixture_generation,graph_sparse,1000,999,12,63300,0,0,5000
fixture_generation,graph_sparse,1000,999,13,63400,0,0,5000
fixture_generation,graph_sparse,1000,999,14,63300,0,0,5000
fixture_generation,graph_sparse,1000,999,15,65700,0,0,5000
fixture_generation,graph_sparse,1000,999,16,68200,0,0,5000
fixture_generation,graph_sparse,1000,999,17,63900,0,0,5000
fixture_generation,graph_sparse,1000,999,18,63800,0,0,5000
fixture_generation,graph_sparse,1000,999,19,64100,0,0,5000
plan_build,graph_sparse,1000,999,0,1735500,0,0,12
plan_build,graph_sparse,1000,999,1,1661800,0,0,12
plan_build,graph_sparse,1000,999,2,1526600,0,0,12
plan_build,graph_sparse,1000,999,3,1532200,0,0,12
plan_build,graph_sparse,1000,999,4,1658900,0,0,12
plan_build,graph_sparse,1000,999,5,1617100,0,0,12
plan_build,graph_sparse,1000,999,6,1543900,0,0,12
plan_build,graph_sparse,1000,999,7,1511100,0,0,12
plan_build,graph_sparse,1000,999,8,1687000,0,0,12
plan_build,graph_sparse,1000,999,9,1630100,0,0,12
plan_build,graph_sparse,1000,999,10,1747500,0,0,12
plan_build,graph_sparse,1000,999,11,1647800,0,0,12
plan_build,graph_sparse,1000,999,12,1655700,0,0,12
plan_build,graph_sparse,1000,999,13,1669100,0,0,12
plan_build,graph_sparse,1000,999,14,1559300,0,0,12
plan_build,graph_sparse,1000,999,15,1602000,0,0,12
plan_build,graph_sparse,1000,999,16,1649400,0,0,12
plan_build,graph_sparse,1000,999,17,1515600,0,0,12
plan_build,graph_sparse,1000,999,18,1158400,0,0,12
plan_build,graph_sparse,1000,999,19,1146500,0,0,12
plan_build_alloc,graph_sparse,1000,999,0,0,11597,2511293,12
engine_execution,graph_sparse,1000,999,0,8895600,0,0,697
engine_execution,graph_sparse,1000,999,1,9032000,0,0,696
engine_execution,graph_sparse,1000,999,2,8880300,0,0,699
engine_execution,graph_sparse,1000,999,3,9164800,0,0,698
engine_execution,graph_sparse,1000,999,4,9078400,0,0,701
engine_execution,graph_sparse,1000,999,5,9047900,0,0,700
engine_execution,graph_sparse,1000,999,6,8866000,0,0,703
engine_execution,graph_sparse,1000,999,7,9179400,0,0,702
engine_execution,graph_sparse,1000,999,8,9233000,0,0,689
engine_execution,graph_sparse,1000,999,9,8995200,0,0,688
engine_execution,graph_sparse,1000,999,10,8875500,0,0,691
engine_execution,graph_sparse,1000,999,11,8954800,0,0,690
engine_execution,graph_sparse,1000,999,12,8866500,0,0,693
engine_execution,graph_sparse,1000,999,13,9044000,0,0,692
engine_execution,graph_sparse,1000,999,14,8864200,0,0,695
engine_execution,graph_sparse,1000,999,15,9075500,0,0,694
engine_execution,graph_sparse,1000,999,16,8944500,0,0,681
engine_execution,graph_sparse,1000,999,17,9080300,0,0,680
engine_execution,graph_sparse,1000,999,18,8937300,0,0,683
engine_execution,graph_sparse,1000,999,19,9094500,0,0,682
engine_execution,graph_sparse,1000,999,20,8892700,0,0,685
engine_execution,graph_sparse,1000,999,21,8992700,0,0,684
engine_execution,graph_sparse,1000,999,22,8926400,0,0,687
engine_execution,graph_sparse,1000,999,23,9116600,0,0,686
engine_execution,graph_sparse,1000,999,24,9002500,0,0,673
engine_execution,graph_sparse,1000,999,25,9194400,0,0,672
engine_execution,graph_sparse,1000,999,26,8581400,0,0,675
engine_execution,graph_sparse,1000,999,27,9313800,0,0,674
engine_execution,graph_sparse,1000,999,28,8874500,0,0,677
engine_execution,graph_sparse,1000,999,29,8996900,0,0,676
engine_execution,graph_sparse,1000,999,30,8631000,0,0,679
engine_execution,graph_sparse,1000,999,31,9061800,0,0,678
engine_execution,graph_sparse,1000,999,32,8911100,0,0,665
engine_execution,graph_sparse,1000,999,33,9178900,0,0,664
engine_execution,graph_sparse,1000,999,34,8575200,0,0,667
engine_execution,graph_sparse,1000,999,35,9000600,0,0,666
engine_execution,graph_sparse,1000,999,36,8844200,0,0,669
engine_execution,graph_sparse,1000,999,37,9084800,0,0,668
engine_execution,graph_sparse,1000,999,38,9011000,0,0,671
engine_execution,graph_sparse,1000,999,39,8949600,0,0,670
engine_execution_alloc,graph_sparse,1000,999,0,0,51106,15733289,22755
machine_state_setup,graph_sparse,1000,999,0,143900,0,0,1000
body_state_setup,graph_sparse,1000,999,0,6300,0,0,0
machine_state_setup,graph_sparse,1000,999,1,57600,0,0,1000
body_state_setup,graph_sparse,1000,999,1,800,0,0,0
machine_state_setup,graph_sparse,1000,999,2,56100,0,0,1000
body_state_setup,graph_sparse,1000,999,2,700,0,0,0
machine_state_setup,graph_sparse,1000,999,3,56200,0,0,1000
body_state_setup,graph_sparse,1000,999,3,700,0,0,0
machine_state_setup,graph_sparse,1000,999,4,56400,0,0,1000
body_state_setup,graph_sparse,1000,999,4,800,0,0,0
machine_state_setup,graph_sparse,1000,999,5,57000,0,0,1000
body_state_setup,graph_sparse,1000,999,5,700,0,0,0
machine_state_setup,graph_sparse,1000,999,6,55900,0,0,1000
body_state_setup,graph_sparse,1000,999,6,700,0,0,0
machine_state_setup,graph_sparse,1000,999,7,56800,0,0,1000
body_state_setup,graph_sparse,1000,999,7,700,0,0,0
machine_state_setup,graph_sparse,1000,999,8,56200,0,0,1000
body_state_setup,graph_sparse,1000,999,8,600,0,0,0
machine_state_setup,graph_sparse,1000,999,9,56000,0,0,1000
body_state_setup,graph_sparse,1000,999,9,700,0,0,0
machine_state_setup,graph_sparse,1000,999,10,56100,0,0,1000
body_state_setup,graph_sparse,1000,999,10,700,0,0,0
machine_state_setup,graph_sparse,1000,999,11,56800,0,0,1000
body_state_setup,graph_sparse,1000,999,11,700,0,0,0
machine_state_setup,graph_sparse,1000,999,12,56000,0,0,1000
body_state_setup,graph_sparse,1000,999,12,700,0,0,0
machine_state_setup,graph_sparse,1000,999,13,56600,0,0,1000
body_state_setup,graph_sparse,1000,999,13,700,0,0,0
machine_state_setup,graph_sparse,1000,999,14,55900,0,0,1000
body_state_setup,graph_sparse,1000,999,14,800,0,0,0
machine_state_setup,graph_sparse,1000,999,15,56000,0,0,1000
body_state_setup,graph_sparse,1000,999,15,700,0,0,0
machine_state_setup,graph_sparse,1000,999,16,56000,0,0,1000
body_state_setup,graph_sparse,1000,999,16,700,0,0,0
machine_state_setup,graph_sparse,1000,999,17,56500,0,0,1000
body_state_setup,graph_sparse,1000,999,17,800,0,0,0
machine_state_setup,graph_sparse,1000,999,18,56100,0,0,1000
body_state_setup,graph_sparse,1000,999,18,800,0,0,0
machine_state_setup,graph_sparse,1000,999,19,57000,0,0,1000
body_state_setup,graph_sparse,1000,999,19,800,0,0,0
machine_state_setup,graph_sparse,1000,999,20,56100,0,0,1000
body_state_setup,graph_sparse,1000,999,20,700,0,0,0
machine_state_setup,graph_sparse,1000,999,21,55900,0,0,1000
body_state_setup,graph_sparse,1000,999,21,700,0,0,0
machine_state_setup,graph_sparse,1000,999,22,55900,0,0,1000
body_state_setup,graph_sparse,1000,999,22,700,0,0,0
machine_state_setup,graph_sparse,1000,999,23,59400,0,0,1000
body_state_setup,graph_sparse,1000,999,23,800,0,0,0
machine_state_setup,graph_sparse,1000,999,24,56100,0,0,1000
body_state_setup,graph_sparse,1000,999,24,700,0,0,0
machine_state_setup,graph_sparse,1000,999,25,56700,0,0,1000
body_state_setup,graph_sparse,1000,999,25,700,0,0,0
machine_state_setup,graph_sparse,1000,999,26,56300,0,0,1000
body_state_setup,graph_sparse,1000,999,26,700,0,0,0
machine_state_setup,graph_sparse,1000,999,27,56000,0,0,1000
body_state_setup,graph_sparse,1000,999,27,700,0,0,0
machine_state_setup,graph_sparse,1000,999,28,56100,0,0,1000
body_state_setup,graph_sparse,1000,999,28,800,0,0,0
machine_state_setup,graph_sparse,1000,999,29,56700,0,0,1000
body_state_setup,graph_sparse,1000,999,29,700,0,0,0
machine_state_setup,graph_sparse,1000,999,30,56200,0,0,1000
body_state_setup,graph_sparse,1000,999,30,700,0,0,0
machine_state_setup,graph_sparse,1000,999,31,56300,0,0,1000
body_state_setup,graph_sparse,1000,999,31,700,0,0,0
machine_state_setup,graph_sparse,1000,999,32,56100,0,0,1000
body_state_setup,graph_sparse,1000,999,32,700,0,0,0
machine_state_setup,graph_sparse,1000,999,33,56000,0,0,1000
body_state_setup,graph_sparse,1000,999,33,700,0,0,0
machine_state_setup,graph_sparse,1000,999,34,56000,0,0,1000
body_state_setup,graph_sparse,1000,999,34,700,0,0,0
machine_state_setup,graph_sparse,1000,999,35,56900,0,0,1000
body_state_setup,graph_sparse,1000,999,35,700,0,0,0
machine_state_setup,graph_sparse,1000,999,36,55900,0,0,1000
body_state_setup,graph_sparse,1000,999,36,800,0,0,0
machine_state_setup,graph_sparse,1000,999,37,57000,0,0,1000
body_state_setup,graph_sparse,1000,999,37,700,0,0,0
machine_state_setup,graph_sparse,1000,999,38,96500,0,0,1000
body_state_setup,graph_sparse,1000,999,38,700,0,0,0
machine_state_setup,graph_sparse,1000,999,39,56000,0,0,1000
body_state_setup,graph_sparse,1000,999,39,700,0,0,0
fixture_generation,tiny_yield_chain,1,0,0,1400,0,0,5
fixture_generation,tiny_yield_chain,1,0,1,200,0,0,5
fixture_generation,tiny_yield_chain,1,0,2,200,0,0,5
fixture_generation,tiny_yield_chain,1,0,3,200,0,0,5
fixture_generation,tiny_yield_chain,1,0,4,200,0,0,5
fixture_generation,tiny_yield_chain,1,0,5,100,0,0,5
fixture_generation,tiny_yield_chain,1,0,6,100,0,0,5
fixture_generation,tiny_yield_chain,1,0,7,200,0,0,5
fixture_generation,tiny_yield_chain,1,0,8,200,0,0,5
fixture_generation,tiny_yield_chain,1,0,9,100,0,0,5
fixture_generation,tiny_yield_chain,1,0,10,100,0,0,5
fixture_generation,tiny_yield_chain,1,0,11,200,0,0,5
fixture_generation,tiny_yield_chain,1,0,12,200,0,0,5
fixture_generation,tiny_yield_chain,1,0,13,100,0,0,5
fixture_generation,tiny_yield_chain,1,0,14,100,0,0,5
fixture_generation,tiny_yield_chain,1,0,15,200,0,0,5
fixture_generation,tiny_yield_chain,1,0,16,200,0,0,5
fixture_generation,tiny_yield_chain,1,0,17,100,0,0,5
fixture_generation,tiny_yield_chain,1,0,18,100,0,0,5
fixture_generation,tiny_yield_chain,1,0,19,200,0,0,5
plan_build,tiny_yield_chain,1,0,0,19800,0,0,11
plan_build,tiny_yield_chain,1,0,1,3400,0,0,11
plan_build,tiny_yield_chain,1,0,2,1900,0,0,11
plan_build,tiny_yield_chain,1,0,3,1900,0,0,11
plan_build,tiny_yield_chain,1,0,4,1600,0,0,11
plan_build,tiny_yield_chain,1,0,5,1400,0,0,11
plan_build,tiny_yield_chain,1,0,6,1300,0,0,11
plan_build,tiny_yield_chain,1,0,7,1400,0,0,11
plan_build,tiny_yield_chain,1,0,8,1500,0,0,11
plan_build,tiny_yield_chain,1,0,9,1300,0,0,11
plan_build,tiny_yield_chain,1,0,10,1200,0,0,11
plan_build,tiny_yield_chain,1,0,11,1400,0,0,11
plan_build,tiny_yield_chain,1,0,12,1200,0,0,11
plan_build,tiny_yield_chain,1,0,13,1200,0,0,11
plan_build,tiny_yield_chain,1,0,14,1100,0,0,11
plan_build,tiny_yield_chain,1,0,15,1200,0,0,11
plan_build,tiny_yield_chain,1,0,16,1300,0,0,11
plan_build,tiny_yield_chain,1,0,17,1200,0,0,11
plan_build,tiny_yield_chain,1,0,18,1200,0,0,11
plan_build,tiny_yield_chain,1,0,19,1200,0,0,11
plan_build_alloc,tiny_yield_chain,1,0,0,0,36,6722,11
engine_execution,tiny_yield_chain,1,0,0,5000,0,0,1
engine_execution,tiny_yield_chain,1,0,1,5200,0,0,0
engine_execution,tiny_yield_chain,1,0,2,5100,0,0,3
engine_execution,tiny_yield_chain,1,0,3,5200,0,0,2
engine_execution,tiny_yield_chain,1,0,4,5100,0,0,5
engine_execution,tiny_yield_chain,1,0,5,5000,0,0,4
engine_execution,tiny_yield_chain,1,0,6,5200,0,0,7
engine_execution,tiny_yield_chain,1,0,7,5200,0,0,6
engine_execution,tiny_yield_chain,1,0,8,5100,0,0,9
engine_execution,tiny_yield_chain,1,0,9,5000,0,0,8
engine_execution,tiny_yield_chain,1,0,10,5200,0,0,11
engine_execution,tiny_yield_chain,1,0,11,5100,0,0,10
engine_execution,tiny_yield_chain,1,0,12,5000,0,0,13
engine_execution,tiny_yield_chain,1,0,13,5100,0,0,12
engine_execution,tiny_yield_chain,1,0,14,5200,0,0,15
engine_execution,tiny_yield_chain,1,0,15,5100,0,0,14
engine_execution,tiny_yield_chain,1,0,16,5100,0,0,17
engine_execution,tiny_yield_chain,1,0,17,5100,0,0,16
engine_execution,tiny_yield_chain,1,0,18,5000,0,0,19
engine_execution,tiny_yield_chain,1,0,19,5000,0,0,18
engine_execution,tiny_yield_chain,1,0,20,5000,0,0,21
engine_execution,tiny_yield_chain,1,0,21,5000,0,0,20
engine_execution,tiny_yield_chain,1,0,22,5200,0,0,23
engine_execution,tiny_yield_chain,1,0,23,5100,0,0,22
engine_execution,tiny_yield_chain,1,0,24,5100,0,0,25
engine_execution,tiny_yield_chain,1,0,25,5200,0,0,24
engine_execution,tiny_yield_chain,1,0,26,5300,0,0,27
engine_execution,tiny_yield_chain,1,0,27,5000,0,0,26
engine_execution,tiny_yield_chain,1,0,28,5000,0,0,29
engine_execution,tiny_yield_chain,1,0,29,5100,0,0,28
engine_execution,tiny_yield_chain,1,0,30,5200,0,0,31
engine_execution,tiny_yield_chain,1,0,31,5000,0,0,30
engine_execution,tiny_yield_chain,1,0,32,5000,0,0,33
engine_execution,tiny_yield_chain,1,0,33,5200,0,0,32
engine_execution,tiny_yield_chain,1,0,34,5100,0,0,35
engine_execution,tiny_yield_chain,1,0,35,5000,0,0,34
engine_execution,tiny_yield_chain,1,0,36,5100,0,0,37
engine_execution,tiny_yield_chain,1,0,37,5200,0,0,36
engine_execution,tiny_yield_chain,1,0,38,5100,0,0,39
engine_execution,tiny_yield_chain,1,0,39,5200,0,0,38
engine_execution_alloc,tiny_yield_chain,1,0,0,0,99,11356,23131
machine_state_setup,tiny_yield_chain,1,0,0,300,0,0,1
body_state_setup,tiny_yield_chain,1,0,0,300,0,0,0
machine_state_setup,tiny_yield_chain,1,0,1,200,0,0,1
body_state_setup,tiny_yield_chain,1,0,1,300,0,0,0
machine_state_setup,tiny_yield_chain,1,0,2,200,0,0,1
body_state_setup,tiny_yield_chain,1,0,2,300,0,0,0
machine_state_setup,tiny_yield_chain,1,0,3,200,0,0,1
body_state_setup,tiny_yield_chain,1,0,3,200,0,0,0
machine_state_setup,tiny_yield_chain,1,0,4,200,0,0,1
body_state_setup,tiny_yield_chain,1,0,4,300,0,0,0
machine_state_setup,tiny_yield_chain,1,0,5,200,0,0,1
body_state_setup,tiny_yield_chain,1,0,5,200,0,0,0
machine_state_setup,tiny_yield_chain,1,0,6,200,0,0,1
body_state_setup,tiny_yield_chain,1,0,6,200,0,0,0
machine_state_setup,tiny_yield_chain,1,0,7,200,0,0,1
body_state_setup,tiny_yield_chain,1,0,7,300,0,0,0
machine_state_setup,tiny_yield_chain,1,0,8,200,0,0,1
body_state_setup,tiny_yield_chain,1,0,8,300,0,0,0
machine_state_setup,tiny_yield_chain,1,0,9,200,0,0,1
body_state_setup,tiny_yield_chain,1,0,9,200,0,0,0
machine_state_setup,tiny_yield_chain,1,0,10,200,0,0,1
body_state_setup,tiny_yield_chain,1,0,10,200,0,0,0
machine_state_setup,tiny_yield_chain,1,0,11,200,0,0,1
body_state_setup,tiny_yield_chain,1,0,11,200,0,0,0
machine_state_setup,tiny_yield_chain,1,0,12,300,0,0,1
body_state_setup,tiny_yield_chain,1,0,12,200,0,0,0
machine_state_setup,tiny_yield_chain,1,0,13,200,0,0,1
body_state_setup,tiny_yield_chain,1,0,13,200,0,0,0
machine_state_setup,tiny_yield_chain,1,0,14,200,0,0,1
body_state_setup,tiny_yield_chain,1,0,14,200,0,0,0
machine_state_setup,tiny_yield_chain,1,0,15,200,0,0,1
body_state_setup,tiny_yield_chain,1,0,15,200,0,0,0
machine_state_setup,tiny_yield_chain,1,0,16,200,0,0,1
body_state_setup,tiny_yield_chain,1,0,16,200,0,0,0
machine_state_setup,tiny_yield_chain,1,0,17,200,0,0,1
body_state_setup,tiny_yield_chain,1,0,17,200,0,0,0
machine_state_setup,tiny_yield_chain,1,0,18,200,0,0,1
body_state_setup,tiny_yield_chain,1,0,18,200,0,0,0
machine_state_setup,tiny_yield_chain,1,0,19,200,0,0,1
body_state_setup,tiny_yield_chain,1,0,19,200,0,0,0
machine_state_setup,tiny_yield_chain,1,0,20,200,0,0,1
body_state_setup,tiny_yield_chain,1,0,20,200,0,0,0
machine_state_setup,tiny_yield_chain,1,0,21,300,0,0,1
body_state_setup,tiny_yield_chain,1,0,21,200,0,0,0
machine_state_setup,tiny_yield_chain,1,0,22,200,0,0,1
body_state_setup,tiny_yield_chain,1,0,22,200,0,0,0
machine_state_setup,tiny_yield_chain,1,0,23,200,0,0,1
body_state_setup,tiny_yield_chain,1,0,23,200,0,0,0
machine_state_setup,tiny_yield_chain,1,0,24,200,0,0,1
body_state_setup,tiny_yield_chain,1,0,24,200,0,0,0
machine_state_setup,tiny_yield_chain,1,0,25,200,0,0,1
body_state_setup,tiny_yield_chain,1,0,25,300,0,0,0
machine_state_setup,tiny_yield_chain,1,0,26,200,0,0,1
body_state_setup,tiny_yield_chain,1,0,26,300,0,0,0
machine_state_setup,tiny_yield_chain,1,0,27,200,0,0,1
body_state_setup,tiny_yield_chain,1,0,27,300,0,0,0
machine_state_setup,tiny_yield_chain,1,0,28,200,0,0,1
body_state_setup,tiny_yield_chain,1,0,28,300,0,0,0
machine_state_setup,tiny_yield_chain,1,0,29,200,0,0,1
body_state_setup,tiny_yield_chain,1,0,29,200,0,0,0
machine_state_setup,tiny_yield_chain,1,0,30,200,0,0,1
body_state_setup,tiny_yield_chain,1,0,30,200,0,0,0
machine_state_setup,tiny_yield_chain,1,0,31,200,0,0,1
body_state_setup,tiny_yield_chain,1,0,31,200,0,0,0
machine_state_setup,tiny_yield_chain,1,0,32,200,0,0,1
body_state_setup,tiny_yield_chain,1,0,32,200,0,0,0
machine_state_setup,tiny_yield_chain,1,0,33,200,0,0,1
body_state_setup,tiny_yield_chain,1,0,33,200,0,0,0
machine_state_setup,tiny_yield_chain,1,0,34,200,0,0,1
body_state_setup,tiny_yield_chain,1,0,34,200,0,0,0
machine_state_setup,tiny_yield_chain,1,0,35,200,0,0,1
body_state_setup,tiny_yield_chain,1,0,35,200,0,0,0
machine_state_setup,tiny_yield_chain,1,0,36,200,0,0,1
body_state_setup,tiny_yield_chain,1,0,36,200,0,0,0
machine_state_setup,tiny_yield_chain,1,0,37,200,0,0,1
body_state_setup,tiny_yield_chain,1,0,37,200,0,0,0
machine_state_setup,tiny_yield_chain,1,0,38,200,0,0,1
body_state_setup,tiny_yield_chain,1,0,38,300,0,0,0
machine_state_setup,tiny_yield_chain,1,0,39,200,0,0,1
body_state_setup,tiny_yield_chain,1,0,39,300,0,0,0
engine_execution,resource_normal,2,1,0,9900,0,0,0
engine_execution,resource_normal,2,1,1,12800,0,0,3
engine_execution,resource_normal,2,1,2,10500,0,0,2
engine_execution,resource_normal,2,1,3,10200,0,0,5
engine_execution,resource_normal,2,1,4,10000,0,0,4
engine_execution,resource_normal,2,1,5,10000,0,0,7
engine_execution,resource_normal,2,1,6,9800,0,0,6
engine_execution,resource_normal,2,1,7,10000,0,0,9
engine_execution,resource_normal,2,1,8,9800,0,0,8
engine_execution,resource_normal,2,1,9,9900,0,0,11
engine_execution,resource_normal,2,1,10,9900,0,0,10
engine_execution,resource_normal,2,1,11,9800,0,0,13
engine_execution,resource_normal,2,1,12,9900,0,0,12
engine_execution,resource_normal,2,1,13,9800,0,0,15
engine_execution,resource_normal,2,1,14,9800,0,0,14
engine_execution,resource_normal,2,1,15,9900,0,0,17
engine_execution,resource_normal,2,1,16,9900,0,0,16
engine_execution,resource_normal,2,1,17,9800,0,0,19
engine_execution,resource_normal,2,1,18,9800,0,0,18
engine_execution,resource_normal,2,1,19,9800,0,0,21
engine_execution,resource_normal,2,1,20,9900,0,0,20
engine_execution,resource_normal,2,1,21,9900,0,0,23
engine_execution,resource_normal,2,1,22,9700,0,0,22
engine_execution,resource_normal,2,1,23,9800,0,0,25
engine_execution,resource_normal,2,1,24,9900,0,0,24
engine_execution,resource_normal,2,1,25,9800,0,0,27
engine_execution,resource_normal,2,1,26,9900,0,0,26
engine_execution,resource_normal,2,1,27,9800,0,0,29
engine_execution,resource_normal,2,1,28,9800,0,0,28
engine_execution,resource_normal,2,1,29,9800,0,0,31
engine_execution,resource_normal,2,1,30,9800,0,0,30
engine_execution,resource_normal,2,1,31,9900,0,0,33
engine_execution,resource_normal,2,1,32,9700,0,0,32
engine_execution,resource_normal,2,1,33,9700,0,0,35
engine_execution,resource_normal,2,1,34,9900,0,0,34
engine_execution,resource_normal,2,1,35,9900,0,0,37
engine_execution,resource_normal,2,1,36,9800,0,0,36
engine_execution,resource_normal,2,1,37,9700,0,0,39
engine_execution,resource_normal,2,1,38,9900,0,0,38
engine_execution,resource_normal,2,1,39,9900,0,0,41
engine_execution_alloc,resource_normal,2,1,0,0,202,19154,23130
engine_execution,resource_release_failure,2,1,0,10300,0,0,1
engine_execution,resource_release_failure,2,1,1,10400,0,0,2
engine_execution,resource_release_failure,2,1,2,10300,0,0,3
engine_execution,resource_release_failure,2,1,3,10100,0,0,4
engine_execution,resource_release_failure,2,1,4,10400,0,0,5
engine_execution,resource_release_failure,2,1,5,10200,0,0,6
engine_execution,resource_release_failure,2,1,6,10300,0,0,7
engine_execution,resource_release_failure,2,1,7,10200,0,0,8
engine_execution,resource_release_failure,2,1,8,10200,0,0,9
engine_execution,resource_release_failure,2,1,9,10500,0,0,10
engine_execution,resource_release_failure,2,1,10,10800,0,0,11
engine_execution,resource_release_failure,2,1,11,10400,0,0,12
engine_execution,resource_release_failure,2,1,12,10400,0,0,13
engine_execution,resource_release_failure,2,1,13,10300,0,0,14
engine_execution,resource_release_failure,2,1,14,10400,0,0,15
engine_execution,resource_release_failure,2,1,15,10200,0,0,16
engine_execution,resource_release_failure,2,1,16,10300,0,0,17
engine_execution,resource_release_failure,2,1,17,10300,0,0,18
engine_execution,resource_release_failure,2,1,18,10400,0,0,19
engine_execution,resource_release_failure,2,1,19,10200,0,0,20
engine_execution,resource_release_failure,2,1,20,10300,0,0,21
engine_execution,resource_release_failure,2,1,21,10100,0,0,22
engine_execution,resource_release_failure,2,1,22,10400,0,0,23
engine_execution,resource_release_failure,2,1,23,10200,0,0,24
engine_execution,resource_release_failure,2,1,24,10200,0,0,25
engine_execution,resource_release_failure,2,1,25,10200,0,0,26
engine_execution,resource_release_failure,2,1,26,10100,0,0,27
engine_execution,resource_release_failure,2,1,27,10200,0,0,28
engine_execution,resource_release_failure,2,1,28,10300,0,0,29
engine_execution,resource_release_failure,2,1,29,10200,0,0,30
engine_execution,resource_release_failure,2,1,30,10200,0,0,31
engine_execution,resource_release_failure,2,1,31,10200,0,0,32
engine_execution,resource_release_failure,2,1,32,10100,0,0,33
engine_execution,resource_release_failure,2,1,33,10000,0,0,34
engine_execution,resource_release_failure,2,1,34,10100,0,0,35
engine_execution,resource_release_failure,2,1,35,10200,0,0,36
engine_execution,resource_release_failure,2,1,36,10200,0,0,37
engine_execution,resource_release_failure,2,1,37,10200,0,0,38
engine_execution,resource_release_failure,2,1,38,10100,0,0,39
engine_execution,resource_release_failure,2,1,39,10200,0,0,40
engine_execution_alloc,resource_release_failure,2,1,0,0,212,19913,23131
engine_execution,resource_startup_failure,2,1,0,10100,0,0,3
engine_execution,resource_startup_failure,2,1,1,10200,0,0,3
engine_execution,resource_startup_failure,2,1,2,10100,0,0,3
engine_execution,resource_startup_failure,2,1,3,10100,0,0,3
engine_execution,resource_startup_failure,2,1,4,10300,0,0,3
engine_execution,resource_startup_failure,2,1,5,10100,0,0,3
engine_execution,resource_startup_failure,2,1,6,10200,0,0,3
engine_execution,resource_startup_failure,2,1,7,10200,0,0,3
engine_execution,resource_startup_failure,2,1,8,10100,0,0,3
engine_execution,resource_startup_failure,2,1,9,10100,0,0,3
engine_execution,resource_startup_failure,2,1,10,10300,0,0,3
engine_execution,resource_startup_failure,2,1,11,10000,0,0,3
engine_execution,resource_startup_failure,2,1,12,10000,0,0,3
engine_execution,resource_startup_failure,2,1,13,10000,0,0,3
engine_execution,resource_startup_failure,2,1,14,10100,0,0,3
engine_execution,resource_startup_failure,2,1,15,10000,0,0,3
engine_execution,resource_startup_failure,2,1,16,10000,0,0,3
engine_execution,resource_startup_failure,2,1,17,10000,0,0,3
engine_execution,resource_startup_failure,2,1,18,10100,0,0,3
engine_execution,resource_startup_failure,2,1,19,10000,0,0,3
engine_execution,resource_startup_failure,2,1,20,10000,0,0,3
engine_execution,resource_startup_failure,2,1,21,10000,0,0,3
engine_execution,resource_startup_failure,2,1,22,10100,0,0,3
engine_execution,resource_startup_failure,2,1,23,10200,0,0,3
engine_execution,resource_startup_failure,2,1,24,10300,0,0,3
engine_execution,resource_startup_failure,2,1,25,10000,0,0,3
engine_execution,resource_startup_failure,2,1,26,10300,0,0,3
engine_execution,resource_startup_failure,2,1,27,10000,0,0,3
engine_execution,resource_startup_failure,2,1,28,10000,0,0,3
engine_execution,resource_startup_failure,2,1,29,10100,0,0,3
engine_execution,resource_startup_failure,2,1,30,10200,0,0,3
engine_execution,resource_startup_failure,2,1,31,9900,0,0,3
engine_execution,resource_startup_failure,2,1,32,10100,0,0,3
engine_execution,resource_startup_failure,2,1,33,10100,0,0,3
engine_execution,resource_startup_failure,2,1,34,10000,0,0,3
engine_execution,resource_startup_failure,2,1,35,10000,0,0,3
engine_execution,resource_startup_failure,2,1,36,10000,0,0,3
engine_execution,resource_startup_failure,2,1,37,10100,0,0,3
engine_execution,resource_startup_failure,2,1,38,10100,0,0,3
engine_execution,resource_startup_failure,2,1,39,10200,0,0,3
engine_execution_alloc,resource_startup_failure,2,1,0,0,209,20217,3
engine_execution,resource_cleanup_error_upstream,3,1,0,15200,0,0,0
engine_execution,resource_cleanup_error_upstream,3,1,1,20100,0,0,1
engine_execution,resource_cleanup_error_upstream,3,1,2,16200,0,0,2
engine_execution,resource_cleanup_error_upstream,3,1,3,15000,0,0,3
engine_execution,resource_cleanup_error_upstream,3,1,4,15000,0,0,4
engine_execution,resource_cleanup_error_upstream,3,1,5,15200,0,0,5
engine_execution,resource_cleanup_error_upstream,3,1,6,15200,0,0,6
engine_execution,resource_cleanup_error_upstream,3,1,7,15000,0,0,7
engine_execution,resource_cleanup_error_upstream,3,1,8,15700,0,0,8
engine_execution,resource_cleanup_error_upstream,3,1,9,15500,0,0,9
engine_execution,resource_cleanup_error_upstream,3,1,10,14900,0,0,10
engine_execution,resource_cleanup_error_upstream,3,1,11,17300,0,0,11
engine_execution,resource_cleanup_error_upstream,3,1,12,15200,0,0,12
engine_execution,resource_cleanup_error_upstream,3,1,13,15300,0,0,13
engine_execution,resource_cleanup_error_upstream,3,1,14,15100,0,0,14
engine_execution,resource_cleanup_error_upstream,3,1,15,15100,0,0,15
engine_execution,resource_cleanup_error_upstream,3,1,16,15100,0,0,16
engine_execution,resource_cleanup_error_upstream,3,1,17,15100,0,0,17
engine_execution,resource_cleanup_error_upstream,3,1,18,15800,0,0,18
engine_execution,resource_cleanup_error_upstream,3,1,19,15100,0,0,19
engine_execution,resource_cleanup_error_upstream,3,1,20,19300,0,0,20
engine_execution,resource_cleanup_error_upstream,3,1,21,15800,0,0,21
engine_execution,resource_cleanup_error_upstream,3,1,22,15900,0,0,22
engine_execution,resource_cleanup_error_upstream,3,1,23,15100,0,0,23
engine_execution,resource_cleanup_error_upstream,3,1,24,15200,0,0,24
engine_execution,resource_cleanup_error_upstream,3,1,25,15300,0,0,25
engine_execution,resource_cleanup_error_upstream,3,1,26,15200,0,0,26
engine_execution,resource_cleanup_error_upstream,3,1,27,15000,0,0,27
engine_execution,resource_cleanup_error_upstream,3,1,28,15000,0,0,28
engine_execution,resource_cleanup_error_upstream,3,1,29,15000,0,0,29
engine_execution,resource_cleanup_error_upstream,3,1,30,15100,0,0,30
engine_execution,resource_cleanup_error_upstream,3,1,31,15000,0,0,31
engine_execution,resource_cleanup_error_upstream,3,1,32,15300,0,0,32
engine_execution,resource_cleanup_error_upstream,3,1,33,15100,0,0,33
engine_execution,resource_cleanup_error_upstream,3,1,34,15200,0,0,34
engine_execution,resource_cleanup_error_upstream,3,1,35,15100,0,0,35
engine_execution,resource_cleanup_error_upstream,3,1,36,15000,0,0,36
engine_execution,resource_cleanup_error_upstream,3,1,37,16000,0,0,37
engine_execution,resource_cleanup_error_upstream,3,1,38,15300,0,0,38
engine_execution,resource_cleanup_error_upstream,3,1,39,19600,0,0,39
engine_execution_alloc,resource_cleanup_error_upstream,3,1,0,0,314,25951,23130
engine_execution,resource_cancel_after_acquire,1,0,0,17500,0,0,3
engine_execution,resource_cancel_after_acquire,1,0,1,9300,0,0,3
engine_execution,resource_cancel_after_acquire,1,0,2,8900,0,0,3
engine_execution,resource_cancel_after_acquire,1,0,3,8900,0,0,3
engine_execution,resource_cancel_after_acquire,1,0,4,8600,0,0,3
engine_execution,resource_cancel_after_acquire,1,0,5,8800,0,0,3
engine_execution,resource_cancel_after_acquire,1,0,6,8800,0,0,3
engine_execution,resource_cancel_after_acquire,1,0,7,8600,0,0,3
engine_execution,resource_cancel_after_acquire,1,0,8,8800,0,0,3
engine_execution,resource_cancel_after_acquire,1,0,9,8600,0,0,3
engine_execution,resource_cancel_after_acquire,1,0,10,8700,0,0,3
engine_execution,resource_cancel_after_acquire,1,0,11,8600,0,0,3
engine_execution,resource_cancel_after_acquire,1,0,12,8700,0,0,3
engine_execution,resource_cancel_after_acquire,1,0,13,8600,0,0,3
engine_execution,resource_cancel_after_acquire,1,0,14,8700,0,0,3
engine_execution,resource_cancel_after_acquire,1,0,15,8500,0,0,3
engine_execution,resource_cancel_after_acquire,1,0,16,8600,0,0,3
engine_execution,resource_cancel_after_acquire,1,0,17,8700,0,0,3
engine_execution,resource_cancel_after_acquire,1,0,18,8600,0,0,3
engine_execution,resource_cancel_after_acquire,1,0,19,8600,0,0,3
engine_execution,resource_cancel_after_acquire,1,0,20,8700,0,0,3
engine_execution,resource_cancel_after_acquire,1,0,21,8600,0,0,3
engine_execution,resource_cancel_after_acquire,1,0,22,8700,0,0,3
engine_execution,resource_cancel_after_acquire,1,0,23,8500,0,0,3
engine_execution,resource_cancel_after_acquire,1,0,24,8600,0,0,3
engine_execution,resource_cancel_after_acquire,1,0,25,8500,0,0,3
engine_execution,resource_cancel_after_acquire,1,0,26,8500,0,0,3
engine_execution,resource_cancel_after_acquire,1,0,27,8600,0,0,3
engine_execution,resource_cancel_after_acquire,1,0,28,8500,0,0,3
engine_execution,resource_cancel_after_acquire,1,0,29,8600,0,0,3
engine_execution,resource_cancel_after_acquire,1,0,30,8500,0,0,3
engine_execution,resource_cancel_after_acquire,1,0,31,8600,0,0,3
engine_execution,resource_cancel_after_acquire,1,0,32,8600,0,0,3
engine_execution,resource_cancel_after_acquire,1,0,33,8700,0,0,3
engine_execution,resource_cancel_after_acquire,1,0,34,8600,0,0,3
engine_execution,resource_cancel_after_acquire,1,0,35,8900,0,0,3
engine_execution,resource_cancel_after_acquire,1,0,36,8700,0,0,3
engine_execution,resource_cancel_after_acquire,1,0,37,8600,0,0,3
engine_execution,resource_cancel_after_acquire,1,0,38,8500,0,0,3
engine_execution,resource_cancel_after_acquire,1,0,39,8600,0,0,3
engine_execution,effect_known_receipt,1,0,0,9600,0,0,1
engine_execution,effect_known_receipt,1,0,1,9100,0,0,0
engine_execution,effect_known_receipt,1,0,2,9200,0,0,3
engine_execution,effect_known_receipt,1,0,3,9300,0,0,2
engine_execution,effect_known_receipt,1,0,4,9100,0,0,5
engine_execution,effect_known_receipt,1,0,5,9300,0,0,4
engine_execution,effect_known_receipt,1,0,6,9200,0,0,7
engine_execution,effect_known_receipt,1,0,7,9200,0,0,6
engine_execution,effect_known_receipt,1,0,8,9200,0,0,9
engine_execution,effect_known_receipt,1,0,9,9200,0,0,8
engine_execution,effect_known_receipt,1,0,10,9300,0,0,11
engine_execution,effect_known_receipt,1,0,11,9800,0,0,10
engine_execution,effect_known_receipt,1,0,12,9500,0,0,13
engine_execution,effect_known_receipt,1,0,13,9100,0,0,12
engine_execution,effect_known_receipt,1,0,14,9500,0,0,15
engine_execution,effect_known_receipt,1,0,15,9300,0,0,14
engine_execution,effect_known_receipt,1,0,16,9200,0,0,17
engine_execution,effect_known_receipt,1,0,17,9200,0,0,16
engine_execution,effect_known_receipt,1,0,18,9200,0,0,19
engine_execution,effect_known_receipt,1,0,19,9100,0,0,18
engine_execution,effect_known_receipt,1,0,20,9600,0,0,21
engine_execution,effect_known_receipt,1,0,21,9200,0,0,20
engine_execution,effect_known_receipt,1,0,22,9100,0,0,23
engine_execution,effect_known_receipt,1,0,23,9500,0,0,22
engine_execution,effect_known_receipt,1,0,24,9300,0,0,25
engine_execution,effect_known_receipt,1,0,25,8900,0,0,24
engine_execution,effect_known_receipt,1,0,26,9300,0,0,27
engine_execution,effect_known_receipt,1,0,27,9400,0,0,26
engine_execution,effect_known_receipt,1,0,28,8900,0,0,29
engine_execution,effect_known_receipt,1,0,29,9200,0,0,28
engine_execution,effect_known_receipt,1,0,30,9200,0,0,31
engine_execution,effect_known_receipt,1,0,31,9000,0,0,30
engine_execution,effect_known_receipt,1,0,32,9200,0,0,33
engine_execution,effect_known_receipt,1,0,33,9300,0,0,32
engine_execution,effect_known_receipt,1,0,34,9200,0,0,35
engine_execution,effect_known_receipt,1,0,35,9500,0,0,34
engine_execution,effect_known_receipt,1,0,36,9100,0,0,37
engine_execution,effect_known_receipt,1,0,37,9200,0,0,36
engine_execution,effect_known_receipt,1,0,38,9300,0,0,39
engine_execution,effect_known_receipt,1,0,39,9400,0,0,38
engine_execution_alloc,effect_known_receipt,1,0,0,0,149,14826,23131
engine_execution,retry_one_failure,1,0,0,7700,0,0,1
engine_execution,retry_one_failure,1,0,1,7800,0,0,0
engine_execution,retry_one_failure,1,0,2,7800,0,0,3
engine_execution,retry_one_failure,1,0,3,8000,0,0,2
engine_execution,retry_one_failure,1,0,4,7700,0,0,5
engine_execution,retry_one_failure,1,0,5,8000,0,0,4
engine_execution,retry_one_failure,1,0,6,7600,0,0,7
engine_execution,retry_one_failure,1,0,7,7900,0,0,6
engine_execution,retry_one_failure,1,0,8,7800,0,0,9
engine_execution,retry_one_failure,1,0,9,7800,0,0,8
engine_execution,retry_one_failure,1,0,10,7900,0,0,11
engine_execution,retry_one_failure,1,0,11,7700,0,0,10
engine_execution,retry_one_failure,1,0,12,7600,0,0,13
engine_execution,retry_one_failure,1,0,13,7700,0,0,12
engine_execution,retry_one_failure,1,0,14,7700,0,0,15
engine_execution,retry_one_failure,1,0,15,7800,0,0,14
engine_execution,retry_one_failure,1,0,16,7900,0,0,17
engine_execution,retry_one_failure,1,0,17,7900,0,0,16
engine_execution,retry_one_failure,1,0,18,7600,0,0,19
engine_execution,retry_one_failure,1,0,19,7800,0,0,18
engine_execution,retry_one_failure,1,0,20,7700,0,0,21
engine_execution,retry_one_failure,1,0,21,8000,0,0,20
engine_execution,retry_one_failure,1,0,22,7900,0,0,23
engine_execution,retry_one_failure,1,0,23,8000,0,0,22
engine_execution,retry_one_failure,1,0,24,7600,0,0,25
engine_execution,retry_one_failure,1,0,25,7600,0,0,24
engine_execution,retry_one_failure,1,0,26,7600,0,0,27
engine_execution,retry_one_failure,1,0,27,7600,0,0,26
engine_execution,retry_one_failure,1,0,28,7700,0,0,29
engine_execution,retry_one_failure,1,0,29,7900,0,0,28
engine_execution,retry_one_failure,1,0,30,7600,0,0,31
engine_execution,retry_one_failure,1,0,31,7700,0,0,30
engine_execution,retry_one_failure,1,0,32,7800,0,0,33
engine_execution,retry_one_failure,1,0,33,7800,0,0,32
engine_execution,retry_one_failure,1,0,34,7800,0,0,35
engine_execution,retry_one_failure,1,0,35,7600,0,0,34
engine_execution,retry_one_failure,1,0,36,7700,0,0,37
engine_execution,retry_one_failure,1,0,37,7600,0,0,36
engine_execution,retry_one_failure,1,0,38,7700,0,0,39
engine_execution,retry_one_failure,1,0,39,7600,0,0,38
engine_execution_alloc,retry_one_failure,1,0,0,0,152,15009,23131
engine_execution,component_flat,10,9,0,27300,0,0,0
engine_execution,component_flat,10,9,1,27700,0,0,1
engine_execution,component_flat,10,9,2,27300,0,0,2
engine_execution,component_flat,10,9,3,27300,0,0,3
engine_execution,component_flat,10,9,4,29000,0,0,4
engine_execution,component_flat,10,9,5,27800,0,0,5
engine_execution,component_flat,10,9,6,27800,0,0,6
engine_execution,component_flat,10,9,7,27500,0,0,7
engine_execution,component_flat,10,9,8,27200,0,0,8
engine_execution,component_flat,10,9,9,27100,0,0,9
engine_execution,component_flat,10,9,10,27000,0,0,10
engine_execution,component_flat,10,9,11,27100,0,0,11
engine_execution,component_flat,10,9,12,27500,0,0,12
engine_execution,component_flat,10,9,13,27400,0,0,13
engine_execution,component_flat,10,9,14,27800,0,0,14
engine_execution,component_flat,10,9,15,27300,0,0,15
engine_execution,component_flat,10,9,16,27500,0,0,16
engine_execution,component_flat,10,9,17,27500,0,0,17
engine_execution,component_flat,10,9,18,27400,0,0,18
engine_execution,component_flat,10,9,19,27900,0,0,19
engine_execution,component_flat,10,9,20,27500,0,0,20
engine_execution,component_flat,10,9,21,27300,0,0,21
engine_execution,component_flat,10,9,22,27000,0,0,22
engine_execution,component_flat,10,9,23,27200,0,0,23
engine_execution,component_flat,10,9,24,27300,0,0,24
engine_execution,component_flat,10,9,25,27500,0,0,25
engine_execution,component_flat,10,9,26,27100,0,0,26
engine_execution,component_flat,10,9,27,27600,0,0,27
engine_execution,component_flat,10,9,28,27400,0,0,28
engine_execution,component_flat,10,9,29,27300,0,0,29
engine_execution,component_flat,10,9,30,27400,0,0,30
engine_execution,component_flat,10,9,31,27400,0,0,31
engine_execution,component_flat,10,9,32,27700,0,0,32
engine_execution,component_flat,10,9,33,27300,0,0,33
engine_execution,component_flat,10,9,34,27600,0,0,34
engine_execution,component_flat,10,9,35,27300,0,0,35
engine_execution,component_flat,10,9,36,27300,0,0,36
engine_execution,component_flat,10,9,37,27200,0,0,37
engine_execution,component_flat,10,9,38,27900,0,0,38
engine_execution,component_flat,10,9,39,27400,0,0,39
engine_execution_alloc,component_flat,10,9,0,0,572,44928,23130
engine_execution,component_nested,13,12,0,42300,0,0,0
engine_execution,component_nested,13,12,1,40900,0,0,1
engine_execution,component_nested,13,12,2,40900,0,0,2
engine_execution,component_nested,13,12,3,42300,0,0,3
engine_execution,component_nested,13,12,4,41000,0,0,4
engine_execution,component_nested,13,12,5,40300,0,0,5
engine_execution,component_nested,13,12,6,40700,0,0,6
engine_execution,component_nested,13,12,7,41100,0,0,7
engine_execution,component_nested,13,12,8,40000,0,0,8
engine_execution,component_nested,13,12,9,42000,0,0,9
engine_execution,component_nested,13,12,10,40900,0,0,10
engine_execution,component_nested,13,12,11,40900,0,0,11
engine_execution,component_nested,13,12,12,40300,0,0,12
engine_execution,component_nested,13,12,13,40800,0,0,13
engine_execution,component_nested,13,12,14,40000,0,0,14
engine_execution,component_nested,13,12,15,40800,0,0,15
engine_execution,component_nested,13,12,16,40500,0,0,16
engine_execution,component_nested,13,12,17,40700,0,0,17
engine_execution,component_nested,13,12,18,41600,0,0,18
engine_execution,component_nested,13,12,19,40100,0,0,19
engine_execution,component_nested,13,12,20,41200,0,0,20
engine_execution,component_nested,13,12,21,40600,0,0,21
engine_execution,component_nested,13,12,22,40300,0,0,22
engine_execution,component_nested,13,12,23,40300,0,0,23
engine_execution,component_nested,13,12,24,40700,0,0,24
engine_execution,component_nested,13,12,25,41000,0,0,25
engine_execution,component_nested,13,12,26,41100,0,0,26
engine_execution,component_nested,13,12,27,40200,0,0,27
engine_execution,component_nested,13,12,28,40200,0,0,28
engine_execution,component_nested,13,12,29,40100,0,0,29
engine_execution,component_nested,13,12,30,40500,0,0,30
engine_execution,component_nested,13,12,31,40500,0,0,31
engine_execution,component_nested,13,12,32,40700,0,0,32
engine_execution,component_nested,13,12,33,40500,0,0,33
engine_execution,component_nested,13,12,34,40200,0,0,34
engine_execution,component_nested,13,12,35,40900,0,0,35
engine_execution,component_nested,13,12,36,40400,0,0,36
engine_execution,component_nested,13,12,37,40700,0,0,37
engine_execution,component_nested,13,12,38,40500,0,0,38
engine_execution,component_nested,13,12,39,40600,0,0,39
engine_execution_alloc,component_nested,13,12,0,0,855,59553,23130
engine_execution,component_flat,100,99,0,306000,0,0,1
engine_execution,component_flat,100,99,1,308000,0,0,0
engine_execution,component_flat,100,99,2,327200,0,0,3
engine_execution,component_flat,100,99,3,322500,0,0,2
engine_execution,component_flat,100,99,4,305300,0,0,5
engine_execution,component_flat,100,99,5,307700,0,0,4
engine_execution,component_flat,100,99,6,304400,0,0,7
engine_execution,component_flat,100,99,7,306200,0,0,6
engine_execution,component_flat,100,99,8,304700,0,0,9
engine_execution,component_flat,100,99,9,305800,0,0,8
engine_execution,component_flat,100,99,10,305500,0,0,11
engine_execution,component_flat,100,99,11,305200,0,0,10
engine_execution,component_flat,100,99,12,307300,0,0,13
engine_execution,component_flat,100,99,13,303600,0,0,12
engine_execution,component_flat,100,99,14,305100,0,0,15
engine_execution,component_flat,100,99,15,304900,0,0,14
engine_execution,component_flat,100,99,16,305300,0,0,17
engine_execution,component_flat,100,99,17,303700,0,0,16
engine_execution,component_flat,100,99,18,303700,0,0,19
engine_execution,component_flat,100,99,19,304900,0,0,18
engine_execution,component_flat,100,99,20,307800,0,0,21
engine_execution,component_flat,100,99,21,303400,0,0,20
engine_execution,component_flat,100,99,22,304700,0,0,23
engine_execution,component_flat,100,99,23,304300,0,0,22
engine_execution,component_flat,100,99,24,305500,0,0,25
engine_execution,component_flat,100,99,25,303900,0,0,24
engine_execution,component_flat,100,99,26,306600,0,0,27
engine_execution,component_flat,100,99,27,313300,0,0,26
engine_execution,component_flat,100,99,28,315200,0,0,29
engine_execution,component_flat,100,99,29,312100,0,0,28
engine_execution,component_flat,100,99,30,313000,0,0,31
engine_execution,component_flat,100,99,31,312600,0,0,30
engine_execution,component_flat,100,99,32,311800,0,0,33
engine_execution,component_flat,100,99,33,312800,0,0,32
engine_execution,component_flat,100,99,34,304300,0,0,35
engine_execution,component_flat,100,99,35,302800,0,0,34
engine_execution,component_flat,100,99,36,304600,0,0,37
engine_execution,component_flat,100,99,37,303000,0,0,36
engine_execution,component_flat,100,99,38,304200,0,0,39
engine_execution,component_flat,100,99,39,308400,0,0,38
engine_execution_alloc,component_flat,100,99,0,0,5259,513144,23131
engine_execution,component_nested,103,102,0,387000,0,0,1
engine_execution,component_nested,103,102,1,389200,0,0,0
engine_execution,component_nested,103,102,2,388600,0,0,3
engine_execution,component_nested,103,102,3,391600,0,0,2
engine_execution,component_nested,103,102,4,388700,0,0,5
engine_execution,component_nested,103,102,5,387100,0,0,4
engine_execution,component_nested,103,102,6,388900,0,0,7
engine_execution,component_nested,103,102,7,391000,0,0,6
engine_execution,component_nested,103,102,8,429700,0,0,9
engine_execution,component_nested,103,102,9,391500,0,0,8
engine_execution,component_nested,103,102,10,388200,0,0,11
engine_execution,component_nested,103,102,11,390800,0,0,10
engine_execution,component_nested,103,102,12,391500,0,0,13
engine_execution,component_nested,103,102,13,388000,0,0,12
engine_execution,component_nested,103,102,14,393900,0,0,15
engine_execution,component_nested,103,102,15,391600,0,0,14
engine_execution,component_nested,103,102,16,386200,0,0,17
engine_execution,component_nested,103,102,17,388800,0,0,16
engine_execution,component_nested,103,102,18,387500,0,0,19
engine_execution,component_nested,103,102,19,392800,0,0,18
engine_execution,component_nested,103,102,20,387200,0,0,21
engine_execution,component_nested,103,102,21,388900,0,0,20
engine_execution,component_nested,103,102,22,388700,0,0,23
engine_execution,component_nested,103,102,23,392600,0,0,22
engine_execution,component_nested,103,102,24,393200,0,0,25
engine_execution,component_nested,103,102,25,390600,0,0,24
engine_execution,component_nested,103,102,26,397000,0,0,27
engine_execution,component_nested,103,102,27,390000,0,0,26
engine_execution,component_nested,103,102,28,393000,0,0,29
engine_execution,component_nested,103,102,29,390100,0,0,28
engine_execution,component_nested,103,102,30,388800,0,0,31
engine_execution,component_nested,103,102,31,387900,0,0,30
engine_execution,component_nested,103,102,32,388900,0,0,33
engine_execution,component_nested,103,102,33,390900,0,0,32
engine_execution,component_nested,103,102,34,389500,0,0,35
engine_execution,component_nested,103,102,35,388700,0,0,34
engine_execution,component_nested,103,102,36,385800,0,0,37
engine_execution,component_nested,103,102,37,387700,0,0,36
engine_execution,component_nested,103,102,38,387200,0,0,39
engine_execution,component_nested,103,102,39,396300,0,0,38
engine_execution_alloc,component_nested,103,102,0,0,6532,645129,23131
plan_build,component_repeated_typed_2,2,2,0,13400,0,0,25
plan_build,component_repeated_typed_2,2,2,1,7000,0,0,25
plan_build,component_repeated_typed_2,2,2,2,5500,0,0,25
plan_build,component_repeated_typed_2,2,2,3,5200,0,0,25
plan_build,component_repeated_typed_2,2,2,4,5400,0,0,25
plan_build,component_repeated_typed_2,2,2,5,4900,0,0,25
plan_build,component_repeated_typed_2,2,2,6,5400,0,0,25
plan_build,component_repeated_typed_2,2,2,7,5000,0,0,25
plan_build,component_repeated_typed_2,2,2,8,4800,0,0,25
plan_build,component_repeated_typed_2,2,2,9,4500,0,0,25
plan_build,component_repeated_typed_2,2,2,10,4800,0,0,25
plan_build,component_repeated_typed_2,2,2,11,4600,0,0,25
plan_build,component_repeated_typed_2,2,2,12,4500,0,0,25
plan_build,component_repeated_typed_2,2,2,13,4500,0,0,25
plan_build,component_repeated_typed_2,2,2,14,4400,0,0,25
plan_build,component_repeated_typed_2,2,2,15,4600,0,0,25
plan_build,component_repeated_typed_2,2,2,16,4500,0,0,25
plan_build,component_repeated_typed_2,2,2,17,4500,0,0,25
plan_build,component_repeated_typed_2,2,2,18,4500,0,0,25
plan_build,component_repeated_typed_2,2,2,19,4500,0,0,25
plan_build_alloc,component_repeated_typed_2,2,2,0,0,134,19521,25
engine_execution,component_repeated_typed_2,2,2,0,13100,0,0,3
engine_execution,component_repeated_typed_2,2,2,1,13500,0,0,2
engine_execution,component_repeated_typed_2,2,2,2,13300,0,0,5
engine_execution,component_repeated_typed_2,2,2,3,13400,0,0,4
engine_execution,component_repeated_typed_2,2,2,4,13400,0,0,7
engine_execution,component_repeated_typed_2,2,2,5,13800,0,0,6
engine_execution,component_repeated_typed_2,2,2,6,13700,0,0,9
engine_execution,component_repeated_typed_2,2,2,7,13300,0,0,8
engine_execution,component_repeated_typed_2,2,2,8,13200,0,0,11
engine_execution,component_repeated_typed_2,2,2,9,13300,0,0,10
engine_execution,component_repeated_typed_2,2,2,10,13500,0,0,13
engine_execution,component_repeated_typed_2,2,2,11,13400,0,0,12
engine_execution,component_repeated_typed_2,2,2,12,13900,0,0,15
engine_execution,component_repeated_typed_2,2,2,13,14400,0,0,14
engine_execution,component_repeated_typed_2,2,2,14,14300,0,0,17
engine_execution,component_repeated_typed_2,2,2,15,13700,0,0,16
engine_execution,component_repeated_typed_2,2,2,16,13900,0,0,19
engine_execution,component_repeated_typed_2,2,2,17,13500,0,0,18
engine_execution,component_repeated_typed_2,2,2,18,13200,0,0,21
engine_execution,component_repeated_typed_2,2,2,19,13300,0,0,20
engine_execution,component_repeated_typed_2,2,2,20,13300,0,0,23
engine_execution,component_repeated_typed_2,2,2,21,13200,0,0,22
engine_execution,component_repeated_typed_2,2,2,22,13200,0,0,25
engine_execution,component_repeated_typed_2,2,2,23,13100,0,0,24
engine_execution,component_repeated_typed_2,2,2,24,13600,0,0,27
engine_execution,component_repeated_typed_2,2,2,25,13700,0,0,26
engine_execution,component_repeated_typed_2,2,2,26,13900,0,0,29
engine_execution,component_repeated_typed_2,2,2,27,13200,0,0,28
engine_execution,component_repeated_typed_2,2,2,28,13200,0,0,31
engine_execution,component_repeated_typed_2,2,2,29,13200,0,0,30
engine_execution,component_repeated_typed_2,2,2,30,13300,0,0,33
engine_execution,component_repeated_typed_2,2,2,31,13200,0,0,32
engine_execution,component_repeated_typed_2,2,2,32,13000,0,0,35
engine_execution,component_repeated_typed_2,2,2,33,13100,0,0,34
engine_execution,component_repeated_typed_2,2,2,34,13000,0,0,37
engine_execution,component_repeated_typed_2,2,2,35,13400,0,0,36
engine_execution,component_repeated_typed_2,2,2,36,13400,0,0,39
engine_execution,component_repeated_typed_2,2,2,37,13400,0,0,38
engine_execution,component_repeated_typed_2,2,2,38,13400,0,0,41
engine_execution,component_repeated_typed_2,2,2,39,13400,0,0,40
engine_execution_alloc,component_repeated_typed_2,2,2,0,0,303,24606,23133
plan_build,component_repeated_typed_10,10,10,0,40800,0,0,25
plan_build,component_repeated_typed_10,10,10,1,20400,0,0,25
plan_build,component_repeated_typed_10,10,10,2,18200,0,0,25
plan_build,component_repeated_typed_10,10,10,3,18300,0,0,25
plan_build,component_repeated_typed_10,10,10,4,18000,0,0,25
plan_build,component_repeated_typed_10,10,10,5,18100,0,0,25
plan_build,component_repeated_typed_10,10,10,6,19100,0,0,25
plan_build,component_repeated_typed_10,10,10,7,18400,0,0,25
plan_build,component_repeated_typed_10,10,10,8,18100,0,0,25
plan_build,component_repeated_typed_10,10,10,9,17400,0,0,25
plan_build,component_repeated_typed_10,10,10,10,17700,0,0,25
plan_build,component_repeated_typed_10,10,10,11,18000,0,0,25
plan_build,component_repeated_typed_10,10,10,12,17700,0,0,25
plan_build,component_repeated_typed_10,10,10,13,17800,0,0,25
plan_build,component_repeated_typed_10,10,10,14,17900,0,0,25
plan_build,component_repeated_typed_10,10,10,15,21300,0,0,25
plan_build,component_repeated_typed_10,10,10,16,17600,0,0,25
plan_build,component_repeated_typed_10,10,10,17,17200,0,0,25
plan_build,component_repeated_typed_10,10,10,18,17800,0,0,25
plan_build,component_repeated_typed_10,10,10,19,18000,0,0,25
plan_build_alloc,component_repeated_typed_10,10,10,0,0,460,93329,25
engine_execution,component_repeated_typed_10,10,10,0,60700,0,0,11
engine_execution,component_repeated_typed_10,10,10,1,61200,0,0,10
engine_execution,component_repeated_typed_10,10,10,2,61700,0,0,13
engine_execution,component_repeated_typed_10,10,10,3,60900,0,0,12
engine_execution,component_repeated_typed_10,10,10,4,61200,0,0,15
engine_execution,component_repeated_typed_10,10,10,5,60700,0,0,14
engine_execution,component_repeated_typed_10,10,10,6,60200,0,0,17
engine_execution,component_repeated_typed_10,10,10,7,60400,0,0,16
engine_execution,component_repeated_typed_10,10,10,8,60300,0,0,19
engine_execution,component_repeated_typed_10,10,10,9,60000,0,0,18
engine_execution,component_repeated_typed_10,10,10,10,60400,0,0,21
engine_execution,component_repeated_typed_10,10,10,11,60500,0,0,20
engine_execution,component_repeated_typed_10,10,10,12,60200,0,0,23
engine_execution,component_repeated_typed_10,10,10,13,59900,0,0,22
engine_execution,component_repeated_typed_10,10,10,14,60100,0,0,25
engine_execution,component_repeated_typed_10,10,10,15,64900,0,0,24
engine_execution,component_repeated_typed_10,10,10,16,61200,0,0,27
engine_execution,component_repeated_typed_10,10,10,17,60400,0,0,26
engine_execution,component_repeated_typed_10,10,10,18,64900,0,0,29
engine_execution,component_repeated_typed_10,10,10,19,61100,0,0,28
engine_execution,component_repeated_typed_10,10,10,20,61000,0,0,31
engine_execution,component_repeated_typed_10,10,10,21,61400,0,0,30
engine_execution,component_repeated_typed_10,10,10,22,60200,0,0,33
engine_execution,component_repeated_typed_10,10,10,23,60700,0,0,32
engine_execution,component_repeated_typed_10,10,10,24,60400,0,0,35
engine_execution,component_repeated_typed_10,10,10,25,60700,0,0,34
engine_execution,component_repeated_typed_10,10,10,26,60800,0,0,37
engine_execution,component_repeated_typed_10,10,10,27,61100,0,0,36
engine_execution,component_repeated_typed_10,10,10,28,60300,0,0,39
engine_execution,component_repeated_typed_10,10,10,29,61000,0,0,38
engine_execution,component_repeated_typed_10,10,10,30,60400,0,0,41
engine_execution,component_repeated_typed_10,10,10,31,60200,0,0,40
engine_execution,component_repeated_typed_10,10,10,32,60600,0,0,43
engine_execution,component_repeated_typed_10,10,10,33,62100,0,0,42
engine_execution,component_repeated_typed_10,10,10,34,60000,0,0,45
engine_execution,component_repeated_typed_10,10,10,35,60300,0,0,44
engine_execution,component_repeated_typed_10,10,10,36,60200,0,0,47
engine_execution,component_repeated_typed_10,10,10,37,60500,0,0,46
engine_execution,component_repeated_typed_10,10,10,38,61000,0,0,49
engine_execution,component_repeated_typed_10,10,10,39,60600,0,0,48
engine_execution_alloc,component_repeated_typed_10,10,10,0,0,1405,95590,23141
plan_build,component_repeated_typed_100,100,100,0,320100,0,0,25
plan_build,component_repeated_typed_100,100,100,1,279400,0,0,25
plan_build,component_repeated_typed_100,100,100,2,315200,0,0,25
plan_build,component_repeated_typed_100,100,100,3,207800,0,0,25
plan_build,component_repeated_typed_100,100,100,4,209700,0,0,25
plan_build,component_repeated_typed_100,100,100,5,163300,0,0,25
plan_build,component_repeated_typed_100,100,100,6,167000,0,0,25
plan_build,component_repeated_typed_100,100,100,7,164800,0,0,25
plan_build,component_repeated_typed_100,100,100,8,162300,0,0,25
plan_build,component_repeated_typed_100,100,100,9,160000,0,0,25
plan_build,component_repeated_typed_100,100,100,10,160400,0,0,25
plan_build,component_repeated_typed_100,100,100,11,165900,0,0,25
plan_build,component_repeated_typed_100,100,100,12,159000,0,0,25
plan_build,component_repeated_typed_100,100,100,13,157700,0,0,25
plan_build,component_repeated_typed_100,100,100,14,157900,0,0,25
plan_build,component_repeated_typed_100,100,100,15,158600,0,0,25
plan_build,component_repeated_typed_100,100,100,16,156900,0,0,25
plan_build,component_repeated_typed_100,100,100,17,157100,0,0,25
plan_build,component_repeated_typed_100,100,100,18,156100,0,0,25
plan_build,component_repeated_typed_100,100,100,19,157000,0,0,25
plan_build_alloc,component_repeated_typed_100,100,100,0,0,3876,807301,25
engine_execution,component_repeated_typed_100,100,100,0,1203100,0,0,101
engine_execution,component_repeated_typed_100,100,100,1,1089400,0,0,100
engine_execution,component_repeated_typed_100,100,100,2,1080500,0,0,103
engine_execution,component_repeated_typed_100,100,100,3,1063700,0,0,102
engine_execution,component_repeated_typed_100,100,100,4,1064500,0,0,105
engine_execution,component_repeated_typed_100,100,100,5,1121900,0,0,104
engine_execution,component_repeated_typed_100,100,100,6,1177700,0,0,107
engine_execution,component_repeated_typed_100,100,100,7,1072700,0,0,106
engine_execution,component_repeated_typed_100,100,100,8,1066000,0,0,109
engine_execution,component_repeated_typed_100,100,100,9,1099300,0,0,108
engine_execution,component_repeated_typed_100,100,100,10,1179700,0,0,111
engine_execution,component_repeated_typed_100,100,100,11,1084900,0,0,110
engine_execution,component_repeated_typed_100,100,100,12,1076900,0,0,113
engine_execution,component_repeated_typed_100,100,100,13,1074500,0,0,112
engine_execution,component_repeated_typed_100,100,100,14,1069200,0,0,115
engine_execution,component_repeated_typed_100,100,100,15,1137300,0,0,114
engine_execution,component_repeated_typed_100,100,100,16,1069500,0,0,117
engine_execution,component_repeated_typed_100,100,100,17,1066800,0,0,116
engine_execution,component_repeated_typed_100,100,100,18,1069300,0,0,119
engine_execution,component_repeated_typed_100,100,100,19,1074900,0,0,118
engine_execution,component_repeated_typed_100,100,100,20,1072700,0,0,121
engine_execution,component_repeated_typed_100,100,100,21,1062600,0,0,120
engine_execution,component_repeated_typed_100,100,100,22,1066300,0,0,123
engine_execution,component_repeated_typed_100,100,100,23,1070500,0,0,122
engine_execution,component_repeated_typed_100,100,100,24,1073400,0,0,125
engine_execution,component_repeated_typed_100,100,100,25,1063900,0,0,124
engine_execution,component_repeated_typed_100,100,100,26,1069600,0,0,127
engine_execution,component_repeated_typed_100,100,100,27,1072100,0,0,126
engine_execution,component_repeated_typed_100,100,100,28,1073100,0,0,129
engine_execution,component_repeated_typed_100,100,100,29,1069500,0,0,128
engine_execution,component_repeated_typed_100,100,100,30,1065500,0,0,131
engine_execution,component_repeated_typed_100,100,100,31,1082500,0,0,130
engine_execution,component_repeated_typed_100,100,100,32,1095000,0,0,133
engine_execution,component_repeated_typed_100,100,100,33,1114500,0,0,132
engine_execution,component_repeated_typed_100,100,100,34,1109200,0,0,135
engine_execution,component_repeated_typed_100,100,100,35,1068500,0,0,134
engine_execution,component_repeated_typed_100,100,100,36,1068500,0,0,137
engine_execution,component_repeated_typed_100,100,100,37,1076500,0,0,136
engine_execution,component_repeated_typed_100,100,100,38,1071900,0,0,139
engine_execution,component_repeated_typed_100,100,100,39,1062700,0,0,138
engine_execution_alloc,component_repeated_typed_100,100,100,0,0,22566,1456254,23231
engine_execution,resident_ready_shutdown,1,0,0,8000,0,0,1
engine_execution,resident_ready_shutdown,1,0,1,8000,0,0,1
engine_execution,resident_ready_shutdown,1,0,2,8100,0,0,1
engine_execution,resident_ready_shutdown,1,0,3,8000,0,0,1
engine_execution,resident_ready_shutdown,1,0,4,8000,0,0,1
engine_execution,resident_ready_shutdown,1,0,5,8500,0,0,1
engine_execution,resident_ready_shutdown,1,0,6,8300,0,0,1
engine_execution,resident_ready_shutdown,1,0,7,8100,0,0,1
engine_execution,resident_ready_shutdown,1,0,8,8100,0,0,1
engine_execution,resident_ready_shutdown,1,0,9,7900,0,0,1
engine_execution,resident_ready_shutdown,1,0,10,7900,0,0,1
engine_execution,resident_ready_shutdown,1,0,11,7900,0,0,1
engine_execution,resident_ready_shutdown,1,0,12,7900,0,0,1
engine_execution,resident_ready_shutdown,1,0,13,8000,0,0,1
engine_execution,resident_ready_shutdown,1,0,14,8000,0,0,1
engine_execution,resident_ready_shutdown,1,0,15,7900,0,0,1
engine_execution,resident_ready_shutdown,1,0,16,8100,0,0,1
engine_execution,resident_ready_shutdown,1,0,17,8100,0,0,1
engine_execution,resident_ready_shutdown,1,0,18,8000,0,0,1
engine_execution,resident_ready_shutdown,1,0,19,7900,0,0,1
engine_execution,resident_ready_shutdown,1,0,20,7900,0,0,1
engine_execution,resident_ready_shutdown,1,0,21,8100,0,0,1
engine_execution,resident_ready_shutdown,1,0,22,8000,0,0,1
engine_execution,resident_ready_shutdown,1,0,23,8000,0,0,1
engine_execution,resident_ready_shutdown,1,0,24,7600,0,0,1
engine_execution,resident_ready_shutdown,1,0,25,7800,0,0,1
engine_execution,resident_ready_shutdown,1,0,26,7800,0,0,1
engine_execution,resident_ready_shutdown,1,0,27,7900,0,0,1
engine_execution,resident_ready_shutdown,1,0,28,7900,0,0,1
engine_execution,resident_ready_shutdown,1,0,29,7900,0,0,1
engine_execution,resident_ready_shutdown,1,0,30,8100,0,0,1
engine_execution,resident_ready_shutdown,1,0,31,7900,0,0,1
engine_execution,resident_ready_shutdown,1,0,32,7700,0,0,1
engine_execution,resident_ready_shutdown,1,0,33,7700,0,0,1
engine_execution,resident_ready_shutdown,1,0,34,7700,0,0,1
engine_execution,resident_ready_shutdown,1,0,35,8000,0,0,1
engine_execution,resident_ready_shutdown,1,0,36,7900,0,0,1
engine_execution,resident_ready_shutdown,1,0,37,7900,0,0,1
engine_execution,resident_ready_shutdown,1,0,38,7800,0,0,1
engine_execution,resident_ready_shutdown,1,0,39,7900,0,0,1
engine_execution,service_restart_stable_handle,1,0,0,12100,0,0,27
engine_execution,service_restart_stable_handle,1,0,1,12200,0,0,30
engine_execution,service_restart_stable_handle,1,0,2,12200,0,0,33
engine_execution,service_restart_stable_handle,1,0,3,12100,0,0,36
engine_execution,service_restart_stable_handle,1,0,4,11900,0,0,39
engine_execution,service_restart_stable_handle,1,0,5,12100,0,0,42
engine_execution,service_restart_stable_handle,1,0,6,12000,0,0,45
engine_execution,service_restart_stable_handle,1,0,7,12100,0,0,48
engine_execution,service_restart_stable_handle,1,0,8,12100,0,0,51
engine_execution,service_restart_stable_handle,1,0,9,12100,0,0,54
engine_execution,service_restart_stable_handle,1,0,10,12000,0,0,57
engine_execution,service_restart_stable_handle,1,0,11,12200,0,0,60
engine_execution,service_restart_stable_handle,1,0,12,12100,0,0,63
engine_execution,service_restart_stable_handle,1,0,13,12000,0,0,66
engine_execution,service_restart_stable_handle,1,0,14,12000,0,0,69
engine_execution,service_restart_stable_handle,1,0,15,11900,0,0,72
engine_execution,service_restart_stable_handle,1,0,16,11900,0,0,75
engine_execution,service_restart_stable_handle,1,0,17,12100,0,0,78
engine_execution,service_restart_stable_handle,1,0,18,12000,0,0,81
engine_execution,service_restart_stable_handle,1,0,19,11900,0,0,84
engine_execution,service_restart_stable_handle,1,0,20,11900,0,0,87
engine_execution,service_restart_stable_handle,1,0,21,12000,0,0,90
engine_execution,service_restart_stable_handle,1,0,22,12000,0,0,93
engine_execution,service_restart_stable_handle,1,0,23,20200,0,0,96
engine_execution,service_restart_stable_handle,1,0,24,12100,0,0,99
engine_execution,service_restart_stable_handle,1,0,25,12100,0,0,102
engine_execution,service_restart_stable_handle,1,0,26,12000,0,0,105
engine_execution,service_restart_stable_handle,1,0,27,12000,0,0,108
engine_execution,service_restart_stable_handle,1,0,28,11900,0,0,111
engine_execution,service_restart_stable_handle,1,0,29,12000,0,0,114
engine_execution,service_restart_stable_handle,1,0,30,12200,0,0,117
engine_execution,service_restart_stable_handle,1,0,31,12100,0,0,120
engine_execution,service_restart_stable_handle,1,0,32,12000,0,0,123
engine_execution,service_restart_stable_handle,1,0,33,11900,0,0,126
engine_execution,service_restart_stable_handle,1,0,34,12200,0,0,129
engine_execution,service_restart_stable_handle,1,0,35,12500,0,0,132
engine_execution,service_restart_stable_handle,1,0,36,12100,0,0,135
engine_execution,service_restart_stable_handle,1,0,37,12100,0,0,138
engine_execution,service_restart_stable_handle,1,0,38,11900,0,0,141
engine_execution,service_restart_stable_handle,1,0,39,11800,0,0,144
engine_execution_alloc,service_restart_stable_handle,1,0,0,0,234,22052,147
engine_execution,service_restart_exhausted,1,0,0,9100,0,0,19
engine_execution,service_restart_exhausted,1,0,1,9000,0,0,21
engine_execution,service_restart_exhausted,1,0,2,8900,0,0,23
engine_execution,service_restart_exhausted,1,0,3,8900,0,0,25
engine_execution,service_restart_exhausted,1,0,4,8900,0,0,27
engine_execution,service_restart_exhausted,1,0,5,9100,0,0,29
engine_execution,service_restart_exhausted,1,0,6,8800,0,0,31
engine_execution,service_restart_exhausted,1,0,7,8900,0,0,33
engine_execution,service_restart_exhausted,1,0,8,9100,0,0,35
engine_execution,service_restart_exhausted,1,0,9,9100,0,0,37
engine_execution,service_restart_exhausted,1,0,10,8900,0,0,39
engine_execution,service_restart_exhausted,1,0,11,9000,0,0,41
engine_execution,service_restart_exhausted,1,0,12,9000,0,0,43
engine_execution,service_restart_exhausted,1,0,13,9100,0,0,45
engine_execution,service_restart_exhausted,1,0,14,9100,0,0,47
engine_execution,service_restart_exhausted,1,0,15,9100,0,0,49
engine_execution,service_restart_exhausted,1,0,16,9000,0,0,51
engine_execution,service_restart_exhausted,1,0,17,9000,0,0,53
engine_execution,service_restart_exhausted,1,0,18,9100,0,0,55
engine_execution,service_restart_exhausted,1,0,19,8900,0,0,57
engine_execution,service_restart_exhausted,1,0,20,9000,0,0,59
engine_execution,service_restart_exhausted,1,0,21,8900,0,0,61
engine_execution,service_restart_exhausted,1,0,22,9100,0,0,63
engine_execution,service_restart_exhausted,1,0,23,9000,0,0,65
engine_execution,service_restart_exhausted,1,0,24,9000,0,0,67
engine_execution,service_restart_exhausted,1,0,25,8800,0,0,69
engine_execution,service_restart_exhausted,1,0,26,9100,0,0,71
engine_execution,service_restart_exhausted,1,0,27,9100,0,0,73
engine_execution,service_restart_exhausted,1,0,28,9000,0,0,75
engine_execution,service_restart_exhausted,1,0,29,9100,0,0,77
engine_execution,service_restart_exhausted,1,0,30,9300,0,0,79
engine_execution,service_restart_exhausted,1,0,31,9100,0,0,81
engine_execution,service_restart_exhausted,1,0,32,9200,0,0,83
engine_execution,service_restart_exhausted,1,0,33,9100,0,0,85
engine_execution,service_restart_exhausted,1,0,34,9100,0,0,87
engine_execution,service_restart_exhausted,1,0,35,9200,0,0,89
engine_execution,service_restart_exhausted,1,0,36,9200,0,0,91
engine_execution,service_restart_exhausted,1,0,37,9600,0,0,93
engine_execution,service_restart_exhausted,1,0,38,9500,0,0,95
engine_execution,service_restart_exhausted,1,0,39,10800,0,0,97
engine_execution_alloc,service_restart_exhausted,1,0,0,0,182,17556,99
engine_execution,dynamic_live_instances_1,3,2,0,31100,0,0,0
engine_execution,dynamic_live_instances_1,3,2,1,31800,0,0,0
engine_execution,dynamic_live_instances_1,3,2,2,31200,0,0,0
engine_execution,dynamic_live_instances_1,3,2,3,32000,0,0,0
engine_execution,dynamic_live_instances_1,3,2,4,31900,0,0,0
engine_execution,dynamic_live_instances_1,3,2,5,31300,0,0,0
engine_execution,dynamic_live_instances_1,3,2,6,30600,0,0,0
engine_execution,dynamic_live_instances_1,3,2,7,31000,0,0,0
engine_execution,dynamic_live_instances_1,3,2,8,31200,0,0,0
engine_execution,dynamic_live_instances_1,3,2,9,31000,0,0,0
engine_execution,dynamic_live_instances_1,3,2,10,31700,0,0,0
engine_execution,dynamic_live_instances_1,3,2,11,30700,0,0,0
engine_execution,dynamic_live_instances_1,3,2,12,30200,0,0,0
engine_execution,dynamic_live_instances_1,3,2,13,30900,0,0,0
engine_execution,dynamic_live_instances_1,3,2,14,30900,0,0,0
engine_execution,dynamic_live_instances_1,3,2,15,31100,0,0,0
engine_execution,dynamic_live_instances_1,3,2,16,31800,0,0,0
engine_execution,dynamic_live_instances_1,3,2,17,31000,0,0,0
engine_execution,dynamic_live_instances_1,3,2,18,30900,0,0,0
engine_execution,dynamic_live_instances_1,3,2,19,30300,0,0,0
engine_execution,dynamic_live_instances_1,3,2,20,30400,0,0,0
engine_execution,dynamic_live_instances_1,3,2,21,30900,0,0,0
engine_execution,dynamic_live_instances_1,3,2,22,30300,0,0,0
engine_execution,dynamic_live_instances_1,3,2,23,30200,0,0,0
engine_execution,dynamic_live_instances_1,3,2,24,34700,0,0,0
engine_execution,dynamic_live_instances_1,3,2,25,30800,0,0,0
engine_execution,dynamic_live_instances_1,3,2,26,30100,0,0,0
engine_execution,dynamic_live_instances_1,3,2,27,31000,0,0,0
engine_execution,dynamic_live_instances_1,3,2,28,30500,0,0,0
engine_execution,dynamic_live_instances_1,3,2,29,31600,0,0,0
engine_execution,dynamic_live_instances_1,3,2,30,31200,0,0,0
engine_execution,dynamic_live_instances_1,3,2,31,30000,0,0,0
engine_execution,dynamic_live_instances_1,3,2,32,30600,0,0,0
engine_execution,dynamic_live_instances_1,3,2,33,30800,0,0,0
engine_execution,dynamic_live_instances_1,3,2,34,30200,0,0,0
engine_execution,dynamic_live_instances_1,3,2,35,30700,0,0,0
engine_execution,dynamic_live_instances_1,3,2,36,30800,0,0,0
engine_execution,dynamic_live_instances_1,3,2,37,30600,0,0,0
engine_execution,dynamic_live_instances_1,3,2,38,30700,0,0,0
engine_execution,dynamic_live_instances_1,3,2,39,30600,0,0,0
engine_execution_alloc,dynamic_live_instances_1,3,2,1,0,622,58021,0
engine_execution,dynamic_live_instances_10,3,2,0,241300,0,0,11
engine_execution,dynamic_live_instances_10,3,2,1,247500,0,0,11
engine_execution,dynamic_live_instances_10,3,2,2,251600,0,0,11
engine_execution,dynamic_live_instances_10,3,2,3,255700,0,0,11
engine_execution,dynamic_live_instances_10,3,2,4,240200,0,0,11
engine_execution,dynamic_live_instances_10,3,2,5,256000,0,0,11
engine_execution,dynamic_live_instances_10,3,2,6,241300,0,0,11
engine_execution,dynamic_live_instances_10,3,2,7,244100,0,0,11
engine_execution,dynamic_live_instances_10,3,2,8,240400,0,0,11
engine_execution,dynamic_live_instances_10,3,2,9,243000,0,0,11
engine_execution,dynamic_live_instances_10,3,2,10,237400,0,0,11
engine_execution,dynamic_live_instances_10,3,2,11,240300,0,0,11
engine_execution,dynamic_live_instances_10,3,2,12,240000,0,0,11
engine_execution,dynamic_live_instances_10,3,2,13,242900,0,0,11
engine_execution,dynamic_live_instances_10,3,2,14,257100,0,0,11
engine_execution,dynamic_live_instances_10,3,2,15,286100,0,0,11
engine_execution,dynamic_live_instances_10,3,2,16,241400,0,0,11
engine_execution,dynamic_live_instances_10,3,2,17,245100,0,0,11
engine_execution,dynamic_live_instances_10,3,2,18,239200,0,0,11
engine_execution,dynamic_live_instances_10,3,2,19,242000,0,0,11
engine_execution,dynamic_live_instances_10,3,2,20,259500,0,0,11
engine_execution,dynamic_live_instances_10,3,2,21,305700,0,0,11
engine_execution,dynamic_live_instances_10,3,2,22,241900,0,0,11
engine_execution,dynamic_live_instances_10,3,2,23,243400,0,0,11
engine_execution,dynamic_live_instances_10,3,2,24,235600,0,0,11
engine_execution,dynamic_live_instances_10,3,2,25,239000,0,0,11
engine_execution,dynamic_live_instances_10,3,2,26,240700,0,0,11
engine_execution,dynamic_live_instances_10,3,2,27,243000,0,0,11
engine_execution,dynamic_live_instances_10,3,2,28,236700,0,0,11
engine_execution,dynamic_live_instances_10,3,2,29,242600,0,0,11
engine_execution,dynamic_live_instances_10,3,2,30,260200,0,0,11
engine_execution,dynamic_live_instances_10,3,2,31,277300,0,0,11
engine_execution,dynamic_live_instances_10,3,2,32,239000,0,0,11
engine_execution,dynamic_live_instances_10,3,2,33,253500,0,0,11
engine_execution,dynamic_live_instances_10,3,2,34,264300,0,0,11
engine_execution,dynamic_live_instances_10,3,2,35,277300,0,0,11
engine_execution,dynamic_live_instances_10,3,2,36,247900,0,0,11
engine_execution,dynamic_live_instances_10,3,2,37,333600,0,0,11
engine_execution,dynamic_live_instances_10,3,2,38,236800,0,0,11
engine_execution,dynamic_live_instances_10,3,2,39,246600,0,0,11
engine_execution_alloc,dynamic_live_instances_10,3,2,10,0,4479,430855,11
engine_execution,dynamic_live_instances_100,3,2,0,5346400,0,0,101
engine_execution,dynamic_live_instances_100,3,2,1,5394500,0,0,101
engine_execution,dynamic_live_instances_100,3,2,2,5544300,0,0,101
engine_execution,dynamic_live_instances_100,3,2,3,5952600,0,0,101
engine_execution,dynamic_live_instances_100,3,2,4,5490300,0,0,101
engine_execution,dynamic_live_instances_100,3,2,5,5344700,0,0,101
engine_execution,dynamic_live_instances_100,3,2,6,5342100,0,0,101
engine_execution,dynamic_live_instances_100,3,2,7,5456800,0,0,101
engine_execution,dynamic_live_instances_100,3,2,8,5463000,0,0,101
engine_execution,dynamic_live_instances_100,3,2,9,5473300,0,0,101
engine_execution,dynamic_live_instances_100,3,2,10,5411300,0,0,101
engine_execution,dynamic_live_instances_100,3,2,11,5498300,0,0,101
engine_execution,dynamic_live_instances_100,3,2,12,5448000,0,0,101
engine_execution,dynamic_live_instances_100,3,2,13,5568800,0,0,101
engine_execution,dynamic_live_instances_100,3,2,14,5555100,0,0,101
engine_execution,dynamic_live_instances_100,3,2,15,5659100,0,0,101
engine_execution,dynamic_live_instances_100,3,2,16,5927900,0,0,101
engine_execution,dynamic_live_instances_100,3,2,17,5414100,0,0,101
engine_execution,dynamic_live_instances_100,3,2,18,5390300,0,0,101
engine_execution,dynamic_live_instances_100,3,2,19,5229700,0,0,101
engine_execution,dynamic_live_instances_100,3,2,20,4927800,0,0,101
engine_execution,dynamic_live_instances_100,3,2,21,5214700,0,0,101
engine_execution,dynamic_live_instances_100,3,2,22,4972900,0,0,101
engine_execution,dynamic_live_instances_100,3,2,23,5210800,0,0,101
engine_execution,dynamic_live_instances_100,3,2,24,4811800,0,0,101
engine_execution,dynamic_live_instances_100,3,2,25,5367200,0,0,101
engine_execution,dynamic_live_instances_100,3,2,26,5163600,0,0,101
engine_execution,dynamic_live_instances_100,3,2,27,4960800,0,0,101
engine_execution,dynamic_live_instances_100,3,2,28,5335800,0,0,101
engine_execution,dynamic_live_instances_100,3,2,29,4940400,0,0,101
engine_execution,dynamic_live_instances_100,3,2,30,5399200,0,0,101
engine_execution,dynamic_live_instances_100,3,2,31,5147200,0,0,101
engine_execution,dynamic_live_instances_100,3,2,32,4953200,0,0,101
engine_execution,dynamic_live_instances_100,3,2,33,5294200,0,0,101
engine_execution,dynamic_live_instances_100,3,2,34,4908500,0,0,101
engine_execution,dynamic_live_instances_100,3,2,35,5291100,0,0,101
engine_execution,dynamic_live_instances_100,3,2,36,4911600,0,0,101
engine_execution,dynamic_live_instances_100,3,2,37,5456500,0,0,101
engine_execution,dynamic_live_instances_100,3,2,38,5426100,0,0,101
engine_execution,dynamic_live_instances_100,3,2,39,4961000,0,0,101
engine_execution_alloc,dynamic_live_instances_100,3,2,100,0,69635,6293899,101
engine_execution,dynamic_sequential_churn_1,2,1,0,27800,0,0,9
engine_execution,dynamic_sequential_churn_1,2,1,1,27200,0,0,10
engine_execution,dynamic_sequential_churn_1,2,1,2,27100,0,0,11
engine_execution,dynamic_sequential_churn_1,2,1,3,26500,0,0,12
engine_execution,dynamic_sequential_churn_1,2,1,4,26100,0,0,13
engine_execution,dynamic_sequential_churn_1,2,1,5,26500,0,0,14
engine_execution,dynamic_sequential_churn_1,2,1,6,27200,0,0,15
engine_execution,dynamic_sequential_churn_1,2,1,7,27100,0,0,16
engine_execution,dynamic_sequential_churn_1,2,1,8,26800,0,0,17
engine_execution,dynamic_sequential_churn_1,2,1,9,26600,0,0,18
engine_execution,dynamic_sequential_churn_1,2,1,10,27500,0,0,19
engine_execution,dynamic_sequential_churn_1,2,1,11,26400,0,0,20
engine_execution,dynamic_sequential_churn_1,2,1,12,26600,0,0,21
engine_execution,dynamic_sequential_churn_1,2,1,13,26500,0,0,22
engine_execution,dynamic_sequential_churn_1,2,1,14,26700,0,0,23
engine_execution,dynamic_sequential_churn_1,2,1,15,27100,0,0,24
engine_execution,dynamic_sequential_churn_1,2,1,16,26800,0,0,25
engine_execution,dynamic_sequential_churn_1,2,1,17,26700,0,0,26
engine_execution,dynamic_sequential_churn_1,2,1,18,26500,0,0,27
engine_execution,dynamic_sequential_churn_1,2,1,19,26600,0,0,28
engine_execution,dynamic_sequential_churn_1,2,1,20,26600,0,0,29
engine_execution,dynamic_sequential_churn_1,2,1,21,26300,0,0,30
engine_execution,dynamic_sequential_churn_1,2,1,22,26700,0,0,31
engine_execution,dynamic_sequential_churn_1,2,1,23,26500,0,0,32
engine_execution,dynamic_sequential_churn_1,2,1,24,26700,0,0,33
engine_execution,dynamic_sequential_churn_1,2,1,25,26800,0,0,34
engine_execution,dynamic_sequential_churn_1,2,1,26,26600,0,0,35
engine_execution,dynamic_sequential_churn_1,2,1,27,26400,0,0,36
engine_execution,dynamic_sequential_churn_1,2,1,28,26500,0,0,37
engine_execution,dynamic_sequential_churn_1,2,1,29,30400,0,0,38
engine_execution,dynamic_sequential_churn_1,2,1,30,26400,0,0,39
engine_execution,dynamic_sequential_churn_1,2,1,31,27300,0,0,40
engine_execution,dynamic_sequential_churn_1,2,1,32,27000,0,0,41
engine_execution,dynamic_sequential_churn_1,2,1,33,27400,0,0,42
engine_execution,dynamic_sequential_churn_1,2,1,34,27400,0,0,43
engine_execution,dynamic_sequential_churn_1,2,1,35,30000,0,0,44
engine_execution,dynamic_sequential_churn_1,2,1,36,27500,0,0,45
engine_execution,dynamic_sequential_churn_1,2,1,37,27400,0,0,46
engine_execution,dynamic_sequential_churn_1,2,1,38,27800,0,0,47
engine_execution,dynamic_sequential_churn_1,2,1,39,28000,0,0,48
engine_execution_alloc,dynamic_sequential_churn_1,2,1,1,0,540,47499,49
engine_execution,dynamic_sequential_churn_10,2,1,0,175900,0,0,90
engine_execution,dynamic_sequential_churn_10,2,1,1,171700,0,0,100
engine_execution,dynamic_sequential_churn_10,2,1,2,175000,0,0,110
engine_execution,dynamic_sequential_churn_10,2,1,3,173600,0,0,120
engine_execution,dynamic_sequential_churn_10,2,1,4,176400,0,0,130
engine_execution,dynamic_sequential_churn_10,2,1,5,174100,0,0,140
engine_execution,dynamic_sequential_churn_10,2,1,6,174800,0,0,150
engine_execution,dynamic_sequential_churn_10,2,1,7,172300,0,0,160
engine_execution,dynamic_sequential_churn_10,2,1,8,175400,0,0,170
engine_execution,dynamic_sequential_churn_10,2,1,9,176200,0,0,180
engine_execution,dynamic_sequential_churn_10,2,1,10,179500,0,0,190
engine_execution,dynamic_sequential_churn_10,2,1,11,174400,0,0,200
engine_execution,dynamic_sequential_churn_10,2,1,12,176700,0,0,210
engine_execution,dynamic_sequential_churn_10,2,1,13,173500,0,0,220
engine_execution,dynamic_sequential_churn_10,2,1,14,174100,0,0,230
engine_execution,dynamic_sequential_churn_10,2,1,15,173000,0,0,240
engine_execution,dynamic_sequential_churn_10,2,1,16,178700,0,0,250
engine_execution,dynamic_sequential_churn_10,2,1,17,174600,0,0,260
engine_execution,dynamic_sequential_churn_10,2,1,18,176600,0,0,270
engine_execution,dynamic_sequential_churn_10,2,1,19,175400,0,0,280
engine_execution,dynamic_sequential_churn_10,2,1,20,175800,0,0,290
engine_execution,dynamic_sequential_churn_10,2,1,21,176100,0,0,300
engine_execution,dynamic_sequential_churn_10,2,1,22,175400,0,0,310
engine_execution,dynamic_sequential_churn_10,2,1,23,216300,0,0,320
engine_execution,dynamic_sequential_churn_10,2,1,24,178300,0,0,330
engine_execution,dynamic_sequential_churn_10,2,1,25,174600,0,0,340
engine_execution,dynamic_sequential_churn_10,2,1,26,174900,0,0,350
engine_execution,dynamic_sequential_churn_10,2,1,27,174600,0,0,360
engine_execution,dynamic_sequential_churn_10,2,1,28,175800,0,0,370
engine_execution,dynamic_sequential_churn_10,2,1,29,174300,0,0,380
engine_execution,dynamic_sequential_churn_10,2,1,30,180800,0,0,390
engine_execution,dynamic_sequential_churn_10,2,1,31,174100,0,0,400
engine_execution,dynamic_sequential_churn_10,2,1,32,175000,0,0,410
engine_execution,dynamic_sequential_churn_10,2,1,33,175400,0,0,420
engine_execution,dynamic_sequential_churn_10,2,1,34,178500,0,0,430
engine_execution,dynamic_sequential_churn_10,2,1,35,178100,0,0,440
engine_execution,dynamic_sequential_churn_10,2,1,36,175900,0,0,450
engine_execution,dynamic_sequential_churn_10,2,1,37,173200,0,0,460
engine_execution,dynamic_sequential_churn_10,2,1,38,176600,0,0,470
engine_execution,dynamic_sequential_churn_10,2,1,39,172300,0,0,480
engine_execution_alloc,dynamic_sequential_churn_10,2,1,10,0,3478,313271,490
engine_execution,dynamic_sequential_churn_100,2,1,0,2034000,0,0,900
engine_execution,dynamic_sequential_churn_100,2,1,1,2162000,0,0,1000
engine_execution,dynamic_sequential_churn_100,2,1,2,1969500,0,0,1100
engine_execution,dynamic_sequential_churn_100,2,1,3,1922500,0,0,1200
engine_execution,dynamic_sequential_churn_100,2,1,4,1925400,0,0,1300
engine_execution,dynamic_sequential_churn_100,2,1,5,2059400,0,0,1400
engine_execution,dynamic_sequential_churn_100,2,1,6,2214100,0,0,1500
engine_execution,dynamic_sequential_churn_100,2,1,7,1970600,0,0,1600
engine_execution,dynamic_sequential_churn_100,2,1,8,1902500,0,0,1700
engine_execution,dynamic_sequential_churn_100,2,1,9,1981600,0,0,1800
engine_execution,dynamic_sequential_churn_100,2,1,10,2179600,0,0,1900
engine_execution,dynamic_sequential_churn_100,2,1,11,1932000,0,0,2000
engine_execution,dynamic_sequential_churn_100,2,1,12,1932200,0,0,2100
engine_execution,dynamic_sequential_churn_100,2,1,13,1890300,0,0,2200
engine_execution,dynamic_sequential_churn_100,2,1,14,1903200,0,0,2300
engine_execution,dynamic_sequential_churn_100,2,1,15,1896700,0,0,2400
engine_execution,dynamic_sequential_churn_100,2,1,16,2269700,0,0,2500
engine_execution,dynamic_sequential_churn_100,2,1,17,1923000,0,0,2600
engine_execution,dynamic_sequential_churn_100,2,1,18,2007400,0,0,2700
engine_execution,dynamic_sequential_churn_100,2,1,19,2201300,0,0,2800
engine_execution,dynamic_sequential_churn_100,2,1,20,1966100,0,0,2900
engine_execution,dynamic_sequential_churn_100,2,1,21,1920800,0,0,3000
engine_execution,dynamic_sequential_churn_100,2,1,22,1934600,0,0,3100
engine_execution,dynamic_sequential_churn_100,2,1,23,1904700,0,0,3200
engine_execution,dynamic_sequential_churn_100,2,1,24,1905600,0,0,3300
engine_execution,dynamic_sequential_churn_100,2,1,25,1901600,0,0,3400
engine_execution,dynamic_sequential_churn_100,2,1,26,1899900,0,0,3500
engine_execution,dynamic_sequential_churn_100,2,1,27,1960100,0,0,3600
engine_execution,dynamic_sequential_churn_100,2,1,28,2179600,0,0,3700
engine_execution,dynamic_sequential_churn_100,2,1,29,1907300,0,0,3800
engine_execution,dynamic_sequential_churn_100,2,1,30,1918500,0,0,3900
engine_execution,dynamic_sequential_churn_100,2,1,31,1922100,0,0,4000
engine_execution,dynamic_sequential_churn_100,2,1,32,1953300,0,0,4100
engine_execution,dynamic_sequential_churn_100,2,1,33,2188900,0,0,4200
engine_execution,dynamic_sequential_churn_100,2,1,34,1976500,0,0,4300
engine_execution,dynamic_sequential_churn_100,2,1,35,1952500,0,0,4400
engine_execution,dynamic_sequential_churn_100,2,1,36,1999900,0,0,4500
engine_execution,dynamic_sequential_churn_100,2,1,37,2189200,0,0,4600
engine_execution,dynamic_sequential_churn_100,2,1,38,1954200,0,0,4700
engine_execution,dynamic_sequential_churn_100,2,1,39,1968400,0,0,4800
engine_execution_alloc,dynamic_sequential_churn_100,2,1,100,0,32600,3408879,4900
engine_execution,effect_unknown_recovery_resolved,1,0,0,7500,0,0,9
engine_execution,effect_unknown_recovery_resolved,1,0,1,7800,0,0,10
engine_execution,effect_unknown_recovery_resolved,1,0,2,7800,0,0,11
engine_execution,effect_unknown_recovery_resolved,1,0,3,7700,0,0,12
engine_execution,effect_unknown_recovery_resolved,1,0,4,7600,0,0,13
engine_execution,effect_unknown_recovery_resolved,1,0,5,7900,0,0,14
engine_execution,effect_unknown_recovery_resolved,1,0,6,7700,0,0,15
engine_execution,effect_unknown_recovery_resolved,1,0,7,7600,0,0,16
engine_execution,effect_unknown_recovery_resolved,1,0,8,7800,0,0,17
engine_execution,effect_unknown_recovery_resolved,1,0,9,7700,0,0,18
engine_execution,effect_unknown_recovery_resolved,1,0,10,7700,0,0,19
engine_execution,effect_unknown_recovery_resolved,1,0,11,7700,0,0,20
engine_execution,effect_unknown_recovery_resolved,1,0,12,7800,0,0,21
engine_execution,effect_unknown_recovery_resolved,1,0,13,7600,0,0,22
engine_execution,effect_unknown_recovery_resolved,1,0,14,7900,0,0,23
engine_execution,effect_unknown_recovery_resolved,1,0,15,7700,0,0,24
engine_execution,effect_unknown_recovery_resolved,1,0,16,7800,0,0,25
engine_execution,effect_unknown_recovery_resolved,1,0,17,7700,0,0,26
engine_execution,effect_unknown_recovery_resolved,1,0,18,7700,0,0,27
engine_execution,effect_unknown_recovery_resolved,1,0,19,7600,0,0,28
engine_execution,effect_unknown_recovery_resolved,1,0,20,7600,0,0,29
engine_execution,effect_unknown_recovery_resolved,1,0,21,7400,0,0,30
engine_execution,effect_unknown_recovery_resolved,1,0,22,7600,0,0,31
engine_execution,effect_unknown_recovery_resolved,1,0,23,7500,0,0,32
engine_execution,effect_unknown_recovery_resolved,1,0,24,7600,0,0,33
engine_execution,effect_unknown_recovery_resolved,1,0,25,7600,0,0,34
engine_execution,effect_unknown_recovery_resolved,1,0,26,7700,0,0,35
engine_execution,effect_unknown_recovery_resolved,1,0,27,7700,0,0,36
engine_execution,effect_unknown_recovery_resolved,1,0,28,7500,0,0,37
engine_execution,effect_unknown_recovery_resolved,1,0,29,7400,0,0,38
engine_execution,effect_unknown_recovery_resolved,1,0,30,7500,0,0,39
engine_execution,effect_unknown_recovery_resolved,1,0,31,7400,0,0,40
engine_execution,effect_unknown_recovery_resolved,1,0,32,7600,0,0,41
engine_execution,effect_unknown_recovery_resolved,1,0,33,7800,0,0,42
engine_execution,effect_unknown_recovery_resolved,1,0,34,7600,0,0,43
engine_execution,effect_unknown_recovery_resolved,1,0,35,7800,0,0,44
engine_execution,effect_unknown_recovery_resolved,1,0,36,7600,0,0,45
engine_execution,effect_unknown_recovery_resolved,1,0,37,7800,0,0,46
engine_execution,effect_unknown_recovery_resolved,1,0,38,7800,0,0,47
engine_execution,effect_unknown_recovery_resolved,1,0,39,8400,0,0,48
engine_execution_alloc,effect_unknown_recovery_resolved,1,0,0,0,144,14963,49
engine_execution,effect_unknown_recovery_failed,1,0,0,8500,0,0,11
engine_execution,effect_unknown_recovery_failed,1,0,1,8500,0,0,12
engine_execution,effect_unknown_recovery_failed,1,0,2,8700,0,0,13
engine_execution,effect_unknown_recovery_failed,1,0,3,8700,0,0,14
engine_execution,effect_unknown_recovery_failed,1,0,4,8100,0,0,15
engine_execution,effect_unknown_recovery_failed,1,0,5,8000,0,0,16
engine_execution,effect_unknown_recovery_failed,1,0,6,8100,0,0,17
engine_execution,effect_unknown_recovery_failed,1,0,7,8100,0,0,18
engine_execution,effect_unknown_recovery_failed,1,0,8,8000,0,0,19
engine_execution,effect_unknown_recovery_failed,1,0,9,8000,0,0,20
engine_execution,effect_unknown_recovery_failed,1,0,10,8000,0,0,21
engine_execution,effect_unknown_recovery_failed,1,0,11,8000,0,0,22
engine_execution,effect_unknown_recovery_failed,1,0,12,7800,0,0,23
engine_execution,effect_unknown_recovery_failed,1,0,13,8000,0,0,24
engine_execution,effect_unknown_recovery_failed,1,0,14,7900,0,0,25
engine_execution,effect_unknown_recovery_failed,1,0,15,7800,0,0,26
engine_execution,effect_unknown_recovery_failed,1,0,16,7800,0,0,27
engine_execution,effect_unknown_recovery_failed,1,0,17,7800,0,0,28
engine_execution,effect_unknown_recovery_failed,1,0,18,8000,0,0,29
engine_execution,effect_unknown_recovery_failed,1,0,19,7900,0,0,30
engine_execution,effect_unknown_recovery_failed,1,0,20,7900,0,0,31
engine_execution,effect_unknown_recovery_failed,1,0,21,8000,0,0,32
engine_execution,effect_unknown_recovery_failed,1,0,22,7800,0,0,33
engine_execution,effect_unknown_recovery_failed,1,0,23,7800,0,0,34
engine_execution,effect_unknown_recovery_failed,1,0,24,7800,0,0,35
engine_execution,effect_unknown_recovery_failed,1,0,25,8000,0,0,36
engine_execution,effect_unknown_recovery_failed,1,0,26,7900,0,0,37
engine_execution,effect_unknown_recovery_failed,1,0,27,7800,0,0,38
engine_execution,effect_unknown_recovery_failed,1,0,28,7700,0,0,39
engine_execution,effect_unknown_recovery_failed,1,0,29,7800,0,0,40
engine_execution,effect_unknown_recovery_failed,1,0,30,7900,0,0,41
engine_execution,effect_unknown_recovery_failed,1,0,31,7800,0,0,42
engine_execution,effect_unknown_recovery_failed,1,0,32,7700,0,0,43
engine_execution,effect_unknown_recovery_failed,1,0,33,7800,0,0,44
engine_execution,effect_unknown_recovery_failed,1,0,34,7900,0,0,45
engine_execution,effect_unknown_recovery_failed,1,0,35,7700,0,0,46
engine_execution,effect_unknown_recovery_failed,1,0,36,7800,0,0,47
engine_execution,effect_unknown_recovery_failed,1,0,37,7800,0,0,48
engine_execution,effect_unknown_recovery_failed,1,0,38,7700,0,0,49
engine_execution,effect_unknown_recovery_failed,1,0,39,7800,0,0,50
engine_execution_alloc,effect_unknown_recovery_failed,1,0,0,0,151,15667,51
engine_execution,trace_default,100,99,0,305900,0,0,1
engine_execution,trace_default,100,99,1,306800,0,0,0
engine_execution,trace_default,100,99,2,305700,0,0,3
engine_execution,trace_default,100,99,3,306000,0,0,2
engine_execution,trace_default,100,99,4,310500,0,0,5
engine_execution,trace_default,100,99,5,309000,0,0,4
engine_execution,trace_default,100,99,6,309300,0,0,7
engine_execution,trace_default,100,99,7,309600,0,0,6
engine_execution,trace_default,100,99,8,307000,0,0,9
engine_execution,trace_default,100,99,9,309200,0,0,8
engine_execution,trace_default,100,99,10,311400,0,0,11
engine_execution,trace_default,100,99,11,306100,0,0,10
engine_execution,trace_default,100,99,12,306600,0,0,13
engine_execution,trace_default,100,99,13,305900,0,0,12
engine_execution,trace_default,100,99,14,305800,0,0,15
engine_execution,trace_default,100,99,15,306400,0,0,14
engine_execution,trace_default,100,99,16,305100,0,0,17
engine_execution,trace_default,100,99,17,313700,0,0,16
engine_execution,trace_default,100,99,18,305500,0,0,19
engine_execution,trace_default,100,99,19,307800,0,0,18
engine_execution,trace_default,100,99,20,308900,0,0,21
engine_execution,trace_default,100,99,21,309400,0,0,20
engine_execution,trace_default,100,99,22,311300,0,0,23
engine_execution,trace_default,100,99,23,305400,0,0,22
engine_execution,trace_default,100,99,24,306400,0,0,25
engine_execution,trace_default,100,99,25,305800,0,0,24
engine_execution,trace_default,100,99,26,305100,0,0,27
engine_execution,trace_default,100,99,27,306700,0,0,26
engine_execution,trace_default,100,99,28,307200,0,0,29
engine_execution,trace_default,100,99,29,310500,0,0,28
engine_execution,trace_default,100,99,30,306700,0,0,31
engine_execution,trace_default,100,99,31,309500,0,0,30
engine_execution,trace_default,100,99,32,306000,0,0,33
engine_execution,trace_default,100,99,33,306100,0,0,32
engine_execution,trace_default,100,99,34,310000,0,0,35
engine_execution,trace_default,100,99,35,310200,0,0,34
engine_execution,trace_default,100,99,36,305600,0,0,37
engine_execution,trace_default,100,99,37,304400,0,0,36
engine_execution,trace_default,100,99,38,306900,0,0,39
engine_execution,trace_default,100,99,39,307100,0,0,38
engine_execution_alloc,trace_default,100,99,0,0,5259,513144,23131
engine_execution,trace_observer,100,99,0,324200,0,0,1
engine_execution,trace_observer,100,99,1,325200,0,0,0
engine_execution,trace_observer,100,99,2,354000,0,0,3
engine_execution,trace_observer,100,99,3,312500,0,0,2
engine_execution,trace_observer,100,99,4,310500,0,0,5
engine_execution,trace_observer,100,99,5,311300,0,0,4
engine_execution,trace_observer,100,99,6,309000,0,0,7
engine_execution,trace_observer,100,99,7,310700,0,0,6
engine_execution,trace_observer,100,99,8,310800,0,0,9
engine_execution,trace_observer,100,99,9,310000,0,0,8
engine_execution,trace_observer,100,99,10,309600,0,0,11
engine_execution,trace_observer,100,99,11,306300,0,0,10
engine_execution,trace_observer,100,99,12,307300,0,0,13
engine_execution,trace_observer,100,99,13,308000,0,0,12
engine_execution,trace_observer,100,99,14,304900,0,0,15
engine_execution,trace_observer,100,99,15,305200,0,0,14
engine_execution,trace_observer,100,99,16,311600,0,0,17
engine_execution,trace_observer,100,99,17,306000,0,0,16
engine_execution,trace_observer,100,99,18,305700,0,0,19
engine_execution,trace_observer,100,99,19,306600,0,0,18
engine_execution,trace_observer,100,99,20,308200,0,0,21
engine_execution,trace_observer,100,99,21,305400,0,0,20
engine_execution,trace_observer,100,99,22,309000,0,0,23
engine_execution,trace_observer,100,99,23,306400,0,0,22
engine_execution,trace_observer,100,99,24,314200,0,0,25
engine_execution,trace_observer,100,99,25,306900,0,0,24
engine_execution,trace_observer,100,99,26,307200,0,0,27
engine_execution,trace_observer,100,99,27,308200,0,0,26
engine_execution,trace_observer,100,99,28,306600,0,0,29
engine_execution,trace_observer,100,99,29,312300,0,0,28
engine_execution,trace_observer,100,99,30,309300,0,0,31
engine_execution,trace_observer,100,99,31,307300,0,0,30
engine_execution,trace_observer,100,99,32,309300,0,0,33
engine_execution,trace_observer,100,99,33,310700,0,0,32
engine_execution,trace_observer,100,99,34,313900,0,0,35
engine_execution,trace_observer,100,99,35,307600,0,0,34
engine_execution,trace_observer,100,99,36,306400,0,0,37
engine_execution,trace_observer,100,99,37,306200,0,0,36
engine_execution,trace_observer,100,99,38,306100,0,0,39
engine_execution,trace_observer,100,99,39,305800,0,0,38
engine_execution_alloc,trace_observer,100,99,0,0,5259,513144,23131
representative_application,application_hash_sdax,10,9,0,27100,0,0,8827501768403342007
representative_application,application_hash_sdax,10,9,1,28200,0,0,8951258580674472749
representative_application,application_hash_sdax,10,9,2,27500,0,0,18157584738022301124
representative_application,application_hash_sdax,10,9,3,28100,0,0,16093298964628915617
representative_application,application_hash_sdax,10,9,4,27200,0,0,4338024545885762412
representative_application,application_hash_sdax,10,9,5,27500,0,0,4989613096480112062
representative_application,application_hash_sdax,10,9,6,27700,0,0,14756605482753659039
representative_application,application_hash_sdax,10,9,7,27600,0,0,48615153832195890
representative_application,application_hash_sdax,10,9,8,27700,0,0,12897547982939568865
representative_application,application_hash_sdax,10,9,9,27500,0,0,6455468052857312123
representative_application,application_hash_sdax,10,9,10,27600,0,0,7461994257773924098
representative_application,application_hash_sdax,10,9,11,27900,0,0,3636896381673253623
representative_application,application_hash_sdax,10,9,12,27700,0,0,6793413810667899076
representative_application,application_hash_sdax,10,9,13,27800,0,0,12277190981714708308
representative_application,application_hash_sdax,10,9,14,27400,0,0,9683030269895486545
representative_application,application_hash_sdax,10,9,15,27400,0,0,9383150768291419922
representative_application,application_hash_sdax,10,9,16,27300,0,0,11312423361794011584
representative_application,application_hash_sdax,10,9,17,27500,0,0,18128183083347417488
representative_application,application_hash_sdax,10,9,18,27600,0,0,12087555839788357172
representative_application,application_hash_sdax,10,9,19,27500,0,0,13041129334982073488
representative_application,application_hash_sdax,10,9,20,27400,0,0,8384464984104957687
representative_application,application_hash_sdax,10,9,21,27800,0,0,10868783110269989825
representative_application,application_hash_sdax,10,9,22,27600,0,0,15668235844036064711
representative_application,application_hash_sdax,10,9,23,27600,0,0,4013874171971043560
representative_application,application_hash_sdax,10,9,24,27600,0,0,4203571749175062306
representative_application,application_hash_sdax,10,9,25,27200,0,0,10926854856726577928
representative_application,application_hash_sdax,10,9,26,27300,0,0,16212662351989052772
representative_application,application_hash_sdax,10,9,27,27900,0,0,11560519827294593319
representative_application,application_hash_sdax,10,9,28,27300,0,0,7617103062409141563
representative_application,application_hash_sdax,10,9,29,27800,0,0,15838086077383948403
representative_application,application_hash_sdax,10,9,30,27600,0,0,8116776606867456652
representative_application,application_hash_sdax,10,9,31,28800,0,0,11359474695907197805
representative_application,application_hash_sdax,10,9,32,27800,0,0,9168736860549268637
representative_application,application_hash_sdax,10,9,33,27500,0,0,16764612828771598240
representative_application,application_hash_sdax,10,9,34,27500,0,0,14255204493723425259
representative_application,application_hash_sdax,10,9,35,27500,0,0,3518369773145393400
representative_application,application_hash_sdax,10,9,36,27400,0,0,8965317550446050729
representative_application,application_hash_sdax,10,9,37,27700,0,0,16665962306655849748
representative_application,application_hash_sdax,10,9,38,27600,0,0,13342058531664200426
representative_application,application_hash_sdax,10,9,39,27500,0,0,18112928529687244317
representative_application_alloc,application_hash_sdax,10,9,0,0,572,45205,17601881740522758837
representative_application,application_hash_handwritten,10,9,0,600,0,0,8827501768403342006
representative_application,application_hash_handwritten,10,9,1,600,0,0,8951258580674472748
representative_application,application_hash_handwritten,10,9,2,600,0,0,18157584738022301125
representative_application,application_hash_handwritten,10,9,3,500,0,0,16093298964628915616
representative_application,application_hash_handwritten,10,9,4,500,0,0,4338024545885762413
representative_application,application_hash_handwritten,10,9,5,500,0,0,4989613096480112063
representative_application,application_hash_handwritten,10,9,6,500,0,0,14756605482753659038
representative_application,application_hash_handwritten,10,9,7,600,0,0,48615153832195891
representative_application,application_hash_handwritten,10,9,8,600,0,0,12897547982939568864
representative_application,application_hash_handwritten,10,9,9,600,0,0,6455468052857312122
representative_application,application_hash_handwritten,10,9,10,600,0,0,7461994257773924099
representative_application,application_hash_handwritten,10,9,11,600,0,0,3636896381673253622
representative_application,application_hash_handwritten,10,9,12,600,0,0,6793413810667899077
representative_application,application_hash_handwritten,10,9,13,600,0,0,12277190981714708309
representative_application,application_hash_handwritten,10,9,14,600,0,0,9683030269895486544
representative_application,application_hash_handwritten,10,9,15,600,0,0,9383150768291419923
representative_application,application_hash_handwritten,10,9,16,600,0,0,11312423361794011585
representative_application,application_hash_handwritten,10,9,17,600,0,0,18128183083347417489
representative_application,application_hash_handwritten,10,9,18,600,0,0,12087555839788357173
representative_application,application_hash_handwritten,10,9,19,500,0,0,13041129334982073489
representative_application,application_hash_handwritten,10,9,20,500,0,0,8384464984104957686
representative_application,application_hash_handwritten,10,9,21,500,0,0,10868783110269989824
representative_application,application_hash_handwritten,10,9,22,500,0,0,15668235844036064710
representative_application,application_hash_handwritten,10,9,23,500,0,0,4013874171971043561
representative_application,application_hash_handwritten,10,9,24,500,0,0,4203571749175062307
representative_application,application_hash_handwritten,10,9,25,600,0,0,10926854856726577929
representative_application,application_hash_handwritten,10,9,26,600,0,0,16212662351989052773
representative_application,application_hash_handwritten,10,9,27,600,0,0,11560519827294593318
representative_application,application_hash_handwritten,10,9,28,600,0,0,7617103062409141562
representative_application,application_hash_handwritten,10,9,29,600,0,0,15838086077383948402
representative_application,application_hash_handwritten,10,9,30,600,0,0,8116776606867456653
representative_application,application_hash_handwritten,10,9,31,500,0,0,11359474695907197804
representative_application,application_hash_handwritten,10,9,32,500,0,0,9168736860549268636
representative_application,application_hash_handwritten,10,9,33,600,0,0,16764612828771598241
representative_application,application_hash_handwritten,10,9,34,600,0,0,14255204493723425258
representative_application,application_hash_handwritten,10,9,35,600,0,0,3518369773145393401
representative_application,application_hash_handwritten,10,9,36,600,0,0,8965317550446050728
representative_application,application_hash_handwritten,10,9,37,600,0,0,16665962306655849749
representative_application,application_hash_handwritten,10,9,38,600,0,0,13342058531664200427
representative_application,application_hash_handwritten,10,9,39,600,0,0,18112928529687244316
representative_application,application_hash_sdax,100,99,0,309800,0,0,11698499080773063169
representative_application,application_hash_sdax,100,99,1,308300,0,0,1167273700599470746
representative_application,application_hash_sdax,100,99,2,310500,0,0,230717062559681466
representative_application,application_hash_sdax,100,99,3,310100,0,0,13461277124864170951
representative_application,application_hash_sdax,100,99,4,313200,0,0,1843089491647656604
representative_application,application_hash_sdax,100,99,5,324600,0,0,1884400405866327554
representative_application,application_hash_sdax,100,99,6,330900,0,0,15657071968087079792
representative_application,application_hash_sdax,100,99,7,331000,0,0,8136226820520416651
representative_application,application_hash_sdax,100,99,8,328600,0,0,9211086410723557827
representative_application,application_hash_sdax,100,99,9,330600,0,0,3206438314367023030
representative_application,application_hash_sdax,100,99,10,309000,0,0,5368241661201366769
representative_application,application_hash_sdax,100,99,11,307700,0,0,6168939717596367288
representative_application,application_hash_sdax,100,99,12,306900,0,0,14206662131410471245
representative_application,application_hash_sdax,100,99,13,307000,0,0,13119166869922341979
representative_application,application_hash_sdax,100,99,14,307600,0,0,13832537443924736586
representative_application,application_hash_sdax,100,99,15,310000,0,0,10215951684877506974
representative_application,application_hash_sdax,100,99,16,309600,0,0,5034229283543529572
representative_application,application_hash_sdax,100,99,17,309200,0,0,14677823012927430832
representative_application,application_hash_sdax,100,99,18,306300,0,0,13894612964717701903
representative_application,application_hash_sdax,100,99,19,306900,0,0,15583721593309401490
representative_application,application_hash_sdax,100,99,20,304600,0,0,6418842662590208827
representative_application,application_hash_sdax,100,99,21,307200,0,0,13631435880641776915
representative_application,application_hash_sdax,100,99,22,309400,0,0,17183653852698357092
representative_application,application_hash_sdax,100,99,23,303200,0,0,9274972455216937604
representative_application,application_hash_sdax,100,99,24,307400,0,0,9355792106790873694
representative_application,application_hash_sdax,100,99,25,305200,0,0,6870977820890846112
representative_application,application_hash_sdax,100,99,26,304400,0,0,7356228651156183227
representative_application,application_hash_sdax,100,99,27,309600,0,0,6496560239278517594
representative_application,application_hash_sdax,100,99,28,305100,0,0,1600470374967907333
representative_application,application_hash_sdax,100,99,29,315300,0,0,7749396622089507156
representative_application,application_hash_sdax,100,99,30,317700,0,0,5914597544721144955
representative_application,application_hash_sdax,100,99,31,319100,0,0,8593148281290798141
representative_application,application_hash_sdax,100,99,32,310800,0,0,17312262507819578044
representative_application,application_hash_sdax,100,99,33,314900,0,0,8449402800832754809
representative_application,application_hash_sdax,100,99,34,310500,0,0,3614604414420252231
representative_application,application_hash_sdax,100,99,35,306100,0,0,2366660716473973819
representative_application,application_hash_sdax,100,99,36,305000,0,0,8524431054321544385
representative_application,application_hash_sdax,100,99,37,305300,0,0,11652126080490940143
representative_application,application_hash_sdax,100,99,38,307300,0,0,7153169922785203679
representative_application,application_hash_sdax,100,99,39,304400,0,0,6082470906507506695
representative_application_alloc,application_hash_sdax,100,99,0,0,5259,516301,4889995614244325387
representative_application,application_hash_handwritten,100,99,0,6100,0,0,11698499080773063168
representative_application,application_hash_handwritten,100,99,1,6100,0,0,1167273700599470747
representative_application,application_hash_handwritten,100,99,2,6200,0,0,230717062559681467
representative_application,application_hash_handwritten,100,99,3,6200,0,0,13461277124864170950
representative_application,application_hash_handwritten,100,99,4,6100,0,0,1843089491647656605
representative_application,application_hash_handwritten,100,99,5,6100,0,0,1884400405866327555
representative_application,application_hash_handwritten,100,99,6,6200,0,0,15657071968087079793
representative_application,application_hash_handwritten,100,99,7,6200,0,0,8136226820520416650
representative_application,application_hash_handwritten,100,99,8,6100,0,0,9211086410723557826
representative_application,application_hash_handwritten,100,99,9,6100,0,0,3206438314367023031
representative_application,application_hash_handwritten,100,99,10,6200,0,0,5368241661201366768
representative_application,application_hash_handwritten,100,99,11,6200,0,0,6168939717596367289
representative_application,application_hash_handwritten,100,99,12,6100,0,0,14206662131410471244
representative_application,application_hash_handwritten,100,99,13,6100,0,0,13119166869922341978
representative_application,application_hash_handwritten,100,99,14,6200,0,0,13832537443924736587
representative_application,application_hash_handwritten,100,99,15,6100,0,0,10215951684877506975
representative_application,application_hash_handwritten,100,99,16,6100,0,0,5034229283543529573
representative_application,application_hash_handwritten,100,99,17,6100,0,0,14677823012927430833
representative_application,application_hash_handwritten,100,99,18,6200,0,0,13894612964717701902
representative_application,application_hash_handwritten,100,99,19,6100,0,0,15583721593309401491
representative_application,application_hash_handwritten,100,99,20,6100,0,0,6418842662590208826
representative_application,application_hash_handwritten,100,99,21,6200,0,0,13631435880641776914
representative_application,application_hash_handwritten,100,99,22,6200,0,0,17183653852698357093
representative_application,application_hash_handwritten,100,99,23,6100,0,0,9274972455216937605
representative_application,application_hash_handwritten,100,99,24,6100,0,0,9355792106790873695
representative_application,application_hash_handwritten,100,99,25,6100,0,0,6870977820890846113
representative_application,application_hash_handwritten,100,99,26,6200,0,0,7356228651156183226
representative_application,application_hash_handwritten,100,99,27,6200,0,0,6496560239278517595
representative_application,application_hash_handwritten,100,99,28,6100,0,0,1600470374967907332
representative_application,application_hash_handwritten,100,99,29,6100,0,0,7749396622089507157
representative_application,application_hash_handwritten,100,99,30,6200,0,0,5914597544721144954
representative_application,application_hash_handwritten,100,99,31,6200,0,0,8593148281290798140
representative_application,application_hash_handwritten,100,99,32,6100,0,0,17312262507819578045
representative_application,application_hash_handwritten,100,99,33,6100,0,0,8449402800832754808
representative_application,application_hash_handwritten,100,99,34,6200,0,0,3614604414420252230
representative_application,application_hash_handwritten,100,99,35,6100,0,0,2366660716473973818
representative_application,application_hash_handwritten,100,99,36,6100,0,0,8524431054321544384
representative_application,application_hash_handwritten,100,99,37,6100,0,0,11652126080490940142
representative_application,application_hash_handwritten,100,99,38,6100,0,0,7153169922785203678
representative_application,application_hash_handwritten,100,99,39,6100,0,0,6082470906507506694
