phase,workload,nodes,edges,sample,nanos,allocations,allocated_bytes,checksum
adapter_setup,current_thread_runtime,0,0,0,2400,0,0,0
adapter_setup,current_thread_runtime,0,0,1,1200,0,0,0
adapter_setup,current_thread_runtime,0,0,2,1000,0,0,0
adapter_setup,current_thread_runtime,0,0,3,1000,0,0,0
adapter_setup,current_thread_runtime,0,0,4,900,0,0,0
adapter_setup,current_thread_runtime,0,0,5,1000,0,0,0
adapter_setup,current_thread_runtime,0,0,6,1000,0,0,0
adapter_setup,current_thread_runtime,0,0,7,1000,0,0,0
adapter_setup,current_thread_runtime,0,0,8,1000,0,0,0
adapter_setup,current_thread_runtime,0,0,9,1000,0,0,0
adapter_setup,current_thread_runtime,0,0,10,1000,0,0,0
adapter_setup,current_thread_runtime,0,0,11,1000,0,0,0
adapter_setup,current_thread_runtime,0,0,12,900,0,0,0
adapter_setup,current_thread_runtime,0,0,13,900,0,0,0
adapter_setup,current_thread_runtime,0,0,14,1200,0,0,0
adapter_setup,current_thread_runtime,0,0,15,1200,0,0,0
adapter_setup,current_thread_runtime,0,0,16,1100,0,0,0
adapter_setup,current_thread_runtime,0,0,17,1100,0,0,0
adapter_setup,current_thread_runtime,0,0,18,900,0,0,0
adapter_setup,current_thread_runtime,0,0,19,900,0,0,0
adapter_setup,current_thread_runtime,0,0,20,900,0,0,0
adapter_setup,current_thread_runtime,0,0,21,1000,0,0,0
adapter_setup,current_thread_runtime,0,0,22,1000,0,0,0
adapter_setup,current_thread_runtime,0,0,23,900,0,0,0
adapter_setup,current_thread_runtime,0,0,24,900,0,0,0
adapter_setup,current_thread_runtime,0,0,25,900,0,0,0
adapter_setup,current_thread_runtime,0,0,26,1000,0,0,0
adapter_setup,current_thread_runtime,0,0,27,1000,0,0,0
adapter_setup,current_thread_runtime,0,0,28,1000,0,0,0
adapter_setup,current_thread_runtime,0,0,29,900,0,0,0
adapter_setup,current_thread_runtime,0,0,30,900,0,0,0
adapter_setup,current_thread_runtime,0,0,31,1000,0,0,0
adapter_setup,current_thread_runtime,0,0,32,1000,0,0,0
adapter_setup,current_thread_runtime,0,0,33,3700,0,0,0
adapter_setup,current_thread_runtime,0,0,34,1100,0,0,0
adapter_setup,current_thread_runtime,0,0,35,1000,0,0,0
adapter_setup,current_thread_runtime,0,0,36,900,0,0,0
adapter_setup,current_thread_runtime,0,0,37,900,0,0,0
adapter_setup,current_thread_runtime,0,0,38,900,0,0,0
adapter_setup,current_thread_runtime,0,0,39,1000,0,0,0
fixture_generation,graph_chain,1,0,0,200,0,0,5
fixture_generation,graph_chain,1,0,1,200,0,0,5
fixture_generation,graph_chain,1,0,2,200,0,0,5
fixture_generation,graph_chain,1,0,3,200,0,0,5
fixture_generation,graph_chain,1,0,4,100,0,0,5
fixture_generation,graph_chain,1,0,5,100,0,0,5
fixture_generation,graph_chain,1,0,6,200,0,0,5
fixture_generation,graph_chain,1,0,7,100,0,0,5
fixture_generation,graph_chain,1,0,8,100,0,0,5
fixture_generation,graph_chain,1,0,9,200,0,0,5
fixture_generation,graph_chain,1,0,10,100,0,0,5
fixture_generation,graph_chain,1,0,11,100,0,0,5
fixture_generation,graph_chain,1,0,12,100,0,0,5
fixture_generation,graph_chain,1,0,13,200,0,0,5
fixture_generation,graph_chain,1,0,14,100,0,0,5
fixture_generation,graph_chain,1,0,15,100,0,0,5
fixture_generation,graph_chain,1,0,16,200,0,0,5
fixture_generation,graph_chain,1,0,17,100,0,0,5
fixture_generation,graph_chain,1,0,18,100,0,0,5
fixture_generation,graph_chain,1,0,19,200,0,0,5
plan_build,graph_chain,1,0,0,8000,0,0,11
plan_build,graph_chain,1,0,1,2200,0,0,11
plan_build,graph_chain,1,0,2,1600,0,0,11
plan_build,graph_chain,1,0,3,1500,0,0,11
plan_build,graph_chain,1,0,4,1500,0,0,11
plan_build,graph_chain,1,0,5,1600,0,0,11
plan_build,graph_chain,1,0,6,1500,0,0,11
plan_build,graph_chain,1,0,7,1900,0,0,11
plan_build,graph_chain,1,0,8,1800,0,0,11
plan_build,graph_chain,1,0,9,1800,0,0,11
plan_build,graph_chain,1,0,10,1800,0,0,11
plan_build,graph_chain,1,0,11,1600,0,0,11
plan_build,graph_chain,1,0,12,1600,0,0,11
plan_build,graph_chain,1,0,13,1600,0,0,11
plan_build,graph_chain,1,0,14,1600,0,0,11
plan_build,graph_chain,1,0,15,1600,0,0,11
plan_build,graph_chain,1,0,16,1300,0,0,11
plan_build,graph_chain,1,0,17,1300,0,0,11
plan_build,graph_chain,1,0,18,1300,0,0,11
plan_build,graph_chain,1,0,19,1300,0,0,11
plan_build_alloc,graph_chain,1,0,0,0,36,6722,11
engine_execution,graph_chain,1,0,0,5100,0,0,1
engine_execution,graph_chain,1,0,1,5200,0,0,0
engine_execution,graph_chain,1,0,2,5200,0,0,3
engine_execution,graph_chain,1,0,3,5200,0,0,2
engine_execution,graph_chain,1,0,4,5200,0,0,5
engine_execution,graph_chain,1,0,5,5000,0,0,4
engine_execution,graph_chain,1,0,6,5100,0,0,7
engine_execution,graph_chain,1,0,7,5000,0,0,6
engine_execution,graph_chain,1,0,8,5000,0,0,9
engine_execution,graph_chain,1,0,9,5100,0,0,8
engine_execution,graph_chain,1,0,10,5100,0,0,11
engine_execution,graph_chain,1,0,11,5100,0,0,10
engine_execution,graph_chain,1,0,12,5100,0,0,13
engine_execution,graph_chain,1,0,13,5100,0,0,12
engine_execution,graph_chain,1,0,14,5100,0,0,15
engine_execution,graph_chain,1,0,15,5100,0,0,14
engine_execution,graph_chain,1,0,16,5200,0,0,17
engine_execution,graph_chain,1,0,17,5300,0,0,16
engine_execution,graph_chain,1,0,18,5200,0,0,19
engine_execution,graph_chain,1,0,19,5100,0,0,18
engine_execution,graph_chain,1,0,20,5000,0,0,21
engine_execution,graph_chain,1,0,21,5100,0,0,20
engine_execution,graph_chain,1,0,22,5100,0,0,23
engine_execution,graph_chain,1,0,23,5100,0,0,22
engine_execution,graph_chain,1,0,24,5100,0,0,25
engine_execution,graph_chain,1,0,25,5100,0,0,24
engine_execution,graph_chain,1,0,26,5000,0,0,27
engine_execution,graph_chain,1,0,27,5100,0,0,26
engine_execution,graph_chain,1,0,28,5200,0,0,29
engine_execution,graph_chain,1,0,29,5100,0,0,28
engine_execution,graph_chain,1,0,30,5400,0,0,31
engine_execution,graph_chain,1,0,31,5400,0,0,30
engine_execution,graph_chain,1,0,32,5300,0,0,33
engine_execution,graph_chain,1,0,33,5400,0,0,32
engine_execution,graph_chain,1,0,34,5400,0,0,35
engine_execution,graph_chain,1,0,35,6400,0,0,34
engine_execution,graph_chain,1,0,36,5300,0,0,37
engine_execution,graph_chain,1,0,37,5300,0,0,36
engine_execution,graph_chain,1,0,38,5200,0,0,39
engine_execution,graph_chain,1,0,39,5300,0,0,38
engine_execution_alloc,graph_chain,1,0,0,0,99,11356,23131
machine_state_setup,graph_chain,1,0,0,400,0,0,1
body_state_setup,graph_chain,1,0,0,400,0,0,0
machine_state_setup,graph_chain,1,0,1,200,0,0,1
body_state_setup,graph_chain,1,0,1,200,0,0,0
machine_state_setup,graph_chain,1,0,2,200,0,0,1
body_state_setup,graph_chain,1,0,2,500,0,0,0
machine_state_setup,graph_chain,1,0,3,300,0,0,1
body_state_setup,graph_chain,1,0,3,300,0,0,0
machine_state_setup,graph_chain,1,0,4,300,0,0,1
body_state_setup,graph_chain,1,0,4,300,0,0,0
machine_state_setup,graph_chain,1,0,5,200,0,0,1
body_state_setup,graph_chain,1,0,5,200,0,0,0
machine_state_setup,graph_chain,1,0,6,200,0,0,1
body_state_setup,graph_chain,1,0,6,200,0,0,0
machine_state_setup,graph_chain,1,0,7,300,0,0,1
body_state_setup,graph_chain,1,0,7,200,0,0,0
machine_state_setup,graph_chain,1,0,8,200,0,0,1
body_state_setup,graph_chain,1,0,8,200,0,0,0
machine_state_setup,graph_chain,1,0,9,200,0,0,1
body_state_setup,graph_chain,1,0,9,300,0,0,0
machine_state_setup,graph_chain,1,0,10,200,0,0,1
body_state_setup,graph_chain,1,0,10,300,0,0,0
machine_state_setup,graph_chain,1,0,11,200,0,0,1
body_state_setup,graph_chain,1,0,11,200,0,0,0
machine_state_setup,graph_chain,1,0,12,200,0,0,1
body_state_setup,graph_chain,1,0,12,200,0,0,0
machine_state_setup,graph_chain,1,0,13,200,0,0,1
body_state_setup,graph_chain,1,0,13,200,0,0,0
machine_state_setup,graph_chain,1,0,14,200,0,0,1
body_state_setup,graph_chain,1,0,14,200,0,0,0
machine_state_setup,graph_chain,1,0,15,200,0,0,1
body_state_setup,graph_chain,1,0,15,200,0,0,0
machine_state_setup,graph_chain,1,0,16,200,0,0,1
body_state_setup,graph_chain,1,0,16,200,0,0,0
machine_state_setup,graph_chain,1,0,17,200,0,0,1
body_state_setup,graph_chain,1,0,17,300,0,0,0
machine_state_setup,graph_chain,1,0,18,200,0,0,1
body_state_setup,graph_chain,1,0,18,200,0,0,0
machine_state_setup,graph_chain,1,0,19,200,0,0,1
body_state_setup,graph_chain,1,0,19,200,0,0,0
machine_state_setup,graph_chain,1,0,20,200,0,0,1
body_state_setup,graph_chain,1,0,20,200,0,0,0
machine_state_setup,graph_chain,1,0,21,200,0,0,1
body_state_setup,graph_chain,1,0,21,200,0,0,0
machine_state_setup,graph_chain,1,0,22,200,0,0,1
body_state_setup,graph_chain,1,0,22,300,0,0,0
machine_state_setup,graph_chain,1,0,23,200,0,0,1
body_state_setup,graph_chain,1,0,23,300,0,0,0
machine_state_setup,graph_chain,1,0,24,200,0,0,1
body_state_setup,graph_chain,1,0,24,300,0,0,0
machine_state_setup,graph_chain,1,0,25,200,0,0,1
body_state_setup,graph_chain,1,0,25,200,0,0,0
machine_state_setup,graph_chain,1,0,26,200,0,0,1
body_state_setup,graph_chain,1,0,26,200,0,0,0
machine_state_setup,graph_chain,1,0,27,200,0,0,1
body_state_setup,graph_chain,1,0,27,200,0,0,0
machine_state_setup,graph_chain,1,0,28,200,0,0,1
body_state_setup,graph_chain,1,0,28,200,0,0,0
machine_state_setup,graph_chain,1,0,29,200,0,0,1
body_state_setup,graph_chain,1,0,29,300,0,0,0
machine_state_setup,graph_chain,1,0,30,200,0,0,1
body_state_setup,graph_chain,1,0,30,300,0,0,0
machine_state_setup,graph_chain,1,0,31,200,0,0,1
body_state_setup,graph_chain,1,0,31,300,0,0,0
machine_state_setup,graph_chain,1,0,32,200,0,0,1
body_state_setup,graph_chain,1,0,32,600,0,0,0
machine_state_setup,graph_chain,1,0,33,200,0,0,1
body_state_setup,graph_chain,1,0,33,400,0,0,0
machine_state_setup,graph_chain,1,0,34,200,0,0,1
body_state_setup,graph_chain,1,0,34,300,0,0,0
machine_state_setup,graph_chain,1,0,35,200,0,0,1
body_state_setup,graph_chain,1,0,35,200,0,0,0
machine_state_setup,graph_chain,1,0,36,200,0,0,1
body_state_setup,graph_chain,1,0,36,300,0,0,0
machine_state_setup,graph_chain,1,0,37,200,0,0,1
body_state_setup,graph_chain,1,0,37,300,0,0,0
machine_state_setup,graph_chain,1,0,38,200,0,0,1
body_state_setup,graph_chain,1,0,38,200,0,0,0
machine_state_setup,graph_chain,1,0,39,200,0,0,1
body_state_setup,graph_chain,1,0,39,300,0,0,0
pure_machine_events_preseeded,graph_chain,1,0,0,1900,0,0,1
pure_machine_events_preseeded,graph_chain,1,0,1,1100,0,0,1
pure_machine_events_preseeded,graph_chain,1,0,2,1000,0,0,1
pure_machine_events_preseeded,graph_chain,1,0,3,1100,0,0,1
pure_machine_events_preseeded,graph_chain,1,0,4,1000,0,0,1
pure_machine_events_preseeded,graph_chain,1,0,5,1000,0,0,1
pure_machine_events_preseeded,graph_chain,1,0,6,1000,0,0,1
pure_machine_events_preseeded,graph_chain,1,0,7,1000,0,0,1
pure_machine_events_preseeded,graph_chain,1,0,8,1000,0,0,1
pure_machine_events_preseeded,graph_chain,1,0,9,1000,0,0,1
pure_machine_events_preseeded,graph_chain,1,0,10,1000,0,0,1
pure_machine_events_preseeded,graph_chain,1,0,11,900,0,0,1
pure_machine_events_preseeded,graph_chain,1,0,12,900,0,0,1
pure_machine_events_preseeded,graph_chain,1,0,13,1000,0,0,1
pure_machine_events_preseeded,graph_chain,1,0,14,1000,0,0,1
pure_machine_events_preseeded,graph_chain,1,0,15,1000,0,0,1
pure_machine_events_preseeded,graph_chain,1,0,16,1000,0,0,1
pure_machine_events_preseeded,graph_chain,1,0,17,1000,0,0,1
pure_machine_events_preseeded,graph_chain,1,0,18,1000,0,0,1
pure_machine_events_preseeded,graph_chain,1,0,19,1000,0,0,1
pure_machine_events_preseeded,graph_chain,1,0,20,900,0,0,1
pure_machine_events_preseeded,graph_chain,1,0,21,900,0,0,1
pure_machine_events_preseeded,graph_chain,1,0,22,1000,0,0,1
pure_machine_events_preseeded,graph_chain,1,0,23,1000,0,0,1
pure_machine_events_preseeded,graph_chain,1,0,24,1000,0,0,1
pure_machine_events_preseeded,graph_chain,1,0,25,900,0,0,1
pure_machine_events_preseeded,graph_chain,1,0,26,1000,0,0,1
pure_machine_events_preseeded,graph_chain,1,0,27,900,0,0,1
pure_machine_events_preseeded,graph_chain,1,0,28,1000,0,0,1
pure_machine_events_preseeded,graph_chain,1,0,29,900,0,0,1
pure_machine_events_preseeded,graph_chain,1,0,30,1000,0,0,1
pure_machine_events_preseeded,graph_chain,1,0,31,900,0,0,1
pure_machine_events_preseeded,graph_chain,1,0,32,1000,0,0,1
pure_machine_events_preseeded,graph_chain,1,0,33,1000,0,0,1
pure_machine_events_preseeded,graph_chain,1,0,34,1000,0,0,1
pure_machine_events_preseeded,graph_chain,1,0,35,1000,0,0,1
pure_machine_events_preseeded,graph_chain,1,0,36,900,0,0,1
pure_machine_events_preseeded,graph_chain,1,0,37,900,0,0,1
pure_machine_events_preseeded,graph_chain,1,0,38,1000,0,0,1
pure_machine_events_preseeded,graph_chain,1,0,39,1000,0,0,1
fixture_generation,graph_wide,1,0,0,200,0,0,5
fixture_generation,graph_wide,1,0,1,100,0,0,5
fixture_generation,graph_wide,1,0,2,100,0,0,5
fixture_generation,graph_wide,1,0,3,100,0,0,5
fixture_generation,graph_wide,1,0,4,200,0,0,5
fixture_generation,graph_wide,1,0,5,200,0,0,5
fixture_generation,graph_wide,1,0,6,300,0,0,5
fixture_generation,graph_wide,1,0,7,100,0,0,5
fixture_generation,graph_wide,1,0,8,100,0,0,5
fixture_generation,graph_wide,1,0,9,200,0,0,5
fixture_generation,graph_wide,1,0,10,200,0,0,5
fixture_generation,graph_wide,1,0,11,100,0,0,5
fixture_generation,graph_wide,1,0,12,100,0,0,5
fixture_generation,graph_wide,1,0,13,200,0,0,5
fixture_generation,graph_wide,1,0,14,100,0,0,5
fixture_generation,graph_wide,1,0,15,300,0,0,5
fixture_generation,graph_wide,1,0,16,300,0,0,5
fixture_generation,graph_wide,1,0,17,500,0,0,5
fixture_generation,graph_wide,1,0,18,300,0,0,5
fixture_generation,graph_wide,1,0,19,200,0,0,5
plan_build,graph_wide,1,0,0,9100,0,0,10
plan_build,graph_wide,1,0,1,1500,0,0,10
plan_build,graph_wide,1,0,2,1400,0,0,10
plan_build,graph_wide,1,0,3,1400,0,0,10
plan_build,graph_wide,1,0,4,1400,0,0,10
plan_build,graph_wide,1,0,5,1400,0,0,10
plan_build,graph_wide,1,0,6,1400,0,0,10
plan_build,graph_wide,1,0,7,1300,0,0,10
plan_build,graph_wide,1,0,8,1500,0,0,10
plan_build,graph_wide,1,0,9,1400,0,0,10
plan_build,graph_wide,1,0,10,1400,0,0,10
plan_build,graph_wide,1,0,11,1300,0,0,10
plan_build,graph_wide,1,0,12,1200,0,0,10
plan_build,graph_wide,1,0,13,1300,0,0,10
plan_build,graph_wide,1,0,14,1300,0,0,10
plan_build,graph_wide,1,0,15,1300,0,0,10
plan_build,graph_wide,1,0,16,1300,0,0,10
plan_build,graph_wide,1,0,17,1300,0,0,10
plan_build,graph_wide,1,0,18,1400,0,0,10
plan_build,graph_wide,1,0,19,1300,0,0,10
plan_build_alloc,graph_wide,1,0,0,0,36,6720,10
engine_execution,graph_wide,1,0,0,5000,0,0,1
engine_execution,graph_wide,1,0,1,5100,0,0,0
engine_execution,graph_wide,1,0,2,5100,0,0,3
engine_execution,graph_wide,1,0,3,5200,0,0,2
engine_execution,graph_wide,1,0,4,5100,0,0,5
engine_execution,graph_wide,1,0,5,5200,0,0,4
engine_execution,graph_wide,1,0,6,5300,0,0,7
engine_execution,graph_wide,1,0,7,5300,0,0,6
engine_execution,graph_wide,1,0,8,5200,0,0,9
engine_execution,graph_wide,1,0,9,5200,0,0,8
engine_execution,graph_wide,1,0,10,5200,0,0,11
engine_execution,graph_wide,1,0,11,5800,0,0,10
engine_execution,graph_wide,1,0,12,5300,0,0,13
engine_execution,graph_wide,1,0,13,5200,0,0,12
engine_execution,graph_wide,1,0,14,5300,0,0,15
engine_execution,graph_wide,1,0,15,5400,0,0,14
engine_execution,graph_wide,1,0,16,6000,0,0,17
engine_execution,graph_wide,1,0,17,5400,0,0,16
engine_execution,graph_wide,1,0,18,5300,0,0,19
engine_execution,graph_wide,1,0,19,5300,0,0,18
engine_execution,graph_wide,1,0,20,5300,0,0,21
engine_execution,graph_wide,1,0,21,5300,0,0,20
engine_execution,graph_wide,1,0,22,5300,0,0,23
engine_execution,graph_wide,1,0,23,5200,0,0,22
engine_execution,graph_wide,1,0,24,5100,0,0,25
engine_execution,graph_wide,1,0,25,4900,0,0,24
engine_execution,graph_wide,1,0,26,5100,0,0,27
engine_execution,graph_wide,1,0,27,5000,0,0,26
engine_execution,graph_wide,1,0,28,5100,0,0,29
engine_execution,graph_wide,1,0,29,4900,0,0,28
engine_execution,graph_wide,1,0,30,5100,0,0,31
engine_execution,graph_wide,1,0,31,5000,0,0,30
engine_execution,graph_wide,1,0,32,5100,0,0,33
engine_execution,graph_wide,1,0,33,5000,0,0,32
engine_execution,graph_wide,1,0,34,5100,0,0,35
engine_execution,graph_wide,1,0,35,5100,0,0,34
engine_execution,graph_wide,1,0,36,5200,0,0,37
engine_execution,graph_wide,1,0,37,5000,0,0,36
engine_execution,graph_wide,1,0,38,5000,0,0,39
engine_execution,graph_wide,1,0,39,5000,0,0,38
engine_execution_alloc,graph_wide,1,0,0,0,99,11355,23131
machine_state_setup,graph_wide,1,0,0,200,0,0,1
body_state_setup,graph_wide,1,0,0,300,0,0,0
machine_state_setup,graph_wide,1,0,1,300,0,0,1
body_state_setup,graph_wide,1,0,1,200,0,0,0
machine_state_setup,graph_wide,1,0,2,200,0,0,1
body_state_setup,graph_wide,1,0,2,200,0,0,0
machine_state_setup,graph_wide,1,0,3,200,0,0,1
body_state_setup,graph_wide,1,0,3,300,0,0,0
machine_state_setup,graph_wide,1,0,4,200,0,0,1
body_state_setup,graph_wide,1,0,4,200,0,0,0
machine_state_setup,graph_wide,1,0,5,200,0,0,1
body_state_setup,graph_wide,1,0,5,200,0,0,0
machine_state_setup,graph_wide,1,0,6,200,0,0,1
body_state_setup,graph_wide,1,0,6,200,0,0,0
machine_state_setup,graph_wide,1,0,7,200,0,0,1
body_state_setup,graph_wide,1,0,7,300,0,0,0
machine_state_setup,graph_wide,1,0,8,200,0,0,1
body_state_setup,graph_wide,1,0,8,200,0,0,0
machine_state_setup,graph_wide,1,0,9,300,0,0,1
body_state_setup,graph_wide,1,0,9,200,0,0,0
machine_state_setup,graph_wide,1,0,10,200,0,0,1
body_state_setup,graph_wide,1,0,10,200,0,0,0
machine_state_setup,graph_wide,1,0,11,200,0,0,1
body_state_setup,graph_wide,1,0,11,300,0,0,0
machine_state_setup,graph_wide,1,0,12,200,0,0,1
body_state_setup,graph_wide,1,0,12,300,0,0,0
machine_state_setup,graph_wide,1,0,13,200,0,0,1
body_state_setup,graph_wide,1,0,13,200,0,0,0
machine_state_setup,graph_wide,1,0,14,200,0,0,1
body_state_setup,graph_wide,1,0,14,200,0,0,0
machine_state_setup,graph_wide,1,0,15,300,0,0,1
body_state_setup,graph_wide,1,0,15,200,0,0,0
machine_state_setup,graph_wide,1,0,16,200,0,0,1
body_state_setup,graph_wide,1,0,16,200,0,0,0
machine_state_setup,graph_wide,1,0,17,200,0,0,1
body_state_setup,graph_wide,1,0,17,300,0,0,0
machine_state_setup,graph_wide,1,0,18,200,0,0,1
body_state_setup,graph_wide,1,0,18,300,0,0,0
machine_state_setup,graph_wide,1,0,19,200,0,0,1
body_state_setup,graph_wide,1,0,19,200,0,0,0
machine_state_setup,graph_wide,1,0,20,200,0,0,1
body_state_setup,graph_wide,1,0,20,200,0,0,0
machine_state_setup,graph_wide,1,0,21,200,0,0,1
body_state_setup,graph_wide,1,0,21,300,0,0,0
machine_state_setup,graph_wide,1,0,22,200,0,0,1
body_state_setup,graph_wide,1,0,22,400,0,0,0
machine_state_setup,graph_wide,1,0,23,300,0,0,1
body_state_setup,graph_wide,1,0,23,600,0,0,0
machine_state_setup,graph_wide,1,0,24,400,0,0,1
body_state_setup,graph_wide,1,0,24,200,0,0,0
machine_state_setup,graph_wide,1,0,25,200,0,0,1
body_state_setup,graph_wide,1,0,25,200,0,0,0
machine_state_setup,graph_wide,1,0,26,200,0,0,1
body_state_setup,graph_wide,1,0,26,200,0,0,0
machine_state_setup,graph_wide,1,0,27,200,0,0,1
body_state_setup,graph_wide,1,0,27,200,0,0,0
machine_state_setup,graph_wide,1,0,28,300,0,0,1
body_state_setup,graph_wide,1,0,28,200,0,0,0
machine_state_setup,graph_wide,1,0,29,200,0,0,1
body_state_setup,graph_wide,1,0,29,200,0,0,0
machine_state_setup,graph_wide,1,0,30,200,0,0,1
body_state_setup,graph_wide,1,0,30,300,0,0,0
machine_state_setup,graph_wide,1,0,31,200,0,0,1
body_state_setup,graph_wide,1,0,31,200,0,0,0
machine_state_setup,graph_wide,1,0,32,300,0,0,1
body_state_setup,graph_wide,1,0,32,200,0,0,0
machine_state_setup,graph_wide,1,0,33,200,0,0,1
body_state_setup,graph_wide,1,0,33,300,0,0,0
machine_state_setup,graph_wide,1,0,34,200,0,0,1
body_state_setup,graph_wide,1,0,34,300,0,0,0
machine_state_setup,graph_wide,1,0,35,200,0,0,1
body_state_setup,graph_wide,1,0,35,300,0,0,0
machine_state_setup,graph_wide,1,0,36,200,0,0,1
body_state_setup,graph_wide,1,0,36,200,0,0,0
machine_state_setup,graph_wide,1,0,37,200,0,0,1
body_state_setup,graph_wide,1,0,37,200,0,0,0
machine_state_setup,graph_wide,1,0,38,200,0,0,1
body_state_setup,graph_wide,1,0,38,200,0,0,0
machine_state_setup,graph_wide,1,0,39,300,0,0,1
body_state_setup,graph_wide,1,0,39,200,0,0,0
fixture_generation,graph_sparse,1,0,0,200,0,0,5
fixture_generation,graph_sparse,1,0,1,200,0,0,5
fixture_generation,graph_sparse,1,0,2,200,0,0,5
fixture_generation,graph_sparse,1,0,3,200,0,0,5
fixture_generation,graph_sparse,1,0,4,200,0,0,5
fixture_generation,graph_sparse,1,0,5,200,0,0,5
fixture_generation,graph_sparse,1,0,6,100,0,0,5
fixture_generation,graph_sparse,1,0,7,200,0,0,5
fixture_generation,graph_sparse,1,0,8,200,0,0,5
fixture_generation,graph_sparse,1,0,9,100,0,0,5
fixture_generation,graph_sparse,1,0,10,100,0,0,5
fixture_generation,graph_sparse,1,0,11,200,0,0,5
fixture_generation,graph_sparse,1,0,12,200,0,0,5
fixture_generation,graph_sparse,1,0,13,100,0,0,5
fixture_generation,graph_sparse,1,0,14,100,0,0,5
fixture_generation,graph_sparse,1,0,15,100,0,0,5
fixture_generation,graph_sparse,1,0,16,200,0,0,5
fixture_generation,graph_sparse,1,0,17,200,0,0,5
fixture_generation,graph_sparse,1,0,18,100,0,0,5
fixture_generation,graph_sparse,1,0,19,100,0,0,5
plan_build,graph_sparse,1,0,0,3300,0,0,12
plan_build,graph_sparse,1,0,1,1500,0,0,12
plan_build,graph_sparse,1,0,2,1400,0,0,12
plan_build,graph_sparse,1,0,3,1400,0,0,12
plan_build,graph_sparse,1,0,4,1400,0,0,12
plan_build,graph_sparse,1,0,5,1400,0,0,12
plan_build,graph_sparse,1,0,6,1400,0,0,12
plan_build,graph_sparse,1,0,7,1300,0,0,12
plan_build,graph_sparse,1,0,8,1500,0,0,12
plan_build,graph_sparse,1,0,9,1800,0,0,12
plan_build,graph_sparse,1,0,10,1700,0,0,12
plan_build,graph_sparse,1,0,11,1700,0,0,12
plan_build,graph_sparse,1,0,12,1700,0,0,12
plan_build,graph_sparse,1,0,13,1600,0,0,12
plan_build,graph_sparse,1,0,14,1500,0,0,12
plan_build,graph_sparse,1,0,15,1700,0,0,12
plan_build,graph_sparse,1,0,16,1800,0,0,12
plan_build,graph_sparse,1,0,17,1600,0,0,12
plan_build,graph_sparse,1,0,18,1300,0,0,12
plan_build,graph_sparse,1,0,19,1300,0,0,12
plan_build_alloc,graph_sparse,1,0,0,0,36,6724,12
engine_execution,graph_sparse,1,0,0,5100,0,0,1
engine_execution,graph_sparse,1,0,1,5100,0,0,0
engine_execution,graph_sparse,1,0,2,5000,0,0,3
engine_execution,graph_sparse,1,0,3,5100,0,0,2
engine_execution,graph_sparse,1,0,4,5100,0,0,5
engine_execution,graph_sparse,1,0,5,5000,0,0,4
engine_execution,graph_sparse,1,0,6,4900,0,0,7
engine_execution,graph_sparse,1,0,7,5200,0,0,6
engine_execution,graph_sparse,1,0,8,5100,0,0,9
engine_execution,graph_sparse,1,0,9,4900,0,0,8
engine_execution,graph_sparse,1,0,10,5000,0,0,11
engine_execution,graph_sparse,1,0,11,5100,0,0,10
engine_execution,graph_sparse,1,0,12,5000,0,0,13
engine_execution,graph_sparse,1,0,13,5000,0,0,12
engine_execution,graph_sparse,1,0,14,5000,0,0,15
engine_execution,graph_sparse,1,0,15,5100,0,0,14
engine_execution,graph_sparse,1,0,16,4900,0,0,17
engine_execution,graph_sparse,1,0,17,4900,0,0,16
engine_execution,graph_sparse,1,0,18,5000,0,0,19
engine_execution,graph_sparse,1,0,19,4900,0,0,18
engine_execution,graph_sparse,1,0,20,5000,0,0,21
engine_execution,graph_sparse,1,0,21,5000,0,0,20
engine_execution,graph_sparse,1,0,22,4900,0,0,23
engine_execution,graph_sparse,1,0,23,4900,0,0,22
engine_execution,graph_sparse,1,0,24,5000,0,0,25
engine_execution,graph_sparse,1,0,25,5000,0,0,24
engine_execution,graph_sparse,1,0,26,4900,0,0,27
engine_execution,graph_sparse,1,0,27,5000,0,0,26
engine_execution,graph_sparse,1,0,28,5000,0,0,29
engine_execution,graph_sparse,1,0,29,5000,0,0,28
engine_execution,graph_sparse,1,0,30,5000,0,0,31
engine_execution,graph_sparse,1,0,31,5000,0,0,30
engine_execution,graph_sparse,1,0,32,9100,0,0,33
engine_execution,graph_sparse,1,0,33,5500,0,0,32
engine_execution,graph_sparse,1,0,34,5400,0,0,35
engine_execution,graph_sparse,1,0,35,5300,0,0,34
engine_execution,graph_sparse,1,0,36,5300,0,0,37
engine_execution,graph_sparse,1,0,37,6400,0,0,36
engine_execution,graph_sparse,1,0,38,5400,0,0,39
engine_execution,graph_sparse,1,0,39,5400,0,0,38
engine_execution_alloc,graph_sparse,1,0,0,0,99,11357,23131
machine_state_setup,graph_sparse,1,0,0,300,0,0,1
body_state_setup,graph_sparse,1,0,0,200,0,0,0
machine_state_setup,graph_sparse,1,0,1,200,0,0,1
body_state_setup,graph_sparse,1,0,1,300,0,0,0
machine_state_setup,graph_sparse,1,0,2,200,0,0,1
body_state_setup,graph_sparse,1,0,2,200,0,0,0
machine_state_setup,graph_sparse,1,0,3,200,0,0,1
body_state_setup,graph_sparse,1,0,3,500,0,0,0
machine_state_setup,graph_sparse,1,0,4,400,0,0,1
body_state_setup,graph_sparse,1,0,4,200,0,0,0
machine_state_setup,graph_sparse,1,0,5,300,0,0,1
body_state_setup,graph_sparse,1,0,5,300,0,0,0
machine_state_setup,graph_sparse,1,0,6,200,0,0,1
body_state_setup,graph_sparse,1,0,6,300,0,0,0
machine_state_setup,graph_sparse,1,0,7,200,0,0,1
body_state_setup,graph_sparse,1,0,7,300,0,0,0
machine_state_setup,graph_sparse,1,0,8,200,0,0,1
body_state_setup,graph_sparse,1,0,8,200,0,0,0
machine_state_setup,graph_sparse,1,0,9,300,0,0,1
body_state_setup,graph_sparse,1,0,9,200,0,0,0
machine_state_setup,graph_sparse,1,0,10,200,0,0,1
body_state_setup,graph_sparse,1,0,10,200,0,0,0
machine_state_setup,graph_sparse,1,0,11,200,0,0,1
body_state_setup,graph_sparse,1,0,11,200,0,0,0
machine_state_setup,graph_sparse,1,0,12,200,0,0,1
body_state_setup,graph_sparse,1,0,12,300,0,0,0
machine_state_setup,graph_sparse,1,0,13,200,0,0,1
body_state_setup,graph_sparse,1,0,13,300,0,0,0
machine_state_setup,graph_sparse,1,0,14,300,0,0,1
body_state_setup,graph_sparse,1,0,14,300,0,0,0
machine_state_setup,graph_sparse,1,0,15,200,0,0,1
body_state_setup,graph_sparse,1,0,15,200,0,0,0
machine_state_setup,graph_sparse,1,0,16,200,0,0,1
body_state_setup,graph_sparse,1,0,16,200,0,0,0
machine_state_setup,graph_sparse,1,0,17,200,0,0,1
body_state_setup,graph_sparse,1,0,17,200,0,0,0
machine_state_setup,graph_sparse,1,0,18,200,0,0,1
body_state_setup,graph_sparse,1,0,18,200,0,0,0
machine_state_setup,graph_sparse,1,0,19,200,0,0,1
body_state_setup,graph_sparse,1,0,19,200,0,0,0
machine_state_setup,graph_sparse,1,0,20,300,0,0,1
body_state_setup,graph_sparse,1,0,20,200,0,0,0
machine_state_setup,graph_sparse,1,0,21,200,0,0,1
body_state_setup,graph_sparse,1,0,21,200,0,0,0
machine_state_setup,graph_sparse,1,0,22,200,0,0,1
body_state_setup,graph_sparse,1,0,22,300,0,0,0
machine_state_setup,graph_sparse,1,0,23,200,0,0,1
body_state_setup,graph_sparse,1,0,23,300,0,0,0
machine_state_setup,graph_sparse,1,0,24,200,0,0,1
body_state_setup,graph_sparse,1,0,24,300,0,0,0
machine_state_setup,graph_sparse,1,0,25,200,0,0,1
body_state_setup,graph_sparse,1,0,25,200,0,0,0
machine_state_setup,graph_sparse,1,0,26,200,0,0,1
body_state_setup,graph_sparse,1,0,26,200,0,0,0
machine_state_setup,graph_sparse,1,0,27,200,0,0,1
body_state_setup,graph_sparse,1,0,27,200,0,0,0
machine_state_setup,graph_sparse,1,0,28,200,0,0,1
body_state_setup,graph_sparse,1,0,28,200,0,0,0
machine_state_setup,graph_sparse,1,0,29,300,0,0,1
body_state_setup,graph_sparse,1,0,29,200,0,0,0
machine_state_setup,graph_sparse,1,0,30,200,0,0,1
body_state_setup,graph_sparse,1,0,30,200,0,0,0
machine_state_setup,graph_sparse,1,0,31,200,0,0,1
body_state_setup,graph_sparse,1,0,31,200,0,0,0
machine_state_setup,graph_sparse,1,0,32,200,0,0,1
body_state_setup,graph_sparse,1,0,32,200,0,0,0
machine_state_setup,graph_sparse,1,0,33,200,0,0,1
body_state_setup,graph_sparse,1,0,33,200,0,0,0
machine_state_setup,graph_sparse,1,0,34,200,0,0,1
body_state_setup,graph_sparse,1,0,34,300,0,0,0
machine_state_setup,graph_sparse,1,0,35,200,0,0,1
body_state_setup,graph_sparse,1,0,35,200,0,0,0
machine_state_setup,graph_sparse,1,0,36,200,0,0,1
body_state_setup,graph_sparse,1,0,36,200,0,0,0
machine_state_setup,graph_sparse,1,0,37,200,0,0,1
body_state_setup,graph_sparse,1,0,37,200,0,0,0
machine_state_setup,graph_sparse,1,0,38,200,0,0,1
body_state_setup,graph_sparse,1,0,38,200,0,0,0
machine_state_setup,graph_sparse,1,0,39,300,0,0,1
body_state_setup,graph_sparse,1,0,39,200,0,0,0
fixture_generation,graph_chain,10,9,0,900,0,0,50
fixture_generation,graph_chain,10,9,1,800,0,0,50
fixture_generation,graph_chain,10,9,2,800,0,0,50
fixture_generation,graph_chain,10,9,3,800,0,0,50
fixture_generation,graph_chain,10,9,4,700,0,0,50
fixture_generation,graph_chain,10,9,5,700,0,0,50
fixture_generation,graph_chain,10,9,6,800,0,0,50
fixture_generation,graph_chain,10,9,7,800,0,0,50
fixture_generation,graph_chain,10,9,8,800,0,0,50
fixture_generation,graph_chain,10,9,9,700,0,0,50
fixture_generation,graph_chain,10,9,10,700,0,0,50
fixture_generation,graph_chain,10,9,11,700,0,0,50
fixture_generation,graph_chain,10,9,12,800,0,0,50
fixture_generation,graph_chain,10,9,13,800,0,0,50
fixture_generation,graph_chain,10,9,14,800,0,0,50
fixture_generation,graph_chain,10,9,15,900,0,0,50
fixture_generation,graph_chain,10,9,16,700,0,0,50
fixture_generation,graph_chain,10,9,17,800,0,0,50
fixture_generation,graph_chain,10,9,18,800,0,0,50
fixture_generation,graph_chain,10,9,19,800,0,0,50
plan_build,graph_chain,10,9,0,62800,0,0,11
plan_build,graph_chain,10,9,1,17100,0,0,11
plan_build,graph_chain,10,9,2,8100,0,0,11
plan_build,graph_chain,10,9,3,6800,0,0,11
plan_build,graph_chain,10,9,4,10000,0,0,11
plan_build,graph_chain,10,9,5,7000,0,0,11
plan_build,graph_chain,10,9,6,7700,0,0,11
plan_build,graph_chain,10,9,7,6900,0,0,11
plan_build,graph_chain,10,9,8,6700,0,0,11
plan_build,graph_chain,10,9,9,6700,0,0,11
plan_build,graph_chain,10,9,10,6600,0,0,11
plan_build,graph_chain,10,9,11,6900,0,0,11
plan_build,graph_chain,10,9,12,7700,0,0,11
plan_build,graph_chain,10,9,13,7300,0,0,11
plan_build,graph_chain,10,9,14,7100,0,0,11
plan_build,graph_chain,10,9,15,6800,0,0,11
plan_build,graph_chain,10,9,16,6600,0,0,11
plan_build,graph_chain,10,9,17,6500,0,0,11
plan_build,graph_chain,10,9,18,6500,0,0,11
plan_build,graph_chain,10,9,19,6500,0,0,11
plan_build_alloc,graph_chain,10,9,0,0,162,35321,11
engine_execution,graph_chain,10,9,0,31700,0,0,0
engine_execution,graph_chain,10,9,1,29800,0,0,1
engine_execution,graph_chain,10,9,2,30400,0,0,2
engine_execution,graph_chain,10,9,3,29000,0,0,3
engine_execution,graph_chain,10,9,4,29200,0,0,4
engine_execution,graph_chain,10,9,5,28700,0,0,5
engine_execution,graph_chain,10,9,6,28700,0,0,6
engine_execution,graph_chain,10,9,7,28200,0,0,7
engine_execution,graph_chain,10,9,8,28600,0,0,8
engine_execution,graph_chain,10,9,9,28600,0,0,9
engine_execution,graph_chain,10,9,10,28300,0,0,10
engine_execution,graph_chain,10,9,11,28300,0,0,11
engine_execution,graph_chain,10,9,12,28900,0,0,12
engine_execution,graph_chain,10,9,13,29300,0,0,13
engine_execution,graph_chain,10,9,14,28300,0,0,14
engine_execution,graph_chain,10,9,15,28700,0,0,15
engine_execution,graph_chain,10,9,16,28300,0,0,16
engine_execution,graph_chain,10,9,17,28000,0,0,17
engine_execution,graph_chain,10,9,18,28600,0,0,18
engine_execution,graph_chain,10,9,19,28700,0,0,19
engine_execution,graph_chain,10,9,20,28500,0,0,20
engine_execution,graph_chain,10,9,21,28600,0,0,21
engine_execution,graph_chain,10,9,22,28800,0,0,22
engine_execution,graph_chain,10,9,23,28400,0,0,23
engine_execution,graph_chain,10,9,24,28200,0,0,24
engine_execution,graph_chain,10,9,25,28400,0,0,25
engine_execution,graph_chain,10,9,26,28400,0,0,26
engine_execution,graph_chain,10,9,27,28000,0,0,27
engine_execution,graph_chain,10,9,28,28800,0,0,28
engine_execution,graph_chain,10,9,29,28700,0,0,29
engine_execution,graph_chain,10,9,30,28000,0,0,30
engine_execution,graph_chain,10,9,31,28900,0,0,31
engine_execution,graph_chain,10,9,32,28700,0,0,32
engine_execution,graph_chain,10,9,33,28200,0,0,33
engine_execution,graph_chain,10,9,34,28300,0,0,34
engine_execution,graph_chain,10,9,35,28400,0,0,35
engine_execution,graph_chain,10,9,36,27800,0,0,36
engine_execution,graph_chain,10,9,37,27900,0,0,37
engine_execution,graph_chain,10,9,38,29900,0,0,38
engine_execution,graph_chain,10,9,39,29200,0,0,39
engine_execution_alloc,graph_chain,10,9,0,0,572,44928,23130
machine_state_setup,graph_chain,10,9,0,1300,0,0,10
body_state_setup,graph_chain,10,9,0,400,0,0,0
machine_state_setup,graph_chain,10,9,1,900,0,0,10
body_state_setup,graph_chain,10,9,1,200,0,0,0
machine_state_setup,graph_chain,10,9,2,900,0,0,10
body_state_setup,graph_chain,10,9,2,200,0,0,0
machine_state_setup,graph_chain,10,9,3,900,0,0,10
body_state_setup,graph_chain,10,9,3,300,0,0,0
machine_state_setup,graph_chain,10,9,4,800,0,0,10
body_state_setup,graph_chain,10,9,4,200,0,0,0
machine_state_setup,graph_chain,10,9,5,800,0,0,10
body_state_setup,graph_chain,10,9,5,200,0,0,0
machine_state_setup,graph_chain,10,9,6,800,0,0,10
body_state_setup,graph_chain,10,9,6,300,0,0,0
machine_state_setup,graph_chain,10,9,7,900,0,0,10
body_state_setup,graph_chain,10,9,7,200,0,0,0
machine_state_setup,graph_chain,10,9,8,800,0,0,10
body_state_setup,graph_chain,10,9,8,300,0,0,0
machine_state_setup,graph_chain,10,9,9,900,0,0,10
body_state_setup,graph_chain,10,9,9,300,0,0,0
machine_state_setup,graph_chain,10,9,10,900,0,0,10
body_state_setup,graph_chain,10,9,10,300,0,0,0
machine_state_setup,graph_chain,10,9,11,900,0,0,10
body_state_setup,graph_chain,10,9,11,200,0,0,0
machine_state_setup,graph_chain,10,9,12,800,0,0,10
body_state_setup,graph_chain,10,9,12,200,0,0,0
machine_state_setup,graph_chain,10,9,13,900,0,0,10
body_state_setup,graph_chain,10,9,13,200,0,0,0
machine_state_setup,graph_chain,10,9,14,900,0,0,10
body_state_setup,graph_chain,10,9,14,300,0,0,0
machine_state_setup,graph_chain,10,9,15,900,0,0,10
body_state_setup,graph_chain,10,9,15,300,0,0,0
machine_state_setup,graph_chain,10,9,16,900,0,0,10
body_state_setup,graph_chain,10,9,16,200,0,0,0
machine_state_setup,graph_chain,10,9,17,800,0,0,10
body_state_setup,graph_chain,10,9,17,200,0,0,0
machine_state_setup,graph_chain,10,9,18,800,0,0,10
body_state_setup,graph_chain,10,9,18,300,0,0,0
machine_state_setup,graph_chain,10,9,19,900,0,0,10
body_state_setup,graph_chain,10,9,19,300,0,0,0
machine_state_setup,graph_chain,10,9,20,900,0,0,10
body_state_setup,graph_chain,10,9,20,200,0,0,0
machine_state_setup,graph_chain,10,9,21,800,0,0,10
body_state_setup,graph_chain,10,9,21,200,0,0,0
machine_state_setup,graph_chain,10,9,22,900,0,0,10
body_state_setup,graph_chain,10,9,22,300,0,0,0
machine_state_setup,graph_chain,10,9,23,900,0,0,10
body_state_setup,graph_chain,10,9,23,200,0,0,0
machine_state_setup,graph_chain,10,9,24,900,0,0,10
body_state_setup,graph_chain,10,9,24,300,0,0,0
machine_state_setup,graph_chain,10,9,25,900,0,0,10
body_state_setup,graph_chain,10,9,25,300,0,0,0
machine_state_setup,graph_chain,10,9,26,900,0,0,10
body_state_setup,graph_chain,10,9,26,300,0,0,0
machine_state_setup,graph_chain,10,9,27,1200,0,0,10
body_state_setup,graph_chain,10,9,27,200,0,0,0
machine_state_setup,graph_chain,10,9,28,1100,0,0,10
body_state_setup,graph_chain,10,9,28,200,0,0,0
machine_state_setup,graph_chain,10,9,29,1000,0,0,10
body_state_setup,graph_chain,10,9,29,300,0,0,0
machine_state_setup,graph_chain,10,9,30,1100,0,0,10
body_state_setup,graph_chain,10,9,30,700,0,0,0
machine_state_setup,graph_chain,10,9,31,1100,0,0,10
body_state_setup,graph_chain,10,9,31,600,0,0,0
machine_state_setup,graph_chain,10,9,32,900,0,0,10
body_state_setup,graph_chain,10,9,32,300,0,0,0
machine_state_setup,graph_chain,10,9,33,800,0,0,10
body_state_setup,graph_chain,10,9,33,200,0,0,0
machine_state_setup,graph_chain,10,9,34,900,0,0,10
body_state_setup,graph_chain,10,9,34,200,0,0,0
machine_state_setup,graph_chain,10,9,35,800,0,0,10
body_state_setup,graph_chain,10,9,35,200,0,0,0
machine_state_setup,graph_chain,10,9,36,900,0,0,10
body_state_setup,graph_chain,10,9,36,300,0,0,0
machine_state_setup,graph_chain,10,9,37,800,0,0,10
body_state_setup,graph_chain,10,9,37,200,0,0,0
machine_state_setup,graph_chain,10,9,38,900,0,0,10
body_state_setup,graph_chain,10,9,38,200,0,0,0
machine_state_setup,graph_chain,10,9,39,800,0,0,10
body_state_setup,graph_chain,10,9,39,200,0,0,0
pure_machine_events_preseeded,graph_chain,10,9,0,8500,0,0,10
pure_machine_events_preseeded,graph_chain,10,9,1,7500,0,0,10
pure_machine_events_preseeded,graph_chain,10,9,2,7500,0,0,10
pure_machine_events_preseeded,graph_chain,10,9,3,7400,0,0,10
pure_machine_events_preseeded,graph_chain,10,9,4,7400,0,0,10
pure_machine_events_preseeded,graph_chain,10,9,5,7200,0,0,10
pure_machine_events_preseeded,graph_chain,10,9,6,7400,0,0,10
pure_machine_events_preseeded,graph_chain,10,9,7,7200,0,0,10
pure_machine_events_preseeded,graph_chain,10,9,8,7300,0,0,10
pure_machine_events_preseeded,graph_chain,10,9,9,7300,0,0,10
pure_machine_events_preseeded,graph_chain,10,9,10,7500,0,0,10
pure_machine_events_preseeded,graph_chain,10,9,11,7400,0,0,10
pure_machine_events_preseeded,graph_chain,10,9,12,7500,0,0,10
pure_machine_events_preseeded,graph_chain,10,9,13,7300,0,0,10
pure_machine_events_preseeded,graph_chain,10,9,14,7300,0,0,10
pure_machine_events_preseeded,graph_chain,10,9,15,7300,0,0,10
pure_machine_events_preseeded,graph_chain,10,9,16,7300,0,0,10
pure_machine_events_preseeded,graph_chain,10,9,17,7400,0,0,10
pure_machine_events_preseeded,graph_chain,10,9,18,7400,0,0,10
pure_machine_events_preseeded,graph_chain,10,9,19,7400,0,0,10
pure_machine_events_preseeded,graph_chain,10,9,20,7400,0,0,10
pure_machine_events_preseeded,graph_chain,10,9,21,7300,0,0,10
pure_machine_events_preseeded,graph_chain,10,9,22,7300,0,0,10
pure_machine_events_preseeded,graph_chain,10,9,23,7500,0,0,10
pure_machine_events_preseeded,graph_chain,10,9,24,7300,0,0,10
pure_machine_events_preseeded,graph_chain,10,9,25,7300,0,0,10
pure_machine_events_preseeded,graph_chain,10,9,26,7300,0,0,10
pure_machine_events_preseeded,graph_chain,10,9,27,7300,0,0,10
pure_machine_events_preseeded,graph_chain,10,9,28,7300,0,0,10
pure_machine_events_preseeded,graph_chain,10,9,29,7300,0,0,10
pure_machine_events_preseeded,graph_chain,10,9,30,7400,0,0,10
pure_machine_events_preseeded,graph_chain,10,9,31,7300,0,0,10
pure_machine_events_preseeded,graph_chain,10,9,32,7400,0,0,10
pure_machine_events_preseeded,graph_chain,10,9,33,7300,0,0,10
pure_machine_events_preseeded,graph_chain,10,9,34,7300,0,0,10
pure_machine_events_preseeded,graph_chain,10,9,35,7200,0,0,10
pure_machine_events_preseeded,graph_chain,10,9,36,7100,0,0,10
pure_machine_events_preseeded,graph_chain,10,9,37,7300,0,0,10
pure_machine_events_preseeded,graph_chain,10,9,38,7200,0,0,10
pure_machine_events_preseeded,graph_chain,10,9,39,7400,0,0,10
fixture_generation,graph_wide,10,9,0,900,0,0,50
fixture_generation,graph_wide,10,9,1,800,0,0,50
fixture_generation,graph_wide,10,9,2,900,0,0,50
fixture_generation,graph_wide,10,9,3,800,0,0,50
fixture_generation,graph_wide,10,9,4,700,0,0,50
fixture_generation,graph_wide,10,9,5,800,0,0,50
fixture_generation,graph_wide,10,9,6,800,0,0,50
fixture_generation,graph_wide,10,9,7,700,0,0,50
fixture_generation,graph_wide,10,9,8,800,0,0,50
fixture_generation,graph_wide,10,9,9,800,0,0,50
fixture_generation,graph_wide,10,9,10,900,0,0,50
fixture_generation,graph_wide,10,9,11,800,0,0,50
fixture_generation,graph_wide,10,9,12,800,0,0,50
fixture_generation,graph_wide,10,9,13,800,0,0,50
fixture_generation,graph_wide,10,9,14,800,0,0,50
fixture_generation,graph_wide,10,9,15,800,0,0,50
fixture_generation,graph_wide,10,9,16,800,0,0,50
fixture_generation,graph_wide,10,9,17,800,0,0,50
fixture_generation,graph_wide,10,9,18,800,0,0,50
fixture_generation,graph_wide,10,9,19,900,0,0,50
plan_build,graph_wide,10,9,0,17300,0,0,10
plan_build,graph_wide,10,9,1,14000,0,0,10
plan_build,graph_wide,10,9,2,6500,0,0,10
plan_build,graph_wide,10,9,3,6000,0,0,10
plan_build,graph_wide,10,9,4,6100,0,0,10
plan_build,graph_wide,10,9,5,6000,0,0,10
plan_build,graph_wide,10,9,6,5900,0,0,10
plan_build,graph_wide,10,9,7,5800,0,0,10
plan_build,graph_wide,10,9,8,6100,0,0,10
plan_build,graph_wide,10,9,9,5900,0,0,10
plan_build,graph_wide,10,9,10,6400,0,0,10
plan_build,graph_wide,10,9,11,6000,0,0,10
plan_build,graph_wide,10,9,12,6000,0,0,10
plan_build,graph_wide,10,9,13,5900,0,0,10
plan_build,graph_wide,10,9,14,6100,0,0,10
plan_build,graph_wide,10,9,15,6100,0,0,10
plan_build,graph_wide,10,9,16,6000,0,0,10
plan_build,graph_wide,10,9,17,6200,0,0,10
plan_build,graph_wide,10,9,18,5900,0,0,10
plan_build,graph_wide,10,9,19,6200,0,0,10
plan_build_alloc,graph_wide,10,9,0,0,156,35255,10
engine_execution,graph_wide,10,9,0,28600,0,0,8
engine_execution,graph_wide,10,9,1,28200,0,0,9
engine_execution,graph_wide,10,9,2,28300,0,0,10
engine_execution,graph_wide,10,9,3,28000,0,0,11
engine_execution,graph_wide,10,9,4,32000,0,0,12
engine_execution,graph_wide,10,9,5,32700,0,0,13
engine_execution,graph_wide,10,9,6,33000,0,0,14
engine_execution,graph_wide,10,9,7,28700,0,0,15
engine_execution,graph_wide,10,9,8,28200,0,0,0
engine_execution,graph_wide,10,9,9,28400,0,0,1
engine_execution,graph_wide,10,9,10,29100,0,0,2
engine_execution,graph_wide,10,9,11,29000,0,0,3
engine_execution,graph_wide,10,9,12,29300,0,0,4
engine_execution,graph_wide,10,9,13,28900,0,0,5
engine_execution,graph_wide,10,9,14,29100,0,0,6
engine_execution,graph_wide,10,9,15,28800,0,0,7
engine_execution,graph_wide,10,9,16,28600,0,0,24
engine_execution,graph_wide,10,9,17,30100,0,0,25
engine_execution,graph_wide,10,9,18,29500,0,0,26
engine_execution,graph_wide,10,9,19,28600,0,0,27
engine_execution,graph_wide,10,9,20,27800,0,0,28
engine_execution,graph_wide,10,9,21,28400,0,0,29
engine_execution,graph_wide,10,9,22,27900,0,0,30
engine_execution,graph_wide,10,9,23,28300,0,0,31
engine_execution,graph_wide,10,9,24,27700,0,0,16
engine_execution,graph_wide,10,9,25,27800,0,0,17
engine_execution,graph_wide,10,9,26,27500,0,0,18
engine_execution,graph_wide,10,9,27,27500,0,0,19
engine_execution,graph_wide,10,9,28,27900,0,0,20
engine_execution,graph_wide,10,9,29,27700,0,0,21
engine_execution,graph_wide,10,9,30,27300,0,0,22
engine_execution,graph_wide,10,9,31,27300,0,0,23
engine_execution,graph_wide,10,9,32,27500,0,0,40
engine_execution,graph_wide,10,9,33,27100,0,0,41
engine_execution,graph_wide,10,9,34,27500,0,0,42
engine_execution,graph_wide,10,9,35,27600,0,0,43
engine_execution,graph_wide,10,9,36,27100,0,0,44
engine_execution,graph_wide,10,9,37,27400,0,0,45
engine_execution,graph_wide,10,9,38,27400,0,0,46
engine_execution,graph_wide,10,9,39,27700,0,0,47
engine_execution_alloc,graph_wide,10,9,0,0,555,46847,23122
machine_state_setup,graph_wide,10,9,0,1300,0,0,10
body_state_setup,graph_wide,10,9,0,400,0,0,0
machine_state_setup,graph_wide,10,9,1,900,0,0,10
body_state_setup,graph_wide,10,9,1,200,0,0,0
machine_state_setup,graph_wide,10,9,2,800,0,0,10
body_state_setup,graph_wide,10,9,2,200,0,0,0
machine_state_setup,graph_wide,10,9,3,900,0,0,10
body_state_setup,graph_wide,10,9,3,300,0,0,0
machine_state_setup,graph_wide,10,9,4,900,0,0,10
body_state_setup,graph_wide,10,9,4,200,0,0,0
machine_state_setup,graph_wide,10,9,5,800,0,0,10
body_state_setup,graph_wide,10,9,5,200,0,0,0
machine_state_setup,graph_wide,10,9,6,900,0,0,10
body_state_setup,graph_wide,10,9,6,300,0,0,0
machine_state_setup,graph_wide,10,9,7,800,0,0,10
body_state_setup,graph_wide,10,9,7,200,0,0,0
machine_state_setup,graph_wide,10,9,8,900,0,0,10
body_state_setup,graph_wide,10,9,8,300,0,0,0
machine_state_setup,graph_wide,10,9,9,900,0,0,10
body_state_setup,graph_wide,10,9,9,200,0,0,0
machine_state_setup,graph_wide,10,9,10,800,0,0,10
body_state_setup,graph_wide,10,9,10,300,0,0,0
machine_state_setup,graph_wide,10,9,11,800,0,0,10
body_state_setup,graph_wide,10,9,11,200,0,0,0
machine_state_setup,graph_wide,10,9,12,900,0,0,10
body_state_setup,graph_wide,10,9,12,200,0,0,0
machine_state_setup,graph_wide,10,9,13,800,0,0,10
body_state_setup,graph_wide,10,9,13,300,0,0,0
machine_state_setup,graph_wide,10,9,14,900,0,0,10
body_state_setup,graph_wide,10,9,14,200,0,0,0
machine_state_setup,graph_wide,10,9,15,800,0,0,10
body_state_setup,graph_wide,10,9,15,200,0,0,0
machine_state_setup,graph_wide,10,9,16,800,0,0,10
body_state_setup,graph_wide,10,9,16,200,0,0,0
machine_state_setup,graph_wide,10,9,17,800,0,0,10
body_state_setup,graph_wide,10,9,17,300,0,0,0
machine_state_setup,graph_wide,10,9,18,900,0,0,10
body_state_setup,graph_wide,10,9,18,200,0,0,0
machine_state_setup,graph_wide,10,9,19,900,0,0,10
body_state_setup,graph_wide,10,9,19,200,0,0,0
machine_state_setup,graph_wide,10,9,20,800,0,0,10
body_state_setup,graph_wide,10,9,20,200,0,0,0
machine_state_setup,graph_wide,10,9,21,900,0,0,10
body_state_setup,graph_wide,10,9,21,300,0,0,0
machine_state_setup,graph_wide,10,9,22,800,0,0,10
body_state_setup,graph_wide,10,9,22,200,0,0,0
machine_state_setup,graph_wide,10,9,23,800,0,0,10
body_state_setup,graph_wide,10,9,23,300,0,0,0
machine_state_setup,graph_wide,10,9,24,800,0,0,10
body_state_setup,graph_wide,10,9,24,200,0,0,0
machine_state_setup,graph_wide,10,9,25,800,0,0,10
body_state_setup,graph_wide,10,9,25,300,0,0,0
machine_state_setup,graph_wide,10,9,26,800,0,0,10
body_state_setup,graph_wide,10,9,26,200,0,0,0
machine_state_setup,graph_wide,10,9,27,900,0,0,10
body_state_setup,graph_wide,10,9,27,200,0,0,0
machine_state_setup,graph_wide,10,9,28,800,0,0,10
body_state_setup,graph_wide,10,9,28,300,0,0,0
machine_state_setup,graph_wide,10,9,29,800,0,0,10
body_state_setup,graph_wide,10,9,29,200,0,0,0
machine_state_setup,graph_wide,10,9,30,800,0,0,10
body_state_setup,graph_wide,10,9,30,300,0,0,0
machine_state_setup,graph_wide,10,9,31,900,0,0,10
body_state_setup,graph_wide,10,9,31,200,0,0,0
machine_state_setup,graph_wide,10,9,32,800,0,0,10
body_state_setup,graph_wide,10,9,32,300,0,0,0
machine_state_setup,graph_wide,10,9,33,800,0,0,10
body_state_setup,graph_wide,10,9,33,300,0,0,0
machine_state_setup,graph_wide,10,9,34,900,0,0,10
body_state_setup,graph_wide,10,9,34,200,0,0,0
machine_state_setup,graph_wide,10,9,35,900,0,0,10
body_state_setup,graph_wide,10,9,35,300,0,0,0
machine_state_setup,graph_wide,10,9,36,900,0,0,10
body_state_setup,graph_wide,10,9,36,200,0,0,0
machine_state_setup,graph_wide,10,9,37,800,0,0,10
body_state_setup,graph_wide,10,9,37,300,0,0,0
machine_state_setup,graph_wide,10,9,38,800,0,0,10
body_state_setup,graph_wide,10,9,38,200,0,0,0
machine_state_setup,graph_wide,10,9,39,800,0,0,10
body_state_setup,graph_wide,10,9,39,200,0,0,0
fixture_generation,graph_sparse,10,9,0,800,0,0,50
fixture_generation,graph_sparse,10,9,1,800,0,0,50
fixture_generation,graph_sparse,10,9,2,800,0,0,50
fixture_generation,graph_sparse,10,9,3,800,0,0,50
fixture_generation,graph_sparse,10,9,4,800,0,0,50
fixture_generation,graph_sparse,10,9,5,800,0,0,50
fixture_generation,graph_sparse,10,9,6,800,0,0,50
fixture_generation,graph_sparse,10,9,7,800,0,0,50
fixture_generation,graph_sparse,10,9,8,800,0,0,50
fixture_generation,graph_sparse,10,9,9,800,0,0,50
fixture_generation,graph_sparse,10,9,10,800,0,0,50
fixture_generation,graph_sparse,10,9,11,800,0,0,50
fixture_generation,graph_sparse,10,9,12,800,0,0,50
fixture_generation,graph_sparse,10,9,13,700,0,0,50
fixture_generation,graph_sparse,10,9,14,800,0,0,50
fixture_generation,graph_sparse,10,9,15,800,0,0,50
fixture_generation,graph_sparse,10,9,16,800,0,0,50
fixture_generation,graph_sparse,10,9,17,800,0,0,50
fixture_generation,graph_sparse,10,9,18,800,0,0,50
fixture_generation,graph_sparse,10,9,19,700,0,0,50
plan_build,graph_sparse,10,9,0,26500,0,0,12
plan_build,graph_sparse,10,9,1,20600,0,0,12
plan_build,graph_sparse,10,9,2,7100,0,0,12
plan_build,graph_sparse,10,9,3,7200,0,0,12
plan_build,graph_sparse,10,9,4,6500,0,0,12
plan_build,graph_sparse,10,9,5,5900,0,0,12
plan_build,graph_sparse,10,9,6,6100,0,0,12
plan_build,graph_sparse,10,9,7,6300,0,0,12
plan_build,graph_sparse,10,9,8,6200,0,0,12
plan_build,graph_sparse,10,9,9,6700,0,0,12
plan_build,graph_sparse,10,9,10,6000,0,0,12
plan_build,graph_sparse,10,9,11,6100,0,0,12
plan_build,graph_sparse,10,9,12,9300,0,0,12
plan_build,graph_sparse,10,9,13,6800,0,0,12
plan_build,graph_sparse,10,9,14,6500,0,0,12
plan_build,graph_sparse,10,9,15,6700,0,0,12
plan_build,graph_sparse,10,9,16,6900,0,0,12
plan_build,graph_sparse,10,9,17,6700,0,0,12
plan_build,graph_sparse,10,9,18,6700,0,0,12
plan_build,graph_sparse,10,9,19,14800,0,0,12
plan_build_alloc,graph_sparse,10,9,0,0,158,35195,12
engine_execution,graph_sparse,10,9,0,85000,0,0,13
engine_execution,graph_sparse,10,9,1,28900,0,0,12
engine_execution,graph_sparse,10,9,2,28500,0,0,15
engine_execution,graph_sparse,10,9,3,28000,0,0,14
engine_execution,graph_sparse,10,9,4,27700,0,0,9
engine_execution,graph_sparse,10,9,5,27800,0,0,8
engine_execution,graph_sparse,10,9,6,27500,0,0,11
engine_execution,graph_sparse,10,9,7,27300,0,0,10
engine_execution,graph_sparse,10,9,8,27400,0,0,5
engine_execution,graph_sparse,10,9,9,27400,0,0,4
engine_execution,graph_sparse,10,9,10,27300,0,0,7
engine_execution,graph_sparse,10,9,11,27300,0,0,6
engine_execution,graph_sparse,10,9,12,27100,0,0,1
engine_execution,graph_sparse,10,9,13,27900,0,0,0
engine_execution,graph_sparse,10,9,14,27300,0,0,3
engine_execution,graph_sparse,10,9,15,27200,0,0,2
engine_execution,graph_sparse,10,9,16,27300,0,0,29
engine_execution,graph_sparse,10,9,17,27200,0,0,28
engine_execution,graph_sparse,10,9,18,27200,0,0,31
engine_execution,graph_sparse,10,9,19,27900,0,0,30
engine_execution,graph_sparse,10,9,20,27900,0,0,25
engine_execution,graph_sparse,10,9,21,27600,0,0,24
engine_execution,graph_sparse,10,9,22,27800,0,0,27
engine_execution,graph_sparse,10,9,23,26800,0,0,26
engine_execution,graph_sparse,10,9,24,26800,0,0,21
engine_execution,graph_sparse,10,9,25,27100,0,0,20
engine_execution,graph_sparse,10,9,26,26900,0,0,23
engine_execution,graph_sparse,10,9,27,26800,0,0,22
engine_execution,graph_sparse,10,9,28,27300,0,0,17
engine_execution,graph_sparse,10,9,29,27300,0,0,16
engine_execution,graph_sparse,10,9,30,26800,0,0,19
engine_execution,graph_sparse,10,9,31,27200,0,0,18
engine_execution,graph_sparse,10,9,32,27100,0,0,45
engine_execution,graph_sparse,10,9,33,26600,0,0,44
engine_execution,graph_sparse,10,9,34,27200,0,0,47
engine_execution,graph_sparse,10,9,35,26700,0,0,46
engine_execution,graph_sparse,10,9,36,27200,0,0,41
engine_execution,graph_sparse,10,9,37,27300,0,0,40
engine_execution,graph_sparse,10,9,38,27100,0,0,43
engine_execution,graph_sparse,10,9,39,29900,0,0,42
engine_execution_alloc,graph_sparse,10,9,0,0,564,45889,23127
machine_state_setup,graph_sparse,10,9,0,1100,0,0,10
body_state_setup,graph_sparse,10,9,0,300,0,0,0
machine_state_setup,graph_sparse,10,9,1,800,0,0,10
body_state_setup,graph_sparse,10,9,1,300,0,0,0
machine_state_setup,graph_sparse,10,9,2,800,0,0,10
body_state_setup,graph_sparse,10,9,2,200,0,0,0
machine_state_setup,graph_sparse,10,9,3,700,0,0,10
body_state_setup,graph_sparse,10,9,3,200,0,0,0
machine_state_setup,graph_sparse,10,9,4,800,0,0,10
body_state_setup,graph_sparse,10,9,4,300,0,0,0
machine_state_setup,graph_sparse,10,9,5,900,0,0,10
body_state_setup,graph_sparse,10,9,5,200,0,0,0
machine_state_setup,graph_sparse,10,9,6,700,0,0,10
body_state_setup,graph_sparse,10,9,6,300,0,0,0
machine_state_setup,graph_sparse,10,9,7,900,0,0,10
body_state_setup,graph_sparse,10,9,7,200,0,0,0
machine_state_setup,graph_sparse,10,9,8,800,0,0,10
body_state_setup,graph_sparse,10,9,8,300,0,0,0
machine_state_setup,graph_sparse,10,9,9,800,0,0,10
body_state_setup,graph_sparse,10,9,9,300,0,0,0
machine_state_setup,graph_sparse,10,9,10,800,0,0,10
body_state_setup,graph_sparse,10,9,10,300,0,0,0
machine_state_setup,graph_sparse,10,9,11,800,0,0,10
body_state_setup,graph_sparse,10,9,11,200,0,0,0
machine_state_setup,graph_sparse,10,9,12,800,0,0,10
body_state_setup,graph_sparse,10,9,12,300,0,0,0
machine_state_setup,graph_sparse,10,9,13,800,0,0,10
body_state_setup,graph_sparse,10,9,13,200,0,0,0
machine_state_setup,graph_sparse,10,9,14,700,0,0,10
body_state_setup,graph_sparse,10,9,14,200,0,0,0
machine_state_setup,graph_sparse,10,9,15,700,0,0,10
body_state_setup,graph_sparse,10,9,15,300,0,0,0
machine_state_setup,graph_sparse,10,9,16,800,0,0,10
body_state_setup,graph_sparse,10,9,16,200,0,0,0
machine_state_setup,graph_sparse,10,9,17,700,0,0,10
body_state_setup,graph_sparse,10,9,17,200,0,0,0
machine_state_setup,graph_sparse,10,9,18,800,0,0,10
body_state_setup,graph_sparse,10,9,18,300,0,0,0
machine_state_setup,graph_sparse,10,9,19,700,0,0,10
body_state_setup,graph_sparse,10,9,19,200,0,0,0
machine_state_setup,graph_sparse,10,9,20,800,0,0,10
body_state_setup,graph_sparse,10,9,20,300,0,0,0
machine_state_setup,graph_sparse,10,9,21,800,0,0,10
body_state_setup,graph_sparse,10,9,21,300,0,0,0
machine_state_setup,graph_sparse,10,9,22,700,0,0,10
body_state_setup,graph_sparse,10,9,22,200,0,0,0
machine_state_setup,graph_sparse,10,9,23,700,0,0,10
body_state_setup,graph_sparse,10,9,23,300,0,0,0
machine_state_setup,graph_sparse,10,9,24,700,0,0,10
body_state_setup,graph_sparse,10,9,24,200,0,0,0
machine_state_setup,graph_sparse,10,9,25,700,0,0,10
body_state_setup,graph_sparse,10,9,25,200,0,0,0
machine_state_setup,graph_sparse,10,9,26,800,0,0,10
body_state_setup,graph_sparse,10,9,26,300,0,0,0
machine_state_setup,graph_sparse,10,9,27,800,0,0,10
body_state_setup,graph_sparse,10,9,27,300,0,0,0
machine_state_setup,graph_sparse,10,9,28,700,0,0,10
body_state_setup,graph_sparse,10,9,28,200,0,0,0
machine_state_setup,graph_sparse,10,9,29,800,0,0,10
body_state_setup,graph_sparse,10,9,29,300,0,0,0
machine_state_setup,graph_sparse,10,9,30,800,0,0,10
body_state_setup,graph_sparse,10,9,30,200,0,0,0
machine_state_setup,graph_sparse,10,9,31,700,0,0,10
body_state_setup,graph_sparse,10,9,31,300,0,0,0
machine_state_setup,graph_sparse,10,9,32,800,0,0,10
body_state_setup,graph_sparse,10,9,32,200,0,0,0
machine_state_setup,graph_sparse,10,9,33,700,0,0,10
body_state_setup,graph_sparse,10,9,33,200,0,0,0
machine_state_setup,graph_sparse,10,9,34,800,0,0,10
body_state_setup,graph_sparse,10,9,34,200,0,0,0
machine_state_setup,graph_sparse,10,9,35,700,0,0,10
body_state_setup,graph_sparse,10,9,35,200,0,0,0
machine_state_setup,graph_sparse,10,9,36,800,0,0,10
body_state_setup,graph_sparse,10,9,36,300,0,0,0
machine_state_setup,graph_sparse,10,9,37,700,0,0,10
body_state_setup,graph_sparse,10,9,37,200,0,0,0
machine_state_setup,graph_sparse,10,9,38,700,0,0,10
body_state_setup,graph_sparse,10,9,38,200,0,0,0
machine_state_setup,graph_sparse,10,9,39,800,0,0,10
body_state_setup,graph_sparse,10,9,39,300,0,0,0
fixture_generation,graph_chain,100,99,0,7100,0,0,500
fixture_generation,graph_chain,100,99,1,6800,0,0,500
fixture_generation,graph_chain,100,99,2,6900,0,0,500
fixture_generation,graph_chain,100,99,3,6800,0,0,500
fixture_generation,graph_chain,100,99,4,6900,0,0,500
fixture_generation,graph_chain,100,99,5,6900,0,0,500
fixture_generation,graph_chain,100,99,6,6800,0,0,500
fixture_generation,graph_chain,100,99,7,6900,0,0,500
fixture_generation,graph_chain,100,99,8,6800,0,0,500
fixture_generation,graph_chain,100,99,9,6900,0,0,500
fixture_generation,graph_chain,100,99,10,6700,0,0,500
fixture_generation,graph_chain,100,99,11,6800,0,0,500
fixture_generation,graph_chain,100,99,12,6900,0,0,500
fixture_generation,graph_chain,100,99,13,6800,0,0,500
fixture_generation,graph_chain,100,99,14,7000,0,0,500
fixture_generation,graph_chain,100,99,15,7100,0,0,500
fixture_generation,graph_chain,100,99,16,6800,0,0,500
fixture_generation,graph_chain,100,99,17,6900,0,0,500
fixture_generation,graph_chain,100,99,18,6800,0,0,500
fixture_generation,graph_chain,100,99,19,6900,0,0,500
plan_build,graph_chain,100,99,0,131800,0,0,11
plan_build,graph_chain,100,99,1,152800,0,0,11
plan_build,graph_chain,100,99,2,142400,0,0,11
plan_build,graph_chain,100,99,3,165500,0,0,11
plan_build,graph_chain,100,99,4,159900,0,0,11
plan_build,graph_chain,100,99,5,154600,0,0,11
plan_build,graph_chain,100,99,6,218900,0,0,11
plan_build,graph_chain,100,99,7,194500,0,0,11
plan_build,graph_chain,100,99,8,149800,0,0,11
plan_build,graph_chain,100,99,9,238000,0,0,11
plan_build,graph_chain,100,99,10,180600,0,0,11
plan_build,graph_chain,100,99,11,129100,0,0,11
plan_build,graph_chain,100,99,12,199900,0,0,11
plan_build,graph_chain,100,99,13,172100,0,0,11
plan_build,graph_chain,100,99,14,154800,0,0,11
plan_build,graph_chain,100,99,15,173700,0,0,11
plan_build,graph_chain,100,99,16,134000,0,0,11
plan_build,graph_chain,100,99,17,120300,0,0,11
plan_build,graph_chain,100,99,18,173300,0,0,11
plan_build,graph_chain,100,99,19,130800,0,0,11
plan_build_alloc,graph_chain,100,99,0,0,1269,304543,11
engine_execution,graph_chain,100,99,0,366900,0,0,1
engine_execution,graph_chain,100,99,1,347800,0,0,0
engine_execution,graph_chain,100,99,2,365500,0,0,3
engine_execution,graph_chain,100,99,3,353700,0,0,2
engine_execution,graph_chain,100,99,4,342600,0,0,5
engine_execution,graph_chain,100,99,5,359200,0,0,4
engine_execution,graph_chain,100,99,6,355300,0,0,7
engine_execution,graph_chain,100,99,7,346500,0,0,6
engine_execution,graph_chain,100,99,8,347500,0,0,9
engine_execution,graph_chain,100,99,9,338400,0,0,8
engine_execution,graph_chain,100,99,10,356400,0,0,11
engine_execution,graph_chain,100,99,11,342600,0,0,10
engine_execution,graph_chain,100,99,12,357600,0,0,13
engine_execution,graph_chain,100,99,13,345600,0,0,12
engine_execution,graph_chain,100,99,14,343700,0,0,15
engine_execution,graph_chain,100,99,15,360500,0,0,14
engine_execution,graph_chain,100,99,16,350800,0,0,17
engine_execution,graph_chain,100,99,17,351500,0,0,16
engine_execution,graph_chain,100,99,18,350900,0,0,19
engine_execution,graph_chain,100,99,19,343900,0,0,18
engine_execution,graph_chain,100,99,20,347000,0,0,21
engine_execution,graph_chain,100,99,21,355400,0,0,20
engine_execution,graph_chain,100,99,22,343000,0,0,23
engine_execution,graph_chain,100,99,23,344800,0,0,22
engine_execution,graph_chain,100,99,24,336900,0,0,25
engine_execution,graph_chain,100,99,25,353500,0,0,24
engine_execution,graph_chain,100,99,26,352900,0,0,27
engine_execution,graph_chain,100,99,27,350800,0,0,26
engine_execution,graph_chain,100,99,28,351100,0,0,29
engine_execution,graph_chain,100,99,29,344000,0,0,28
engine_execution,graph_chain,100,99,30,344700,0,0,31
engine_execution,graph_chain,100,99,31,336300,0,0,30
engine_execution,graph_chain,100,99,32,345100,0,0,33
engine_execution,graph_chain,100,99,33,342300,0,0,32
engine_execution,graph_chain,100,99,34,348800,0,0,35
engine_execution,graph_chain,100,99,35,365000,0,0,34
engine_execution,graph_chain,100,99,36,343400,0,0,37
engine_execution,graph_chain,100,99,37,352300,0,0,36
engine_execution,graph_chain,100,99,38,355000,0,0,39
engine_execution,graph_chain,100,99,39,364500,0,0,38
engine_execution_alloc,graph_chain,100,99,0,0,5259,513144,23131
machine_state_setup,graph_chain,100,99,0,12500,0,0,100
body_state_setup,graph_chain,100,99,0,600,0,0,0
machine_state_setup,graph_chain,100,99,1,6500,0,0,100
body_state_setup,graph_chain,100,99,1,400,0,0,0
machine_state_setup,graph_chain,100,99,2,6300,0,0,100
body_state_setup,graph_chain,100,99,2,400,0,0,0
machine_state_setup,graph_chain,100,99,3,6700,0,0,100
body_state_setup,graph_chain,100,99,3,400,0,0,0
machine_state_setup,graph_chain,100,99,4,7000,0,0,100
body_state_setup,graph_chain,100,99,4,300,0,0,0
machine_state_setup,graph_chain,100,99,5,6300,0,0,100
body_state_setup,graph_chain,100,99,5,300,0,0,0
machine_state_setup,graph_chain,100,99,6,6200,0,0,100
body_state_setup,graph_chain,100,99,6,300,0,0,0
machine_state_setup,graph_chain,100,99,7,6400,0,0,100
body_state_setup,graph_chain,100,99,7,400,0,0,0
machine_state_setup,graph_chain,100,99,8,6200,0,0,100
body_state_setup,graph_chain,100,99,8,300,0,0,0
machine_state_setup,graph_chain,100,99,9,6400,0,0,100
body_state_setup,graph_chain,100,99,9,300,0,0,0
machine_state_setup,graph_chain,100,99,10,6300,0,0,100
body_state_setup,graph_chain,100,99,10,400,0,0,0
machine_state_setup,graph_chain,100,99,11,6300,0,0,100
body_state_setup,graph_chain,100,99,11,400,0,0,0
machine_state_setup,graph_chain,100,99,12,6200,0,0,100
body_state_setup,graph_chain,100,99,12,400,0,0,0
machine_state_setup,graph_chain,100,99,13,6700,0,0,100
body_state_setup,graph_chain,100,99,13,400,0,0,0
machine_state_setup,graph_chain,100,99,14,6700,0,0,100
body_state_setup,graph_chain,100,99,14,300,0,0,0
machine_state_setup,graph_chain,100,99,15,6300,0,0,100
body_state_setup,graph_chain,100,99,15,400,0,0,0
machine_state_setup,graph_chain,100,99,16,6300,0,0,100
body_state_setup,graph_chain,100,99,16,400,0,0,0
machine_state_setup,graph_chain,100,99,17,6500,0,0,100
body_state_setup,graph_chain,100,99,17,400,0,0,0
machine_state_setup,graph_chain,100,99,18,6300,0,0,100
body_state_setup,graph_chain,100,99,18,400,0,0,0
machine_state_setup,graph_chain,100,99,19,6200,0,0,100
body_state_setup,graph_chain,100,99,19,400,0,0,0
machine_state_setup,graph_chain,100,99,20,6300,0,0,100
body_state_setup,graph_chain,100,99,20,400,0,0,0
machine_state_setup,graph_chain,100,99,21,6400,0,0,100
body_state_setup,graph_chain,100,99,21,400,0,0,0
machine_state_setup,graph_chain,100,99,22,6300,0,0,100
body_state_setup,graph_chain,100,99,22,400,0,0,0
machine_state_setup,graph_chain,100,99,23,6300,0,0,100
body_state_setup,graph_chain,100,99,23,400,0,0,0
machine_state_setup,graph_chain,100,99,24,6300,0,0,100
body_state_setup,graph_chain,100,99,24,400,0,0,0
machine_state_setup,graph_chain,100,99,25,6200,0,0,100
body_state_setup,graph_chain,100,99,25,400,0,0,0
machine_state_setup,graph_chain,100,99,26,6500,0,0,100
body_state_setup,graph_chain,100,99,26,400,0,0,0
machine_state_setup,graph_chain,100,99,27,6400,0,0,100
body_state_setup,graph_chain,100,99,27,300,0,0,0
machine_state_setup,graph_chain,100,99,28,6200,0,0,100
body_state_setup,graph_chain,100,99,28,400,0,0,0
machine_state_setup,graph_chain,100,99,29,6200,0,0,100
body_state_setup,graph_chain,100,99,29,300,0,0,0
machine_state_setup,graph_chain,100,99,30,6200,0,0,100
body_state_setup,graph_chain,100,99,30,400,0,0,0
machine_state_setup,graph_chain,100,99,31,6500,0,0,100
body_state_setup,graph_chain,100,99,31,400,0,0,0
machine_state_setup,graph_chain,100,99,32,6600,0,0,100
body_state_setup,graph_chain,100,99,32,400,0,0,0
machine_state_setup,graph_chain,100,99,33,6400,0,0,100
body_state_setup,graph_chain,100,99,33,300,0,0,0
machine_state_setup,graph_chain,100,99,34,6200,0,0,100
body_state_setup,graph_chain,100,99,34,300,0,0,0
machine_state_setup,graph_chain,100,99,35,6200,0,0,100
body_state_setup,graph_chain,100,99,35,300,0,0,0
machine_state_setup,graph_chain,100,99,36,6300,0,0,100
body_state_setup,graph_chain,100,99,36,400,0,0,0
machine_state_setup,graph_chain,100,99,37,6400,0,0,100
body_state_setup,graph_chain,100,99,37,300,0,0,0
machine_state_setup,graph_chain,100,99,38,6200,0,0,100
body_state_setup,graph_chain,100,99,38,400,0,0,0
machine_state_setup,graph_chain,100,99,39,6200,0,0,100
body_state_setup,graph_chain,100,99,39,400,0,0,0
pure_machine_events_preseeded,graph_chain,100,99,0,107600,0,0,101
pure_machine_events_preseeded,graph_chain,100,99,1,104600,0,0,101
pure_machine_events_preseeded,graph_chain,100,99,2,104700,0,0,101
pure_machine_events_preseeded,graph_chain,100,99,3,104800,0,0,101
pure_machine_events_preseeded,graph_chain,100,99,4,107100,0,0,101
pure_machine_events_preseeded,graph_chain,100,99,5,104700,0,0,101
pure_machine_events_preseeded,graph_chain,100,99,6,105700,0,0,101
pure_machine_events_preseeded,graph_chain,100,99,7,105000,0,0,101
pure_machine_events_preseeded,graph_chain,100,99,8,104800,0,0,101
pure_machine_events_preseeded,graph_chain,100,99,9,108000,0,0,101
pure_machine_events_preseeded,graph_chain,100,99,10,103700,0,0,101
pure_machine_events_preseeded,graph_chain,100,99,11,103600,0,0,101
pure_machine_events_preseeded,graph_chain,100,99,12,103900,0,0,101
pure_machine_events_preseeded,graph_chain,100,99,13,103500,0,0,101
pure_machine_events_preseeded,graph_chain,100,99,14,105200,0,0,101
pure_machine_events_preseeded,graph_chain,100,99,15,104200,0,0,101
pure_machine_events_preseeded,graph_chain,100,99,16,104500,0,0,101
pure_machine_events_preseeded,graph_chain,100,99,17,104100,0,0,101
pure_machine_events_preseeded,graph_chain,100,99,18,104600,0,0,101
pure_machine_events_preseeded,graph_chain,100,99,19,104600,0,0,101
pure_machine_events_preseeded,graph_chain,100,99,20,104500,0,0,101
pure_machine_events_preseeded,graph_chain,100,99,21,104500,0,0,101
pure_machine_events_preseeded,graph_chain,100,99,22,104500,0,0,101
pure_machine_events_preseeded,graph_chain,100,99,23,104700,0,0,101
pure_machine_events_preseeded,graph_chain,100,99,24,105400,0,0,101
pure_machine_events_preseeded,graph_chain,100,99,25,104600,0,0,101
pure_machine_events_preseeded,graph_chain,100,99,26,104300,0,0,101
pure_machine_events_preseeded,graph_chain,100,99,27,104800,0,0,101
pure_machine_events_preseeded,graph_chain,100,99,28,108600,0,0,101
pure_machine_events_preseeded,graph_chain,100,99,29,102800,0,0,101
pure_machine_events_preseeded,graph_chain,100,99,30,103200,0,0,101
pure_machine_events_preseeded,graph_chain,100,99,31,103600,0,0,101
pure_machine_events_preseeded,graph_chain,100,99,32,104500,0,0,101
pure_machine_events_preseeded,graph_chain,100,99,33,103800,0,0,101
pure_machine_events_preseeded,graph_chain,100,99,34,107200,0,0,101
pure_machine_events_preseeded,graph_chain,100,99,35,104900,0,0,101
pure_machine_events_preseeded,graph_chain,100,99,36,104300,0,0,101
pure_machine_events_preseeded,graph_chain,100,99,37,104500,0,0,101
pure_machine_events_preseeded,graph_chain,100,99,38,103700,0,0,101
pure_machine_events_preseeded,graph_chain,100,99,39,103900,0,0,101
fixture_generation,graph_wide,100,99,0,7000,0,0,500
fixture_generation,graph_wide,100,99,1,7000,0,0,500
fixture_generation,graph_wide,100,99,2,6900,0,0,500
fixture_generation,graph_wide,100,99,3,6900,0,0,500
fixture_generation,graph_wide,100,99,4,6800,0,0,500
fixture_generation,graph_wide,100,99,5,6800,0,0,500
fixture_generation,graph_wide,100,99,6,6800,0,0,500
fixture_generation,graph_wide,100,99,7,6900,0,0,500
fixture_generation,graph_wide,100,99,8,6900,0,0,500
fixture_generation,graph_wide,100,99,9,7100,0,0,500
fixture_generation,graph_wide,100,99,10,7200,0,0,500
fixture_generation,graph_wide,100,99,11,7000,0,0,500
fixture_generation,graph_wide,100,99,12,6900,0,0,500
fixture_generation,graph_wide,100,99,13,6900,0,0,500
fixture_generation,graph_wide,100,99,14,6900,0,0,500
fixture_generation,graph_wide,100,99,15,6900,0,0,500
fixture_generation,graph_wide,100,99,16,6900,0,0,500
fixture_generation,graph_wide,100,99,17,6900,0,0,500
fixture_generation,graph_wide,100,99,18,6800,0,0,500
fixture_generation,graph_wide,100,99,19,7000,0,0,500
plan_build,graph_wide,100,99,0,208500,0,0,10
plan_build,graph_wide,100,99,1,156900,0,0,10
plan_build,graph_wide,100,99,2,141700,0,0,10
plan_build,graph_wide,100,99,3,197200,0,0,10
plan_build,graph_wide,100,99,4,164600,0,0,10
plan_build,graph_wide,100,99,5,127100,0,0,10
plan_build,graph_wide,100,99,6,171000,0,0,10
plan_build,graph_wide,100,99,7,160600,0,0,10
plan_build,graph_wide,100,99,8,120300,0,0,10
plan_build,graph_wide,100,99,9,182800,0,0,10
plan_build,graph_wide,100,99,10,165900,0,0,10
plan_build,graph_wide,100,99,11,131300,0,0,10
plan_build,graph_wide,100,99,12,154600,0,0,10
plan_build,graph_wide,100,99,13,159800,0,0,10
plan_build,graph_wide,100,99,14,127000,0,0,10
plan_build,graph_wide,100,99,15,193800,0,0,10
plan_build,graph_wide,100,99,16,178600,0,0,10
plan_build,graph_wide,100,99,17,131700,0,0,10
plan_build,graph_wide,100,99,18,161400,0,0,10
plan_build,graph_wide,100,99,19,123800,0,0,10
plan_build_alloc,graph_wide,100,99,0,0,1176,303389,10
engine_execution,graph_wide,100,99,0,316200,0,0,98
engine_execution,graph_wide,100,99,1,312600,0,0,99
engine_execution,graph_wide,100,99,2,312400,0,0,96
engine_execution,graph_wide,100,99,3,325400,0,0,97
engine_execution,graph_wide,100,99,4,338100,0,0,102
engine_execution,graph_wide,100,99,5,318100,0,0,103
engine_execution,graph_wide,100,99,6,316800,0,0,100
engine_execution,graph_wide,100,99,7,329700,0,0,101
engine_execution,graph_wide,100,99,8,332100,0,0,106
engine_execution,graph_wide,100,99,9,331300,0,0,107
engine_execution,graph_wide,100,99,10,324200,0,0,104
engine_execution,graph_wide,100,99,11,327100,0,0,105
engine_execution,graph_wide,100,99,12,339900,0,0,110
engine_execution,graph_wide,100,99,13,330500,0,0,111
engine_execution,graph_wide,100,99,14,319600,0,0,108
engine_execution,graph_wide,100,99,15,310800,0,0,109
engine_execution,graph_wide,100,99,16,316100,0,0,114
engine_execution,graph_wide,100,99,17,306900,0,0,115
engine_execution,graph_wide,100,99,18,308700,0,0,112
engine_execution,graph_wide,100,99,19,310100,0,0,113
engine_execution,graph_wide,100,99,20,313600,0,0,118
engine_execution,graph_wide,100,99,21,329100,0,0,119
engine_execution,graph_wide,100,99,22,298500,0,0,116
engine_execution,graph_wide,100,99,23,309900,0,0,117
engine_execution,graph_wide,100,99,24,313000,0,0,122
engine_execution,graph_wide,100,99,25,355300,0,0,123
engine_execution,graph_wide,100,99,26,305100,0,0,120
engine_execution,graph_wide,100,99,27,325300,0,0,121
engine_execution,graph_wide,100,99,28,310300,0,0,126
engine_execution,graph_wide,100,99,29,309900,0,0,127
engine_execution,graph_wide,100,99,30,314200,0,0,124
engine_execution,graph_wide,100,99,31,332700,0,0,125
engine_execution,graph_wide,100,99,32,307700,0,0,66
engine_execution,graph_wide,100,99,33,339100,0,0,67
engine_execution,graph_wide,100,99,34,331900,0,0,64
engine_execution,graph_wide,100,99,35,337200,0,0,65
engine_execution,graph_wide,100,99,36,326000,0,0,70
engine_execution,graph_wide,100,99,37,322700,0,0,71
engine_execution,graph_wide,100,99,38,326100,0,0,68
engine_execution,graph_wide,100,99,39,315000,0,0,69
engine_execution_alloc,graph_wide,100,99,0,0,4987,468375,23096
machine_state_setup,graph_wide,100,99,0,6900,0,0,100
body_state_setup,graph_wide,100,99,0,600,0,0,0
machine_state_setup,graph_wide,100,99,1,6300,0,0,100
body_state_setup,graph_wide,100,99,1,400,0,0,0
machine_state_setup,graph_wide,100,99,2,6100,0,0,100
body_state_setup,graph_wide,100,99,2,400,0,0,0
machine_state_setup,graph_wide,100,99,3,6300,0,0,100
body_state_setup,graph_wide,100,99,3,400,0,0,0
machine_state_setup,graph_wide,100,99,4,6300,0,0,100
body_state_setup,graph_wide,100,99,4,400,0,0,0
machine_state_setup,graph_wide,100,99,5,6300,0,0,100
body_state_setup,graph_wide,100,99,5,400,0,0,0
machine_state_setup,graph_wide,100,99,6,6400,0,0,100
body_state_setup,graph_wide,100,99,6,400,0,0,0
machine_state_setup,graph_wide,100,99,7,6300,0,0,100
body_state_setup,graph_wide,100,99,7,400,0,0,0
machine_state_setup,graph_wide,100,99,8,6300,0,0,100
body_state_setup,graph_wide,100,99,8,500,0,0,0
machine_state_setup,graph_wide,100,99,9,6500,0,0,100
body_state_setup,graph_wide,100,99,9,300,0,0,0
machine_state_setup,graph_wide,100,99,10,6500,0,0,100
body_state_setup,graph_wide,100,99,10,400,0,0,0
machine_state_setup,graph_wide,100,99,11,6300,0,0,100
body_state_setup,graph_wide,100,99,11,500,0,0,0
machine_state_setup,graph_wide,100,99,12,6500,0,0,100
body_state_setup,graph_wide,100,99,12,400,0,0,0
machine_state_setup,graph_wide,100,99,13,6200,0,0,100
body_state_setup,graph_wide,100,99,13,400,0,0,0
machine_state_setup,graph_wide,100,99,14,6300,0,0,100
body_state_setup,graph_wide,100,99,14,400,0,0,0
machine_state_setup,graph_wide,100,99,15,6400,0,0,100
body_state_setup,graph_wide,100,99,15,400,0,0,0
machine_state_setup,graph_wide,100,99,16,6400,0,0,100
body_state_setup,graph_wide,100,99,16,300,0,0,0
machine_state_setup,graph_wide,100,99,17,6300,0,0,100
body_state_setup,graph_wide,100,99,17,400,0,0,0
machine_state_setup,graph_wide,100,99,18,6300,0,0,100
body_state_setup,graph_wide,100,99,18,400,0,0,0
machine_state_setup,graph_wide,100,99,19,6300,0,0,100
body_state_setup,graph_wide,100,99,19,400,0,0,0
machine_state_setup,graph_wide,100,99,20,6400,0,0,100
body_state_setup,graph_wide,100,99,20,400,0,0,0
machine_state_setup,graph_wide,100,99,21,6400,0,0,100
body_state_setup,graph_wide,100,99,21,300,0,0,0
machine_state_setup,graph_wide,100,99,22,6300,0,0,100
body_state_setup,graph_wide,100,99,22,300,0,0,0
machine_state_setup,graph_wide,100,99,23,6300,0,0,100
body_state_setup,graph_wide,100,99,23,300,0,0,0
machine_state_setup,graph_wide,100,99,24,6300,0,0,100
body_state_setup,graph_wide,100,99,24,400,0,0,0
machine_state_setup,graph_wide,100,99,25,6200,0,0,100
body_state_setup,graph_wide,100,99,25,400,0,0,0
machine_state_setup,graph_wide,100,99,26,6400,0,0,100
body_state_setup,graph_wide,100,99,26,300,0,0,0
machine_state_setup,graph_wide,100,99,27,6200,0,0,100
body_state_setup,graph_wide,100,99,27,400,0,0,0
machine_state_setup,graph_wide,100,99,28,6400,0,0,100
body_state_setup,graph_wide,100,99,28,300,0,0,0
machine_state_setup,graph_wide,100,99,29,6300,0,0,100
body_state_setup,graph_wide,100,99,29,400,0,0,0
machine_state_setup,graph_wide,100,99,30,6400,0,0,100
body_state_setup,graph_wide,100,99,30,400,0,0,0
machine_state_setup,graph_wide,100,99,31,6400,0,0,100
body_state_setup,graph_wide,100,99,31,400,0,0,0
machine_state_setup,graph_wide,100,99,32,6400,0,0,100
body_state_setup,graph_wide,100,99,32,400,0,0,0
machine_state_setup,graph_wide,100,99,33,6300,0,0,100
body_state_setup,graph_wide,100,99,33,300,0,0,0
machine_state_setup,graph_wide,100,99,34,9200,0,0,100
body_state_setup,graph_wide,100,99,34,400,0,0,0
machine_state_setup,graph_wide,100,99,35,6400,0,0,100
body_state_setup,graph_wide,100,99,35,300,0,0,0
machine_state_setup,graph_wide,100,99,36,6400,0,0,100
body_state_setup,graph_wide,100,99,36,300,0,0,0
machine_state_setup,graph_wide,100,99,37,6300,0,0,100
body_state_setup,graph_wide,100,99,37,400,0,0,0
machine_state_setup,graph_wide,100,99,38,6300,0,0,100
body_state_setup,graph_wide,100,99,38,300,0,0,0
machine_state_setup,graph_wide,100,99,39,6300,0,0,100
body_state_setup,graph_wide,100,99,39,300,0,0,0
fixture_generation,graph_sparse,100,99,0,7000,0,0,500
fixture_generation,graph_sparse,100,99,1,6900,0,0,500
fixture_generation,graph_sparse,100,99,2,7100,0,0,500
fixture_generation,graph_sparse,100,99,3,7600,0,0,500
fixture_generation,graph_sparse,100,99,4,7500,0,0,500
fixture_generation,graph_sparse,100,99,5,7500,0,0,500
fixture_generation,graph_sparse,100,99,6,7200,0,0,500
fixture_generation,graph_sparse,100,99,7,7000,0,0,500
fixture_generation,graph_sparse,100,99,8,7100,0,0,500
fixture_generation,graph_sparse,100,99,9,6900,0,0,500
fixture_generation,graph_sparse,100,99,10,6900,0,0,500
fixture_generation,graph_sparse,100,99,11,6900,0,0,500
fixture_generation,graph_sparse,100,99,12,6800,0,0,500
fixture_generation,graph_sparse,100,99,13,6800,0,0,500
fixture_generation,graph_sparse,100,99,14,6700,0,0,500
fixture_generation,graph_sparse,100,99,15,6800,0,0,500
fixture_generation,graph_sparse,100,99,16,6900,0,0,500
fixture_generation,graph_sparse,100,99,17,6900,0,0,500
fixture_generation,graph_sparse,100,99,18,6700,0,0,500
fixture_generation,graph_sparse,100,99,19,6700,0,0,500
plan_build,graph_sparse,100,99,0,254300,0,0,12
plan_build,graph_sparse,100,99,1,237300,0,0,12
plan_build,graph_sparse,100,99,2,141300,0,0,12
plan_build,graph_sparse,100,99,3,204600,0,0,12
plan_build,graph_sparse,100,99,4,148500,0,0,12
plan_build,graph_sparse,100,99,5,138200,0,0,12
plan_build,graph_sparse,100,99,6,269200,0,0,12
plan_build,graph_sparse,100,99,7,202000,0,0,12
plan_build,graph_sparse,100,99,8,169200,0,0,12
plan_build,graph_sparse,100,99,9,161700,0,0,12
plan_build,graph_sparse,100,99,10,113400,0,0,12
plan_build,graph_sparse,100,99,11,122800,0,0,12
plan_build,graph_sparse,100,99,12,236500,0,0,12
plan_build,graph_sparse,100,99,13,125800,0,0,12
plan_build,graph_sparse,100,99,14,111500,0,0,12
plan_build,graph_sparse,100,99,15,152200,0,0,12
plan_build,graph_sparse,100,99,16,119900,0,0,12
plan_build,graph_sparse,100,99,17,115900,0,0,12
plan_build,graph_sparse,100,99,18,162800,0,0,12
plan_build,graph_sparse,100,99,19,107500,0,0,12
plan_build_alloc,graph_sparse,100,99,0,0,1220,302977,12
engine_execution,graph_sparse,100,99,0,324300,0,0,71
engine_execution,graph_sparse,100,99,1,322700,0,0,70
engine_execution,graph_sparse,100,99,2,336800,0,0,69
engine_execution,graph_sparse,100,99,3,322400,0,0,68
engine_execution,graph_sparse,100,99,4,324700,0,0,67
engine_execution,graph_sparse,100,99,5,324200,0,0,66
engine_execution,graph_sparse,100,99,6,328000,0,0,65
engine_execution,graph_sparse,100,99,7,329900,0,0,64
engine_execution,graph_sparse,100,99,8,333900,0,0,79
engine_execution,graph_sparse,100,99,9,324000,0,0,78
engine_execution,graph_sparse,100,99,10,330800,0,0,77
engine_execution,graph_sparse,100,99,11,324200,0,0,76
engine_execution,graph_sparse,100,99,12,330600,0,0,75
engine_execution,graph_sparse,100,99,13,323600,0,0,74
engine_execution,graph_sparse,100,99,14,332700,0,0,73
engine_execution,graph_sparse,100,99,15,323500,0,0,72
engine_execution,graph_sparse,100,99,16,330200,0,0,87
engine_execution,graph_sparse,100,99,17,323900,0,0,86
engine_execution,graph_sparse,100,99,18,327300,0,0,85
engine_execution,graph_sparse,100,99,19,318000,0,0,84
engine_execution,graph_sparse,100,99,20,325800,0,0,83
engine_execution,graph_sparse,100,99,21,327500,0,0,82
engine_execution,graph_sparse,100,99,22,344000,0,0,81
engine_execution,graph_sparse,100,99,23,330100,0,0,80
engine_execution,graph_sparse,100,99,24,329300,0,0,95
engine_execution,graph_sparse,100,99,25,313300,0,0,94
engine_execution,graph_sparse,100,99,26,331000,0,0,93
engine_execution,graph_sparse,100,99,27,318400,0,0,92
engine_execution,graph_sparse,100,99,28,324000,0,0,91
engine_execution,graph_sparse,100,99,29,319900,0,0,90
engine_execution,graph_sparse,100,99,30,328700,0,0,89
engine_execution,graph_sparse,100,99,31,325500,0,0,88
engine_execution,graph_sparse,100,99,32,330500,0,0,103
engine_execution,graph_sparse,100,99,33,327700,0,0,102
engine_execution,graph_sparse,100,99,34,331700,0,0,101
engine_execution,graph_sparse,100,99,35,322100,0,0,100
engine_execution,graph_sparse,100,99,36,318400,0,0,99
engine_execution,graph_sparse,100,99,37,320200,0,0,98
engine_execution,graph_sparse,100,99,38,322800,0,0,97
engine_execution,graph_sparse,100,99,39,323300,0,0,96
engine_execution_alloc,graph_sparse,100,99,0,0,5163,494297,23069
machine_state_setup,graph_sparse,100,99,0,11600,0,0,100
body_state_setup,graph_sparse,100,99,0,600,0,0,0
machine_state_setup,graph_sparse,100,99,1,6600,0,0,100
body_state_setup,graph_sparse,100,99,1,400,0,0,0
machine_state_setup,graph_sparse,100,99,2,6400,0,0,100
body_state_setup,graph_sparse,100,99,2,300,0,0,0
machine_state_setup,graph_sparse,100,99,3,6300,0,0,100
body_state_setup,graph_sparse,100,99,3,300,0,0,0
machine_state_setup,graph_sparse,100,99,4,6200,0,0,100
body_state_setup,graph_sparse,100,99,4,400,0,0,0
machine_state_setup,graph_sparse,100,99,5,6300,0,0,100
body_state_setup,graph_sparse,100,99,5,400,0,0,0
machine_state_setup,graph_sparse,100,99,6,6300,0,0,100
body_state_setup,graph_sparse,100,99,6,400,0,0,0
machine_state_setup,graph_sparse,100,99,7,6400,0,0,100
body_state_setup,graph_sparse,100,99,7,400,0,0,0
machine_state_setup,graph_sparse,100,99,8,6500,0,0,100
body_state_setup,graph_sparse,100,99,8,400,0,0,0
machine_state_setup,graph_sparse,100,99,9,6300,0,0,100
body_state_setup,graph_sparse,100,99,9,400,0,0,0
machine_state_setup,graph_sparse,100,99,10,6300,0,0,100
body_state_setup,graph_sparse,100,99,10,400,0,0,0
machine_state_setup,graph_sparse,100,99,11,6300,0,0,100
body_state_setup,graph_sparse,100,99,11,400,0,0,0
machine_state_setup,graph_sparse,100,99,12,6500,0,0,100
body_state_setup,graph_sparse,100,99,12,400,0,0,0
machine_state_setup,graph_sparse,100,99,13,6200,0,0,100
body_state_setup,graph_sparse,100,99,13,400,0,0,0
machine_state_setup,graph_sparse,100,99,14,6300,0,0,100
body_state_setup,graph_sparse,100,99,14,400,0,0,0
machine_state_setup,graph_sparse,100,99,15,6200,0,0,100
body_state_setup,graph_sparse,100,99,15,300,0,0,0
machine_state_setup,graph_sparse,100,99,16,6200,0,0,100
body_state_setup,graph_sparse,100,99,16,300,0,0,0
machine_state_setup,graph_sparse,100,99,17,6200,0,0,100
body_state_setup,graph_sparse,100,99,17,300,0,0,0
machine_state_setup,graph_sparse,100,99,18,6300,0,0,100
body_state_setup,graph_sparse,100,99,18,400,0,0,0
machine_state_setup,graph_sparse,100,99,19,6400,0,0,100
body_state_setup,graph_sparse,100,99,19,300,0,0,0
machine_state_setup,graph_sparse,100,99,20,6200,0,0,100
body_state_setup,graph_sparse,100,99,20,300,0,0,0
machine_state_setup,graph_sparse,100,99,21,6200,0,0,100
body_state_setup,graph_sparse,100,99,21,300,0,0,0
machine_state_setup,graph_sparse,100,99,22,6300,0,0,100
body_state_setup,graph_sparse,100,99,22,300,0,0,0
machine_state_setup,graph_sparse,100,99,23,6200,0,0,100
body_state_setup,graph_sparse,100,99,23,400,0,0,0
machine_state_setup,graph_sparse,100,99,24,6200,0,0,100
body_state_setup,graph_sparse,100,99,24,300,0,0,0
machine_state_setup,graph_sparse,100,99,25,6200,0,0,100
body_state_setup,graph_sparse,100,99,25,300,0,0,0
machine_state_setup,graph_sparse,100,99,26,6200,0,0,100
body_state_setup,graph_sparse,100,99,26,300,0,0,0
machine_state_setup,graph_sparse,100,99,27,6200,0,0,100
body_state_setup,graph_sparse,100,99,27,300,0,0,0
machine_state_setup,graph_sparse,100,99,28,6200,0,0,100
body_state_setup,graph_sparse,100,99,28,400,0,0,0
machine_state_setup,graph_sparse,100,99,29,6400,0,0,100
body_state_setup,graph_sparse,100,99,29,300,0,0,0
machine_state_setup,graph_sparse,100,99,30,6400,0,0,100
body_state_setup,graph_sparse,100,99,30,400,0,0,0
machine_state_setup,graph_sparse,100,99,31,6300,0,0,100
body_state_setup,graph_sparse,100,99,31,400,0,0,0
machine_state_setup,graph_sparse,100,99,32,6300,0,0,100
body_state_setup,graph_sparse,100,99,32,700,0,0,0
machine_state_setup,graph_sparse,100,99,33,6300,0,0,100
body_state_setup,graph_sparse,100,99,33,700,0,0,0
machine_state_setup,graph_sparse,100,99,34,6000,0,0,100
body_state_setup,graph_sparse,100,99,34,400,0,0,0
machine_state_setup,graph_sparse,100,99,35,6000,0,0,100
body_state_setup,graph_sparse,100,99,35,400,0,0,0
machine_state_setup,graph_sparse,100,99,36,6100,0,0,100
body_state_setup,graph_sparse,100,99,36,400,0,0,0
machine_state_setup,graph_sparse,100,99,37,6400,0,0,100
body_state_setup,graph_sparse,100,99,37,400,0,0,0
machine_state_setup,graph_sparse,100,99,38,6100,0,0,100
body_state_setup,graph_sparse,100,99,38,300,0,0,0
machine_state_setup,graph_sparse,100,99,39,6100,0,0,100
body_state_setup,graph_sparse,100,99,39,300,0,0,0
fixture_generation,graph_chain,1000,999,0,67100,0,0,5000
fixture_generation,graph_chain,1000,999,1,69000,0,0,5000
fixture_generation,graph_chain,1000,999,2,66500,0,0,5000
fixture_generation,graph_chain,1000,999,3,69500,0,0,5000
fixture_generation,graph_chain,1000,999,4,67500,0,0,5000
fixture_generation,graph_chain,1000,999,5,67000,0,0,5000
fixture_generation,graph_chain,1000,999,6,66100,0,0,5000
fixture_generation,graph_chain,1000,999,7,69600,0,0,5000
fixture_generation,graph_chain,1000,999,8,66500,0,0,5000
fixture_generation,graph_chain,1000,999,9,66800,0,0,5000
fixture_generation,graph_chain,1000,999,10,66000,0,0,5000
fixture_generation,graph_chain,1000,999,11,67800,0,0,5000
fixture_generation,graph_chain,1000,999,12,66100,0,0,5000
fixture_generation,graph_chain,1000,999,13,66500,0,0,5000
fixture_generation,graph_chain,1000,999,14,65600,0,0,5000
fixture_generation,graph_chain,1000,999,15,70400,0,0,5000
fixture_generation,graph_chain,1000,999,16,65900,0,0,5000
fixture_generation,graph_chain,1000,999,17,67900,0,0,5000
fixture_generation,graph_chain,1000,999,18,65900,0,0,5000
fixture_generation,graph_chain,1000,999,19,68500,0,0,5000
plan_build,graph_chain,1000,999,0,1876600,0,0,11
plan_build,graph_chain,1000,999,1,1892400,0,0,11
plan_build,graph_chain,1000,999,2,1692800,0,0,11
plan_build,graph_chain,1000,999,3,1748600,0,0,11
plan_build,graph_chain,1000,999,4,1632300,0,0,11
plan_build,graph_chain,1000,999,5,1588600,0,0,11
plan_build,graph_chain,1000,999,6,1639100,0,0,11
plan_build,graph_chain,1000,999,7,1585900,0,0,11
plan_build,graph_chain,1000,999,8,1554500,0,0,11
plan_build,graph_chain,1000,999,9,1483400,0,0,11
plan_build,graph_chain,1000,999,10,1515600,0,0,11
plan_build,graph_chain,1000,999,11,1603100,0,0,11
plan_build,graph_chain,1000,999,12,1635100,0,0,11
plan_build,graph_chain,1000,999,13,1644200,0,0,11
plan_build,graph_chain,1000,999,14,1421000,0,0,11
plan_build,graph_chain,1000,999,15,1514900,0,0,11
plan_build,graph_chain,1000,999,16,1544600,0,0,11
plan_build,graph_chain,1000,999,17,1558600,0,0,11
plan_build,graph_chain,1000,999,18,1502300,0,0,11
plan_build,graph_chain,1000,999,19,1652500,0,0,11
plan_build_alloc,graph_chain,1000,999,0,0,12096,2527259,11
engine_execution,graph_chain,1000,999,0,10875100,0,0,1
engine_execution,graph_chain,1000,999,1,10552100,0,0,0
engine_execution,graph_chain,1000,999,2,10519700,0,0,3
engine_execution,graph_chain,1000,999,3,10475600,0,0,2
engine_execution,graph_chain,1000,999,4,10727100,0,0,5
engine_execution,graph_chain,1000,999,5,10587000,0,0,4
engine_execution,graph_chain,1000,999,6,10615200,0,0,7
engine_execution,graph_chain,1000,999,7,10620700,0,0,6
engine_execution,graph_chain,1000,999,8,10613300,0,0,9
engine_execution,graph_chain,1000,999,9,10542500,0,0,8
engine_execution,graph_chain,1000,999,10,10774100,0,0,11
engine_execution,graph_chain,1000,999,11,10669200,0,0,10
engine_execution,graph_chain,1000,999,12,10942700,0,0,13
engine_execution,graph_chain,1000,999,13,10685400,0,0,12
engine_execution,graph_chain,1000,999,14,10779400,0,0,15
engine_execution,graph_chain,1000,999,15,10553000,0,0,14
engine_execution,graph_chain,1000,999,16,10671700,0,0,17
engine_execution,graph_chain,1000,999,17,10419500,0,0,16
engine_execution,graph_chain,1000,999,18,10678600,0,0,19
engine_execution,graph_chain,1000,999,19,10669800,0,0,18
engine_execution,graph_chain,1000,999,20,10609900,0,0,21
engine_execution,graph_chain,1000,999,21,10490000,0,0,20
engine_execution,graph_chain,1000,999,22,10630400,0,0,23
engine_execution,graph_chain,1000,999,23,10470500,0,0,22
engine_execution,graph_chain,1000,999,24,11348300,0,0,25
engine_execution,graph_chain,1000,999,25,10563200,0,0,24
engine_execution,graph_chain,1000,999,26,10883600,0,0,27
engine_execution,graph_chain,1000,999,27,10834600,0,0,26
engine_execution,graph_chain,1000,999,28,10514300,0,0,29
engine_execution,graph_chain,1000,999,29,10372100,0,0,28
engine_execution,graph_chain,1000,999,30,10514100,0,0,31
engine_execution,graph_chain,1000,999,31,10529100,0,0,30
engine_execution,graph_chain,1000,999,32,10569000,0,0,33
engine_execution,graph_chain,1000,999,33,10501800,0,0,32
engine_execution,graph_chain,1000,999,34,10629200,0,0,35
engine_execution,graph_chain,1000,999,35,10512500,0,0,34
engine_execution,graph_chain,1000,999,36,10511800,0,0,37
engine_execution,graph_chain,1000,999,37,10473400,0,0,36
engine_execution,graph_chain,1000,999,38,10614100,0,0,39
engine_execution,graph_chain,1000,999,39,10441400,0,0,38
engine_execution_alloc,graph_chain,1000,999,0,0,52066,19479112,23131
machine_state_setup,graph_chain,1000,999,0,168900,0,0,1000
body_state_setup,graph_chain,1000,999,0,6200,0,0,0
machine_state_setup,graph_chain,1000,999,1,147700,0,0,1000
body_state_setup,graph_chain,1000,999,1,5600,0,0,0
machine_state_setup,graph_chain,1000,999,2,123400,0,0,1000
body_state_setup,graph_chain,1000,999,2,800,0,0,0
machine_state_setup,graph_chain,1000,999,3,58700,0,0,1000
body_state_setup,graph_chain,1000,999,3,800,0,0,0
machine_state_setup,graph_chain,1000,999,4,58800,0,0,1000
body_state_setup,graph_chain,1000,999,4,800,0,0,0
machine_state_setup,graph_chain,1000,999,5,58800,0,0,1000
body_state_setup,graph_chain,1000,999,5,600,0,0,0
machine_state_setup,graph_chain,1000,999,6,74100,0,0,1000
body_state_setup,graph_chain,1000,999,6,5700,0,0,0
machine_state_setup,graph_chain,1000,999,7,132700,0,0,1000
body_state_setup,graph_chain,1000,999,7,700,0,0,0
machine_state_setup,graph_chain,1000,999,8,75200,0,0,1000
body_state_setup,graph_chain,1000,999,8,5600,0,0,0
machine_state_setup,graph_chain,1000,999,9,138600,0,0,1000
body_state_setup,graph_chain,1000,999,9,800,0,0,0
machine_state_setup,graph_chain,1000,999,10,60100,0,0,1000
body_state_setup,graph_chain,1000,999,10,800,0,0,0
machine_state_setup,graph_chain,1000,999,11,58600,0,0,1000
body_state_setup,graph_chain,1000,999,11,700,0,0,0
machine_state_setup,graph_chain,1000,999,12,59300,0,0,1000
body_state_setup,graph_chain,1000,999,12,700,0,0,0
machine_state_setup,graph_chain,1000,999,13,74600,0,0,1000
body_state_setup,graph_chain,1000,999,13,5500,0,0,0
machine_state_setup,graph_chain,1000,999,14,134100,0,0,1000
body_state_setup,graph_chain,1000,999,14,800,0,0,0
machine_state_setup,graph_chain,1000,999,15,58300,0,0,1000
body_state_setup,graph_chain,1000,999,15,700,0,0,0
machine_state_setup,graph_chain,1000,999,16,59300,0,0,1000
body_state_setup,graph_chain,1000,999,16,700,0,0,0
machine_state_setup,graph_chain,1000,999,17,58700,0,0,1000
body_state_setup,graph_chain,1000,999,17,700,0,0,0
machine_state_setup,graph_chain,1000,999,18,72700,0,0,1000
body_state_setup,graph_chain,1000,999,18,5600,0,0,0
machine_state_setup,graph_chain,1000,999,19,124100,0,0,1000
body_state_setup,graph_chain,1000,999,19,700,0,0,0
machine_state_setup,graph_chain,1000,999,20,59300,0,0,1000
body_state_setup,graph_chain,1000,999,20,700,0,0,0
machine_state_setup,graph_chain,1000,999,21,62100,0,0,1000
body_state_setup,graph_chain,1000,999,21,600,0,0,0
machine_state_setup,graph_chain,1000,999,22,58900,0,0,1000
body_state_setup,graph_chain,1000,999,22,700,0,0,0
machine_state_setup,graph_chain,1000,999,23,76100,0,0,1000
body_state_setup,graph_chain,1000,999,23,5800,0,0,0
machine_state_setup,graph_chain,1000,999,24,132600,0,0,1000
body_state_setup,graph_chain,1000,999,24,900,0,0,0
machine_state_setup,graph_chain,1000,999,25,73700,0,0,1000
body_state_setup,graph_chain,1000,999,25,5400,0,0,0
machine_state_setup,graph_chain,1000,999,26,135600,0,0,1000
body_state_setup,graph_chain,1000,999,26,800,0,0,0
machine_state_setup,graph_chain,1000,999,27,58400,0,0,1000
body_state_setup,graph_chain,1000,999,27,700,0,0,0
machine_state_setup,graph_chain,1000,999,28,59100,0,0,1000
body_state_setup,graph_chain,1000,999,28,700,0,0,0
machine_state_setup,graph_chain,1000,999,29,58800,0,0,1000
body_state_setup,graph_chain,1000,999,29,700,0,0,0
machine_state_setup,graph_chain,1000,999,30,74400,0,0,1000
body_state_setup,graph_chain,1000,999,30,6000,0,0,0
machine_state_setup,graph_chain,1000,999,31,131700,0,0,1000
body_state_setup,graph_chain,1000,999,31,700,0,0,0
machine_state_setup,graph_chain,1000,999,32,59000,0,0,1000
body_state_setup,graph_chain,1000,999,32,800,0,0,0
machine_state_setup,graph_chain,1000,999,33,65500,0,0,1000
body_state_setup,graph_chain,1000,999,33,700,0,0,0
machine_state_setup,graph_chain,1000,999,34,59100,0,0,1000
body_state_setup,graph_chain,1000,999,34,700,0,0,0
machine_state_setup,graph_chain,1000,999,35,71800,0,0,1000
body_state_setup,graph_chain,1000,999,35,5800,0,0,0
machine_state_setup,graph_chain,1000,999,36,126500,0,0,1000
body_state_setup,graph_chain,1000,999,36,800,0,0,0
machine_state_setup,graph_chain,1000,999,37,58800,0,0,1000
body_state_setup,graph_chain,1000,999,37,700,0,0,0
machine_state_setup,graph_chain,1000,999,38,59000,0,0,1000
body_state_setup,graph_chain,1000,999,38,700,0,0,0
machine_state_setup,graph_chain,1000,999,39,59000,0,0,1000
body_state_setup,graph_chain,1000,999,39,700,0,0,0
pure_machine_events_preseeded,graph_chain,1000,999,0,5363600,0,0,1001
pure_machine_events_preseeded,graph_chain,1000,999,1,5351200,0,0,1001
pure_machine_events_preseeded,graph_chain,1000,999,2,5333600,0,0,1001
pure_machine_events_preseeded,graph_chain,1000,999,3,5328900,0,0,1001
pure_machine_events_preseeded,graph_chain,1000,999,4,5353500,0,0,1001
pure_machine_events_preseeded,graph_chain,1000,999,5,5359500,0,0,1001
pure_machine_events_preseeded,graph_chain,1000,999,6,5319600,0,0,1001
pure_machine_events_preseeded,graph_chain,1000,999,7,5389400,0,0,1001
pure_machine_events_preseeded,graph_chain,1000,999,8,5370700,0,0,1001
pure_machine_events_preseeded,graph_chain,1000,999,9,5387400,0,0,1001
pure_machine_events_preseeded,graph_chain,1000,999,10,5390900,0,0,1001
pure_machine_events_preseeded,graph_chain,1000,999,11,5413000,0,0,1001
pure_machine_events_preseeded,graph_chain,1000,999,12,5395800,0,0,1001
pure_machine_events_preseeded,graph_chain,1000,999,13,5398300,0,0,1001
pure_machine_events_preseeded,graph_chain,1000,999,14,5388100,0,0,1001
pure_machine_events_preseeded,graph_chain,1000,999,15,5391100,0,0,1001
pure_machine_events_preseeded,graph_chain,1000,999,16,5413900,0,0,1001
pure_machine_events_preseeded,graph_chain,1000,999,17,5399500,0,0,1001
pure_machine_events_preseeded,graph_chain,1000,999,18,5376300,0,0,1001
pure_machine_events_preseeded,graph_chain,1000,999,19,5386800,0,0,1001
pure_machine_events_preseeded,graph_chain,1000,999,20,5380300,0,0,1001
pure_machine_events_preseeded,graph_chain,1000,999,21,5380100,0,0,1001
pure_machine_events_preseeded,graph_chain,1000,999,22,5455700,0,0,1001
pure_machine_events_preseeded,graph_chain,1000,999,23,5393800,0,0,1001
pure_machine_events_preseeded,graph_chain,1000,999,24,5416800,0,0,1001
pure_machine_events_preseeded,graph_chain,1000,999,25,5433600,0,0,1001
pure_machine_events_preseeded,graph_chain,1000,999,26,5428500,0,0,1001
pure_machine_events_preseeded,graph_chain,1000,999,27,5333800,0,0,1001
pure_machine_events_preseeded,graph_chain,1000,999,28,5355200,0,0,1001
pure_machine_events_preseeded,graph_chain,1000,999,29,5322900,0,0,1001
pure_machine_events_preseeded,graph_chain,1000,999,30,5315000,0,0,1001
pure_machine_events_preseeded,graph_chain,1000,999,31,5351800,0,0,1001
pure_machine_events_preseeded,graph_chain,1000,999,32,5326300,0,0,1001
pure_machine_events_preseeded,graph_chain,1000,999,33,5350700,0,0,1001
pure_machine_events_preseeded,graph_chain,1000,999,34,5324800,0,0,1001
pure_machine_events_preseeded,graph_chain,1000,999,35,5312100,0,0,1001
pure_machine_events_preseeded,graph_chain,1000,999,36,5329400,0,0,1001
pure_machine_events_preseeded,graph_chain,1000,999,37,5331200,0,0,1001
pure_machine_events_preseeded,graph_chain,1000,999,38,5311300,0,0,1001
pure_machine_events_preseeded,graph_chain,1000,999,39,5322300,0,0,1001
fixture_generation,graph_wide,1000,999,0,66900,0,0,5000
fixture_generation,graph_wide,1000,999,1,63800,0,0,5000
fixture_generation,graph_wide,1000,999,2,63500,0,0,5000
fixture_generation,graph_wide,1000,999,3,63300,0,0,5000
fixture_generation,graph_wide,1000,999,4,63500,0,0,5000
fixture_generation,graph_wide,1000,999,5,63200,0,0,5000
fixture_generation,graph_wide,1000,999,6,63300,0,0,5000
fixture_generation,graph_wide,1000,999,7,63200,0,0,5000
fixture_generation,graph_wide,1000,999,8,63900,0,0,5000
fixture_generation,graph_wide,1000,999,9,63400,0,0,5000
fixture_generation,graph_wide,1000,999,10,63600,0,0,5000
fixture_generation,graph_wide,1000,999,11,66500,0,0,5000
fixture_generation,graph_wide,1000,999,12,63400,0,0,5000
fixture_generation,graph_wide,1000,999,13,63000,0,0,5000
fixture_generation,graph_wide,1000,999,14,63100,0,0,5000
fixture_generation,graph_wide,1000,999,15,63000,0,0,5000
fixture_generation,graph_wide,1000,999,16,63400,0,0,5000
fixture_generation,graph_wide,1000,999,17,68100,0,0,5000
fixture_generation,graph_wide,1000,999,18,63500,0,0,5000
fixture_generation,graph_wide,1000,999,19,63700,0,0,5000
plan_build,graph_wide,1000,999,0,2110700,0,0,10
plan_build,graph_wide,1000,999,1,1919500,0,0,10
plan_build,graph_wide,1000,999,2,2087400,0,0,10
plan_build,graph_wide,1000,999,3,1844500,0,0,10
plan_build,graph_wide,1000,999,4,1661600,0,0,10
plan_build,graph_wide,1000,999,5,1917300,0,0,10
plan_build,graph_wide,1000,999,6,1800100,0,0,10
plan_build,graph_wide,1000,999,7,1905100,0,0,10
plan_build,graph_wide,1000,999,8,1666700,0,0,10
plan_build,graph_wide,1000,999,9,1779200,0,0,10
plan_build,graph_wide,1000,999,10,1717400,0,0,10
plan_build,graph_wide,1000,999,11,1680300,0,0,10
plan_build,graph_wide,1000,999,12,1828600,0,0,10
plan_build,graph_wide,1000,999,13,1721800,0,0,10
plan_build,graph_wide,1000,999,14,1645700,0,0,10
plan_build,graph_wide,1000,999,15,1694300,0,0,10
plan_build,graph_wide,1000,999,16,1928500,0,0,10
plan_build,graph_wide,1000,999,17,1806300,0,0,10
plan_build,graph_wide,1000,999,18,1922500,0,0,10
plan_build,graph_wide,1000,999,19,1879600,0,0,10
plan_build_alloc,graph_wide,1000,999,0,0,11106,2511641,10
engine_execution,graph_wide,1000,999,0,7449900,0,0,998
engine_execution,graph_wide,1000,999,1,8141500,0,0,999
engine_execution,graph_wide,1000,999,2,7292400,0,0,996
engine_execution,graph_wide,1000,999,3,7329500,0,0,997
engine_execution,graph_wide,1000,999,4,7360800,0,0,994
engine_execution,graph_wide,1000,999,5,7390400,0,0,995
engine_execution,graph_wide,1000,999,6,7315200,0,0,992
engine_execution,graph_wide,1000,999,7,7361300,0,0,993
engine_execution,graph_wide,1000,999,8,7304500,0,0,1006
engine_execution,graph_wide,1000,999,9,7340100,0,0,1007
engine_execution,graph_wide,1000,999,10,7363600,0,0,1004
engine_execution,graph_wide,1000,999,11,7345800,0,0,1005
engine_execution,graph_wide,1000,999,12,7510900,0,0,1002
engine_execution,graph_wide,1000,999,13,7312100,0,0,1003
engine_execution,graph_wide,1000,999,14,7975500,0,0,1000
engine_execution,graph_wide,1000,999,15,7406600,0,0,1001
engine_execution,graph_wide,1000,999,16,7275900,0,0,1014
engine_execution,graph_wide,1000,999,17,7392800,0,0,1015
engine_execution,graph_wide,1000,999,18,7649300,0,0,1012
engine_execution,graph_wide,1000,999,19,7436900,0,0,1013
engine_execution,graph_wide,1000,999,20,7414700,0,0,1010
engine_execution,graph_wide,1000,999,21,7281500,0,0,1011
engine_execution,graph_wide,1000,999,22,7333600,0,0,1008
engine_execution,graph_wide,1000,999,23,7641000,0,0,1009
engine_execution,graph_wide,1000,999,24,7587200,0,0,1022
engine_execution,graph_wide,1000,999,25,7270000,0,0,1023
engine_execution,graph_wide,1000,999,26,7400100,0,0,1020
engine_execution,graph_wide,1000,999,27,7366300,0,0,1021
engine_execution,graph_wide,1000,999,28,7333000,0,0,1018
engine_execution,graph_wide,1000,999,29,7665900,0,0,1019
engine_execution,graph_wide,1000,999,30,7578600,0,0,1016
engine_execution,graph_wide,1000,999,31,7421800,0,0,1017
engine_execution,graph_wide,1000,999,32,7237900,0,0,966
engine_execution,graph_wide,1000,999,33,7363300,0,0,967
engine_execution,graph_wide,1000,999,34,7388200,0,0,964
engine_execution,graph_wide,1000,999,35,7350600,0,0,965
engine_execution,graph_wide,1000,999,36,7351500,0,0,962
engine_execution,graph_wide,1000,999,37,7456100,0,0,963
engine_execution,graph_wide,1000,999,38,7562300,0,0,960
engine_execution,graph_wide,1000,999,39,7425400,0,0,961
engine_execution_alloc,graph_wide,1000,999,0,0,49161,11818647,22972
machine_state_setup,graph_wide,1000,999,0,140700,0,0,1000
body_state_setup,graph_wide,1000,999,0,5600,0,0,0
machine_state_setup,graph_wide,1000,999,1,57000,0,0,1000
body_state_setup,graph_wide,1000,999,1,800,0,0,0
machine_state_setup,graph_wide,1000,999,2,56800,0,0,1000
body_state_setup,graph_wide,1000,999,2,700,0,0,0
machine_state_setup,graph_wide,1000,999,3,57000,0,0,1000
body_state_setup,graph_wide,1000,999,3,700,0,0,0
machine_state_setup,graph_wide,1000,999,4,57100,0,0,1000
body_state_setup,graph_wide,1000,999,4,700,0,0,0
machine_state_setup,graph_wide,1000,999,5,56700,0,0,1000
body_state_setup,graph_wide,1000,999,5,700,0,0,0
machine_state_setup,graph_wide,1000,999,6,57300,0,0,1000
body_state_setup,graph_wide,1000,999,6,700,0,0,0
machine_state_setup,graph_wide,1000,999,7,79400,0,0,1000
body_state_setup,graph_wide,1000,999,7,5300,0,0,0
machine_state_setup,graph_wide,1000,999,8,120200,0,0,1000
body_state_setup,graph_wide,1000,999,8,700,0,0,0
machine_state_setup,graph_wide,1000,999,9,56400,0,0,1000
body_state_setup,graph_wide,1000,999,9,600,0,0,0
machine_state_setup,graph_wide,1000,999,10,56700,0,0,1000
body_state_setup,graph_wide,1000,999,10,700,0,0,0
machine_state_setup,graph_wide,1000,999,11,56200,0,0,1000
body_state_setup,graph_wide,1000,999,11,700,0,0,0
machine_state_setup,graph_wide,1000,999,12,57100,0,0,1000
body_state_setup,graph_wide,1000,999,12,700,0,0,0
machine_state_setup,graph_wide,1000,999,13,56500,0,0,1000
body_state_setup,graph_wide,1000,999,13,700,0,0,0
machine_state_setup,graph_wide,1000,999,14,56800,0,0,1000
body_state_setup,graph_wide,1000,999,14,700,0,0,0
machine_state_setup,graph_wide,1000,999,15,56200,0,0,1000
body_state_setup,graph_wide,1000,999,15,700,0,0,0
machine_state_setup,graph_wide,1000,999,16,56600,0,0,1000
body_state_setup,graph_wide,1000,999,16,700,0,0,0
machine_state_setup,graph_wide,1000,999,17,56400,0,0,1000
body_state_setup,graph_wide,1000,999,17,19800,0,0,0
machine_state_setup,graph_wide,1000,999,18,133600,0,0,1000
body_state_setup,graph_wide,1000,999,18,5000,0,0,0
machine_state_setup,graph_wide,1000,999,19,57000,0,0,1000
body_state_setup,graph_wide,1000,999,19,700,0,0,0
machine_state_setup,graph_wide,1000,999,20,58600,0,0,1000
body_state_setup,graph_wide,1000,999,20,700,0,0,0
machine_state_setup,graph_wide,1000,999,21,61200,0,0,1000
body_state_setup,graph_wide,1000,999,21,800,0,0,0
machine_state_setup,graph_wide,1000,999,22,65000,0,0,1000
body_state_setup,graph_wide,1000,999,22,800,0,0,0
machine_state_setup,graph_wide,1000,999,23,61100,0,0,1000
body_state_setup,graph_wide,1000,999,23,700,0,0,0
machine_state_setup,graph_wide,1000,999,24,56800,0,0,1000
body_state_setup,graph_wide,1000,999,24,700,0,0,0
machine_state_setup,graph_wide,1000,999,25,56500,0,0,1000
body_state_setup,graph_wide,1000,999,25,700,0,0,0
machine_state_setup,graph_wide,1000,999,26,57300,0,0,1000
body_state_setup,graph_wide,1000,999,26,700,0,0,0
machine_state_setup,graph_wide,1000,999,27,56600,0,0,1000
body_state_setup,graph_wide,1000,999,27,700,0,0,0
machine_state_setup,graph_wide,1000,999,28,56900,0,0,1000
body_state_setup,graph_wide,1000,999,28,700,0,0,0
machine_state_setup,graph_wide,1000,999,29,56300,0,0,1000
body_state_setup,graph_wide,1000,999,29,600,0,0,0
machine_state_setup,graph_wide,1000,999,30,56900,0,0,1000
body_state_setup,graph_wide,1000,999,30,18400,0,0,0
machine_state_setup,graph_wide,1000,999,31,133200,0,0,1000
body_state_setup,graph_wide,1000,999,31,5100,0,0,0
machine_state_setup,graph_wide,1000,999,32,56600,0,0,1000
body_state_setup,graph_wide,1000,999,32,600,0,0,0
machine_state_setup,graph_wide,1000,999,33,56400,0,0,1000
body_state_setup,graph_wide,1000,999,33,600,0,0,0
machine_state_setup,graph_wide,1000,999,34,56800,0,0,1000
body_state_setup,graph_wide,1000,999,34,700,0,0,0
machine_state_setup,graph_wide,1000,999,35,56300,0,0,1000
body_state_setup,graph_wide,1000,999,35,700,0,0,0
machine_state_setup,graph_wide,1000,999,36,57500,0,0,1000
body_state_setup,graph_wide,1000,999,36,700,0,0,0
machine_state_setup,graph_wide,1000,999,37,62900,0,0,1000
body_state_setup,graph_wide,1000,999,37,700,0,0,0
machine_state_setup,graph_wide,1000,999,38,56900,0,0,1000
body_state_setup,graph_wide,1000,999,38,600,0,0,0
machine_state_setup,graph_wide,1000,999,39,56700,0,0,1000
body_state_setup,graph_wide,1000,999,39,700,0,0,0
fixture_generation,graph_sparse,1000,999,0,67700,0,0,5000
fixture_generation,graph_sparse,1000,999,1,63600,0,0,5000
fixture_generation,graph_sparse,1000,999,2,64200,0,0,5000
fixture_generation,graph_sparse,1000,999,3,63600,0,0,5000
fixture_generation,graph_sparse,1000,999,4,63400,0,0,5000
fixture_generation,graph_sparse,1000,999,5,63900,0,0,5000
fixture_generation,graph_sparse,1000,999,6,63200,0,0,5000
fixture_generation,graph_sparse,1000,999,7,63200,0,0,5000
fixture_generation,graph_sparse,1000,999,8,65100,0,0,5000
fixture_generation,graph_sparse,1000,999,9,63100,0,0,5000
fixture_generation,graph_sparse,1000,999,10,63000,0,0,5000
fixture_generation,graph_sparse,1000,999,11,63100,0,0,5000
fixture_generation,graph_sparse,1000,999,12,63100,0,0,5000
fixture_generation,graph_sparse,1000,999,13,63100,0,0,5000
fixture_generation,graph_sparse,1000,999,14,63000,0,0,5000
fixture_generation,graph_sparse,1000,999,15,63200,0,0,5000
fixture_generation,graph_sparse,1000,999,16,70500,0,0,5000
fixture_generation,graph_sparse,1000,999,17,63200,0,0,5000
fixture_generation,graph_sparse,1000,999,18,64100,0,0,5000
fixture_generation,graph_sparse,1000,999,19,63400,0,0,5000
plan_build,graph_sparse,1000,999,0,1822700,0,0,12
plan_build,graph_sparse,1000,999,1,1738400,0,0,12
plan_build,graph_sparse,1000,999,2,1399600,0,0,12
plan_build,graph_sparse,1000,999,3,1896000,0,0,12
plan_build,graph_sparse,1000,999,4,1676500,0,0,12
plan_build,graph_sparse,1000,999,5,1628300,0,0,12
plan_build,graph_sparse,1000,999,6,1672700,0,0,12
plan_build,graph_sparse,1000,999,7,1742400,0,0,12
plan_build,graph_sparse,1000,999,8,1610300,0,0,12
plan_build,graph_sparse,1000,999,9,1602100,0,0,12
plan_build,graph_sparse,1000,999,10,1224700,0,0,12
plan_build,graph_sparse,1000,999,11,1710800,0,0,12
plan_build,graph_sparse,1000,999,12,1172400,0,0,12
plan_build,graph_sparse,1000,999,13,1704600,0,0,12
plan_build,graph_sparse,1000,999,14,1252200,0,0,12
plan_build,graph_sparse,1000,999,15,1759000,0,0,12
plan_build,graph_sparse,1000,999,16,1303200,0,0,12
plan_build,graph_sparse,1000,999,17,1859900,0,0,12
plan_build,graph_sparse,1000,999,18,1740600,0,0,12
plan_build,graph_sparse,1000,999,19,1754600,0,0,12
plan_build_alloc,graph_sparse,1000,999,0,0,11597,2511293,12
engine_execution,graph_sparse,1000,999,0,8937600,0,0,697
engine_execution,graph_sparse,1000,999,1,8958100,0,0,696
engine_execution,graph_sparse,1000,999,2,9005600,0,0,699
engine_execution,graph_sparse,1000,999,3,8993500,0,0,698
engine_execution,graph_sparse,1000,999,4,9040500,0,0,701
engine_execution,graph_sparse,1000,999,5,9398500,0,0,700
engine_execution,graph_sparse,1000,999,6,9199800,0,0,703
engine_execution,graph_sparse,1000,999,7,8705600,0,0,702
engine_execution,graph_sparse,1000,999,8,8844400,0,0,689
engine_execution,graph_sparse,1000,999,9,8841100,0,0,688
engine_execution,graph_sparse,1000,999,10,8955200,0,0,691
engine_execution,graph_sparse,1000,999,11,8936900,0,0,690
engine_execution,graph_sparse,1000,999,12,8874600,0,0,693
engine_execution,graph_sparse,1000,999,13,8857100,0,0,692
engine_execution,graph_sparse,1000,999,14,8910300,0,0,695
engine_execution,graph_sparse,1000,999,15,8937600,0,0,694
engine_execution,graph_sparse,1000,999,16,8985500,0,0,681
engine_execution,graph_sparse,1000,999,17,8883800,0,0,680
engine_execution,graph_sparse,1000,999,18,8766200,0,0,683
engine_execution,graph_sparse,1000,999,19,8857400,0,0,682
engine_execution,graph_sparse,1000,999,20,8970500,0,0,685
engine_execution,graph_sparse,1000,999,21,9097000,0,0,684
engine_execution,graph_sparse,1000,999,22,8845100,0,0,687
engine_execution,graph_sparse,1000,999,23,8757500,0,0,686
engine_execution,graph_sparse,1000,999,24,8885700,0,0,673
engine_execution,graph_sparse,1000,999,25,8898500,0,0,672
engine_execution,graph_sparse,1000,999,26,9000600,0,0,675
engine_execution,graph_sparse,1000,999,27,8875600,0,0,674
engine_execution,graph_sparse,1000,999,28,8784800,0,0,677
engine_execution,graph_sparse,1000,999,29,8717500,0,0,676
engine_execution,graph_sparse,1000,999,30,8891900,0,0,679
engine_execution,graph_sparse,1000,999,31,9196300,0,0,678
engine_execution,graph_sparse,1000,999,32,9611200,0,0,665
engine_execution,graph_sparse,1000,999,33,8879300,0,0,664
engine_execution,graph_sparse,1000,999,34,9177900,0,0,667
engine_execution,graph_sparse,1000,999,35,9221500,0,0,666
engine_execution,graph_sparse,1000,999,36,8811200,0,0,669
engine_execution,graph_sparse,1000,999,37,8297600,0,0,668
engine_execution,graph_sparse,1000,999,38,8327700,0,0,671
engine_execution,graph_sparse,1000,999,39,8902900,0,0,670
engine_execution_alloc,graph_sparse,1000,999,0,0,51106,15733289,22755
machine_state_setup,graph_sparse,1000,999,0,70800,0,0,1000
body_state_setup,graph_sparse,1000,999,0,1300,0,0,0
machine_state_setup,graph_sparse,1000,999,1,60800,0,0,1000
body_state_setup,graph_sparse,1000,999,1,800,0,0,0
machine_state_setup,graph_sparse,1000,999,2,56800,0,0,1000
body_state_setup,graph_sparse,1000,999,2,700,0,0,0
machine_state_setup,graph_sparse,1000,999,3,56500,0,0,1000
body_state_setup,graph_sparse,1000,999,3,700,0,0,0
machine_state_setup,graph_sparse,1000,999,4,56600,0,0,1000
body_state_setup,graph_sparse,1000,999,4,700,0,0,0
machine_state_setup,graph_sparse,1000,999,5,56400,0,0,1000
body_state_setup,graph_sparse,1000,999,5,700,0,0,0
machine_state_setup,graph_sparse,1000,999,6,56900,0,0,1000
body_state_setup,graph_sparse,1000,999,6,700,0,0,0
machine_state_setup,graph_sparse,1000,999,7,56300,0,0,1000
body_state_setup,graph_sparse,1000,999,7,700,0,0,0
machine_state_setup,graph_sparse,1000,999,8,56500,0,0,1000
body_state_setup,graph_sparse,1000,999,8,800,0,0,0
machine_state_setup,graph_sparse,1000,999,9,56300,0,0,1000
body_state_setup,graph_sparse,1000,999,9,700,0,0,0
machine_state_setup,graph_sparse,1000,999,10,56400,0,0,1000
body_state_setup,graph_sparse,1000,999,10,800,0,0,0
machine_state_setup,graph_sparse,1000,999,11,56200,0,0,1000
body_state_setup,graph_sparse,1000,999,11,700,0,0,0
machine_state_setup,graph_sparse,1000,999,12,56300,0,0,1000
body_state_setup,graph_sparse,1000,999,12,700,0,0,0
machine_state_setup,graph_sparse,1000,999,13,56100,0,0,1000
body_state_setup,graph_sparse,1000,999,13,700,0,0,0
machine_state_setup,graph_sparse,1000,999,14,56700,0,0,1000
body_state_setup,graph_sparse,1000,999,14,700,0,0,0
machine_state_setup,graph_sparse,1000,999,15,56400,0,0,1000
body_state_setup,graph_sparse,1000,999,15,600,0,0,0
machine_state_setup,graph_sparse,1000,999,16,56600,0,0,1000
body_state_setup,graph_sparse,1000,999,16,700,0,0,0
machine_state_setup,graph_sparse,1000,999,17,56300,0,0,1000
body_state_setup,graph_sparse,1000,999,17,700,0,0,0
machine_state_setup,graph_sparse,1000,999,18,59100,0,0,1000
body_state_setup,graph_sparse,1000,999,18,800,0,0,0
machine_state_setup,graph_sparse,1000,999,19,56100,0,0,1000
body_state_setup,graph_sparse,1000,999,19,700,0,0,0
machine_state_setup,graph_sparse,1000,999,20,56300,0,0,1000
body_state_setup,graph_sparse,1000,999,20,700,0,0,0
machine_state_setup,graph_sparse,1000,999,21,56100,0,0,1000
body_state_setup,graph_sparse,1000,999,21,700,0,0,0
machine_state_setup,graph_sparse,1000,999,22,56500,0,0,1000
body_state_setup,graph_sparse,1000,999,22,700,0,0,0
machine_state_setup,graph_sparse,1000,999,23,56200,0,0,1000
body_state_setup,graph_sparse,1000,999,23,600,0,0,0
machine_state_setup,graph_sparse,1000,999,24,56400,0,0,1000
body_state_setup,graph_sparse,1000,999,24,700,0,0,0
machine_state_setup,graph_sparse,1000,999,25,56000,0,0,1000
body_state_setup,graph_sparse,1000,999,25,700,0,0,0
machine_state_setup,graph_sparse,1000,999,26,56200,0,0,1000
body_state_setup,graph_sparse,1000,999,26,700,0,0,0
machine_state_setup,graph_sparse,1000,999,27,56100,0,0,1000
body_state_setup,graph_sparse,1000,999,27,700,0,0,0
machine_state_setup,graph_sparse,1000,999,28,151100,0,0,1000
body_state_setup,graph_sparse,1000,999,28,6000,0,0,0
machine_state_setup,graph_sparse,1000,999,29,134100,0,0,1000
body_state_setup,graph_sparse,1000,999,29,700,0,0,0
machine_state_setup,graph_sparse,1000,999,30,56500,0,0,1000
body_state_setup,graph_sparse,1000,999,30,700,0,0,0
machine_state_setup,graph_sparse,1000,999,31,56100,0,0,1000
body_state_setup,graph_sparse,1000,999,31,700,0,0,0
machine_state_setup,graph_sparse,1000,999,32,60500,0,0,1000
body_state_setup,graph_sparse,1000,999,32,700,0,0,0
machine_state_setup,graph_sparse,1000,999,33,56200,0,0,1000
body_state_setup,graph_sparse,1000,999,33,600,0,0,0
machine_state_setup,graph_sparse,1000,999,34,56300,0,0,1000
body_state_setup,graph_sparse,1000,999,34,700,0,0,0
machine_state_setup,graph_sparse,1000,999,35,56100,0,0,1000
body_state_setup,graph_sparse,1000,999,35,700,0,0,0
machine_state_setup,graph_sparse,1000,999,36,56200,0,0,1000
body_state_setup,graph_sparse,1000,999,36,700,0,0,0
machine_state_setup,graph_sparse,1000,999,37,56200,0,0,1000
body_state_setup,graph_sparse,1000,999,37,700,0,0,0
machine_state_setup,graph_sparse,1000,999,38,56700,0,0,1000
body_state_setup,graph_sparse,1000,999,38,700,0,0,0
machine_state_setup,graph_sparse,1000,999,39,56100,0,0,1000
body_state_setup,graph_sparse,1000,999,39,700,0,0,0
fixture_generation,tiny_yield_chain,1,0,0,2000,0,0,5
fixture_generation,tiny_yield_chain,1,0,1,300,0,0,5
fixture_generation,tiny_yield_chain,1,0,2,200,0,0,5
fixture_generation,tiny_yield_chain,1,0,3,500,0,0,5
fixture_generation,tiny_yield_chain,1,0,4,600,0,0,5
fixture_generation,tiny_yield_chain,1,0,5,200,0,0,5
fixture_generation,tiny_yield_chain,1,0,6,100,0,0,5
fixture_generation,tiny_yield_chain,1,0,7,200,0,0,5
fixture_generation,tiny_yield_chain,1,0,8,200,0,0,5
fixture_generation,tiny_yield_chain,1,0,9,100,0,0,5
fixture_generation,tiny_yield_chain,1,0,10,100,0,0,5
fixture_generation,tiny_yield_chain,1,0,11,200,0,0,5
fixture_generation,tiny_yield_chain,1,0,12,200,0,0,5
fixture_generation,tiny_yield_chain,1,0,13,100,0,0,5
fixture_generation,tiny_yield_chain,1,0,14,900,0,0,5
fixture_generation,tiny_yield_chain,1,0,15,200,0,0,5
fixture_generation,tiny_yield_chain,1,0,16,100,0,0,5
fixture_generation,tiny_yield_chain,1,0,17,100,0,0,5
fixture_generation,tiny_yield_chain,1,0,18,100,0,0,5
fixture_generation,tiny_yield_chain,1,0,19,100,0,0,5
plan_build,tiny_yield_chain,1,0,0,34000,0,0,11
plan_build,tiny_yield_chain,1,0,1,3300,0,0,11
plan_build,tiny_yield_chain,1,0,2,2400,0,0,11
plan_build,tiny_yield_chain,1,0,3,1700,0,0,11
plan_build,tiny_yield_chain,1,0,4,2800,0,0,11
plan_build,tiny_yield_chain,1,0,5,1500,0,0,11
plan_build,tiny_yield_chain,1,0,6,1300,0,0,11
plan_build,tiny_yield_chain,1,0,7,1300,0,0,11
plan_build,tiny_yield_chain,1,0,8,1300,0,0,11
plan_build,tiny_yield_chain,1,0,9,1200,0,0,11
plan_build,tiny_yield_chain,1,0,10,1600,0,0,11
plan_build,tiny_yield_chain,1,0,11,1300,0,0,11
plan_build,tiny_yield_chain,1,0,12,1200,0,0,11
plan_build,tiny_yield_chain,1,0,13,1200,0,0,11
plan_build,tiny_yield_chain,1,0,14,1300,0,0,11
plan_build,tiny_yield_chain,1,0,15,1200,0,0,11
plan_build,tiny_yield_chain,1,0,16,1300,0,0,11
plan_build,tiny_yield_chain,1,0,17,1300,0,0,11
plan_build,tiny_yield_chain,1,0,18,1200,0,0,11
plan_build,tiny_yield_chain,1,0,19,1200,0,0,11
plan_build_alloc,tiny_yield_chain,1,0,0,0,36,6722,11
engine_execution,tiny_yield_chain,1,0,0,5400,0,0,1
engine_execution,tiny_yield_chain,1,0,1,5600,0,0,0
engine_execution,tiny_yield_chain,1,0,2,5100,0,0,3
engine_execution,tiny_yield_chain,1,0,3,5400,0,0,2
engine_execution,tiny_yield_chain,1,0,4,5600,0,0,5
engine_execution,tiny_yield_chain,1,0,5,5400,0,0,4
engine_execution,tiny_yield_chain,1,0,6,5100,0,0,7
engine_execution,tiny_yield_chain,1,0,7,5300,0,0,6
engine_execution,tiny_yield_chain,1,0,8,5200,0,0,9
engine_execution,tiny_yield_chain,1,0,9,5100,0,0,8
engine_execution,tiny_yield_chain,1,0,10,5100,0,0,11
engine_execution,tiny_yield_chain,1,0,11,5200,0,0,10
engine_execution,tiny_yield_chain,1,0,12,5000,0,0,13
engine_execution,tiny_yield_chain,1,0,13,5200,0,0,12
engine_execution,tiny_yield_chain,1,0,14,5100,0,0,15
engine_execution,tiny_yield_chain,1,0,15,5100,0,0,14
engine_execution,tiny_yield_chain,1,0,16,5300,0,0,17
engine_execution,tiny_yield_chain,1,0,17,5100,0,0,16
engine_execution,tiny_yield_chain,1,0,18,9800,0,0,19
engine_execution,tiny_yield_chain,1,0,19,5300,0,0,18
engine_execution,tiny_yield_chain,1,0,20,5200,0,0,21
engine_execution,tiny_yield_chain,1,0,21,5100,0,0,20
engine_execution,tiny_yield_chain,1,0,22,5200,0,0,23
engine_execution,tiny_yield_chain,1,0,23,5200,0,0,22
engine_execution,tiny_yield_chain,1,0,24,5100,0,0,25
engine_execution,tiny_yield_chain,1,0,25,5200,0,0,24
engine_execution,tiny_yield_chain,1,0,26,5300,0,0,27
engine_execution,tiny_yield_chain,1,0,27,5200,0,0,26
engine_execution,tiny_yield_chain,1,0,28,5200,0,0,29
engine_execution,tiny_yield_chain,1,0,29,5300,0,0,28
engine_execution,tiny_yield_chain,1,0,30,5300,0,0,31
engine_execution,tiny_yield_chain,1,0,31,5000,0,0,30
engine_execution,tiny_yield_chain,1,0,32,5100,0,0,33
engine_execution,tiny_yield_chain,1,0,33,5100,0,0,32
engine_execution,tiny_yield_chain,1,0,34,5200,0,0,35
engine_execution,tiny_yield_chain,1,0,35,5200,0,0,34
engine_execution,tiny_yield_chain,1,0,36,5300,0,0,37
engine_execution,tiny_yield_chain,1,0,37,5100,0,0,36
engine_execution,tiny_yield_chain,1,0,38,5100,0,0,39
engine_execution,tiny_yield_chain,1,0,39,5100,0,0,38
engine_execution_alloc,tiny_yield_chain,1,0,0,0,99,11356,23131
machine_state_setup,tiny_yield_chain,1,0,0,300,0,0,1
body_state_setup,tiny_yield_chain,1,0,0,300,0,0,0
machine_state_setup,tiny_yield_chain,1,0,1,200,0,0,1
body_state_setup,tiny_yield_chain,1,0,1,300,0,0,0
machine_state_setup,tiny_yield_chain,1,0,2,300,0,0,1
body_state_setup,tiny_yield_chain,1,0,2,200,0,0,0
machine_state_setup,tiny_yield_chain,1,0,3,200,0,0,1
body_state_setup,tiny_yield_chain,1,0,3,300,0,0,0
machine_state_setup,tiny_yield_chain,1,0,4,300,0,0,1
body_state_setup,tiny_yield_chain,1,0,4,200,0,0,0
machine_state_setup,tiny_yield_chain,1,0,5,200,0,0,1
body_state_setup,tiny_yield_chain,1,0,5,300,0,0,0
machine_state_setup,tiny_yield_chain,1,0,6,200,0,0,1
body_state_setup,tiny_yield_chain,1,0,6,200,0,0,0
machine_state_setup,tiny_yield_chain,1,0,7,300,0,0,1
body_state_setup,tiny_yield_chain,1,0,7,200,0,0,0
machine_state_setup,tiny_yield_chain,1,0,8,200,0,0,1
body_state_setup,tiny_yield_chain,1,0,8,300,0,0,0
machine_state_setup,tiny_yield_chain,1,0,9,200,0,0,1
body_state_setup,tiny_yield_chain,1,0,9,200,0,0,0
machine_state_setup,tiny_yield_chain,1,0,10,200,0,0,1
body_state_setup,tiny_yield_chain,1,0,10,300,0,0,0
machine_state_setup,tiny_yield_chain,1,0,11,200,0,0,1
body_state_setup,tiny_yield_chain,1,0,11,200,0,0,0
machine_state_setup,tiny_yield_chain,1,0,12,200,0,0,1
body_state_setup,tiny_yield_chain,1,0,12,200,0,0,0
machine_state_setup,tiny_yield_chain,1,0,13,300,0,0,1
body_state_setup,tiny_yield_chain,1,0,13,200,0,0,0
machine_state_setup,tiny_yield_chain,1,0,14,200,0,0,1
body_state_setup,tiny_yield_chain,1,0,14,200,0,0,0
machine_state_setup,tiny_yield_chain,1,0,15,200,0,0,1
body_state_setup,tiny_yield_chain,1,0,15,200,0,0,0
machine_state_setup,tiny_yield_chain,1,0,16,300,0,0,1
body_state_setup,tiny_yield_chain,1,0,16,200,0,0,0
machine_state_setup,tiny_yield_chain,1,0,17,200,0,0,1
body_state_setup,tiny_yield_chain,1,0,17,200,0,0,0
machine_state_setup,tiny_yield_chain,1,0,18,200,0,0,1
body_state_setup,tiny_yield_chain,1,0,18,300,0,0,0
machine_state_setup,tiny_yield_chain,1,0,19,200,0,0,1
body_state_setup,tiny_yield_chain,1,0,19,300,0,0,0
machine_state_setup,tiny_yield_chain,1,0,20,200,0,0,1
body_state_setup,tiny_yield_chain,1,0,20,200,0,0,0
machine_state_setup,tiny_yield_chain,1,0,21,200,0,0,1
body_state_setup,tiny_yield_chain,1,0,21,200,0,0,0
machine_state_setup,tiny_yield_chain,1,0,22,300,0,0,1
body_state_setup,tiny_yield_chain,1,0,22,200,0,0,0
machine_state_setup,tiny_yield_chain,1,0,23,200,0,0,1
body_state_setup,tiny_yield_chain,1,0,23,200,0,0,0
machine_state_setup,tiny_yield_chain,1,0,24,200,0,0,1
body_state_setup,tiny_yield_chain,1,0,24,200,0,0,0
machine_state_setup,tiny_yield_chain,1,0,25,200,0,0,1
body_state_setup,tiny_yield_chain,1,0,25,200,0,0,0
machine_state_setup,tiny_yield_chain,1,0,26,200,0,0,1
body_state_setup,tiny_yield_chain,1,0,26,200,0,0,0
machine_state_setup,tiny_yield_chain,1,0,27,200,0,0,1
body_state_setup,tiny_yield_chain,1,0,27,300,0,0,0
machine_state_setup,tiny_yield_chain,1,0,28,200,0,0,1
body_state_setup,tiny_yield_chain,1,0,28,300,0,0,0
machine_state_setup,tiny_yield_chain,1,0,29,200,0,0,1
body_state_setup,tiny_yield_chain,1,0,29,200,0,0,0
machine_state_setup,tiny_yield_chain,1,0,30,200,0,0,1
body_state_setup,tiny_yield_chain,1,0,30,200,0,0,0
machine_state_setup,tiny_yield_chain,1,0,31,200,0,0,1
body_state_setup,tiny_yield_chain,1,0,31,200,0,0,0
machine_state_setup,tiny_yield_chain,1,0,32,300,0,0,1
body_state_setup,tiny_yield_chain,1,0,32,200,0,0,0
machine_state_setup,tiny_yield_chain,1,0,33,200,0,0,1
body_state_setup,tiny_yield_chain,1,0,33,200,0,0,0
machine_state_setup,tiny_yield_chain,1,0,34,200,0,0,1
body_state_setup,tiny_yield_chain,1,0,34,300,0,0,0
machine_state_setup,tiny_yield_chain,1,0,35,200,0,0,1
body_state_setup,tiny_yield_chain,1,0,35,200,0,0,0
machine_state_setup,tiny_yield_chain,1,0,36,200,0,0,1
body_state_setup,tiny_yield_chain,1,0,36,200,0,0,0
machine_state_setup,tiny_yield_chain,1,0,37,300,0,0,1
body_state_setup,tiny_yield_chain,1,0,37,200,0,0,0
machine_state_setup,tiny_yield_chain,1,0,38,200,0,0,1
body_state_setup,tiny_yield_chain,1,0,38,200,0,0,0
machine_state_setup,tiny_yield_chain,1,0,39,200,0,0,1
body_state_setup,tiny_yield_chain,1,0,39,200,0,0,0
engine_execution,resource_normal,2,1,0,9900,0,0,0
engine_execution,resource_normal,2,1,1,9900,0,0,3
engine_execution,resource_normal,2,1,2,10000,0,0,2
engine_execution,resource_normal,2,1,3,9900,0,0,5
engine_execution,resource_normal,2,1,4,10100,0,0,4
engine_execution,resource_normal,2,1,5,10000,0,0,7
engine_execution,resource_normal,2,1,6,9800,0,0,6
engine_execution,resource_normal,2,1,7,9800,0,0,9
engine_execution,resource_normal,2,1,8,10000,0,0,8
engine_execution,resource_normal,2,1,9,10000,0,0,11
engine_execution,resource_normal,2,1,10,9800,0,0,10
engine_execution,resource_normal,2,1,11,9900,0,0,13
engine_execution,resource_normal,2,1,12,9900,0,0,12
engine_execution,resource_normal,2,1,13,9800,0,0,15
engine_execution,resource_normal,2,1,14,9800,0,0,14
engine_execution,resource_normal,2,1,15,9800,0,0,17
engine_execution,resource_normal,2,1,16,9800,0,0,16
engine_execution,resource_normal,2,1,17,10200,0,0,19
engine_execution,resource_normal,2,1,18,10000,0,0,18
engine_execution,resource_normal,2,1,19,10200,0,0,21
engine_execution,resource_normal,2,1,20,10000,0,0,20
engine_execution,resource_normal,2,1,21,9700,0,0,23
engine_execution,resource_normal,2,1,22,9800,0,0,22
engine_execution,resource_normal,2,1,23,9900,0,0,25
engine_execution,resource_normal,2,1,24,9800,0,0,24
engine_execution,resource_normal,2,1,25,9700,0,0,27
engine_execution,resource_normal,2,1,26,9700,0,0,26
engine_execution,resource_normal,2,1,27,9900,0,0,29
engine_execution,resource_normal,2,1,28,9700,0,0,28
engine_execution,resource_normal,2,1,29,9700,0,0,31
engine_execution,resource_normal,2,1,30,9800,0,0,30
engine_execution,resource_normal,2,1,31,9800,0,0,33
engine_execution,resource_normal,2,1,32,9900,0,0,32
engine_execution,resource_normal,2,1,33,9700,0,0,35
engine_execution,resource_normal,2,1,34,9600,0,0,34
engine_execution,resource_normal,2,1,35,9800,0,0,37
engine_execution,resource_normal,2,1,36,9600,0,0,36
engine_execution,resource_normal,2,1,37,9600,0,0,39
engine_execution,resource_normal,2,1,38,9900,0,0,38
engine_execution,resource_normal,2,1,39,9800,0,0,41
engine_execution_alloc,resource_normal,2,1,0,0,202,19154,23130
engine_execution,resource_release_failure,2,1,0,10300,0,0,1
engine_execution,resource_release_failure,2,1,1,10200,0,0,2
engine_execution,resource_release_failure,2,1,2,10200,0,0,3
engine_execution,resource_release_failure,2,1,3,10200,0,0,4
engine_execution,resource_release_failure,2,1,4,10300,0,0,5
engine_execution,resource_release_failure,2,1,5,10300,0,0,6
engine_execution,resource_release_failure,2,1,6,10300,0,0,7
engine_execution,resource_release_failure,2,1,7,10100,0,0,8
engine_execution,resource_release_failure,2,1,8,10200,0,0,9
engine_execution,resource_release_failure,2,1,9,10300,0,0,10
engine_execution,resource_release_failure,2,1,10,10300,0,0,11
engine_execution,resource_release_failure,2,1,11,10100,0,0,12
engine_execution,resource_release_failure,2,1,12,10200,0,0,13
engine_execution,resource_release_failure,2,1,13,10300,0,0,14
engine_execution,resource_release_failure,2,1,14,10400,0,0,15
engine_execution,resource_release_failure,2,1,15,10200,0,0,16
engine_execution,resource_release_failure,2,1,16,10300,0,0,17
engine_execution,resource_release_failure,2,1,17,10400,0,0,18
engine_execution,resource_release_failure,2,1,18,10300,0,0,19
engine_execution,resource_release_failure,2,1,19,10300,0,0,20
engine_execution,resource_release_failure,2,1,20,10300,0,0,21
engine_execution,resource_release_failure,2,1,21,10300,0,0,22
engine_execution,resource_release_failure,2,1,22,10200,0,0,23
engine_execution,resource_release_failure,2,1,23,12800,0,0,24
engine_execution,resource_release_failure,2,1,24,10500,0,0,25
engine_execution,resource_release_failure,2,1,25,10300,0,0,26
engine_execution,resource_release_failure,2,1,26,10500,0,0,27
engine_execution,resource_release_failure,2,1,27,10400,0,0,28
engine_execution,resource_release_failure,2,1,28,10400,0,0,29
engine_execution,resource_release_failure,2,1,29,10300,0,0,30
engine_execution,resource_release_failure,2,1,30,10300,0,0,31
engine_execution,resource_release_failure,2,1,31,10300,0,0,32
engine_execution,resource_release_failure,2,1,32,10400,0,0,33
engine_execution,resource_release_failure,2,1,33,10400,0,0,34
engine_execution,resource_release_failure,2,1,34,10500,0,0,35
engine_execution,resource_release_failure,2,1,35,10100,0,0,36
engine_execution,resource_release_failure,2,1,36,10300,0,0,37
engine_execution,resource_release_failure,2,1,37,10400,0,0,38
engine_execution,resource_release_failure,2,1,38,10300,0,0,39
engine_execution,resource_release_failure,2,1,39,10200,0,0,40
engine_execution_alloc,resource_release_failure,2,1,0,0,212,19913,23131
engine_execution,resource_startup_failure,2,1,0,10400,0,0,3
engine_execution,resource_startup_failure,2,1,1,10500,0,0,3
engine_execution,resource_startup_failure,2,1,2,10300,0,0,3
engine_execution,resource_startup_failure,2,1,3,10300,0,0,3
engine_execution,resource_startup_failure,2,1,4,10300,0,0,3
engine_execution,resource_startup_failure,2,1,5,10400,0,0,3
engine_execution,resource_startup_failure,2,1,6,10400,0,0,3
engine_execution,resource_startup_failure,2,1,7,10500,0,0,3
engine_execution,resource_startup_failure,2,1,8,10200,0,0,3
engine_execution,resource_startup_failure,2,1,9,10400,0,0,3
engine_execution,resource_startup_failure,2,1,10,10400,0,0,3
engine_execution,resource_startup_failure,2,1,11,10400,0,0,3
engine_execution,resource_startup_failure,2,1,12,10300,0,0,3
engine_execution,resource_startup_failure,2,1,13,10200,0,0,3
engine_execution,resource_startup_failure,2,1,14,10300,0,0,3
engine_execution,resource_startup_failure,2,1,15,10300,0,0,3
engine_execution,resource_startup_failure,2,1,16,10500,0,0,3
engine_execution,resource_startup_failure,2,1,17,10300,0,0,3
engine_execution,resource_startup_failure,2,1,18,10400,0,0,3
engine_execution,resource_startup_failure,2,1,19,10300,0,0,3
engine_execution,resource_startup_failure,2,1,20,10000,0,0,3
engine_execution,resource_startup_failure,2,1,21,10200,0,0,3
engine_execution,resource_startup_failure,2,1,22,10700,0,0,3
engine_execution,resource_startup_failure,2,1,23,10900,0,0,3
engine_execution,resource_startup_failure,2,1,24,10400,0,0,3
engine_execution,resource_startup_failure,2,1,25,10200,0,0,3
engine_execution,resource_startup_failure,2,1,26,10400,0,0,3
engine_execution,resource_startup_failure,2,1,27,10200,0,0,3
engine_execution,resource_startup_failure,2,1,28,10200,0,0,3
engine_execution,resource_startup_failure,2,1,29,10200,0,0,3
engine_execution,resource_startup_failure,2,1,30,10300,0,0,3
engine_execution,resource_startup_failure,2,1,31,10200,0,0,3
engine_execution,resource_startup_failure,2,1,32,10200,0,0,3
engine_execution,resource_startup_failure,2,1,33,10100,0,0,3
engine_execution,resource_startup_failure,2,1,34,10300,0,0,3
engine_execution,resource_startup_failure,2,1,35,10400,0,0,3
engine_execution,resource_startup_failure,2,1,36,10200,0,0,3
engine_execution,resource_startup_failure,2,1,37,10100,0,0,3
engine_execution,resource_startup_failure,2,1,38,10200,0,0,3
engine_execution,resource_startup_failure,2,1,39,10300,0,0,3
engine_execution_alloc,resource_startup_failure,2,1,0,0,209,20217,3
engine_execution,resource_cleanup_error_upstream,3,1,0,15100,0,0,0
engine_execution,resource_cleanup_error_upstream,3,1,1,15500,0,0,1
engine_execution,resource_cleanup_error_upstream,3,1,2,15000,0,0,2
engine_execution,resource_cleanup_error_upstream,3,1,3,15200,0,0,3
engine_execution,resource_cleanup_error_upstream,3,1,4,15100,0,0,4
engine_execution,resource_cleanup_error_upstream,3,1,5,15200,0,0,5
engine_execution,resource_cleanup_error_upstream,3,1,6,15100,0,0,6
engine_execution,resource_cleanup_error_upstream,3,1,7,14900,0,0,7
engine_execution,resource_cleanup_error_upstream,3,1,8,15100,0,0,8
engine_execution,resource_cleanup_error_upstream,3,1,9,15200,0,0,9
engine_execution,resource_cleanup_error_upstream,3,1,10,33100,0,0,10
engine_execution,resource_cleanup_error_upstream,3,1,11,15400,0,0,11
engine_execution,resource_cleanup_error_upstream,3,1,12,15200,0,0,12
engine_execution,resource_cleanup_error_upstream,3,1,13,15000,0,0,13
engine_execution,resource_cleanup_error_upstream,3,1,14,15200,0,0,14
engine_execution,resource_cleanup_error_upstream,3,1,15,15000,0,0,15
engine_execution,resource_cleanup_error_upstream,3,1,16,15100,0,0,16
engine_execution,resource_cleanup_error_upstream,3,1,17,15100,0,0,17
engine_execution,resource_cleanup_error_upstream,3,1,18,15300,0,0,18
engine_execution,resource_cleanup_error_upstream,3,1,19,15100,0,0,19
engine_execution,resource_cleanup_error_upstream,3,1,20,15300,0,0,20
engine_execution,resource_cleanup_error_upstream,3,1,21,15200,0,0,21
engine_execution,resource_cleanup_error_upstream,3,1,22,15000,0,0,22
engine_execution,resource_cleanup_error_upstream,3,1,23,15400,0,0,23
engine_execution,resource_cleanup_error_upstream,3,1,24,15100,0,0,24
engine_execution,resource_cleanup_error_upstream,3,1,25,15000,0,0,25
engine_execution,resource_cleanup_error_upstream,3,1,26,15400,0,0,26
engine_execution,resource_cleanup_error_upstream,3,1,27,15300,0,0,27
engine_execution,resource_cleanup_error_upstream,3,1,28,16100,0,0,28
engine_execution,resource_cleanup_error_upstream,3,1,29,15400,0,0,29
engine_execution,resource_cleanup_error_upstream,3,1,30,21100,0,0,30
engine_execution,resource_cleanup_error_upstream,3,1,31,16600,0,0,31
engine_execution,resource_cleanup_error_upstream,3,1,32,15600,0,0,32
engine_execution,resource_cleanup_error_upstream,3,1,33,15200,0,0,33
engine_execution,resource_cleanup_error_upstream,3,1,34,15300,0,0,34
engine_execution,resource_cleanup_error_upstream,3,1,35,15300,0,0,35
engine_execution,resource_cleanup_error_upstream,3,1,36,15200,0,0,36
engine_execution,resource_cleanup_error_upstream,3,1,37,15100,0,0,37
engine_execution,resource_cleanup_error_upstream,3,1,38,15200,0,0,38
engine_execution,resource_cleanup_error_upstream,3,1,39,15300,0,0,39
engine_execution_alloc,resource_cleanup_error_upstream,3,1,0,0,314,25951,23130
engine_execution,resource_cancel_after_acquire,1,0,0,18100,0,0,3
engine_execution,resource_cancel_after_acquire,1,0,1,9900,0,0,3
engine_execution,resource_cancel_after_acquire,1,0,2,8800,0,0,3
engine_execution,resource_cancel_after_acquire,1,0,3,8400,0,0,3
engine_execution,resource_cancel_after_acquire,1,0,4,8500,0,0,3
engine_execution,resource_cancel_after_acquire,1,0,5,8600,0,0,3
engine_execution,resource_cancel_after_acquire,1,0,6,8600,0,0,3
engine_execution,resource_cancel_after_acquire,1,0,7,8700,0,0,3
engine_execution,resource_cancel_after_acquire,1,0,8,8900,0,0,3
engine_execution,resource_cancel_after_acquire,1,0,9,9200,0,0,3
engine_execution,resource_cancel_after_acquire,1,0,10,8800,0,0,3
engine_execution,resource_cancel_after_acquire,1,0,11,8400,0,0,3
engine_execution,resource_cancel_after_acquire,1,0,12,8400,0,0,3
engine_execution,resource_cancel_after_acquire,1,0,13,8600,0,0,3
engine_execution,resource_cancel_after_acquire,1,0,14,8500,0,0,3
engine_execution,resource_cancel_after_acquire,1,0,15,8500,0,0,3
engine_execution,resource_cancel_after_acquire,1,0,16,8600,0,0,3
engine_execution,resource_cancel_after_acquire,1,0,17,8600,0,0,3
engine_execution,resource_cancel_after_acquire,1,0,18,8400,0,0,3
engine_execution,resource_cancel_after_acquire,1,0,19,8600,0,0,3
engine_execution,resource_cancel_after_acquire,1,0,20,8700,0,0,3
engine_execution,resource_cancel_after_acquire,1,0,21,8400,0,0,3
engine_execution,resource_cancel_after_acquire,1,0,22,8500,0,0,3
engine_execution,resource_cancel_after_acquire,1,0,23,8600,0,0,3
engine_execution,resource_cancel_after_acquire,1,0,24,8400,0,0,3
engine_execution,resource_cancel_after_acquire,1,0,25,8600,0,0,3
engine_execution,resource_cancel_after_acquire,1,0,26,8500,0,0,3
engine_execution,resource_cancel_after_acquire,1,0,27,8500,0,0,3
engine_execution,resource_cancel_after_acquire,1,0,28,8500,0,0,3
engine_execution,resource_cancel_after_acquire,1,0,29,8400,0,0,3
engine_execution,resource_cancel_after_acquire,1,0,30,8600,0,0,3
engine_execution,resource_cancel_after_acquire,1,0,31,8600,0,0,3
engine_execution,resource_cancel_after_acquire,1,0,32,8500,0,0,3
engine_execution,resource_cancel_after_acquire,1,0,33,10200,0,0,3
engine_execution,resource_cancel_after_acquire,1,0,34,8500,0,0,3
engine_execution,resource_cancel_after_acquire,1,0,35,8400,0,0,3
engine_execution,resource_cancel_after_acquire,1,0,36,8500,0,0,3
engine_execution,resource_cancel_after_acquire,1,0,37,8400,0,0,3
engine_execution,resource_cancel_after_acquire,1,0,38,8600,0,0,3
engine_execution,resource_cancel_after_acquire,1,0,39,8700,0,0,3
engine_execution,effect_known_receipt,1,0,0,7500,0,0,1
engine_execution,effect_known_receipt,1,0,1,7400,0,0,0
engine_execution,effect_known_receipt,1,0,2,7400,0,0,3
engine_execution,effect_known_receipt,1,0,3,7300,0,0,2
engine_execution,effect_known_receipt,1,0,4,7500,0,0,5
engine_execution,effect_known_receipt,1,0,5,7400,0,0,4
engine_execution,effect_known_receipt,1,0,6,7500,0,0,7
engine_execution,effect_known_receipt,1,0,7,7400,0,0,6
engine_execution,effect_known_receipt,1,0,8,7300,0,0,9
engine_execution,effect_known_receipt,1,0,9,7400,0,0,8
engine_execution,effect_known_receipt,1,0,10,10100,0,0,11
engine_execution,effect_known_receipt,1,0,11,7500,0,0,10
engine_execution,effect_known_receipt,1,0,12,7400,0,0,13
engine_execution,effect_known_receipt,1,0,13,7400,0,0,12
engine_execution,effect_known_receipt,1,0,14,7500,0,0,15
engine_execution,effect_known_receipt,1,0,15,7500,0,0,14
engine_execution,effect_known_receipt,1,0,16,7500,0,0,17
engine_execution,effect_known_receipt,1,0,17,7400,0,0,16
engine_execution,effect_known_receipt,1,0,18,7400,0,0,19
engine_execution,effect_known_receipt,1,0,19,7400,0,0,18
engine_execution,effect_known_receipt,1,0,20,7300,0,0,21
engine_execution,effect_known_receipt,1,0,21,7400,0,0,20
engine_execution,effect_known_receipt,1,0,22,7500,0,0,23
engine_execution,effect_known_receipt,1,0,23,7400,0,0,22
engine_execution,effect_known_receipt,1,0,24,7400,0,0,25
engine_execution,effect_known_receipt,1,0,25,7400,0,0,24
engine_execution,effect_known_receipt,1,0,26,7400,0,0,27
engine_execution,effect_known_receipt,1,0,27,7400,0,0,26
engine_execution,effect_known_receipt,1,0,28,7400,0,0,29
engine_execution,effect_known_receipt,1,0,29,7400,0,0,28
engine_execution,effect_known_receipt,1,0,30,7400,0,0,31
engine_execution,effect_known_receipt,1,0,31,7400,0,0,30
engine_execution,effect_known_receipt,1,0,32,7400,0,0,33
engine_execution,effect_known_receipt,1,0,33,7400,0,0,32
engine_execution,effect_known_receipt,1,0,34,7400,0,0,35
engine_execution,effect_known_receipt,1,0,35,7400,0,0,34
engine_execution,effect_known_receipt,1,0,36,7500,0,0,37
engine_execution,effect_known_receipt,1,0,37,7300,0,0,36
engine_execution,effect_known_receipt,1,0,38,7400,0,0,39
engine_execution,effect_known_receipt,1,0,39,7300,0,0,38
engine_execution_alloc,effect_known_receipt,1,0,0,0,149,14826,23131
engine_execution,retry_one_failure,1,0,0,7600,0,0,1
engine_execution,retry_one_failure,1,0,1,7600,0,0,0
engine_execution,retry_one_failure,1,0,2,7500,0,0,3
engine_execution,retry_one_failure,1,0,3,7500,0,0,2
engine_execution,retry_one_failure,1,0,4,7600,0,0,5
engine_execution,retry_one_failure,1,0,5,7600,0,0,4
engine_execution,retry_one_failure,1,0,6,7500,0,0,7
engine_execution,retry_one_failure,1,0,7,7500,0,0,6
engine_execution,retry_one_failure,1,0,8,7600,0,0,9
engine_execution,retry_one_failure,1,0,9,7600,0,0,8
engine_execution,retry_one_failure,1,0,10,7400,0,0,11
engine_execution,retry_one_failure,1,0,11,7400,0,0,10
engine_execution,retry_one_failure,1,0,12,7600,0,0,13
engine_execution,retry_one_failure,1,0,13,7500,0,0,12
engine_execution,retry_one_failure,1,0,14,7500,0,0,15
engine_execution,retry_one_failure,1,0,15,7500,0,0,14
engine_execution,retry_one_failure,1,0,16,7400,0,0,17
engine_execution,retry_one_failure,1,0,17,7600,0,0,16
engine_execution,retry_one_failure,1,0,18,7500,0,0,19
engine_execution,retry_one_failure,1,0,19,7600,0,0,18
engine_execution,retry_one_failure,1,0,20,7600,0,0,21
engine_execution,retry_one_failure,1,0,21,7700,0,0,20
engine_execution,retry_one_failure,1,0,22,7500,0,0,23
engine_execution,retry_one_failure,1,0,23,7500,0,0,22
engine_execution,retry_one_failure,1,0,24,7500,0,0,25
engine_execution,retry_one_failure,1,0,25,7600,0,0,24
engine_execution,retry_one_failure,1,0,26,7500,0,0,27
engine_execution,retry_one_failure,1,0,27,7500,0,0,26
engine_execution,retry_one_failure,1,0,28,7700,0,0,29
engine_execution,retry_one_failure,1,0,29,7400,0,0,28
engine_execution,retry_one_failure,1,0,30,7500,0,0,31
engine_execution,retry_one_failure,1,0,31,7600,0,0,30
engine_execution,retry_one_failure,1,0,32,7600,0,0,33
engine_execution,retry_one_failure,1,0,33,7500,0,0,32
engine_execution,retry_one_failure,1,0,34,7400,0,0,35
engine_execution,retry_one_failure,1,0,35,7700,0,0,34
engine_execution,retry_one_failure,1,0,36,7500,0,0,37
engine_execution,retry_one_failure,1,0,37,7600,0,0,36
engine_execution,retry_one_failure,1,0,38,7500,0,0,39
engine_execution,retry_one_failure,1,0,39,7500,0,0,38
engine_execution_alloc,retry_one_failure,1,0,0,0,152,15009,23131
engine_execution,component_flat,10,9,0,27400,0,0,0
engine_execution,component_flat,10,9,1,27200,0,0,1
engine_execution,component_flat,10,9,2,27300,0,0,2
engine_execution,component_flat,10,9,3,26900,0,0,3
engine_execution,component_flat,10,9,4,27000,0,0,4
engine_execution,component_flat,10,9,5,31700,0,0,5
engine_execution,component_flat,10,9,6,27400,0,0,6
engine_execution,component_flat,10,9,7,27300,0,0,7
engine_execution,component_flat,10,9,8,27800,0,0,8
engine_execution,component_flat,10,9,9,27000,0,0,9
engine_execution,component_flat,10,9,10,27500,0,0,10
engine_execution,component_flat,10,9,11,27200,0,0,11
engine_execution,component_flat,10,9,12,27500,0,0,12
engine_execution,component_flat,10,9,13,27500,0,0,13
engine_execution,component_flat,10,9,14,27800,0,0,14
engine_execution,component_flat,10,9,15,27800,0,0,15
engine_execution,component_flat,10,9,16,27700,0,0,16
engine_execution,component_flat,10,9,17,27500,0,0,17
engine_execution,component_flat,10,9,18,27400,0,0,18
engine_execution,component_flat,10,9,19,27400,0,0,19
engine_execution,component_flat,10,9,20,27400,0,0,20
engine_execution,component_flat,10,9,21,27400,0,0,21
engine_execution,component_flat,10,9,22,27500,0,0,22
engine_execution,component_flat,10,9,23,27300,0,0,23
engine_execution,component_flat,10,9,24,27500,0,0,24
engine_execution,component_flat,10,9,25,27400,0,0,25
engine_execution,component_flat,10,9,26,27500,0,0,26
engine_execution,component_flat,10,9,27,27500,0,0,27
engine_execution,component_flat,10,9,28,27200,0,0,28
engine_execution,component_flat,10,9,29,27000,0,0,29
engine_execution,component_flat,10,9,30,28000,0,0,30
engine_execution,component_flat,10,9,31,27100,0,0,31
engine_execution,component_flat,10,9,32,27300,0,0,32
engine_execution,component_flat,10,9,33,27300,0,0,33
engine_execution,component_flat,10,9,34,27200,0,0,34
engine_execution,component_flat,10,9,35,27300,0,0,35
engine_execution,component_flat,10,9,36,27600,0,0,36
engine_execution,component_flat,10,9,37,27400,0,0,37
engine_execution,component_flat,10,9,38,27300,0,0,38
engine_execution,component_flat,10,9,39,27500,0,0,39
engine_execution_alloc,component_flat,10,9,0,0,572,44928,23130
engine_execution,component_nested,13,12,0,51700,0,0,0
engine_execution,component_nested,13,12,1,51400,0,0,1
engine_execution,component_nested,13,12,2,51200,0,0,2
engine_execution,component_nested,13,12,3,51400,0,0,3
engine_execution,component_nested,13,12,4,51500,0,0,4
engine_execution,component_nested,13,12,5,51300,0,0,5
engine_execution,component_nested,13,12,6,53000,0,0,6
engine_execution,component_nested,13,12,7,51000,0,0,7
engine_execution,component_nested,13,12,8,51000,0,0,8
engine_execution,component_nested,13,12,9,51000,0,0,9
engine_execution,component_nested,13,12,10,53600,0,0,10
engine_execution,component_nested,13,12,11,51500,0,0,11
engine_execution,component_nested,13,12,12,51100,0,0,12
engine_execution,component_nested,13,12,13,51600,0,0,13
engine_execution,component_nested,13,12,14,51000,0,0,14
engine_execution,component_nested,13,12,15,51400,0,0,15
engine_execution,component_nested,13,12,16,51100,0,0,16
engine_execution,component_nested,13,12,17,51200,0,0,17
engine_execution,component_nested,13,12,18,51500,0,0,18
engine_execution,component_nested,13,12,19,51400,0,0,19
engine_execution,component_nested,13,12,20,51400,0,0,20
engine_execution,component_nested,13,12,21,51200,0,0,21
engine_execution,component_nested,13,12,22,50700,0,0,22
engine_execution,component_nested,13,12,23,51100,0,0,23
engine_execution,component_nested,13,12,24,51300,0,0,24
engine_execution,component_nested,13,12,25,51100,0,0,25
engine_execution,component_nested,13,12,26,51200,0,0,26
engine_execution,component_nested,13,12,27,52200,0,0,27
engine_execution,component_nested,13,12,28,51700,0,0,28
engine_execution,component_nested,13,12,29,51300,0,0,29
engine_execution,component_nested,13,12,30,57700,0,0,30
engine_execution,component_nested,13,12,31,51700,0,0,31
engine_execution,component_nested,13,12,32,51100,0,0,32
engine_execution,component_nested,13,12,33,51500,0,0,33
engine_execution,component_nested,13,12,34,51000,0,0,34
engine_execution,component_nested,13,12,35,51500,0,0,35
engine_execution,component_nested,13,12,36,50900,0,0,36
engine_execution,component_nested,13,12,37,51300,0,0,37
engine_execution,component_nested,13,12,38,50800,0,0,38
engine_execution,component_nested,13,12,39,50700,0,0,39
engine_execution_alloc,component_nested,13,12,0,0,855,59553,23130
engine_execution,component_flat,100,99,0,307100,0,0,1
engine_execution,component_flat,100,99,1,318400,0,0,0
engine_execution,component_flat,100,99,2,343200,0,0,3
engine_execution,component_flat,100,99,3,309800,0,0,2
engine_execution,component_flat,100,99,4,306000,0,0,5
engine_execution,component_flat,100,99,5,313000,0,0,4
engine_execution,component_flat,100,99,6,306200,0,0,7
engine_execution,component_flat,100,99,7,305600,0,0,6
engine_execution,component_flat,100,99,8,313100,0,0,9
engine_execution,component_flat,100,99,9,313300,0,0,8
engine_execution,component_flat,100,99,10,311900,0,0,11
engine_execution,component_flat,100,99,11,314400,0,0,10
engine_execution,component_flat,100,99,12,307100,0,0,13
engine_execution,component_flat,100,99,13,305100,0,0,12
engine_execution,component_flat,100,99,14,310500,0,0,15
engine_execution,component_flat,100,99,15,305200,0,0,14
engine_execution,component_flat,100,99,16,308000,0,0,17
engine_execution,component_flat,100,99,17,307000,0,0,16
engine_execution,component_flat,100,99,18,308300,0,0,19
engine_execution,component_flat,100,99,19,306600,0,0,18
engine_execution,component_flat,100,99,20,303800,0,0,21
engine_execution,component_flat,100,99,21,308700,0,0,20
engine_execution,component_flat,100,99,22,303400,0,0,23
engine_execution,component_flat,100,99,23,306900,0,0,22
engine_execution,component_flat,100,99,24,325600,0,0,25
engine_execution,component_flat,100,99,25,306200,0,0,24
engine_execution,component_flat,100,99,26,307800,0,0,27
engine_execution,component_flat,100,99,27,311300,0,0,26
engine_execution,component_flat,100,99,28,302800,0,0,29
engine_execution,component_flat,100,99,29,304300,0,0,28
engine_execution,component_flat,100,99,30,305000,0,0,31
engine_execution,component_flat,100,99,31,313300,0,0,30
engine_execution,component_flat,100,99,32,305100,0,0,33
engine_execution,component_flat,100,99,33,306400,0,0,32
engine_execution,component_flat,100,99,34,312900,0,0,35
engine_execution,component_flat,100,99,35,306800,0,0,34
engine_execution,component_flat,100,99,36,305900,0,0,37
engine_execution,component_flat,100,99,37,305800,0,0,36
engine_execution,component_flat,100,99,38,303900,0,0,39
engine_execution,component_flat,100,99,39,312100,0,0,38
engine_execution_alloc,component_flat,100,99,0,0,5259,513144,23131
engine_execution,component_nested,103,102,0,380000,0,0,1
engine_execution,component_nested,103,102,1,372100,0,0,0
engine_execution,component_nested,103,102,2,374800,0,0,3
engine_execution,component_nested,103,102,3,376000,0,0,2
engine_execution,component_nested,103,102,4,371900,0,0,5
engine_execution,component_nested,103,102,5,372500,0,0,4
engine_execution,component_nested,103,102,6,376500,0,0,7
engine_execution,component_nested,103,102,7,374100,0,0,6
engine_execution,component_nested,103,102,8,378400,0,0,9
engine_execution,component_nested,103,102,9,370200,0,0,8
engine_execution,component_nested,103,102,10,372200,0,0,11
engine_execution,component_nested,103,102,11,377000,0,0,10
engine_execution,component_nested,103,102,12,371200,0,0,13
engine_execution,component_nested,103,102,13,371800,0,0,12
engine_execution,component_nested,103,102,14,382200,0,0,15
engine_execution,component_nested,103,102,15,370200,0,0,14
engine_execution,component_nested,103,102,16,375200,0,0,17
engine_execution,component_nested,103,102,17,377600,0,0,16
engine_execution,component_nested,103,102,18,377000,0,0,19
engine_execution,component_nested,103,102,19,1037200,0,0,18
engine_execution,component_nested,103,102,20,388300,0,0,21
engine_execution,component_nested,103,102,21,376800,0,0,20
engine_execution,component_nested,103,102,22,377500,0,0,23
engine_execution,component_nested,103,102,23,376600,0,0,22
engine_execution,component_nested,103,102,24,377300,0,0,25
engine_execution,component_nested,103,102,25,379300,0,0,24
engine_execution,component_nested,103,102,26,370300,0,0,27
engine_execution,component_nested,103,102,27,377600,0,0,26
engine_execution,component_nested,103,102,28,381000,0,0,29
engine_execution,component_nested,103,102,29,378000,0,0,28
engine_execution,component_nested,103,102,30,379500,0,0,31
engine_execution,component_nested,103,102,31,370900,0,0,30
engine_execution,component_nested,103,102,32,370700,0,0,33
engine_execution,component_nested,103,102,33,379400,0,0,32
engine_execution,component_nested,103,102,34,382300,0,0,35
engine_execution,component_nested,103,102,35,381500,0,0,34
engine_execution,component_nested,103,102,36,392500,0,0,37
engine_execution,component_nested,103,102,37,369800,0,0,36
engine_execution,component_nested,103,102,38,378300,0,0,39
engine_execution,component_nested,103,102,39,388300,0,0,38
engine_execution_alloc,component_nested,103,102,0,0,6532,645129,23131
plan_build,component_repeated_typed_2,2,2,0,13800,0,0,25
plan_build,component_repeated_typed_2,2,2,1,6700,0,0,25
plan_build,component_repeated_typed_2,2,2,2,5300,0,0,25
plan_build,component_repeated_typed_2,2,2,3,5000,0,0,25
plan_build,component_repeated_typed_2,2,2,4,10700,0,0,25
plan_build,component_repeated_typed_2,2,2,5,5000,0,0,25
plan_build,component_repeated_typed_2,2,2,6,5000,0,0,25
plan_build,component_repeated_typed_2,2,2,7,5200,0,0,25
plan_build,component_repeated_typed_2,2,2,8,4900,0,0,25
plan_build,component_repeated_typed_2,2,2,9,5200,0,0,25
plan_build,component_repeated_typed_2,2,2,10,5100,0,0,25
plan_build,component_repeated_typed_2,2,2,11,4900,0,0,25
plan_build,component_repeated_typed_2,2,2,12,4900,0,0,25
plan_build,component_repeated_typed_2,2,2,13,4900,0,0,25
plan_build,component_repeated_typed_2,2,2,14,4900,0,0,25
plan_build,component_repeated_typed_2,2,2,15,5100,0,0,25
plan_build,component_repeated_typed_2,2,2,16,5200,0,0,25
plan_build,component_repeated_typed_2,2,2,17,4800,0,0,25
plan_build,component_repeated_typed_2,2,2,18,4800,0,0,25
plan_build,component_repeated_typed_2,2,2,19,4600,0,0,25
plan_build_alloc,component_repeated_typed_2,2,2,0,0,134,19521,25
engine_execution,component_repeated_typed_2,2,2,0,13300,0,0,3
engine_execution,component_repeated_typed_2,2,2,1,13300,0,0,2
engine_execution,component_repeated_typed_2,2,2,2,13300,0,0,5
engine_execution,component_repeated_typed_2,2,2,3,13300,0,0,4
engine_execution,component_repeated_typed_2,2,2,4,13900,0,0,7
engine_execution,component_repeated_typed_2,2,2,5,15000,0,0,6
engine_execution,component_repeated_typed_2,2,2,6,13700,0,0,9
engine_execution,component_repeated_typed_2,2,2,7,13400,0,0,8
engine_execution,component_repeated_typed_2,2,2,8,13100,0,0,11
engine_execution,component_repeated_typed_2,2,2,9,13200,0,0,10
engine_execution,component_repeated_typed_2,2,2,10,13200,0,0,13
engine_execution,component_repeated_typed_2,2,2,11,13100,0,0,12
engine_execution,component_repeated_typed_2,2,2,12,13300,0,0,15
engine_execution,component_repeated_typed_2,2,2,13,13100,0,0,14
engine_execution,component_repeated_typed_2,2,2,14,13100,0,0,17
engine_execution,component_repeated_typed_2,2,2,15,13200,0,0,16
engine_execution,component_repeated_typed_2,2,2,16,13700,0,0,19
engine_execution,component_repeated_typed_2,2,2,17,13500,0,0,18
engine_execution,component_repeated_typed_2,2,2,18,13800,0,0,21
engine_execution,component_repeated_typed_2,2,2,19,13400,0,0,20
engine_execution,component_repeated_typed_2,2,2,20,13200,0,0,23
engine_execution,component_repeated_typed_2,2,2,21,13200,0,0,22
engine_execution,component_repeated_typed_2,2,2,22,13000,0,0,25
engine_execution,component_repeated_typed_2,2,2,23,14100,0,0,24
engine_execution,component_repeated_typed_2,2,2,24,13900,0,0,27
engine_execution,component_repeated_typed_2,2,2,25,13700,0,0,26
engine_execution,component_repeated_typed_2,2,2,26,13700,0,0,29
engine_execution,component_repeated_typed_2,2,2,27,13400,0,0,28
engine_execution,component_repeated_typed_2,2,2,28,13300,0,0,31
engine_execution,component_repeated_typed_2,2,2,29,13300,0,0,30
engine_execution,component_repeated_typed_2,2,2,30,13200,0,0,33
engine_execution,component_repeated_typed_2,2,2,31,13500,0,0,32
engine_execution,component_repeated_typed_2,2,2,32,13000,0,0,35
engine_execution,component_repeated_typed_2,2,2,33,13000,0,0,34
engine_execution,component_repeated_typed_2,2,2,34,13300,0,0,37
engine_execution,component_repeated_typed_2,2,2,35,13000,0,0,36
engine_execution,component_repeated_typed_2,2,2,36,13100,0,0,39
engine_execution,component_repeated_typed_2,2,2,37,13400,0,0,38
engine_execution,component_repeated_typed_2,2,2,38,13300,0,0,41
engine_execution,component_repeated_typed_2,2,2,39,13300,0,0,40
engine_execution_alloc,component_repeated_typed_2,2,2,0,0,303,24606,23133
plan_build,component_repeated_typed_10,10,10,0,32100,0,0,25
plan_build,component_repeated_typed_10,10,10,1,19200,0,0,25
plan_build,component_repeated_typed_10,10,10,2,19500,0,0,25
plan_build,component_repeated_typed_10,10,10,3,17800,0,0,25
plan_build,component_repeated_typed_10,10,10,4,18000,0,0,25
plan_build,component_repeated_typed_10,10,10,5,17700,0,0,25
plan_build,component_repeated_typed_10,10,10,6,18600,0,0,25
plan_build,component_repeated_typed_10,10,10,7,18200,0,0,25
plan_build,component_repeated_typed_10,10,10,8,18400,0,0,25
plan_build,component_repeated_typed_10,10,10,9,17900,0,0,25
plan_build,component_repeated_typed_10,10,10,10,22400,0,0,25
plan_build,component_repeated_typed_10,10,10,11,18100,0,0,25
plan_build,component_repeated_typed_10,10,10,12,17900,0,0,25
plan_build,component_repeated_typed_10,10,10,13,17900,0,0,25
plan_build,component_repeated_typed_10,10,10,14,17400,0,0,25
plan_build,component_repeated_typed_10,10,10,15,18200,0,0,25
plan_build,component_repeated_typed_10,10,10,16,17800,0,0,25
plan_build,component_repeated_typed_10,10,10,17,17800,0,0,25
plan_build,component_repeated_typed_10,10,10,18,18100,0,0,25
plan_build,component_repeated_typed_10,10,10,19,18000,0,0,25
plan_build_alloc,component_repeated_typed_10,10,10,0,0,460,93329,25
engine_execution,component_repeated_typed_10,10,10,0,60800,0,0,11
engine_execution,component_repeated_typed_10,10,10,1,60700,0,0,10
engine_execution,component_repeated_typed_10,10,10,2,61800,0,0,13
engine_execution,component_repeated_typed_10,10,10,3,64900,0,0,12
engine_execution,component_repeated_typed_10,10,10,4,67100,0,0,15
engine_execution,component_repeated_typed_10,10,10,5,60800,0,0,14
engine_execution,component_repeated_typed_10,10,10,6,60900,0,0,17
engine_execution,component_repeated_typed_10,10,10,7,61500,0,0,16
engine_execution,component_repeated_typed_10,10,10,8,61100,0,0,19
engine_execution,component_repeated_typed_10,10,10,9,62000,0,0,18
engine_execution,component_repeated_typed_10,10,10,10,61700,0,0,21
engine_execution,component_repeated_typed_10,10,10,11,61200,0,0,20
engine_execution,component_repeated_typed_10,10,10,12,60700,0,0,23
engine_execution,component_repeated_typed_10,10,10,13,60900,0,0,22
engine_execution,component_repeated_typed_10,10,10,14,60900,0,0,25
engine_execution,component_repeated_typed_10,10,10,15,60600,0,0,24
engine_execution,component_repeated_typed_10,10,10,16,61200,0,0,27
engine_execution,component_repeated_typed_10,10,10,17,60500,0,0,26
engine_execution,component_repeated_typed_10,10,10,18,61400,0,0,29
engine_execution,component_repeated_typed_10,10,10,19,60600,0,0,28
engine_execution,component_repeated_typed_10,10,10,20,63200,0,0,31
engine_execution,component_repeated_typed_10,10,10,21,60500,0,0,30
engine_execution,component_repeated_typed_10,10,10,22,60700,0,0,33
engine_execution,component_repeated_typed_10,10,10,23,60200,0,0,32
engine_execution,component_repeated_typed_10,10,10,24,60400,0,0,35
engine_execution,component_repeated_typed_10,10,10,25,60400,0,0,34
engine_execution,component_repeated_typed_10,10,10,26,62000,0,0,37
engine_execution,component_repeated_typed_10,10,10,27,60700,0,0,36
engine_execution,component_repeated_typed_10,10,10,28,60700,0,0,39
engine_execution,component_repeated_typed_10,10,10,29,60400,0,0,38
engine_execution,component_repeated_typed_10,10,10,30,60700,0,0,41
engine_execution,component_repeated_typed_10,10,10,31,60600,0,0,40
engine_execution,component_repeated_typed_10,10,10,32,60200,0,0,43
engine_execution,component_repeated_typed_10,10,10,33,60500,0,0,42
engine_execution,component_repeated_typed_10,10,10,34,60400,0,0,45
engine_execution,component_repeated_typed_10,10,10,35,60200,0,0,44
engine_execution,component_repeated_typed_10,10,10,36,60300,0,0,47
engine_execution,component_repeated_typed_10,10,10,37,65700,0,0,46
engine_execution,component_repeated_typed_10,10,10,38,60700,0,0,49
engine_execution,component_repeated_typed_10,10,10,39,60100,0,0,48
engine_execution_alloc,component_repeated_typed_10,10,10,0,0,1405,95590,23141
plan_build,component_repeated_typed_100,100,100,0,300300,0,0,25
plan_build,component_repeated_typed_100,100,100,1,264900,0,0,25
plan_build,component_repeated_typed_100,100,100,2,287300,0,0,25
plan_build,component_repeated_typed_100,100,100,3,265900,0,0,25
plan_build,component_repeated_typed_100,100,100,4,190600,0,0,25
plan_build,component_repeated_typed_100,100,100,5,170600,0,0,25
plan_build,component_repeated_typed_100,100,100,6,229100,0,0,25
plan_build,component_repeated_typed_100,100,100,7,340500,0,0,25
plan_build,component_repeated_typed_100,100,100,8,200600,0,0,25
plan_build,component_repeated_typed_100,100,100,9,168200,0,0,25
plan_build,component_repeated_typed_100,100,100,10,170500,0,0,25
plan_build,component_repeated_typed_100,100,100,11,212500,0,0,25
plan_build,component_repeated_typed_100,100,100,12,288000,0,0,25
plan_build,component_repeated_typed_100,100,100,13,323100,0,0,25
plan_build,component_repeated_typed_100,100,100,14,172900,0,0,25
plan_build,component_repeated_typed_100,100,100,15,177200,0,0,25
plan_build,component_repeated_typed_100,100,100,16,232400,0,0,25
plan_build,component_repeated_typed_100,100,100,17,305700,0,0,25
plan_build,component_repeated_typed_100,100,100,18,189300,0,0,25
plan_build,component_repeated_typed_100,100,100,19,175300,0,0,25
plan_build_alloc,component_repeated_typed_100,100,100,0,0,3876,807301,25
engine_execution,component_repeated_typed_100,100,100,0,1095300,0,0,101
engine_execution,component_repeated_typed_100,100,100,1,1081900,0,0,100
engine_execution,component_repeated_typed_100,100,100,2,1082000,0,0,103
engine_execution,component_repeated_typed_100,100,100,3,1078600,0,0,102
engine_execution,component_repeated_typed_100,100,100,4,1093700,0,0,105
engine_execution,component_repeated_typed_100,100,100,5,1070100,0,0,104
engine_execution,component_repeated_typed_100,100,100,6,1078700,0,0,107
engine_execution,component_repeated_typed_100,100,100,7,1071100,0,0,106
engine_execution,component_repeated_typed_100,100,100,8,1117500,0,0,109
engine_execution,component_repeated_typed_100,100,100,9,1159000,0,0,108
engine_execution,component_repeated_typed_100,100,100,10,1082500,0,0,111
engine_execution,component_repeated_typed_100,100,100,11,1078700,0,0,110
engine_execution,component_repeated_typed_100,100,100,12,1074200,0,0,113
engine_execution,component_repeated_typed_100,100,100,13,1073900,0,0,112
engine_execution,component_repeated_typed_100,100,100,14,1074800,0,0,115
engine_execution,component_repeated_typed_100,100,100,15,1080600,0,0,114
engine_execution,component_repeated_typed_100,100,100,16,1088300,0,0,117
engine_execution,component_repeated_typed_100,100,100,17,1074400,0,0,116
engine_execution,component_repeated_typed_100,100,100,18,1129300,0,0,119
engine_execution,component_repeated_typed_100,100,100,19,1072800,0,0,118
engine_execution,component_repeated_typed_100,100,100,20,1074700,0,0,121
engine_execution,component_repeated_typed_100,100,100,21,1079900,0,0,120
engine_execution,component_repeated_typed_100,100,100,22,1081300,0,0,123
engine_execution,component_repeated_typed_100,100,100,23,1069700,0,0,122
engine_execution,component_repeated_typed_100,100,100,24,1100600,0,0,125
engine_execution,component_repeated_typed_100,100,100,25,1175400,0,0,124
engine_execution,component_repeated_typed_100,100,100,26,1076700,0,0,127
engine_execution,component_repeated_typed_100,100,100,27,1094300,0,0,126
engine_execution,component_repeated_typed_100,100,100,28,1076700,0,0,129
engine_execution,component_repeated_typed_100,100,100,29,1072700,0,0,128
engine_execution,component_repeated_typed_100,100,100,30,1072700,0,0,131
engine_execution,component_repeated_typed_100,100,100,31,1094200,0,0,130
engine_execution,component_repeated_typed_100,100,100,32,1073200,0,0,133
engine_execution,component_repeated_typed_100,100,100,33,1215300,0,0,132
engine_execution,component_repeated_typed_100,100,100,34,1180400,0,0,135
engine_execution,component_repeated_typed_100,100,100,35,1168300,0,0,134
engine_execution,component_repeated_typed_100,100,100,36,1164800,0,0,137
engine_execution,component_repeated_typed_100,100,100,37,1080800,0,0,136
engine_execution,component_repeated_typed_100,100,100,38,1132700,0,0,139
engine_execution,component_repeated_typed_100,100,100,39,1072700,0,0,138
engine_execution_alloc,component_repeated_typed_100,100,100,0,0,22566,1456254,23231
engine_execution,resident_ready_shutdown,1,0,0,8800,0,0,1
engine_execution,resident_ready_shutdown,1,0,1,8700,0,0,1
engine_execution,resident_ready_shutdown,1,0,2,8600,0,0,1
engine_execution,resident_ready_shutdown,1,0,3,8900,0,0,1
engine_execution,resident_ready_shutdown,1,0,4,8500,0,0,1
engine_execution,resident_ready_shutdown,1,0,5,8700,0,0,1
engine_execution,resident_ready_shutdown,1,0,6,8400,0,0,1
engine_execution,resident_ready_shutdown,1,0,7,8700,0,0,1
engine_execution,resident_ready_shutdown,1,0,8,8500,0,0,1
engine_execution,resident_ready_shutdown,1,0,9,8700,0,0,1
engine_execution,resident_ready_shutdown,1,0,10,8500,0,0,1
engine_execution,resident_ready_shutdown,1,0,11,8600,0,0,1
engine_execution,resident_ready_shutdown,1,0,12,8600,0,0,1
engine_execution,resident_ready_shutdown,1,0,13,8500,0,0,1
engine_execution,resident_ready_shutdown,1,0,14,8700,0,0,1
engine_execution,resident_ready_shutdown,1,0,15,8600,0,0,1
engine_execution,resident_ready_shutdown,1,0,16,8500,0,0,1
engine_execution,resident_ready_shutdown,1,0,17,8500,0,0,1
engine_execution,resident_ready_shutdown,1,0,18,7900,0,0,1
engine_execution,resident_ready_shutdown,1,0,19,7900,0,0,1
engine_execution,resident_ready_shutdown,1,0,20,7700,0,0,1
engine_execution,resident_ready_shutdown,1,0,21,7900,0,0,1
engine_execution,resident_ready_shutdown,1,0,22,8000,0,0,1
engine_execution,resident_ready_shutdown,1,0,23,8000,0,0,1
engine_execution,resident_ready_shutdown,1,0,24,7800,0,0,1
engine_execution,resident_ready_shutdown,1,0,25,7900,0,0,1
engine_execution,resident_ready_shutdown,1,0,26,7800,0,0,1
engine_execution,resident_ready_shutdown,1,0,27,7700,0,0,1
engine_execution,resident_ready_shutdown,1,0,28,7700,0,0,1
engine_execution,resident_ready_shutdown,1,0,29,7800,0,0,1
engine_execution,resident_ready_shutdown,1,0,30,7900,0,0,1
engine_execution,resident_ready_shutdown,1,0,31,7800,0,0,1
engine_execution,resident_ready_shutdown,1,0,32,7900,0,0,1
engine_execution,resident_ready_shutdown,1,0,33,7800,0,0,1
engine_execution,resident_ready_shutdown,1,0,34,7800,0,0,1
engine_execution,resident_ready_shutdown,1,0,35,7700,0,0,1
engine_execution,resident_ready_shutdown,1,0,36,7800,0,0,1
engine_execution,resident_ready_shutdown,1,0,37,7800,0,0,1
engine_execution,resident_ready_shutdown,1,0,38,7700,0,0,1
engine_execution,resident_ready_shutdown,1,0,39,8000,0,0,1
engine_execution,service_restart_stable_handle,1,0,0,12200,0,0,27
engine_execution,service_restart_stable_handle,1,0,1,12100,0,0,30
engine_execution,service_restart_stable_handle,1,0,2,12000,0,0,33
engine_execution,service_restart_stable_handle,1,0,3,12000,0,0,36
engine_execution,service_restart_stable_handle,1,0,4,12100,0,0,39
engine_execution,service_restart_stable_handle,1,0,5,12000,0,0,42
engine_execution,service_restart_stable_handle,1,0,6,12000,0,0,45
engine_execution,service_restart_stable_handle,1,0,7,12000,0,0,48
engine_execution,service_restart_stable_handle,1,0,8,12100,0,0,51
engine_execution,service_restart_stable_handle,1,0,9,12100,0,0,54
engine_execution,service_restart_stable_handle,1,0,10,11900,0,0,57
engine_execution,service_restart_stable_handle,1,0,11,12000,0,0,60
engine_execution,service_restart_stable_handle,1,0,12,12100,0,0,63
engine_execution,service_restart_stable_handle,1,0,13,11900,0,0,66
engine_execution,service_restart_stable_handle,1,0,14,12000,0,0,69
engine_execution,service_restart_stable_handle,1,0,15,12000,0,0,72
engine_execution,service_restart_stable_handle,1,0,16,11900,0,0,75
engine_execution,service_restart_stable_handle,1,0,17,12200,0,0,78
engine_execution,service_restart_stable_handle,1,0,18,12000,0,0,81
engine_execution,service_restart_stable_handle,1,0,19,11900,0,0,84
engine_execution,service_restart_stable_handle,1,0,20,11900,0,0,87
engine_execution,service_restart_stable_handle,1,0,21,12200,0,0,90
engine_execution,service_restart_stable_handle,1,0,22,12000,0,0,93
engine_execution,service_restart_stable_handle,1,0,23,11900,0,0,96
engine_execution,service_restart_stable_handle,1,0,24,12000,0,0,99
engine_execution,service_restart_stable_handle,1,0,25,12000,0,0,102
engine_execution,service_restart_stable_handle,1,0,26,12200,0,0,105
engine_execution,service_restart_stable_handle,1,0,27,12000,0,0,108
engine_execution,service_restart_stable_handle,1,0,28,12000,0,0,111
engine_execution,service_restart_stable_handle,1,0,29,12000,0,0,114
engine_execution,service_restart_stable_handle,1,0,30,12100,0,0,117
engine_execution,service_restart_stable_handle,1,0,31,11900,0,0,120
engine_execution,service_restart_stable_handle,1,0,32,12100,0,0,123
engine_execution,service_restart_stable_handle,1,0,33,12300,0,0,126
engine_execution,service_restart_stable_handle,1,0,34,12100,0,0,129
engine_execution,service_restart_stable_handle,1,0,35,12000,0,0,132
engine_execution,service_restart_stable_handle,1,0,36,12000,0,0,135
engine_execution,service_restart_stable_handle,1,0,37,12000,0,0,138
engine_execution,service_restart_stable_handle,1,0,38,12000,0,0,141
engine_execution,service_restart_stable_handle,1,0,39,12000,0,0,144
engine_execution_alloc,service_restart_stable_handle,1,0,0,0,234,22052,147
engine_execution,service_restart_exhausted,1,0,0,9100,0,0,19
engine_execution,service_restart_exhausted,1,0,1,9300,0,0,21
engine_execution,service_restart_exhausted,1,0,2,9100,0,0,23
engine_execution,service_restart_exhausted,1,0,3,9200,0,0,25
engine_execution,service_restart_exhausted,1,0,4,8900,0,0,27
engine_execution,service_restart_exhausted,1,0,5,9100,0,0,29
engine_execution,service_restart_exhausted,1,0,6,9000,0,0,31
engine_execution,service_restart_exhausted,1,0,7,9000,0,0,33
engine_execution,service_restart_exhausted,1,0,8,9100,0,0,35
engine_execution,service_restart_exhausted,1,0,9,9200,0,0,37
engine_execution,service_restart_exhausted,1,0,10,9200,0,0,39
engine_execution,service_restart_exhausted,1,0,11,9100,0,0,41
engine_execution,service_restart_exhausted,1,0,12,9100,0,0,43
engine_execution,service_restart_exhausted,1,0,13,9200,0,0,45
engine_execution,service_restart_exhausted,1,0,14,9000,0,0,47
engine_execution,service_restart_exhausted,1,0,15,9000,0,0,49
engine_execution,service_restart_exhausted,1,0,16,8900,0,0,51
engine_execution,service_restart_exhausted,1,0,17,9000,0,0,53
engine_execution,service_restart_exhausted,1,0,18,9000,0,0,55
engine_execution,service_restart_exhausted,1,0,19,8900,0,0,57
engine_execution,service_restart_exhausted,1,0,20,9000,0,0,59
engine_execution,service_restart_exhausted,1,0,21,8900,0,0,61
engine_execution,service_restart_exhausted,1,0,22,8800,0,0,63
engine_execution,service_restart_exhausted,1,0,23,9000,0,0,65
engine_execution,service_restart_exhausted,1,0,24,9000,0,0,67
engine_execution,service_restart_exhausted,1,0,25,9000,0,0,69
engine_execution,service_restart_exhausted,1,0,26,9100,0,0,71
engine_execution,service_restart_exhausted,1,0,27,9100,0,0,73
engine_execution,service_restart_exhausted,1,0,28,9000,0,0,75
engine_execution,service_restart_exhausted,1,0,29,8900,0,0,77
engine_execution,service_restart_exhausted,1,0,30,9100,0,0,79
engine_execution,service_restart_exhausted,1,0,31,9100,0,0,81
engine_execution,service_restart_exhausted,1,0,32,9000,0,0,83
engine_execution,service_restart_exhausted,1,0,33,8900,0,0,85
engine_execution,service_restart_exhausted,1,0,34,9000,0,0,87
engine_execution,service_restart_exhausted,1,0,35,8900,0,0,89
engine_execution,service_restart_exhausted,1,0,36,9000,0,0,91
engine_execution,service_restart_exhausted,1,0,37,9100,0,0,93
engine_execution,service_restart_exhausted,1,0,38,9000,0,0,95
engine_execution,service_restart_exhausted,1,0,39,8900,0,0,97
engine_execution_alloc,service_restart_exhausted,1,0,0,0,182,17556,99
engine_execution,dynamic_live_instances_1,3,2,0,30900,0,0,0
engine_execution,dynamic_live_instances_1,3,2,1,30600,0,0,0
engine_execution,dynamic_live_instances_1,3,2,2,30600,0,0,0
engine_execution,dynamic_live_instances_1,3,2,3,30500,0,0,0
engine_execution,dynamic_live_instances_1,3,2,4,30000,0,0,0
engine_execution,dynamic_live_instances_1,3,2,5,30400,0,0,0
engine_execution,dynamic_live_instances_1,3,2,6,30500,0,0,0
engine_execution,dynamic_live_instances_1,3,2,7,29900,0,0,0
engine_execution,dynamic_live_instances_1,3,2,8,30500,0,0,0
engine_execution,dynamic_live_instances_1,3,2,9,36300,0,0,0
engine_execution,dynamic_live_instances_1,3,2,10,30700,0,0,0
engine_execution,dynamic_live_instances_1,3,2,11,29900,0,0,0
engine_execution,dynamic_live_instances_1,3,2,12,29900,0,0,0
engine_execution,dynamic_live_instances_1,3,2,13,29800,0,0,0
engine_execution,dynamic_live_instances_1,3,2,14,30100,0,0,0
engine_execution,dynamic_live_instances_1,3,2,15,29600,0,0,0
engine_execution,dynamic_live_instances_1,3,2,16,29700,0,0,0
engine_execution,dynamic_live_instances_1,3,2,17,29700,0,0,0
engine_execution,dynamic_live_instances_1,3,2,18,30400,0,0,0
engine_execution,dynamic_live_instances_1,3,2,19,29700,0,0,0
engine_execution,dynamic_live_instances_1,3,2,20,29800,0,0,0
engine_execution,dynamic_live_instances_1,3,2,21,30100,0,0,0
engine_execution,dynamic_live_instances_1,3,2,22,29400,0,0,0
engine_execution,dynamic_live_instances_1,3,2,23,29800,0,0,0
engine_execution,dynamic_live_instances_1,3,2,24,29900,0,0,0
engine_execution,dynamic_live_instances_1,3,2,25,29900,0,0,0
engine_execution,dynamic_live_instances_1,3,2,26,29900,0,0,0
engine_execution,dynamic_live_instances_1,3,2,27,29800,0,0,0
engine_execution,dynamic_live_instances_1,3,2,28,29800,0,0,0
engine_execution,dynamic_live_instances_1,3,2,29,30100,0,0,0
engine_execution,dynamic_live_instances_1,3,2,30,29800,0,0,0
engine_execution,dynamic_live_instances_1,3,2,31,29600,0,0,0
engine_execution,dynamic_live_instances_1,3,2,32,29700,0,0,0
engine_execution,dynamic_live_instances_1,3,2,33,29500,0,0,0
engine_execution,dynamic_live_instances_1,3,2,34,29900,0,0,0
engine_execution,dynamic_live_instances_1,3,2,35,29900,0,0,0
engine_execution,dynamic_live_instances_1,3,2,36,29700,0,0,0
engine_execution,dynamic_live_instances_1,3,2,37,29700,0,0,0
engine_execution,dynamic_live_instances_1,3,2,38,29500,0,0,0
engine_execution,dynamic_live_instances_1,3,2,39,29900,0,0,0
engine_execution_alloc,dynamic_live_instances_1,3,2,1,0,622,58021,0
engine_execution,dynamic_live_instances_10,3,2,0,256500,0,0,11
engine_execution,dynamic_live_instances_10,3,2,1,255700,0,0,11
engine_execution,dynamic_live_instances_10,3,2,2,287300,0,0,11
engine_execution,dynamic_live_instances_10,3,2,3,261800,0,0,11
engine_execution,dynamic_live_instances_10,3,2,4,236000,0,0,11
engine_execution,dynamic_live_instances_10,3,2,5,237700,0,0,11
engine_execution,dynamic_live_instances_10,3,2,6,232000,0,0,11
engine_execution,dynamic_live_instances_10,3,2,7,262500,0,0,11
engine_execution,dynamic_live_instances_10,3,2,8,291600,0,0,11
engine_execution,dynamic_live_instances_10,3,2,9,239900,0,0,11
engine_execution,dynamic_live_instances_10,3,2,10,233500,0,0,11
engine_execution,dynamic_live_instances_10,3,2,11,246300,0,0,11
engine_execution,dynamic_live_instances_10,3,2,12,240200,0,0,11
engine_execution,dynamic_live_instances_10,3,2,13,248300,0,0,11
engine_execution,dynamic_live_instances_10,3,2,14,294600,0,0,11
engine_execution,dynamic_live_instances_10,3,2,15,243700,0,0,11
engine_execution,dynamic_live_instances_10,3,2,16,233400,0,0,11
engine_execution,dynamic_live_instances_10,3,2,17,245700,0,0,11
engine_execution,dynamic_live_instances_10,3,2,18,233500,0,0,11
engine_execution,dynamic_live_instances_10,3,2,19,253500,0,0,11
engine_execution,dynamic_live_instances_10,3,2,20,288100,0,0,11
engine_execution,dynamic_live_instances_10,3,2,21,248600,0,0,11
engine_execution,dynamic_live_instances_10,3,2,22,230300,0,0,11
engine_execution,dynamic_live_instances_10,3,2,23,250800,0,0,11
engine_execution,dynamic_live_instances_10,3,2,24,239600,0,0,11
engine_execution,dynamic_live_instances_10,3,2,25,251200,0,0,11
engine_execution,dynamic_live_instances_10,3,2,26,306500,0,0,11
engine_execution,dynamic_live_instances_10,3,2,27,244600,0,0,11
engine_execution,dynamic_live_instances_10,3,2,28,234300,0,0,11
engine_execution,dynamic_live_instances_10,3,2,29,243500,0,0,11
engine_execution,dynamic_live_instances_10,3,2,30,243400,0,0,11
engine_execution,dynamic_live_instances_10,3,2,31,248800,0,0,11
engine_execution,dynamic_live_instances_10,3,2,32,295000,0,0,11
engine_execution,dynamic_live_instances_10,3,2,33,256900,0,0,11
engine_execution,dynamic_live_instances_10,3,2,34,241100,0,0,11
engine_execution,dynamic_live_instances_10,3,2,35,238200,0,0,11
engine_execution,dynamic_live_instances_10,3,2,36,232300,0,0,11
engine_execution,dynamic_live_instances_10,3,2,37,251400,0,0,11
engine_execution,dynamic_live_instances_10,3,2,38,238500,0,0,11
engine_execution,dynamic_live_instances_10,3,2,39,233900,0,0,11
engine_execution_alloc,dynamic_live_instances_10,3,2,10,0,4479,430855,11
engine_execution,dynamic_live_instances_100,3,2,0,5317900,0,0,101
engine_execution,dynamic_live_instances_100,3,2,1,5454600,0,0,101
engine_execution,dynamic_live_instances_100,3,2,2,5438200,0,0,101
engine_execution,dynamic_live_instances_100,3,2,3,5515500,0,0,101
engine_execution,dynamic_live_instances_100,3,2,4,5483100,0,0,101
engine_execution,dynamic_live_instances_100,3,2,5,5515000,0,0,101
engine_execution,dynamic_live_instances_100,3,2,6,5542900,0,0,101
engine_execution,dynamic_live_instances_100,3,2,7,5583300,0,0,101
engine_execution,dynamic_live_instances_100,3,2,8,5538200,0,0,101
engine_execution,dynamic_live_instances_100,3,2,9,6382400,0,0,101
engine_execution,dynamic_live_instances_100,3,2,10,5312700,0,0,101
engine_execution,dynamic_live_instances_100,3,2,11,5404600,0,0,101
engine_execution,dynamic_live_instances_100,3,2,12,5420700,0,0,101
engine_execution,dynamic_live_instances_100,3,2,13,5378400,0,0,101
engine_execution,dynamic_live_instances_100,3,2,14,5377400,0,0,101
engine_execution,dynamic_live_instances_100,3,2,15,5462800,0,0,101
engine_execution,dynamic_live_instances_100,3,2,16,5448000,0,0,101
engine_execution,dynamic_live_instances_100,3,2,17,5509000,0,0,101
engine_execution,dynamic_live_instances_100,3,2,18,5432600,0,0,101
engine_execution,dynamic_live_instances_100,3,2,19,5594000,0,0,101
engine_execution,dynamic_live_instances_100,3,2,20,5524500,0,0,101
engine_execution,dynamic_live_instances_100,3,2,21,5383900,0,0,101
engine_execution,dynamic_live_instances_100,3,2,22,5342100,0,0,101
engine_execution,dynamic_live_instances_100,3,2,23,5469900,0,0,101
engine_execution,dynamic_live_instances_100,3,2,24,5566900,0,0,101
engine_execution,dynamic_live_instances_100,3,2,25,5303300,0,0,101
engine_execution,dynamic_live_instances_100,3,2,26,5345200,0,0,101
engine_execution,dynamic_live_instances_100,3,2,27,5285700,0,0,101
engine_execution,dynamic_live_instances_100,3,2,28,5439600,0,0,101
engine_execution,dynamic_live_instances_100,3,2,29,5289100,0,0,101
engine_execution,dynamic_live_instances_100,3,2,30,5021600,0,0,101
engine_execution,dynamic_live_instances_100,3,2,31,5323000,0,0,101
engine_execution,dynamic_live_instances_100,3,2,32,4779300,0,0,101
engine_execution,dynamic_live_instances_100,3,2,33,5650900,0,0,101
engine_execution,dynamic_live_instances_100,3,2,34,5302600,0,0,101
engine_execution,dynamic_live_instances_100,3,2,35,4885200,0,0,101
engine_execution,dynamic_live_instances_100,3,2,36,5335400,0,0,101
engine_execution,dynamic_live_instances_100,3,2,37,5386400,0,0,101
engine_execution,dynamic_live_instances_100,3,2,38,5384900,0,0,101
engine_execution,dynamic_live_instances_100,3,2,39,5375800,0,0,101
engine_execution_alloc,dynamic_live_instances_100,3,2,100,0,69635,6293899,101
engine_execution,dynamic_sequential_churn_1,2,1,0,26200,0,0,9
engine_execution,dynamic_sequential_churn_1,2,1,1,26400,0,0,10
engine_execution,dynamic_sequential_churn_1,2,1,2,25900,0,0,11
engine_execution,dynamic_sequential_churn_1,2,1,3,25500,0,0,12
engine_execution,dynamic_sequential_churn_1,2,1,4,25500,0,0,13
engine_execution,dynamic_sequential_churn_1,2,1,5,25400,0,0,14
engine_execution,dynamic_sequential_churn_1,2,1,6,25300,0,0,15
engine_execution,dynamic_sequential_churn_1,2,1,7,25800,0,0,16
engine_execution,dynamic_sequential_churn_1,2,1,8,26000,0,0,17
engine_execution,dynamic_sequential_churn_1,2,1,9,25800,0,0,18
engine_execution,dynamic_sequential_churn_1,2,1,10,25500,0,0,19
engine_execution,dynamic_sequential_churn_1,2,1,11,25800,0,0,20
engine_execution,dynamic_sequential_churn_1,2,1,12,25600,0,0,21
engine_execution,dynamic_sequential_churn_1,2,1,13,25700,0,0,22
engine_execution,dynamic_sequential_churn_1,2,1,14,25500,0,0,23
engine_execution,dynamic_sequential_churn_1,2,1,15,25500,0,0,24
engine_execution,dynamic_sequential_churn_1,2,1,16,25600,0,0,25
engine_execution,dynamic_sequential_churn_1,2,1,17,26100,0,0,26
engine_execution,dynamic_sequential_churn_1,2,1,18,25900,0,0,27
engine_execution,dynamic_sequential_churn_1,2,1,19,25400,0,0,28
engine_execution,dynamic_sequential_churn_1,2,1,20,25200,0,0,29
engine_execution,dynamic_sequential_churn_1,2,1,21,25200,0,0,30
engine_execution,dynamic_sequential_churn_1,2,1,22,25400,0,0,31
engine_execution,dynamic_sequential_churn_1,2,1,23,25500,0,0,32
engine_execution,dynamic_sequential_churn_1,2,1,24,26700,0,0,33
engine_execution,dynamic_sequential_churn_1,2,1,25,27800,0,0,34
engine_execution,dynamic_sequential_churn_1,2,1,26,38500,0,0,35
engine_execution,dynamic_sequential_churn_1,2,1,27,28400,0,0,36
engine_execution,dynamic_sequential_churn_1,2,1,28,26800,0,0,37
engine_execution,dynamic_sequential_churn_1,2,1,29,26100,0,0,38
engine_execution,dynamic_sequential_churn_1,2,1,30,25800,0,0,39
engine_execution,dynamic_sequential_churn_1,2,1,31,25200,0,0,40
engine_execution,dynamic_sequential_churn_1,2,1,32,26100,0,0,41
engine_execution,dynamic_sequential_churn_1,2,1,33,25800,0,0,42
engine_execution,dynamic_sequential_churn_1,2,1,34,26000,0,0,43
engine_execution,dynamic_sequential_churn_1,2,1,35,25700,0,0,44
engine_execution,dynamic_sequential_churn_1,2,1,36,25700,0,0,45
engine_execution,dynamic_sequential_churn_1,2,1,37,43000,0,0,46
engine_execution,dynamic_sequential_churn_1,2,1,38,27700,0,0,47
engine_execution,dynamic_sequential_churn_1,2,1,39,26400,0,0,48
engine_execution_alloc,dynamic_sequential_churn_1,2,1,1,0,540,47499,49
engine_execution,dynamic_sequential_churn_10,2,1,0,176200,0,0,90
engine_execution,dynamic_sequential_churn_10,2,1,1,174800,0,0,100
engine_execution,dynamic_sequential_churn_10,2,1,2,181700,0,0,110
engine_execution,dynamic_sequential_churn_10,2,1,3,173000,0,0,120
engine_execution,dynamic_sequential_churn_10,2,1,4,177600,0,0,130
engine_execution,dynamic_sequential_churn_10,2,1,5,173700,0,0,140
engine_execution,dynamic_sequential_churn_10,2,1,6,174600,0,0,150
engine_execution,dynamic_sequential_churn_10,2,1,7,178800,0,0,160
engine_execution,dynamic_sequential_churn_10,2,1,8,176700,0,0,170
engine_execution,dynamic_sequential_churn_10,2,1,9,172500,0,0,180
engine_execution,dynamic_sequential_churn_10,2,1,10,174900,0,0,190
engine_execution,dynamic_sequential_churn_10,2,1,11,173700,0,0,200
engine_execution,dynamic_sequential_churn_10,2,1,12,174600,0,0,210
engine_execution,dynamic_sequential_churn_10,2,1,13,179600,0,0,220
engine_execution,dynamic_sequential_churn_10,2,1,14,174900,0,0,230
engine_execution,dynamic_sequential_churn_10,2,1,15,170900,0,0,240
engine_execution,dynamic_sequential_churn_10,2,1,16,172200,0,0,250
engine_execution,dynamic_sequential_churn_10,2,1,17,170900,0,0,260
engine_execution,dynamic_sequential_churn_10,2,1,18,171600,0,0,270
engine_execution,dynamic_sequential_churn_10,2,1,19,177300,0,0,280
engine_execution,dynamic_sequential_churn_10,2,1,20,173700,0,0,290
engine_execution,dynamic_sequential_churn_10,2,1,21,171300,0,0,300
engine_execution,dynamic_sequential_churn_10,2,1,22,175600,0,0,310
engine_execution,dynamic_sequential_churn_10,2,1,23,170700,0,0,320
engine_execution,dynamic_sequential_churn_10,2,1,24,173200,0,0,330
engine_execution,dynamic_sequential_churn_10,2,1,25,176900,0,0,340
engine_execution,dynamic_sequential_churn_10,2,1,26,175500,0,0,350
engine_execution,dynamic_sequential_churn_10,2,1,27,171000,0,0,360
engine_execution,dynamic_sequential_churn_10,2,1,28,173100,0,0,370
engine_execution,dynamic_sequential_churn_10,2,1,29,169600,0,0,380
engine_execution,dynamic_sequential_churn_10,2,1,30,175300,0,0,390
engine_execution,dynamic_sequential_churn_10,2,1,31,171100,0,0,400
engine_execution,dynamic_sequential_churn_10,2,1,32,172300,0,0,410
engine_execution,dynamic_sequential_churn_10,2,1,33,169800,0,0,420
engine_execution,dynamic_sequential_churn_10,2,1,34,172500,0,0,430
engine_execution,dynamic_sequential_churn_10,2,1,35,169100,0,0,440
engine_execution,dynamic_sequential_churn_10,2,1,36,177200,0,0,450
engine_execution,dynamic_sequential_churn_10,2,1,37,170700,0,0,460
engine_execution,dynamic_sequential_churn_10,2,1,38,171000,0,0,470
engine_execution,dynamic_sequential_churn_10,2,1,39,169100,0,0,480
engine_execution_alloc,dynamic_sequential_churn_10,2,1,10,0,3478,313271,490
engine_execution,dynamic_sequential_churn_100,2,1,0,1911500,0,0,900
engine_execution,dynamic_sequential_churn_100,2,1,1,1901800,0,0,1000
engine_execution,dynamic_sequential_churn_100,2,1,2,1876600,0,0,1100
engine_execution,dynamic_sequential_churn_100,2,1,3,1908300,0,0,1200
engine_execution,dynamic_sequential_churn_100,2,1,4,1893300,0,0,1300
engine_execution,dynamic_sequential_churn_100,2,1,5,1953800,0,0,1400
engine_execution,dynamic_sequential_churn_100,2,1,6,2230300,0,0,1500
engine_execution,dynamic_sequential_churn_100,2,1,7,2230300,0,0,1600
engine_execution,dynamic_sequential_churn_100,2,1,8,1974000,0,0,1700
engine_execution,dynamic_sequential_churn_100,2,1,9,1949200,0,0,1800
engine_execution,dynamic_sequential_churn_100,2,1,10,2194300,0,0,1900
engine_execution,dynamic_sequential_churn_100,2,1,11,1934400,0,0,2000
engine_execution,dynamic_sequential_churn_100,2,1,12,1968500,0,0,2100
engine_execution,dynamic_sequential_churn_100,2,1,13,2215000,0,0,2200
engine_execution,dynamic_sequential_churn_100,2,1,14,1910700,0,0,2300
engine_execution,dynamic_sequential_churn_100,2,1,15,1877600,0,0,2400
engine_execution,dynamic_sequential_churn_100,2,1,16,1949800,0,0,2500
engine_execution,dynamic_sequential_churn_100,2,1,17,2182900,0,0,2600
engine_execution,dynamic_sequential_churn_100,2,1,18,1914500,0,0,2700
engine_execution,dynamic_sequential_churn_100,2,1,19,1903600,0,0,2800
engine_execution,dynamic_sequential_churn_100,2,1,20,1904100,0,0,2900
engine_execution,dynamic_sequential_churn_100,2,1,21,2414100,0,0,3000
engine_execution,dynamic_sequential_churn_100,2,1,22,2003500,0,0,3100
engine_execution,dynamic_sequential_churn_100,2,1,23,2134700,0,0,3200
engine_execution,dynamic_sequential_churn_100,2,1,24,2412900,0,0,3300
engine_execution,dynamic_sequential_churn_100,2,1,25,1969500,0,0,3400
engine_execution,dynamic_sequential_churn_100,2,1,26,1941400,0,0,3500
engine_execution,dynamic_sequential_churn_100,2,1,27,2296400,0,0,3600
engine_execution,dynamic_sequential_churn_100,2,1,28,2097500,0,0,3700
engine_execution,dynamic_sequential_churn_100,2,1,29,2179600,0,0,3800
engine_execution,dynamic_sequential_churn_100,2,1,30,1879400,0,0,3900
engine_execution,dynamic_sequential_churn_100,2,1,31,1943000,0,0,4000
engine_execution,dynamic_sequential_churn_100,2,1,32,2140400,0,0,4100
engine_execution,dynamic_sequential_churn_100,2,1,33,1874600,0,0,4200
engine_execution,dynamic_sequential_churn_100,2,1,34,1894700,0,0,4300
engine_execution,dynamic_sequential_churn_100,2,1,35,1937800,0,0,4400
engine_execution,dynamic_sequential_churn_100,2,1,36,2162900,0,0,4500
engine_execution,dynamic_sequential_churn_100,2,1,37,1986400,0,0,4600
engine_execution,dynamic_sequential_churn_100,2,1,38,1977300,0,0,4700
engine_execution,dynamic_sequential_churn_100,2,1,39,2176900,0,0,4800
engine_execution_alloc,dynamic_sequential_churn_100,2,1,100,0,32600,3408879,4900
engine_execution,effect_unknown_recovery_resolved,1,0,0,7800,0,0,9
engine_execution,effect_unknown_recovery_resolved,1,0,1,7900,0,0,10
engine_execution,effect_unknown_recovery_resolved,1,0,2,7900,0,0,11
engine_execution,effect_unknown_recovery_resolved,1,0,3,8100,0,0,12
engine_execution,effect_unknown_recovery_resolved,1,0,4,7900,0,0,13
engine_execution,effect_unknown_recovery_resolved,1,0,5,7800,0,0,14
engine_execution,effect_unknown_recovery_resolved,1,0,6,7700,0,0,15
engine_execution,effect_unknown_recovery_resolved,1,0,7,7800,0,0,16
engine_execution,effect_unknown_recovery_resolved,1,0,8,7900,0,0,17
engine_execution,effect_unknown_recovery_resolved,1,0,9,7800,0,0,18
engine_execution,effect_unknown_recovery_resolved,1,0,10,8000,0,0,19
engine_execution,effect_unknown_recovery_resolved,1,0,11,8500,0,0,20
engine_execution,effect_unknown_recovery_resolved,1,0,12,9400,0,0,21
engine_execution,effect_unknown_recovery_resolved,1,0,13,8400,0,0,22
engine_execution,effect_unknown_recovery_resolved,1,0,14,8100,0,0,23
engine_execution,effect_unknown_recovery_resolved,1,0,15,7900,0,0,24
engine_execution,effect_unknown_recovery_resolved,1,0,16,7500,0,0,25
engine_execution,effect_unknown_recovery_resolved,1,0,17,7700,0,0,26
engine_execution,effect_unknown_recovery_resolved,1,0,18,7800,0,0,27
engine_execution,effect_unknown_recovery_resolved,1,0,19,7800,0,0,28
engine_execution,effect_unknown_recovery_resolved,1,0,20,7700,0,0,29
engine_execution,effect_unknown_recovery_resolved,1,0,21,7700,0,0,30
engine_execution,effect_unknown_recovery_resolved,1,0,22,7900,0,0,31
engine_execution,effect_unknown_recovery_resolved,1,0,23,7800,0,0,32
engine_execution,effect_unknown_recovery_resolved,1,0,24,7800,0,0,33
engine_execution,effect_unknown_recovery_resolved,1,0,25,7800,0,0,34
engine_execution,effect_unknown_recovery_resolved,1,0,26,7700,0,0,35
engine_execution,effect_unknown_recovery_resolved,1,0,27,7800,0,0,36
engine_execution,effect_unknown_recovery_resolved,1,0,28,7700,0,0,37
engine_execution,effect_unknown_recovery_resolved,1,0,29,7700,0,0,38
engine_execution,effect_unknown_recovery_resolved,1,0,30,7600,0,0,39
engine_execution,effect_unknown_recovery_resolved,1,0,31,7700,0,0,40
engine_execution,effect_unknown_recovery_resolved,1,0,32,7700,0,0,41
engine_execution,effect_unknown_recovery_resolved,1,0,33,7700,0,0,42
engine_execution,effect_unknown_recovery_resolved,1,0,34,7500,0,0,43
engine_execution,effect_unknown_recovery_resolved,1,0,35,7800,0,0,44
engine_execution,effect_unknown_recovery_resolved,1,0,36,7600,0,0,45
engine_execution,effect_unknown_recovery_resolved,1,0,37,7700,0,0,46
engine_execution,effect_unknown_recovery_resolved,1,0,38,7600,0,0,47
engine_execution,effect_unknown_recovery_resolved,1,0,39,7600,0,0,48
engine_execution_alloc,effect_unknown_recovery_resolved,1,0,0,0,144,14963,49
engine_execution,effect_unknown_recovery_failed,1,0,0,8200,0,0,11
engine_execution,effect_unknown_recovery_failed,1,0,1,8000,0,0,12
engine_execution,effect_unknown_recovery_failed,1,0,2,8000,0,0,13
engine_execution,effect_unknown_recovery_failed,1,0,3,7900,0,0,14
engine_execution,effect_unknown_recovery_failed,1,0,4,8000,0,0,15
engine_execution,effect_unknown_recovery_failed,1,0,5,8000,0,0,16
engine_execution,effect_unknown_recovery_failed,1,0,6,7900,0,0,17
engine_execution,effect_unknown_recovery_failed,1,0,7,7900,0,0,18
engine_execution,effect_unknown_recovery_failed,1,0,8,7900,0,0,19
engine_execution,effect_unknown_recovery_failed,1,0,9,8100,0,0,20
engine_execution,effect_unknown_recovery_failed,1,0,10,8100,0,0,21
engine_execution,effect_unknown_recovery_failed,1,0,11,8100,0,0,22
engine_execution,effect_unknown_recovery_failed,1,0,12,8100,0,0,23
engine_execution,effect_unknown_recovery_failed,1,0,13,8100,0,0,24
engine_execution,effect_unknown_recovery_failed,1,0,14,8000,0,0,25
engine_execution,effect_unknown_recovery_failed,1,0,15,8200,0,0,26
engine_execution,effect_unknown_recovery_failed,1,0,16,8100,0,0,27
engine_execution,effect_unknown_recovery_failed,1,0,17,8300,0,0,28
engine_execution,effect_unknown_recovery_failed,1,0,18,7900,0,0,29
engine_execution,effect_unknown_recovery_failed,1,0,19,8000,0,0,30
engine_execution,effect_unknown_recovery_failed,1,0,20,7900,0,0,31
engine_execution,effect_unknown_recovery_failed,1,0,21,7900,0,0,32
engine_execution,effect_unknown_recovery_failed,1,0,22,8100,0,0,33
engine_execution,effect_unknown_recovery_failed,1,0,23,8100,0,0,34
engine_execution,effect_unknown_recovery_failed,1,0,24,8000,0,0,35
engine_execution,effect_unknown_recovery_failed,1,0,25,8000,0,0,36
engine_execution,effect_unknown_recovery_failed,1,0,26,8100,0,0,37
engine_execution,effect_unknown_recovery_failed,1,0,27,8000,0,0,38
engine_execution,effect_unknown_recovery_failed,1,0,28,8000,0,0,39
engine_execution,effect_unknown_recovery_failed,1,0,29,8000,0,0,40
engine_execution,effect_unknown_recovery_failed,1,0,30,8100,0,0,41
engine_execution,effect_unknown_recovery_failed,1,0,31,8200,0,0,42
engine_execution,effect_unknown_recovery_failed,1,0,32,8100,0,0,43
engine_execution,effect_unknown_recovery_failed,1,0,33,8000,0,0,44
engine_execution,effect_unknown_recovery_failed,1,0,34,8100,0,0,45
engine_execution,effect_unknown_recovery_failed,1,0,35,8000,0,0,46
engine_execution,effect_unknown_recovery_failed,1,0,36,8000,0,0,47
engine_execution,effect_unknown_recovery_failed,1,0,37,8000,0,0,48
engine_execution,effect_unknown_recovery_failed,1,0,38,8000,0,0,49
engine_execution,effect_unknown_recovery_failed,1,0,39,8100,0,0,50
engine_execution_alloc,effect_unknown_recovery_failed,1,0,0,0,151,15667,51
engine_execution,trace_default,100,99,0,313700,0,0,1
engine_execution,trace_default,100,99,1,315900,0,0,0
engine_execution,trace_default,100,99,2,309400,0,0,3
engine_execution,trace_default,100,99,3,307100,0,0,2
engine_execution,trace_default,100,99,4,314700,0,0,5
engine_execution,trace_default,100,99,5,304900,0,0,4
engine_execution,trace_default,100,99,6,305500,0,0,7
engine_execution,trace_default,100,99,7,310600,0,0,6
engine_execution,trace_default,100,99,8,309200,0,0,9
engine_execution,trace_default,100,99,9,306600,0,0,8
engine_execution,trace_default,100,99,10,307600,0,0,11
engine_execution,trace_default,100,99,11,305000,0,0,10
engine_execution,trace_default,100,99,12,307200,0,0,13
engine_execution,trace_default,100,99,13,304000,0,0,12
engine_execution,trace_default,100,99,14,310500,0,0,15
engine_execution,trace_default,100,99,15,306200,0,0,14
engine_execution,trace_default,100,99,16,307500,0,0,17
engine_execution,trace_default,100,99,17,313400,0,0,16
engine_execution,trace_default,100,99,18,304800,0,0,19
engine_execution,trace_default,100,99,19,307500,0,0,18
engine_execution,trace_default,100,99,20,311700,0,0,21
engine_execution,trace_default,100,99,21,302600,0,0,20
engine_execution,trace_default,100,99,22,308000,0,0,23
engine_execution,trace_default,100,99,23,302600,0,0,22
engine_execution,trace_default,100,99,24,314500,0,0,25
engine_execution,trace_default,100,99,25,305400,0,0,24
engine_execution,trace_default,100,99,26,305700,0,0,27
engine_execution,trace_default,100,99,27,322200,0,0,26
engine_execution,trace_default,100,99,28,303300,0,0,29
engine_execution,trace_default,100,99,29,305800,0,0,28
engine_execution,trace_default,100,99,30,308100,0,0,31
engine_execution,trace_default,100,99,31,309300,0,0,30
engine_execution,trace_default,100,99,32,311300,0,0,33
engine_execution,trace_default,100,99,33,316000,0,0,32
engine_execution,trace_default,100,99,34,306700,0,0,35
engine_execution,trace_default,100,99,35,303700,0,0,34
engine_execution,trace_default,100,99,36,311600,0,0,37
engine_execution,trace_default,100,99,37,306100,0,0,36
engine_execution,trace_default,100,99,38,304300,0,0,39
engine_execution,trace_default,100,99,39,304400,0,0,38
engine_execution_alloc,trace_default,100,99,0,0,5259,513144,23131
engine_execution,trace_observer,100,99,0,307200,0,0,1
engine_execution,trace_observer,100,99,1,305700,0,0,0
engine_execution,trace_observer,100,99,2,303300,0,0,3
engine_execution,trace_observer,100,99,3,303600,0,0,2
engine_execution,trace_observer,100,99,4,306900,0,0,5
engine_execution,trace_observer,100,99,5,303000,0,0,4
engine_execution,trace_observer,100,99,6,302500,0,0,7
engine_execution,trace_observer,100,99,7,306600,0,0,6
engine_execution,trace_observer,100,99,8,303800,0,0,9
engine_execution,trace_observer,100,99,9,306700,0,0,8
engine_execution,trace_observer,100,99,10,324700,0,0,11
engine_execution,trace_observer,100,99,11,307900,0,0,10
engine_execution,trace_observer,100,99,12,305200,0,0,13
engine_execution,trace_observer,100,99,13,309500,0,0,12
engine_execution,trace_observer,100,99,14,303800,0,0,15
engine_execution,trace_observer,100,99,15,307500,0,0,14
engine_execution,trace_observer,100,99,16,304100,0,0,17
engine_execution,trace_observer,100,99,17,310400,0,0,16
engine_execution,trace_observer,100,99,18,309000,0,0,19
engine_execution,trace_observer,100,99,19,304800,0,0,18
engine_execution,trace_observer,100,99,20,303900,0,0,21
engine_execution,trace_observer,100,99,21,302700,0,0,20
engine_execution,trace_observer,100,99,22,309200,0,0,23
engine_execution,trace_observer,100,99,23,303000,0,0,22
engine_execution,trace_observer,100,99,24,303000,0,0,25
engine_execution,trace_observer,100,99,25,308500,0,0,24
engine_execution,trace_observer,100,99,26,305300,0,0,27
engine_execution,trace_observer,100,99,27,304700,0,0,26
engine_execution,trace_observer,100,99,28,928000,0,0,29
engine_execution,trace_observer,100,99,29,331900,0,0,28
engine_execution,trace_observer,100,99,30,308900,0,0,31
engine_execution,trace_observer,100,99,31,303600,0,0,30
engine_execution,trace_observer,100,99,32,307500,0,0,33
engine_execution,trace_observer,100,99,33,310600,0,0,32
engine_execution,trace_observer,100,99,34,310200,0,0,35
engine_execution,trace_observer,100,99,35,311000,0,0,34
engine_execution,trace_observer,100,99,36,311900,0,0,37
engine_execution,trace_observer,100,99,37,306400,0,0,36
engine_execution,trace_observer,100,99,38,305300,0,0,39
engine_execution,trace_observer,100,99,39,312200,0,0,38
engine_execution_alloc,trace_observer,100,99,0,0,5259,513144,23131
representative_application,application_hash_sdax,10,9,0,42500,0,0,8827501768403342007
representative_application,application_hash_sdax,10,9,1,41800,0,0,8951258580674472749
representative_application,application_hash_sdax,10,9,2,48200,0,0,18157584738022301124
representative_application,application_hash_sdax,10,9,3,41500,0,0,16093298964628915617
representative_application,application_hash_sdax,10,9,4,41500,0,0,4338024545885762412
representative_application,application_hash_sdax,10,9,5,41700,0,0,4989613096480112062
representative_application,application_hash_sdax,10,9,6,41800,0,0,14756605482753659039
representative_application,application_hash_sdax,10,9,7,41700,0,0,48615153832195890
representative_application,application_hash_sdax,10,9,8,41800,0,0,12897547982939568865
representative_application,application_hash_sdax,10,9,9,41900,0,0,6455468052857312123
representative_application,application_hash_sdax,10,9,10,41700,0,0,7461994257773924098
representative_application,application_hash_sdax,10,9,11,41800,0,0,3636896381673253623
representative_application,application_hash_sdax,10,9,12,41300,0,0,6793413810667899076
representative_application,application_hash_sdax,10,9,13,41900,0,0,12277190981714708308
representative_application,application_hash_sdax,10,9,14,41700,0,0,9683030269895486545
representative_application,application_hash_sdax,10,9,15,41400,0,0,9383150768291419922
representative_application,application_hash_sdax,10,9,16,41600,0,0,11312423361794011584
representative_application,application_hash_sdax,10,9,17,41900,0,0,18128183083347417488
representative_application,application_hash_sdax,10,9,18,41500,0,0,12087555839788357172
representative_application,application_hash_sdax,10,9,19,41600,0,0,13041129334982073488
representative_application,application_hash_sdax,10,9,20,41700,0,0,8384464984104957687
representative_application,application_hash_sdax,10,9,21,41700,0,0,10868783110269989825
representative_application,application_hash_sdax,10,9,22,41600,0,0,15668235844036064711
representative_application,application_hash_sdax,10,9,23,41600,0,0,4013874171971043560
representative_application,application_hash_sdax,10,9,24,41600,0,0,4203571749175062306
representative_application,application_hash_sdax,10,9,25,41700,0,0,10926854856726577928
representative_application,application_hash_sdax,10,9,26,45600,0,0,16212662351989052772
representative_application,application_hash_sdax,10,9,27,43000,0,0,11560519827294593319
representative_application,application_hash_sdax,10,9,28,42000,0,0,7617103062409141563
representative_application,application_hash_sdax,10,9,29,41700,0,0,15838086077383948403
representative_application,application_hash_sdax,10,9,30,41700,0,0,8116776606867456652
representative_application,application_hash_sdax,10,9,31,41700,0,0,11359474695907197805
representative_application,application_hash_sdax,10,9,32,41700,0,0,9168736860549268637
representative_application,application_hash_sdax,10,9,33,41400,0,0,16764612828771598240
representative_application,application_hash_sdax,10,9,34,41400,0,0,14255204493723425259
representative_application,application_hash_sdax,10,9,35,41200,0,0,3518369773145393400
representative_application,application_hash_sdax,10,9,36,41800,0,0,8965317550446050729
representative_application,application_hash_sdax,10,9,37,41700,0,0,16665962306655849748
representative_application,application_hash_sdax,10,9,38,41700,0,0,13342058531664200426
representative_application,application_hash_sdax,10,9,39,41400,0,0,18112928529687244317
representative_application_alloc,application_hash_sdax,10,9,0,0,572,45205,17601881740522758837
representative_application,application_hash_handwritten,10,9,0,600,0,0,8827501768403342006
representative_application,application_hash_handwritten,10,9,1,600,0,0,8951258580674472748
representative_application,application_hash_handwritten,10,9,2,600,0,0,18157584738022301125
representative_application,application_hash_handwritten,10,9,3,600,0,0,16093298964628915616
representative_application,application_hash_handwritten,10,9,4,600,0,0,4338024545885762413
representative_application,application_hash_handwritten,10,9,5,500,0,0,4989613096480112063
representative_application,application_hash_handwritten,10,9,6,500,0,0,14756605482753659038
representative_application,application_hash_handwritten,10,9,7,500,0,0,48615153832195891
representative_application,application_hash_handwritten,10,9,8,500,0,0,12897547982939568864
representative_application,application_hash_handwritten,10,9,9,600,0,0,6455468052857312122
representative_application,application_hash_handwritten,10,9,10,600,0,0,7461994257773924099
representative_application,application_hash_handwritten,10,9,11,600,0,0,3636896381673253622
representative_application,application_hash_handwritten,10,9,12,600,0,0,6793413810667899077
representative_application,application_hash_handwritten,10,9,13,600,0,0,12277190981714708309
representative_application,application_hash_handwritten,10,9,14,600,0,0,9683030269895486544
representative_application,application_hash_handwritten,10,9,15,600,0,0,9383150768291419923
representative_application,application_hash_handwritten,10,9,16,600,0,0,11312423361794011585
representative_application,application_hash_handwritten,10,9,17,600,0,0,18128183083347417489
representative_application,application_hash_handwritten,10,9,18,600,0,0,12087555839788357173
representative_application,application_hash_handwritten,10,9,19,500,0,0,13041129334982073489
representative_application,application_hash_handwritten,10,9,20,500,0,0,8384464984104957686
representative_application,application_hash_handwritten,10,9,21,500,0,0,10868783110269989824
representative_application,application_hash_handwritten,10,9,22,500,0,0,15668235844036064710
representative_application,application_hash_handwritten,10,9,23,500,0,0,4013874171971043561
representative_application,application_hash_handwritten,10,9,24,600,0,0,4203571749175062307
representative_application,application_hash_handwritten,10,9,25,600,0,0,10926854856726577929
representative_application,application_hash_handwritten,10,9,26,600,0,0,16212662351989052773
representative_application,application_hash_handwritten,10,9,27,600,0,0,11560519827294593318
representative_application,application_hash_handwritten,10,9,28,600,0,0,7617103062409141562
representative_application,application_hash_handwritten,10,9,29,600,0,0,15838086077383948402
representative_application,application_hash_handwritten,10,9,30,600,0,0,8116776606867456653
representative_application,application_hash_handwritten,10,9,31,600,0,0,11359474695907197804
representative_application,application_hash_handwritten,10,9,32,600,0,0,9168736860549268636
representative_application,application_hash_handwritten,10,9,33,600,0,0,16764612828771598241
representative_application,application_hash_handwritten,10,9,34,600,0,0,14255204493723425258
representative_application,application_hash_handwritten,10,9,35,600,0,0,3518369773145393401
representative_application,application_hash_handwritten,10,9,36,600,0,0,8965317550446050728
representative_application,application_hash_handwritten,10,9,37,600,0,0,16665962306655849749
representative_application,application_hash_handwritten,10,9,38,500,0,0,13342058531664200427
representative_application,application_hash_handwritten,10,9,39,500,0,0,18112928529687244316
representative_application,application_hash_sdax,100,99,0,323000,0,0,11698499080773063169
representative_application,application_hash_sdax,100,99,1,305500,0,0,1167273700599470746
representative_application,application_hash_sdax,100,99,2,307700,0,0,230717062559681466
representative_application,application_hash_sdax,100,99,3,305100,0,0,13461277124864170951
representative_application,application_hash_sdax,100,99,4,303100,0,0,1843089491647656604
representative_application,application_hash_sdax,100,99,5,311900,0,0,1884400405866327554
representative_application,application_hash_sdax,100,99,6,302900,0,0,15657071968087079792
representative_application,application_hash_sdax,100,99,7,303900,0,0,8136226820520416651
representative_application,application_hash_sdax,100,99,8,305800,0,0,9211086410723557827
representative_application,application_hash_sdax,100,99,9,307900,0,0,3206438314367023030
representative_application,application_hash_sdax,100,99,10,310900,0,0,5368241661201366769
representative_application,application_hash_sdax,100,99,11,307200,0,0,6168939717596367288
representative_application,application_hash_sdax,100,99,12,317200,0,0,14206662131410471245
representative_application,application_hash_sdax,100,99,13,305100,0,0,13119166869922341979
representative_application,application_hash_sdax,100,99,14,303800,0,0,13832537443924736586
representative_application,application_hash_sdax,100,99,15,312900,0,0,10215951684877506974
representative_application,application_hash_sdax,100,99,16,304800,0,0,5034229283543529572
representative_application,application_hash_sdax,100,99,17,304400,0,0,14677823012927430832
representative_application,application_hash_sdax,100,99,18,307500,0,0,13894612964717701903
representative_application,application_hash_sdax,100,99,19,303900,0,0,15583721593309401490
representative_application,application_hash_sdax,100,99,20,305000,0,0,6418842662590208827
representative_application,application_hash_sdax,100,99,21,317600,0,0,13631435880641776915
representative_application,application_hash_sdax,100,99,22,306800,0,0,17183653852698357092
representative_application,application_hash_sdax,100,99,23,304400,0,0,9274972455216937604
representative_application,application_hash_sdax,100,99,24,304600,0,0,9355792106790873694
representative_application,application_hash_sdax,100,99,25,310200,0,0,6870977820890846112
representative_application,application_hash_sdax,100,99,26,304200,0,0,7356228651156183227
representative_application,application_hash_sdax,100,99,27,303800,0,0,6496560239278517594
representative_application,application_hash_sdax,100,99,28,311500,0,0,1600470374967907333
representative_application,application_hash_sdax,100,99,29,302700,0,0,7749396622089507156
representative_application,application_hash_sdax,100,99,30,301500,0,0,5914597544721144955
representative_application,application_hash_sdax,100,99,31,309600,0,0,8593148281290798141
representative_application,application_hash_sdax,100,99,32,303000,0,0,17312262507819578044
representative_application,application_hash_sdax,100,99,33,305100,0,0,8449402800832754809
representative_application,application_hash_sdax,100,99,34,308000,0,0,3614604414420252231
representative_application,application_hash_sdax,100,99,35,302600,0,0,2366660716473973819
representative_application,application_hash_sdax,100,99,36,308100,0,0,8524431054321544385
representative_application,application_hash_sdax,100,99,37,304100,0,0,11652126080490940143
representative_application,application_hash_sdax,100,99,38,309800,0,0,7153169922785203679
representative_application,application_hash_sdax,100,99,39,303100,0,0,6082470906507506695
representative_application_alloc,application_hash_sdax,100,99,0,0,5259,516301,4889995614244325387
representative_application,application_hash_handwritten,100,99,0,6200,0,0,11698499080773063168
representative_application,application_hash_handwritten,100,99,1,6200,0,0,1167273700599470747
representative_application,application_hash_handwritten,100,99,2,6200,0,0,230717062559681467
representative_application,application_hash_handwritten,100,99,3,6100,0,0,13461277124864170950
representative_application,application_hash_handwritten,100,99,4,6100,0,0,1843089491647656605
representative_application,application_hash_handwritten,100,99,5,6100,0,0,1884400405866327555
representative_application,application_hash_handwritten,100,99,6,6100,0,0,15657071968087079793
representative_application,application_hash_handwritten,100,99,7,6100,0,0,8136226820520416650
representative_application,application_hash_handwritten,100,99,8,6100,0,0,9211086410723557826
representative_application,application_hash_handwritten,100,99,9,6200,0,0,3206438314367023031
representative_application,application_hash_handwritten,100,99,10,6100,0,0,5368241661201366768
representative_application,application_hash_handwritten,100,99,11,6100,0,0,6168939717596367289
representative_application,application_hash_handwritten,100,99,12,6200,0,0,14206662131410471244
representative_application,application_hash_handwritten,100,99,13,6200,0,0,13119166869922341978
representative_application,application_hash_handwritten,100,99,14,6100,0,0,13832537443924736587
representative_application,application_hash_handwritten,100,99,15,6100,0,0,10215951684877506975
representative_application,application_hash_handwritten,100,99,16,6100,0,0,5034229283543529573
representative_application,application_hash_handwritten,100,99,17,6200,0,0,14677823012927430833
representative_application,application_hash_handwritten,100,99,18,11200,0,0,13894612964717701902
representative_application,application_hash_handwritten,100,99,19,6200,0,0,15583721593309401491
representative_application,application_hash_handwritten,100,99,20,6100,0,0,6418842662590208826
representative_application,application_hash_handwritten,100,99,21,6100,0,0,13631435880641776914
representative_application,application_hash_handwritten,100,99,22,6100,0,0,17183653852698357093
representative_application,application_hash_handwritten,100,99,23,6200,0,0,9274972455216937605
representative_application,application_hash_handwritten,100,99,24,6100,0,0,9355792106790873695
representative_application,application_hash_handwritten,100,99,25,6100,0,0,6870977820890846113
representative_application,application_hash_handwritten,100,99,26,6100,0,0,7356228651156183226
representative_application,application_hash_handwritten,100,99,27,6200,0,0,6496560239278517595
representative_application,application_hash_handwritten,100,99,28,6100,0,0,1600470374967907332
representative_application,application_hash_handwritten,100,99,29,6100,0,0,7749396622089507157
representative_application,application_hash_handwritten,100,99,30,6200,0,0,5914597544721144954
representative_application,application_hash_handwritten,100,99,31,6200,0,0,8593148281290798140
representative_application,application_hash_handwritten,100,99,32,6100,0,0,17312262507819578045
representative_application,application_hash_handwritten,100,99,33,6100,0,0,8449402800832754808
representative_application,application_hash_handwritten,100,99,34,6200,0,0,3614604414420252230
representative_application,application_hash_handwritten,100,99,35,6100,0,0,2366660716473973818
representative_application,application_hash_handwritten,100,99,36,6100,0,0,8524431054321544384
representative_application,application_hash_handwritten,100,99,37,6200,0,0,11652126080490940142
representative_application,application_hash_handwritten,100,99,38,6100,0,0,7153169922785203678
representative_application,application_hash_handwritten,100,99,39,6100,0,0,6082470906507506694
