phase,workload,nodes,edges,sample,nanos,allocations,allocated_bytes,checksum
adapter_setup,current_thread_runtime,0,0,0,2500,0,0,0
adapter_setup,current_thread_runtime,0,0,1,1600,0,0,0
adapter_setup,current_thread_runtime,0,0,2,1000,0,0,0
adapter_setup,current_thread_runtime,0,0,3,1000,0,0,0
adapter_setup,current_thread_runtime,0,0,4,900,0,0,0
adapter_setup,current_thread_runtime,0,0,5,1000,0,0,0
adapter_setup,current_thread_runtime,0,0,6,1000,0,0,0
adapter_setup,current_thread_runtime,0,0,7,1000,0,0,0
adapter_setup,current_thread_runtime,0,0,8,1000,0,0,0
adapter_setup,current_thread_runtime,0,0,9,1000,0,0,0
adapter_setup,current_thread_runtime,0,0,10,1000,0,0,0
adapter_setup,current_thread_runtime,0,0,11,900,0,0,0
adapter_setup,current_thread_runtime,0,0,12,900,0,0,0
adapter_setup,current_thread_runtime,0,0,13,900,0,0,0
adapter_setup,current_thread_runtime,0,0,14,2000,0,0,0
adapter_setup,current_thread_runtime,0,0,15,1500,0,0,0
adapter_setup,current_thread_runtime,0,0,16,1200,0,0,0
adapter_setup,current_thread_runtime,0,0,17,1300,0,0,0
adapter_setup,current_thread_runtime,0,0,18,1000,0,0,0
adapter_setup,current_thread_runtime,0,0,19,1000,0,0,0
adapter_setup,current_thread_runtime,0,0,20,900,0,0,0
adapter_setup,current_thread_runtime,0,0,21,900,0,0,0
adapter_setup,current_thread_runtime,0,0,22,900,0,0,0
adapter_setup,current_thread_runtime,0,0,23,900,0,0,0
adapter_setup,current_thread_runtime,0,0,24,1000,0,0,0
adapter_setup,current_thread_runtime,0,0,25,1000,0,0,0
adapter_setup,current_thread_runtime,0,0,26,1000,0,0,0
adapter_setup,current_thread_runtime,0,0,27,1000,0,0,0
adapter_setup,current_thread_runtime,0,0,28,900,0,0,0
adapter_setup,current_thread_runtime,0,0,29,900,0,0,0
adapter_setup,current_thread_runtime,0,0,30,900,0,0,0
adapter_setup,current_thread_runtime,0,0,31,1000,0,0,0
adapter_setup,current_thread_runtime,0,0,32,1000,0,0,0
adapter_setup,current_thread_runtime,0,0,33,1100,0,0,0
adapter_setup,current_thread_runtime,0,0,34,1000,0,0,0
adapter_setup,current_thread_runtime,0,0,35,900,0,0,0
adapter_setup,current_thread_runtime,0,0,36,900,0,0,0
adapter_setup,current_thread_runtime,0,0,37,900,0,0,0
adapter_setup,current_thread_runtime,0,0,38,1000,0,0,0
adapter_setup,current_thread_runtime,0,0,39,1000,0,0,0
fixture_generation,graph_chain,1,0,0,300,0,0,5
fixture_generation,graph_chain,1,0,1,200,0,0,5
fixture_generation,graph_chain,1,0,2,100,0,0,5
fixture_generation,graph_chain,1,0,3,100,0,0,5
fixture_generation,graph_chain,1,0,4,200,0,0,5
fixture_generation,graph_chain,1,0,5,200,0,0,5
fixture_generation,graph_chain,1,0,6,100,0,0,5
fixture_generation,graph_chain,1,0,7,100,0,0,5
fixture_generation,graph_chain,1,0,8,200,0,0,5
fixture_generation,graph_chain,1,0,9,100,0,0,5
fixture_generation,graph_chain,1,0,10,100,0,0,5
fixture_generation,graph_chain,1,0,11,200,0,0,5
fixture_generation,graph_chain,1,0,12,100,0,0,5
fixture_generation,graph_chain,1,0,13,100,0,0,5
fixture_generation,graph_chain,1,0,14,100,0,0,5
fixture_generation,graph_chain,1,0,15,200,0,0,5
fixture_generation,graph_chain,1,0,16,100,0,0,5
fixture_generation,graph_chain,1,0,17,100,0,0,5
fixture_generation,graph_chain,1,0,18,200,0,0,5
fixture_generation,graph_chain,1,0,19,100,0,0,5
plan_build,graph_chain,1,0,0,4400,0,0,11
plan_build,graph_chain,1,0,1,1900,0,0,11
plan_build,graph_chain,1,0,2,1500,0,0,11
plan_build,graph_chain,1,0,3,1500,0,0,11
plan_build,graph_chain,1,0,4,1300,0,0,11
plan_build,graph_chain,1,0,5,1600,0,0,11
plan_build,graph_chain,1,0,6,1400,0,0,11
plan_build,graph_chain,1,0,7,1700,0,0,11
plan_build,graph_chain,1,0,8,1600,0,0,11
plan_build,graph_chain,1,0,9,1600,0,0,11
plan_build,graph_chain,1,0,10,1700,0,0,11
plan_build,graph_chain,1,0,11,1600,0,0,11
plan_build,graph_chain,1,0,12,1400,0,0,11
plan_build,graph_chain,1,0,13,1600,0,0,11
plan_build,graph_chain,1,0,14,1400,0,0,11
plan_build,graph_chain,1,0,15,1500,0,0,11
plan_build,graph_chain,1,0,16,1400,0,0,11
plan_build,graph_chain,1,0,17,1300,0,0,11
plan_build,graph_chain,1,0,18,1300,0,0,11
plan_build,graph_chain,1,0,19,1400,0,0,11
plan_build_alloc,graph_chain,1,0,0,0,36,6722,11
engine_execution,graph_chain,1,0,0,5300,0,0,1
engine_execution,graph_chain,1,0,1,5300,0,0,0
engine_execution,graph_chain,1,0,2,5300,0,0,3
engine_execution,graph_chain,1,0,3,5300,0,0,2
engine_execution,graph_chain,1,0,4,5100,0,0,5
engine_execution,graph_chain,1,0,5,5300,0,0,4
engine_execution,graph_chain,1,0,6,5100,0,0,7
engine_execution,graph_chain,1,0,7,5300,0,0,6
engine_execution,graph_chain,1,0,8,5200,0,0,9
engine_execution,graph_chain,1,0,9,5300,0,0,8
engine_execution,graph_chain,1,0,10,5400,0,0,11
engine_execution,graph_chain,1,0,11,5200,0,0,10
engine_execution,graph_chain,1,0,12,5300,0,0,13
engine_execution,graph_chain,1,0,13,5200,0,0,12
engine_execution,graph_chain,1,0,14,5100,0,0,15
engine_execution,graph_chain,1,0,15,5200,0,0,14
engine_execution,graph_chain,1,0,16,5200,0,0,17
engine_execution,graph_chain,1,0,17,5200,0,0,16
engine_execution,graph_chain,1,0,18,5200,0,0,19
engine_execution,graph_chain,1,0,19,5200,0,0,18
engine_execution,graph_chain,1,0,20,5200,0,0,21
engine_execution,graph_chain,1,0,21,5100,0,0,20
engine_execution,graph_chain,1,0,22,5200,0,0,23
engine_execution,graph_chain,1,0,23,5300,0,0,22
engine_execution,graph_chain,1,0,24,5200,0,0,25
engine_execution,graph_chain,1,0,25,5200,0,0,24
engine_execution,graph_chain,1,0,26,5400,0,0,27
engine_execution,graph_chain,1,0,27,5200,0,0,26
engine_execution,graph_chain,1,0,28,5300,0,0,29
engine_execution,graph_chain,1,0,29,5200,0,0,28
engine_execution,graph_chain,1,0,30,6700,0,0,31
engine_execution,graph_chain,1,0,31,5700,0,0,30
engine_execution,graph_chain,1,0,32,5500,0,0,33
engine_execution,graph_chain,1,0,33,5500,0,0,32
engine_execution,graph_chain,1,0,34,5500,0,0,35
engine_execution,graph_chain,1,0,35,6200,0,0,34
engine_execution,graph_chain,1,0,36,5600,0,0,37
engine_execution,graph_chain,1,0,37,5500,0,0,36
engine_execution,graph_chain,1,0,38,5400,0,0,39
engine_execution,graph_chain,1,0,39,5600,0,0,38
engine_execution_alloc,graph_chain,1,0,0,0,99,11356,23131
machine_state_setup,graph_chain,1,0,0,300,0,0,1
body_state_setup,graph_chain,1,0,0,400,0,0,0
machine_state_setup,graph_chain,1,0,1,300,0,0,1
body_state_setup,graph_chain,1,0,1,300,0,0,0
machine_state_setup,graph_chain,1,0,2,200,0,0,1
body_state_setup,graph_chain,1,0,2,500,0,0,0
machine_state_setup,graph_chain,1,0,3,400,0,0,1
body_state_setup,graph_chain,1,0,3,400,0,0,0
machine_state_setup,graph_chain,1,0,4,300,0,0,1
body_state_setup,graph_chain,1,0,4,400,0,0,0
machine_state_setup,graph_chain,1,0,5,200,0,0,1
body_state_setup,graph_chain,1,0,5,300,0,0,0
machine_state_setup,graph_chain,1,0,6,200,0,0,1
body_state_setup,graph_chain,1,0,6,200,0,0,0
machine_state_setup,graph_chain,1,0,7,200,0,0,1
body_state_setup,graph_chain,1,0,7,300,0,0,0
machine_state_setup,graph_chain,1,0,8,200,0,0,1
body_state_setup,graph_chain,1,0,8,300,0,0,0
machine_state_setup,graph_chain,1,0,9,300,0,0,1
body_state_setup,graph_chain,1,0,9,300,0,0,0
machine_state_setup,graph_chain,1,0,10,200,0,0,1
body_state_setup,graph_chain,1,0,10,300,0,0,0
machine_state_setup,graph_chain,1,0,11,200,0,0,1
body_state_setup,graph_chain,1,0,11,300,0,0,0
machine_state_setup,graph_chain,1,0,12,200,0,0,1
body_state_setup,graph_chain,1,0,12,300,0,0,0
machine_state_setup,graph_chain,1,0,13,200,0,0,1
body_state_setup,graph_chain,1,0,13,300,0,0,0
machine_state_setup,graph_chain,1,0,14,200,0,0,1
body_state_setup,graph_chain,1,0,14,300,0,0,0
machine_state_setup,graph_chain,1,0,15,200,0,0,1
body_state_setup,graph_chain,1,0,15,300,0,0,0
machine_state_setup,graph_chain,1,0,16,200,0,0,1
body_state_setup,graph_chain,1,0,16,300,0,0,0
machine_state_setup,graph_chain,1,0,17,200,0,0,1
body_state_setup,graph_chain,1,0,17,300,0,0,0
machine_state_setup,graph_chain,1,0,18,200,0,0,1
body_state_setup,graph_chain,1,0,18,300,0,0,0
machine_state_setup,graph_chain,1,0,19,200,0,0,1
body_state_setup,graph_chain,1,0,19,300,0,0,0
machine_state_setup,graph_chain,1,0,20,200,0,0,1
body_state_setup,graph_chain,1,0,20,300,0,0,0
machine_state_setup,graph_chain,1,0,21,200,0,0,1
body_state_setup,graph_chain,1,0,21,300,0,0,0
machine_state_setup,graph_chain,1,0,22,200,0,0,1
body_state_setup,graph_chain,1,0,22,300,0,0,0
machine_state_setup,graph_chain,1,0,23,200,0,0,1
body_state_setup,graph_chain,1,0,23,300,0,0,0
machine_state_setup,graph_chain,1,0,24,200,0,0,1
body_state_setup,graph_chain,1,0,24,300,0,0,0
machine_state_setup,graph_chain,1,0,25,200,0,0,1
body_state_setup,graph_chain,1,0,25,300,0,0,0
machine_state_setup,graph_chain,1,0,26,200,0,0,1
body_state_setup,graph_chain,1,0,26,300,0,0,0
machine_state_setup,graph_chain,1,0,27,200,0,0,1
body_state_setup,graph_chain,1,0,27,300,0,0,0
machine_state_setup,graph_chain,1,0,28,200,0,0,1
body_state_setup,graph_chain,1,0,28,300,0,0,0
machine_state_setup,graph_chain,1,0,29,200,0,0,1
body_state_setup,graph_chain,1,0,29,300,0,0,0
machine_state_setup,graph_chain,1,0,30,200,0,0,1
body_state_setup,graph_chain,1,0,30,200,0,0,0
machine_state_setup,graph_chain,1,0,31,200,0,0,1
body_state_setup,graph_chain,1,0,31,300,0,0,0
machine_state_setup,graph_chain,1,0,32,200,0,0,1
body_state_setup,graph_chain,1,0,32,600,0,0,0
machine_state_setup,graph_chain,1,0,33,200,0,0,1
body_state_setup,graph_chain,1,0,33,500,0,0,0
machine_state_setup,graph_chain,1,0,34,100,0,0,1
body_state_setup,graph_chain,1,0,34,300,0,0,0
machine_state_setup,graph_chain,1,0,35,200,0,0,1
body_state_setup,graph_chain,1,0,35,300,0,0,0
machine_state_setup,graph_chain,1,0,36,200,0,0,1
body_state_setup,graph_chain,1,0,36,300,0,0,0
machine_state_setup,graph_chain,1,0,37,200,0,0,1
body_state_setup,graph_chain,1,0,37,200,0,0,0
machine_state_setup,graph_chain,1,0,38,200,0,0,1
body_state_setup,graph_chain,1,0,38,300,0,0,0
machine_state_setup,graph_chain,1,0,39,200,0,0,1
body_state_setup,graph_chain,1,0,39,300,0,0,0
pure_machine_events_preseeded,graph_chain,1,0,0,1700,0,0,1
pure_machine_events_preseeded,graph_chain,1,0,1,1100,0,0,1
pure_machine_events_preseeded,graph_chain,1,0,2,1000,0,0,1
pure_machine_events_preseeded,graph_chain,1,0,3,1100,0,0,1
pure_machine_events_preseeded,graph_chain,1,0,4,1000,0,0,1
pure_machine_events_preseeded,graph_chain,1,0,5,1100,0,0,1
pure_machine_events_preseeded,graph_chain,1,0,6,1100,0,0,1
pure_machine_events_preseeded,graph_chain,1,0,7,1100,0,0,1
pure_machine_events_preseeded,graph_chain,1,0,8,1000,0,0,1
pure_machine_events_preseeded,graph_chain,1,0,9,1000,0,0,1
pure_machine_events_preseeded,graph_chain,1,0,10,900,0,0,1
pure_machine_events_preseeded,graph_chain,1,0,11,900,0,0,1
pure_machine_events_preseeded,graph_chain,1,0,12,1000,0,0,1
pure_machine_events_preseeded,graph_chain,1,0,13,1000,0,0,1
pure_machine_events_preseeded,graph_chain,1,0,14,900,0,0,1
pure_machine_events_preseeded,graph_chain,1,0,15,1000,0,0,1
pure_machine_events_preseeded,graph_chain,1,0,16,900,0,0,1
pure_machine_events_preseeded,graph_chain,1,0,17,1000,0,0,1
pure_machine_events_preseeded,graph_chain,1,0,18,1000,0,0,1
pure_machine_events_preseeded,graph_chain,1,0,19,1000,0,0,1
pure_machine_events_preseeded,graph_chain,1,0,20,1000,0,0,1
pure_machine_events_preseeded,graph_chain,1,0,21,900,0,0,1
pure_machine_events_preseeded,graph_chain,1,0,22,1000,0,0,1
pure_machine_events_preseeded,graph_chain,1,0,23,1000,0,0,1
pure_machine_events_preseeded,graph_chain,1,0,24,1000,0,0,1
pure_machine_events_preseeded,graph_chain,1,0,25,900,0,0,1
pure_machine_events_preseeded,graph_chain,1,0,26,1000,0,0,1
pure_machine_events_preseeded,graph_chain,1,0,27,1000,0,0,1
pure_machine_events_preseeded,graph_chain,1,0,28,1100,0,0,1
pure_machine_events_preseeded,graph_chain,1,0,29,1000,0,0,1
pure_machine_events_preseeded,graph_chain,1,0,30,900,0,0,1
pure_machine_events_preseeded,graph_chain,1,0,31,1000,0,0,1
pure_machine_events_preseeded,graph_chain,1,0,32,900,0,0,1
pure_machine_events_preseeded,graph_chain,1,0,33,1000,0,0,1
pure_machine_events_preseeded,graph_chain,1,0,34,1000,0,0,1
pure_machine_events_preseeded,graph_chain,1,0,35,1000,0,0,1
pure_machine_events_preseeded,graph_chain,1,0,36,1000,0,0,1
pure_machine_events_preseeded,graph_chain,1,0,37,900,0,0,1
pure_machine_events_preseeded,graph_chain,1,0,38,900,0,0,1
pure_machine_events_preseeded,graph_chain,1,0,39,900,0,0,1
fixture_generation,graph_wide,1,0,0,100,0,0,5
fixture_generation,graph_wide,1,0,1,200,0,0,5
fixture_generation,graph_wide,1,0,2,200,0,0,5
fixture_generation,graph_wide,1,0,3,100,0,0,5
fixture_generation,graph_wide,1,0,4,100,0,0,5
fixture_generation,graph_wide,1,0,5,200,0,0,5
fixture_generation,graph_wide,1,0,6,200,0,0,5
fixture_generation,graph_wide,1,0,7,100,0,0,5
fixture_generation,graph_wide,1,0,8,100,0,0,5
fixture_generation,graph_wide,1,0,9,200,0,0,5
fixture_generation,graph_wide,1,0,10,100,0,0,5
fixture_generation,graph_wide,1,0,11,100,0,0,5
fixture_generation,graph_wide,1,0,12,200,0,0,5
fixture_generation,graph_wide,1,0,13,200,0,0,5
fixture_generation,graph_wide,1,0,14,200,0,0,5
fixture_generation,graph_wide,1,0,15,200,0,0,5
fixture_generation,graph_wide,1,0,16,200,0,0,5
fixture_generation,graph_wide,1,0,17,400,0,0,5
fixture_generation,graph_wide,1,0,18,300,0,0,5
fixture_generation,graph_wide,1,0,19,200,0,0,5
plan_build,graph_wide,1,0,0,3300,0,0,10
plan_build,graph_wide,1,0,1,1600,0,0,10
plan_build,graph_wide,1,0,2,1300,0,0,10
plan_build,graph_wide,1,0,3,1500,0,0,10
plan_build,graph_wide,1,0,4,1400,0,0,10
plan_build,graph_wide,1,0,5,1300,0,0,10
plan_build,graph_wide,1,0,6,1400,0,0,10
plan_build,graph_wide,1,0,7,1300,0,0,10
plan_build,graph_wide,1,0,8,1400,0,0,10
plan_build,graph_wide,1,0,9,1300,0,0,10
plan_build,graph_wide,1,0,10,1300,0,0,10
plan_build,graph_wide,1,0,11,1300,0,0,10
plan_build,graph_wide,1,0,12,1200,0,0,10
plan_build,graph_wide,1,0,13,1200,0,0,10
plan_build,graph_wide,1,0,14,1200,0,0,10
plan_build,graph_wide,1,0,15,1300,0,0,10
plan_build,graph_wide,1,0,16,1400,0,0,10
plan_build,graph_wide,1,0,17,6200,0,0,10
plan_build,graph_wide,1,0,18,1400,0,0,10
plan_build,graph_wide,1,0,19,1300,0,0,10
plan_build_alloc,graph_wide,1,0,0,0,36,6720,10
engine_execution,graph_wide,1,0,0,5400,0,0,1
engine_execution,graph_wide,1,0,1,5400,0,0,0
engine_execution,graph_wide,1,0,2,5500,0,0,3
engine_execution,graph_wide,1,0,3,5500,0,0,2
engine_execution,graph_wide,1,0,4,5500,0,0,5
engine_execution,graph_wide,1,0,5,5400,0,0,4
engine_execution,graph_wide,1,0,6,5300,0,0,7
engine_execution,graph_wide,1,0,7,5400,0,0,6
engine_execution,graph_wide,1,0,8,5300,0,0,9
engine_execution,graph_wide,1,0,9,5300,0,0,8
engine_execution,graph_wide,1,0,10,5300,0,0,11
engine_execution,graph_wide,1,0,11,5700,0,0,10
engine_execution,graph_wide,1,0,12,5400,0,0,13
engine_execution,graph_wide,1,0,13,5400,0,0,12
engine_execution,graph_wide,1,0,14,5500,0,0,15
engine_execution,graph_wide,1,0,15,5600,0,0,14
engine_execution,graph_wide,1,0,16,6300,0,0,17
engine_execution,graph_wide,1,0,17,5400,0,0,16
engine_execution,graph_wide,1,0,18,5500,0,0,19
engine_execution,graph_wide,1,0,19,5500,0,0,18
engine_execution,graph_wide,1,0,20,5500,0,0,21
engine_execution,graph_wide,1,0,21,5500,0,0,20
engine_execution,graph_wide,1,0,22,5500,0,0,23
engine_execution,graph_wide,1,0,23,5400,0,0,22
engine_execution,graph_wide,1,0,24,5300,0,0,25
engine_execution,graph_wide,1,0,25,5100,0,0,24
engine_execution,graph_wide,1,0,26,5300,0,0,27
engine_execution,graph_wide,1,0,27,5200,0,0,26
engine_execution,graph_wide,1,0,28,5100,0,0,29
engine_execution,graph_wide,1,0,29,5200,0,0,28
engine_execution,graph_wide,1,0,30,5300,0,0,31
engine_execution,graph_wide,1,0,31,5100,0,0,30
engine_execution,graph_wide,1,0,32,5200,0,0,33
engine_execution,graph_wide,1,0,33,5300,0,0,32
engine_execution,graph_wide,1,0,34,5100,0,0,35
engine_execution,graph_wide,1,0,35,5200,0,0,34
engine_execution,graph_wide,1,0,36,5200,0,0,37
engine_execution,graph_wide,1,0,37,5300,0,0,36
engine_execution,graph_wide,1,0,38,5300,0,0,39
engine_execution,graph_wide,1,0,39,5200,0,0,38
engine_execution_alloc,graph_wide,1,0,0,0,99,11355,23131
machine_state_setup,graph_wide,1,0,0,300,0,0,1
body_state_setup,graph_wide,1,0,0,500,0,0,0
machine_state_setup,graph_wide,1,0,1,300,0,0,1
body_state_setup,graph_wide,1,0,1,300,0,0,0
machine_state_setup,graph_wide,1,0,2,300,0,0,1
body_state_setup,graph_wide,1,0,2,300,0,0,0
machine_state_setup,graph_wide,1,0,3,200,0,0,1
body_state_setup,graph_wide,1,0,3,300,0,0,0
machine_state_setup,graph_wide,1,0,4,200,0,0,1
body_state_setup,graph_wide,1,0,4,300,0,0,0
machine_state_setup,graph_wide,1,0,5,200,0,0,1
body_state_setup,graph_wide,1,0,5,300,0,0,0
machine_state_setup,graph_wide,1,0,6,200,0,0,1
body_state_setup,graph_wide,1,0,6,300,0,0,0
machine_state_setup,graph_wide,1,0,7,200,0,0,1
body_state_setup,graph_wide,1,0,7,300,0,0,0
machine_state_setup,graph_wide,1,0,8,200,0,0,1
body_state_setup,graph_wide,1,0,8,300,0,0,0
machine_state_setup,graph_wide,1,0,9,200,0,0,1
body_state_setup,graph_wide,1,0,9,300,0,0,0
machine_state_setup,graph_wide,1,0,10,200,0,0,1
body_state_setup,graph_wide,1,0,10,300,0,0,0
machine_state_setup,graph_wide,1,0,11,200,0,0,1
body_state_setup,graph_wide,1,0,11,300,0,0,0
machine_state_setup,graph_wide,1,0,12,300,0,0,1
body_state_setup,graph_wide,1,0,12,300,0,0,0
machine_state_setup,graph_wide,1,0,13,200,0,0,1
body_state_setup,graph_wide,1,0,13,200,0,0,0
machine_state_setup,graph_wide,1,0,14,200,0,0,1
body_state_setup,graph_wide,1,0,14,300,0,0,0
machine_state_setup,graph_wide,1,0,15,200,0,0,1
body_state_setup,graph_wide,1,0,15,300,0,0,0
machine_state_setup,graph_wide,1,0,16,200,0,0,1
body_state_setup,graph_wide,1,0,16,200,0,0,0
machine_state_setup,graph_wide,1,0,17,200,0,0,1
body_state_setup,graph_wide,1,0,17,300,0,0,0
machine_state_setup,graph_wide,1,0,18,200,0,0,1
body_state_setup,graph_wide,1,0,18,300,0,0,0
machine_state_setup,graph_wide,1,0,19,200,0,0,1
body_state_setup,graph_wide,1,0,19,300,0,0,0
machine_state_setup,graph_wide,1,0,20,200,0,0,1
body_state_setup,graph_wide,1,0,20,300,0,0,0
machine_state_setup,graph_wide,1,0,21,200,0,0,1
body_state_setup,graph_wide,1,0,21,400,0,0,0
machine_state_setup,graph_wide,1,0,22,200,0,0,1
body_state_setup,graph_wide,1,0,22,300,0,0,0
machine_state_setup,graph_wide,1,0,23,200,0,0,1
body_state_setup,graph_wide,1,0,23,600,0,0,0
machine_state_setup,graph_wide,1,0,24,300,0,0,1
body_state_setup,graph_wide,1,0,24,300,0,0,0
machine_state_setup,graph_wide,1,0,25,200,0,0,1
body_state_setup,graph_wide,1,0,25,300,0,0,0
machine_state_setup,graph_wide,1,0,26,200,0,0,1
body_state_setup,graph_wide,1,0,26,300,0,0,0
machine_state_setup,graph_wide,1,0,27,200,0,0,1
body_state_setup,graph_wide,1,0,27,300,0,0,0
machine_state_setup,graph_wide,1,0,28,200,0,0,1
body_state_setup,graph_wide,1,0,28,300,0,0,0
machine_state_setup,graph_wide,1,0,29,200,0,0,1
body_state_setup,graph_wide,1,0,29,300,0,0,0
machine_state_setup,graph_wide,1,0,30,200,0,0,1
body_state_setup,graph_wide,1,0,30,300,0,0,0
machine_state_setup,graph_wide,1,0,31,200,0,0,1
body_state_setup,graph_wide,1,0,31,300,0,0,0
machine_state_setup,graph_wide,1,0,32,200,0,0,1
body_state_setup,graph_wide,1,0,32,300,0,0,0
machine_state_setup,graph_wide,1,0,33,200,0,0,1
body_state_setup,graph_wide,1,0,33,400,0,0,0
machine_state_setup,graph_wide,1,0,34,200,0,0,1
body_state_setup,graph_wide,1,0,34,300,0,0,0
machine_state_setup,graph_wide,1,0,35,200,0,0,1
body_state_setup,graph_wide,1,0,35,300,0,0,0
machine_state_setup,graph_wide,1,0,36,200,0,0,1
body_state_setup,graph_wide,1,0,36,400,0,0,0
machine_state_setup,graph_wide,1,0,37,300,0,0,1
body_state_setup,graph_wide,1,0,37,300,0,0,0
machine_state_setup,graph_wide,1,0,38,300,0,0,1
body_state_setup,graph_wide,1,0,38,300,0,0,0
machine_state_setup,graph_wide,1,0,39,200,0,0,1
body_state_setup,graph_wide,1,0,39,300,0,0,0
fixture_generation,graph_sparse,1,0,0,200,0,0,5
fixture_generation,graph_sparse,1,0,1,100,0,0,5
fixture_generation,graph_sparse,1,0,2,100,0,0,5
fixture_generation,graph_sparse,1,0,3,100,0,0,5
fixture_generation,graph_sparse,1,0,4,100,0,0,5
fixture_generation,graph_sparse,1,0,5,100,0,0,5
fixture_generation,graph_sparse,1,0,6,100,0,0,5
fixture_generation,graph_sparse,1,0,7,100,0,0,5
fixture_generation,graph_sparse,1,0,8,100,0,0,5
fixture_generation,graph_sparse,1,0,9,100,0,0,5
fixture_generation,graph_sparse,1,0,10,200,0,0,5
fixture_generation,graph_sparse,1,0,11,200,0,0,5
fixture_generation,graph_sparse,1,0,12,200,0,0,5
fixture_generation,graph_sparse,1,0,13,200,0,0,5
fixture_generation,graph_sparse,1,0,14,100,0,0,5
fixture_generation,graph_sparse,1,0,15,100,0,0,5
fixture_generation,graph_sparse,1,0,16,100,0,0,5
fixture_generation,graph_sparse,1,0,17,100,0,0,5
fixture_generation,graph_sparse,1,0,18,100,0,0,5
fixture_generation,graph_sparse,1,0,19,100,0,0,5
plan_build,graph_sparse,1,0,0,2900,0,0,12
plan_build,graph_sparse,1,0,1,1500,0,0,12
plan_build,graph_sparse,1,0,2,1600,0,0,12
plan_build,graph_sparse,1,0,3,1400,0,0,12
plan_build,graph_sparse,1,0,4,1600,0,0,12
plan_build,graph_sparse,1,0,5,1400,0,0,12
plan_build,graph_sparse,1,0,6,1300,0,0,12
plan_build,graph_sparse,1,0,7,1400,0,0,12
plan_build,graph_sparse,1,0,8,1500,0,0,12
plan_build,graph_sparse,1,0,9,1800,0,0,12
plan_build,graph_sparse,1,0,10,1800,0,0,12
plan_build,graph_sparse,1,0,11,1700,0,0,12
plan_build,graph_sparse,1,0,12,1600,0,0,12
plan_build,graph_sparse,1,0,13,1600,0,0,12
plan_build,graph_sparse,1,0,14,1600,0,0,12
plan_build,graph_sparse,1,0,15,1700,0,0,12
plan_build,graph_sparse,1,0,16,1500,0,0,12
plan_build,graph_sparse,1,0,17,1500,0,0,12
plan_build,graph_sparse,1,0,18,1300,0,0,12
plan_build,graph_sparse,1,0,19,1200,0,0,12
plan_build_alloc,graph_sparse,1,0,0,0,36,6724,12
engine_execution,graph_sparse,1,0,0,5300,0,0,1
engine_execution,graph_sparse,1,0,1,5300,0,0,0
engine_execution,graph_sparse,1,0,2,5300,0,0,3
engine_execution,graph_sparse,1,0,3,5300,0,0,2
engine_execution,graph_sparse,1,0,4,5200,0,0,5
engine_execution,graph_sparse,1,0,5,5300,0,0,4
engine_execution,graph_sparse,1,0,6,5300,0,0,7
engine_execution,graph_sparse,1,0,7,5200,0,0,6
engine_execution,graph_sparse,1,0,8,5200,0,0,9
engine_execution,graph_sparse,1,0,9,5400,0,0,8
engine_execution,graph_sparse,1,0,10,5200,0,0,11
engine_execution,graph_sparse,1,0,11,5300,0,0,10
engine_execution,graph_sparse,1,0,12,5300,0,0,13
engine_execution,graph_sparse,1,0,13,5300,0,0,12
engine_execution,graph_sparse,1,0,14,5200,0,0,15
engine_execution,graph_sparse,1,0,15,5200,0,0,14
engine_execution,graph_sparse,1,0,16,5400,0,0,17
engine_execution,graph_sparse,1,0,17,5400,0,0,16
engine_execution,graph_sparse,1,0,18,5200,0,0,19
engine_execution,graph_sparse,1,0,19,5300,0,0,18
engine_execution,graph_sparse,1,0,20,5300,0,0,21
engine_execution,graph_sparse,1,0,21,5400,0,0,20
engine_execution,graph_sparse,1,0,22,5300,0,0,23
engine_execution,graph_sparse,1,0,23,5200,0,0,22
engine_execution,graph_sparse,1,0,24,5200,0,0,25
engine_execution,graph_sparse,1,0,25,5400,0,0,24
engine_execution,graph_sparse,1,0,26,5400,0,0,27
engine_execution,graph_sparse,1,0,27,5300,0,0,26
engine_execution,graph_sparse,1,0,28,5300,0,0,29
engine_execution,graph_sparse,1,0,29,5300,0,0,28
engine_execution,graph_sparse,1,0,30,5400,0,0,31
engine_execution,graph_sparse,1,0,31,5200,0,0,30
engine_execution,graph_sparse,1,0,32,5800,0,0,33
engine_execution,graph_sparse,1,0,33,5500,0,0,32
engine_execution,graph_sparse,1,0,34,5400,0,0,35
engine_execution,graph_sparse,1,0,35,5600,0,0,34
engine_execution,graph_sparse,1,0,36,5500,0,0,37
engine_execution,graph_sparse,1,0,37,6500,0,0,36
engine_execution,graph_sparse,1,0,38,5700,0,0,39
engine_execution,graph_sparse,1,0,39,5600,0,0,38
engine_execution_alloc,graph_sparse,1,0,0,0,99,11357,23131
machine_state_setup,graph_sparse,1,0,0,200,0,0,1
body_state_setup,graph_sparse,1,0,0,300,0,0,0
machine_state_setup,graph_sparse,1,0,1,200,0,0,1
body_state_setup,graph_sparse,1,0,1,300,0,0,0
machine_state_setup,graph_sparse,1,0,2,300,0,0,1
body_state_setup,graph_sparse,1,0,2,300,0,0,0
machine_state_setup,graph_sparse,1,0,3,200,0,0,1
body_state_setup,graph_sparse,1,0,3,700,0,0,0
machine_state_setup,graph_sparse,1,0,4,500,0,0,1
body_state_setup,graph_sparse,1,0,4,300,0,0,0
machine_state_setup,graph_sparse,1,0,5,200,0,0,1
body_state_setup,graph_sparse,1,0,5,200,0,0,0
machine_state_setup,graph_sparse,1,0,6,200,0,0,1
body_state_setup,graph_sparse,1,0,6,300,0,0,0
machine_state_setup,graph_sparse,1,0,7,200,0,0,1
body_state_setup,graph_sparse,1,0,7,300,0,0,0
machine_state_setup,graph_sparse,1,0,8,200,0,0,1
body_state_setup,graph_sparse,1,0,8,300,0,0,0
machine_state_setup,graph_sparse,1,0,9,200,0,0,1
body_state_setup,graph_sparse,1,0,9,300,0,0,0
machine_state_setup,graph_sparse,1,0,10,200,0,0,1
body_state_setup,graph_sparse,1,0,10,300,0,0,0
machine_state_setup,graph_sparse,1,0,11,200,0,0,1
body_state_setup,graph_sparse,1,0,11,300,0,0,0
machine_state_setup,graph_sparse,1,0,12,200,0,0,1
body_state_setup,graph_sparse,1,0,12,300,0,0,0
machine_state_setup,graph_sparse,1,0,13,200,0,0,1
body_state_setup,graph_sparse,1,0,13,300,0,0,0
machine_state_setup,graph_sparse,1,0,14,200,0,0,1
body_state_setup,graph_sparse,1,0,14,300,0,0,0
machine_state_setup,graph_sparse,1,0,15,200,0,0,1
body_state_setup,graph_sparse,1,0,15,300,0,0,0
machine_state_setup,graph_sparse,1,0,16,200,0,0,1
body_state_setup,graph_sparse,1,0,16,300,0,0,0
machine_state_setup,graph_sparse,1,0,17,200,0,0,1
body_state_setup,graph_sparse,1,0,17,200,0,0,0
machine_state_setup,graph_sparse,1,0,18,200,0,0,1
body_state_setup,graph_sparse,1,0,18,300,0,0,0
machine_state_setup,graph_sparse,1,0,19,200,0,0,1
body_state_setup,graph_sparse,1,0,19,300,0,0,0
machine_state_setup,graph_sparse,1,0,20,200,0,0,1
body_state_setup,graph_sparse,1,0,20,300,0,0,0
machine_state_setup,graph_sparse,1,0,21,200,0,0,1
body_state_setup,graph_sparse,1,0,21,300,0,0,0
machine_state_setup,graph_sparse,1,0,22,200,0,0,1
body_state_setup,graph_sparse,1,0,22,200,0,0,0
machine_state_setup,graph_sparse,1,0,23,200,0,0,1
body_state_setup,graph_sparse,1,0,23,300,0,0,0
machine_state_setup,graph_sparse,1,0,24,200,0,0,1
body_state_setup,graph_sparse,1,0,24,300,0,0,0
machine_state_setup,graph_sparse,1,0,25,200,0,0,1
body_state_setup,graph_sparse,1,0,25,300,0,0,0
machine_state_setup,graph_sparse,1,0,26,200,0,0,1
body_state_setup,graph_sparse,1,0,26,300,0,0,0
machine_state_setup,graph_sparse,1,0,27,200,0,0,1
body_state_setup,graph_sparse,1,0,27,200,0,0,0
machine_state_setup,graph_sparse,1,0,28,200,0,0,1
body_state_setup,graph_sparse,1,0,28,300,0,0,0
machine_state_setup,graph_sparse,1,0,29,300,0,0,1
body_state_setup,graph_sparse,1,0,29,300,0,0,0
machine_state_setup,graph_sparse,1,0,30,200,0,0,1
body_state_setup,graph_sparse,1,0,30,300,0,0,0
machine_state_setup,graph_sparse,1,0,31,200,0,0,1
body_state_setup,graph_sparse,1,0,31,200,0,0,0
machine_state_setup,graph_sparse,1,0,32,200,0,0,1
body_state_setup,graph_sparse,1,0,32,300,0,0,0
machine_state_setup,graph_sparse,1,0,33,200,0,0,1
body_state_setup,graph_sparse,1,0,33,300,0,0,0
machine_state_setup,graph_sparse,1,0,34,200,0,0,1
body_state_setup,graph_sparse,1,0,34,300,0,0,0
machine_state_setup,graph_sparse,1,0,35,200,0,0,1
body_state_setup,graph_sparse,1,0,35,300,0,0,0
machine_state_setup,graph_sparse,1,0,36,200,0,0,1
body_state_setup,graph_sparse,1,0,36,300,0,0,0
machine_state_setup,graph_sparse,1,0,37,200,0,0,1
body_state_setup,graph_sparse,1,0,37,300,0,0,0
machine_state_setup,graph_sparse,1,0,38,200,0,0,1
body_state_setup,graph_sparse,1,0,38,200,0,0,0
machine_state_setup,graph_sparse,1,0,39,200,0,0,1
body_state_setup,graph_sparse,1,0,39,300,0,0,0
fixture_generation,graph_chain,10,9,0,900,0,0,50
fixture_generation,graph_chain,10,9,1,800,0,0,50
fixture_generation,graph_chain,10,9,2,800,0,0,50
fixture_generation,graph_chain,10,9,3,800,0,0,50
fixture_generation,graph_chain,10,9,4,800,0,0,50
fixture_generation,graph_chain,10,9,5,800,0,0,50
fixture_generation,graph_chain,10,9,6,800,0,0,50
fixture_generation,graph_chain,10,9,7,800,0,0,50
fixture_generation,graph_chain,10,9,8,800,0,0,50
fixture_generation,graph_chain,10,9,9,800,0,0,50
fixture_generation,graph_chain,10,9,10,800,0,0,50
fixture_generation,graph_chain,10,9,11,800,0,0,50
fixture_generation,graph_chain,10,9,12,800,0,0,50
fixture_generation,graph_chain,10,9,13,800,0,0,50
fixture_generation,graph_chain,10,9,14,800,0,0,50
fixture_generation,graph_chain,10,9,15,800,0,0,50
fixture_generation,graph_chain,10,9,16,800,0,0,50
fixture_generation,graph_chain,10,9,17,900,0,0,50
fixture_generation,graph_chain,10,9,18,800,0,0,50
fixture_generation,graph_chain,10,9,19,800,0,0,50
plan_build,graph_chain,10,9,0,45900,0,0,11
plan_build,graph_chain,10,9,1,30300,0,0,11
plan_build,graph_chain,10,9,2,8000,0,0,11
plan_build,graph_chain,10,9,3,6900,0,0,11
plan_build,graph_chain,10,9,4,8200,0,0,11
plan_build,graph_chain,10,9,5,7100,0,0,11
plan_build,graph_chain,10,9,6,8700,0,0,11
plan_build,graph_chain,10,9,7,7000,0,0,11
plan_build,graph_chain,10,9,8,9600,0,0,11
plan_build,graph_chain,10,9,9,8100,0,0,11
plan_build,graph_chain,10,9,10,12700,0,0,11
plan_build,graph_chain,10,9,11,15300,0,0,11
plan_build,graph_chain,10,9,12,7000,0,0,11
plan_build,graph_chain,10,9,13,6600,0,0,11
plan_build,graph_chain,10,9,14,6500,0,0,11
plan_build,graph_chain,10,9,15,7100,0,0,11
plan_build,graph_chain,10,9,16,7200,0,0,11
plan_build,graph_chain,10,9,17,9200,0,0,11
plan_build,graph_chain,10,9,18,7200,0,0,11
plan_build,graph_chain,10,9,19,6800,0,0,11
plan_build_alloc,graph_chain,10,9,0,0,162,35321,11
engine_execution,graph_chain,10,9,0,29700,0,0,0
engine_execution,graph_chain,10,9,1,28900,0,0,1
engine_execution,graph_chain,10,9,2,29300,0,0,2
engine_execution,graph_chain,10,9,3,29300,0,0,3
engine_execution,graph_chain,10,9,4,29300,0,0,4
engine_execution,graph_chain,10,9,5,28700,0,0,5
engine_execution,graph_chain,10,9,6,28900,0,0,6
engine_execution,graph_chain,10,9,7,28600,0,0,7
engine_execution,graph_chain,10,9,8,28900,0,0,8
engine_execution,graph_chain,10,9,9,28400,0,0,9
engine_execution,graph_chain,10,9,10,28700,0,0,10
engine_execution,graph_chain,10,9,11,28900,0,0,11
engine_execution,graph_chain,10,9,12,28500,0,0,12
engine_execution,graph_chain,10,9,13,28600,0,0,13
engine_execution,graph_chain,10,9,14,28300,0,0,14
engine_execution,graph_chain,10,9,15,28700,0,0,15
engine_execution,graph_chain,10,9,16,28100,0,0,16
engine_execution,graph_chain,10,9,17,28200,0,0,17
engine_execution,graph_chain,10,9,18,28200,0,0,18
engine_execution,graph_chain,10,9,19,28400,0,0,19
engine_execution,graph_chain,10,9,20,28200,0,0,20
engine_execution,graph_chain,10,9,21,28600,0,0,21
engine_execution,graph_chain,10,9,22,30800,0,0,22
engine_execution,graph_chain,10,9,23,28300,0,0,23
engine_execution,graph_chain,10,9,24,28300,0,0,24
engine_execution,graph_chain,10,9,25,28300,0,0,25
engine_execution,graph_chain,10,9,26,28700,0,0,26
engine_execution,graph_chain,10,9,27,28700,0,0,27
engine_execution,graph_chain,10,9,28,34200,0,0,28
engine_execution,graph_chain,10,9,29,28700,0,0,29
engine_execution,graph_chain,10,9,30,28800,0,0,30
engine_execution,graph_chain,10,9,31,28800,0,0,31
engine_execution,graph_chain,10,9,32,28600,0,0,32
engine_execution,graph_chain,10,9,33,29000,0,0,33
engine_execution,graph_chain,10,9,34,28900,0,0,34
engine_execution,graph_chain,10,9,35,29400,0,0,35
engine_execution,graph_chain,10,9,36,28600,0,0,36
engine_execution,graph_chain,10,9,37,28700,0,0,37
engine_execution,graph_chain,10,9,38,29900,0,0,38
engine_execution,graph_chain,10,9,39,29200,0,0,39
engine_execution_alloc,graph_chain,10,9,0,0,572,44928,23130
machine_state_setup,graph_chain,10,9,0,1300,0,0,10
body_state_setup,graph_chain,10,9,0,400,0,0,0
machine_state_setup,graph_chain,10,9,1,800,0,0,10
body_state_setup,graph_chain,10,9,1,300,0,0,0
machine_state_setup,graph_chain,10,9,2,800,0,0,10
body_state_setup,graph_chain,10,9,2,300,0,0,0
machine_state_setup,graph_chain,10,9,3,900,0,0,10
body_state_setup,graph_chain,10,9,3,300,0,0,0
machine_state_setup,graph_chain,10,9,4,800,0,0,10
body_state_setup,graph_chain,10,9,4,300,0,0,0
machine_state_setup,graph_chain,10,9,5,800,0,0,10
body_state_setup,graph_chain,10,9,5,300,0,0,0
machine_state_setup,graph_chain,10,9,6,800,0,0,10
body_state_setup,graph_chain,10,9,6,400,0,0,0
machine_state_setup,graph_chain,10,9,7,800,0,0,10
body_state_setup,graph_chain,10,9,7,400,0,0,0
machine_state_setup,graph_chain,10,9,8,800,0,0,10
body_state_setup,graph_chain,10,9,8,200,0,0,0
machine_state_setup,graph_chain,10,9,9,800,0,0,10
body_state_setup,graph_chain,10,9,9,300,0,0,0
machine_state_setup,graph_chain,10,9,10,800,0,0,10
body_state_setup,graph_chain,10,9,10,300,0,0,0
machine_state_setup,graph_chain,10,9,11,900,0,0,10
body_state_setup,graph_chain,10,9,11,300,0,0,0
machine_state_setup,graph_chain,10,9,12,800,0,0,10
body_state_setup,graph_chain,10,9,12,300,0,0,0
machine_state_setup,graph_chain,10,9,13,800,0,0,10
body_state_setup,graph_chain,10,9,13,300,0,0,0
machine_state_setup,graph_chain,10,9,14,900,0,0,10
body_state_setup,graph_chain,10,9,14,300,0,0,0
machine_state_setup,graph_chain,10,9,15,800,0,0,10
body_state_setup,graph_chain,10,9,15,300,0,0,0
machine_state_setup,graph_chain,10,9,16,800,0,0,10
body_state_setup,graph_chain,10,9,16,200,0,0,0
machine_state_setup,graph_chain,10,9,17,800,0,0,10
body_state_setup,graph_chain,10,9,17,400,0,0,0
machine_state_setup,graph_chain,10,9,18,800,0,0,10
body_state_setup,graph_chain,10,9,18,200,0,0,0
machine_state_setup,graph_chain,10,9,19,800,0,0,10
body_state_setup,graph_chain,10,9,19,300,0,0,0
machine_state_setup,graph_chain,10,9,20,900,0,0,10
body_state_setup,graph_chain,10,9,20,300,0,0,0
machine_state_setup,graph_chain,10,9,21,800,0,0,10
body_state_setup,graph_chain,10,9,21,300,0,0,0
machine_state_setup,graph_chain,10,9,22,800,0,0,10
body_state_setup,graph_chain,10,9,22,300,0,0,0
machine_state_setup,graph_chain,10,9,23,800,0,0,10
body_state_setup,graph_chain,10,9,23,300,0,0,0
machine_state_setup,graph_chain,10,9,24,800,0,0,10
body_state_setup,graph_chain,10,9,24,200,0,0,0
machine_state_setup,graph_chain,10,9,25,800,0,0,10
body_state_setup,graph_chain,10,9,25,300,0,0,0
machine_state_setup,graph_chain,10,9,26,800,0,0,10
body_state_setup,graph_chain,10,9,26,300,0,0,0
machine_state_setup,graph_chain,10,9,27,1100,0,0,10
body_state_setup,graph_chain,10,9,27,300,0,0,0
machine_state_setup,graph_chain,10,9,28,1100,0,0,10
body_state_setup,graph_chain,10,9,28,200,0,0,0
machine_state_setup,graph_chain,10,9,29,1100,0,0,10
body_state_setup,graph_chain,10,9,29,200,0,0,0
machine_state_setup,graph_chain,10,9,30,1000,0,0,10
body_state_setup,graph_chain,10,9,30,600,0,0,0
machine_state_setup,graph_chain,10,9,31,1000,0,0,10
body_state_setup,graph_chain,10,9,31,500,0,0,0
machine_state_setup,graph_chain,10,9,32,800,0,0,10
body_state_setup,graph_chain,10,9,32,300,0,0,0
machine_state_setup,graph_chain,10,9,33,800,0,0,10
body_state_setup,graph_chain,10,9,33,200,0,0,0
machine_state_setup,graph_chain,10,9,34,800,0,0,10
body_state_setup,graph_chain,10,9,34,300,0,0,0
machine_state_setup,graph_chain,10,9,35,800,0,0,10
body_state_setup,graph_chain,10,9,35,300,0,0,0
machine_state_setup,graph_chain,10,9,36,800,0,0,10
body_state_setup,graph_chain,10,9,36,300,0,0,0
machine_state_setup,graph_chain,10,9,37,800,0,0,10
body_state_setup,graph_chain,10,9,37,300,0,0,0
machine_state_setup,graph_chain,10,9,38,800,0,0,10
body_state_setup,graph_chain,10,9,38,200,0,0,0
machine_state_setup,graph_chain,10,9,39,800,0,0,10
body_state_setup,graph_chain,10,9,39,200,0,0,0
pure_machine_events_preseeded,graph_chain,10,9,0,8700,0,0,10
pure_machine_events_preseeded,graph_chain,10,9,1,7600,0,0,10
pure_machine_events_preseeded,graph_chain,10,9,2,7500,0,0,10
pure_machine_events_preseeded,graph_chain,10,9,3,7400,0,0,10
pure_machine_events_preseeded,graph_chain,10,9,4,7200,0,0,10
pure_machine_events_preseeded,graph_chain,10,9,5,7200,0,0,10
pure_machine_events_preseeded,graph_chain,10,9,6,7300,0,0,10
pure_machine_events_preseeded,graph_chain,10,9,7,7300,0,0,10
pure_machine_events_preseeded,graph_chain,10,9,8,7300,0,0,10
pure_machine_events_preseeded,graph_chain,10,9,9,7300,0,0,10
pure_machine_events_preseeded,graph_chain,10,9,10,7300,0,0,10
pure_machine_events_preseeded,graph_chain,10,9,11,7400,0,0,10
pure_machine_events_preseeded,graph_chain,10,9,12,7200,0,0,10
pure_machine_events_preseeded,graph_chain,10,9,13,7300,0,0,10
pure_machine_events_preseeded,graph_chain,10,9,14,7200,0,0,10
pure_machine_events_preseeded,graph_chain,10,9,15,7300,0,0,10
pure_machine_events_preseeded,graph_chain,10,9,16,7300,0,0,10
pure_machine_events_preseeded,graph_chain,10,9,17,7200,0,0,10
pure_machine_events_preseeded,graph_chain,10,9,18,7200,0,0,10
pure_machine_events_preseeded,graph_chain,10,9,19,7300,0,0,10
pure_machine_events_preseeded,graph_chain,10,9,20,7300,0,0,10
pure_machine_events_preseeded,graph_chain,10,9,21,7400,0,0,10
pure_machine_events_preseeded,graph_chain,10,9,22,7300,0,0,10
pure_machine_events_preseeded,graph_chain,10,9,23,7200,0,0,10
pure_machine_events_preseeded,graph_chain,10,9,24,7200,0,0,10
pure_machine_events_preseeded,graph_chain,10,9,25,7100,0,0,10
pure_machine_events_preseeded,graph_chain,10,9,26,7300,0,0,10
pure_machine_events_preseeded,graph_chain,10,9,27,7200,0,0,10
pure_machine_events_preseeded,graph_chain,10,9,28,7300,0,0,10
pure_machine_events_preseeded,graph_chain,10,9,29,7200,0,0,10
pure_machine_events_preseeded,graph_chain,10,9,30,7200,0,0,10
pure_machine_events_preseeded,graph_chain,10,9,31,7100,0,0,10
pure_machine_events_preseeded,graph_chain,10,9,32,7200,0,0,10
pure_machine_events_preseeded,graph_chain,10,9,33,7100,0,0,10
pure_machine_events_preseeded,graph_chain,10,9,34,7300,0,0,10
pure_machine_events_preseeded,graph_chain,10,9,35,7300,0,0,10
pure_machine_events_preseeded,graph_chain,10,9,36,7200,0,0,10
pure_machine_events_preseeded,graph_chain,10,9,37,7300,0,0,10
pure_machine_events_preseeded,graph_chain,10,9,38,7300,0,0,10
pure_machine_events_preseeded,graph_chain,10,9,39,7300,0,0,10
fixture_generation,graph_wide,10,9,0,900,0,0,50
fixture_generation,graph_wide,10,9,1,800,0,0,50
fixture_generation,graph_wide,10,9,2,800,0,0,50
fixture_generation,graph_wide,10,9,3,800,0,0,50
fixture_generation,graph_wide,10,9,4,800,0,0,50
fixture_generation,graph_wide,10,9,5,800,0,0,50
fixture_generation,graph_wide,10,9,6,800,0,0,50
fixture_generation,graph_wide,10,9,7,800,0,0,50
fixture_generation,graph_wide,10,9,8,800,0,0,50
fixture_generation,graph_wide,10,9,9,800,0,0,50
fixture_generation,graph_wide,10,9,10,800,0,0,50
fixture_generation,graph_wide,10,9,11,800,0,0,50
fixture_generation,graph_wide,10,9,12,700,0,0,50
fixture_generation,graph_wide,10,9,13,800,0,0,50
fixture_generation,graph_wide,10,9,14,800,0,0,50
fixture_generation,graph_wide,10,9,15,800,0,0,50
fixture_generation,graph_wide,10,9,16,800,0,0,50
fixture_generation,graph_wide,10,9,17,800,0,0,50
fixture_generation,graph_wide,10,9,18,800,0,0,50
fixture_generation,graph_wide,10,9,19,800,0,0,50
plan_build,graph_wide,10,9,0,17300,0,0,10
plan_build,graph_wide,10,9,1,14400,0,0,10
plan_build,graph_wide,10,9,2,7000,0,0,10
plan_build,graph_wide,10,9,3,6300,0,0,10
plan_build,graph_wide,10,9,4,6500,0,0,10
plan_build,graph_wide,10,9,5,6400,0,0,10
plan_build,graph_wide,10,9,6,6700,0,0,10
plan_build,graph_wide,10,9,7,6300,0,0,10
plan_build,graph_wide,10,9,8,6100,0,0,10
plan_build,graph_wide,10,9,9,6200,0,0,10
plan_build,graph_wide,10,9,10,6200,0,0,10
plan_build,graph_wide,10,9,11,6500,0,0,10
plan_build,graph_wide,10,9,12,6700,0,0,10
plan_build,graph_wide,10,9,13,6600,0,0,10
plan_build,graph_wide,10,9,14,6600,0,0,10
plan_build,graph_wide,10,9,15,6300,0,0,10
plan_build,graph_wide,10,9,16,6100,0,0,10
plan_build,graph_wide,10,9,17,5900,0,0,10
plan_build,graph_wide,10,9,18,6000,0,0,10
plan_build,graph_wide,10,9,19,5800,0,0,10
plan_build_alloc,graph_wide,10,9,0,0,156,35255,10
engine_execution,graph_wide,10,9,0,29000,0,0,8
engine_execution,graph_wide,10,9,1,28500,0,0,9
engine_execution,graph_wide,10,9,2,29600,0,0,10
engine_execution,graph_wide,10,9,3,28500,0,0,11
engine_execution,graph_wide,10,9,4,29900,0,0,12
engine_execution,graph_wide,10,9,5,28200,0,0,13
engine_execution,graph_wide,10,9,6,28500,0,0,14
engine_execution,graph_wide,10,9,7,28400,0,0,15
engine_execution,graph_wide,10,9,8,28200,0,0,0
engine_execution,graph_wide,10,9,9,28200,0,0,1
engine_execution,graph_wide,10,9,10,28400,0,0,2
engine_execution,graph_wide,10,9,11,28700,0,0,3
engine_execution,graph_wide,10,9,12,29200,0,0,4
engine_execution,graph_wide,10,9,13,29200,0,0,5
engine_execution,graph_wide,10,9,14,28900,0,0,6
engine_execution,graph_wide,10,9,15,28900,0,0,7
engine_execution,graph_wide,10,9,16,28300,0,0,24
engine_execution,graph_wide,10,9,17,28800,0,0,25
engine_execution,graph_wide,10,9,18,28900,0,0,26
engine_execution,graph_wide,10,9,19,28800,0,0,27
engine_execution,graph_wide,10,9,20,28300,0,0,28
engine_execution,graph_wide,10,9,21,28200,0,0,29
engine_execution,graph_wide,10,9,22,27800,0,0,30
engine_execution,graph_wide,10,9,23,28200,0,0,31
engine_execution,graph_wide,10,9,24,27700,0,0,16
engine_execution,graph_wide,10,9,25,27400,0,0,17
engine_execution,graph_wide,10,9,26,27000,0,0,18
engine_execution,graph_wide,10,9,27,27700,0,0,19
engine_execution,graph_wide,10,9,28,29900,0,0,20
engine_execution,graph_wide,10,9,29,27300,0,0,21
engine_execution,graph_wide,10,9,30,27400,0,0,22
engine_execution,graph_wide,10,9,31,26800,0,0,23
engine_execution,graph_wide,10,9,32,27900,0,0,40
engine_execution,graph_wide,10,9,33,27700,0,0,41
engine_execution,graph_wide,10,9,34,27200,0,0,42
engine_execution,graph_wide,10,9,35,26900,0,0,43
engine_execution,graph_wide,10,9,36,27400,0,0,44
engine_execution,graph_wide,10,9,37,27100,0,0,45
engine_execution,graph_wide,10,9,38,27000,0,0,46
engine_execution,graph_wide,10,9,39,27300,0,0,47
engine_execution_alloc,graph_wide,10,9,0,0,555,46847,23122
machine_state_setup,graph_wide,10,9,0,1200,0,0,10
body_state_setup,graph_wide,10,9,0,400,0,0,0
machine_state_setup,graph_wide,10,9,1,900,0,0,10
body_state_setup,graph_wide,10,9,1,300,0,0,0
machine_state_setup,graph_wide,10,9,2,900,0,0,10
body_state_setup,graph_wide,10,9,2,300,0,0,0
machine_state_setup,graph_wide,10,9,3,900,0,0,10
body_state_setup,graph_wide,10,9,3,300,0,0,0
machine_state_setup,graph_wide,10,9,4,800,0,0,10
body_state_setup,graph_wide,10,9,4,200,0,0,0
machine_state_setup,graph_wide,10,9,5,700,0,0,10
body_state_setup,graph_wide,10,9,5,200,0,0,0
machine_state_setup,graph_wide,10,9,6,800,0,0,10
body_state_setup,graph_wide,10,9,6,200,0,0,0
machine_state_setup,graph_wide,10,9,7,700,0,0,10
body_state_setup,graph_wide,10,9,7,300,0,0,0
machine_state_setup,graph_wide,10,9,8,800,0,0,10
body_state_setup,graph_wide,10,9,8,300,0,0,0
machine_state_setup,graph_wide,10,9,9,800,0,0,10
body_state_setup,graph_wide,10,9,9,200,0,0,0
machine_state_setup,graph_wide,10,9,10,800,0,0,10
body_state_setup,graph_wide,10,9,10,300,0,0,0
machine_state_setup,graph_wide,10,9,11,800,0,0,10
body_state_setup,graph_wide,10,9,11,300,0,0,0
machine_state_setup,graph_wide,10,9,12,800,0,0,10
body_state_setup,graph_wide,10,9,12,200,0,0,0
machine_state_setup,graph_wide,10,9,13,800,0,0,10
body_state_setup,graph_wide,10,9,13,300,0,0,0
machine_state_setup,graph_wide,10,9,14,800,0,0,10
body_state_setup,graph_wide,10,9,14,200,0,0,0
machine_state_setup,graph_wide,10,9,15,800,0,0,10
body_state_setup,graph_wide,10,9,15,300,0,0,0
machine_state_setup,graph_wide,10,9,16,800,0,0,10
body_state_setup,graph_wide,10,9,16,300,0,0,0
machine_state_setup,graph_wide,10,9,17,700,0,0,10
body_state_setup,graph_wide,10,9,17,200,0,0,0
machine_state_setup,graph_wide,10,9,18,800,0,0,10
body_state_setup,graph_wide,10,9,18,300,0,0,0
machine_state_setup,graph_wide,10,9,19,800,0,0,10
body_state_setup,graph_wide,10,9,19,300,0,0,0
machine_state_setup,graph_wide,10,9,20,800,0,0,10
body_state_setup,graph_wide,10,9,20,200,0,0,0
machine_state_setup,graph_wide,10,9,21,800,0,0,10
body_state_setup,graph_wide,10,9,21,300,0,0,0
machine_state_setup,graph_wide,10,9,22,800,0,0,10
body_state_setup,graph_wide,10,9,22,300,0,0,0
machine_state_setup,graph_wide,10,9,23,700,0,0,10
body_state_setup,graph_wide,10,9,23,300,0,0,0
machine_state_setup,graph_wide,10,9,24,800,0,0,10
body_state_setup,graph_wide,10,9,24,300,0,0,0
machine_state_setup,graph_wide,10,9,25,800,0,0,10
body_state_setup,graph_wide,10,9,25,200,0,0,0
machine_state_setup,graph_wide,10,9,26,800,0,0,10
body_state_setup,graph_wide,10,9,26,300,0,0,0
machine_state_setup,graph_wide,10,9,27,800,0,0,10
body_state_setup,graph_wide,10,9,27,300,0,0,0
machine_state_setup,graph_wide,10,9,28,800,0,0,10
body_state_setup,graph_wide,10,9,28,200,0,0,0
machine_state_setup,graph_wide,10,9,29,700,0,0,10
body_state_setup,graph_wide,10,9,29,300,0,0,0
machine_state_setup,graph_wide,10,9,30,800,0,0,10
body_state_setup,graph_wide,10,9,30,200,0,0,0
machine_state_setup,graph_wide,10,9,31,800,0,0,10
body_state_setup,graph_wide,10,9,31,300,0,0,0
machine_state_setup,graph_wide,10,9,32,800,0,0,10
body_state_setup,graph_wide,10,9,32,300,0,0,0
machine_state_setup,graph_wide,10,9,33,800,0,0,10
body_state_setup,graph_wide,10,9,33,300,0,0,0
machine_state_setup,graph_wide,10,9,34,700,0,0,10
body_state_setup,graph_wide,10,9,34,300,0,0,0
machine_state_setup,graph_wide,10,9,35,800,0,0,10
body_state_setup,graph_wide,10,9,35,300,0,0,0
machine_state_setup,graph_wide,10,9,36,800,0,0,10
body_state_setup,graph_wide,10,9,36,300,0,0,0
machine_state_setup,graph_wide,10,9,37,700,0,0,10
body_state_setup,graph_wide,10,9,37,200,0,0,0
machine_state_setup,graph_wide,10,9,38,800,0,0,10
body_state_setup,graph_wide,10,9,38,300,0,0,0
machine_state_setup,graph_wide,10,9,39,800,0,0,10
body_state_setup,graph_wide,10,9,39,200,0,0,0
fixture_generation,graph_sparse,10,9,0,900,0,0,50
fixture_generation,graph_sparse,10,9,1,800,0,0,50
fixture_generation,graph_sparse,10,9,2,800,0,0,50
fixture_generation,graph_sparse,10,9,3,700,0,0,50
fixture_generation,graph_sparse,10,9,4,800,0,0,50
fixture_generation,graph_sparse,10,9,5,800,0,0,50
fixture_generation,graph_sparse,10,9,6,900,0,0,50
fixture_generation,graph_sparse,10,9,7,800,0,0,50
fixture_generation,graph_sparse,10,9,8,800,0,0,50
fixture_generation,graph_sparse,10,9,9,800,0,0,50
fixture_generation,graph_sparse,10,9,10,800,0,0,50
fixture_generation,graph_sparse,10,9,11,800,0,0,50
fixture_generation,graph_sparse,10,9,12,800,0,0,50
fixture_generation,graph_sparse,10,9,13,800,0,0,50
fixture_generation,graph_sparse,10,9,14,800,0,0,50
fixture_generation,graph_sparse,10,9,15,800,0,0,50
fixture_generation,graph_sparse,10,9,16,900,0,0,50
fixture_generation,graph_sparse,10,9,17,800,0,0,50
fixture_generation,graph_sparse,10,9,18,900,0,0,50
fixture_generation,graph_sparse,10,9,19,900,0,0,50
plan_build,graph_sparse,10,9,0,16400,0,0,12
plan_build,graph_sparse,10,9,1,20400,0,0,12
plan_build,graph_sparse,10,9,2,6800,0,0,12
plan_build,graph_sparse,10,9,3,7000,0,0,12
plan_build,graph_sparse,10,9,4,7000,0,0,12
plan_build,graph_sparse,10,9,5,6600,0,0,12
plan_build,graph_sparse,10,9,6,6600,0,0,12
plan_build,graph_sparse,10,9,7,6400,0,0,12
plan_build,graph_sparse,10,9,8,6700,0,0,12
plan_build,graph_sparse,10,9,9,6600,0,0,12
plan_build,graph_sparse,10,9,10,6300,0,0,12
plan_build,graph_sparse,10,9,11,6900,0,0,12
plan_build,graph_sparse,10,9,12,9000,0,0,12
plan_build,graph_sparse,10,9,13,12500,0,0,12
plan_build,graph_sparse,10,9,14,21400,0,0,12
plan_build,graph_sparse,10,9,15,7300,0,0,12
plan_build,graph_sparse,10,9,16,7000,0,0,12
plan_build,graph_sparse,10,9,17,7000,0,0,12
plan_build,graph_sparse,10,9,18,6900,0,0,12
plan_build,graph_sparse,10,9,19,7300,0,0,12
plan_build_alloc,graph_sparse,10,9,0,0,158,35195,12
engine_execution,graph_sparse,10,9,0,28400,0,0,13
engine_execution,graph_sparse,10,9,1,28200,0,0,12
engine_execution,graph_sparse,10,9,2,28900,0,0,15
engine_execution,graph_sparse,10,9,3,28400,0,0,14
engine_execution,graph_sparse,10,9,4,28600,0,0,9
engine_execution,graph_sparse,10,9,5,37600,0,0,8
engine_execution,graph_sparse,10,9,6,27900,0,0,11
engine_execution,graph_sparse,10,9,7,27700,0,0,10
engine_execution,graph_sparse,10,9,8,27900,0,0,5
engine_execution,graph_sparse,10,9,9,27100,0,0,4
engine_execution,graph_sparse,10,9,10,27400,0,0,7
engine_execution,graph_sparse,10,9,11,27800,0,0,6
engine_execution,graph_sparse,10,9,12,28300,0,0,1
engine_execution,graph_sparse,10,9,13,27500,0,0,0
engine_execution,graph_sparse,10,9,14,27500,0,0,3
engine_execution,graph_sparse,10,9,15,27500,0,0,2
engine_execution,graph_sparse,10,9,16,27400,0,0,29
engine_execution,graph_sparse,10,9,17,27200,0,0,28
engine_execution,graph_sparse,10,9,18,28700,0,0,31
engine_execution,graph_sparse,10,9,19,28300,0,0,30
engine_execution,graph_sparse,10,9,20,27600,0,0,25
engine_execution,graph_sparse,10,9,21,27900,0,0,24
engine_execution,graph_sparse,10,9,22,27400,0,0,27
engine_execution,graph_sparse,10,9,23,27600,0,0,26
engine_execution,graph_sparse,10,9,24,27300,0,0,21
engine_execution,graph_sparse,10,9,25,27300,0,0,20
engine_execution,graph_sparse,10,9,26,27100,0,0,23
engine_execution,graph_sparse,10,9,27,27400,0,0,22
engine_execution,graph_sparse,10,9,28,27200,0,0,17
engine_execution,graph_sparse,10,9,29,27400,0,0,16
engine_execution,graph_sparse,10,9,30,27900,0,0,19
engine_execution,graph_sparse,10,9,31,27300,0,0,18
engine_execution,graph_sparse,10,9,32,27400,0,0,45
engine_execution,graph_sparse,10,9,33,27700,0,0,44
engine_execution,graph_sparse,10,9,34,27300,0,0,47
engine_execution,graph_sparse,10,9,35,27700,0,0,46
engine_execution,graph_sparse,10,9,36,27700,0,0,41
engine_execution,graph_sparse,10,9,37,27400,0,0,40
engine_execution,graph_sparse,10,9,38,27700,0,0,43
engine_execution,graph_sparse,10,9,39,27500,0,0,42
engine_execution_alloc,graph_sparse,10,9,0,0,564,45889,23127
machine_state_setup,graph_sparse,10,9,0,1200,0,0,10
body_state_setup,graph_sparse,10,9,0,300,0,0,0
machine_state_setup,graph_sparse,10,9,1,800,0,0,10
body_state_setup,graph_sparse,10,9,1,300,0,0,0
machine_state_setup,graph_sparse,10,9,2,800,0,0,10
body_state_setup,graph_sparse,10,9,2,300,0,0,0
machine_state_setup,graph_sparse,10,9,3,800,0,0,10
body_state_setup,graph_sparse,10,9,3,300,0,0,0
machine_state_setup,graph_sparse,10,9,4,800,0,0,10
body_state_setup,graph_sparse,10,9,4,300,0,0,0
machine_state_setup,graph_sparse,10,9,5,900,0,0,10
body_state_setup,graph_sparse,10,9,5,300,0,0,0
machine_state_setup,graph_sparse,10,9,6,900,0,0,10
body_state_setup,graph_sparse,10,9,6,300,0,0,0
machine_state_setup,graph_sparse,10,9,7,1000,0,0,10
body_state_setup,graph_sparse,10,9,7,300,0,0,0
machine_state_setup,graph_sparse,10,9,8,800,0,0,10
body_state_setup,graph_sparse,10,9,8,300,0,0,0
machine_state_setup,graph_sparse,10,9,9,800,0,0,10
body_state_setup,graph_sparse,10,9,9,300,0,0,0
machine_state_setup,graph_sparse,10,9,10,800,0,0,10
body_state_setup,graph_sparse,10,9,10,300,0,0,0
machine_state_setup,graph_sparse,10,9,11,800,0,0,10
body_state_setup,graph_sparse,10,9,11,300,0,0,0
machine_state_setup,graph_sparse,10,9,12,800,0,0,10
body_state_setup,graph_sparse,10,9,12,300,0,0,0
machine_state_setup,graph_sparse,10,9,13,800,0,0,10
body_state_setup,graph_sparse,10,9,13,200,0,0,0
machine_state_setup,graph_sparse,10,9,14,800,0,0,10
body_state_setup,graph_sparse,10,9,14,300,0,0,0
machine_state_setup,graph_sparse,10,9,15,800,0,0,10
body_state_setup,graph_sparse,10,9,15,300,0,0,0
machine_state_setup,graph_sparse,10,9,16,800,0,0,10
body_state_setup,graph_sparse,10,9,16,300,0,0,0
machine_state_setup,graph_sparse,10,9,17,800,0,0,10
body_state_setup,graph_sparse,10,9,17,200,0,0,0
machine_state_setup,graph_sparse,10,9,18,800,0,0,10
body_state_setup,graph_sparse,10,9,18,300,0,0,0
machine_state_setup,graph_sparse,10,9,19,800,0,0,10
body_state_setup,graph_sparse,10,9,19,300,0,0,0
machine_state_setup,graph_sparse,10,9,20,800,0,0,10
body_state_setup,graph_sparse,10,9,20,200,0,0,0
machine_state_setup,graph_sparse,10,9,21,800,0,0,10
body_state_setup,graph_sparse,10,9,21,300,0,0,0
machine_state_setup,graph_sparse,10,9,22,800,0,0,10
body_state_setup,graph_sparse,10,9,22,300,0,0,0
machine_state_setup,graph_sparse,10,9,23,800,0,0,10
body_state_setup,graph_sparse,10,9,23,300,0,0,0
machine_state_setup,graph_sparse,10,9,24,800,0,0,10
body_state_setup,graph_sparse,10,9,24,200,0,0,0
machine_state_setup,graph_sparse,10,9,25,800,0,0,10
body_state_setup,graph_sparse,10,9,25,300,0,0,0
machine_state_setup,graph_sparse,10,9,26,800,0,0,10
body_state_setup,graph_sparse,10,9,26,200,0,0,0
machine_state_setup,graph_sparse,10,9,27,800,0,0,10
body_state_setup,graph_sparse,10,9,27,300,0,0,0
machine_state_setup,graph_sparse,10,9,28,800,0,0,10
body_state_setup,graph_sparse,10,9,28,200,0,0,0
machine_state_setup,graph_sparse,10,9,29,800,0,0,10
body_state_setup,graph_sparse,10,9,29,300,0,0,0
machine_state_setup,graph_sparse,10,9,30,900,0,0,10
body_state_setup,graph_sparse,10,9,30,300,0,0,0
machine_state_setup,graph_sparse,10,9,31,800,0,0,10
body_state_setup,graph_sparse,10,9,31,300,0,0,0
machine_state_setup,graph_sparse,10,9,32,800,0,0,10
body_state_setup,graph_sparse,10,9,32,300,0,0,0
machine_state_setup,graph_sparse,10,9,33,800,0,0,10
body_state_setup,graph_sparse,10,9,33,300,0,0,0
machine_state_setup,graph_sparse,10,9,34,800,0,0,10
body_state_setup,graph_sparse,10,9,34,300,0,0,0
machine_state_setup,graph_sparse,10,9,35,800,0,0,10
body_state_setup,graph_sparse,10,9,35,300,0,0,0
machine_state_setup,graph_sparse,10,9,36,800,0,0,10
body_state_setup,graph_sparse,10,9,36,200,0,0,0
machine_state_setup,graph_sparse,10,9,37,800,0,0,10
body_state_setup,graph_sparse,10,9,37,300,0,0,0
machine_state_setup,graph_sparse,10,9,38,800,0,0,10
body_state_setup,graph_sparse,10,9,38,200,0,0,0
machine_state_setup,graph_sparse,10,9,39,800,0,0,10
body_state_setup,graph_sparse,10,9,39,300,0,0,0
fixture_generation,graph_chain,100,99,0,7500,0,0,500
fixture_generation,graph_chain,100,99,1,7200,0,0,500
fixture_generation,graph_chain,100,99,2,7000,0,0,500
fixture_generation,graph_chain,100,99,3,7000,0,0,500
fixture_generation,graph_chain,100,99,4,7100,0,0,500
fixture_generation,graph_chain,100,99,5,7100,0,0,500
fixture_generation,graph_chain,100,99,6,7000,0,0,500
fixture_generation,graph_chain,100,99,7,7000,0,0,500
fixture_generation,graph_chain,100,99,8,7100,0,0,500
fixture_generation,graph_chain,100,99,9,7100,0,0,500
fixture_generation,graph_chain,100,99,10,7100,0,0,500
fixture_generation,graph_chain,100,99,11,7100,0,0,500
fixture_generation,graph_chain,100,99,12,7100,0,0,500
fixture_generation,graph_chain,100,99,13,7100,0,0,500
fixture_generation,graph_chain,100,99,14,7100,0,0,500
fixture_generation,graph_chain,100,99,15,6900,0,0,500
fixture_generation,graph_chain,100,99,16,7100,0,0,500
fixture_generation,graph_chain,100,99,17,7100,0,0,500
fixture_generation,graph_chain,100,99,18,7200,0,0,500
fixture_generation,graph_chain,100,99,19,7100,0,0,500
plan_build,graph_chain,100,99,0,140800,0,0,11
plan_build,graph_chain,100,99,1,127000,0,0,11
plan_build,graph_chain,100,99,2,117400,0,0,11
plan_build,graph_chain,100,99,3,106600,0,0,11
plan_build,graph_chain,100,99,4,111000,0,0,11
plan_build,graph_chain,100,99,5,117300,0,0,11
plan_build,graph_chain,100,99,6,112500,0,0,11
plan_build,graph_chain,100,99,7,113000,0,0,11
plan_build,graph_chain,100,99,8,101200,0,0,11
plan_build,graph_chain,100,99,9,126300,0,0,11
plan_build,graph_chain,100,99,10,115600,0,0,11
plan_build,graph_chain,100,99,11,142000,0,0,11
plan_build,graph_chain,100,99,12,126000,0,0,11
plan_build,graph_chain,100,99,13,139700,0,0,11
plan_build,graph_chain,100,99,14,129100,0,0,11
plan_build,graph_chain,100,99,15,131200,0,0,11
plan_build,graph_chain,100,99,16,134500,0,0,11
plan_build,graph_chain,100,99,17,122300,0,0,11
plan_build,graph_chain,100,99,18,114800,0,0,11
plan_build,graph_chain,100,99,19,149700,0,0,11
plan_build_alloc,graph_chain,100,99,0,0,1269,304543,11
engine_execution,graph_chain,100,99,0,362600,0,0,1
engine_execution,graph_chain,100,99,1,340400,0,0,0
engine_execution,graph_chain,100,99,2,350400,0,0,3
engine_execution,graph_chain,100,99,3,348000,0,0,2
engine_execution,graph_chain,100,99,4,346500,0,0,5
engine_execution,graph_chain,100,99,5,371700,0,0,4
engine_execution,graph_chain,100,99,6,341600,0,0,7
engine_execution,graph_chain,100,99,7,343200,0,0,6
engine_execution,graph_chain,100,99,8,346300,0,0,9
engine_execution,graph_chain,100,99,9,335500,0,0,8
engine_execution,graph_chain,100,99,10,346200,0,0,11
engine_execution,graph_chain,100,99,11,341200,0,0,10
engine_execution,graph_chain,100,99,12,344000,0,0,13
engine_execution,graph_chain,100,99,13,351200,0,0,12
engine_execution,graph_chain,100,99,14,359400,0,0,15
engine_execution,graph_chain,100,99,15,356700,0,0,14
engine_execution,graph_chain,100,99,16,344300,0,0,17
engine_execution,graph_chain,100,99,17,358000,0,0,16
engine_execution,graph_chain,100,99,18,342900,0,0,19
engine_execution,graph_chain,100,99,19,345800,0,0,18
engine_execution,graph_chain,100,99,20,355200,0,0,21
engine_execution,graph_chain,100,99,21,340800,0,0,20
engine_execution,graph_chain,100,99,22,349300,0,0,23
engine_execution,graph_chain,100,99,23,344100,0,0,22
engine_execution,graph_chain,100,99,24,351400,0,0,25
engine_execution,graph_chain,100,99,25,346000,0,0,24
engine_execution,graph_chain,100,99,26,346300,0,0,27
engine_execution,graph_chain,100,99,27,343000,0,0,26
engine_execution,graph_chain,100,99,28,361500,0,0,29
engine_execution,graph_chain,100,99,29,345300,0,0,28
engine_execution,graph_chain,100,99,30,354000,0,0,31
engine_execution,graph_chain,100,99,31,346000,0,0,30
engine_execution,graph_chain,100,99,32,352600,0,0,33
engine_execution,graph_chain,100,99,33,345200,0,0,32
engine_execution,graph_chain,100,99,34,361700,0,0,35
engine_execution,graph_chain,100,99,35,345800,0,0,34
engine_execution,graph_chain,100,99,36,360700,0,0,37
engine_execution,graph_chain,100,99,37,353100,0,0,36
engine_execution,graph_chain,100,99,38,362100,0,0,39
engine_execution,graph_chain,100,99,39,355000,0,0,38
engine_execution_alloc,graph_chain,100,99,0,0,5259,513144,23131
machine_state_setup,graph_chain,100,99,0,12900,0,0,100
body_state_setup,graph_chain,100,99,0,700,0,0,0
machine_state_setup,graph_chain,100,99,1,6200,0,0,100
body_state_setup,graph_chain,100,99,1,500,0,0,0
machine_state_setup,graph_chain,100,99,2,6100,0,0,100
body_state_setup,graph_chain,100,99,2,400,0,0,0
machine_state_setup,graph_chain,100,99,3,6100,0,0,100
body_state_setup,graph_chain,100,99,3,400,0,0,0
machine_state_setup,graph_chain,100,99,4,6200,0,0,100
body_state_setup,graph_chain,100,99,4,400,0,0,0
machine_state_setup,graph_chain,100,99,5,6900,0,0,100
body_state_setup,graph_chain,100,99,5,400,0,0,0
machine_state_setup,graph_chain,100,99,6,6100,0,0,100
body_state_setup,graph_chain,100,99,6,400,0,0,0
machine_state_setup,graph_chain,100,99,7,6100,0,0,100
body_state_setup,graph_chain,100,99,7,400,0,0,0
machine_state_setup,graph_chain,100,99,8,6100,0,0,100
body_state_setup,graph_chain,100,99,8,400,0,0,0
machine_state_setup,graph_chain,100,99,9,6000,0,0,100
body_state_setup,graph_chain,100,99,9,400,0,0,0
machine_state_setup,graph_chain,100,99,10,6200,0,0,100
body_state_setup,graph_chain,100,99,10,400,0,0,0
machine_state_setup,graph_chain,100,99,11,6100,0,0,100
body_state_setup,graph_chain,100,99,11,400,0,0,0
machine_state_setup,graph_chain,100,99,12,6100,0,0,100
body_state_setup,graph_chain,100,99,12,400,0,0,0
machine_state_setup,graph_chain,100,99,13,6100,0,0,100
body_state_setup,graph_chain,100,99,13,400,0,0,0
machine_state_setup,graph_chain,100,99,14,6200,0,0,100
body_state_setup,graph_chain,100,99,14,400,0,0,0
machine_state_setup,graph_chain,100,99,15,6100,0,0,100
body_state_setup,graph_chain,100,99,15,400,0,0,0
machine_state_setup,graph_chain,100,99,16,6200,0,0,100
body_state_setup,graph_chain,100,99,16,400,0,0,0
machine_state_setup,graph_chain,100,99,17,6000,0,0,100
body_state_setup,graph_chain,100,99,17,500,0,0,0
machine_state_setup,graph_chain,100,99,18,6000,0,0,100
body_state_setup,graph_chain,100,99,18,400,0,0,0
machine_state_setup,graph_chain,100,99,19,6100,0,0,100
body_state_setup,graph_chain,100,99,19,400,0,0,0
machine_state_setup,graph_chain,100,99,20,6100,0,0,100
body_state_setup,graph_chain,100,99,20,400,0,0,0
machine_state_setup,graph_chain,100,99,21,6100,0,0,100
body_state_setup,graph_chain,100,99,21,400,0,0,0
machine_state_setup,graph_chain,100,99,22,6200,0,0,100
body_state_setup,graph_chain,100,99,22,300,0,0,0
machine_state_setup,graph_chain,100,99,23,6000,0,0,100
body_state_setup,graph_chain,100,99,23,400,0,0,0
machine_state_setup,graph_chain,100,99,24,6000,0,0,100
body_state_setup,graph_chain,100,99,24,400,0,0,0
machine_state_setup,graph_chain,100,99,25,6000,0,0,100
body_state_setup,graph_chain,100,99,25,400,0,0,0
machine_state_setup,graph_chain,100,99,26,6100,0,0,100
body_state_setup,graph_chain,100,99,26,400,0,0,0
machine_state_setup,graph_chain,100,99,27,6300,0,0,100
body_state_setup,graph_chain,100,99,27,300,0,0,0
machine_state_setup,graph_chain,100,99,28,6100,0,0,100
body_state_setup,graph_chain,100,99,28,400,0,0,0
machine_state_setup,graph_chain,100,99,29,6100,0,0,100
body_state_setup,graph_chain,100,99,29,400,0,0,0
machine_state_setup,graph_chain,100,99,30,6100,0,0,100
body_state_setup,graph_chain,100,99,30,400,0,0,0
machine_state_setup,graph_chain,100,99,31,6100,0,0,100
body_state_setup,graph_chain,100,99,31,400,0,0,0
machine_state_setup,graph_chain,100,99,32,6100,0,0,100
body_state_setup,graph_chain,100,99,32,400,0,0,0
machine_state_setup,graph_chain,100,99,33,6000,0,0,100
body_state_setup,graph_chain,100,99,33,400,0,0,0
machine_state_setup,graph_chain,100,99,34,6000,0,0,100
body_state_setup,graph_chain,100,99,34,500,0,0,0
machine_state_setup,graph_chain,100,99,35,6100,0,0,100
body_state_setup,graph_chain,100,99,35,400,0,0,0
machine_state_setup,graph_chain,100,99,36,6100,0,0,100
body_state_setup,graph_chain,100,99,36,400,0,0,0
machine_state_setup,graph_chain,100,99,37,6100,0,0,100
body_state_setup,graph_chain,100,99,37,400,0,0,0
machine_state_setup,graph_chain,100,99,38,6100,0,0,100
body_state_setup,graph_chain,100,99,38,400,0,0,0
machine_state_setup,graph_chain,100,99,39,6200,0,0,100
body_state_setup,graph_chain,100,99,39,400,0,0,0
pure_machine_events_preseeded,graph_chain,100,99,0,107800,0,0,101
pure_machine_events_preseeded,graph_chain,100,99,1,104600,0,0,101
pure_machine_events_preseeded,graph_chain,100,99,2,105200,0,0,101
pure_machine_events_preseeded,graph_chain,100,99,3,103200,0,0,101
pure_machine_events_preseeded,graph_chain,100,99,4,102600,0,0,101
pure_machine_events_preseeded,graph_chain,100,99,5,103000,0,0,101
pure_machine_events_preseeded,graph_chain,100,99,6,104000,0,0,101
pure_machine_events_preseeded,graph_chain,100,99,7,103600,0,0,101
pure_machine_events_preseeded,graph_chain,100,99,8,104000,0,0,101
pure_machine_events_preseeded,graph_chain,100,99,9,103900,0,0,101
pure_machine_events_preseeded,graph_chain,100,99,10,103800,0,0,101
pure_machine_events_preseeded,graph_chain,100,99,11,105000,0,0,101
pure_machine_events_preseeded,graph_chain,100,99,12,110000,0,0,101
pure_machine_events_preseeded,graph_chain,100,99,13,102900,0,0,101
pure_machine_events_preseeded,graph_chain,100,99,14,104000,0,0,101
pure_machine_events_preseeded,graph_chain,100,99,15,104400,0,0,101
pure_machine_events_preseeded,graph_chain,100,99,16,104400,0,0,101
pure_machine_events_preseeded,graph_chain,100,99,17,104500,0,0,101
pure_machine_events_preseeded,graph_chain,100,99,18,104700,0,0,101
pure_machine_events_preseeded,graph_chain,100,99,19,103700,0,0,101
pure_machine_events_preseeded,graph_chain,100,99,20,104300,0,0,101
pure_machine_events_preseeded,graph_chain,100,99,21,108100,0,0,101
pure_machine_events_preseeded,graph_chain,100,99,22,103100,0,0,101
pure_machine_events_preseeded,graph_chain,100,99,23,103100,0,0,101
pure_machine_events_preseeded,graph_chain,100,99,24,103000,0,0,101
pure_machine_events_preseeded,graph_chain,100,99,25,103400,0,0,101
pure_machine_events_preseeded,graph_chain,100,99,26,102800,0,0,101
pure_machine_events_preseeded,graph_chain,100,99,27,102900,0,0,101
pure_machine_events_preseeded,graph_chain,100,99,28,103000,0,0,101
pure_machine_events_preseeded,graph_chain,100,99,29,103300,0,0,101
pure_machine_events_preseeded,graph_chain,100,99,30,103300,0,0,101
pure_machine_events_preseeded,graph_chain,100,99,31,107300,0,0,101
pure_machine_events_preseeded,graph_chain,100,99,32,105500,0,0,101
pure_machine_events_preseeded,graph_chain,100,99,33,104800,0,0,101
pure_machine_events_preseeded,graph_chain,100,99,34,104300,0,0,101
pure_machine_events_preseeded,graph_chain,100,99,35,104800,0,0,101
pure_machine_events_preseeded,graph_chain,100,99,36,104600,0,0,101
pure_machine_events_preseeded,graph_chain,100,99,37,104400,0,0,101
pure_machine_events_preseeded,graph_chain,100,99,38,104900,0,0,101
pure_machine_events_preseeded,graph_chain,100,99,39,104400,0,0,101
fixture_generation,graph_wide,100,99,0,7100,0,0,500
fixture_generation,graph_wide,100,99,1,7000,0,0,500
fixture_generation,graph_wide,100,99,2,7000,0,0,500
fixture_generation,graph_wide,100,99,3,13500,0,0,500
fixture_generation,graph_wide,100,99,4,6900,0,0,500
fixture_generation,graph_wide,100,99,5,6900,0,0,500
fixture_generation,graph_wide,100,99,6,6900,0,0,500
fixture_generation,graph_wide,100,99,7,6900,0,0,500
fixture_generation,graph_wide,100,99,8,6900,0,0,500
fixture_generation,graph_wide,100,99,9,6900,0,0,500
fixture_generation,graph_wide,100,99,10,6900,0,0,500
fixture_generation,graph_wide,100,99,11,6900,0,0,500
fixture_generation,graph_wide,100,99,12,6900,0,0,500
fixture_generation,graph_wide,100,99,13,6900,0,0,500
fixture_generation,graph_wide,100,99,14,6800,0,0,500
fixture_generation,graph_wide,100,99,15,6900,0,0,500
fixture_generation,graph_wide,100,99,16,6800,0,0,500
fixture_generation,graph_wide,100,99,17,6800,0,0,500
fixture_generation,graph_wide,100,99,18,6800,0,0,500
fixture_generation,graph_wide,100,99,19,6900,0,0,500
plan_build,graph_wide,100,99,0,181900,0,0,10
plan_build,graph_wide,100,99,1,176300,0,0,10
plan_build,graph_wide,100,99,2,128900,0,0,10
plan_build,graph_wide,100,99,3,149100,0,0,10
plan_build,graph_wide,100,99,4,161500,0,0,10
plan_build,graph_wide,100,99,5,159900,0,0,10
plan_build,graph_wide,100,99,6,151300,0,0,10
plan_build,graph_wide,100,99,7,149300,0,0,10
plan_build,graph_wide,100,99,8,73400,0,0,10
plan_build,graph_wide,100,99,9,126400,0,0,10
plan_build,graph_wide,100,99,10,153800,0,0,10
plan_build,graph_wide,100,99,11,73400,0,0,10
plan_build,graph_wide,100,99,12,144700,0,0,10
plan_build,graph_wide,100,99,13,154800,0,0,10
plan_build,graph_wide,100,99,14,129200,0,0,10
plan_build,graph_wide,100,99,15,126000,0,0,10
plan_build,graph_wide,100,99,16,152000,0,0,10
plan_build,graph_wide,100,99,17,76400,0,0,10
plan_build,graph_wide,100,99,18,152000,0,0,10
plan_build,graph_wide,100,99,19,155000,0,0,10
plan_build_alloc,graph_wide,100,99,0,0,1176,303389,10
engine_execution,graph_wide,100,99,0,296200,0,0,98
engine_execution,graph_wide,100,99,1,294700,0,0,99
engine_execution,graph_wide,100,99,2,305700,0,0,96
engine_execution,graph_wide,100,99,3,298900,0,0,97
engine_execution,graph_wide,100,99,4,305900,0,0,102
engine_execution,graph_wide,100,99,5,300000,0,0,103
engine_execution,graph_wide,100,99,6,300900,0,0,100
engine_execution,graph_wide,100,99,7,297600,0,0,101
engine_execution,graph_wide,100,99,8,300000,0,0,106
engine_execution,graph_wide,100,99,9,291900,0,0,107
engine_execution,graph_wide,100,99,10,300700,0,0,104
engine_execution,graph_wide,100,99,11,295500,0,0,105
engine_execution,graph_wide,100,99,12,307500,0,0,110
engine_execution,graph_wide,100,99,13,304900,0,0,111
engine_execution,graph_wide,100,99,14,322600,0,0,108
engine_execution,graph_wide,100,99,15,299400,0,0,109
engine_execution,graph_wide,100,99,16,296000,0,0,114
engine_execution,graph_wide,100,99,17,297400,0,0,115
engine_execution,graph_wide,100,99,18,298900,0,0,112
engine_execution,graph_wide,100,99,19,297800,0,0,113
engine_execution,graph_wide,100,99,20,297700,0,0,118
engine_execution,graph_wide,100,99,21,310500,0,0,119
engine_execution,graph_wide,100,99,22,299500,0,0,116
engine_execution,graph_wide,100,99,23,298700,0,0,117
engine_execution,graph_wide,100,99,24,306000,0,0,122
engine_execution,graph_wide,100,99,25,299300,0,0,123
engine_execution,graph_wide,100,99,26,304300,0,0,120
engine_execution,graph_wide,100,99,27,302000,0,0,121
engine_execution,graph_wide,100,99,28,295800,0,0,126
engine_execution,graph_wide,100,99,29,301300,0,0,127
engine_execution,graph_wide,100,99,30,302000,0,0,124
engine_execution,graph_wide,100,99,31,300200,0,0,125
engine_execution,graph_wide,100,99,32,325900,0,0,66
engine_execution,graph_wide,100,99,33,308700,0,0,67
engine_execution,graph_wide,100,99,34,294900,0,0,64
engine_execution,graph_wide,100,99,35,292400,0,0,65
engine_execution,graph_wide,100,99,36,291000,0,0,70
engine_execution,graph_wide,100,99,37,306700,0,0,71
engine_execution,graph_wide,100,99,38,307600,0,0,68
engine_execution,graph_wide,100,99,39,300500,0,0,69
engine_execution_alloc,graph_wide,100,99,0,0,4987,468375,23096
machine_state_setup,graph_wide,100,99,0,11700,0,0,100
body_state_setup,graph_wide,100,99,0,600,0,0,0
machine_state_setup,graph_wide,100,99,1,6200,0,0,100
body_state_setup,graph_wide,100,99,1,400,0,0,0
machine_state_setup,graph_wide,100,99,2,6400,0,0,100
body_state_setup,graph_wide,100,99,2,400,0,0,0
machine_state_setup,graph_wide,100,99,3,6200,0,0,100
body_state_setup,graph_wide,100,99,3,400,0,0,0
machine_state_setup,graph_wide,100,99,4,6100,0,0,100
body_state_setup,graph_wide,100,99,4,400,0,0,0
machine_state_setup,graph_wide,100,99,5,6100,0,0,100
body_state_setup,graph_wide,100,99,5,400,0,0,0
machine_state_setup,graph_wide,100,99,6,6000,0,0,100
body_state_setup,graph_wide,100,99,6,300,0,0,0
machine_state_setup,graph_wide,100,99,7,6200,0,0,100
body_state_setup,graph_wide,100,99,7,400,0,0,0
machine_state_setup,graph_wide,100,99,8,6100,0,0,100
body_state_setup,graph_wide,100,99,8,400,0,0,0
machine_state_setup,graph_wide,100,99,9,6100,0,0,100
body_state_setup,graph_wide,100,99,9,300,0,0,0
machine_state_setup,graph_wide,100,99,10,6000,0,0,100
body_state_setup,graph_wide,100,99,10,400,0,0,0
machine_state_setup,graph_wide,100,99,11,6100,0,0,100
body_state_setup,graph_wide,100,99,11,400,0,0,0
machine_state_setup,graph_wide,100,99,12,6200,0,0,100
body_state_setup,graph_wide,100,99,12,400,0,0,0
machine_state_setup,graph_wide,100,99,13,6000,0,0,100
body_state_setup,graph_wide,100,99,13,400,0,0,0
machine_state_setup,graph_wide,100,99,14,6100,0,0,100
body_state_setup,graph_wide,100,99,14,400,0,0,0
machine_state_setup,graph_wide,100,99,15,6200,0,0,100
body_state_setup,graph_wide,100,99,15,400,0,0,0
machine_state_setup,graph_wide,100,99,16,6000,0,0,100
body_state_setup,graph_wide,100,99,16,300,0,0,0
machine_state_setup,graph_wide,100,99,17,6000,0,0,100
body_state_setup,graph_wide,100,99,17,300,0,0,0
machine_state_setup,graph_wide,100,99,18,6000,0,0,100
body_state_setup,graph_wide,100,99,18,400,0,0,0
machine_state_setup,graph_wide,100,99,19,6300,0,0,100
body_state_setup,graph_wide,100,99,19,400,0,0,0
machine_state_setup,graph_wide,100,99,20,6100,0,0,100
body_state_setup,graph_wide,100,99,20,300,0,0,0
machine_state_setup,graph_wide,100,99,21,6100,0,0,100
body_state_setup,graph_wide,100,99,21,400,0,0,0
machine_state_setup,graph_wide,100,99,22,6100,0,0,100
body_state_setup,graph_wide,100,99,22,400,0,0,0
machine_state_setup,graph_wide,100,99,23,6000,0,0,100
body_state_setup,graph_wide,100,99,23,300,0,0,0
machine_state_setup,graph_wide,100,99,24,6200,0,0,100
body_state_setup,graph_wide,100,99,24,400,0,0,0
machine_state_setup,graph_wide,100,99,25,6000,0,0,100
body_state_setup,graph_wide,100,99,25,300,0,0,0
machine_state_setup,graph_wide,100,99,26,6100,0,0,100
body_state_setup,graph_wide,100,99,26,400,0,0,0
machine_state_setup,graph_wide,100,99,27,6000,0,0,100
body_state_setup,graph_wide,100,99,27,400,0,0,0
machine_state_setup,graph_wide,100,99,28,6000,0,0,100
body_state_setup,graph_wide,100,99,28,300,0,0,0
machine_state_setup,graph_wide,100,99,29,6100,0,0,100
body_state_setup,graph_wide,100,99,29,300,0,0,0
machine_state_setup,graph_wide,100,99,30,6100,0,0,100
body_state_setup,graph_wide,100,99,30,400,0,0,0
machine_state_setup,graph_wide,100,99,31,6100,0,0,100
body_state_setup,graph_wide,100,99,31,400,0,0,0
machine_state_setup,graph_wide,100,99,32,6100,0,0,100
body_state_setup,graph_wide,100,99,32,400,0,0,0
machine_state_setup,graph_wide,100,99,33,6000,0,0,100
body_state_setup,graph_wide,100,99,33,400,0,0,0
machine_state_setup,graph_wide,100,99,34,6200,0,0,100
body_state_setup,graph_wide,100,99,34,300,0,0,0
machine_state_setup,graph_wide,100,99,35,6000,0,0,100
body_state_setup,graph_wide,100,99,35,400,0,0,0
machine_state_setup,graph_wide,100,99,36,6100,0,0,100
body_state_setup,graph_wide,100,99,36,400,0,0,0
machine_state_setup,graph_wide,100,99,37,6200,0,0,100
body_state_setup,graph_wide,100,99,37,400,0,0,0
machine_state_setup,graph_wide,100,99,38,6000,0,0,100
body_state_setup,graph_wide,100,99,38,400,0,0,0
machine_state_setup,graph_wide,100,99,39,6100,0,0,100
body_state_setup,graph_wide,100,99,39,400,0,0,0
fixture_generation,graph_sparse,100,99,0,7000,0,0,500
fixture_generation,graph_sparse,100,99,1,7000,0,0,500
fixture_generation,graph_sparse,100,99,2,7000,0,0,500
fixture_generation,graph_sparse,100,99,3,7000,0,0,500
fixture_generation,graph_sparse,100,99,4,6700,0,0,500
fixture_generation,graph_sparse,100,99,5,6900,0,0,500
fixture_generation,graph_sparse,100,99,6,6800,0,0,500
fixture_generation,graph_sparse,100,99,7,6900,0,0,500
fixture_generation,graph_sparse,100,99,8,6900,0,0,500
fixture_generation,graph_sparse,100,99,9,7000,0,0,500
fixture_generation,graph_sparse,100,99,10,6800,0,0,500
fixture_generation,graph_sparse,100,99,11,6900,0,0,500
fixture_generation,graph_sparse,100,99,12,6800,0,0,500
fixture_generation,graph_sparse,100,99,13,6900,0,0,500
fixture_generation,graph_sparse,100,99,14,6800,0,0,500
fixture_generation,graph_sparse,100,99,15,6800,0,0,500
fixture_generation,graph_sparse,100,99,16,6900,0,0,500
fixture_generation,graph_sparse,100,99,17,7700,0,0,500
fixture_generation,graph_sparse,100,99,18,7500,0,0,500
fixture_generation,graph_sparse,100,99,19,7500,0,0,500
plan_build,graph_sparse,100,99,0,176300,0,0,12
plan_build,graph_sparse,100,99,1,154100,0,0,12
plan_build,graph_sparse,100,99,2,149100,0,0,12
plan_build,graph_sparse,100,99,3,172200,0,0,12
plan_build,graph_sparse,100,99,4,144100,0,0,12
plan_build,graph_sparse,100,99,5,116600,0,0,12
plan_build,graph_sparse,100,99,6,155900,0,0,12
plan_build,graph_sparse,100,99,7,135800,0,0,12
plan_build,graph_sparse,100,99,8,153900,0,0,12
plan_build,graph_sparse,100,99,9,260100,0,0,12
plan_build,graph_sparse,100,99,10,169200,0,0,12
plan_build,graph_sparse,100,99,11,183700,0,0,12
plan_build,graph_sparse,100,99,12,192300,0,0,12
plan_build,graph_sparse,100,99,13,179400,0,0,12
plan_build,graph_sparse,100,99,14,204600,0,0,12
plan_build,graph_sparse,100,99,15,191600,0,0,12
plan_build,graph_sparse,100,99,16,162100,0,0,12
plan_build,graph_sparse,100,99,17,137000,0,0,12
plan_build,graph_sparse,100,99,18,224900,0,0,12
plan_build,graph_sparse,100,99,19,183000,0,0,12
plan_build_alloc,graph_sparse,100,99,0,0,1220,302977,12
engine_execution,graph_sparse,100,99,0,310500,0,0,71
engine_execution,graph_sparse,100,99,1,300500,0,0,70
engine_execution,graph_sparse,100,99,2,349500,0,0,69
engine_execution,graph_sparse,100,99,3,320400,0,0,68
engine_execution,graph_sparse,100,99,4,314800,0,0,67
engine_execution,graph_sparse,100,99,5,309200,0,0,66
engine_execution,graph_sparse,100,99,6,326300,0,0,65
engine_execution,graph_sparse,100,99,7,317600,0,0,64
engine_execution,graph_sparse,100,99,8,326800,0,0,79
engine_execution,graph_sparse,100,99,9,304000,0,0,78
engine_execution,graph_sparse,100,99,10,323200,0,0,77
engine_execution,graph_sparse,100,99,11,318700,0,0,76
engine_execution,graph_sparse,100,99,12,316900,0,0,75
engine_execution,graph_sparse,100,99,13,319400,0,0,74
engine_execution,graph_sparse,100,99,14,326200,0,0,73
engine_execution,graph_sparse,100,99,15,322300,0,0,72
engine_execution,graph_sparse,100,99,16,321900,0,0,87
engine_execution,graph_sparse,100,99,17,316600,0,0,86
engine_execution,graph_sparse,100,99,18,330900,0,0,85
engine_execution,graph_sparse,100,99,19,320700,0,0,84
engine_execution,graph_sparse,100,99,20,319200,0,0,83
engine_execution,graph_sparse,100,99,21,329200,0,0,82
engine_execution,graph_sparse,100,99,22,329300,0,0,81
engine_execution,graph_sparse,100,99,23,315700,0,0,80
engine_execution,graph_sparse,100,99,24,318700,0,0,95
engine_execution,graph_sparse,100,99,25,326000,0,0,94
engine_execution,graph_sparse,100,99,26,323000,0,0,93
engine_execution,graph_sparse,100,99,27,318400,0,0,92
engine_execution,graph_sparse,100,99,28,336000,0,0,91
engine_execution,graph_sparse,100,99,29,315400,0,0,90
engine_execution,graph_sparse,100,99,30,323400,0,0,89
engine_execution,graph_sparse,100,99,31,317800,0,0,88
engine_execution,graph_sparse,100,99,32,330700,0,0,103
engine_execution,graph_sparse,100,99,33,315100,0,0,102
engine_execution,graph_sparse,100,99,34,329800,0,0,101
engine_execution,graph_sparse,100,99,35,321900,0,0,100
engine_execution,graph_sparse,100,99,36,326700,0,0,99
engine_execution,graph_sparse,100,99,37,313000,0,0,98
engine_execution,graph_sparse,100,99,38,363700,0,0,97
engine_execution,graph_sparse,100,99,39,320900,0,0,96
engine_execution_alloc,graph_sparse,100,99,0,0,5163,494297,23069
machine_state_setup,graph_sparse,100,99,0,13700,0,0,100
body_state_setup,graph_sparse,100,99,0,600,0,0,0
machine_state_setup,graph_sparse,100,99,1,7100,0,0,100
body_state_setup,graph_sparse,100,99,1,400,0,0,0
machine_state_setup,graph_sparse,100,99,2,6900,0,0,100
body_state_setup,graph_sparse,100,99,2,400,0,0,0
machine_state_setup,graph_sparse,100,99,3,6900,0,0,100
body_state_setup,graph_sparse,100,99,3,500,0,0,0
machine_state_setup,graph_sparse,100,99,4,6900,0,0,100
body_state_setup,graph_sparse,100,99,4,500,0,0,0
machine_state_setup,graph_sparse,100,99,5,12300,0,0,100
body_state_setup,graph_sparse,100,99,5,500,0,0,0
machine_state_setup,graph_sparse,100,99,6,6900,0,0,100
body_state_setup,graph_sparse,100,99,6,400,0,0,0
machine_state_setup,graph_sparse,100,99,7,7000,0,0,100
body_state_setup,graph_sparse,100,99,7,400,0,0,0
machine_state_setup,graph_sparse,100,99,8,7000,0,0,100
body_state_setup,graph_sparse,100,99,8,400,0,0,0
machine_state_setup,graph_sparse,100,99,9,6900,0,0,100
body_state_setup,graph_sparse,100,99,9,400,0,0,0
machine_state_setup,graph_sparse,100,99,10,6800,0,0,100
body_state_setup,graph_sparse,100,99,10,400,0,0,0
machine_state_setup,graph_sparse,100,99,11,6800,0,0,100
body_state_setup,graph_sparse,100,99,11,400,0,0,0
machine_state_setup,graph_sparse,100,99,12,6800,0,0,100
body_state_setup,graph_sparse,100,99,12,400,0,0,0
machine_state_setup,graph_sparse,100,99,13,6900,0,0,100
body_state_setup,graph_sparse,100,99,13,400,0,0,0
machine_state_setup,graph_sparse,100,99,14,6800,0,0,100
body_state_setup,graph_sparse,100,99,14,400,0,0,0
machine_state_setup,graph_sparse,100,99,15,6800,0,0,100
body_state_setup,graph_sparse,100,99,15,400,0,0,0
machine_state_setup,graph_sparse,100,99,16,6800,0,0,100
body_state_setup,graph_sparse,100,99,16,400,0,0,0
machine_state_setup,graph_sparse,100,99,17,6800,0,0,100
body_state_setup,graph_sparse,100,99,17,400,0,0,0
machine_state_setup,graph_sparse,100,99,18,6900,0,0,100
body_state_setup,graph_sparse,100,99,18,400,0,0,0
machine_state_setup,graph_sparse,100,99,19,7100,0,0,100
body_state_setup,graph_sparse,100,99,19,400,0,0,0
machine_state_setup,graph_sparse,100,99,20,6900,0,0,100
body_state_setup,graph_sparse,100,99,20,400,0,0,0
machine_state_setup,graph_sparse,100,99,21,6800,0,0,100
body_state_setup,graph_sparse,100,99,21,400,0,0,0
machine_state_setup,graph_sparse,100,99,22,6900,0,0,100
body_state_setup,graph_sparse,100,99,22,400,0,0,0
machine_state_setup,graph_sparse,100,99,23,6800,0,0,100
body_state_setup,graph_sparse,100,99,23,400,0,0,0
machine_state_setup,graph_sparse,100,99,24,6800,0,0,100
body_state_setup,graph_sparse,100,99,24,400,0,0,0
machine_state_setup,graph_sparse,100,99,25,6700,0,0,100
body_state_setup,graph_sparse,100,99,25,400,0,0,0
machine_state_setup,graph_sparse,100,99,26,6900,0,0,100
body_state_setup,graph_sparse,100,99,26,400,0,0,0
machine_state_setup,graph_sparse,100,99,27,6900,0,0,100
body_state_setup,graph_sparse,100,99,27,400,0,0,0
machine_state_setup,graph_sparse,100,99,28,6900,0,0,100
body_state_setup,graph_sparse,100,99,28,300,0,0,0
machine_state_setup,graph_sparse,100,99,29,6900,0,0,100
body_state_setup,graph_sparse,100,99,29,500,0,0,0
machine_state_setup,graph_sparse,100,99,30,7000,0,0,100
body_state_setup,graph_sparse,100,99,30,400,0,0,0
machine_state_setup,graph_sparse,100,99,31,6800,0,0,100
body_state_setup,graph_sparse,100,99,31,400,0,0,0
machine_state_setup,graph_sparse,100,99,32,6800,0,0,100
body_state_setup,graph_sparse,100,99,32,400,0,0,0
machine_state_setup,graph_sparse,100,99,33,6800,0,0,100
body_state_setup,graph_sparse,100,99,33,500,0,0,0
machine_state_setup,graph_sparse,100,99,34,6700,0,0,100
body_state_setup,graph_sparse,100,99,34,1000,0,0,0
machine_state_setup,graph_sparse,100,99,35,6800,0,0,100
body_state_setup,graph_sparse,100,99,35,800,0,0,0
machine_state_setup,graph_sparse,100,99,36,6200,0,0,100
body_state_setup,graph_sparse,100,99,36,400,0,0,0
machine_state_setup,graph_sparse,100,99,37,6000,0,0,100
body_state_setup,graph_sparse,100,99,37,400,0,0,0
machine_state_setup,graph_sparse,100,99,38,6100,0,0,100
body_state_setup,graph_sparse,100,99,38,300,0,0,0
machine_state_setup,graph_sparse,100,99,39,6100,0,0,100
body_state_setup,graph_sparse,100,99,39,400,0,0,0
fixture_generation,graph_chain,1000,999,0,69600,0,0,5000
fixture_generation,graph_chain,1000,999,1,67500,0,0,5000
fixture_generation,graph_chain,1000,999,2,66800,0,0,5000
fixture_generation,graph_chain,1000,999,3,67200,0,0,5000
fixture_generation,graph_chain,1000,999,4,65800,0,0,5000
fixture_generation,graph_chain,1000,999,5,65200,0,0,5000
fixture_generation,graph_chain,1000,999,6,67000,0,0,5000
fixture_generation,graph_chain,1000,999,7,65300,0,0,5000
fixture_generation,graph_chain,1000,999,8,67500,0,0,5000
fixture_generation,graph_chain,1000,999,9,75800,0,0,5000
fixture_generation,graph_chain,1000,999,10,66100,0,0,5000
fixture_generation,graph_chain,1000,999,11,65600,0,0,5000
fixture_generation,graph_chain,1000,999,12,67100,0,0,5000
fixture_generation,graph_chain,1000,999,13,66000,0,0,5000
fixture_generation,graph_chain,1000,999,14,67300,0,0,5000
fixture_generation,graph_chain,1000,999,15,67300,0,0,5000
fixture_generation,graph_chain,1000,999,16,66600,0,0,5000
fixture_generation,graph_chain,1000,999,17,68700,0,0,5000
fixture_generation,graph_chain,1000,999,18,67000,0,0,5000
fixture_generation,graph_chain,1000,999,19,66000,0,0,5000
plan_build,graph_chain,1000,999,0,1893800,0,0,11
plan_build,graph_chain,1000,999,1,1767500,0,0,11
plan_build,graph_chain,1000,999,2,1618900,0,0,11
plan_build,graph_chain,1000,999,3,1509800,0,0,11
plan_build,graph_chain,1000,999,4,1473100,0,0,11
plan_build,graph_chain,1000,999,5,1521100,0,0,11
plan_build,graph_chain,1000,999,6,1630300,0,0,11
plan_build,graph_chain,1000,999,7,1526000,0,0,11
plan_build,graph_chain,1000,999,8,1579800,0,0,11
plan_build,graph_chain,1000,999,9,1470600,0,0,11
plan_build,graph_chain,1000,999,10,1528300,0,0,11
plan_build,graph_chain,1000,999,11,1462300,0,0,11
plan_build,graph_chain,1000,999,12,1510000,0,0,11
plan_build,graph_chain,1000,999,13,1512100,0,0,11
plan_build,graph_chain,1000,999,14,1545200,0,0,11
plan_build,graph_chain,1000,999,15,1549600,0,0,11
plan_build,graph_chain,1000,999,16,1473400,0,0,11
plan_build,graph_chain,1000,999,17,1518900,0,0,11
plan_build,graph_chain,1000,999,18,1483400,0,0,11
plan_build,graph_chain,1000,999,19,1506100,0,0,11
plan_build_alloc,graph_chain,1000,999,0,0,12096,2527259,11
engine_execution,graph_chain,1000,999,0,11021200,0,0,1
engine_execution,graph_chain,1000,999,1,10575900,0,0,0
engine_execution,graph_chain,1000,999,2,10424600,0,0,3
engine_execution,graph_chain,1000,999,3,10519200,0,0,2
engine_execution,graph_chain,1000,999,4,10433700,0,0,5
engine_execution,graph_chain,1000,999,5,10506600,0,0,4
engine_execution,graph_chain,1000,999,6,10433200,0,0,7
engine_execution,graph_chain,1000,999,7,10569200,0,0,6
engine_execution,graph_chain,1000,999,8,10831400,0,0,9
engine_execution,graph_chain,1000,999,9,10569300,0,0,8
engine_execution,graph_chain,1000,999,10,10281000,0,0,11
engine_execution,graph_chain,1000,999,11,10389200,0,0,10
engine_execution,graph_chain,1000,999,12,10367700,0,0,13
engine_execution,graph_chain,1000,999,13,10397900,0,0,12
engine_execution,graph_chain,1000,999,14,10353000,0,0,15
engine_execution,graph_chain,1000,999,15,10435300,0,0,14
engine_execution,graph_chain,1000,999,16,11089200,0,0,17
engine_execution,graph_chain,1000,999,17,10475500,0,0,16
engine_execution,graph_chain,1000,999,18,10387300,0,0,19
engine_execution,graph_chain,1000,999,19,10361500,0,0,18
engine_execution,graph_chain,1000,999,20,10346400,0,0,21
engine_execution,graph_chain,1000,999,21,10462300,0,0,20
engine_execution,graph_chain,1000,999,22,10381000,0,0,23
engine_execution,graph_chain,1000,999,23,10381200,0,0,22
engine_execution,graph_chain,1000,999,24,10486500,0,0,25
engine_execution,graph_chain,1000,999,25,10668300,0,0,24
engine_execution,graph_chain,1000,999,26,10348800,0,0,27
engine_execution,graph_chain,1000,999,27,10304800,0,0,26
engine_execution,graph_chain,1000,999,28,10239400,0,0,29
engine_execution,graph_chain,1000,999,29,10396000,0,0,28
engine_execution,graph_chain,1000,999,30,10402000,0,0,31
engine_execution,graph_chain,1000,999,31,10297300,0,0,30
engine_execution,graph_chain,1000,999,32,10248600,0,0,33
engine_execution,graph_chain,1000,999,33,10386900,0,0,32
engine_execution,graph_chain,1000,999,34,10358400,0,0,35
engine_execution,graph_chain,1000,999,35,10320900,0,0,34
engine_execution,graph_chain,1000,999,36,10378300,0,0,37
engine_execution,graph_chain,1000,999,37,10469800,0,0,36
engine_execution,graph_chain,1000,999,38,10415000,0,0,39
engine_execution,graph_chain,1000,999,39,10520000,0,0,38
engine_execution_alloc,graph_chain,1000,999,0,0,52066,19479112,23131
machine_state_setup,graph_chain,1000,999,0,211000,0,0,1000
body_state_setup,graph_chain,1000,999,0,12200,0,0,0
machine_state_setup,graph_chain,1000,999,1,57200,0,0,1000
body_state_setup,graph_chain,1000,999,1,800,0,0,0
machine_state_setup,graph_chain,1000,999,2,56900,0,0,1000
body_state_setup,graph_chain,1000,999,2,700,0,0,0
machine_state_setup,graph_chain,1000,999,3,56800,0,0,1000
body_state_setup,graph_chain,1000,999,3,700,0,0,0
machine_state_setup,graph_chain,1000,999,4,74100,0,0,1000
body_state_setup,graph_chain,1000,999,4,12500,0,0,0
machine_state_setup,graph_chain,1000,999,5,266400,0,0,1000
body_state_setup,graph_chain,1000,999,5,700,0,0,0
machine_state_setup,graph_chain,1000,999,6,56800,0,0,1000
body_state_setup,graph_chain,1000,999,6,700,0,0,0
machine_state_setup,graph_chain,1000,999,7,56900,0,0,1000
body_state_setup,graph_chain,1000,999,7,700,0,0,0
machine_state_setup,graph_chain,1000,999,8,56900,0,0,1000
body_state_setup,graph_chain,1000,999,8,600,0,0,0
machine_state_setup,graph_chain,1000,999,9,68900,0,0,1000
body_state_setup,graph_chain,1000,999,9,13500,0,0,0
machine_state_setup,graph_chain,1000,999,10,170200,0,0,1000
body_state_setup,graph_chain,1000,999,10,800,0,0,0
machine_state_setup,graph_chain,1000,999,11,57100,0,0,1000
body_state_setup,graph_chain,1000,999,11,700,0,0,0
machine_state_setup,graph_chain,1000,999,12,57300,0,0,1000
body_state_setup,graph_chain,1000,999,12,700,0,0,0
machine_state_setup,graph_chain,1000,999,13,57000,0,0,1000
body_state_setup,graph_chain,1000,999,13,600,0,0,0
machine_state_setup,graph_chain,1000,999,14,72300,0,0,1000
body_state_setup,graph_chain,1000,999,14,13000,0,0,0
machine_state_setup,graph_chain,1000,999,15,204300,0,0,1000
body_state_setup,graph_chain,1000,999,15,700,0,0,0
machine_state_setup,graph_chain,1000,999,16,70700,0,0,1000
body_state_setup,graph_chain,1000,999,16,4600,0,0,0
machine_state_setup,graph_chain,1000,999,17,149200,0,0,1000
body_state_setup,graph_chain,1000,999,17,800,0,0,0
machine_state_setup,graph_chain,1000,999,18,57100,0,0,1000
body_state_setup,graph_chain,1000,999,18,600,0,0,0
machine_state_setup,graph_chain,1000,999,19,56900,0,0,1000
body_state_setup,graph_chain,1000,999,19,700,0,0,0
machine_state_setup,graph_chain,1000,999,20,56900,0,0,1000
body_state_setup,graph_chain,1000,999,20,700,0,0,0
machine_state_setup,graph_chain,1000,999,21,70200,0,0,1000
body_state_setup,graph_chain,1000,999,21,9200,0,0,0
machine_state_setup,graph_chain,1000,999,22,195900,0,0,1000
body_state_setup,graph_chain,1000,999,22,800,0,0,0
machine_state_setup,graph_chain,1000,999,23,56900,0,0,1000
body_state_setup,graph_chain,1000,999,23,700,0,0,0
machine_state_setup,graph_chain,1000,999,24,57200,0,0,1000
body_state_setup,graph_chain,1000,999,24,700,0,0,0
machine_state_setup,graph_chain,1000,999,25,56700,0,0,1000
body_state_setup,graph_chain,1000,999,25,700,0,0,0
machine_state_setup,graph_chain,1000,999,26,68300,0,0,1000
body_state_setup,graph_chain,1000,999,26,9600,0,0,0
machine_state_setup,graph_chain,1000,999,27,128900,0,0,1000
body_state_setup,graph_chain,1000,999,27,800,0,0,0
machine_state_setup,graph_chain,1000,999,28,56800,0,0,1000
body_state_setup,graph_chain,1000,999,28,700,0,0,0
machine_state_setup,graph_chain,1000,999,29,56800,0,0,1000
body_state_setup,graph_chain,1000,999,29,700,0,0,0
machine_state_setup,graph_chain,1000,999,30,61400,0,0,1000
body_state_setup,graph_chain,1000,999,30,800,0,0,0
machine_state_setup,graph_chain,1000,999,31,71900,0,0,1000
body_state_setup,graph_chain,1000,999,31,4800,0,0,0
machine_state_setup,graph_chain,1000,999,32,118500,0,0,1000
body_state_setup,graph_chain,1000,999,32,700,0,0,0
machine_state_setup,graph_chain,1000,999,33,70700,0,0,1000
body_state_setup,graph_chain,1000,999,33,4500,0,0,0
machine_state_setup,graph_chain,1000,999,34,121000,0,0,1000
body_state_setup,graph_chain,1000,999,34,700,0,0,0
machine_state_setup,graph_chain,1000,999,35,56800,0,0,1000
body_state_setup,graph_chain,1000,999,35,700,0,0,0
machine_state_setup,graph_chain,1000,999,36,56800,0,0,1000
body_state_setup,graph_chain,1000,999,36,700,0,0,0
machine_state_setup,graph_chain,1000,999,37,57000,0,0,1000
body_state_setup,graph_chain,1000,999,37,700,0,0,0
machine_state_setup,graph_chain,1000,999,38,71600,0,0,1000
body_state_setup,graph_chain,1000,999,38,10200,0,0,0
machine_state_setup,graph_chain,1000,999,39,131500,0,0,1000
body_state_setup,graph_chain,1000,999,39,700,0,0,0
pure_machine_events_preseeded,graph_chain,1000,999,0,5376200,0,0,1001
pure_machine_events_preseeded,graph_chain,1000,999,1,5375200,0,0,1001
pure_machine_events_preseeded,graph_chain,1000,999,2,5374100,0,0,1001
pure_machine_events_preseeded,graph_chain,1000,999,3,5355400,0,0,1001
pure_machine_events_preseeded,graph_chain,1000,999,4,5361200,0,0,1001
pure_machine_events_preseeded,graph_chain,1000,999,5,5366200,0,0,1001
pure_machine_events_preseeded,graph_chain,1000,999,6,5372400,0,0,1001
pure_machine_events_preseeded,graph_chain,1000,999,7,5359200,0,0,1001
pure_machine_events_preseeded,graph_chain,1000,999,8,5515200,0,0,1001
pure_machine_events_preseeded,graph_chain,1000,999,9,5372100,0,0,1001
pure_machine_events_preseeded,graph_chain,1000,999,10,5365700,0,0,1001
pure_machine_events_preseeded,graph_chain,1000,999,11,5386800,0,0,1001
pure_machine_events_preseeded,graph_chain,1000,999,12,5409700,0,0,1001
pure_machine_events_preseeded,graph_chain,1000,999,13,5392300,0,0,1001
pure_machine_events_preseeded,graph_chain,1000,999,14,5414600,0,0,1001
pure_machine_events_preseeded,graph_chain,1000,999,15,5402000,0,0,1001
pure_machine_events_preseeded,graph_chain,1000,999,16,5395600,0,0,1001
pure_machine_events_preseeded,graph_chain,1000,999,17,5430400,0,0,1001
pure_machine_events_preseeded,graph_chain,1000,999,18,5391100,0,0,1001
pure_machine_events_preseeded,graph_chain,1000,999,19,5388500,0,0,1001
pure_machine_events_preseeded,graph_chain,1000,999,20,5412800,0,0,1001
pure_machine_events_preseeded,graph_chain,1000,999,21,5396700,0,0,1001
pure_machine_events_preseeded,graph_chain,1000,999,22,5390700,0,0,1001
pure_machine_events_preseeded,graph_chain,1000,999,23,5417900,0,0,1001
pure_machine_events_preseeded,graph_chain,1000,999,24,5391100,0,0,1001
pure_machine_events_preseeded,graph_chain,1000,999,25,5399500,0,0,1001
pure_machine_events_preseeded,graph_chain,1000,999,26,5389400,0,0,1001
pure_machine_events_preseeded,graph_chain,1000,999,27,5359400,0,0,1001
pure_machine_events_preseeded,graph_chain,1000,999,28,5376600,0,0,1001
pure_machine_events_preseeded,graph_chain,1000,999,29,5310100,0,0,1001
pure_machine_events_preseeded,graph_chain,1000,999,30,5306200,0,0,1001
pure_machine_events_preseeded,graph_chain,1000,999,31,5298300,0,0,1001
pure_machine_events_preseeded,graph_chain,1000,999,32,5973700,0,0,1001
pure_machine_events_preseeded,graph_chain,1000,999,33,5316900,0,0,1001
pure_machine_events_preseeded,graph_chain,1000,999,34,5315700,0,0,1001
pure_machine_events_preseeded,graph_chain,1000,999,35,5372200,0,0,1001
pure_machine_events_preseeded,graph_chain,1000,999,36,5325400,0,0,1001
pure_machine_events_preseeded,graph_chain,1000,999,37,5317400,0,0,1001
pure_machine_events_preseeded,graph_chain,1000,999,38,5342700,0,0,1001
pure_machine_events_preseeded,graph_chain,1000,999,39,5320800,0,0,1001
fixture_generation,graph_wide,1000,999,0,64600,0,0,5000
fixture_generation,graph_wide,1000,999,1,63700,0,0,5000
fixture_generation,graph_wide,1000,999,2,63700,0,0,5000
fixture_generation,graph_wide,1000,999,3,63400,0,0,5000
fixture_generation,graph_wide,1000,999,4,63500,0,0,5000
fixture_generation,graph_wide,1000,999,5,67700,0,0,5000
fixture_generation,graph_wide,1000,999,6,63500,0,0,5000
fixture_generation,graph_wide,1000,999,7,63400,0,0,5000
fixture_generation,graph_wide,1000,999,8,63300,0,0,5000
fixture_generation,graph_wide,1000,999,9,63700,0,0,5000
fixture_generation,graph_wide,1000,999,10,63400,0,0,5000
fixture_generation,graph_wide,1000,999,11,63400,0,0,5000
fixture_generation,graph_wide,1000,999,12,63300,0,0,5000
fixture_generation,graph_wide,1000,999,13,63200,0,0,5000
fixture_generation,graph_wide,1000,999,14,63300,0,0,5000
fixture_generation,graph_wide,1000,999,15,65700,0,0,5000
fixture_generation,graph_wide,1000,999,16,63500,0,0,5000
fixture_generation,graph_wide,1000,999,17,63500,0,0,5000
fixture_generation,graph_wide,1000,999,18,64000,0,0,5000
fixture_generation,graph_wide,1000,999,19,63500,0,0,5000
plan_build,graph_wide,1000,999,0,1801200,0,0,10
plan_build,graph_wide,1000,999,1,1906700,0,0,10
plan_build,graph_wide,1000,999,2,1752100,0,0,10
plan_build,graph_wide,1000,999,3,1877900,0,0,10
plan_build,graph_wide,1000,999,4,1998900,0,0,10
plan_build,graph_wide,1000,999,5,1883300,0,0,10
plan_build,graph_wide,1000,999,6,1689500,0,0,10
plan_build,graph_wide,1000,999,7,1785900,0,0,10
plan_build,graph_wide,1000,999,8,1690600,0,0,10
plan_build,graph_wide,1000,999,9,1765400,0,0,10
plan_build,graph_wide,1000,999,10,1701000,0,0,10
plan_build,graph_wide,1000,999,11,1892400,0,0,10
plan_build,graph_wide,1000,999,12,1740000,0,0,10
plan_build,graph_wide,1000,999,13,1997200,0,0,10
plan_build,graph_wide,1000,999,14,1873900,0,0,10
plan_build,graph_wide,1000,999,15,1937800,0,0,10
plan_build,graph_wide,1000,999,16,1788900,0,0,10
plan_build,graph_wide,1000,999,17,1787800,0,0,10
plan_build,graph_wide,1000,999,18,1681400,0,0,10
plan_build,graph_wide,1000,999,19,1786700,0,0,10
plan_build_alloc,graph_wide,1000,999,0,0,11106,2511641,10
engine_execution,graph_wide,1000,999,0,7483500,0,0,998
engine_execution,graph_wide,1000,999,1,7465500,0,0,999
engine_execution,graph_wide,1000,999,2,7530100,0,0,996
engine_execution,graph_wide,1000,999,3,7423600,0,0,997
engine_execution,graph_wide,1000,999,4,7439100,0,0,994
engine_execution,graph_wide,1000,999,5,7419600,0,0,995
engine_execution,graph_wide,1000,999,6,7435000,0,0,992
engine_execution,graph_wide,1000,999,7,7430100,0,0,993
engine_execution,graph_wide,1000,999,8,7383300,0,0,1006
engine_execution,graph_wide,1000,999,9,7425600,0,0,1007
engine_execution,graph_wide,1000,999,10,7500100,0,0,1004
engine_execution,graph_wide,1000,999,11,7498700,0,0,1005
engine_execution,graph_wide,1000,999,12,7485900,0,0,1002
engine_execution,graph_wide,1000,999,13,7648300,0,0,1003
engine_execution,graph_wide,1000,999,14,7273800,0,0,1000
engine_execution,graph_wide,1000,999,15,7246000,0,0,1001
engine_execution,graph_wide,1000,999,16,7423800,0,0,1014
engine_execution,graph_wide,1000,999,17,7390400,0,0,1015
engine_execution,graph_wide,1000,999,18,7420000,0,0,1012
engine_execution,graph_wide,1000,999,19,7443600,0,0,1013
engine_execution,graph_wide,1000,999,20,7439700,0,0,1010
engine_execution,graph_wide,1000,999,21,7431900,0,0,1011
engine_execution,graph_wide,1000,999,22,7320000,0,0,1008
engine_execution,graph_wide,1000,999,23,7382400,0,0,1009
engine_execution,graph_wide,1000,999,24,7501200,0,0,1022
engine_execution,graph_wide,1000,999,25,7228200,0,0,1023
engine_execution,graph_wide,1000,999,26,7277000,0,0,1020
engine_execution,graph_wide,1000,999,27,7368600,0,0,1021
engine_execution,graph_wide,1000,999,28,7347000,0,0,1018
engine_execution,graph_wide,1000,999,29,7405600,0,0,1019
engine_execution,graph_wide,1000,999,30,7409300,0,0,1016
engine_execution,graph_wide,1000,999,31,7232500,0,0,1017
engine_execution,graph_wide,1000,999,32,7250100,0,0,966
engine_execution,graph_wide,1000,999,33,7369000,0,0,967
engine_execution,graph_wide,1000,999,34,7435500,0,0,964
engine_execution,graph_wide,1000,999,35,7427000,0,0,965
engine_execution,graph_wide,1000,999,36,7561000,0,0,962
engine_execution,graph_wide,1000,999,37,7322600,0,0,963
engine_execution,graph_wide,1000,999,38,7345100,0,0,960
engine_execution,graph_wide,1000,999,39,7294400,0,0,961
engine_execution_alloc,graph_wide,1000,999,0,0,49161,11818647,22972
machine_state_setup,graph_wide,1000,999,0,122600,0,0,1000
body_state_setup,graph_wide,1000,999,0,5300,0,0,0
machine_state_setup,graph_wide,1000,999,1,57400,0,0,1000
body_state_setup,graph_wide,1000,999,1,700,0,0,0
machine_state_setup,graph_wide,1000,999,2,57200,0,0,1000
body_state_setup,graph_wide,1000,999,2,800,0,0,0
machine_state_setup,graph_wide,1000,999,3,56900,0,0,1000
body_state_setup,graph_wide,1000,999,3,700,0,0,0
machine_state_setup,graph_wide,1000,999,4,57000,0,0,1000
body_state_setup,graph_wide,1000,999,4,700,0,0,0
machine_state_setup,graph_wide,1000,999,5,56900,0,0,1000
body_state_setup,graph_wide,1000,999,5,700,0,0,0
machine_state_setup,graph_wide,1000,999,6,57000,0,0,1000
body_state_setup,graph_wide,1000,999,6,700,0,0,0
machine_state_setup,graph_wide,1000,999,7,56800,0,0,1000
body_state_setup,graph_wide,1000,999,7,700,0,0,0
machine_state_setup,graph_wide,1000,999,8,56800,0,0,1000
body_state_setup,graph_wide,1000,999,8,700,0,0,0
machine_state_setup,graph_wide,1000,999,9,56900,0,0,1000
body_state_setup,graph_wide,1000,999,9,700,0,0,0
machine_state_setup,graph_wide,1000,999,10,57200,0,0,1000
body_state_setup,graph_wide,1000,999,10,700,0,0,0
machine_state_setup,graph_wide,1000,999,11,57000,0,0,1000
body_state_setup,graph_wide,1000,999,11,700,0,0,0
machine_state_setup,graph_wide,1000,999,12,56700,0,0,1000
body_state_setup,graph_wide,1000,999,12,700,0,0,0
machine_state_setup,graph_wide,1000,999,13,56900,0,0,1000
body_state_setup,graph_wide,1000,999,13,700,0,0,0
machine_state_setup,graph_wide,1000,999,14,56700,0,0,1000
body_state_setup,graph_wide,1000,999,14,700,0,0,0
machine_state_setup,graph_wide,1000,999,15,56800,0,0,1000
body_state_setup,graph_wide,1000,999,15,800,0,0,0
machine_state_setup,graph_wide,1000,999,16,57000,0,0,1000
body_state_setup,graph_wide,1000,999,16,600,0,0,0
machine_state_setup,graph_wide,1000,999,17,56900,0,0,1000
body_state_setup,graph_wide,1000,999,17,700,0,0,0
machine_state_setup,graph_wide,1000,999,18,56900,0,0,1000
body_state_setup,graph_wide,1000,999,18,700,0,0,0
machine_state_setup,graph_wide,1000,999,19,56900,0,0,1000
body_state_setup,graph_wide,1000,999,19,800,0,0,0
machine_state_setup,graph_wide,1000,999,20,84000,0,0,1000
body_state_setup,graph_wide,1000,999,20,5000,0,0,0
machine_state_setup,graph_wide,1000,999,21,118700,0,0,1000
body_state_setup,graph_wide,1000,999,21,700,0,0,0
machine_state_setup,graph_wide,1000,999,22,57000,0,0,1000
body_state_setup,graph_wide,1000,999,22,700,0,0,0
machine_state_setup,graph_wide,1000,999,23,57000,0,0,1000
body_state_setup,graph_wide,1000,999,23,600,0,0,0
machine_state_setup,graph_wide,1000,999,24,57000,0,0,1000
body_state_setup,graph_wide,1000,999,24,700,0,0,0
machine_state_setup,graph_wide,1000,999,25,60300,0,0,1000
body_state_setup,graph_wide,1000,999,25,700,0,0,0
machine_state_setup,graph_wide,1000,999,26,57100,0,0,1000
body_state_setup,graph_wide,1000,999,26,700,0,0,0
machine_state_setup,graph_wide,1000,999,27,57200,0,0,1000
body_state_setup,graph_wide,1000,999,27,700,0,0,0
machine_state_setup,graph_wide,1000,999,28,57200,0,0,1000
body_state_setup,graph_wide,1000,999,28,700,0,0,0
machine_state_setup,graph_wide,1000,999,29,57200,0,0,1000
body_state_setup,graph_wide,1000,999,29,700,0,0,0
machine_state_setup,graph_wide,1000,999,30,57000,0,0,1000
body_state_setup,graph_wide,1000,999,30,700,0,0,0
machine_state_setup,graph_wide,1000,999,31,57000,0,0,1000
body_state_setup,graph_wide,1000,999,31,700,0,0,0
machine_state_setup,graph_wide,1000,999,32,57100,0,0,1000
body_state_setup,graph_wide,1000,999,32,700,0,0,0
machine_state_setup,graph_wide,1000,999,33,56900,0,0,1000
body_state_setup,graph_wide,1000,999,33,700,0,0,0
machine_state_setup,graph_wide,1000,999,34,56800,0,0,1000
body_state_setup,graph_wide,1000,999,34,700,0,0,0
machine_state_setup,graph_wide,1000,999,35,56800,0,0,1000
body_state_setup,graph_wide,1000,999,35,700,0,0,0
machine_state_setup,graph_wide,1000,999,36,56800,0,0,1000
body_state_setup,graph_wide,1000,999,36,800,0,0,0
machine_state_setup,graph_wide,1000,999,37,56900,0,0,1000
body_state_setup,graph_wide,1000,999,37,600,0,0,0
machine_state_setup,graph_wide,1000,999,38,57000,0,0,1000
body_state_setup,graph_wide,1000,999,38,700,0,0,0
machine_state_setup,graph_wide,1000,999,39,57100,0,0,1000
body_state_setup,graph_wide,1000,999,39,600,0,0,0
fixture_generation,graph_sparse,1000,999,0,66000,0,0,5000
fixture_generation,graph_sparse,1000,999,1,63600,0,0,5000
fixture_generation,graph_sparse,1000,999,2,63500,0,0,5000
fixture_generation,graph_sparse,1000,999,3,64000,0,0,5000
fixture_generation,graph_sparse,1000,999,4,63500,0,0,5000
fixture_generation,graph_sparse,1000,999,5,63700,0,0,5000
fixture_generation,graph_sparse,1000,999,6,63300,0,0,5000
fixture_generation,graph_sparse,1000,999,7,63500,0,0,5000
fixture_generation,graph_sparse,1000,999,8,63400,0,0,5000
fixture_generation,graph_sparse,1000,999,9,63400,0,0,5000
fixture_generation,graph_sparse,1000,999,10,63300,0,0,5000
fixture_generation,graph_sparse,1000,999,11,63400,0,0,5000
fixture_generation,graph_sparse,1000,999,12,63500,0,0,5000
fixture_generation,graph_sparse,1000,999,13,66400,0,0,5000
fixture_generation,graph_sparse,1000,999,14,63500,0,0,5000
fixture_generation,graph_sparse,1000,999,15,63400,0,0,5000
fixture_generation,graph_sparse,1000,999,16,63400,0,0,5000
fixture_generation,graph_sparse,1000,999,17,65600,0,0,5000
fixture_generation,graph_sparse,1000,999,18,63400,0,0,5000
fixture_generation,graph_sparse,1000,999,19,64000,0,0,5000
plan_build,graph_sparse,1000,999,0,1924200,0,0,12
plan_build,graph_sparse,1000,999,1,1699800,0,0,12
plan_build,graph_sparse,1000,999,2,1239400,0,0,12
plan_build,graph_sparse,1000,999,3,1674200,0,0,12
plan_build,graph_sparse,1000,999,4,1234400,0,0,12
plan_build,graph_sparse,1000,999,5,1818100,0,0,12
plan_build,graph_sparse,1000,999,6,1458000,0,0,12
plan_build,graph_sparse,1000,999,7,1680500,0,0,12
plan_build,graph_sparse,1000,999,8,1468100,0,0,12
plan_build,graph_sparse,1000,999,9,1622500,0,0,12
plan_build,graph_sparse,1000,999,10,1468500,0,0,12
plan_build,graph_sparse,1000,999,11,1656200,0,0,12
plan_build,graph_sparse,1000,999,12,1464400,0,0,12
plan_build,graph_sparse,1000,999,13,1639600,0,0,12
plan_build,graph_sparse,1000,999,14,1548800,0,0,12
plan_build,graph_sparse,1000,999,15,1663300,0,0,12
plan_build,graph_sparse,1000,999,16,1829500,0,0,12
plan_build,graph_sparse,1000,999,17,1817200,0,0,12
plan_build,graph_sparse,1000,999,18,1661700,0,0,12
plan_build,graph_sparse,1000,999,19,1702700,0,0,12
plan_build_alloc,graph_sparse,1000,999,0,0,11597,2511293,12
engine_execution,graph_sparse,1000,999,0,8882700,0,0,697
engine_execution,graph_sparse,1000,999,1,8929200,0,0,696
engine_execution,graph_sparse,1000,999,2,8941500,0,0,699
engine_execution,graph_sparse,1000,999,3,8940800,0,0,698
engine_execution,graph_sparse,1000,999,4,8971200,0,0,701
engine_execution,graph_sparse,1000,999,5,9046800,0,0,700
engine_execution,graph_sparse,1000,999,6,8970400,0,0,703
engine_execution,graph_sparse,1000,999,7,9104400,0,0,702
engine_execution,graph_sparse,1000,999,8,9138900,0,0,689
engine_execution,graph_sparse,1000,999,9,9156200,0,0,688
engine_execution,graph_sparse,1000,999,10,8970700,0,0,691
engine_execution,graph_sparse,1000,999,11,8948700,0,0,690
engine_execution,graph_sparse,1000,999,12,8887600,0,0,693
engine_execution,graph_sparse,1000,999,13,8873500,0,0,692
engine_execution,graph_sparse,1000,999,14,8974900,0,0,695
engine_execution,graph_sparse,1000,999,15,8979000,0,0,694
engine_execution,graph_sparse,1000,999,16,8910900,0,0,681
engine_execution,graph_sparse,1000,999,17,8916200,0,0,680
engine_execution,graph_sparse,1000,999,18,8895300,0,0,683
engine_execution,graph_sparse,1000,999,19,8920300,0,0,682
engine_execution,graph_sparse,1000,999,20,8811900,0,0,685
engine_execution,graph_sparse,1000,999,21,8775200,0,0,684
engine_execution,graph_sparse,1000,999,22,9023400,0,0,687
engine_execution,graph_sparse,1000,999,23,9079900,0,0,686
engine_execution,graph_sparse,1000,999,24,8988700,0,0,673
engine_execution,graph_sparse,1000,999,25,8975000,0,0,672
engine_execution,graph_sparse,1000,999,26,9049100,0,0,675
engine_execution,graph_sparse,1000,999,27,9011700,0,0,674
engine_execution,graph_sparse,1000,999,28,9007300,0,0,677
engine_execution,graph_sparse,1000,999,29,9359700,0,0,676
engine_execution,graph_sparse,1000,999,30,9139600,0,0,679
engine_execution,graph_sparse,1000,999,31,8965400,0,0,678
engine_execution,graph_sparse,1000,999,32,8879700,0,0,665
engine_execution,graph_sparse,1000,999,33,8828400,0,0,664
engine_execution,graph_sparse,1000,999,34,8911500,0,0,667
engine_execution,graph_sparse,1000,999,35,8908000,0,0,666
engine_execution,graph_sparse,1000,999,36,8844500,0,0,669
engine_execution,graph_sparse,1000,999,37,8841200,0,0,668
engine_execution,graph_sparse,1000,999,38,8813000,0,0,671
engine_execution,graph_sparse,1000,999,39,8980900,0,0,670
engine_execution_alloc,graph_sparse,1000,999,0,0,51106,15733289,22755
machine_state_setup,graph_sparse,1000,999,0,59800,0,0,1000
body_state_setup,graph_sparse,1000,999,0,1100,0,0,0
machine_state_setup,graph_sparse,1000,999,1,57500,0,0,1000
body_state_setup,graph_sparse,1000,999,1,800,0,0,0
machine_state_setup,graph_sparse,1000,999,2,57300,0,0,1000
body_state_setup,graph_sparse,1000,999,2,700,0,0,0
machine_state_setup,graph_sparse,1000,999,3,57100,0,0,1000
body_state_setup,graph_sparse,1000,999,3,700,0,0,0
machine_state_setup,graph_sparse,1000,999,4,57100,0,0,1000
body_state_setup,graph_sparse,1000,999,4,700,0,0,0
machine_state_setup,graph_sparse,1000,999,5,57000,0,0,1000
body_state_setup,graph_sparse,1000,999,5,700,0,0,0
machine_state_setup,graph_sparse,1000,999,6,57400,0,0,1000
body_state_setup,graph_sparse,1000,999,6,700,0,0,0
machine_state_setup,graph_sparse,1000,999,7,57000,0,0,1000
body_state_setup,graph_sparse,1000,999,7,700,0,0,0
machine_state_setup,graph_sparse,1000,999,8,57100,0,0,1000
body_state_setup,graph_sparse,1000,999,8,700,0,0,0
machine_state_setup,graph_sparse,1000,999,9,57000,0,0,1000
body_state_setup,graph_sparse,1000,999,9,700,0,0,0
machine_state_setup,graph_sparse,1000,999,10,57200,0,0,1000
body_state_setup,graph_sparse,1000,999,10,700,0,0,0
machine_state_setup,graph_sparse,1000,999,11,57000,0,0,1000
body_state_setup,graph_sparse,1000,999,11,700,0,0,0
machine_state_setup,graph_sparse,1000,999,12,57000,0,0,1000
body_state_setup,graph_sparse,1000,999,12,700,0,0,0
machine_state_setup,graph_sparse,1000,999,13,57000,0,0,1000
body_state_setup,graph_sparse,1000,999,13,700,0,0,0
machine_state_setup,graph_sparse,1000,999,14,57100,0,0,1000
body_state_setup,graph_sparse,1000,999,14,800,0,0,0
machine_state_setup,graph_sparse,1000,999,15,57100,0,0,1000
body_state_setup,graph_sparse,1000,999,15,600,0,0,0
machine_state_setup,graph_sparse,1000,999,16,57200,0,0,1000
body_state_setup,graph_sparse,1000,999,16,700,0,0,0
machine_state_setup,graph_sparse,1000,999,17,57100,0,0,1000
body_state_setup,graph_sparse,1000,999,17,700,0,0,0
machine_state_setup,graph_sparse,1000,999,18,56900,0,0,1000
body_state_setup,graph_sparse,1000,999,18,700,0,0,0
machine_state_setup,graph_sparse,1000,999,19,57200,0,0,1000
body_state_setup,graph_sparse,1000,999,19,700,0,0,0
machine_state_setup,graph_sparse,1000,999,20,57300,0,0,1000
body_state_setup,graph_sparse,1000,999,20,700,0,0,0
machine_state_setup,graph_sparse,1000,999,21,57100,0,0,1000
body_state_setup,graph_sparse,1000,999,21,700,0,0,0
machine_state_setup,graph_sparse,1000,999,22,57100,0,0,1000
body_state_setup,graph_sparse,1000,999,22,600,0,0,0
machine_state_setup,graph_sparse,1000,999,23,60700,0,0,1000
body_state_setup,graph_sparse,1000,999,23,800,0,0,0
machine_state_setup,graph_sparse,1000,999,24,57200,0,0,1000
body_state_setup,graph_sparse,1000,999,24,700,0,0,0
machine_state_setup,graph_sparse,1000,999,25,57300,0,0,1000
body_state_setup,graph_sparse,1000,999,25,700,0,0,0
machine_state_setup,graph_sparse,1000,999,26,57100,0,0,1000
body_state_setup,graph_sparse,1000,999,26,800,0,0,0
machine_state_setup,graph_sparse,1000,999,27,56800,0,0,1000
body_state_setup,graph_sparse,1000,999,27,700,0,0,0
machine_state_setup,graph_sparse,1000,999,28,56900,0,0,1000
body_state_setup,graph_sparse,1000,999,28,700,0,0,0
machine_state_setup,graph_sparse,1000,999,29,56900,0,0,1000
body_state_setup,graph_sparse,1000,999,29,700,0,0,0
machine_state_setup,graph_sparse,1000,999,30,57100,0,0,1000
body_state_setup,graph_sparse,1000,999,30,700,0,0,0
machine_state_setup,graph_sparse,1000,999,31,57000,0,0,1000
body_state_setup,graph_sparse,1000,999,31,800,0,0,0
machine_state_setup,graph_sparse,1000,999,32,56900,0,0,1000
body_state_setup,graph_sparse,1000,999,32,700,0,0,0
machine_state_setup,graph_sparse,1000,999,33,57000,0,0,1000
body_state_setup,graph_sparse,1000,999,33,700,0,0,0
machine_state_setup,graph_sparse,1000,999,34,56900,0,0,1000
body_state_setup,graph_sparse,1000,999,34,700,0,0,0
machine_state_setup,graph_sparse,1000,999,35,56800,0,0,1000
body_state_setup,graph_sparse,1000,999,35,700,0,0,0
machine_state_setup,graph_sparse,1000,999,36,57000,0,0,1000
body_state_setup,graph_sparse,1000,999,36,700,0,0,0
machine_state_setup,graph_sparse,1000,999,37,56900,0,0,1000
body_state_setup,graph_sparse,1000,999,37,700,0,0,0
machine_state_setup,graph_sparse,1000,999,38,56900,0,0,1000
body_state_setup,graph_sparse,1000,999,38,700,0,0,0
machine_state_setup,graph_sparse,1000,999,39,57000,0,0,1000
body_state_setup,graph_sparse,1000,999,39,700,0,0,0
fixture_generation,tiny_yield_chain,1,0,0,1500,0,0,5
fixture_generation,tiny_yield_chain,1,0,1,200,0,0,5
fixture_generation,tiny_yield_chain,1,0,2,200,0,0,5
fixture_generation,tiny_yield_chain,1,0,3,200,0,0,5
fixture_generation,tiny_yield_chain,1,0,4,200,0,0,5
fixture_generation,tiny_yield_chain,1,0,5,200,0,0,5
fixture_generation,tiny_yield_chain,1,0,6,200,0,0,5
fixture_generation,tiny_yield_chain,1,0,7,100,0,0,5
fixture_generation,tiny_yield_chain,1,0,8,100,0,0,5
fixture_generation,tiny_yield_chain,1,0,9,100,0,0,5
fixture_generation,tiny_yield_chain,1,0,10,100,0,0,5
fixture_generation,tiny_yield_chain,1,0,11,200,0,0,5
fixture_generation,tiny_yield_chain,1,0,12,100,0,0,5
fixture_generation,tiny_yield_chain,1,0,13,100,0,0,5
fixture_generation,tiny_yield_chain,1,0,14,100,0,0,5
fixture_generation,tiny_yield_chain,1,0,15,200,0,0,5
fixture_generation,tiny_yield_chain,1,0,16,200,0,0,5
fixture_generation,tiny_yield_chain,1,0,17,200,0,0,5
fixture_generation,tiny_yield_chain,1,0,18,100,0,0,5
fixture_generation,tiny_yield_chain,1,0,19,100,0,0,5
plan_build,tiny_yield_chain,1,0,0,19200,0,0,11
plan_build,tiny_yield_chain,1,0,1,2100,0,0,11
plan_build,tiny_yield_chain,1,0,2,1600,0,0,11
plan_build,tiny_yield_chain,1,0,3,1500,0,0,11
plan_build,tiny_yield_chain,1,0,4,1400,0,0,11
plan_build,tiny_yield_chain,1,0,5,1500,0,0,11
plan_build,tiny_yield_chain,1,0,6,1400,0,0,11
plan_build,tiny_yield_chain,1,0,7,1400,0,0,11
plan_build,tiny_yield_chain,1,0,8,1300,0,0,11
plan_build,tiny_yield_chain,1,0,9,1300,0,0,11
plan_build,tiny_yield_chain,1,0,10,1300,0,0,11
plan_build,tiny_yield_chain,1,0,11,1300,0,0,11
plan_build,tiny_yield_chain,1,0,12,1300,0,0,11
plan_build,tiny_yield_chain,1,0,13,1200,0,0,11
plan_build,tiny_yield_chain,1,0,14,1300,0,0,11
plan_build,tiny_yield_chain,1,0,15,1300,0,0,11
plan_build,tiny_yield_chain,1,0,16,1400,0,0,11
plan_build,tiny_yield_chain,1,0,17,1300,0,0,11
plan_build,tiny_yield_chain,1,0,18,1300,0,0,11
plan_build,tiny_yield_chain,1,0,19,1300,0,0,11
plan_build_alloc,tiny_yield_chain,1,0,0,0,36,6722,11
engine_execution,tiny_yield_chain,1,0,0,5500,0,0,1
engine_execution,tiny_yield_chain,1,0,1,5500,0,0,0
engine_execution,tiny_yield_chain,1,0,2,5500,0,0,3
engine_execution,tiny_yield_chain,1,0,3,5500,0,0,2
engine_execution,tiny_yield_chain,1,0,4,5500,0,0,5
engine_execution,tiny_yield_chain,1,0,5,5400,0,0,4
engine_execution,tiny_yield_chain,1,0,6,5600,0,0,7
engine_execution,tiny_yield_chain,1,0,7,5400,0,0,6
engine_execution,tiny_yield_chain,1,0,8,5500,0,0,9
engine_execution,tiny_yield_chain,1,0,9,5300,0,0,8
engine_execution,tiny_yield_chain,1,0,10,5500,0,0,11
engine_execution,tiny_yield_chain,1,0,11,5600,0,0,10
engine_execution,tiny_yield_chain,1,0,12,5400,0,0,13
engine_execution,tiny_yield_chain,1,0,13,5300,0,0,12
engine_execution,tiny_yield_chain,1,0,14,5400,0,0,15
engine_execution,tiny_yield_chain,1,0,15,5400,0,0,14
engine_execution,tiny_yield_chain,1,0,16,5700,0,0,17
engine_execution,tiny_yield_chain,1,0,17,5400,0,0,16
engine_execution,tiny_yield_chain,1,0,18,5700,0,0,19
engine_execution,tiny_yield_chain,1,0,19,5500,0,0,18
engine_execution,tiny_yield_chain,1,0,20,5500,0,0,21
engine_execution,tiny_yield_chain,1,0,21,5400,0,0,20
engine_execution,tiny_yield_chain,1,0,22,5600,0,0,23
engine_execution,tiny_yield_chain,1,0,23,5500,0,0,22
engine_execution,tiny_yield_chain,1,0,24,5400,0,0,25
engine_execution,tiny_yield_chain,1,0,25,5400,0,0,24
engine_execution,tiny_yield_chain,1,0,26,5400,0,0,27
engine_execution,tiny_yield_chain,1,0,27,5600,0,0,26
engine_execution,tiny_yield_chain,1,0,28,5500,0,0,29
engine_execution,tiny_yield_chain,1,0,29,5300,0,0,28
engine_execution,tiny_yield_chain,1,0,30,5400,0,0,31
engine_execution,tiny_yield_chain,1,0,31,5500,0,0,30
engine_execution,tiny_yield_chain,1,0,32,5500,0,0,33
engine_execution,tiny_yield_chain,1,0,33,5500,0,0,32
engine_execution,tiny_yield_chain,1,0,34,5400,0,0,35
engine_execution,tiny_yield_chain,1,0,35,5400,0,0,34
engine_execution,tiny_yield_chain,1,0,36,5400,0,0,37
engine_execution,tiny_yield_chain,1,0,37,5400,0,0,36
engine_execution,tiny_yield_chain,1,0,38,5400,0,0,39
engine_execution,tiny_yield_chain,1,0,39,5300,0,0,38
engine_execution_alloc,tiny_yield_chain,1,0,0,0,99,11356,23131
machine_state_setup,tiny_yield_chain,1,0,0,400,0,0,1
body_state_setup,tiny_yield_chain,1,0,0,400,0,0,0
machine_state_setup,tiny_yield_chain,1,0,1,200,0,0,1
body_state_setup,tiny_yield_chain,1,0,1,300,0,0,0
machine_state_setup,tiny_yield_chain,1,0,2,200,0,0,1
body_state_setup,tiny_yield_chain,1,0,2,200,0,0,0
machine_state_setup,tiny_yield_chain,1,0,3,200,0,0,1
body_state_setup,tiny_yield_chain,1,0,3,200,0,0,0
machine_state_setup,tiny_yield_chain,1,0,4,200,0,0,1
body_state_setup,tiny_yield_chain,1,0,4,200,0,0,0
machine_state_setup,tiny_yield_chain,1,0,5,300,0,0,1
body_state_setup,tiny_yield_chain,1,0,5,300,0,0,0
machine_state_setup,tiny_yield_chain,1,0,6,200,0,0,1
body_state_setup,tiny_yield_chain,1,0,6,200,0,0,0
machine_state_setup,tiny_yield_chain,1,0,7,200,0,0,1
body_state_setup,tiny_yield_chain,1,0,7,300,0,0,0
machine_state_setup,tiny_yield_chain,1,0,8,200,0,0,1
body_state_setup,tiny_yield_chain,1,0,8,200,0,0,0
machine_state_setup,tiny_yield_chain,1,0,9,200,0,0,1
body_state_setup,tiny_yield_chain,1,0,9,300,0,0,0
machine_state_setup,tiny_yield_chain,1,0,10,300,0,0,1
body_state_setup,tiny_yield_chain,1,0,10,200,0,0,0
machine_state_setup,tiny_yield_chain,1,0,11,200,0,0,1
body_state_setup,tiny_yield_chain,1,0,11,300,0,0,0
machine_state_setup,tiny_yield_chain,1,0,12,300,0,0,1
body_state_setup,tiny_yield_chain,1,0,12,300,0,0,0
machine_state_setup,tiny_yield_chain,1,0,13,200,0,0,1
body_state_setup,tiny_yield_chain,1,0,13,200,0,0,0
machine_state_setup,tiny_yield_chain,1,0,14,200,0,0,1
body_state_setup,tiny_yield_chain,1,0,14,200,0,0,0
machine_state_setup,tiny_yield_chain,1,0,15,200,0,0,1
body_state_setup,tiny_yield_chain,1,0,15,200,0,0,0
machine_state_setup,tiny_yield_chain,1,0,16,200,0,0,1
body_state_setup,tiny_yield_chain,1,0,16,300,0,0,0
machine_state_setup,tiny_yield_chain,1,0,17,200,0,0,1
body_state_setup,tiny_yield_chain,1,0,17,200,0,0,0
machine_state_setup,tiny_yield_chain,1,0,18,200,0,0,1
body_state_setup,tiny_yield_chain,1,0,18,300,0,0,0
machine_state_setup,tiny_yield_chain,1,0,19,300,0,0,1
body_state_setup,tiny_yield_chain,1,0,19,200,0,0,0
machine_state_setup,tiny_yield_chain,1,0,20,200,0,0,1
body_state_setup,tiny_yield_chain,1,0,20,200,0,0,0
machine_state_setup,tiny_yield_chain,1,0,21,200,0,0,1
body_state_setup,tiny_yield_chain,1,0,21,300,0,0,0
machine_state_setup,tiny_yield_chain,1,0,22,200,0,0,1
body_state_setup,tiny_yield_chain,1,0,22,200,0,0,0
machine_state_setup,tiny_yield_chain,1,0,23,300,0,0,1
body_state_setup,tiny_yield_chain,1,0,23,300,0,0,0
machine_state_setup,tiny_yield_chain,1,0,24,200,0,0,1
body_state_setup,tiny_yield_chain,1,0,24,300,0,0,0
machine_state_setup,tiny_yield_chain,1,0,25,200,0,0,1
body_state_setup,tiny_yield_chain,1,0,25,200,0,0,0
machine_state_setup,tiny_yield_chain,1,0,26,200,0,0,1
body_state_setup,tiny_yield_chain,1,0,26,300,0,0,0
machine_state_setup,tiny_yield_chain,1,0,27,300,0,0,1
body_state_setup,tiny_yield_chain,1,0,27,200,0,0,0
machine_state_setup,tiny_yield_chain,1,0,28,200,0,0,1
body_state_setup,tiny_yield_chain,1,0,28,300,0,0,0
machine_state_setup,tiny_yield_chain,1,0,29,200,0,0,1
body_state_setup,tiny_yield_chain,1,0,29,300,0,0,0
machine_state_setup,tiny_yield_chain,1,0,30,200,0,0,1
body_state_setup,tiny_yield_chain,1,0,30,300,0,0,0
machine_state_setup,tiny_yield_chain,1,0,31,200,0,0,1
body_state_setup,tiny_yield_chain,1,0,31,200,0,0,0
machine_state_setup,tiny_yield_chain,1,0,32,200,0,0,1
body_state_setup,tiny_yield_chain,1,0,32,300,0,0,0
machine_state_setup,tiny_yield_chain,1,0,33,200,0,0,1
body_state_setup,tiny_yield_chain,1,0,33,200,0,0,0
machine_state_setup,tiny_yield_chain,1,0,34,200,0,0,1
body_state_setup,tiny_yield_chain,1,0,34,300,0,0,0
machine_state_setup,tiny_yield_chain,1,0,35,300,0,0,1
body_state_setup,tiny_yield_chain,1,0,35,200,0,0,0
machine_state_setup,tiny_yield_chain,1,0,36,200,0,0,1
body_state_setup,tiny_yield_chain,1,0,36,200,0,0,0
machine_state_setup,tiny_yield_chain,1,0,37,200,0,0,1
body_state_setup,tiny_yield_chain,1,0,37,300,0,0,0
machine_state_setup,tiny_yield_chain,1,0,38,300,0,0,1
body_state_setup,tiny_yield_chain,1,0,38,200,0,0,0
machine_state_setup,tiny_yield_chain,1,0,39,200,0,0,1
body_state_setup,tiny_yield_chain,1,0,39,300,0,0,0
engine_execution,resource_normal,2,1,0,9900,0,0,0
engine_execution,resource_normal,2,1,1,10100,0,0,3
engine_execution,resource_normal,2,1,2,10000,0,0,2
engine_execution,resource_normal,2,1,3,10100,0,0,5
engine_execution,resource_normal,2,1,4,10100,0,0,4
engine_execution,resource_normal,2,1,5,10100,0,0,7
engine_execution,resource_normal,2,1,6,10000,0,0,6
engine_execution,resource_normal,2,1,7,10000,0,0,9
engine_execution,resource_normal,2,1,8,9900,0,0,8
engine_execution,resource_normal,2,1,9,9900,0,0,11
engine_execution,resource_normal,2,1,10,10200,0,0,10
engine_execution,resource_normal,2,1,11,10000,0,0,13
engine_execution,resource_normal,2,1,12,10000,0,0,12
engine_execution,resource_normal,2,1,13,9900,0,0,15
engine_execution,resource_normal,2,1,14,10100,0,0,14
engine_execution,resource_normal,2,1,15,10000,0,0,17
engine_execution,resource_normal,2,1,16,10000,0,0,16
engine_execution,resource_normal,2,1,17,10100,0,0,19
engine_execution,resource_normal,2,1,18,10100,0,0,18
engine_execution,resource_normal,2,1,19,10100,0,0,21
engine_execution,resource_normal,2,1,20,13600,0,0,20
engine_execution,resource_normal,2,1,21,10300,0,0,23
engine_execution,resource_normal,2,1,22,9900,0,0,22
engine_execution,resource_normal,2,1,23,9900,0,0,25
engine_execution,resource_normal,2,1,24,9800,0,0,24
engine_execution,resource_normal,2,1,25,10200,0,0,27
engine_execution,resource_normal,2,1,26,9900,0,0,26
engine_execution,resource_normal,2,1,27,9900,0,0,29
engine_execution,resource_normal,2,1,28,10100,0,0,28
engine_execution,resource_normal,2,1,29,9900,0,0,31
engine_execution,resource_normal,2,1,30,10300,0,0,30
engine_execution,resource_normal,2,1,31,10000,0,0,33
engine_execution,resource_normal,2,1,32,9900,0,0,32
engine_execution,resource_normal,2,1,33,9900,0,0,35
engine_execution,resource_normal,2,1,34,9800,0,0,34
engine_execution,resource_normal,2,1,35,9900,0,0,37
engine_execution,resource_normal,2,1,36,10000,0,0,36
engine_execution,resource_normal,2,1,37,10000,0,0,39
engine_execution,resource_normal,2,1,38,10000,0,0,38
engine_execution,resource_normal,2,1,39,9900,0,0,41
engine_execution_alloc,resource_normal,2,1,0,0,202,19154,23130
engine_execution,resource_release_failure,2,1,0,10500,0,0,1
engine_execution,resource_release_failure,2,1,1,10500,0,0,2
engine_execution,resource_release_failure,2,1,2,10400,0,0,3
engine_execution,resource_release_failure,2,1,3,10600,0,0,4
engine_execution,resource_release_failure,2,1,4,10400,0,0,5
engine_execution,resource_release_failure,2,1,5,10600,0,0,6
engine_execution,resource_release_failure,2,1,6,10400,0,0,7
engine_execution,resource_release_failure,2,1,7,10500,0,0,8
engine_execution,resource_release_failure,2,1,8,10700,0,0,9
engine_execution,resource_release_failure,2,1,9,10900,0,0,10
engine_execution,resource_release_failure,2,1,10,10700,0,0,11
engine_execution,resource_release_failure,2,1,11,10500,0,0,12
engine_execution,resource_release_failure,2,1,12,11300,0,0,13
engine_execution,resource_release_failure,2,1,13,10800,0,0,14
engine_execution,resource_release_failure,2,1,14,10600,0,0,15
engine_execution,resource_release_failure,2,1,15,10500,0,0,16
engine_execution,resource_release_failure,2,1,16,10800,0,0,17
engine_execution,resource_release_failure,2,1,17,10500,0,0,18
engine_execution,resource_release_failure,2,1,18,10300,0,0,19
engine_execution,resource_release_failure,2,1,19,10400,0,0,20
engine_execution,resource_release_failure,2,1,20,10500,0,0,21
engine_execution,resource_release_failure,2,1,21,10500,0,0,22
engine_execution,resource_release_failure,2,1,22,10500,0,0,23
engine_execution,resource_release_failure,2,1,23,10400,0,0,24
engine_execution,resource_release_failure,2,1,24,10500,0,0,25
engine_execution,resource_release_failure,2,1,25,10700,0,0,26
engine_execution,resource_release_failure,2,1,26,10400,0,0,27
engine_execution,resource_release_failure,2,1,27,10400,0,0,28
engine_execution,resource_release_failure,2,1,28,10600,0,0,29
engine_execution,resource_release_failure,2,1,29,10500,0,0,30
engine_execution,resource_release_failure,2,1,30,10600,0,0,31
engine_execution,resource_release_failure,2,1,31,10600,0,0,32
engine_execution,resource_release_failure,2,1,32,10500,0,0,33
engine_execution,resource_release_failure,2,1,33,10500,0,0,34
engine_execution,resource_release_failure,2,1,34,10700,0,0,35
engine_execution,resource_release_failure,2,1,35,10500,0,0,36
engine_execution,resource_release_failure,2,1,36,10400,0,0,37
engine_execution,resource_release_failure,2,1,37,10500,0,0,38
engine_execution,resource_release_failure,2,1,38,10300,0,0,39
engine_execution,resource_release_failure,2,1,39,10500,0,0,40
engine_execution_alloc,resource_release_failure,2,1,0,0,212,19913,23131
engine_execution,resource_startup_failure,2,1,0,10600,0,0,3
engine_execution,resource_startup_failure,2,1,1,10600,0,0,3
engine_execution,resource_startup_failure,2,1,2,10300,0,0,3
engine_execution,resource_startup_failure,2,1,3,10800,0,0,3
engine_execution,resource_startup_failure,2,1,4,10600,0,0,3
engine_execution,resource_startup_failure,2,1,5,10300,0,0,3
engine_execution,resource_startup_failure,2,1,6,10400,0,0,3
engine_execution,resource_startup_failure,2,1,7,10700,0,0,3
engine_execution,resource_startup_failure,2,1,8,10300,0,0,3
engine_execution,resource_startup_failure,2,1,9,10400,0,0,3
engine_execution,resource_startup_failure,2,1,10,10300,0,0,3
engine_execution,resource_startup_failure,2,1,11,10300,0,0,3
engine_execution,resource_startup_failure,2,1,12,10400,0,0,3
engine_execution,resource_startup_failure,2,1,13,10600,0,0,3
engine_execution,resource_startup_failure,2,1,14,10500,0,0,3
engine_execution,resource_startup_failure,2,1,15,10400,0,0,3
engine_execution,resource_startup_failure,2,1,16,10500,0,0,3
engine_execution,resource_startup_failure,2,1,17,10300,0,0,3
engine_execution,resource_startup_failure,2,1,18,10400,0,0,3
engine_execution,resource_startup_failure,2,1,19,10400,0,0,3
engine_execution,resource_startup_failure,2,1,20,10300,0,0,3
engine_execution,resource_startup_failure,2,1,21,10400,0,0,3
engine_execution,resource_startup_failure,2,1,22,10200,0,0,3
engine_execution,resource_startup_failure,2,1,23,10200,0,0,3
engine_execution,resource_startup_failure,2,1,24,10300,0,0,3
engine_execution,resource_startup_failure,2,1,25,10500,0,0,3
engine_execution,resource_startup_failure,2,1,26,10400,0,0,3
engine_execution,resource_startup_failure,2,1,27,10400,0,0,3
engine_execution,resource_startup_failure,2,1,28,10500,0,0,3
engine_execution,resource_startup_failure,2,1,29,10400,0,0,3
engine_execution,resource_startup_failure,2,1,30,10400,0,0,3
engine_execution,resource_startup_failure,2,1,31,10500,0,0,3
engine_execution,resource_startup_failure,2,1,32,10500,0,0,3
engine_execution,resource_startup_failure,2,1,33,10400,0,0,3
engine_execution,resource_startup_failure,2,1,34,10400,0,0,3
engine_execution,resource_startup_failure,2,1,35,10300,0,0,3
engine_execution,resource_startup_failure,2,1,36,10200,0,0,3
engine_execution,resource_startup_failure,2,1,37,10300,0,0,3
engine_execution,resource_startup_failure,2,1,38,10300,0,0,3
engine_execution,resource_startup_failure,2,1,39,10300,0,0,3
engine_execution_alloc,resource_startup_failure,2,1,0,0,209,20217,3
engine_execution,resource_cleanup_error_upstream,3,1,0,15500,0,0,0
engine_execution,resource_cleanup_error_upstream,3,1,1,19700,0,0,1
engine_execution,resource_cleanup_error_upstream,3,1,2,16600,0,0,2
engine_execution,resource_cleanup_error_upstream,3,1,3,15200,0,0,3
engine_execution,resource_cleanup_error_upstream,3,1,4,15900,0,0,4
engine_execution,resource_cleanup_error_upstream,3,1,5,16100,0,0,5
engine_execution,resource_cleanup_error_upstream,3,1,6,15800,0,0,6
engine_execution,resource_cleanup_error_upstream,3,1,7,15100,0,0,7
engine_execution,resource_cleanup_error_upstream,3,1,8,15200,0,0,8
engine_execution,resource_cleanup_error_upstream,3,1,9,15300,0,0,9
engine_execution,resource_cleanup_error_upstream,3,1,10,15300,0,0,10
engine_execution,resource_cleanup_error_upstream,3,1,11,15200,0,0,11
engine_execution,resource_cleanup_error_upstream,3,1,12,15100,0,0,12
engine_execution,resource_cleanup_error_upstream,3,1,13,15100,0,0,13
engine_execution,resource_cleanup_error_upstream,3,1,14,15100,0,0,14
engine_execution,resource_cleanup_error_upstream,3,1,15,15400,0,0,15
engine_execution,resource_cleanup_error_upstream,3,1,16,15400,0,0,16
engine_execution,resource_cleanup_error_upstream,3,1,17,15400,0,0,17
engine_execution,resource_cleanup_error_upstream,3,1,18,15300,0,0,18
engine_execution,resource_cleanup_error_upstream,3,1,19,15200,0,0,19
engine_execution,resource_cleanup_error_upstream,3,1,20,15200,0,0,20
engine_execution,resource_cleanup_error_upstream,3,1,21,15100,0,0,21
engine_execution,resource_cleanup_error_upstream,3,1,22,15100,0,0,22
engine_execution,resource_cleanup_error_upstream,3,1,23,15400,0,0,23
engine_execution,resource_cleanup_error_upstream,3,1,24,15300,0,0,24
engine_execution,resource_cleanup_error_upstream,3,1,25,15100,0,0,25
engine_execution,resource_cleanup_error_upstream,3,1,26,15200,0,0,26
engine_execution,resource_cleanup_error_upstream,3,1,27,15300,0,0,27
engine_execution,resource_cleanup_error_upstream,3,1,28,15600,0,0,28
engine_execution,resource_cleanup_error_upstream,3,1,29,15400,0,0,29
engine_execution,resource_cleanup_error_upstream,3,1,30,15200,0,0,30
engine_execution,resource_cleanup_error_upstream,3,1,31,15000,0,0,31
engine_execution,resource_cleanup_error_upstream,3,1,32,15200,0,0,32
engine_execution,resource_cleanup_error_upstream,3,1,33,15400,0,0,33
engine_execution,resource_cleanup_error_upstream,3,1,34,15300,0,0,34
engine_execution,resource_cleanup_error_upstream,3,1,35,15100,0,0,35
engine_execution,resource_cleanup_error_upstream,3,1,36,15400,0,0,36
engine_execution,resource_cleanup_error_upstream,3,1,37,15100,0,0,37
engine_execution,resource_cleanup_error_upstream,3,1,38,18400,0,0,38
engine_execution,resource_cleanup_error_upstream,3,1,39,15700,0,0,39
engine_execution_alloc,resource_cleanup_error_upstream,3,1,0,0,314,25951,23130
engine_execution,resource_cancel_after_acquire,1,0,0,18100,0,0,3
engine_execution,resource_cancel_after_acquire,1,0,1,9800,0,0,3
engine_execution,resource_cancel_after_acquire,1,0,2,8800,0,0,3
engine_execution,resource_cancel_after_acquire,1,0,3,8800,0,0,3
engine_execution,resource_cancel_after_acquire,1,0,4,10700,0,0,3
engine_execution,resource_cancel_after_acquire,1,0,5,9700,0,0,3
engine_execution,resource_cancel_after_acquire,1,0,6,8900,0,0,3
engine_execution,resource_cancel_after_acquire,1,0,7,8700,0,0,3
engine_execution,resource_cancel_after_acquire,1,0,8,8800,0,0,3
engine_execution,resource_cancel_after_acquire,1,0,9,8600,0,0,3
engine_execution,resource_cancel_after_acquire,1,0,10,8900,0,0,3
engine_execution,resource_cancel_after_acquire,1,0,11,8700,0,0,3
engine_execution,resource_cancel_after_acquire,1,0,12,8600,0,0,3
engine_execution,resource_cancel_after_acquire,1,0,13,8700,0,0,3
engine_execution,resource_cancel_after_acquire,1,0,14,8600,0,0,3
engine_execution,resource_cancel_after_acquire,1,0,15,8800,0,0,3
engine_execution,resource_cancel_after_acquire,1,0,16,8600,0,0,3
engine_execution,resource_cancel_after_acquire,1,0,17,8700,0,0,3
engine_execution,resource_cancel_after_acquire,1,0,18,8700,0,0,3
engine_execution,resource_cancel_after_acquire,1,0,19,8700,0,0,3
engine_execution,resource_cancel_after_acquire,1,0,20,8700,0,0,3
engine_execution,resource_cancel_after_acquire,1,0,21,8600,0,0,3
engine_execution,resource_cancel_after_acquire,1,0,22,8600,0,0,3
engine_execution,resource_cancel_after_acquire,1,0,23,8600,0,0,3
engine_execution,resource_cancel_after_acquire,1,0,24,8700,0,0,3
engine_execution,resource_cancel_after_acquire,1,0,25,8800,0,0,3
engine_execution,resource_cancel_after_acquire,1,0,26,8700,0,0,3
engine_execution,resource_cancel_after_acquire,1,0,27,8800,0,0,3
engine_execution,resource_cancel_after_acquire,1,0,28,8700,0,0,3
engine_execution,resource_cancel_after_acquire,1,0,29,8700,0,0,3
engine_execution,resource_cancel_after_acquire,1,0,30,8700,0,0,3
engine_execution,resource_cancel_after_acquire,1,0,31,8800,0,0,3
engine_execution,resource_cancel_after_acquire,1,0,32,8800,0,0,3
engine_execution,resource_cancel_after_acquire,1,0,33,8700,0,0,3
engine_execution,resource_cancel_after_acquire,1,0,34,8600,0,0,3
engine_execution,resource_cancel_after_acquire,1,0,35,8700,0,0,3
engine_execution,resource_cancel_after_acquire,1,0,36,8700,0,0,3
engine_execution,resource_cancel_after_acquire,1,0,37,8600,0,0,3
engine_execution,resource_cancel_after_acquire,1,0,38,8700,0,0,3
engine_execution,resource_cancel_after_acquire,1,0,39,8600,0,0,3
engine_execution,effect_known_receipt,1,0,0,7300,0,0,1
engine_execution,effect_known_receipt,1,0,1,7400,0,0,0
engine_execution,effect_known_receipt,1,0,2,7500,0,0,3
engine_execution,effect_known_receipt,1,0,3,7600,0,0,2
engine_execution,effect_known_receipt,1,0,4,7300,0,0,5
engine_execution,effect_known_receipt,1,0,5,7400,0,0,4
engine_execution,effect_known_receipt,1,0,6,7400,0,0,7
engine_execution,effect_known_receipt,1,0,7,7700,0,0,6
engine_execution,effect_known_receipt,1,0,8,7700,0,0,9
engine_execution,effect_known_receipt,1,0,9,7700,0,0,8
engine_execution,effect_known_receipt,1,0,10,7600,0,0,11
engine_execution,effect_known_receipt,1,0,11,7700,0,0,10
engine_execution,effect_known_receipt,1,0,12,7800,0,0,13
engine_execution,effect_known_receipt,1,0,13,7900,0,0,12
engine_execution,effect_known_receipt,1,0,14,7500,0,0,15
engine_execution,effect_known_receipt,1,0,15,7600,0,0,14
engine_execution,effect_known_receipt,1,0,16,7400,0,0,17
engine_execution,effect_known_receipt,1,0,17,7300,0,0,16
engine_execution,effect_known_receipt,1,0,18,7400,0,0,19
engine_execution,effect_known_receipt,1,0,19,7600,0,0,18
engine_execution,effect_known_receipt,1,0,20,7700,0,0,21
engine_execution,effect_known_receipt,1,0,21,7500,0,0,20
engine_execution,effect_known_receipt,1,0,22,7400,0,0,23
engine_execution,effect_known_receipt,1,0,23,7500,0,0,22
engine_execution,effect_known_receipt,1,0,24,7400,0,0,25
engine_execution,effect_known_receipt,1,0,25,7400,0,0,24
engine_execution,effect_known_receipt,1,0,26,7400,0,0,27
engine_execution,effect_known_receipt,1,0,27,7400,0,0,26
engine_execution,effect_known_receipt,1,0,28,7500,0,0,29
engine_execution,effect_known_receipt,1,0,29,7400,0,0,28
engine_execution,effect_known_receipt,1,0,30,7300,0,0,31
engine_execution,effect_known_receipt,1,0,31,7400,0,0,30
engine_execution,effect_known_receipt,1,0,32,7300,0,0,33
engine_execution,effect_known_receipt,1,0,33,7400,0,0,32
engine_execution,effect_known_receipt,1,0,34,7500,0,0,35
engine_execution,effect_known_receipt,1,0,35,7400,0,0,34
engine_execution,effect_known_receipt,1,0,36,7400,0,0,37
engine_execution,effect_known_receipt,1,0,37,7400,0,0,36
engine_execution,effect_known_receipt,1,0,38,7400,0,0,39
engine_execution,effect_known_receipt,1,0,39,7300,0,0,38
engine_execution_alloc,effect_known_receipt,1,0,0,0,149,14826,23131
engine_execution,retry_one_failure,1,0,0,8400,0,0,1
engine_execution,retry_one_failure,1,0,1,8800,0,0,0
engine_execution,retry_one_failure,1,0,2,8700,0,0,3
engine_execution,retry_one_failure,1,0,3,8200,0,0,2
engine_execution,retry_one_failure,1,0,4,8300,0,0,5
engine_execution,retry_one_failure,1,0,5,8300,0,0,4
engine_execution,retry_one_failure,1,0,6,8300,0,0,7
engine_execution,retry_one_failure,1,0,7,8200,0,0,6
engine_execution,retry_one_failure,1,0,8,8200,0,0,9
engine_execution,retry_one_failure,1,0,9,8400,0,0,8
engine_execution,retry_one_failure,1,0,10,8500,0,0,11
engine_execution,retry_one_failure,1,0,11,8400,0,0,10
engine_execution,retry_one_failure,1,0,12,8300,0,0,13
engine_execution,retry_one_failure,1,0,13,8100,0,0,12
engine_execution,retry_one_failure,1,0,14,8100,0,0,15
engine_execution,retry_one_failure,1,0,15,8200,0,0,14
engine_execution,retry_one_failure,1,0,16,8100,0,0,17
engine_execution,retry_one_failure,1,0,17,8200,0,0,16
engine_execution,retry_one_failure,1,0,18,8300,0,0,19
engine_execution,retry_one_failure,1,0,19,8600,0,0,18
engine_execution,retry_one_failure,1,0,20,8400,0,0,21
engine_execution,retry_one_failure,1,0,21,8500,0,0,20
engine_execution,retry_one_failure,1,0,22,8200,0,0,23
engine_execution,retry_one_failure,1,0,23,8300,0,0,22
engine_execution,retry_one_failure,1,0,24,8500,0,0,25
engine_execution,retry_one_failure,1,0,25,8300,0,0,24
engine_execution,retry_one_failure,1,0,26,8100,0,0,27
engine_execution,retry_one_failure,1,0,27,8400,0,0,26
engine_execution,retry_one_failure,1,0,28,8600,0,0,29
engine_execution,retry_one_failure,1,0,29,8500,0,0,28
engine_execution,retry_one_failure,1,0,30,8300,0,0,31
engine_execution,retry_one_failure,1,0,31,8500,0,0,30
engine_execution,retry_one_failure,1,0,32,8300,0,0,33
engine_execution,retry_one_failure,1,0,33,8200,0,0,32
engine_execution,retry_one_failure,1,0,34,8300,0,0,35
engine_execution,retry_one_failure,1,0,35,8200,0,0,34
engine_execution,retry_one_failure,1,0,36,8400,0,0,37
engine_execution,retry_one_failure,1,0,37,8600,0,0,36
engine_execution,retry_one_failure,1,0,38,8300,0,0,39
engine_execution,retry_one_failure,1,0,39,8200,0,0,38
engine_execution_alloc,retry_one_failure,1,0,0,0,152,15009,23131
engine_execution,component_flat,10,9,0,27700,0,0,0
engine_execution,component_flat,10,9,1,27500,0,0,1
engine_execution,component_flat,10,9,2,27300,0,0,2
engine_execution,component_flat,10,9,3,27500,0,0,3
engine_execution,component_flat,10,9,4,27300,0,0,4
engine_execution,component_flat,10,9,5,27800,0,0,5
engine_execution,component_flat,10,9,6,28700,0,0,6
engine_execution,component_flat,10,9,7,28600,0,0,7
engine_execution,component_flat,10,9,8,27300,0,0,8
engine_execution,component_flat,10,9,9,27400,0,0,9
engine_execution,component_flat,10,9,10,27300,0,0,10
engine_execution,component_flat,10,9,11,27700,0,0,11
engine_execution,component_flat,10,9,12,27700,0,0,12
engine_execution,component_flat,10,9,13,27100,0,0,13
engine_execution,component_flat,10,9,14,27500,0,0,14
engine_execution,component_flat,10,9,15,27300,0,0,15
engine_execution,component_flat,10,9,16,27800,0,0,16
engine_execution,component_flat,10,9,17,27800,0,0,17
engine_execution,component_flat,10,9,18,30500,0,0,18
engine_execution,component_flat,10,9,19,27600,0,0,19
engine_execution,component_flat,10,9,20,27300,0,0,20
engine_execution,component_flat,10,9,21,27100,0,0,21
engine_execution,component_flat,10,9,22,27100,0,0,22
engine_execution,component_flat,10,9,23,27300,0,0,23
engine_execution,component_flat,10,9,24,27200,0,0,24
engine_execution,component_flat,10,9,25,27000,0,0,25
engine_execution,component_flat,10,9,26,27100,0,0,26
engine_execution,component_flat,10,9,27,27200,0,0,27
engine_execution,component_flat,10,9,28,27200,0,0,28
engine_execution,component_flat,10,9,29,27400,0,0,29
engine_execution,component_flat,10,9,30,27400,0,0,30
engine_execution,component_flat,10,9,31,27600,0,0,31
engine_execution,component_flat,10,9,32,27000,0,0,32
engine_execution,component_flat,10,9,33,26900,0,0,33
engine_execution,component_flat,10,9,34,27100,0,0,34
engine_execution,component_flat,10,9,35,27700,0,0,35
engine_execution,component_flat,10,9,36,27300,0,0,36
engine_execution,component_flat,10,9,37,27200,0,0,37
engine_execution,component_flat,10,9,38,27600,0,0,38
engine_execution,component_flat,10,9,39,27200,0,0,39
engine_execution_alloc,component_flat,10,9,0,0,572,44928,23130
engine_execution,component_nested,13,12,0,41000,0,0,0
engine_execution,component_nested,13,12,1,40200,0,0,1
engine_execution,component_nested,13,12,2,40800,0,0,2
engine_execution,component_nested,13,12,3,40900,0,0,3
engine_execution,component_nested,13,12,4,40300,0,0,4
engine_execution,component_nested,13,12,5,40700,0,0,5
engine_execution,component_nested,13,12,6,40400,0,0,6
engine_execution,component_nested,13,12,7,40300,0,0,7
engine_execution,component_nested,13,12,8,40600,0,0,8
engine_execution,component_nested,13,12,9,40800,0,0,9
engine_execution,component_nested,13,12,10,40200,0,0,10
engine_execution,component_nested,13,12,11,40300,0,0,11
engine_execution,component_nested,13,12,12,40900,0,0,12
engine_execution,component_nested,13,12,13,40200,0,0,13
engine_execution,component_nested,13,12,14,40300,0,0,14
engine_execution,component_nested,13,12,15,40000,0,0,15
engine_execution,component_nested,13,12,16,40600,0,0,16
engine_execution,component_nested,13,12,17,40300,0,0,17
engine_execution,component_nested,13,12,18,40600,0,0,18
engine_execution,component_nested,13,12,19,40600,0,0,19
engine_execution,component_nested,13,12,20,40300,0,0,20
engine_execution,component_nested,13,12,21,41300,0,0,21
engine_execution,component_nested,13,12,22,40300,0,0,22
engine_execution,component_nested,13,12,23,40800,0,0,23
engine_execution,component_nested,13,12,24,40500,0,0,24
engine_execution,component_nested,13,12,25,43100,0,0,25
engine_execution,component_nested,13,12,26,40600,0,0,26
engine_execution,component_nested,13,12,27,40600,0,0,27
engine_execution,component_nested,13,12,28,40500,0,0,28
engine_execution,component_nested,13,12,29,40800,0,0,29
engine_execution,component_nested,13,12,30,40400,0,0,30
engine_execution,component_nested,13,12,31,40200,0,0,31
engine_execution,component_nested,13,12,32,40500,0,0,32
engine_execution,component_nested,13,12,33,40200,0,0,33
engine_execution,component_nested,13,12,34,40100,0,0,34
engine_execution,component_nested,13,12,35,40300,0,0,35
engine_execution,component_nested,13,12,36,39900,0,0,36
engine_execution,component_nested,13,12,37,40100,0,0,37
engine_execution,component_nested,13,12,38,40300,0,0,38
engine_execution,component_nested,13,12,39,40500,0,0,39
engine_execution_alloc,component_nested,13,12,0,0,855,59553,23130
engine_execution,component_flat,100,99,0,305900,0,0,1
engine_execution,component_flat,100,99,1,310200,0,0,0
engine_execution,component_flat,100,99,2,306200,0,0,3
engine_execution,component_flat,100,99,3,303300,0,0,2
engine_execution,component_flat,100,99,4,304700,0,0,5
engine_execution,component_flat,100,99,5,304100,0,0,4
engine_execution,component_flat,100,99,6,304100,0,0,7
engine_execution,component_flat,100,99,7,313600,0,0,6
engine_execution,component_flat,100,99,8,304100,0,0,9
engine_execution,component_flat,100,99,9,305300,0,0,8
engine_execution,component_flat,100,99,10,303800,0,0,11
engine_execution,component_flat,100,99,11,303600,0,0,10
engine_execution,component_flat,100,99,12,310400,0,0,13
engine_execution,component_flat,100,99,13,310400,0,0,12
engine_execution,component_flat,100,99,14,305800,0,0,15
engine_execution,component_flat,100,99,15,303100,0,0,14
engine_execution,component_flat,100,99,16,310200,0,0,17
engine_execution,component_flat,100,99,17,305500,0,0,16
engine_execution,component_flat,100,99,18,304200,0,0,19
engine_execution,component_flat,100,99,19,308000,0,0,18
engine_execution,component_flat,100,99,20,308200,0,0,21
engine_execution,component_flat,100,99,21,304700,0,0,20
engine_execution,component_flat,100,99,22,304100,0,0,23
engine_execution,component_flat,100,99,23,306000,0,0,22
engine_execution,component_flat,100,99,24,305500,0,0,25
engine_execution,component_flat,100,99,25,304200,0,0,24
engine_execution,component_flat,100,99,26,308000,0,0,27
engine_execution,component_flat,100,99,27,307100,0,0,26
engine_execution,component_flat,100,99,28,303800,0,0,29
engine_execution,component_flat,100,99,29,304400,0,0,28
engine_execution,component_flat,100,99,30,309200,0,0,31
engine_execution,component_flat,100,99,31,305700,0,0,30
engine_execution,component_flat,100,99,32,313900,0,0,33
engine_execution,component_flat,100,99,33,310500,0,0,32
engine_execution,component_flat,100,99,34,313100,0,0,35
engine_execution,component_flat,100,99,35,311900,0,0,34
engine_execution,component_flat,100,99,36,312900,0,0,37
engine_execution,component_flat,100,99,37,315200,0,0,36
engine_execution,component_flat,100,99,38,304900,0,0,39
engine_execution,component_flat,100,99,39,304700,0,0,38
engine_execution_alloc,component_flat,100,99,0,0,5259,513144,23131
engine_execution,component_nested,103,102,0,373800,0,0,1
engine_execution,component_nested,103,102,1,374600,0,0,0
engine_execution,component_nested,103,102,2,375400,0,0,3
engine_execution,component_nested,103,102,3,376600,0,0,2
engine_execution,component_nested,103,102,4,376600,0,0,5
engine_execution,component_nested,103,102,5,372000,0,0,4
engine_execution,component_nested,103,102,6,372700,0,0,7
engine_execution,component_nested,103,102,7,371200,0,0,6
engine_execution,component_nested,103,102,8,373600,0,0,9
engine_execution,component_nested,103,102,9,371200,0,0,8
engine_execution,component_nested,103,102,10,374700,0,0,11
engine_execution,component_nested,103,102,11,370800,0,0,10
engine_execution,component_nested,103,102,12,372800,0,0,13
engine_execution,component_nested,103,102,13,372000,0,0,12
engine_execution,component_nested,103,102,14,371900,0,0,15
engine_execution,component_nested,103,102,15,399800,0,0,14
engine_execution,component_nested,103,102,16,390500,0,0,17
engine_execution,component_nested,103,102,17,373400,0,0,16
engine_execution,component_nested,103,102,18,372000,0,0,19
engine_execution,component_nested,103,102,19,371300,0,0,18
engine_execution,component_nested,103,102,20,380100,0,0,21
engine_execution,component_nested,103,102,21,373200,0,0,20
engine_execution,component_nested,103,102,22,375100,0,0,23
engine_execution,component_nested,103,102,23,375100,0,0,22
engine_execution,component_nested,103,102,24,375100,0,0,25
engine_execution,component_nested,103,102,25,379000,0,0,24
engine_execution,component_nested,103,102,26,374900,0,0,27
engine_execution,component_nested,103,102,27,370800,0,0,26
engine_execution,component_nested,103,102,28,372100,0,0,29
engine_execution,component_nested,103,102,29,372900,0,0,28
engine_execution,component_nested,103,102,30,374000,0,0,31
engine_execution,component_nested,103,102,31,371100,0,0,30
engine_execution,component_nested,103,102,32,392700,0,0,33
engine_execution,component_nested,103,102,33,392700,0,0,32
engine_execution,component_nested,103,102,34,393000,0,0,35
engine_execution,component_nested,103,102,35,378400,0,0,34
engine_execution,component_nested,103,102,36,375300,0,0,37
engine_execution,component_nested,103,102,37,373500,0,0,36
engine_execution,component_nested,103,102,38,371800,0,0,39
engine_execution,component_nested,103,102,39,376100,0,0,38
engine_execution_alloc,component_nested,103,102,0,0,6532,645129,23131
plan_build,component_repeated_typed_2,2,2,0,12700,0,0,25
plan_build,component_repeated_typed_2,2,2,1,6800,0,0,25
plan_build,component_repeated_typed_2,2,2,2,5600,0,0,25
plan_build,component_repeated_typed_2,2,2,3,5200,0,0,25
plan_build,component_repeated_typed_2,2,2,4,5000,0,0,25
plan_build,component_repeated_typed_2,2,2,5,5100,0,0,25
plan_build,component_repeated_typed_2,2,2,6,5200,0,0,25
plan_build,component_repeated_typed_2,2,2,7,5100,0,0,25
plan_build,component_repeated_typed_2,2,2,8,5000,0,0,25
plan_build,component_repeated_typed_2,2,2,9,5200,0,0,25
plan_build,component_repeated_typed_2,2,2,10,4800,0,0,25
plan_build,component_repeated_typed_2,2,2,11,4600,0,0,25
plan_build,component_repeated_typed_2,2,2,12,4600,0,0,25
plan_build,component_repeated_typed_2,2,2,13,4500,0,0,25
plan_build,component_repeated_typed_2,2,2,14,4500,0,0,25
plan_build,component_repeated_typed_2,2,2,15,4600,0,0,25
plan_build,component_repeated_typed_2,2,2,16,4900,0,0,25
plan_build,component_repeated_typed_2,2,2,17,4600,0,0,25
plan_build,component_repeated_typed_2,2,2,18,4600,0,0,25
plan_build,component_repeated_typed_2,2,2,19,4500,0,0,25
plan_build_alloc,component_repeated_typed_2,2,2,0,0,134,19521,25
engine_execution,component_repeated_typed_2,2,2,0,13600,0,0,3
engine_execution,component_repeated_typed_2,2,2,1,13800,0,0,2
engine_execution,component_repeated_typed_2,2,2,2,13600,0,0,5
engine_execution,component_repeated_typed_2,2,2,3,13500,0,0,4
engine_execution,component_repeated_typed_2,2,2,4,13700,0,0,7
engine_execution,component_repeated_typed_2,2,2,5,14000,0,0,6
engine_execution,component_repeated_typed_2,2,2,6,14100,0,0,9
engine_execution,component_repeated_typed_2,2,2,7,13600,0,0,8
engine_execution,component_repeated_typed_2,2,2,8,13500,0,0,11
engine_execution,component_repeated_typed_2,2,2,9,13600,0,0,10
engine_execution,component_repeated_typed_2,2,2,10,13400,0,0,13
engine_execution,component_repeated_typed_2,2,2,11,13400,0,0,12
engine_execution,component_repeated_typed_2,2,2,12,14000,0,0,15
engine_execution,component_repeated_typed_2,2,2,13,13400,0,0,14
engine_execution,component_repeated_typed_2,2,2,14,13400,0,0,17
engine_execution,component_repeated_typed_2,2,2,15,13200,0,0,16
engine_execution,component_repeated_typed_2,2,2,16,14800,0,0,19
engine_execution,component_repeated_typed_2,2,2,17,14000,0,0,18
engine_execution,component_repeated_typed_2,2,2,18,13900,0,0,21
engine_execution,component_repeated_typed_2,2,2,19,13800,0,0,20
engine_execution,component_repeated_typed_2,2,2,20,13400,0,0,23
engine_execution,component_repeated_typed_2,2,2,21,13400,0,0,22
engine_execution,component_repeated_typed_2,2,2,22,13200,0,0,25
engine_execution,component_repeated_typed_2,2,2,23,13300,0,0,24
engine_execution,component_repeated_typed_2,2,2,24,13400,0,0,27
engine_execution,component_repeated_typed_2,2,2,25,13200,0,0,26
engine_execution,component_repeated_typed_2,2,2,26,13700,0,0,29
engine_execution,component_repeated_typed_2,2,2,27,13800,0,0,28
engine_execution,component_repeated_typed_2,2,2,28,13600,0,0,31
engine_execution,component_repeated_typed_2,2,2,29,13400,0,0,30
engine_execution,component_repeated_typed_2,2,2,30,13500,0,0,33
engine_execution,component_repeated_typed_2,2,2,31,13000,0,0,32
engine_execution,component_repeated_typed_2,2,2,32,13100,0,0,35
engine_execution,component_repeated_typed_2,2,2,33,13200,0,0,34
engine_execution,component_repeated_typed_2,2,2,34,13200,0,0,37
engine_execution,component_repeated_typed_2,2,2,35,14100,0,0,36
engine_execution,component_repeated_typed_2,2,2,36,14100,0,0,39
engine_execution,component_repeated_typed_2,2,2,37,14400,0,0,38
engine_execution,component_repeated_typed_2,2,2,38,13700,0,0,41
engine_execution,component_repeated_typed_2,2,2,39,13600,0,0,40
engine_execution_alloc,component_repeated_typed_2,2,2,0,0,303,24606,23133
plan_build,component_repeated_typed_10,10,10,0,30900,0,0,25
plan_build,component_repeated_typed_10,10,10,1,19600,0,0,25
plan_build,component_repeated_typed_10,10,10,2,18100,0,0,25
plan_build,component_repeated_typed_10,10,10,3,17900,0,0,25
plan_build,component_repeated_typed_10,10,10,4,16900,0,0,25
plan_build,component_repeated_typed_10,10,10,5,17000,0,0,25
plan_build,component_repeated_typed_10,10,10,6,17000,0,0,25
plan_build,component_repeated_typed_10,10,10,7,17400,0,0,25
plan_build,component_repeated_typed_10,10,10,8,18000,0,0,25
plan_build,component_repeated_typed_10,10,10,9,17800,0,0,25
plan_build,component_repeated_typed_10,10,10,10,18300,0,0,25
plan_build,component_repeated_typed_10,10,10,11,18000,0,0,25
plan_build,component_repeated_typed_10,10,10,12,17200,0,0,25
plan_build,component_repeated_typed_10,10,10,13,17300,0,0,25
plan_build,component_repeated_typed_10,10,10,14,17500,0,0,25
plan_build,component_repeated_typed_10,10,10,15,18000,0,0,25
plan_build,component_repeated_typed_10,10,10,16,17600,0,0,25
plan_build,component_repeated_typed_10,10,10,17,17700,0,0,25
plan_build,component_repeated_typed_10,10,10,18,17400,0,0,25
plan_build,component_repeated_typed_10,10,10,19,17500,0,0,25
plan_build_alloc,component_repeated_typed_10,10,10,0,0,460,93329,25
engine_execution,component_repeated_typed_10,10,10,0,62400,0,0,11
engine_execution,component_repeated_typed_10,10,10,1,61400,0,0,10
engine_execution,component_repeated_typed_10,10,10,2,61800,0,0,13
engine_execution,component_repeated_typed_10,10,10,3,61000,0,0,12
engine_execution,component_repeated_typed_10,10,10,4,61300,0,0,15
engine_execution,component_repeated_typed_10,10,10,5,61100,0,0,14
engine_execution,component_repeated_typed_10,10,10,6,61300,0,0,17
engine_execution,component_repeated_typed_10,10,10,7,60900,0,0,16
engine_execution,component_repeated_typed_10,10,10,8,61100,0,0,19
engine_execution,component_repeated_typed_10,10,10,9,61100,0,0,18
engine_execution,component_repeated_typed_10,10,10,10,60200,0,0,21
engine_execution,component_repeated_typed_10,10,10,11,61000,0,0,20
engine_execution,component_repeated_typed_10,10,10,12,60900,0,0,23
engine_execution,component_repeated_typed_10,10,10,13,60800,0,0,22
engine_execution,component_repeated_typed_10,10,10,14,60900,0,0,25
engine_execution,component_repeated_typed_10,10,10,15,65700,0,0,24
engine_execution,component_repeated_typed_10,10,10,16,62600,0,0,27
engine_execution,component_repeated_typed_10,10,10,17,61300,0,0,26
engine_execution,component_repeated_typed_10,10,10,18,127100,0,0,29
engine_execution,component_repeated_typed_10,10,10,19,62600,0,0,28
engine_execution,component_repeated_typed_10,10,10,20,61700,0,0,31
engine_execution,component_repeated_typed_10,10,10,21,60800,0,0,30
engine_execution,component_repeated_typed_10,10,10,22,65000,0,0,33
engine_execution,component_repeated_typed_10,10,10,23,61500,0,0,32
engine_execution,component_repeated_typed_10,10,10,24,61500,0,0,35
engine_execution,component_repeated_typed_10,10,10,25,61900,0,0,34
engine_execution,component_repeated_typed_10,10,10,26,61400,0,0,37
engine_execution,component_repeated_typed_10,10,10,27,61100,0,0,36
engine_execution,component_repeated_typed_10,10,10,28,61500,0,0,39
engine_execution,component_repeated_typed_10,10,10,29,61100,0,0,38
engine_execution,component_repeated_typed_10,10,10,30,62300,0,0,41
engine_execution,component_repeated_typed_10,10,10,31,60700,0,0,40
engine_execution,component_repeated_typed_10,10,10,32,60800,0,0,43
engine_execution,component_repeated_typed_10,10,10,33,60900,0,0,42
engine_execution,component_repeated_typed_10,10,10,34,62200,0,0,45
engine_execution,component_repeated_typed_10,10,10,35,61400,0,0,44
engine_execution,component_repeated_typed_10,10,10,36,61200,0,0,47
engine_execution,component_repeated_typed_10,10,10,37,61400,0,0,46
engine_execution,component_repeated_typed_10,10,10,38,61100,0,0,49
engine_execution,component_repeated_typed_10,10,10,39,61300,0,0,48
engine_execution_alloc,component_repeated_typed_10,10,10,0,0,1405,95590,23141
plan_build,component_repeated_typed_100,100,100,0,295700,0,0,25
plan_build,component_repeated_typed_100,100,100,1,183500,0,0,25
plan_build,component_repeated_typed_100,100,100,2,223600,0,0,25
plan_build,component_repeated_typed_100,100,100,3,343300,0,0,25
plan_build,component_repeated_typed_100,100,100,4,319000,0,0,25
plan_build,component_repeated_typed_100,100,100,5,287000,0,0,25
plan_build,component_repeated_typed_100,100,100,6,241000,0,0,25
plan_build,component_repeated_typed_100,100,100,7,269600,0,0,25
plan_build,component_repeated_typed_100,100,100,8,175000,0,0,25
plan_build,component_repeated_typed_100,100,100,9,227500,0,0,25
plan_build,component_repeated_typed_100,100,100,10,265000,0,0,25
plan_build,component_repeated_typed_100,100,100,11,302400,0,0,25
plan_build,component_repeated_typed_100,100,100,12,207900,0,0,25
plan_build,component_repeated_typed_100,100,100,13,264700,0,0,25
plan_build,component_repeated_typed_100,100,100,14,244500,0,0,25
plan_build,component_repeated_typed_100,100,100,15,322600,0,0,25
plan_build,component_repeated_typed_100,100,100,16,301900,0,0,25
plan_build,component_repeated_typed_100,100,100,17,291100,0,0,25
plan_build,component_repeated_typed_100,100,100,18,344400,0,0,25
plan_build,component_repeated_typed_100,100,100,19,323200,0,0,25
plan_build_alloc,component_repeated_typed_100,100,100,0,0,3876,807301,25
engine_execution,component_repeated_typed_100,100,100,0,1073200,0,0,101
engine_execution,component_repeated_typed_100,100,100,1,1077300,0,0,100
engine_execution,component_repeated_typed_100,100,100,2,1072000,0,0,103
engine_execution,component_repeated_typed_100,100,100,3,1073100,0,0,102
engine_execution,component_repeated_typed_100,100,100,4,1069100,0,0,105
engine_execution,component_repeated_typed_100,100,100,5,1071900,0,0,104
engine_execution,component_repeated_typed_100,100,100,6,1075400,0,0,107
engine_execution,component_repeated_typed_100,100,100,7,1070500,0,0,106
engine_execution,component_repeated_typed_100,100,100,8,1074100,0,0,109
engine_execution,component_repeated_typed_100,100,100,9,1076300,0,0,108
engine_execution,component_repeated_typed_100,100,100,10,1071500,0,0,111
engine_execution,component_repeated_typed_100,100,100,11,1066400,0,0,110
engine_execution,component_repeated_typed_100,100,100,12,1116700,0,0,113
engine_execution,component_repeated_typed_100,100,100,13,1086300,0,0,112
engine_execution,component_repeated_typed_100,100,100,14,1088300,0,0,115
engine_execution,component_repeated_typed_100,100,100,15,1077100,0,0,114
engine_execution,component_repeated_typed_100,100,100,16,1071600,0,0,117
engine_execution,component_repeated_typed_100,100,100,17,1072400,0,0,116
engine_execution,component_repeated_typed_100,100,100,18,1075300,0,0,119
engine_execution,component_repeated_typed_100,100,100,19,1084600,0,0,118
engine_execution,component_repeated_typed_100,100,100,20,1082000,0,0,121
engine_execution,component_repeated_typed_100,100,100,21,1069100,0,0,120
engine_execution,component_repeated_typed_100,100,100,22,1073300,0,0,123
engine_execution,component_repeated_typed_100,100,100,23,1070300,0,0,122
engine_execution,component_repeated_typed_100,100,100,24,1077800,0,0,125
engine_execution,component_repeated_typed_100,100,100,25,1075100,0,0,124
engine_execution,component_repeated_typed_100,100,100,26,1083000,0,0,127
engine_execution,component_repeated_typed_100,100,100,27,1072000,0,0,126
engine_execution,component_repeated_typed_100,100,100,28,1072800,0,0,129
engine_execution,component_repeated_typed_100,100,100,29,1069300,0,0,128
engine_execution,component_repeated_typed_100,100,100,30,1064200,0,0,131
engine_execution,component_repeated_typed_100,100,100,31,1092200,0,0,130
engine_execution,component_repeated_typed_100,100,100,32,1143700,0,0,133
engine_execution,component_repeated_typed_100,100,100,33,1091300,0,0,132
engine_execution,component_repeated_typed_100,100,100,34,1068500,0,0,135
engine_execution,component_repeated_typed_100,100,100,35,1070700,0,0,134
engine_execution,component_repeated_typed_100,100,100,36,1069700,0,0,137
engine_execution,component_repeated_typed_100,100,100,37,1072800,0,0,136
engine_execution,component_repeated_typed_100,100,100,38,1073500,0,0,139
engine_execution,component_repeated_typed_100,100,100,39,1090900,0,0,138
engine_execution_alloc,component_repeated_typed_100,100,100,0,0,22566,1456254,23231
engine_execution,resident_ready_shutdown,1,0,0,7900,0,0,1
engine_execution,resident_ready_shutdown,1,0,1,8000,0,0,1
engine_execution,resident_ready_shutdown,1,0,2,8100,0,0,1
engine_execution,resident_ready_shutdown,1,0,3,7800,0,0,1
engine_execution,resident_ready_shutdown,1,0,4,7900,0,0,1
engine_execution,resident_ready_shutdown,1,0,5,8100,0,0,1
engine_execution,resident_ready_shutdown,1,0,6,7700,0,0,1
engine_execution,resident_ready_shutdown,1,0,7,7900,0,0,1
engine_execution,resident_ready_shutdown,1,0,8,7900,0,0,1
engine_execution,resident_ready_shutdown,1,0,9,7900,0,0,1
engine_execution,resident_ready_shutdown,1,0,10,8000,0,0,1
engine_execution,resident_ready_shutdown,1,0,11,8000,0,0,1
engine_execution,resident_ready_shutdown,1,0,12,7800,0,0,1
engine_execution,resident_ready_shutdown,1,0,13,7900,0,0,1
engine_execution,resident_ready_shutdown,1,0,14,7800,0,0,1
engine_execution,resident_ready_shutdown,1,0,15,7900,0,0,1
engine_execution,resident_ready_shutdown,1,0,16,7800,0,0,1
engine_execution,resident_ready_shutdown,1,0,17,8000,0,0,1
engine_execution,resident_ready_shutdown,1,0,18,7800,0,0,1
engine_execution,resident_ready_shutdown,1,0,19,7800,0,0,1
engine_execution,resident_ready_shutdown,1,0,20,8100,0,0,1
engine_execution,resident_ready_shutdown,1,0,21,7800,0,0,1
engine_execution,resident_ready_shutdown,1,0,22,11500,0,0,1
engine_execution,resident_ready_shutdown,1,0,23,7800,0,0,1
engine_execution,resident_ready_shutdown,1,0,24,8000,0,0,1
engine_execution,resident_ready_shutdown,1,0,25,8200,0,0,1
engine_execution,resident_ready_shutdown,1,0,26,8000,0,0,1
engine_execution,resident_ready_shutdown,1,0,27,8000,0,0,1
engine_execution,resident_ready_shutdown,1,0,28,8000,0,0,1
engine_execution,resident_ready_shutdown,1,0,29,7900,0,0,1
engine_execution,resident_ready_shutdown,1,0,30,8000,0,0,1
engine_execution,resident_ready_shutdown,1,0,31,8000,0,0,1
engine_execution,resident_ready_shutdown,1,0,32,8000,0,0,1
engine_execution,resident_ready_shutdown,1,0,33,7900,0,0,1
engine_execution,resident_ready_shutdown,1,0,34,8100,0,0,1
engine_execution,resident_ready_shutdown,1,0,35,7900,0,0,1
engine_execution,resident_ready_shutdown,1,0,36,7800,0,0,1
engine_execution,resident_ready_shutdown,1,0,37,8000,0,0,1
engine_execution,resident_ready_shutdown,1,0,38,7900,0,0,1
engine_execution,resident_ready_shutdown,1,0,39,8000,0,0,1
engine_execution,service_restart_stable_handle,1,0,0,12000,0,0,27
engine_execution,service_restart_stable_handle,1,0,1,11900,0,0,30
engine_execution,service_restart_stable_handle,1,0,2,12000,0,0,33
engine_execution,service_restart_stable_handle,1,0,3,11900,0,0,36
engine_execution,service_restart_stable_handle,1,0,4,11900,0,0,39
engine_execution,service_restart_stable_handle,1,0,5,12000,0,0,42
engine_execution,service_restart_stable_handle,1,0,6,12000,0,0,45
engine_execution,service_restart_stable_handle,1,0,7,12000,0,0,48
engine_execution,service_restart_stable_handle,1,0,8,11800,0,0,51
engine_execution,service_restart_stable_handle,1,0,9,12000,0,0,54
engine_execution,service_restart_stable_handle,1,0,10,12000,0,0,57
engine_execution,service_restart_stable_handle,1,0,11,11900,0,0,60
engine_execution,service_restart_stable_handle,1,0,12,12000,0,0,63
engine_execution,service_restart_stable_handle,1,0,13,12000,0,0,66
engine_execution,service_restart_stable_handle,1,0,14,12100,0,0,69
engine_execution,service_restart_stable_handle,1,0,15,12000,0,0,72
engine_execution,service_restart_stable_handle,1,0,16,11800,0,0,75
engine_execution,service_restart_stable_handle,1,0,17,12000,0,0,78
engine_execution,service_restart_stable_handle,1,0,18,12000,0,0,81
engine_execution,service_restart_stable_handle,1,0,19,12000,0,0,84
engine_execution,service_restart_stable_handle,1,0,20,12000,0,0,87
engine_execution,service_restart_stable_handle,1,0,21,12600,0,0,90
engine_execution,service_restart_stable_handle,1,0,22,12500,0,0,93
engine_execution,service_restart_stable_handle,1,0,23,12100,0,0,96
engine_execution,service_restart_stable_handle,1,0,24,12300,0,0,99
engine_execution,service_restart_stable_handle,1,0,25,12100,0,0,102
engine_execution,service_restart_stable_handle,1,0,26,12000,0,0,105
engine_execution,service_restart_stable_handle,1,0,27,12200,0,0,108
engine_execution,service_restart_stable_handle,1,0,28,12000,0,0,111
engine_execution,service_restart_stable_handle,1,0,29,12200,0,0,114
engine_execution,service_restart_stable_handle,1,0,30,12000,0,0,117
engine_execution,service_restart_stable_handle,1,0,31,12100,0,0,120
engine_execution,service_restart_stable_handle,1,0,32,12000,0,0,123
engine_execution,service_restart_stable_handle,1,0,33,12000,0,0,126
engine_execution,service_restart_stable_handle,1,0,34,11900,0,0,129
engine_execution,service_restart_stable_handle,1,0,35,12000,0,0,132
engine_execution,service_restart_stable_handle,1,0,36,11900,0,0,135
engine_execution,service_restart_stable_handle,1,0,37,11900,0,0,138
engine_execution,service_restart_stable_handle,1,0,38,11900,0,0,141
engine_execution,service_restart_stable_handle,1,0,39,11800,0,0,144
engine_execution_alloc,service_restart_stable_handle,1,0,0,0,234,22052,147
engine_execution,service_restart_exhausted,1,0,0,8900,0,0,19
engine_execution,service_restart_exhausted,1,0,1,9100,0,0,21
engine_execution,service_restart_exhausted,1,0,2,9100,0,0,23
engine_execution,service_restart_exhausted,1,0,3,9000,0,0,25
engine_execution,service_restart_exhausted,1,0,4,8900,0,0,27
engine_execution,service_restart_exhausted,1,0,5,9200,0,0,29
engine_execution,service_restart_exhausted,1,0,6,8900,0,0,31
engine_execution,service_restart_exhausted,1,0,7,8900,0,0,33
engine_execution,service_restart_exhausted,1,0,8,8900,0,0,35
engine_execution,service_restart_exhausted,1,0,9,9000,0,0,37
engine_execution,service_restart_exhausted,1,0,10,9000,0,0,39
engine_execution,service_restart_exhausted,1,0,11,9100,0,0,41
engine_execution,service_restart_exhausted,1,0,12,9000,0,0,43
engine_execution,service_restart_exhausted,1,0,13,8900,0,0,45
engine_execution,service_restart_exhausted,1,0,14,8900,0,0,47
engine_execution,service_restart_exhausted,1,0,15,9100,0,0,49
engine_execution,service_restart_exhausted,1,0,16,9000,0,0,51
engine_execution,service_restart_exhausted,1,0,17,9100,0,0,53
engine_execution,service_restart_exhausted,1,0,18,9000,0,0,55
engine_execution,service_restart_exhausted,1,0,19,9200,0,0,57
engine_execution,service_restart_exhausted,1,0,20,9100,0,0,59
engine_execution,service_restart_exhausted,1,0,21,9000,0,0,61
engine_execution,service_restart_exhausted,1,0,22,9100,0,0,63
engine_execution,service_restart_exhausted,1,0,23,9100,0,0,65
engine_execution,service_restart_exhausted,1,0,24,9100,0,0,67
engine_execution,service_restart_exhausted,1,0,25,8900,0,0,69
engine_execution,service_restart_exhausted,1,0,26,9000,0,0,71
engine_execution,service_restart_exhausted,1,0,27,9000,0,0,73
engine_execution,service_restart_exhausted,1,0,28,9000,0,0,75
engine_execution,service_restart_exhausted,1,0,29,8900,0,0,77
engine_execution,service_restart_exhausted,1,0,30,8800,0,0,79
engine_execution,service_restart_exhausted,1,0,31,9000,0,0,81
engine_execution,service_restart_exhausted,1,0,32,8900,0,0,83
engine_execution,service_restart_exhausted,1,0,33,9000,0,0,85
engine_execution,service_restart_exhausted,1,0,34,9000,0,0,87
engine_execution,service_restart_exhausted,1,0,35,8900,0,0,89
engine_execution,service_restart_exhausted,1,0,36,8900,0,0,91
engine_execution,service_restart_exhausted,1,0,37,8900,0,0,93
engine_execution,service_restart_exhausted,1,0,38,8900,0,0,95
engine_execution,service_restart_exhausted,1,0,39,8900,0,0,97
engine_execution_alloc,service_restart_exhausted,1,0,0,0,182,17556,99
engine_execution,dynamic_live_instances_1,3,2,0,31600,0,0,0
engine_execution,dynamic_live_instances_1,3,2,1,31300,0,0,0
engine_execution,dynamic_live_instances_1,3,2,2,30600,0,0,0
engine_execution,dynamic_live_instances_1,3,2,3,32800,0,0,0
engine_execution,dynamic_live_instances_1,3,2,4,31700,0,0,0
engine_execution,dynamic_live_instances_1,3,2,5,30200,0,0,0
engine_execution,dynamic_live_instances_1,3,2,6,30100,0,0,0
engine_execution,dynamic_live_instances_1,3,2,7,30200,0,0,0
engine_execution,dynamic_live_instances_1,3,2,8,30700,0,0,0
engine_execution,dynamic_live_instances_1,3,2,9,30100,0,0,0
engine_execution,dynamic_live_instances_1,3,2,10,30000,0,0,0
engine_execution,dynamic_live_instances_1,3,2,11,29900,0,0,0
engine_execution,dynamic_live_instances_1,3,2,12,30500,0,0,0
engine_execution,dynamic_live_instances_1,3,2,13,29700,0,0,0
engine_execution,dynamic_live_instances_1,3,2,14,29300,0,0,0
engine_execution,dynamic_live_instances_1,3,2,15,30500,0,0,0
engine_execution,dynamic_live_instances_1,3,2,16,36000,0,0,0
engine_execution,dynamic_live_instances_1,3,2,17,30800,0,0,0
engine_execution,dynamic_live_instances_1,3,2,18,29100,0,0,0
engine_execution,dynamic_live_instances_1,3,2,19,29900,0,0,0
engine_execution,dynamic_live_instances_1,3,2,20,30000,0,0,0
engine_execution,dynamic_live_instances_1,3,2,21,29800,0,0,0
engine_execution,dynamic_live_instances_1,3,2,22,29600,0,0,0
engine_execution,dynamic_live_instances_1,3,2,23,30200,0,0,0
engine_execution,dynamic_live_instances_1,3,2,24,29900,0,0,0
engine_execution,dynamic_live_instances_1,3,2,25,30000,0,0,0
engine_execution,dynamic_live_instances_1,3,2,26,29400,0,0,0
engine_execution,dynamic_live_instances_1,3,2,27,29600,0,0,0
engine_execution,dynamic_live_instances_1,3,2,28,30900,0,0,0
engine_execution,dynamic_live_instances_1,3,2,29,30800,0,0,0
engine_execution,dynamic_live_instances_1,3,2,30,29700,0,0,0
engine_execution,dynamic_live_instances_1,3,2,31,29900,0,0,0
engine_execution,dynamic_live_instances_1,3,2,32,30400,0,0,0
engine_execution,dynamic_live_instances_1,3,2,33,29900,0,0,0
engine_execution,dynamic_live_instances_1,3,2,34,29700,0,0,0
engine_execution,dynamic_live_instances_1,3,2,35,30000,0,0,0
engine_execution,dynamic_live_instances_1,3,2,36,30300,0,0,0
engine_execution,dynamic_live_instances_1,3,2,37,30300,0,0,0
engine_execution,dynamic_live_instances_1,3,2,38,29800,0,0,0
engine_execution,dynamic_live_instances_1,3,2,39,31100,0,0,0
engine_execution_alloc,dynamic_live_instances_1,3,2,1,0,622,58021,0
engine_execution,dynamic_live_instances_10,3,2,0,236800,0,0,11
engine_execution,dynamic_live_instances_10,3,2,1,253200,0,0,11
engine_execution,dynamic_live_instances_10,3,2,2,240300,0,0,11
engine_execution,dynamic_live_instances_10,3,2,3,235100,0,0,11
engine_execution,dynamic_live_instances_10,3,2,4,247200,0,0,11
engine_execution,dynamic_live_instances_10,3,2,5,234900,0,0,11
engine_execution,dynamic_live_instances_10,3,2,6,235100,0,0,11
engine_execution,dynamic_live_instances_10,3,2,7,232700,0,0,11
engine_execution,dynamic_live_instances_10,3,2,8,237300,0,0,11
engine_execution,dynamic_live_instances_10,3,2,9,237200,0,0,11
engine_execution,dynamic_live_instances_10,3,2,10,245900,0,0,11
engine_execution,dynamic_live_instances_10,3,2,11,237100,0,0,11
engine_execution,dynamic_live_instances_10,3,2,12,238400,0,0,11
engine_execution,dynamic_live_instances_10,3,2,13,231700,0,0,11
engine_execution,dynamic_live_instances_10,3,2,14,235800,0,0,11
engine_execution,dynamic_live_instances_10,3,2,15,231200,0,0,11
engine_execution,dynamic_live_instances_10,3,2,16,234700,0,0,11
engine_execution,dynamic_live_instances_10,3,2,17,233400,0,0,11
engine_execution,dynamic_live_instances_10,3,2,18,235800,0,0,11
engine_execution,dynamic_live_instances_10,3,2,19,232400,0,0,11
engine_execution,dynamic_live_instances_10,3,2,20,234300,0,0,11
engine_execution,dynamic_live_instances_10,3,2,21,236000,0,0,11
engine_execution,dynamic_live_instances_10,3,2,22,234300,0,0,11
engine_execution,dynamic_live_instances_10,3,2,23,230800,0,0,11
engine_execution,dynamic_live_instances_10,3,2,24,232100,0,0,11
engine_execution,dynamic_live_instances_10,3,2,25,228600,0,0,11
engine_execution,dynamic_live_instances_10,3,2,26,257500,0,0,11
engine_execution,dynamic_live_instances_10,3,2,27,275000,0,0,11
engine_execution,dynamic_live_instances_10,3,2,28,243100,0,0,11
engine_execution,dynamic_live_instances_10,3,2,29,247500,0,0,11
engine_execution,dynamic_live_instances_10,3,2,30,235200,0,0,11
engine_execution,dynamic_live_instances_10,3,2,31,237100,0,0,11
engine_execution,dynamic_live_instances_10,3,2,32,235300,0,0,11
engine_execution,dynamic_live_instances_10,3,2,33,231900,0,0,11
engine_execution,dynamic_live_instances_10,3,2,34,235400,0,0,11
engine_execution,dynamic_live_instances_10,3,2,35,250000,0,0,11
engine_execution,dynamic_live_instances_10,3,2,36,319500,0,0,11
engine_execution,dynamic_live_instances_10,3,2,37,253900,0,0,11
engine_execution,dynamic_live_instances_10,3,2,38,238100,0,0,11
engine_execution,dynamic_live_instances_10,3,2,39,233300,0,0,11
engine_execution_alloc,dynamic_live_instances_10,3,2,10,0,4479,430855,11
engine_execution,dynamic_live_instances_100,3,2,0,5481100,0,0,101
engine_execution,dynamic_live_instances_100,3,2,1,5337100,0,0,101
engine_execution,dynamic_live_instances_100,3,2,2,5386300,0,0,101
engine_execution,dynamic_live_instances_100,3,2,3,5336900,0,0,101
engine_execution,dynamic_live_instances_100,3,2,4,5424500,0,0,101
engine_execution,dynamic_live_instances_100,3,2,5,5582500,0,0,101
engine_execution,dynamic_live_instances_100,3,2,6,5361400,0,0,101
engine_execution,dynamic_live_instances_100,3,2,7,5262400,0,0,101
engine_execution,dynamic_live_instances_100,3,2,8,5319400,0,0,101
engine_execution,dynamic_live_instances_100,3,2,9,5265700,0,0,101
engine_execution,dynamic_live_instances_100,3,2,10,5350900,0,0,101
engine_execution,dynamic_live_instances_100,3,2,11,5441700,0,0,101
engine_execution,dynamic_live_instances_100,3,2,12,5390700,0,0,101
engine_execution,dynamic_live_instances_100,3,2,13,5251600,0,0,101
engine_execution,dynamic_live_instances_100,3,2,14,5486700,0,0,101
engine_execution,dynamic_live_instances_100,3,2,15,5216300,0,0,101
engine_execution,dynamic_live_instances_100,3,2,16,5680900,0,0,101
engine_execution,dynamic_live_instances_100,3,2,17,5692100,0,0,101
engine_execution,dynamic_live_instances_100,3,2,18,5477500,0,0,101
engine_execution,dynamic_live_instances_100,3,2,19,5154800,0,0,101
engine_execution,dynamic_live_instances_100,3,2,20,5409100,0,0,101
engine_execution,dynamic_live_instances_100,3,2,21,5346000,0,0,101
engine_execution,dynamic_live_instances_100,3,2,22,5550700,0,0,101
engine_execution,dynamic_live_instances_100,3,2,23,5307000,0,0,101
engine_execution,dynamic_live_instances_100,3,2,24,5375200,0,0,101
engine_execution,dynamic_live_instances_100,3,2,25,5314600,0,0,101
engine_execution,dynamic_live_instances_100,3,2,26,5301000,0,0,101
engine_execution,dynamic_live_instances_100,3,2,27,4742900,0,0,101
engine_execution,dynamic_live_instances_100,3,2,28,4859900,0,0,101
engine_execution,dynamic_live_instances_100,3,2,29,5253700,0,0,101
engine_execution,dynamic_live_instances_100,3,2,30,5220900,0,0,101
engine_execution,dynamic_live_instances_100,3,2,31,4698000,0,0,101
engine_execution,dynamic_live_instances_100,3,2,32,4870500,0,0,101
engine_execution,dynamic_live_instances_100,3,2,33,5271600,0,0,101
engine_execution,dynamic_live_instances_100,3,2,34,4807900,0,0,101
engine_execution,dynamic_live_instances_100,3,2,35,4695600,0,0,101
engine_execution,dynamic_live_instances_100,3,2,36,4713700,0,0,101
engine_execution,dynamic_live_instances_100,3,2,37,5553200,0,0,101
engine_execution,dynamic_live_instances_100,3,2,38,5368600,0,0,101
engine_execution,dynamic_live_instances_100,3,2,39,5543400,0,0,101
engine_execution_alloc,dynamic_live_instances_100,3,2,100,0,69635,6293899,101
engine_execution,dynamic_sequential_churn_1,2,1,0,26200,0,0,9
engine_execution,dynamic_sequential_churn_1,2,1,1,26700,0,0,10
engine_execution,dynamic_sequential_churn_1,2,1,2,26000,0,0,11
engine_execution,dynamic_sequential_churn_1,2,1,3,25700,0,0,12
engine_execution,dynamic_sequential_churn_1,2,1,4,26300,0,0,13
engine_execution,dynamic_sequential_churn_1,2,1,5,26100,0,0,14
engine_execution,dynamic_sequential_churn_1,2,1,6,26500,0,0,15
engine_execution,dynamic_sequential_churn_1,2,1,7,25900,0,0,16
engine_execution,dynamic_sequential_churn_1,2,1,8,25900,0,0,17
engine_execution,dynamic_sequential_churn_1,2,1,9,34700,0,0,18
engine_execution,dynamic_sequential_churn_1,2,1,10,34100,0,0,19
engine_execution,dynamic_sequential_churn_1,2,1,11,28300,0,0,20
engine_execution,dynamic_sequential_churn_1,2,1,12,27000,0,0,21
engine_execution,dynamic_sequential_churn_1,2,1,13,26700,0,0,22
engine_execution,dynamic_sequential_churn_1,2,1,14,26400,0,0,23
engine_execution,dynamic_sequential_churn_1,2,1,15,26500,0,0,24
engine_execution,dynamic_sequential_churn_1,2,1,16,27200,0,0,25
engine_execution,dynamic_sequential_churn_1,2,1,17,26400,0,0,26
engine_execution,dynamic_sequential_churn_1,2,1,18,25900,0,0,27
engine_execution,dynamic_sequential_churn_1,2,1,19,34600,0,0,28
engine_execution,dynamic_sequential_churn_1,2,1,20,31600,0,0,29
engine_execution,dynamic_sequential_churn_1,2,1,21,28400,0,0,30
engine_execution,dynamic_sequential_churn_1,2,1,22,27300,0,0,31
engine_execution,dynamic_sequential_churn_1,2,1,23,26900,0,0,32
engine_execution,dynamic_sequential_churn_1,2,1,24,26700,0,0,33
engine_execution,dynamic_sequential_churn_1,2,1,25,26400,0,0,34
engine_execution,dynamic_sequential_churn_1,2,1,26,26400,0,0,35
engine_execution,dynamic_sequential_churn_1,2,1,27,26700,0,0,36
engine_execution,dynamic_sequential_churn_1,2,1,28,26900,0,0,37
engine_execution,dynamic_sequential_churn_1,2,1,29,26100,0,0,38
engine_execution,dynamic_sequential_churn_1,2,1,30,26200,0,0,39
engine_execution,dynamic_sequential_churn_1,2,1,31,26200,0,0,40
engine_execution,dynamic_sequential_churn_1,2,1,32,26200,0,0,41
engine_execution,dynamic_sequential_churn_1,2,1,33,26100,0,0,42
engine_execution,dynamic_sequential_churn_1,2,1,34,26000,0,0,43
engine_execution,dynamic_sequential_churn_1,2,1,35,25800,0,0,44
engine_execution,dynamic_sequential_churn_1,2,1,36,26200,0,0,45
engine_execution,dynamic_sequential_churn_1,2,1,37,25900,0,0,46
engine_execution,dynamic_sequential_churn_1,2,1,38,26000,0,0,47
engine_execution,dynamic_sequential_churn_1,2,1,39,25700,0,0,48
engine_execution_alloc,dynamic_sequential_churn_1,2,1,1,0,540,47499,49
engine_execution,dynamic_sequential_churn_10,2,1,0,175600,0,0,90
engine_execution,dynamic_sequential_churn_10,2,1,1,176000,0,0,100
engine_execution,dynamic_sequential_churn_10,2,1,2,172100,0,0,110
engine_execution,dynamic_sequential_churn_10,2,1,3,172800,0,0,120
engine_execution,dynamic_sequential_churn_10,2,1,4,173000,0,0,130
engine_execution,dynamic_sequential_churn_10,2,1,5,176300,0,0,140
engine_execution,dynamic_sequential_churn_10,2,1,6,173500,0,0,150
engine_execution,dynamic_sequential_churn_10,2,1,7,174100,0,0,160
engine_execution,dynamic_sequential_churn_10,2,1,8,172700,0,0,170
engine_execution,dynamic_sequential_churn_10,2,1,9,175500,0,0,180
engine_execution,dynamic_sequential_churn_10,2,1,10,172700,0,0,190
engine_execution,dynamic_sequential_churn_10,2,1,11,178600,0,0,200
engine_execution,dynamic_sequential_churn_10,2,1,12,174400,0,0,210
engine_execution,dynamic_sequential_churn_10,2,1,13,176000,0,0,220
engine_execution,dynamic_sequential_churn_10,2,1,14,178000,0,0,230
engine_execution,dynamic_sequential_churn_10,2,1,15,175300,0,0,240
engine_execution,dynamic_sequential_churn_10,2,1,16,174900,0,0,250
engine_execution,dynamic_sequential_churn_10,2,1,17,176500,0,0,260
engine_execution,dynamic_sequential_churn_10,2,1,18,174000,0,0,270
engine_execution,dynamic_sequential_churn_10,2,1,19,176500,0,0,280
engine_execution,dynamic_sequential_churn_10,2,1,20,175700,0,0,290
engine_execution,dynamic_sequential_churn_10,2,1,21,175900,0,0,300
engine_execution,dynamic_sequential_churn_10,2,1,22,176900,0,0,310
engine_execution,dynamic_sequential_churn_10,2,1,23,176100,0,0,320
engine_execution,dynamic_sequential_churn_10,2,1,24,172500,0,0,330
engine_execution,dynamic_sequential_churn_10,2,1,25,174700,0,0,340
engine_execution,dynamic_sequential_churn_10,2,1,26,173200,0,0,350
engine_execution,dynamic_sequential_churn_10,2,1,27,176000,0,0,360
engine_execution,dynamic_sequential_churn_10,2,1,28,173200,0,0,370
engine_execution,dynamic_sequential_churn_10,2,1,29,173900,0,0,380
engine_execution,dynamic_sequential_churn_10,2,1,30,172800,0,0,390
engine_execution,dynamic_sequential_churn_10,2,1,31,176500,0,0,400
engine_execution,dynamic_sequential_churn_10,2,1,32,175800,0,0,410
engine_execution,dynamic_sequential_churn_10,2,1,33,174400,0,0,420
engine_execution,dynamic_sequential_churn_10,2,1,34,172400,0,0,430
engine_execution,dynamic_sequential_churn_10,2,1,35,175200,0,0,440
engine_execution,dynamic_sequential_churn_10,2,1,36,330300,0,0,450
engine_execution,dynamic_sequential_churn_10,2,1,37,217800,0,0,460
engine_execution,dynamic_sequential_churn_10,2,1,38,175300,0,0,470
engine_execution,dynamic_sequential_churn_10,2,1,39,176100,0,0,480
engine_execution_alloc,dynamic_sequential_churn_10,2,1,10,0,3478,313271,490
engine_execution,dynamic_sequential_churn_100,2,1,0,1849500,0,0,900
engine_execution,dynamic_sequential_churn_100,2,1,1,1947400,0,0,1000
engine_execution,dynamic_sequential_churn_100,2,1,2,2228900,0,0,1100
engine_execution,dynamic_sequential_churn_100,2,1,3,2024300,0,0,1200
engine_execution,dynamic_sequential_churn_100,2,1,4,2227800,0,0,1300
engine_execution,dynamic_sequential_churn_100,2,1,5,1989700,0,0,1400
engine_execution,dynamic_sequential_churn_100,2,1,6,1927600,0,0,1500
engine_execution,dynamic_sequential_churn_100,2,1,7,1914600,0,0,1600
engine_execution,dynamic_sequential_churn_100,2,1,8,1886800,0,0,1700
engine_execution,dynamic_sequential_churn_100,2,1,9,1864200,0,0,1800
engine_execution,dynamic_sequential_churn_100,2,1,10,1872000,0,0,1900
engine_execution,dynamic_sequential_churn_100,2,1,11,1857700,0,0,2000
engine_execution,dynamic_sequential_churn_100,2,1,12,1870500,0,0,2100
engine_execution,dynamic_sequential_churn_100,2,1,13,1959500,0,0,2200
engine_execution,dynamic_sequential_churn_100,2,1,14,2292500,0,0,2300
engine_execution,dynamic_sequential_churn_100,2,1,15,1912500,0,0,2400
engine_execution,dynamic_sequential_churn_100,2,1,16,1923900,0,0,2500
engine_execution,dynamic_sequential_churn_100,2,1,17,1914400,0,0,2600
engine_execution,dynamic_sequential_churn_100,2,1,18,1992000,0,0,2700
engine_execution,dynamic_sequential_churn_100,2,1,19,1858700,0,0,2800
engine_execution,dynamic_sequential_churn_100,2,1,20,1884200,0,0,2900
engine_execution,dynamic_sequential_churn_100,2,1,21,1863700,0,0,3000
engine_execution,dynamic_sequential_churn_100,2,1,22,1884700,0,0,3100
engine_execution,dynamic_sequential_churn_100,2,1,23,1858000,0,0,3200
engine_execution,dynamic_sequential_churn_100,2,1,24,1946700,0,0,3300
engine_execution,dynamic_sequential_churn_100,2,1,25,2175600,0,0,3400
engine_execution,dynamic_sequential_churn_100,2,1,26,2227400,0,0,3500
engine_execution,dynamic_sequential_churn_100,2,1,27,1905700,0,0,3600
engine_execution,dynamic_sequential_churn_100,2,1,28,1864500,0,0,3700
engine_execution,dynamic_sequential_churn_100,2,1,29,1920900,0,0,3800
engine_execution,dynamic_sequential_churn_100,2,1,30,1877800,0,0,3900
engine_execution,dynamic_sequential_churn_100,2,1,31,1866500,0,0,4000
engine_execution,dynamic_sequential_churn_100,2,1,32,1859200,0,0,4100
engine_execution,dynamic_sequential_churn_100,2,1,33,1930000,0,0,4200
engine_execution,dynamic_sequential_churn_100,2,1,34,1926700,0,0,4300
engine_execution,dynamic_sequential_churn_100,2,1,35,1882800,0,0,4400
engine_execution,dynamic_sequential_churn_100,2,1,36,1963200,0,0,4500
engine_execution,dynamic_sequential_churn_100,2,1,37,2185100,0,0,4600
engine_execution,dynamic_sequential_churn_100,2,1,38,2233800,0,0,4700
engine_execution,dynamic_sequential_churn_100,2,1,39,1917300,0,0,4800
engine_execution_alloc,dynamic_sequential_churn_100,2,1,100,0,32600,3408879,4900
engine_execution,effect_unknown_recovery_resolved,1,0,0,7900,0,0,9
engine_execution,effect_unknown_recovery_resolved,1,0,1,7900,0,0,10
engine_execution,effect_unknown_recovery_resolved,1,0,2,8100,0,0,11
engine_execution,effect_unknown_recovery_resolved,1,0,3,8000,0,0,12
engine_execution,effect_unknown_recovery_resolved,1,0,4,7900,0,0,13
engine_execution,effect_unknown_recovery_resolved,1,0,5,8000,0,0,14
engine_execution,effect_unknown_recovery_resolved,1,0,6,7800,0,0,15
engine_execution,effect_unknown_recovery_resolved,1,0,7,7900,0,0,16
engine_execution,effect_unknown_recovery_resolved,1,0,8,7900,0,0,17
engine_execution,effect_unknown_recovery_resolved,1,0,9,7900,0,0,18
engine_execution,effect_unknown_recovery_resolved,1,0,10,8000,0,0,19
engine_execution,effect_unknown_recovery_resolved,1,0,11,7900,0,0,20
engine_execution,effect_unknown_recovery_resolved,1,0,12,7800,0,0,21
engine_execution,effect_unknown_recovery_resolved,1,0,13,7800,0,0,22
engine_execution,effect_unknown_recovery_resolved,1,0,14,7800,0,0,23
engine_execution,effect_unknown_recovery_resolved,1,0,15,8000,0,0,24
engine_execution,effect_unknown_recovery_resolved,1,0,16,8100,0,0,25
engine_execution,effect_unknown_recovery_resolved,1,0,17,7900,0,0,26
engine_execution,effect_unknown_recovery_resolved,1,0,18,7900,0,0,27
engine_execution,effect_unknown_recovery_resolved,1,0,19,7800,0,0,28
engine_execution,effect_unknown_recovery_resolved,1,0,20,8000,0,0,29
engine_execution,effect_unknown_recovery_resolved,1,0,21,7700,0,0,30
engine_execution,effect_unknown_recovery_resolved,1,0,22,7800,0,0,31
engine_execution,effect_unknown_recovery_resolved,1,0,23,7900,0,0,32
engine_execution,effect_unknown_recovery_resolved,1,0,24,7800,0,0,33
engine_execution,effect_unknown_recovery_resolved,1,0,25,7800,0,0,34
engine_execution,effect_unknown_recovery_resolved,1,0,26,7900,0,0,35
engine_execution,effect_unknown_recovery_resolved,1,0,27,7600,0,0,36
engine_execution,effect_unknown_recovery_resolved,1,0,28,7700,0,0,37
engine_execution,effect_unknown_recovery_resolved,1,0,29,7700,0,0,38
engine_execution,effect_unknown_recovery_resolved,1,0,30,7900,0,0,39
engine_execution,effect_unknown_recovery_resolved,1,0,31,7700,0,0,40
engine_execution,effect_unknown_recovery_resolved,1,0,32,7800,0,0,41
engine_execution,effect_unknown_recovery_resolved,1,0,33,7900,0,0,42
engine_execution,effect_unknown_recovery_resolved,1,0,34,7900,0,0,43
engine_execution,effect_unknown_recovery_resolved,1,0,35,7800,0,0,44
engine_execution,effect_unknown_recovery_resolved,1,0,36,8100,0,0,45
engine_execution,effect_unknown_recovery_resolved,1,0,37,7900,0,0,46
engine_execution,effect_unknown_recovery_resolved,1,0,38,7900,0,0,47
engine_execution,effect_unknown_recovery_resolved,1,0,39,7900,0,0,48
engine_execution_alloc,effect_unknown_recovery_resolved,1,0,0,0,144,14963,49
engine_execution,effect_unknown_recovery_failed,1,0,0,9700,0,0,11
engine_execution,effect_unknown_recovery_failed,1,0,1,8900,0,0,12
engine_execution,effect_unknown_recovery_failed,1,0,2,8700,0,0,13
engine_execution,effect_unknown_recovery_failed,1,0,3,8300,0,0,14
engine_execution,effect_unknown_recovery_failed,1,0,4,8200,0,0,15
engine_execution,effect_unknown_recovery_failed,1,0,5,8400,0,0,16
engine_execution,effect_unknown_recovery_failed,1,0,6,8100,0,0,17
engine_execution,effect_unknown_recovery_failed,1,0,7,8000,0,0,18
engine_execution,effect_unknown_recovery_failed,1,0,8,8200,0,0,19
engine_execution,effect_unknown_recovery_failed,1,0,9,8100,0,0,20
engine_execution,effect_unknown_recovery_failed,1,0,10,8000,0,0,21
engine_execution,effect_unknown_recovery_failed,1,0,11,8300,0,0,22
engine_execution,effect_unknown_recovery_failed,1,0,12,8200,0,0,23
engine_execution,effect_unknown_recovery_failed,1,0,13,8100,0,0,24
engine_execution,effect_unknown_recovery_failed,1,0,14,7900,0,0,25
engine_execution,effect_unknown_recovery_failed,1,0,15,8200,0,0,26
engine_execution,effect_unknown_recovery_failed,1,0,16,8000,0,0,27
engine_execution,effect_unknown_recovery_failed,1,0,17,8100,0,0,28
engine_execution,effect_unknown_recovery_failed,1,0,18,8000,0,0,29
engine_execution,effect_unknown_recovery_failed,1,0,19,8000,0,0,30
engine_execution,effect_unknown_recovery_failed,1,0,20,8000,0,0,31
engine_execution,effect_unknown_recovery_failed,1,0,21,8100,0,0,32
engine_execution,effect_unknown_recovery_failed,1,0,22,8200,0,0,33
engine_execution,effect_unknown_recovery_failed,1,0,23,8100,0,0,34
engine_execution,effect_unknown_recovery_failed,1,0,24,8100,0,0,35
engine_execution,effect_unknown_recovery_failed,1,0,25,8000,0,0,36
engine_execution,effect_unknown_recovery_failed,1,0,26,8100,0,0,37
engine_execution,effect_unknown_recovery_failed,1,0,27,8300,0,0,38
engine_execution,effect_unknown_recovery_failed,1,0,28,8000,0,0,39
engine_execution,effect_unknown_recovery_failed,1,0,29,8200,0,0,40
engine_execution,effect_unknown_recovery_failed,1,0,30,8300,0,0,41
engine_execution,effect_unknown_recovery_failed,1,0,31,8200,0,0,42
engine_execution,effect_unknown_recovery_failed,1,0,32,8400,0,0,43
engine_execution,effect_unknown_recovery_failed,1,0,33,8100,0,0,44
engine_execution,effect_unknown_recovery_failed,1,0,34,8200,0,0,45
engine_execution,effect_unknown_recovery_failed,1,0,35,8000,0,0,46
engine_execution,effect_unknown_recovery_failed,1,0,36,8000,0,0,47
engine_execution,effect_unknown_recovery_failed,1,0,37,8100,0,0,48
engine_execution,effect_unknown_recovery_failed,1,0,38,7900,0,0,49
engine_execution,effect_unknown_recovery_failed,1,0,39,8100,0,0,50
engine_execution_alloc,effect_unknown_recovery_failed,1,0,0,0,151,15667,51
engine_execution,trace_default,100,99,0,311600,0,0,1
engine_execution,trace_default,100,99,1,305100,0,0,0
engine_execution,trace_default,100,99,2,308600,0,0,3
engine_execution,trace_default,100,99,3,307600,0,0,2
engine_execution,trace_default,100,99,4,306400,0,0,5
engine_execution,trace_default,100,99,5,308500,0,0,4
engine_execution,trace_default,100,99,6,314200,0,0,7
engine_execution,trace_default,100,99,7,308500,0,0,6
engine_execution,trace_default,100,99,8,306500,0,0,9
engine_execution,trace_default,100,99,9,310000,0,0,8
engine_execution,trace_default,100,99,10,312400,0,0,11
engine_execution,trace_default,100,99,11,308400,0,0,10
engine_execution,trace_default,100,99,12,306500,0,0,13
engine_execution,trace_default,100,99,13,310900,0,0,12
engine_execution,trace_default,100,99,14,315700,0,0,15
engine_execution,trace_default,100,99,15,307700,0,0,14
engine_execution,trace_default,100,99,16,308100,0,0,17
engine_execution,trace_default,100,99,17,306400,0,0,16
engine_execution,trace_default,100,99,18,313700,0,0,19
engine_execution,trace_default,100,99,19,309100,0,0,18
engine_execution,trace_default,100,99,20,312100,0,0,21
engine_execution,trace_default,100,99,21,308000,0,0,20
engine_execution,trace_default,100,99,22,308000,0,0,23
engine_execution,trace_default,100,99,23,309000,0,0,22
engine_execution,trace_default,100,99,24,314300,0,0,25
engine_execution,trace_default,100,99,25,307100,0,0,24
engine_execution,trace_default,100,99,26,305200,0,0,27
engine_execution,trace_default,100,99,27,306700,0,0,26
engine_execution,trace_default,100,99,28,306600,0,0,29
engine_execution,trace_default,100,99,29,306700,0,0,28
engine_execution,trace_default,100,99,30,309300,0,0,31
engine_execution,trace_default,100,99,31,309800,0,0,30
engine_execution,trace_default,100,99,32,309600,0,0,33
engine_execution,trace_default,100,99,33,308400,0,0,32
engine_execution,trace_default,100,99,34,309300,0,0,35
engine_execution,trace_default,100,99,35,312100,0,0,34
engine_execution,trace_default,100,99,36,307200,0,0,37
engine_execution,trace_default,100,99,37,312500,0,0,36
engine_execution,trace_default,100,99,38,307600,0,0,39
engine_execution,trace_default,100,99,39,305400,0,0,38
engine_execution_alloc,trace_default,100,99,0,0,5259,513144,23131
engine_execution,trace_observer,100,99,0,306700,0,0,1
engine_execution,trace_observer,100,99,1,307500,0,0,0
engine_execution,trace_observer,100,99,2,306300,0,0,3
engine_execution,trace_observer,100,99,3,308100,0,0,2
engine_execution,trace_observer,100,99,4,305100,0,0,5
engine_execution,trace_observer,100,99,5,309500,0,0,4
engine_execution,trace_observer,100,99,6,307900,0,0,7
engine_execution,trace_observer,100,99,7,309100,0,0,6
engine_execution,trace_observer,100,99,8,308000,0,0,9
engine_execution,trace_observer,100,99,9,306400,0,0,8
engine_execution,trace_observer,100,99,10,311200,0,0,11
engine_execution,trace_observer,100,99,11,311400,0,0,10
engine_execution,trace_observer,100,99,12,315300,0,0,13
engine_execution,trace_observer,100,99,13,312000,0,0,12
engine_execution,trace_observer,100,99,14,312500,0,0,15
engine_execution,trace_observer,100,99,15,312100,0,0,14
engine_execution,trace_observer,100,99,16,314000,0,0,17
engine_execution,trace_observer,100,99,17,309700,0,0,16
engine_execution,trace_observer,100,99,18,308800,0,0,19
engine_execution,trace_observer,100,99,19,311000,0,0,18
engine_execution,trace_observer,100,99,20,310000,0,0,21
engine_execution,trace_observer,100,99,21,311900,0,0,20
engine_execution,trace_observer,100,99,22,313800,0,0,23
engine_execution,trace_observer,100,99,23,306700,0,0,22
engine_execution,trace_observer,100,99,24,306500,0,0,25
engine_execution,trace_observer,100,99,25,303800,0,0,24
engine_execution,trace_observer,100,99,26,305200,0,0,27
engine_execution,trace_observer,100,99,27,305700,0,0,26
engine_execution,trace_observer,100,99,28,310100,0,0,29
engine_execution,trace_observer,100,99,29,307100,0,0,28
engine_execution,trace_observer,100,99,30,306400,0,0,31
engine_execution,trace_observer,100,99,31,309300,0,0,30
engine_execution,trace_observer,100,99,32,307200,0,0,33
engine_execution,trace_observer,100,99,33,306000,0,0,32
engine_execution,trace_observer,100,99,34,310400,0,0,35
engine_execution,trace_observer,100,99,35,309600,0,0,34
engine_execution,trace_observer,100,99,36,306100,0,0,37
engine_execution,trace_observer,100,99,37,317800,0,0,36
engine_execution,trace_observer,100,99,38,310900,0,0,39
engine_execution,trace_observer,100,99,39,306500,0,0,38
engine_execution_alloc,trace_observer,100,99,0,0,5259,513144,23131
representative_application,application_hash_sdax,10,9,0,27800,0,0,8827501768403342007
representative_application,application_hash_sdax,10,9,1,27500,0,0,8951258580674472749
representative_application,application_hash_sdax,10,9,2,27300,0,0,18157584738022301124
representative_application,application_hash_sdax,10,9,3,27200,0,0,16093298964628915617
representative_application,application_hash_sdax,10,9,4,27500,0,0,4338024545885762412
representative_application,application_hash_sdax,10,9,5,27200,0,0,4989613096480112062
representative_application,application_hash_sdax,10,9,6,27200,0,0,14756605482753659039
representative_application,application_hash_sdax,10,9,7,27500,0,0,48615153832195890
representative_application,application_hash_sdax,10,9,8,27500,0,0,12897547982939568865
representative_application,application_hash_sdax,10,9,9,27300,0,0,6455468052857312123
representative_application,application_hash_sdax,10,9,10,27800,0,0,7461994257773924098
representative_application,application_hash_sdax,10,9,11,27600,0,0,3636896381673253623
representative_application,application_hash_sdax,10,9,12,27700,0,0,6793413810667899076
representative_application,application_hash_sdax,10,9,13,27800,0,0,12277190981714708308
representative_application,application_hash_sdax,10,9,14,27900,0,0,9683030269895486545
representative_application,application_hash_sdax,10,9,15,27800,0,0,9383150768291419922
representative_application,application_hash_sdax,10,9,16,27700,0,0,11312423361794011584
representative_application,application_hash_sdax,10,9,17,27600,0,0,18128183083347417488
representative_application,application_hash_sdax,10,9,18,27300,0,0,12087555839788357172
representative_application,application_hash_sdax,10,9,19,27400,0,0,13041129334982073488
representative_application,application_hash_sdax,10,9,20,27400,0,0,8384464984104957687
representative_application,application_hash_sdax,10,9,21,27700,0,0,10868783110269989825
representative_application,application_hash_sdax,10,9,22,27900,0,0,15668235844036064711
representative_application,application_hash_sdax,10,9,23,27800,0,0,4013874171971043560
representative_application,application_hash_sdax,10,9,24,27400,0,0,4203571749175062306
representative_application,application_hash_sdax,10,9,25,28000,0,0,10926854856726577928
representative_application,application_hash_sdax,10,9,26,27500,0,0,16212662351989052772
representative_application,application_hash_sdax,10,9,27,27400,0,0,11560519827294593319
representative_application,application_hash_sdax,10,9,28,27400,0,0,7617103062409141563
representative_application,application_hash_sdax,10,9,29,27600,0,0,15838086077383948403
representative_application,application_hash_sdax,10,9,30,27400,0,0,8116776606867456652
representative_application,application_hash_sdax,10,9,31,27700,0,0,11359474695907197805
representative_application,application_hash_sdax,10,9,32,27500,0,0,9168736860549268637
representative_application,application_hash_sdax,10,9,33,27800,0,0,16764612828771598240
representative_application,application_hash_sdax,10,9,34,28100,0,0,14255204493723425259
representative_application,application_hash_sdax,10,9,35,27700,0,0,3518369773145393400
representative_application,application_hash_sdax,10,9,36,27700,0,0,8965317550446050729
representative_application,application_hash_sdax,10,9,37,27600,0,0,16665962306655849748
representative_application,application_hash_sdax,10,9,38,28400,0,0,13342058531664200426
representative_application,application_hash_sdax,10,9,39,28700,0,0,18112928529687244317
representative_application_alloc,application_hash_sdax,10,9,0,0,572,45205,17601881740522758837
representative_application,application_hash_handwritten,10,9,0,500,0,0,8827501768403342006
representative_application,application_hash_handwritten,10,9,1,600,0,0,8951258580674472748
representative_application,application_hash_handwritten,10,9,2,600,0,0,18157584738022301125
representative_application,application_hash_handwritten,10,9,3,600,0,0,16093298964628915616
representative_application,application_hash_handwritten,10,9,4,600,0,0,4338024545885762413
representative_application,application_hash_handwritten,10,9,5,500,0,0,4989613096480112063
representative_application,application_hash_handwritten,10,9,6,500,0,0,14756605482753659038
representative_application,application_hash_handwritten,10,9,7,500,0,0,48615153832195891
representative_application,application_hash_handwritten,10,9,8,500,0,0,12897547982939568864
representative_application,application_hash_handwritten,10,9,9,600,0,0,6455468052857312122
representative_application,application_hash_handwritten,10,9,10,600,0,0,7461994257773924099
representative_application,application_hash_handwritten,10,9,11,600,0,0,3636896381673253622
representative_application,application_hash_handwritten,10,9,12,600,0,0,6793413810667899077
representative_application,application_hash_handwritten,10,9,13,600,0,0,12277190981714708309
representative_application,application_hash_handwritten,10,9,14,600,0,0,9683030269895486544
representative_application,application_hash_handwritten,10,9,15,600,0,0,9383150768291419923
representative_application,application_hash_handwritten,10,9,16,600,0,0,11312423361794011585
representative_application,application_hash_handwritten,10,9,17,600,0,0,18128183083347417489
representative_application,application_hash_handwritten,10,9,18,600,0,0,12087555839788357173
representative_application,application_hash_handwritten,10,9,19,600,0,0,13041129334982073489
representative_application,application_hash_handwritten,10,9,20,600,0,0,8384464984104957686
representative_application,application_hash_handwritten,10,9,21,600,0,0,10868783110269989824
representative_application,application_hash_handwritten,10,9,22,600,0,0,15668235844036064710
representative_application,application_hash_handwritten,10,9,23,600,0,0,4013874171971043561
representative_application,application_hash_handwritten,10,9,24,500,0,0,4203571749175062307
representative_application,application_hash_handwritten,10,9,25,500,0,0,10926854856726577929
representative_application,application_hash_handwritten,10,9,26,500,0,0,16212662351989052773
representative_application,application_hash_handwritten,10,9,27,500,0,0,11560519827294593318
representative_application,application_hash_handwritten,10,9,28,600,0,0,7617103062409141562
representative_application,application_hash_handwritten,10,9,29,600,0,0,15838086077383948402
representative_application,application_hash_handwritten,10,9,30,600,0,0,8116776606867456653
representative_application,application_hash_handwritten,10,9,31,600,0,0,11359474695907197804
representative_application,application_hash_handwritten,10,9,32,500,0,0,9168736860549268636
representative_application,application_hash_handwritten,10,9,33,500,0,0,16764612828771598241
representative_application,application_hash_handwritten,10,9,34,500,0,0,14255204493723425258
representative_application,application_hash_handwritten,10,9,35,500,0,0,3518369773145393401
representative_application,application_hash_handwritten,10,9,36,500,0,0,8965317550446050728
representative_application,application_hash_handwritten,10,9,37,600,0,0,16665962306655849749
representative_application,application_hash_handwritten,10,9,38,600,0,0,13342058531664200427
representative_application,application_hash_handwritten,10,9,39,600,0,0,18112928529687244316
representative_application,application_hash_sdax,100,99,0,311000,0,0,11698499080773063169
representative_application,application_hash_sdax,100,99,1,311800,0,0,1167273700599470746
representative_application,application_hash_sdax,100,99,2,309000,0,0,230717062559681466
representative_application,application_hash_sdax,100,99,3,309800,0,0,13461277124864170951
representative_application,application_hash_sdax,100,99,4,309100,0,0,1843089491647656604
representative_application,application_hash_sdax,100,99,5,316600,0,0,1884400405866327554
representative_application,application_hash_sdax,100,99,6,307600,0,0,15657071968087079792
representative_application,application_hash_sdax,100,99,7,386700,0,0,8136226820520416651
representative_application,application_hash_sdax,100,99,8,311600,0,0,9211086410723557827
representative_application,application_hash_sdax,100,99,9,309500,0,0,3206438314367023030
representative_application,application_hash_sdax,100,99,10,308000,0,0,5368241661201366769
representative_application,application_hash_sdax,100,99,11,314500,0,0,6168939717596367288
representative_application,application_hash_sdax,100,99,12,309700,0,0,14206662131410471245
representative_application,application_hash_sdax,100,99,13,309600,0,0,13119166869922341979
representative_application,application_hash_sdax,100,99,14,309100,0,0,13832537443924736586
representative_application,application_hash_sdax,100,99,15,310500,0,0,10215951684877506974
representative_application,application_hash_sdax,100,99,16,308900,0,0,5034229283543529572
representative_application,application_hash_sdax,100,99,17,311400,0,0,14677823012927430832
representative_application,application_hash_sdax,100,99,18,312100,0,0,13894612964717701903
representative_application,application_hash_sdax,100,99,19,309700,0,0,15583721593309401490
representative_application,application_hash_sdax,100,99,20,309100,0,0,6418842662590208827
representative_application,application_hash_sdax,100,99,21,309400,0,0,13631435880641776915
representative_application,application_hash_sdax,100,99,22,307400,0,0,17183653852698357092
representative_application,application_hash_sdax,100,99,23,312000,0,0,9274972455216937604
representative_application,application_hash_sdax,100,99,24,314200,0,0,9355792106790873694
representative_application,application_hash_sdax,100,99,25,312300,0,0,6870977820890846112
representative_application,application_hash_sdax,100,99,26,310700,0,0,7356228651156183227
representative_application,application_hash_sdax,100,99,27,311500,0,0,6496560239278517594
representative_application,application_hash_sdax,100,99,28,310400,0,0,1600470374967907333
representative_application,application_hash_sdax,100,99,29,319300,0,0,7749396622089507156
representative_application,application_hash_sdax,100,99,30,309400,0,0,5914597544721144955
representative_application,application_hash_sdax,100,99,31,309700,0,0,8593148281290798141
representative_application,application_hash_sdax,100,99,32,309800,0,0,17312262507819578044
representative_application,application_hash_sdax,100,99,33,309700,0,0,8449402800832754809
representative_application,application_hash_sdax,100,99,34,309500,0,0,3614604414420252231
representative_application,application_hash_sdax,100,99,35,307400,0,0,2366660716473973819
representative_application,application_hash_sdax,100,99,36,312400,0,0,8524431054321544385
representative_application,application_hash_sdax,100,99,37,305900,0,0,11652126080490940143
representative_application,application_hash_sdax,100,99,38,308800,0,0,7153169922785203679
representative_application,application_hash_sdax,100,99,39,313000,0,0,6082470906507506695
representative_application_alloc,application_hash_sdax,100,99,0,0,5259,516301,4889995614244325387
representative_application,application_hash_handwritten,100,99,0,6200,0,0,11698499080773063168
representative_application,application_hash_handwritten,100,99,1,6200,0,0,1167273700599470747
representative_application,application_hash_handwritten,100,99,2,6200,0,0,230717062559681467
representative_application,application_hash_handwritten,100,99,3,6200,0,0,13461277124864170950
representative_application,application_hash_handwritten,100,99,4,6200,0,0,1843089491647656605
representative_application,application_hash_handwritten,100,99,5,6100,0,0,1884400405866327555
representative_application,application_hash_handwritten,100,99,6,6100,0,0,15657071968087079793
representative_application,application_hash_handwritten,100,99,7,6100,0,0,8136226820520416650
representative_application,application_hash_handwritten,100,99,8,6100,0,0,9211086410723557826
representative_application,application_hash_handwritten,100,99,9,6100,0,0,3206438314367023031
representative_application,application_hash_handwritten,100,99,10,6100,0,0,5368241661201366768
representative_application,application_hash_handwritten,100,99,11,6100,0,0,6168939717596367289
representative_application,application_hash_handwritten,100,99,12,6100,0,0,14206662131410471244
representative_application,application_hash_handwritten,100,99,13,6100,0,0,13119166869922341978
representative_application,application_hash_handwritten,100,99,14,6100,0,0,13832537443924736587
representative_application,application_hash_handwritten,100,99,15,6200,0,0,10215951684877506975
representative_application,application_hash_handwritten,100,99,16,6200,0,0,5034229283543529573
representative_application,application_hash_handwritten,100,99,17,6200,0,0,14677823012927430833
representative_application,application_hash_handwritten,100,99,18,6200,0,0,13894612964717701902
representative_application,application_hash_handwritten,100,99,19,6200,0,0,15583721593309401491
representative_application,application_hash_handwritten,100,99,20,6100,0,0,6418842662590208826
representative_application,application_hash_handwritten,100,99,21,6100,0,0,13631435880641776914
representative_application,application_hash_handwritten,100,99,22,6100,0,0,17183653852698357093
representative_application,application_hash_handwritten,100,99,23,6100,0,0,9274972455216937605
representative_application,application_hash_handwritten,100,99,24,6100,0,0,9355792106790873695
representative_application,application_hash_handwritten,100,99,25,6100,0,0,6870977820890846113
representative_application,application_hash_handwritten,100,99,26,6200,0,0,7356228651156183226
representative_application,application_hash_handwritten,100,99,27,6200,0,0,6496560239278517595
representative_application,application_hash_handwritten,100,99,28,6200,0,0,1600470374967907332
representative_application,application_hash_handwritten,100,99,29,6200,0,0,7749396622089507157
representative_application,application_hash_handwritten,100,99,30,6200,0,0,5914597544721144954
representative_application,application_hash_handwritten,100,99,31,6200,0,0,8593148281290798140
representative_application,application_hash_handwritten,100,99,32,6200,0,0,17312262507819578045
representative_application,application_hash_handwritten,100,99,33,6100,0,0,8449402800832754808
representative_application,application_hash_handwritten,100,99,34,6100,0,0,3614604414420252230
representative_application,application_hash_handwritten,100,99,35,6100,0,0,2366660716473973818
representative_application,application_hash_handwritten,100,99,36,6100,0,0,8524431054321544384
representative_application,application_hash_handwritten,100,99,37,6100,0,0,11652126080490940142
representative_application,application_hash_handwritten,100,99,38,6100,0,0,7153169922785203678
representative_application,application_hash_handwritten,100,99,39,6200,0,0,6082470906507506694
