phase,workload,nodes,edges,sample,nanos,allocations,allocated_bytes,checksum
adapter_setup,current_thread_runtime,0,0,0,4200,0,0,0
adapter_setup,current_thread_runtime,0,0,1,1300,0,0,0
adapter_setup,current_thread_runtime,0,0,2,1200,0,0,0
adapter_setup,current_thread_runtime,0,0,3,1100,0,0,0
adapter_setup,current_thread_runtime,0,0,4,1000,0,0,0
adapter_setup,current_thread_runtime,0,0,5,1200,0,0,0
adapter_setup,current_thread_runtime,0,0,6,1100,0,0,0
adapter_setup,current_thread_runtime,0,0,7,1000,0,0,0
adapter_setup,current_thread_runtime,0,0,8,1000,0,0,0
adapter_setup,current_thread_runtime,0,0,9,1200,0,0,0
adapter_setup,current_thread_runtime,0,0,10,1100,0,0,0
adapter_setup,current_thread_runtime,0,0,11,1000,0,0,0
adapter_setup,current_thread_runtime,0,0,12,1100,0,0,0
adapter_setup,current_thread_runtime,0,0,13,1000,0,0,0
adapter_setup,current_thread_runtime,0,0,14,1300,0,0,0
adapter_setup,current_thread_runtime,0,0,15,1300,0,0,0
adapter_setup,current_thread_runtime,0,0,16,1200,0,0,0
adapter_setup,current_thread_runtime,0,0,17,1300,0,0,0
adapter_setup,current_thread_runtime,0,0,18,1000,0,0,0
adapter_setup,current_thread_runtime,0,0,19,1000,0,0,0
adapter_setup,current_thread_runtime,0,0,20,1000,0,0,0
adapter_setup,current_thread_runtime,0,0,21,1000,0,0,0
adapter_setup,current_thread_runtime,0,0,22,1000,0,0,0
adapter_setup,current_thread_runtime,0,0,23,1000,0,0,0
adapter_setup,current_thread_runtime,0,0,24,1000,0,0,0
adapter_setup,current_thread_runtime,0,0,25,1000,0,0,0
adapter_setup,current_thread_runtime,0,0,26,1000,0,0,0
adapter_setup,current_thread_runtime,0,0,27,1100,0,0,0
adapter_setup,current_thread_runtime,0,0,28,1000,0,0,0
adapter_setup,current_thread_runtime,0,0,29,1000,0,0,0
adapter_setup,current_thread_runtime,0,0,30,1000,0,0,0
adapter_setup,current_thread_runtime,0,0,31,1000,0,0,0
adapter_setup,current_thread_runtime,0,0,32,900,0,0,0
adapter_setup,current_thread_runtime,0,0,33,1100,0,0,0
adapter_setup,current_thread_runtime,0,0,34,900,0,0,0
adapter_setup,current_thread_runtime,0,0,35,1000,0,0,0
adapter_setup,current_thread_runtime,0,0,36,1000,0,0,0
adapter_setup,current_thread_runtime,0,0,37,1000,0,0,0
adapter_setup,current_thread_runtime,0,0,38,1000,0,0,0
adapter_setup,current_thread_runtime,0,0,39,1000,0,0,0
fixture_generation,graph_chain,1,0,0,300,0,0,5
fixture_generation,graph_chain,1,0,1,100,0,0,5
fixture_generation,graph_chain,1,0,2,100,0,0,5
fixture_generation,graph_chain,1,0,3,100,0,0,5
fixture_generation,graph_chain,1,0,4,100,0,0,5
fixture_generation,graph_chain,1,0,5,200,0,0,5
fixture_generation,graph_chain,1,0,6,100,0,0,5
fixture_generation,graph_chain,1,0,7,100,0,0,5
fixture_generation,graph_chain,1,0,8,200,0,0,5
fixture_generation,graph_chain,1,0,9,200,0,0,5
fixture_generation,graph_chain,1,0,10,200,0,0,5
fixture_generation,graph_chain,1,0,11,100,0,0,5
fixture_generation,graph_chain,1,0,12,100,0,0,5
fixture_generation,graph_chain,1,0,13,200,0,0,5
fixture_generation,graph_chain,1,0,14,200,0,0,5
fixture_generation,graph_chain,1,0,15,100,0,0,5
fixture_generation,graph_chain,1,0,16,100,0,0,5
fixture_generation,graph_chain,1,0,17,200,0,0,5
fixture_generation,graph_chain,1,0,18,200,0,0,5
fixture_generation,graph_chain,1,0,19,100,0,0,5
plan_build,graph_chain,1,0,0,15300,0,0,11
plan_build,graph_chain,1,0,1,1900,0,0,11
plan_build,graph_chain,1,0,2,1800,0,0,11
plan_build,graph_chain,1,0,3,1500,0,0,11
plan_build,graph_chain,1,0,4,1400,0,0,11
plan_build,graph_chain,1,0,5,1500,0,0,11
plan_build,graph_chain,1,0,6,1500,0,0,11
plan_build,graph_chain,1,0,7,2100,0,0,11
plan_build,graph_chain,1,0,8,1600,0,0,11
plan_build,graph_chain,1,0,9,1500,0,0,11
plan_build,graph_chain,1,0,10,1500,0,0,11
plan_build,graph_chain,1,0,11,1500,0,0,11
plan_build,graph_chain,1,0,12,1500,0,0,11
plan_build,graph_chain,1,0,13,1600,0,0,11
plan_build,graph_chain,1,0,14,1600,0,0,11
plan_build,graph_chain,1,0,15,1600,0,0,11
plan_build,graph_chain,1,0,16,1300,0,0,11
plan_build,graph_chain,1,0,17,1600,0,0,11
plan_build,graph_chain,1,0,18,1300,0,0,11
plan_build,graph_chain,1,0,19,1200,0,0,11
plan_build_alloc,graph_chain,1,0,0,0,36,6722,11
engine_execution,graph_chain,1,0,0,5100,0,0,1
engine_execution,graph_chain,1,0,1,5300,0,0,0
engine_execution,graph_chain,1,0,2,5100,0,0,3
engine_execution,graph_chain,1,0,3,5100,0,0,2
engine_execution,graph_chain,1,0,4,5100,0,0,5
engine_execution,graph_chain,1,0,5,5000,0,0,4
engine_execution,graph_chain,1,0,6,5100,0,0,7
engine_execution,graph_chain,1,0,7,5100,0,0,6
engine_execution,graph_chain,1,0,8,5000,0,0,9
engine_execution,graph_chain,1,0,9,5100,0,0,8
engine_execution,graph_chain,1,0,10,5200,0,0,11
engine_execution,graph_chain,1,0,11,5100,0,0,10
engine_execution,graph_chain,1,0,12,5000,0,0,13
engine_execution,graph_chain,1,0,13,5200,0,0,12
engine_execution,graph_chain,1,0,14,5100,0,0,15
engine_execution,graph_chain,1,0,15,5100,0,0,14
engine_execution,graph_chain,1,0,16,5200,0,0,17
engine_execution,graph_chain,1,0,17,5000,0,0,16
engine_execution,graph_chain,1,0,18,5100,0,0,19
engine_execution,graph_chain,1,0,19,5000,0,0,18
engine_execution,graph_chain,1,0,20,5100,0,0,21
engine_execution,graph_chain,1,0,21,5000,0,0,20
engine_execution,graph_chain,1,0,22,5100,0,0,23
engine_execution,graph_chain,1,0,23,5000,0,0,22
engine_execution,graph_chain,1,0,24,5000,0,0,25
engine_execution,graph_chain,1,0,25,5100,0,0,24
engine_execution,graph_chain,1,0,26,5200,0,0,27
engine_execution,graph_chain,1,0,27,5000,0,0,26
engine_execution,graph_chain,1,0,28,5100,0,0,29
engine_execution,graph_chain,1,0,29,5100,0,0,28
engine_execution,graph_chain,1,0,30,5600,0,0,31
engine_execution,graph_chain,1,0,31,5400,0,0,30
engine_execution,graph_chain,1,0,32,5400,0,0,33
engine_execution,graph_chain,1,0,33,5500,0,0,32
engine_execution,graph_chain,1,0,34,5400,0,0,35
engine_execution,graph_chain,1,0,35,7300,0,0,34
engine_execution,graph_chain,1,0,36,5900,0,0,37
engine_execution,graph_chain,1,0,37,5500,0,0,36
engine_execution,graph_chain,1,0,38,5300,0,0,39
engine_execution,graph_chain,1,0,39,5400,0,0,38
engine_execution_alloc,graph_chain,1,0,0,0,99,11356,23131
machine_state_setup,graph_chain,1,0,0,400,0,0,1
body_state_setup,graph_chain,1,0,0,600,0,0,0
machine_state_setup,graph_chain,1,0,1,300,0,0,1
body_state_setup,graph_chain,1,0,1,200,0,0,0
machine_state_setup,graph_chain,1,0,2,300,0,0,1
body_state_setup,graph_chain,1,0,2,500,0,0,0
machine_state_setup,graph_chain,1,0,3,400,0,0,1
body_state_setup,graph_chain,1,0,3,300,0,0,0
machine_state_setup,graph_chain,1,0,4,200,0,0,1
body_state_setup,graph_chain,1,0,4,300,0,0,0
machine_state_setup,graph_chain,1,0,5,200,0,0,1
body_state_setup,graph_chain,1,0,5,200,0,0,0
machine_state_setup,graph_chain,1,0,6,200,0,0,1
body_state_setup,graph_chain,1,0,6,200,0,0,0
machine_state_setup,graph_chain,1,0,7,200,0,0,1
body_state_setup,graph_chain,1,0,7,300,0,0,0
machine_state_setup,graph_chain,1,0,8,200,0,0,1
body_state_setup,graph_chain,1,0,8,300,0,0,0
machine_state_setup,graph_chain,1,0,9,200,0,0,1
body_state_setup,graph_chain,1,0,9,200,0,0,0
machine_state_setup,graph_chain,1,0,10,200,0,0,1
body_state_setup,graph_chain,1,0,10,300,0,0,0
machine_state_setup,graph_chain,1,0,11,200,0,0,1
body_state_setup,graph_chain,1,0,11,300,0,0,0
machine_state_setup,graph_chain,1,0,12,200,0,0,1
body_state_setup,graph_chain,1,0,12,200,0,0,0
machine_state_setup,graph_chain,1,0,13,200,0,0,1
body_state_setup,graph_chain,1,0,13,200,0,0,0
machine_state_setup,graph_chain,1,0,14,300,0,0,1
body_state_setup,graph_chain,1,0,14,200,0,0,0
machine_state_setup,graph_chain,1,0,15,200,0,0,1
body_state_setup,graph_chain,1,0,15,200,0,0,0
machine_state_setup,graph_chain,1,0,16,200,0,0,1
body_state_setup,graph_chain,1,0,16,300,0,0,0
machine_state_setup,graph_chain,1,0,17,200,0,0,1
body_state_setup,graph_chain,1,0,17,300,0,0,0
machine_state_setup,graph_chain,1,0,18,200,0,0,1
body_state_setup,graph_chain,1,0,18,200,0,0,0
machine_state_setup,graph_chain,1,0,19,200,0,0,1
body_state_setup,graph_chain,1,0,19,200,0,0,0
machine_state_setup,graph_chain,1,0,20,200,0,0,1
body_state_setup,graph_chain,1,0,20,200,0,0,0
machine_state_setup,graph_chain,1,0,21,200,0,0,1
body_state_setup,graph_chain,1,0,21,200,0,0,0
machine_state_setup,graph_chain,1,0,22,200,0,0,1
body_state_setup,graph_chain,1,0,22,300,0,0,0
machine_state_setup,graph_chain,1,0,23,200,0,0,1
body_state_setup,graph_chain,1,0,23,300,0,0,0
machine_state_setup,graph_chain,1,0,24,200,0,0,1
body_state_setup,graph_chain,1,0,24,300,0,0,0
machine_state_setup,graph_chain,1,0,25,200,0,0,1
body_state_setup,graph_chain,1,0,25,200,0,0,0
machine_state_setup,graph_chain,1,0,26,300,0,0,1
body_state_setup,graph_chain,1,0,26,200,0,0,0
machine_state_setup,graph_chain,1,0,27,200,0,0,1
body_state_setup,graph_chain,1,0,27,300,0,0,0
machine_state_setup,graph_chain,1,0,28,200,0,0,1
body_state_setup,graph_chain,1,0,28,300,0,0,0
machine_state_setup,graph_chain,1,0,29,200,0,0,1
body_state_setup,graph_chain,1,0,29,200,0,0,0
machine_state_setup,graph_chain,1,0,30,200,0,0,1
body_state_setup,graph_chain,1,0,30,200,0,0,0
machine_state_setup,graph_chain,1,0,31,200,0,0,1
body_state_setup,graph_chain,1,0,31,200,0,0,0
machine_state_setup,graph_chain,1,0,32,300,0,0,1
body_state_setup,graph_chain,1,0,32,500,0,0,0
machine_state_setup,graph_chain,1,0,33,200,0,0,1
body_state_setup,graph_chain,1,0,33,400,0,0,0
machine_state_setup,graph_chain,1,0,34,200,0,0,1
body_state_setup,graph_chain,1,0,34,200,0,0,0
machine_state_setup,graph_chain,1,0,35,200,0,0,1
body_state_setup,graph_chain,1,0,35,300,0,0,0
machine_state_setup,graph_chain,1,0,36,200,0,0,1
body_state_setup,graph_chain,1,0,36,300,0,0,0
machine_state_setup,graph_chain,1,0,37,200,0,0,1
body_state_setup,graph_chain,1,0,37,200,0,0,0
machine_state_setup,graph_chain,1,0,38,200,0,0,1
body_state_setup,graph_chain,1,0,38,200,0,0,0
machine_state_setup,graph_chain,1,0,39,200,0,0,1
body_state_setup,graph_chain,1,0,39,200,0,0,0
pure_machine_events_preseeded,graph_chain,1,0,0,1800,0,0,1
pure_machine_events_preseeded,graph_chain,1,0,1,1100,0,0,1
pure_machine_events_preseeded,graph_chain,1,0,2,1100,0,0,1
pure_machine_events_preseeded,graph_chain,1,0,3,1100,0,0,1
pure_machine_events_preseeded,graph_chain,1,0,4,1000,0,0,1
pure_machine_events_preseeded,graph_chain,1,0,5,900,0,0,1
pure_machine_events_preseeded,graph_chain,1,0,6,1000,0,0,1
pure_machine_events_preseeded,graph_chain,1,0,7,1000,0,0,1
pure_machine_events_preseeded,graph_chain,1,0,8,1100,0,0,1
pure_machine_events_preseeded,graph_chain,1,0,9,1000,0,0,1
pure_machine_events_preseeded,graph_chain,1,0,10,1000,0,0,1
pure_machine_events_preseeded,graph_chain,1,0,11,1100,0,0,1
pure_machine_events_preseeded,graph_chain,1,0,12,1000,0,0,1
pure_machine_events_preseeded,graph_chain,1,0,13,1100,0,0,1
pure_machine_events_preseeded,graph_chain,1,0,14,1000,0,0,1
pure_machine_events_preseeded,graph_chain,1,0,15,1000,0,0,1
pure_machine_events_preseeded,graph_chain,1,0,16,1000,0,0,1
pure_machine_events_preseeded,graph_chain,1,0,17,1000,0,0,1
pure_machine_events_preseeded,graph_chain,1,0,18,1000,0,0,1
pure_machine_events_preseeded,graph_chain,1,0,19,1000,0,0,1
pure_machine_events_preseeded,graph_chain,1,0,20,1000,0,0,1
pure_machine_events_preseeded,graph_chain,1,0,21,900,0,0,1
pure_machine_events_preseeded,graph_chain,1,0,22,1000,0,0,1
pure_machine_events_preseeded,graph_chain,1,0,23,1000,0,0,1
pure_machine_events_preseeded,graph_chain,1,0,24,1000,0,0,1
pure_machine_events_preseeded,graph_chain,1,0,25,900,0,0,1
pure_machine_events_preseeded,graph_chain,1,0,26,900,0,0,1
pure_machine_events_preseeded,graph_chain,1,0,27,1000,0,0,1
pure_machine_events_preseeded,graph_chain,1,0,28,900,0,0,1
pure_machine_events_preseeded,graph_chain,1,0,29,900,0,0,1
pure_machine_events_preseeded,graph_chain,1,0,30,1000,0,0,1
pure_machine_events_preseeded,graph_chain,1,0,31,1000,0,0,1
pure_machine_events_preseeded,graph_chain,1,0,32,1000,0,0,1
pure_machine_events_preseeded,graph_chain,1,0,33,900,0,0,1
pure_machine_events_preseeded,graph_chain,1,0,34,1000,0,0,1
pure_machine_events_preseeded,graph_chain,1,0,35,1000,0,0,1
pure_machine_events_preseeded,graph_chain,1,0,36,1000,0,0,1
pure_machine_events_preseeded,graph_chain,1,0,37,1000,0,0,1
pure_machine_events_preseeded,graph_chain,1,0,38,1000,0,0,1
pure_machine_events_preseeded,graph_chain,1,0,39,900,0,0,1
fixture_generation,graph_wide,1,0,0,200,0,0,5
fixture_generation,graph_wide,1,0,1,100,0,0,5
fixture_generation,graph_wide,1,0,2,100,0,0,5
fixture_generation,graph_wide,1,0,3,200,0,0,5
fixture_generation,graph_wide,1,0,4,100,0,0,5
fixture_generation,graph_wide,1,0,5,100,0,0,5
fixture_generation,graph_wide,1,0,6,200,0,0,5
fixture_generation,graph_wide,1,0,7,100,0,0,5
fixture_generation,graph_wide,1,0,8,100,0,0,5
fixture_generation,graph_wide,1,0,9,100,0,0,5
fixture_generation,graph_wide,1,0,10,200,0,0,5
fixture_generation,graph_wide,1,0,11,100,0,0,5
fixture_generation,graph_wide,1,0,12,100,0,0,5
fixture_generation,graph_wide,1,0,13,200,0,0,5
fixture_generation,graph_wide,1,0,14,100,0,0,5
fixture_generation,graph_wide,1,0,15,300,0,0,5
fixture_generation,graph_wide,1,0,16,300,0,0,5
fixture_generation,graph_wide,1,0,17,600,0,0,5
fixture_generation,graph_wide,1,0,18,300,0,0,5
fixture_generation,graph_wide,1,0,19,200,0,0,5
plan_build,graph_wide,1,0,0,3200,0,0,10
plan_build,graph_wide,1,0,1,1600,0,0,10
plan_build,graph_wide,1,0,2,1300,0,0,10
plan_build,graph_wide,1,0,3,1300,0,0,10
plan_build,graph_wide,1,0,4,1300,0,0,10
plan_build,graph_wide,1,0,5,1300,0,0,10
plan_build,graph_wide,1,0,6,1300,0,0,10
plan_build,graph_wide,1,0,7,1200,0,0,10
plan_build,graph_wide,1,0,8,1400,0,0,10
plan_build,graph_wide,1,0,9,1300,0,0,10
plan_build,graph_wide,1,0,10,1300,0,0,10
plan_build,graph_wide,1,0,11,1300,0,0,10
plan_build,graph_wide,1,0,12,1200,0,0,10
plan_build,graph_wide,1,0,13,1300,0,0,10
plan_build,graph_wide,1,0,14,1200,0,0,10
plan_build,graph_wide,1,0,15,1200,0,0,10
plan_build,graph_wide,1,0,16,1300,0,0,10
plan_build,graph_wide,1,0,17,1300,0,0,10
plan_build,graph_wide,1,0,18,1300,0,0,10
plan_build,graph_wide,1,0,19,1300,0,0,10
plan_build_alloc,graph_wide,1,0,0,0,36,6720,10
engine_execution,graph_wide,1,0,0,5200,0,0,1
engine_execution,graph_wide,1,0,1,5100,0,0,0
engine_execution,graph_wide,1,0,2,5200,0,0,3
engine_execution,graph_wide,1,0,3,5000,0,0,2
engine_execution,graph_wide,1,0,4,5100,0,0,5
engine_execution,graph_wide,1,0,5,5000,0,0,4
engine_execution,graph_wide,1,0,6,5000,0,0,7
engine_execution,graph_wide,1,0,7,5100,0,0,6
engine_execution,graph_wide,1,0,8,5100,0,0,9
engine_execution,graph_wide,1,0,9,5100,0,0,8
engine_execution,graph_wide,1,0,10,5000,0,0,11
engine_execution,graph_wide,1,0,11,5600,0,0,10
engine_execution,graph_wide,1,0,12,5400,0,0,13
engine_execution,graph_wide,1,0,13,5400,0,0,12
engine_execution,graph_wide,1,0,14,5400,0,0,15
engine_execution,graph_wide,1,0,15,5300,0,0,14
engine_execution,graph_wide,1,0,16,6200,0,0,17
engine_execution,graph_wide,1,0,17,5700,0,0,16
engine_execution,graph_wide,1,0,18,5600,0,0,19
engine_execution,graph_wide,1,0,19,5400,0,0,18
engine_execution,graph_wide,1,0,20,5300,0,0,21
engine_execution,graph_wide,1,0,21,5400,0,0,20
engine_execution,graph_wide,1,0,22,5400,0,0,23
engine_execution,graph_wide,1,0,23,5400,0,0,22
engine_execution,graph_wide,1,0,24,5400,0,0,25
engine_execution,graph_wide,1,0,25,5100,0,0,24
engine_execution,graph_wide,1,0,26,5100,0,0,27
engine_execution,graph_wide,1,0,27,5200,0,0,26
engine_execution,graph_wide,1,0,28,5100,0,0,29
engine_execution,graph_wide,1,0,29,5100,0,0,28
engine_execution,graph_wide,1,0,30,5200,0,0,31
engine_execution,graph_wide,1,0,31,5000,0,0,30
engine_execution,graph_wide,1,0,32,5100,0,0,33
engine_execution,graph_wide,1,0,33,5100,0,0,32
engine_execution,graph_wide,1,0,34,5200,0,0,35
engine_execution,graph_wide,1,0,35,5100,0,0,34
engine_execution,graph_wide,1,0,36,5100,0,0,37
engine_execution,graph_wide,1,0,37,5200,0,0,36
engine_execution,graph_wide,1,0,38,5200,0,0,39
engine_execution,graph_wide,1,0,39,5100,0,0,38
engine_execution_alloc,graph_wide,1,0,0,0,99,11355,23131
machine_state_setup,graph_wide,1,0,0,300,0,0,1
body_state_setup,graph_wide,1,0,0,300,0,0,0
machine_state_setup,graph_wide,1,0,1,200,0,0,1
body_state_setup,graph_wide,1,0,1,300,0,0,0
machine_state_setup,graph_wide,1,0,2,200,0,0,1
body_state_setup,graph_wide,1,0,2,200,0,0,0
machine_state_setup,graph_wide,1,0,3,200,0,0,1
body_state_setup,graph_wide,1,0,3,300,0,0,0
machine_state_setup,graph_wide,1,0,4,200,0,0,1
body_state_setup,graph_wide,1,0,4,200,0,0,0
machine_state_setup,graph_wide,1,0,5,200,0,0,1
body_state_setup,graph_wide,1,0,5,300,0,0,0
machine_state_setup,graph_wide,1,0,6,300,0,0,1
body_state_setup,graph_wide,1,0,6,200,0,0,0
machine_state_setup,graph_wide,1,0,7,200,0,0,1
body_state_setup,graph_wide,1,0,7,300,0,0,0
machine_state_setup,graph_wide,1,0,8,200,0,0,1
body_state_setup,graph_wide,1,0,8,300,0,0,0
machine_state_setup,graph_wide,1,0,9,200,0,0,1
body_state_setup,graph_wide,1,0,9,200,0,0,0
machine_state_setup,graph_wide,1,0,10,200,0,0,1
body_state_setup,graph_wide,1,0,10,200,0,0,0
machine_state_setup,graph_wide,1,0,11,300,0,0,1
body_state_setup,graph_wide,1,0,11,200,0,0,0
machine_state_setup,graph_wide,1,0,12,200,0,0,1
body_state_setup,graph_wide,1,0,12,300,0,0,0
machine_state_setup,graph_wide,1,0,13,200,0,0,1
body_state_setup,graph_wide,1,0,13,300,0,0,0
machine_state_setup,graph_wide,1,0,14,200,0,0,1
body_state_setup,graph_wide,1,0,14,200,0,0,0
machine_state_setup,graph_wide,1,0,15,200,0,0,1
body_state_setup,graph_wide,1,0,15,200,0,0,0
machine_state_setup,graph_wide,1,0,16,200,0,0,1
body_state_setup,graph_wide,1,0,16,200,0,0,0
machine_state_setup,graph_wide,1,0,17,300,0,0,1
body_state_setup,graph_wide,1,0,17,200,0,0,0
machine_state_setup,graph_wide,1,0,18,200,0,0,1
body_state_setup,graph_wide,1,0,18,200,0,0,0
machine_state_setup,graph_wide,1,0,19,200,0,0,1
body_state_setup,graph_wide,1,0,19,200,0,0,0
machine_state_setup,graph_wide,1,0,20,200,0,0,1
body_state_setup,graph_wide,1,0,20,300,0,0,0
machine_state_setup,graph_wide,1,0,21,200,0,0,1
body_state_setup,graph_wide,1,0,21,400,0,0,0
machine_state_setup,graph_wide,1,0,22,200,0,0,1
body_state_setup,graph_wide,1,0,22,300,0,0,0
machine_state_setup,graph_wide,1,0,23,300,0,0,1
body_state_setup,graph_wide,1,0,23,600,0,0,0
machine_state_setup,graph_wide,1,0,24,300,0,0,1
body_state_setup,graph_wide,1,0,24,200,0,0,0
machine_state_setup,graph_wide,1,0,25,200,0,0,1
body_state_setup,graph_wide,1,0,25,300,0,0,0
machine_state_setup,graph_wide,1,0,26,200,0,0,1
body_state_setup,graph_wide,1,0,26,300,0,0,0
machine_state_setup,graph_wide,1,0,27,200,0,0,1
body_state_setup,graph_wide,1,0,27,200,0,0,0
machine_state_setup,graph_wide,1,0,28,200,0,0,1
body_state_setup,graph_wide,1,0,28,200,0,0,0
machine_state_setup,graph_wide,1,0,29,200,0,0,1
body_state_setup,graph_wide,1,0,29,200,0,0,0
machine_state_setup,graph_wide,1,0,30,200,0,0,1
body_state_setup,graph_wide,1,0,30,300,0,0,0
machine_state_setup,graph_wide,1,0,31,200,0,0,1
body_state_setup,graph_wide,1,0,31,300,0,0,0
machine_state_setup,graph_wide,1,0,32,200,0,0,1
body_state_setup,graph_wide,1,0,32,200,0,0,0
machine_state_setup,graph_wide,1,0,33,200,0,0,1
body_state_setup,graph_wide,1,0,33,200,0,0,0
machine_state_setup,graph_wide,1,0,34,200,0,0,1
body_state_setup,graph_wide,1,0,34,200,0,0,0
machine_state_setup,graph_wide,1,0,35,300,0,0,1
body_state_setup,graph_wide,1,0,35,200,0,0,0
machine_state_setup,graph_wide,1,0,36,300,0,0,1
body_state_setup,graph_wide,1,0,36,200,0,0,0
machine_state_setup,graph_wide,1,0,37,200,0,0,1
body_state_setup,graph_wide,1,0,37,200,0,0,0
machine_state_setup,graph_wide,1,0,38,200,0,0,1
body_state_setup,graph_wide,1,0,38,200,0,0,0
machine_state_setup,graph_wide,1,0,39,200,0,0,1
body_state_setup,graph_wide,1,0,39,300,0,0,0
fixture_generation,graph_sparse,1,0,0,100,0,0,5
fixture_generation,graph_sparse,1,0,1,100,0,0,5
fixture_generation,graph_sparse,1,0,2,100,0,0,5
fixture_generation,graph_sparse,1,0,3,100,0,0,5
fixture_generation,graph_sparse,1,0,4,100,0,0,5
fixture_generation,graph_sparse,1,0,5,100,0,0,5
fixture_generation,graph_sparse,1,0,6,200,0,0,5
fixture_generation,graph_sparse,1,0,7,100,0,0,5
fixture_generation,graph_sparse,1,0,8,100,0,0,5
fixture_generation,graph_sparse,1,0,9,200,0,0,5
fixture_generation,graph_sparse,1,0,10,200,0,0,5
fixture_generation,graph_sparse,1,0,11,100,0,0,5
fixture_generation,graph_sparse,1,0,12,100,0,0,5
fixture_generation,graph_sparse,1,0,13,200,0,0,5
fixture_generation,graph_sparse,1,0,14,200,0,0,5
fixture_generation,graph_sparse,1,0,15,100,0,0,5
fixture_generation,graph_sparse,1,0,16,100,0,0,5
fixture_generation,graph_sparse,1,0,17,200,0,0,5
fixture_generation,graph_sparse,1,0,18,100,0,0,5
fixture_generation,graph_sparse,1,0,19,100,0,0,5
plan_build,graph_sparse,1,0,0,2900,0,0,12
plan_build,graph_sparse,1,0,1,1600,0,0,12
plan_build,graph_sparse,1,0,2,1500,0,0,12
plan_build,graph_sparse,1,0,3,1500,0,0,12
plan_build,graph_sparse,1,0,4,1400,0,0,12
plan_build,graph_sparse,1,0,5,1500,0,0,12
plan_build,graph_sparse,1,0,6,1400,0,0,12
plan_build,graph_sparse,1,0,7,1500,0,0,12
plan_build,graph_sparse,1,0,8,1500,0,0,12
plan_build,graph_sparse,1,0,9,1700,0,0,12
plan_build,graph_sparse,1,0,10,1600,0,0,12
plan_build,graph_sparse,1,0,11,1700,0,0,12
plan_build,graph_sparse,1,0,12,1700,0,0,12
plan_build,graph_sparse,1,0,13,1600,0,0,12
plan_build,graph_sparse,1,0,14,1600,0,0,12
plan_build,graph_sparse,1,0,15,1600,0,0,12
plan_build,graph_sparse,1,0,16,1600,0,0,12
plan_build,graph_sparse,1,0,17,1700,0,0,12
plan_build,graph_sparse,1,0,18,1300,0,0,12
plan_build,graph_sparse,1,0,19,1300,0,0,12
plan_build_alloc,graph_sparse,1,0,0,0,36,6724,12
engine_execution,graph_sparse,1,0,0,5100,0,0,1
engine_execution,graph_sparse,1,0,1,5000,0,0,0
engine_execution,graph_sparse,1,0,2,5000,0,0,3
engine_execution,graph_sparse,1,0,3,5100,0,0,2
engine_execution,graph_sparse,1,0,4,5100,0,0,5
engine_execution,graph_sparse,1,0,5,5100,0,0,4
engine_execution,graph_sparse,1,0,6,5200,0,0,7
engine_execution,graph_sparse,1,0,7,5000,0,0,6
engine_execution,graph_sparse,1,0,8,5100,0,0,9
engine_execution,graph_sparse,1,0,9,5000,0,0,8
engine_execution,graph_sparse,1,0,10,5100,0,0,11
engine_execution,graph_sparse,1,0,11,4900,0,0,10
engine_execution,graph_sparse,1,0,12,5100,0,0,13
engine_execution,graph_sparse,1,0,13,5100,0,0,12
engine_execution,graph_sparse,1,0,14,5000,0,0,15
engine_execution,graph_sparse,1,0,15,5100,0,0,14
engine_execution,graph_sparse,1,0,16,5000,0,0,17
engine_execution,graph_sparse,1,0,17,5000,0,0,16
engine_execution,graph_sparse,1,0,18,5100,0,0,19
engine_execution,graph_sparse,1,0,19,5100,0,0,18
engine_execution,graph_sparse,1,0,20,4900,0,0,21
engine_execution,graph_sparse,1,0,21,5100,0,0,20
engine_execution,graph_sparse,1,0,22,5100,0,0,23
engine_execution,graph_sparse,1,0,23,5100,0,0,22
engine_execution,graph_sparse,1,0,24,5100,0,0,25
engine_execution,graph_sparse,1,0,25,5100,0,0,24
engine_execution,graph_sparse,1,0,26,5100,0,0,27
engine_execution,graph_sparse,1,0,27,5100,0,0,26
engine_execution,graph_sparse,1,0,28,5000,0,0,29
engine_execution,graph_sparse,1,0,29,5200,0,0,28
engine_execution,graph_sparse,1,0,30,5200,0,0,31
engine_execution,graph_sparse,1,0,31,5100,0,0,30
engine_execution,graph_sparse,1,0,32,5500,0,0,33
engine_execution,graph_sparse,1,0,33,5500,0,0,32
engine_execution,graph_sparse,1,0,34,5300,0,0,35
engine_execution,graph_sparse,1,0,35,5400,0,0,34
engine_execution,graph_sparse,1,0,36,5400,0,0,37
engine_execution,graph_sparse,1,0,37,6400,0,0,36
engine_execution,graph_sparse,1,0,38,5500,0,0,39
engine_execution,graph_sparse,1,0,39,5500,0,0,38
engine_execution_alloc,graph_sparse,1,0,0,0,99,11357,23131
machine_state_setup,graph_sparse,1,0,0,200,0,0,1
body_state_setup,graph_sparse,1,0,0,300,0,0,0
machine_state_setup,graph_sparse,1,0,1,200,0,0,1
body_state_setup,graph_sparse,1,0,1,200,0,0,0
machine_state_setup,graph_sparse,1,0,2,300,0,0,1
body_state_setup,graph_sparse,1,0,2,300,0,0,0
machine_state_setup,graph_sparse,1,0,3,200,0,0,1
body_state_setup,graph_sparse,1,0,3,500,0,0,0
machine_state_setup,graph_sparse,1,0,4,500,0,0,1
body_state_setup,graph_sparse,1,0,4,200,0,0,0
machine_state_setup,graph_sparse,1,0,5,300,0,0,1
body_state_setup,graph_sparse,1,0,5,200,0,0,0
machine_state_setup,graph_sparse,1,0,6,200,0,0,1
body_state_setup,graph_sparse,1,0,6,200,0,0,0
machine_state_setup,graph_sparse,1,0,7,200,0,0,1
body_state_setup,graph_sparse,1,0,7,200,0,0,0
machine_state_setup,graph_sparse,1,0,8,200,0,0,1
body_state_setup,graph_sparse,1,0,8,200,0,0,0
machine_state_setup,graph_sparse,1,0,9,200,0,0,1
body_state_setup,graph_sparse,1,0,9,200,0,0,0
machine_state_setup,graph_sparse,1,0,10,200,0,0,1
body_state_setup,graph_sparse,1,0,10,300,0,0,0
machine_state_setup,graph_sparse,1,0,11,200,0,0,1
body_state_setup,graph_sparse,1,0,11,200,0,0,0
machine_state_setup,graph_sparse,1,0,12,200,0,0,1
body_state_setup,graph_sparse,1,0,12,200,0,0,0
machine_state_setup,graph_sparse,1,0,13,200,0,0,1
body_state_setup,graph_sparse,1,0,13,300,0,0,0
machine_state_setup,graph_sparse,1,0,14,300,0,0,1
body_state_setup,graph_sparse,1,0,14,300,0,0,0
machine_state_setup,graph_sparse,1,0,15,200,0,0,1
body_state_setup,graph_sparse,1,0,15,200,0,0,0
machine_state_setup,graph_sparse,1,0,16,300,0,0,1
body_state_setup,graph_sparse,1,0,16,200,0,0,0
machine_state_setup,graph_sparse,1,0,17,200,0,0,1
body_state_setup,graph_sparse,1,0,17,200,0,0,0
machine_state_setup,graph_sparse,1,0,18,300,0,0,1
body_state_setup,graph_sparse,1,0,18,200,0,0,0
machine_state_setup,graph_sparse,1,0,19,200,0,0,1
body_state_setup,graph_sparse,1,0,19,200,0,0,0
machine_state_setup,graph_sparse,1,0,20,200,0,0,1
body_state_setup,graph_sparse,1,0,20,300,0,0,0
machine_state_setup,graph_sparse,1,0,21,200,0,0,1
body_state_setup,graph_sparse,1,0,21,300,0,0,0
machine_state_setup,graph_sparse,1,0,22,200,0,0,1
body_state_setup,graph_sparse,1,0,22,200,0,0,0
machine_state_setup,graph_sparse,1,0,23,300,0,0,1
body_state_setup,graph_sparse,1,0,23,200,0,0,0
machine_state_setup,graph_sparse,1,0,24,200,0,0,1
body_state_setup,graph_sparse,1,0,24,300,0,0,0
machine_state_setup,graph_sparse,1,0,25,200,0,0,1
body_state_setup,graph_sparse,1,0,25,300,0,0,0
machine_state_setup,graph_sparse,1,0,26,200,0,0,1
body_state_setup,graph_sparse,1,0,26,200,0,0,0
machine_state_setup,graph_sparse,1,0,27,200,0,0,1
body_state_setup,graph_sparse,1,0,27,200,0,0,0
machine_state_setup,graph_sparse,1,0,28,300,0,0,1
body_state_setup,graph_sparse,1,0,28,200,0,0,0
machine_state_setup,graph_sparse,1,0,29,200,0,0,1
body_state_setup,graph_sparse,1,0,29,200,0,0,0
machine_state_setup,graph_sparse,1,0,30,200,0,0,1
body_state_setup,graph_sparse,1,0,30,300,0,0,0
machine_state_setup,graph_sparse,1,0,31,200,0,0,1
body_state_setup,graph_sparse,1,0,31,200,0,0,0
machine_state_setup,graph_sparse,1,0,32,300,0,0,1
body_state_setup,graph_sparse,1,0,32,200,0,0,0
machine_state_setup,graph_sparse,1,0,33,200,0,0,1
body_state_setup,graph_sparse,1,0,33,200,0,0,0
machine_state_setup,graph_sparse,1,0,34,200,0,0,1
body_state_setup,graph_sparse,1,0,34,300,0,0,0
machine_state_setup,graph_sparse,1,0,35,200,0,0,1
body_state_setup,graph_sparse,1,0,35,200,0,0,0
machine_state_setup,graph_sparse,1,0,36,300,0,0,1
body_state_setup,graph_sparse,1,0,36,200,0,0,0
machine_state_setup,graph_sparse,1,0,37,200,0,0,1
body_state_setup,graph_sparse,1,0,37,200,0,0,0
machine_state_setup,graph_sparse,1,0,38,200,0,0,1
body_state_setup,graph_sparse,1,0,38,200,0,0,0
machine_state_setup,graph_sparse,1,0,39,200,0,0,1
body_state_setup,graph_sparse,1,0,39,300,0,0,0
fixture_generation,graph_chain,10,9,0,1000,0,0,50
fixture_generation,graph_chain,10,9,1,900,0,0,50
fixture_generation,graph_chain,10,9,2,800,0,0,50
fixture_generation,graph_chain,10,9,3,800,0,0,50
fixture_generation,graph_chain,10,9,4,800,0,0,50
fixture_generation,graph_chain,10,9,5,800,0,0,50
fixture_generation,graph_chain,10,9,6,700,0,0,50
fixture_generation,graph_chain,10,9,7,700,0,0,50
fixture_generation,graph_chain,10,9,8,800,0,0,50
fixture_generation,graph_chain,10,9,9,900,0,0,50
fixture_generation,graph_chain,10,9,10,800,0,0,50
fixture_generation,graph_chain,10,9,11,700,0,0,50
fixture_generation,graph_chain,10,9,12,800,0,0,50
fixture_generation,graph_chain,10,9,13,800,0,0,50
fixture_generation,graph_chain,10,9,14,800,0,0,50
fixture_generation,graph_chain,10,9,15,800,0,0,50
fixture_generation,graph_chain,10,9,16,800,0,0,50
fixture_generation,graph_chain,10,9,17,700,0,0,50
fixture_generation,graph_chain,10,9,18,800,0,0,50
fixture_generation,graph_chain,10,9,19,800,0,0,50
plan_build,graph_chain,10,9,0,66000,0,0,11
plan_build,graph_chain,10,9,1,19200,0,0,11
plan_build,graph_chain,10,9,2,7400,0,0,11
plan_build,graph_chain,10,9,3,7500,0,0,11
plan_build,graph_chain,10,9,4,8200,0,0,11
plan_build,graph_chain,10,9,5,7800,0,0,11
plan_build,graph_chain,10,9,6,6500,0,0,11
plan_build,graph_chain,10,9,7,7100,0,0,11
plan_build,graph_chain,10,9,8,6600,0,0,11
plan_build,graph_chain,10,9,9,6600,0,0,11
plan_build,graph_chain,10,9,10,7200,0,0,11
plan_build,graph_chain,10,9,11,7300,0,0,11
plan_build,graph_chain,10,9,12,10100,0,0,11
plan_build,graph_chain,10,9,13,7600,0,0,11
plan_build,graph_chain,10,9,14,7300,0,0,11
plan_build,graph_chain,10,9,15,7000,0,0,11
plan_build,graph_chain,10,9,16,7000,0,0,11
plan_build,graph_chain,10,9,17,6700,0,0,11
plan_build,graph_chain,10,9,18,6600,0,0,11
plan_build,graph_chain,10,9,19,6500,0,0,11
plan_build_alloc,graph_chain,10,9,0,0,162,35321,11
engine_execution,graph_chain,10,9,0,28600,0,0,0
engine_execution,graph_chain,10,9,1,28400,0,0,1
engine_execution,graph_chain,10,9,2,28600,0,0,2
engine_execution,graph_chain,10,9,3,28600,0,0,3
engine_execution,graph_chain,10,9,4,28000,0,0,4
engine_execution,graph_chain,10,9,5,27900,0,0,5
engine_execution,graph_chain,10,9,6,28100,0,0,6
engine_execution,graph_chain,10,9,7,28100,0,0,7
engine_execution,graph_chain,10,9,8,28700,0,0,8
engine_execution,graph_chain,10,9,9,29000,0,0,9
engine_execution,graph_chain,10,9,10,28900,0,0,10
engine_execution,graph_chain,10,9,11,28400,0,0,11
engine_execution,graph_chain,10,9,12,28700,0,0,12
engine_execution,graph_chain,10,9,13,28000,0,0,13
engine_execution,graph_chain,10,9,14,28100,0,0,14
engine_execution,graph_chain,10,9,15,28100,0,0,15
engine_execution,graph_chain,10,9,16,33600,0,0,16
engine_execution,graph_chain,10,9,17,28700,0,0,17
engine_execution,graph_chain,10,9,18,28300,0,0,18
engine_execution,graph_chain,10,9,19,28100,0,0,19
engine_execution,graph_chain,10,9,20,29000,0,0,20
engine_execution,graph_chain,10,9,21,28300,0,0,21
engine_execution,graph_chain,10,9,22,28100,0,0,22
engine_execution,graph_chain,10,9,23,28300,0,0,23
engine_execution,graph_chain,10,9,24,28000,0,0,24
engine_execution,graph_chain,10,9,25,28100,0,0,25
engine_execution,graph_chain,10,9,26,27700,0,0,26
engine_execution,graph_chain,10,9,27,28500,0,0,27
engine_execution,graph_chain,10,9,28,28200,0,0,28
engine_execution,graph_chain,10,9,29,27900,0,0,29
engine_execution,graph_chain,10,9,30,28500,0,0,30
engine_execution,graph_chain,10,9,31,28500,0,0,31
engine_execution,graph_chain,10,9,32,28400,0,0,32
engine_execution,graph_chain,10,9,33,28400,0,0,33
engine_execution,graph_chain,10,9,34,28200,0,0,34
engine_execution,graph_chain,10,9,35,27700,0,0,35
engine_execution,graph_chain,10,9,36,28100,0,0,36
engine_execution,graph_chain,10,9,37,28000,0,0,37
engine_execution,graph_chain,10,9,38,29000,0,0,38
engine_execution,graph_chain,10,9,39,28400,0,0,39
engine_execution_alloc,graph_chain,10,9,0,0,572,44928,23130
machine_state_setup,graph_chain,10,9,0,1300,0,0,10
body_state_setup,graph_chain,10,9,0,400,0,0,0
machine_state_setup,graph_chain,10,9,1,900,0,0,10
body_state_setup,graph_chain,10,9,1,300,0,0,0
machine_state_setup,graph_chain,10,9,2,900,0,0,10
body_state_setup,graph_chain,10,9,2,200,0,0,0
machine_state_setup,graph_chain,10,9,3,800,0,0,10
body_state_setup,graph_chain,10,9,3,200,0,0,0
machine_state_setup,graph_chain,10,9,4,800,0,0,10
body_state_setup,graph_chain,10,9,4,300,0,0,0
machine_state_setup,graph_chain,10,9,5,900,0,0,10
body_state_setup,graph_chain,10,9,5,200,0,0,0
machine_state_setup,graph_chain,10,9,6,900,0,0,10
body_state_setup,graph_chain,10,9,6,300,0,0,0
machine_state_setup,graph_chain,10,9,7,800,0,0,10
body_state_setup,graph_chain,10,9,7,200,0,0,0
machine_state_setup,graph_chain,10,9,8,900,0,0,10
body_state_setup,graph_chain,10,9,8,200,0,0,0
machine_state_setup,graph_chain,10,9,9,800,0,0,10
body_state_setup,graph_chain,10,9,9,300,0,0,0
machine_state_setup,graph_chain,10,9,10,800,0,0,10
body_state_setup,graph_chain,10,9,10,300,0,0,0
machine_state_setup,graph_chain,10,9,11,800,0,0,10
body_state_setup,graph_chain,10,9,11,300,0,0,0
machine_state_setup,graph_chain,10,9,12,800,0,0,10
body_state_setup,graph_chain,10,9,12,300,0,0,0
machine_state_setup,graph_chain,10,9,13,800,0,0,10
body_state_setup,graph_chain,10,9,13,200,0,0,0
machine_state_setup,graph_chain,10,9,14,800,0,0,10
body_state_setup,graph_chain,10,9,14,200,0,0,0
machine_state_setup,graph_chain,10,9,15,900,0,0,10
body_state_setup,graph_chain,10,9,15,200,0,0,0
machine_state_setup,graph_chain,10,9,16,800,0,0,10
body_state_setup,graph_chain,10,9,16,300,0,0,0
machine_state_setup,graph_chain,10,9,17,800,0,0,10
body_state_setup,graph_chain,10,9,17,300,0,0,0
machine_state_setup,graph_chain,10,9,18,800,0,0,10
body_state_setup,graph_chain,10,9,18,200,0,0,0
machine_state_setup,graph_chain,10,9,19,800,0,0,10
body_state_setup,graph_chain,10,9,19,200,0,0,0
machine_state_setup,graph_chain,10,9,20,800,0,0,10
body_state_setup,graph_chain,10,9,20,200,0,0,0
machine_state_setup,graph_chain,10,9,21,800,0,0,10
body_state_setup,graph_chain,10,9,21,200,0,0,0
machine_state_setup,graph_chain,10,9,22,800,0,0,10
body_state_setup,graph_chain,10,9,22,200,0,0,0
machine_state_setup,graph_chain,10,9,23,900,0,0,10
body_state_setup,graph_chain,10,9,23,200,0,0,0
machine_state_setup,graph_chain,10,9,24,800,0,0,10
body_state_setup,graph_chain,10,9,24,300,0,0,0
machine_state_setup,graph_chain,10,9,25,800,0,0,10
body_state_setup,graph_chain,10,9,25,200,0,0,0
machine_state_setup,graph_chain,10,9,26,800,0,0,10
body_state_setup,graph_chain,10,9,26,200,0,0,0
machine_state_setup,graph_chain,10,9,27,1000,0,0,10
body_state_setup,graph_chain,10,9,27,300,0,0,0
machine_state_setup,graph_chain,10,9,28,1100,0,0,10
body_state_setup,graph_chain,10,9,28,300,0,0,0
machine_state_setup,graph_chain,10,9,29,1200,0,0,10
body_state_setup,graph_chain,10,9,29,300,0,0,0
machine_state_setup,graph_chain,10,9,30,1300,0,0,10
body_state_setup,graph_chain,10,9,30,500,0,0,0
machine_state_setup,graph_chain,10,9,31,1000,0,0,10
body_state_setup,graph_chain,10,9,31,400,0,0,0
machine_state_setup,graph_chain,10,9,32,900,0,0,10
body_state_setup,graph_chain,10,9,32,300,0,0,0
machine_state_setup,graph_chain,10,9,33,900,0,0,10
body_state_setup,graph_chain,10,9,33,300,0,0,0
machine_state_setup,graph_chain,10,9,34,900,0,0,10
body_state_setup,graph_chain,10,9,34,200,0,0,0
machine_state_setup,graph_chain,10,9,35,800,0,0,10
body_state_setup,graph_chain,10,9,35,300,0,0,0
machine_state_setup,graph_chain,10,9,36,900,0,0,10
body_state_setup,graph_chain,10,9,36,200,0,0,0
machine_state_setup,graph_chain,10,9,37,800,0,0,10
body_state_setup,graph_chain,10,9,37,300,0,0,0
machine_state_setup,graph_chain,10,9,38,800,0,0,10
body_state_setup,graph_chain,10,9,38,300,0,0,0
machine_state_setup,graph_chain,10,9,39,800,0,0,10
body_state_setup,graph_chain,10,9,39,200,0,0,0
pure_machine_events_preseeded,graph_chain,10,9,0,8700,0,0,10
pure_machine_events_preseeded,graph_chain,10,9,1,7400,0,0,10
pure_machine_events_preseeded,graph_chain,10,9,2,7300,0,0,10
pure_machine_events_preseeded,graph_chain,10,9,3,7400,0,0,10
pure_machine_events_preseeded,graph_chain,10,9,4,7300,0,0,10
pure_machine_events_preseeded,graph_chain,10,9,5,7200,0,0,10
pure_machine_events_preseeded,graph_chain,10,9,6,7400,0,0,10
pure_machine_events_preseeded,graph_chain,10,9,7,7400,0,0,10
pure_machine_events_preseeded,graph_chain,10,9,8,7300,0,0,10
pure_machine_events_preseeded,graph_chain,10,9,9,7200,0,0,10
pure_machine_events_preseeded,graph_chain,10,9,10,7400,0,0,10
pure_machine_events_preseeded,graph_chain,10,9,11,7200,0,0,10
pure_machine_events_preseeded,graph_chain,10,9,12,7300,0,0,10
pure_machine_events_preseeded,graph_chain,10,9,13,8000,0,0,10
pure_machine_events_preseeded,graph_chain,10,9,14,7800,0,0,10
pure_machine_events_preseeded,graph_chain,10,9,15,7800,0,0,10
pure_machine_events_preseeded,graph_chain,10,9,16,7700,0,0,10
pure_machine_events_preseeded,graph_chain,10,9,17,8000,0,0,10
pure_machine_events_preseeded,graph_chain,10,9,18,8000,0,0,10
pure_machine_events_preseeded,graph_chain,10,9,19,8000,0,0,10
pure_machine_events_preseeded,graph_chain,10,9,20,8000,0,0,10
pure_machine_events_preseeded,graph_chain,10,9,21,8100,0,0,10
pure_machine_events_preseeded,graph_chain,10,9,22,7600,0,0,10
pure_machine_events_preseeded,graph_chain,10,9,23,7400,0,0,10
pure_machine_events_preseeded,graph_chain,10,9,24,7300,0,0,10
pure_machine_events_preseeded,graph_chain,10,9,25,7300,0,0,10
pure_machine_events_preseeded,graph_chain,10,9,26,7200,0,0,10
pure_machine_events_preseeded,graph_chain,10,9,27,7400,0,0,10
pure_machine_events_preseeded,graph_chain,10,9,28,7300,0,0,10
pure_machine_events_preseeded,graph_chain,10,9,29,7300,0,0,10
pure_machine_events_preseeded,graph_chain,10,9,30,10000,0,0,10
pure_machine_events_preseeded,graph_chain,10,9,31,7300,0,0,10
pure_machine_events_preseeded,graph_chain,10,9,32,7200,0,0,10
pure_machine_events_preseeded,graph_chain,10,9,33,7300,0,0,10
pure_machine_events_preseeded,graph_chain,10,9,34,7200,0,0,10
pure_machine_events_preseeded,graph_chain,10,9,35,7300,0,0,10
pure_machine_events_preseeded,graph_chain,10,9,36,7300,0,0,10
pure_machine_events_preseeded,graph_chain,10,9,37,7200,0,0,10
pure_machine_events_preseeded,graph_chain,10,9,38,7300,0,0,10
pure_machine_events_preseeded,graph_chain,10,9,39,7300,0,0,10
fixture_generation,graph_wide,10,9,0,800,0,0,50
fixture_generation,graph_wide,10,9,1,800,0,0,50
fixture_generation,graph_wide,10,9,2,800,0,0,50
fixture_generation,graph_wide,10,9,3,800,0,0,50
fixture_generation,graph_wide,10,9,4,800,0,0,50
fixture_generation,graph_wide,10,9,5,800,0,0,50
fixture_generation,graph_wide,10,9,6,800,0,0,50
fixture_generation,graph_wide,10,9,7,800,0,0,50
fixture_generation,graph_wide,10,9,8,800,0,0,50
fixture_generation,graph_wide,10,9,9,800,0,0,50
fixture_generation,graph_wide,10,9,10,800,0,0,50
fixture_generation,graph_wide,10,9,11,800,0,0,50
fixture_generation,graph_wide,10,9,12,800,0,0,50
fixture_generation,graph_wide,10,9,13,800,0,0,50
fixture_generation,graph_wide,10,9,14,700,0,0,50
fixture_generation,graph_wide,10,9,15,800,0,0,50
fixture_generation,graph_wide,10,9,16,800,0,0,50
fixture_generation,graph_wide,10,9,17,800,0,0,50
fixture_generation,graph_wide,10,9,18,800,0,0,50
fixture_generation,graph_wide,10,9,19,800,0,0,50
plan_build,graph_wide,10,9,0,22500,0,0,10
plan_build,graph_wide,10,9,1,7500,0,0,10
plan_build,graph_wide,10,9,2,6200,0,0,10
plan_build,graph_wide,10,9,3,6200,0,0,10
plan_build,graph_wide,10,9,4,6100,0,0,10
plan_build,graph_wide,10,9,5,6300,0,0,10
plan_build,graph_wide,10,9,6,6100,0,0,10
plan_build,graph_wide,10,9,7,6000,0,0,10
plan_build,graph_wide,10,9,8,5900,0,0,10
plan_build,graph_wide,10,9,9,6100,0,0,10
plan_build,graph_wide,10,9,10,6300,0,0,10
plan_build,graph_wide,10,9,11,6100,0,0,10
plan_build,graph_wide,10,9,12,5900,0,0,10
plan_build,graph_wide,10,9,13,6000,0,0,10
plan_build,graph_wide,10,9,14,6000,0,0,10
plan_build,graph_wide,10,9,15,6300,0,0,10
plan_build,graph_wide,10,9,16,6200,0,0,10
plan_build,graph_wide,10,9,17,6300,0,0,10
plan_build,graph_wide,10,9,18,6200,0,0,10
plan_build,graph_wide,10,9,19,6000,0,0,10
plan_build_alloc,graph_wide,10,9,0,0,156,35255,10
engine_execution,graph_wide,10,9,0,28500,0,0,8
engine_execution,graph_wide,10,9,1,28300,0,0,9
engine_execution,graph_wide,10,9,2,27700,0,0,10
engine_execution,graph_wide,10,9,3,27800,0,0,11
engine_execution,graph_wide,10,9,4,27400,0,0,12
engine_execution,graph_wide,10,9,5,27200,0,0,13
engine_execution,graph_wide,10,9,6,27800,0,0,14
engine_execution,graph_wide,10,9,7,28200,0,0,15
engine_execution,graph_wide,10,9,8,28600,0,0,0
engine_execution,graph_wide,10,9,9,28200,0,0,1
engine_execution,graph_wide,10,9,10,27800,0,0,2
engine_execution,graph_wide,10,9,11,28500,0,0,3
engine_execution,graph_wide,10,9,12,28700,0,0,4
engine_execution,graph_wide,10,9,13,28400,0,0,5
engine_execution,graph_wide,10,9,14,28500,0,0,6
engine_execution,graph_wide,10,9,15,28600,0,0,7
engine_execution,graph_wide,10,9,16,28300,0,0,24
engine_execution,graph_wide,10,9,17,32800,0,0,25
engine_execution,graph_wide,10,9,18,29600,0,0,26
engine_execution,graph_wide,10,9,19,28100,0,0,27
engine_execution,graph_wide,10,9,20,27400,0,0,28
engine_execution,graph_wide,10,9,21,27500,0,0,29
engine_execution,graph_wide,10,9,22,27200,0,0,30
engine_execution,graph_wide,10,9,23,28000,0,0,31
engine_execution,graph_wide,10,9,24,27300,0,0,16
engine_execution,graph_wide,10,9,25,27200,0,0,17
engine_execution,graph_wide,10,9,26,27400,0,0,18
engine_execution,graph_wide,10,9,27,27100,0,0,19
engine_execution,graph_wide,10,9,28,27500,0,0,20
engine_execution,graph_wide,10,9,29,27000,0,0,21
engine_execution,graph_wide,10,9,30,27200,0,0,22
engine_execution,graph_wide,10,9,31,27000,0,0,23
engine_execution,graph_wide,10,9,32,27500,0,0,40
engine_execution,graph_wide,10,9,33,27100,0,0,41
engine_execution,graph_wide,10,9,34,26800,0,0,42
engine_execution,graph_wide,10,9,35,27200,0,0,43
engine_execution,graph_wide,10,9,36,27200,0,0,44
engine_execution,graph_wide,10,9,37,27600,0,0,45
engine_execution,graph_wide,10,9,38,26900,0,0,46
engine_execution,graph_wide,10,9,39,27200,0,0,47
engine_execution_alloc,graph_wide,10,9,0,0,555,46847,23122
machine_state_setup,graph_wide,10,9,0,1200,0,0,10
body_state_setup,graph_wide,10,9,0,300,0,0,0
machine_state_setup,graph_wide,10,9,1,900,0,0,10
body_state_setup,graph_wide,10,9,1,300,0,0,0
machine_state_setup,graph_wide,10,9,2,900,0,0,10
body_state_setup,graph_wide,10,9,2,200,0,0,0
machine_state_setup,graph_wide,10,9,3,800,0,0,10
body_state_setup,graph_wide,10,9,3,300,0,0,0
machine_state_setup,graph_wide,10,9,4,800,0,0,10
body_state_setup,graph_wide,10,9,4,300,0,0,0
machine_state_setup,graph_wide,10,9,5,800,0,0,10
body_state_setup,graph_wide,10,9,5,300,0,0,0
machine_state_setup,graph_wide,10,9,6,800,0,0,10
body_state_setup,graph_wide,10,9,6,200,0,0,0
machine_state_setup,graph_wide,10,9,7,800,0,0,10
body_state_setup,graph_wide,10,9,7,200,0,0,0
machine_state_setup,graph_wide,10,9,8,800,0,0,10
body_state_setup,graph_wide,10,9,8,300,0,0,0
machine_state_setup,graph_wide,10,9,9,800,0,0,10
body_state_setup,graph_wide,10,9,9,300,0,0,0
machine_state_setup,graph_wide,10,9,10,800,0,0,10
body_state_setup,graph_wide,10,9,10,300,0,0,0
machine_state_setup,graph_wide,10,9,11,800,0,0,10
body_state_setup,graph_wide,10,9,11,300,0,0,0
machine_state_setup,graph_wide,10,9,12,800,0,0,10
body_state_setup,graph_wide,10,9,12,300,0,0,0
machine_state_setup,graph_wide,10,9,13,800,0,0,10
body_state_setup,graph_wide,10,9,13,300,0,0,0
machine_state_setup,graph_wide,10,9,14,900,0,0,10
body_state_setup,graph_wide,10,9,14,300,0,0,0
machine_state_setup,graph_wide,10,9,15,800,0,0,10
body_state_setup,graph_wide,10,9,15,200,0,0,0
machine_state_setup,graph_wide,10,9,16,800,0,0,10
body_state_setup,graph_wide,10,9,16,300,0,0,0
machine_state_setup,graph_wide,10,9,17,700,0,0,10
body_state_setup,graph_wide,10,9,17,200,0,0,0
machine_state_setup,graph_wide,10,9,18,800,0,0,10
body_state_setup,graph_wide,10,9,18,300,0,0,0
machine_state_setup,graph_wide,10,9,19,800,0,0,10
body_state_setup,graph_wide,10,9,19,300,0,0,0
machine_state_setup,graph_wide,10,9,20,800,0,0,10
body_state_setup,graph_wide,10,9,20,200,0,0,0
machine_state_setup,graph_wide,10,9,21,800,0,0,10
body_state_setup,graph_wide,10,9,21,200,0,0,0
machine_state_setup,graph_wide,10,9,22,800,0,0,10
body_state_setup,graph_wide,10,9,22,200,0,0,0
machine_state_setup,graph_wide,10,9,23,800,0,0,10
body_state_setup,graph_wide,10,9,23,200,0,0,0
machine_state_setup,graph_wide,10,9,24,800,0,0,10
body_state_setup,graph_wide,10,9,24,300,0,0,0
machine_state_setup,graph_wide,10,9,25,800,0,0,10
body_state_setup,graph_wide,10,9,25,200,0,0,0
machine_state_setup,graph_wide,10,9,26,800,0,0,10
body_state_setup,graph_wide,10,9,26,200,0,0,0
machine_state_setup,graph_wide,10,9,27,900,0,0,10
body_state_setup,graph_wide,10,9,27,200,0,0,0
machine_state_setup,graph_wide,10,9,28,800,0,0,10
body_state_setup,graph_wide,10,9,28,300,0,0,0
machine_state_setup,graph_wide,10,9,29,800,0,0,10
body_state_setup,graph_wide,10,9,29,300,0,0,0
machine_state_setup,graph_wide,10,9,30,800,0,0,10
body_state_setup,graph_wide,10,9,30,200,0,0,0
machine_state_setup,graph_wide,10,9,31,900,0,0,10
body_state_setup,graph_wide,10,9,31,200,0,0,0
machine_state_setup,graph_wide,10,9,32,900,0,0,10
body_state_setup,graph_wide,10,9,32,200,0,0,0
machine_state_setup,graph_wide,10,9,33,800,0,0,10
body_state_setup,graph_wide,10,9,33,200,0,0,0
machine_state_setup,graph_wide,10,9,34,900,0,0,10
body_state_setup,graph_wide,10,9,34,300,0,0,0
machine_state_setup,graph_wide,10,9,35,800,0,0,10
body_state_setup,graph_wide,10,9,35,200,0,0,0
machine_state_setup,graph_wide,10,9,36,700,0,0,10
body_state_setup,graph_wide,10,9,36,200,0,0,0
machine_state_setup,graph_wide,10,9,37,800,0,0,10
body_state_setup,graph_wide,10,9,37,200,0,0,0
machine_state_setup,graph_wide,10,9,38,800,0,0,10
body_state_setup,graph_wide,10,9,38,300,0,0,0
machine_state_setup,graph_wide,10,9,39,800,0,0,10
body_state_setup,graph_wide,10,9,39,200,0,0,0
fixture_generation,graph_sparse,10,9,0,800,0,0,50
fixture_generation,graph_sparse,10,9,1,800,0,0,50
fixture_generation,graph_sparse,10,9,2,800,0,0,50
fixture_generation,graph_sparse,10,9,3,800,0,0,50
fixture_generation,graph_sparse,10,9,4,800,0,0,50
fixture_generation,graph_sparse,10,9,5,900,0,0,50
fixture_generation,graph_sparse,10,9,6,800,0,0,50
fixture_generation,graph_sparse,10,9,7,800,0,0,50
fixture_generation,graph_sparse,10,9,8,800,0,0,50
fixture_generation,graph_sparse,10,9,9,800,0,0,50
fixture_generation,graph_sparse,10,9,10,900,0,0,50
fixture_generation,graph_sparse,10,9,11,800,0,0,50
fixture_generation,graph_sparse,10,9,12,800,0,0,50
fixture_generation,graph_sparse,10,9,13,900,0,0,50
fixture_generation,graph_sparse,10,9,14,800,0,0,50
fixture_generation,graph_sparse,10,9,15,900,0,0,50
fixture_generation,graph_sparse,10,9,16,900,0,0,50
fixture_generation,graph_sparse,10,9,17,800,0,0,50
fixture_generation,graph_sparse,10,9,18,900,0,0,50
fixture_generation,graph_sparse,10,9,19,800,0,0,50
plan_build,graph_sparse,10,9,0,17500,0,0,12
plan_build,graph_sparse,10,9,1,12700,0,0,12
plan_build,graph_sparse,10,9,2,6900,0,0,12
plan_build,graph_sparse,10,9,3,6300,0,0,12
plan_build,graph_sparse,10,9,4,6700,0,0,12
plan_build,graph_sparse,10,9,5,6200,0,0,12
plan_build,graph_sparse,10,9,6,6400,0,0,12
plan_build,graph_sparse,10,9,7,6300,0,0,12
plan_build,graph_sparse,10,9,8,6300,0,0,12
plan_build,graph_sparse,10,9,9,6100,0,0,12
plan_build,graph_sparse,10,9,10,6300,0,0,12
plan_build,graph_sparse,10,9,11,6200,0,0,12
plan_build,graph_sparse,10,9,12,6600,0,0,12
plan_build,graph_sparse,10,9,13,6600,0,0,12
plan_build,graph_sparse,10,9,14,6800,0,0,12
plan_build,graph_sparse,10,9,15,6700,0,0,12
plan_build,graph_sparse,10,9,16,6900,0,0,12
plan_build,graph_sparse,10,9,17,7100,0,0,12
plan_build,graph_sparse,10,9,18,6900,0,0,12
plan_build,graph_sparse,10,9,19,12000,0,0,12
plan_build_alloc,graph_sparse,10,9,0,0,158,35195,12
engine_execution,graph_sparse,10,9,0,27500,0,0,13
engine_execution,graph_sparse,10,9,1,26700,0,0,12
engine_execution,graph_sparse,10,9,2,26700,0,0,15
engine_execution,graph_sparse,10,9,3,27600,0,0,14
engine_execution,graph_sparse,10,9,4,26700,0,0,9
engine_execution,graph_sparse,10,9,5,27000,0,0,8
engine_execution,graph_sparse,10,9,6,26900,0,0,11
engine_execution,graph_sparse,10,9,7,27600,0,0,10
engine_execution,graph_sparse,10,9,8,27400,0,0,5
engine_execution,graph_sparse,10,9,9,26900,0,0,4
engine_execution,graph_sparse,10,9,10,26800,0,0,7
engine_execution,graph_sparse,10,9,11,27200,0,0,6
engine_execution,graph_sparse,10,9,12,26700,0,0,1
engine_execution,graph_sparse,10,9,13,26500,0,0,0
engine_execution,graph_sparse,10,9,14,26700,0,0,3
engine_execution,graph_sparse,10,9,15,27100,0,0,2
engine_execution,graph_sparse,10,9,16,27100,0,0,29
engine_execution,graph_sparse,10,9,17,26900,0,0,28
engine_execution,graph_sparse,10,9,18,27600,0,0,31
engine_execution,graph_sparse,10,9,19,27800,0,0,30
engine_execution,graph_sparse,10,9,20,27400,0,0,25
engine_execution,graph_sparse,10,9,21,27800,0,0,24
engine_execution,graph_sparse,10,9,22,27100,0,0,27
engine_execution,graph_sparse,10,9,23,27000,0,0,26
engine_execution,graph_sparse,10,9,24,27300,0,0,21
engine_execution,graph_sparse,10,9,25,26800,0,0,20
engine_execution,graph_sparse,10,9,26,27000,0,0,23
engine_execution,graph_sparse,10,9,27,27400,0,0,22
engine_execution,graph_sparse,10,9,28,27000,0,0,17
engine_execution,graph_sparse,10,9,29,26700,0,0,16
engine_execution,graph_sparse,10,9,30,27600,0,0,19
engine_execution,graph_sparse,10,9,31,32600,0,0,18
engine_execution,graph_sparse,10,9,32,27000,0,0,45
engine_execution,graph_sparse,10,9,33,27500,0,0,44
engine_execution,graph_sparse,10,9,34,27000,0,0,47
engine_execution,graph_sparse,10,9,35,27000,0,0,46
engine_execution,graph_sparse,10,9,36,28400,0,0,41
engine_execution,graph_sparse,10,9,37,27400,0,0,40
engine_execution,graph_sparse,10,9,38,26700,0,0,43
engine_execution,graph_sparse,10,9,39,27200,0,0,42
engine_execution_alloc,graph_sparse,10,9,0,0,564,45889,23127
machine_state_setup,graph_sparse,10,9,0,1100,0,0,10
body_state_setup,graph_sparse,10,9,0,300,0,0,0
machine_state_setup,graph_sparse,10,9,1,700,0,0,10
body_state_setup,graph_sparse,10,9,1,300,0,0,0
machine_state_setup,graph_sparse,10,9,2,800,0,0,10
body_state_setup,graph_sparse,10,9,2,200,0,0,0
machine_state_setup,graph_sparse,10,9,3,700,0,0,10
body_state_setup,graph_sparse,10,9,3,200,0,0,0
machine_state_setup,graph_sparse,10,9,4,700,0,0,10
body_state_setup,graph_sparse,10,9,4,300,0,0,0
machine_state_setup,graph_sparse,10,9,5,800,0,0,10
body_state_setup,graph_sparse,10,9,5,200,0,0,0
machine_state_setup,graph_sparse,10,9,6,800,0,0,10
body_state_setup,graph_sparse,10,9,6,300,0,0,0
machine_state_setup,graph_sparse,10,9,7,1000,0,0,10
body_state_setup,graph_sparse,10,9,7,200,0,0,0
machine_state_setup,graph_sparse,10,9,8,800,0,0,10
body_state_setup,graph_sparse,10,9,8,200,0,0,0
machine_state_setup,graph_sparse,10,9,9,800,0,0,10
body_state_setup,graph_sparse,10,9,9,200,0,0,0
machine_state_setup,graph_sparse,10,9,10,700,0,0,10
body_state_setup,graph_sparse,10,9,10,200,0,0,0
machine_state_setup,graph_sparse,10,9,11,800,0,0,10
body_state_setup,graph_sparse,10,9,11,300,0,0,0
machine_state_setup,graph_sparse,10,9,12,800,0,0,10
body_state_setup,graph_sparse,10,9,12,200,0,0,0
machine_state_setup,graph_sparse,10,9,13,700,0,0,10
body_state_setup,graph_sparse,10,9,13,200,0,0,0
machine_state_setup,graph_sparse,10,9,14,700,0,0,10
body_state_setup,graph_sparse,10,9,14,300,0,0,0
machine_state_setup,graph_sparse,10,9,15,800,0,0,10
body_state_setup,graph_sparse,10,9,15,300,0,0,0
machine_state_setup,graph_sparse,10,9,16,800,0,0,10
body_state_setup,graph_sparse,10,9,16,200,0,0,0
machine_state_setup,graph_sparse,10,9,17,700,0,0,10
body_state_setup,graph_sparse,10,9,17,200,0,0,0
machine_state_setup,graph_sparse,10,9,18,800,0,0,10
body_state_setup,graph_sparse,10,9,18,300,0,0,0
machine_state_setup,graph_sparse,10,9,19,800,0,0,10
body_state_setup,graph_sparse,10,9,19,200,0,0,0
machine_state_setup,graph_sparse,10,9,20,700,0,0,10
body_state_setup,graph_sparse,10,9,20,200,0,0,0
machine_state_setup,graph_sparse,10,9,21,800,0,0,10
body_state_setup,graph_sparse,10,9,21,300,0,0,0
machine_state_setup,graph_sparse,10,9,22,700,0,0,10
body_state_setup,graph_sparse,10,9,22,200,0,0,0
machine_state_setup,graph_sparse,10,9,23,800,0,0,10
body_state_setup,graph_sparse,10,9,23,300,0,0,0
machine_state_setup,graph_sparse,10,9,24,800,0,0,10
body_state_setup,graph_sparse,10,9,24,200,0,0,0
machine_state_setup,graph_sparse,10,9,25,800,0,0,10
body_state_setup,graph_sparse,10,9,25,200,0,0,0
machine_state_setup,graph_sparse,10,9,26,800,0,0,10
body_state_setup,graph_sparse,10,9,26,200,0,0,0
machine_state_setup,graph_sparse,10,9,27,800,0,0,10
body_state_setup,graph_sparse,10,9,27,200,0,0,0
machine_state_setup,graph_sparse,10,9,28,700,0,0,10
body_state_setup,graph_sparse,10,9,28,200,0,0,0
machine_state_setup,graph_sparse,10,9,29,800,0,0,10
body_state_setup,graph_sparse,10,9,29,300,0,0,0
machine_state_setup,graph_sparse,10,9,30,800,0,0,10
body_state_setup,graph_sparse,10,9,30,200,0,0,0
machine_state_setup,graph_sparse,10,9,31,700,0,0,10
body_state_setup,graph_sparse,10,9,31,200,0,0,0
machine_state_setup,graph_sparse,10,9,32,800,0,0,10
body_state_setup,graph_sparse,10,9,32,300,0,0,0
machine_state_setup,graph_sparse,10,9,33,700,0,0,10
body_state_setup,graph_sparse,10,9,33,200,0,0,0
machine_state_setup,graph_sparse,10,9,34,700,0,0,10
body_state_setup,graph_sparse,10,9,34,300,0,0,0
machine_state_setup,graph_sparse,10,9,35,800,0,0,10
body_state_setup,graph_sparse,10,9,35,300,0,0,0
machine_state_setup,graph_sparse,10,9,36,700,0,0,10
body_state_setup,graph_sparse,10,9,36,200,0,0,0
machine_state_setup,graph_sparse,10,9,37,700,0,0,10
body_state_setup,graph_sparse,10,9,37,200,0,0,0
machine_state_setup,graph_sparse,10,9,38,800,0,0,10
body_state_setup,graph_sparse,10,9,38,200,0,0,0
machine_state_setup,graph_sparse,10,9,39,700,0,0,10
body_state_setup,graph_sparse,10,9,39,200,0,0,0
fixture_generation,graph_chain,100,99,0,7200,0,0,500
fixture_generation,graph_chain,100,99,1,7000,0,0,500
fixture_generation,graph_chain,100,99,2,7100,0,0,500
fixture_generation,graph_chain,100,99,3,6900,0,0,500
fixture_generation,graph_chain,100,99,4,6800,0,0,500
fixture_generation,graph_chain,100,99,5,6800,0,0,500
fixture_generation,graph_chain,100,99,6,6900,0,0,500
fixture_generation,graph_chain,100,99,7,6900,0,0,500
fixture_generation,graph_chain,100,99,8,6900,0,0,500
fixture_generation,graph_chain,100,99,9,6900,0,0,500
fixture_generation,graph_chain,100,99,10,6900,0,0,500
fixture_generation,graph_chain,100,99,11,6800,0,0,500
fixture_generation,graph_chain,100,99,12,6800,0,0,500
fixture_generation,graph_chain,100,99,13,6800,0,0,500
fixture_generation,graph_chain,100,99,14,6800,0,0,500
fixture_generation,graph_chain,100,99,15,6800,0,0,500
fixture_generation,graph_chain,100,99,16,6800,0,0,500
fixture_generation,graph_chain,100,99,17,6800,0,0,500
fixture_generation,graph_chain,100,99,18,6900,0,0,500
fixture_generation,graph_chain,100,99,19,6900,0,0,500
plan_build,graph_chain,100,99,0,141900,0,0,11
plan_build,graph_chain,100,99,1,129400,0,0,11
plan_build,graph_chain,100,99,2,109700,0,0,11
plan_build,graph_chain,100,99,3,147200,0,0,11
plan_build,graph_chain,100,99,4,161700,0,0,11
plan_build,graph_chain,100,99,5,173100,0,0,11
plan_build,graph_chain,100,99,6,172100,0,0,11
plan_build,graph_chain,100,99,7,159300,0,0,11
plan_build,graph_chain,100,99,8,103900,0,0,11
plan_build,graph_chain,100,99,9,240500,0,0,11
plan_build,graph_chain,100,99,10,164100,0,0,11
plan_build,graph_chain,100,99,11,143600,0,0,11
plan_build,graph_chain,100,99,12,191800,0,0,11
plan_build,graph_chain,100,99,13,192200,0,0,11
plan_build,graph_chain,100,99,14,129000,0,0,11
plan_build,graph_chain,100,99,15,182600,0,0,11
plan_build,graph_chain,100,99,16,147400,0,0,11
plan_build,graph_chain,100,99,17,117600,0,0,11
plan_build,graph_chain,100,99,18,154000,0,0,11
plan_build,graph_chain,100,99,19,159500,0,0,11
plan_build_alloc,graph_chain,100,99,0,0,1269,304543,11
engine_execution,graph_chain,100,99,0,356000,0,0,1
engine_execution,graph_chain,100,99,1,341500,0,0,0
engine_execution,graph_chain,100,99,2,341900,0,0,3
engine_execution,graph_chain,100,99,3,342200,0,0,2
engine_execution,graph_chain,100,99,4,348500,0,0,5
engine_execution,graph_chain,100,99,5,344900,0,0,4
engine_execution,graph_chain,100,99,6,373900,0,0,7
engine_execution,graph_chain,100,99,7,345100,0,0,6
engine_execution,graph_chain,100,99,8,349800,0,0,9
engine_execution,graph_chain,100,99,9,349800,0,0,8
engine_execution,graph_chain,100,99,10,356500,0,0,11
engine_execution,graph_chain,100,99,11,347900,0,0,10
engine_execution,graph_chain,100,99,12,345300,0,0,13
engine_execution,graph_chain,100,99,13,345600,0,0,12
engine_execution,graph_chain,100,99,14,351600,0,0,15
engine_execution,graph_chain,100,99,15,336900,0,0,14
engine_execution,graph_chain,100,99,16,347800,0,0,17
engine_execution,graph_chain,100,99,17,345500,0,0,16
engine_execution,graph_chain,100,99,18,342000,0,0,19
engine_execution,graph_chain,100,99,19,337400,0,0,18
engine_execution,graph_chain,100,99,20,349900,0,0,21
engine_execution,graph_chain,100,99,21,338800,0,0,20
engine_execution,graph_chain,100,99,22,341400,0,0,23
engine_execution,graph_chain,100,99,23,343900,0,0,22
engine_execution,graph_chain,100,99,24,350000,0,0,25
engine_execution,graph_chain,100,99,25,347500,0,0,24
engine_execution,graph_chain,100,99,26,346100,0,0,27
engine_execution,graph_chain,100,99,27,336200,0,0,26
engine_execution,graph_chain,100,99,28,351800,0,0,29
engine_execution,graph_chain,100,99,29,350300,0,0,28
engine_execution,graph_chain,100,99,30,349600,0,0,31
engine_execution,graph_chain,100,99,31,338900,0,0,30
engine_execution,graph_chain,100,99,32,351600,0,0,33
engine_execution,graph_chain,100,99,33,340300,0,0,32
engine_execution,graph_chain,100,99,34,345300,0,0,35
engine_execution,graph_chain,100,99,35,348900,0,0,34
engine_execution,graph_chain,100,99,36,348000,0,0,37
engine_execution,graph_chain,100,99,37,344600,0,0,36
engine_execution,graph_chain,100,99,38,340900,0,0,39
engine_execution,graph_chain,100,99,39,342200,0,0,38
engine_execution_alloc,graph_chain,100,99,0,0,5259,513144,23131
machine_state_setup,graph_chain,100,99,0,12600,0,0,100
body_state_setup,graph_chain,100,99,0,600,0,0,0
machine_state_setup,graph_chain,100,99,1,6500,0,0,100
body_state_setup,graph_chain,100,99,1,400,0,0,0
machine_state_setup,graph_chain,100,99,2,6300,0,0,100
body_state_setup,graph_chain,100,99,2,400,0,0,0
machine_state_setup,graph_chain,100,99,3,6300,0,0,100
body_state_setup,graph_chain,100,99,3,400,0,0,0
machine_state_setup,graph_chain,100,99,4,6300,0,0,100
body_state_setup,graph_chain,100,99,4,400,0,0,0
machine_state_setup,graph_chain,100,99,5,6300,0,0,100
body_state_setup,graph_chain,100,99,5,400,0,0,0
machine_state_setup,graph_chain,100,99,6,6300,0,0,100
body_state_setup,graph_chain,100,99,6,300,0,0,0
machine_state_setup,graph_chain,100,99,7,6400,0,0,100
body_state_setup,graph_chain,100,99,7,400,0,0,0
machine_state_setup,graph_chain,100,99,8,6500,0,0,100
body_state_setup,graph_chain,100,99,8,400,0,0,0
machine_state_setup,graph_chain,100,99,9,6300,0,0,100
body_state_setup,graph_chain,100,99,9,300,0,0,0
machine_state_setup,graph_chain,100,99,10,6300,0,0,100
body_state_setup,graph_chain,100,99,10,400,0,0,0
machine_state_setup,graph_chain,100,99,11,6200,0,0,100
body_state_setup,graph_chain,100,99,11,400,0,0,0
machine_state_setup,graph_chain,100,99,12,6300,0,0,100
body_state_setup,graph_chain,100,99,12,400,0,0,0
machine_state_setup,graph_chain,100,99,13,6300,0,0,100
body_state_setup,graph_chain,100,99,13,400,0,0,0
machine_state_setup,graph_chain,100,99,14,6300,0,0,100
body_state_setup,graph_chain,100,99,14,300,0,0,0
machine_state_setup,graph_chain,100,99,15,6300,0,0,100
body_state_setup,graph_chain,100,99,15,400,0,0,0
machine_state_setup,graph_chain,100,99,16,6300,0,0,100
body_state_setup,graph_chain,100,99,16,400,0,0,0
machine_state_setup,graph_chain,100,99,17,6400,0,0,100
body_state_setup,graph_chain,100,99,17,400,0,0,0
machine_state_setup,graph_chain,100,99,18,6300,0,0,100
body_state_setup,graph_chain,100,99,18,400,0,0,0
machine_state_setup,graph_chain,100,99,19,6400,0,0,100
body_state_setup,graph_chain,100,99,19,400,0,0,0
machine_state_setup,graph_chain,100,99,20,6300,0,0,100
body_state_setup,graph_chain,100,99,20,400,0,0,0
machine_state_setup,graph_chain,100,99,21,6300,0,0,100
body_state_setup,graph_chain,100,99,21,400,0,0,0
machine_state_setup,graph_chain,100,99,22,6300,0,0,100
body_state_setup,graph_chain,100,99,22,400,0,0,0
machine_state_setup,graph_chain,100,99,23,6300,0,0,100
body_state_setup,graph_chain,100,99,23,300,0,0,0
machine_state_setup,graph_chain,100,99,24,6300,0,0,100
body_state_setup,graph_chain,100,99,24,300,0,0,0
machine_state_setup,graph_chain,100,99,25,6200,0,0,100
body_state_setup,graph_chain,100,99,25,400,0,0,0
machine_state_setup,graph_chain,100,99,26,6200,0,0,100
body_state_setup,graph_chain,100,99,26,400,0,0,0
machine_state_setup,graph_chain,100,99,27,6300,0,0,100
body_state_setup,graph_chain,100,99,27,700,0,0,0
machine_state_setup,graph_chain,100,99,28,6400,0,0,100
body_state_setup,graph_chain,100,99,28,400,0,0,0
machine_state_setup,graph_chain,100,99,29,6100,0,0,100
body_state_setup,graph_chain,100,99,29,300,0,0,0
machine_state_setup,graph_chain,100,99,30,5900,0,0,100
body_state_setup,graph_chain,100,99,30,400,0,0,0
machine_state_setup,graph_chain,100,99,31,6000,0,0,100
body_state_setup,graph_chain,100,99,31,300,0,0,0
machine_state_setup,graph_chain,100,99,32,6000,0,0,100
body_state_setup,graph_chain,100,99,32,400,0,0,0
machine_state_setup,graph_chain,100,99,33,6000,0,0,100
body_state_setup,graph_chain,100,99,33,300,0,0,0
machine_state_setup,graph_chain,100,99,34,6000,0,0,100
body_state_setup,graph_chain,100,99,34,400,0,0,0
machine_state_setup,graph_chain,100,99,35,6000,0,0,100
body_state_setup,graph_chain,100,99,35,300,0,0,0
machine_state_setup,graph_chain,100,99,36,6000,0,0,100
body_state_setup,graph_chain,100,99,36,400,0,0,0
machine_state_setup,graph_chain,100,99,37,6000,0,0,100
body_state_setup,graph_chain,100,99,37,400,0,0,0
machine_state_setup,graph_chain,100,99,38,6000,0,0,100
body_state_setup,graph_chain,100,99,38,400,0,0,0
machine_state_setup,graph_chain,100,99,39,6000,0,0,100
body_state_setup,graph_chain,100,99,39,300,0,0,0
pure_machine_events_preseeded,graph_chain,100,99,0,106600,0,0,101
pure_machine_events_preseeded,graph_chain,100,99,1,104400,0,0,101
pure_machine_events_preseeded,graph_chain,100,99,2,107600,0,0,101
pure_machine_events_preseeded,graph_chain,100,99,3,105500,0,0,101
pure_machine_events_preseeded,graph_chain,100,99,4,104400,0,0,101
pure_machine_events_preseeded,graph_chain,100,99,5,109400,0,0,101
pure_machine_events_preseeded,graph_chain,100,99,6,103700,0,0,101
pure_machine_events_preseeded,graph_chain,100,99,7,104700,0,0,101
pure_machine_events_preseeded,graph_chain,100,99,8,104100,0,0,101
pure_machine_events_preseeded,graph_chain,100,99,9,104300,0,0,101
pure_machine_events_preseeded,graph_chain,100,99,10,104400,0,0,101
pure_machine_events_preseeded,graph_chain,100,99,11,104300,0,0,101
pure_machine_events_preseeded,graph_chain,100,99,12,105400,0,0,101
pure_machine_events_preseeded,graph_chain,100,99,13,104400,0,0,101
pure_machine_events_preseeded,graph_chain,100,99,14,104300,0,0,101
pure_machine_events_preseeded,graph_chain,100,99,15,108300,0,0,101
pure_machine_events_preseeded,graph_chain,100,99,16,103300,0,0,101
pure_machine_events_preseeded,graph_chain,100,99,17,104500,0,0,101
pure_machine_events_preseeded,graph_chain,100,99,18,104200,0,0,101
pure_machine_events_preseeded,graph_chain,100,99,19,104300,0,0,101
pure_machine_events_preseeded,graph_chain,100,99,20,104100,0,0,101
pure_machine_events_preseeded,graph_chain,100,99,21,104800,0,0,101
pure_machine_events_preseeded,graph_chain,100,99,22,105900,0,0,101
pure_machine_events_preseeded,graph_chain,100,99,23,104400,0,0,101
pure_machine_events_preseeded,graph_chain,100,99,24,126500,0,0,101
pure_machine_events_preseeded,graph_chain,100,99,25,102400,0,0,101
pure_machine_events_preseeded,graph_chain,100,99,26,103600,0,0,101
pure_machine_events_preseeded,graph_chain,100,99,27,103400,0,0,101
pure_machine_events_preseeded,graph_chain,100,99,28,102800,0,0,101
pure_machine_events_preseeded,graph_chain,100,99,29,104000,0,0,101
pure_machine_events_preseeded,graph_chain,100,99,30,104000,0,0,101
pure_machine_events_preseeded,graph_chain,100,99,31,103700,0,0,101
pure_machine_events_preseeded,graph_chain,100,99,32,105100,0,0,101
pure_machine_events_preseeded,graph_chain,100,99,33,104400,0,0,101
pure_machine_events_preseeded,graph_chain,100,99,34,110800,0,0,101
pure_machine_events_preseeded,graph_chain,100,99,35,102300,0,0,101
pure_machine_events_preseeded,graph_chain,100,99,36,103400,0,0,101
pure_machine_events_preseeded,graph_chain,100,99,37,104100,0,0,101
pure_machine_events_preseeded,graph_chain,100,99,38,104600,0,0,101
pure_machine_events_preseeded,graph_chain,100,99,39,104100,0,0,101
fixture_generation,graph_wide,100,99,0,7000,0,0,500
fixture_generation,graph_wide,100,99,1,6900,0,0,500
fixture_generation,graph_wide,100,99,2,6900,0,0,500
fixture_generation,graph_wide,100,99,3,6900,0,0,500
fixture_generation,graph_wide,100,99,4,6900,0,0,500
fixture_generation,graph_wide,100,99,5,6800,0,0,500
fixture_generation,graph_wide,100,99,6,6800,0,0,500
fixture_generation,graph_wide,100,99,7,6800,0,0,500
fixture_generation,graph_wide,100,99,8,7000,0,0,500
fixture_generation,graph_wide,100,99,9,7000,0,0,500
fixture_generation,graph_wide,100,99,10,6900,0,0,500
fixture_generation,graph_wide,100,99,11,6800,0,0,500
fixture_generation,graph_wide,100,99,12,6700,0,0,500
fixture_generation,graph_wide,100,99,13,6800,0,0,500
fixture_generation,graph_wide,100,99,14,6800,0,0,500
fixture_generation,graph_wide,100,99,15,6800,0,0,500
fixture_generation,graph_wide,100,99,16,6800,0,0,500
fixture_generation,graph_wide,100,99,17,6800,0,0,500
fixture_generation,graph_wide,100,99,18,6800,0,0,500
fixture_generation,graph_wide,100,99,19,6800,0,0,500
plan_build,graph_wide,100,99,0,188000,0,0,10
plan_build,graph_wide,100,99,1,151700,0,0,10
plan_build,graph_wide,100,99,2,82100,0,0,10
plan_build,graph_wide,100,99,3,190400,0,0,10
plan_build,graph_wide,100,99,4,158900,0,0,10
plan_build,graph_wide,100,99,5,71300,0,0,10
plan_build,graph_wide,100,99,6,196700,0,0,10
plan_build,graph_wide,100,99,7,175800,0,0,10
plan_build,graph_wide,100,99,8,130400,0,0,10
plan_build,graph_wide,100,99,9,163800,0,0,10
plan_build,graph_wide,100,99,10,154500,0,0,10
plan_build,graph_wide,100,99,11,83700,0,0,10
plan_build,graph_wide,100,99,12,162400,0,0,10
plan_build,graph_wide,100,99,13,158100,0,0,10
plan_build,graph_wide,100,99,14,134600,0,0,10
plan_build,graph_wide,100,99,15,165400,0,0,10
plan_build,graph_wide,100,99,16,164400,0,0,10
plan_build,graph_wide,100,99,17,130000,0,0,10
plan_build,graph_wide,100,99,18,122000,0,0,10
plan_build,graph_wide,100,99,19,148200,0,0,10
plan_build_alloc,graph_wide,100,99,0,0,1176,303389,10
engine_execution,graph_wide,100,99,0,339300,0,0,98
engine_execution,graph_wide,100,99,1,311500,0,0,99
engine_execution,graph_wide,100,99,2,313600,0,0,96
engine_execution,graph_wide,100,99,3,304800,0,0,97
engine_execution,graph_wide,100,99,4,305900,0,0,102
engine_execution,graph_wide,100,99,5,314000,0,0,103
engine_execution,graph_wide,100,99,6,309500,0,0,100
engine_execution,graph_wide,100,99,7,302300,0,0,101
engine_execution,graph_wide,100,99,8,304500,0,0,106
engine_execution,graph_wide,100,99,9,307600,0,0,107
engine_execution,graph_wide,100,99,10,305900,0,0,104
engine_execution,graph_wide,100,99,11,300400,0,0,105
engine_execution,graph_wide,100,99,12,309700,0,0,110
engine_execution,graph_wide,100,99,13,307800,0,0,111
engine_execution,graph_wide,100,99,14,297300,0,0,108
engine_execution,graph_wide,100,99,15,304600,0,0,109
engine_execution,graph_wide,100,99,16,316700,0,0,114
engine_execution,graph_wide,100,99,17,303000,0,0,115
engine_execution,graph_wide,100,99,18,304100,0,0,112
engine_execution,graph_wide,100,99,19,307500,0,0,113
engine_execution,graph_wide,100,99,20,297200,0,0,118
engine_execution,graph_wide,100,99,21,306600,0,0,119
engine_execution,graph_wide,100,99,22,299800,0,0,116
engine_execution,graph_wide,100,99,23,309500,0,0,117
engine_execution,graph_wide,100,99,24,301000,0,0,122
engine_execution,graph_wide,100,99,25,973700,0,0,123
engine_execution,graph_wide,100,99,26,346300,0,0,120
engine_execution,graph_wide,100,99,27,323300,0,0,121
engine_execution,graph_wide,100,99,28,322200,0,0,126
engine_execution,graph_wide,100,99,29,305700,0,0,127
engine_execution,graph_wide,100,99,30,297000,0,0,124
engine_execution,graph_wide,100,99,31,300000,0,0,125
engine_execution,graph_wide,100,99,32,308600,0,0,66
engine_execution,graph_wide,100,99,33,303900,0,0,67
engine_execution,graph_wide,100,99,34,301800,0,0,64
engine_execution,graph_wide,100,99,35,311100,0,0,65
engine_execution,graph_wide,100,99,36,304900,0,0,70
engine_execution,graph_wide,100,99,37,302900,0,0,71
engine_execution,graph_wide,100,99,38,336200,0,0,68
engine_execution,graph_wide,100,99,39,359600,0,0,69
engine_execution_alloc,graph_wide,100,99,0,0,4987,468375,23096
machine_state_setup,graph_wide,100,99,0,10700,0,0,100
body_state_setup,graph_wide,100,99,0,600,0,0,0
machine_state_setup,graph_wide,100,99,1,6000,0,0,100
body_state_setup,graph_wide,100,99,1,400,0,0,0
machine_state_setup,graph_wide,100,99,2,6100,0,0,100
body_state_setup,graph_wide,100,99,2,400,0,0,0
machine_state_setup,graph_wide,100,99,3,6100,0,0,100
body_state_setup,graph_wide,100,99,3,300,0,0,0
machine_state_setup,graph_wide,100,99,4,6500,0,0,100
body_state_setup,graph_wide,100,99,4,400,0,0,0
machine_state_setup,graph_wide,100,99,5,6400,0,0,100
body_state_setup,graph_wide,100,99,5,400,0,0,0
machine_state_setup,graph_wide,100,99,6,6400,0,0,100
body_state_setup,graph_wide,100,99,6,500,0,0,0
machine_state_setup,graph_wide,100,99,7,6400,0,0,100
body_state_setup,graph_wide,100,99,7,400,0,0,0
machine_state_setup,graph_wide,100,99,8,6400,0,0,100
body_state_setup,graph_wide,100,99,8,300,0,0,0
machine_state_setup,graph_wide,100,99,9,6300,0,0,100
body_state_setup,graph_wide,100,99,9,400,0,0,0
machine_state_setup,graph_wide,100,99,10,6500,0,0,100
body_state_setup,graph_wide,100,99,10,400,0,0,0
machine_state_setup,graph_wide,100,99,11,6600,0,0,100
body_state_setup,graph_wide,100,99,11,400,0,0,0
machine_state_setup,graph_wide,100,99,12,6400,0,0,100
body_state_setup,graph_wide,100,99,12,400,0,0,0
machine_state_setup,graph_wide,100,99,13,6300,0,0,100
body_state_setup,graph_wide,100,99,13,400,0,0,0
machine_state_setup,graph_wide,100,99,14,6400,0,0,100
body_state_setup,graph_wide,100,99,14,400,0,0,0
machine_state_setup,graph_wide,100,99,15,6400,0,0,100
body_state_setup,graph_wide,100,99,15,300,0,0,0
machine_state_setup,graph_wide,100,99,16,6400,0,0,100
body_state_setup,graph_wide,100,99,16,400,0,0,0
machine_state_setup,graph_wide,100,99,17,6300,0,0,100
body_state_setup,graph_wide,100,99,17,400,0,0,0
machine_state_setup,graph_wide,100,99,18,6300,0,0,100
body_state_setup,graph_wide,100,99,18,400,0,0,0
machine_state_setup,graph_wide,100,99,19,6400,0,0,100
body_state_setup,graph_wide,100,99,19,400,0,0,0
machine_state_setup,graph_wide,100,99,20,6500,0,0,100
body_state_setup,graph_wide,100,99,20,400,0,0,0
machine_state_setup,graph_wide,100,99,21,6400,0,0,100
body_state_setup,graph_wide,100,99,21,400,0,0,0
machine_state_setup,graph_wide,100,99,22,6500,0,0,100
body_state_setup,graph_wide,100,99,22,300,0,0,0
machine_state_setup,graph_wide,100,99,23,6400,0,0,100
body_state_setup,graph_wide,100,99,23,300,0,0,0
machine_state_setup,graph_wide,100,99,24,6400,0,0,100
body_state_setup,graph_wide,100,99,24,500,0,0,0
machine_state_setup,graph_wide,100,99,25,6400,0,0,100
body_state_setup,graph_wide,100,99,25,400,0,0,0
machine_state_setup,graph_wide,100,99,26,6300,0,0,100
body_state_setup,graph_wide,100,99,26,400,0,0,0
machine_state_setup,graph_wide,100,99,27,6400,0,0,100
body_state_setup,graph_wide,100,99,27,300,0,0,0
machine_state_setup,graph_wide,100,99,28,6300,0,0,100
body_state_setup,graph_wide,100,99,28,400,0,0,0
machine_state_setup,graph_wide,100,99,29,6400,0,0,100
body_state_setup,graph_wide,100,99,29,600,0,0,0
machine_state_setup,graph_wide,100,99,30,6400,0,0,100
body_state_setup,graph_wide,100,99,30,400,0,0,0
machine_state_setup,graph_wide,100,99,31,6400,0,0,100
body_state_setup,graph_wide,100,99,31,400,0,0,0
machine_state_setup,graph_wide,100,99,32,6400,0,0,100
body_state_setup,graph_wide,100,99,32,300,0,0,0
machine_state_setup,graph_wide,100,99,33,6400,0,0,100
body_state_setup,graph_wide,100,99,33,400,0,0,0
machine_state_setup,graph_wide,100,99,34,6300,0,0,100
body_state_setup,graph_wide,100,99,34,400,0,0,0
machine_state_setup,graph_wide,100,99,35,6300,0,0,100
body_state_setup,graph_wide,100,99,35,300,0,0,0
machine_state_setup,graph_wide,100,99,36,6300,0,0,100
body_state_setup,graph_wide,100,99,36,300,0,0,0
machine_state_setup,graph_wide,100,99,37,6300,0,0,100
body_state_setup,graph_wide,100,99,37,400,0,0,0
machine_state_setup,graph_wide,100,99,38,6400,0,0,100
body_state_setup,graph_wide,100,99,38,400,0,0,0
machine_state_setup,graph_wide,100,99,39,6500,0,0,100
body_state_setup,graph_wide,100,99,39,400,0,0,0
fixture_generation,graph_sparse,100,99,0,7700,0,0,500
fixture_generation,graph_sparse,100,99,1,7700,0,0,500
fixture_generation,graph_sparse,100,99,2,6900,0,0,500
fixture_generation,graph_sparse,100,99,3,6800,0,0,500
fixture_generation,graph_sparse,100,99,4,6800,0,0,500
fixture_generation,graph_sparse,100,99,5,6900,0,0,500
fixture_generation,graph_sparse,100,99,6,7100,0,0,500
fixture_generation,graph_sparse,100,99,7,7000,0,0,500
fixture_generation,graph_sparse,100,99,8,6900,0,0,500
fixture_generation,graph_sparse,100,99,9,6800,0,0,500
fixture_generation,graph_sparse,100,99,10,6800,0,0,500
fixture_generation,graph_sparse,100,99,11,6900,0,0,500
fixture_generation,graph_sparse,100,99,12,7000,0,0,500
fixture_generation,graph_sparse,100,99,13,6700,0,0,500
fixture_generation,graph_sparse,100,99,14,6800,0,0,500
fixture_generation,graph_sparse,100,99,15,6800,0,0,500
fixture_generation,graph_sparse,100,99,16,6800,0,0,500
fixture_generation,graph_sparse,100,99,17,6800,0,0,500
fixture_generation,graph_sparse,100,99,18,6800,0,0,500
fixture_generation,graph_sparse,100,99,19,6900,0,0,500
plan_build,graph_sparse,100,99,0,173300,0,0,12
plan_build,graph_sparse,100,99,1,166300,0,0,12
plan_build,graph_sparse,100,99,2,149200,0,0,12
plan_build,graph_sparse,100,99,3,172200,0,0,12
plan_build,graph_sparse,100,99,4,186300,0,0,12
plan_build,graph_sparse,100,99,5,74800,0,0,12
plan_build,graph_sparse,100,99,6,139700,0,0,12
plan_build,graph_sparse,100,99,7,247900,0,0,12
plan_build,graph_sparse,100,99,8,157000,0,0,12
plan_build,graph_sparse,100,99,9,185200,0,0,12
plan_build,graph_sparse,100,99,10,259900,0,0,12
plan_build,graph_sparse,100,99,11,136300,0,0,12
plan_build,graph_sparse,100,99,12,143600,0,0,12
plan_build,graph_sparse,100,99,13,193700,0,0,12
plan_build,graph_sparse,100,99,14,174400,0,0,12
plan_build,graph_sparse,100,99,15,196900,0,0,12
plan_build,graph_sparse,100,99,16,232500,0,0,12
plan_build,graph_sparse,100,99,17,134300,0,0,12
plan_build,graph_sparse,100,99,18,150500,0,0,12
plan_build,graph_sparse,100,99,19,164300,0,0,12
plan_build_alloc,graph_sparse,100,99,0,0,1220,302977,12
engine_execution,graph_sparse,100,99,0,329000,0,0,71
engine_execution,graph_sparse,100,99,1,328300,0,0,70
engine_execution,graph_sparse,100,99,2,332500,0,0,69
engine_execution,graph_sparse,100,99,3,317400,0,0,68
engine_execution,graph_sparse,100,99,4,335200,0,0,67
engine_execution,graph_sparse,100,99,5,326900,0,0,66
engine_execution,graph_sparse,100,99,6,333100,0,0,65
engine_execution,graph_sparse,100,99,7,323300,0,0,64
engine_execution,graph_sparse,100,99,8,326700,0,0,79
engine_execution,graph_sparse,100,99,9,317000,0,0,78
engine_execution,graph_sparse,100,99,10,334700,0,0,77
engine_execution,graph_sparse,100,99,11,318500,0,0,76
engine_execution,graph_sparse,100,99,12,322600,0,0,75
engine_execution,graph_sparse,100,99,13,321500,0,0,74
engine_execution,graph_sparse,100,99,14,325100,0,0,73
engine_execution,graph_sparse,100,99,15,313500,0,0,72
engine_execution,graph_sparse,100,99,16,334900,0,0,87
engine_execution,graph_sparse,100,99,17,324900,0,0,86
engine_execution,graph_sparse,100,99,18,323700,0,0,85
engine_execution,graph_sparse,100,99,19,318600,0,0,84
engine_execution,graph_sparse,100,99,20,323000,0,0,83
engine_execution,graph_sparse,100,99,21,316700,0,0,82
engine_execution,graph_sparse,100,99,22,337000,0,0,81
engine_execution,graph_sparse,100,99,23,321200,0,0,80
engine_execution,graph_sparse,100,99,24,322700,0,0,95
engine_execution,graph_sparse,100,99,25,329300,0,0,94
engine_execution,graph_sparse,100,99,26,323100,0,0,93
engine_execution,graph_sparse,100,99,27,322500,0,0,92
engine_execution,graph_sparse,100,99,28,333200,0,0,91
engine_execution,graph_sparse,100,99,29,316200,0,0,90
engine_execution,graph_sparse,100,99,30,323700,0,0,89
engine_execution,graph_sparse,100,99,31,334900,0,0,88
engine_execution,graph_sparse,100,99,32,324100,0,0,103
engine_execution,graph_sparse,100,99,33,323200,0,0,102
engine_execution,graph_sparse,100,99,34,337200,0,0,101
engine_execution,graph_sparse,100,99,35,322000,0,0,100
engine_execution,graph_sparse,100,99,36,330900,0,0,99
engine_execution,graph_sparse,100,99,37,329400,0,0,98
engine_execution,graph_sparse,100,99,38,346500,0,0,97
engine_execution,graph_sparse,100,99,39,324900,0,0,96
engine_execution_alloc,graph_sparse,100,99,0,0,5163,494297,23069
machine_state_setup,graph_sparse,100,99,0,22400,0,0,100
body_state_setup,graph_sparse,100,99,0,700,0,0,0
machine_state_setup,graph_sparse,100,99,1,12400,0,0,100
body_state_setup,graph_sparse,100,99,1,600,0,0,0
machine_state_setup,graph_sparse,100,99,2,6300,0,0,100
body_state_setup,graph_sparse,100,99,2,400,0,0,0
machine_state_setup,graph_sparse,100,99,3,6500,0,0,100
body_state_setup,graph_sparse,100,99,3,400,0,0,0
machine_state_setup,graph_sparse,100,99,4,7800,0,0,100
body_state_setup,graph_sparse,100,99,4,400,0,0,0
machine_state_setup,graph_sparse,100,99,5,6300,0,0,100
body_state_setup,graph_sparse,100,99,5,400,0,0,0
machine_state_setup,graph_sparse,100,99,6,6400,0,0,100
body_state_setup,graph_sparse,100,99,6,400,0,0,0
machine_state_setup,graph_sparse,100,99,7,6200,0,0,100
body_state_setup,graph_sparse,100,99,7,400,0,0,0
machine_state_setup,graph_sparse,100,99,8,6200,0,0,100
body_state_setup,graph_sparse,100,99,8,600,0,0,0
machine_state_setup,graph_sparse,100,99,9,6800,0,0,100
body_state_setup,graph_sparse,100,99,9,400,0,0,0
machine_state_setup,graph_sparse,100,99,10,6200,0,0,100
body_state_setup,graph_sparse,100,99,10,400,0,0,0
machine_state_setup,graph_sparse,100,99,11,6400,0,0,100
body_state_setup,graph_sparse,100,99,11,400,0,0,0
machine_state_setup,graph_sparse,100,99,12,6200,0,0,100
body_state_setup,graph_sparse,100,99,12,400,0,0,0
machine_state_setup,graph_sparse,100,99,13,6400,0,0,100
body_state_setup,graph_sparse,100,99,13,400,0,0,0
machine_state_setup,graph_sparse,100,99,14,6700,0,0,100
body_state_setup,graph_sparse,100,99,14,400,0,0,0
machine_state_setup,graph_sparse,100,99,15,6500,0,0,100
body_state_setup,graph_sparse,100,99,15,400,0,0,0
machine_state_setup,graph_sparse,100,99,16,6400,0,0,100
body_state_setup,graph_sparse,100,99,16,400,0,0,0
machine_state_setup,graph_sparse,100,99,17,6600,0,0,100
body_state_setup,graph_sparse,100,99,17,300,0,0,0
machine_state_setup,graph_sparse,100,99,18,6300,0,0,100
body_state_setup,graph_sparse,100,99,18,500,0,0,0
machine_state_setup,graph_sparse,100,99,19,6300,0,0,100
body_state_setup,graph_sparse,100,99,19,400,0,0,0
machine_state_setup,graph_sparse,100,99,20,6400,0,0,100
body_state_setup,graph_sparse,100,99,20,400,0,0,0
machine_state_setup,graph_sparse,100,99,21,6700,0,0,100
body_state_setup,graph_sparse,100,99,21,300,0,0,0
machine_state_setup,graph_sparse,100,99,22,6300,0,0,100
body_state_setup,graph_sparse,100,99,22,400,0,0,0
machine_state_setup,graph_sparse,100,99,23,6300,0,0,100
body_state_setup,graph_sparse,100,99,23,400,0,0,0
machine_state_setup,graph_sparse,100,99,24,6400,0,0,100
body_state_setup,graph_sparse,100,99,24,400,0,0,0
machine_state_setup,graph_sparse,100,99,25,6100,0,0,100
body_state_setup,graph_sparse,100,99,25,400,0,0,0
machine_state_setup,graph_sparse,100,99,26,6700,0,0,100
body_state_setup,graph_sparse,100,99,26,300,0,0,0
machine_state_setup,graph_sparse,100,99,27,6100,0,0,100
body_state_setup,graph_sparse,100,99,27,400,0,0,0
machine_state_setup,graph_sparse,100,99,28,6300,0,0,100
body_state_setup,graph_sparse,100,99,28,400,0,0,0
machine_state_setup,graph_sparse,100,99,29,6200,0,0,100
body_state_setup,graph_sparse,100,99,29,300,0,0,0
machine_state_setup,graph_sparse,100,99,30,6400,0,0,100
body_state_setup,graph_sparse,100,99,30,300,0,0,0
machine_state_setup,graph_sparse,100,99,31,6200,0,0,100
body_state_setup,graph_sparse,100,99,31,400,0,0,0
machine_state_setup,graph_sparse,100,99,32,6300,0,0,100
body_state_setup,graph_sparse,100,99,32,300,0,0,0
machine_state_setup,graph_sparse,100,99,33,6300,0,0,100
body_state_setup,graph_sparse,100,99,33,300,0,0,0
machine_state_setup,graph_sparse,100,99,34,6200,0,0,100
body_state_setup,graph_sparse,100,99,34,300,0,0,0
machine_state_setup,graph_sparse,100,99,35,6400,0,0,100
body_state_setup,graph_sparse,100,99,35,400,0,0,0
machine_state_setup,graph_sparse,100,99,36,6200,0,0,100
body_state_setup,graph_sparse,100,99,36,400,0,0,0
machine_state_setup,graph_sparse,100,99,37,6200,0,0,100
body_state_setup,graph_sparse,100,99,37,400,0,0,0
machine_state_setup,graph_sparse,100,99,38,6600,0,0,100
body_state_setup,graph_sparse,100,99,38,400,0,0,0
machine_state_setup,graph_sparse,100,99,39,6300,0,0,100
body_state_setup,graph_sparse,100,99,39,500,0,0,0
fixture_generation,graph_chain,1000,999,0,67100,0,0,5000
fixture_generation,graph_chain,1000,999,1,65500,0,0,5000
fixture_generation,graph_chain,1000,999,2,64800,0,0,5000
fixture_generation,graph_chain,1000,999,3,65800,0,0,5000
fixture_generation,graph_chain,1000,999,4,65500,0,0,5000
fixture_generation,graph_chain,1000,999,5,64900,0,0,5000
fixture_generation,graph_chain,1000,999,6,65700,0,0,5000
fixture_generation,graph_chain,1000,999,7,69800,0,0,5000
fixture_generation,graph_chain,1000,999,8,65000,0,0,5000
fixture_generation,graph_chain,1000,999,9,65400,0,0,5000
fixture_generation,graph_chain,1000,999,10,65500,0,0,5000
fixture_generation,graph_chain,1000,999,11,64900,0,0,5000
fixture_generation,graph_chain,1000,999,12,67900,0,0,5000
fixture_generation,graph_chain,1000,999,13,65000,0,0,5000
fixture_generation,graph_chain,1000,999,14,64500,0,0,5000
fixture_generation,graph_chain,1000,999,15,65500,0,0,5000
fixture_generation,graph_chain,1000,999,16,64800,0,0,5000
fixture_generation,graph_chain,1000,999,17,64600,0,0,5000
fixture_generation,graph_chain,1000,999,18,65800,0,0,5000
fixture_generation,graph_chain,1000,999,19,65200,0,0,5000
plan_build,graph_chain,1000,999,0,1879900,0,0,11
plan_build,graph_chain,1000,999,1,1758100,0,0,11
plan_build,graph_chain,1000,999,2,1903100,0,0,11
plan_build,graph_chain,1000,999,3,1869100,0,0,11
plan_build,graph_chain,1000,999,4,1709600,0,0,11
plan_build,graph_chain,1000,999,5,1728100,0,0,11
plan_build,graph_chain,1000,999,6,1709900,0,0,11
plan_build,graph_chain,1000,999,7,1597500,0,0,11
plan_build,graph_chain,1000,999,8,1559100,0,0,11
plan_build,graph_chain,1000,999,9,1494000,0,0,11
plan_build,graph_chain,1000,999,10,1527400,0,0,11
plan_build,graph_chain,1000,999,11,1513700,0,0,11
plan_build,graph_chain,1000,999,12,1525900,0,0,11
plan_build,graph_chain,1000,999,13,1563500,0,0,11
plan_build,graph_chain,1000,999,14,1629600,0,0,11
plan_build,graph_chain,1000,999,15,1524700,0,0,11
plan_build,graph_chain,1000,999,16,1523600,0,0,11
plan_build,graph_chain,1000,999,17,1590000,0,0,11
plan_build,graph_chain,1000,999,18,1587300,0,0,11
plan_build,graph_chain,1000,999,19,1500200,0,0,11
plan_build_alloc,graph_chain,1000,999,0,0,12096,2527259,11
engine_execution,graph_chain,1000,999,0,10722100,0,0,1
engine_execution,graph_chain,1000,999,1,10670800,0,0,0
engine_execution,graph_chain,1000,999,2,10645900,0,0,3
engine_execution,graph_chain,1000,999,3,10867900,0,0,2
engine_execution,graph_chain,1000,999,4,10521700,0,0,5
engine_execution,graph_chain,1000,999,5,10535900,0,0,4
engine_execution,graph_chain,1000,999,6,10553600,0,0,7
engine_execution,graph_chain,1000,999,7,10618900,0,0,6
engine_execution,graph_chain,1000,999,8,10596600,0,0,9
engine_execution,graph_chain,1000,999,9,10654800,0,0,8
engine_execution,graph_chain,1000,999,10,10664000,0,0,11
engine_execution,graph_chain,1000,999,11,11253600,0,0,10
engine_execution,graph_chain,1000,999,12,10584100,0,0,13
engine_execution,graph_chain,1000,999,13,10563500,0,0,12
engine_execution,graph_chain,1000,999,14,10486400,0,0,15
engine_execution,graph_chain,1000,999,15,10701200,0,0,14
engine_execution,graph_chain,1000,999,16,10675900,0,0,17
engine_execution,graph_chain,1000,999,17,11244100,0,0,16
engine_execution,graph_chain,1000,999,18,10620800,0,0,19
engine_execution,graph_chain,1000,999,19,10625400,0,0,18
engine_execution,graph_chain,1000,999,20,10542500,0,0,21
engine_execution,graph_chain,1000,999,21,10594600,0,0,20
engine_execution,graph_chain,1000,999,22,10611600,0,0,23
engine_execution,graph_chain,1000,999,23,10618700,0,0,22
engine_execution,graph_chain,1000,999,24,10546600,0,0,25
engine_execution,graph_chain,1000,999,25,10498000,0,0,24
engine_execution,graph_chain,1000,999,26,10496900,0,0,27
engine_execution,graph_chain,1000,999,27,10537100,0,0,26
engine_execution,graph_chain,1000,999,28,10415200,0,0,29
engine_execution,graph_chain,1000,999,29,10566900,0,0,28
engine_execution,graph_chain,1000,999,30,10517000,0,0,31
engine_execution,graph_chain,1000,999,31,10675400,0,0,30
engine_execution,graph_chain,1000,999,32,10626900,0,0,33
engine_execution,graph_chain,1000,999,33,10636200,0,0,32
engine_execution,graph_chain,1000,999,34,10604400,0,0,35
engine_execution,graph_chain,1000,999,35,10733000,0,0,34
engine_execution,graph_chain,1000,999,36,10941500,0,0,37
engine_execution,graph_chain,1000,999,37,10503800,0,0,36
engine_execution,graph_chain,1000,999,38,10469600,0,0,39
engine_execution,graph_chain,1000,999,39,10410500,0,0,38
engine_execution_alloc,graph_chain,1000,999,0,0,52066,19479112,23131
machine_state_setup,graph_chain,1000,999,0,149200,0,0,1000
body_state_setup,graph_chain,1000,999,0,6400,0,0,0
machine_state_setup,graph_chain,1000,999,1,60800,0,0,1000
body_state_setup,graph_chain,1000,999,1,800,0,0,0
machine_state_setup,graph_chain,1000,999,2,57300,0,0,1000
body_state_setup,graph_chain,1000,999,2,700,0,0,0
machine_state_setup,graph_chain,1000,999,3,57400,0,0,1000
body_state_setup,graph_chain,1000,999,3,700,0,0,0
machine_state_setup,graph_chain,1000,999,4,78400,0,0,1000
body_state_setup,graph_chain,1000,999,4,5700,0,0,0
machine_state_setup,graph_chain,1000,999,5,133900,0,0,1000
body_state_setup,graph_chain,1000,999,5,800,0,0,0
machine_state_setup,graph_chain,1000,999,6,70300,0,0,1000
body_state_setup,graph_chain,1000,999,6,5600,0,0,0
machine_state_setup,graph_chain,1000,999,7,125300,0,0,1000
body_state_setup,graph_chain,1000,999,7,700,0,0,0
machine_state_setup,graph_chain,1000,999,8,71500,0,0,1000
body_state_setup,graph_chain,1000,999,8,5300,0,0,0
machine_state_setup,graph_chain,1000,999,9,134600,0,0,1000
body_state_setup,graph_chain,1000,999,9,700,0,0,0
machine_state_setup,graph_chain,1000,999,10,57500,0,0,1000
body_state_setup,graph_chain,1000,999,10,700,0,0,0
machine_state_setup,graph_chain,1000,999,11,57300,0,0,1000
body_state_setup,graph_chain,1000,999,11,600,0,0,0
machine_state_setup,graph_chain,1000,999,12,56800,0,0,1000
body_state_setup,graph_chain,1000,999,12,700,0,0,0
machine_state_setup,graph_chain,1000,999,13,57300,0,0,1000
body_state_setup,graph_chain,1000,999,13,600,0,0,0
machine_state_setup,graph_chain,1000,999,14,56800,0,0,1000
body_state_setup,graph_chain,1000,999,14,700,0,0,0
machine_state_setup,graph_chain,1000,999,15,57000,0,0,1000
body_state_setup,graph_chain,1000,999,15,700,0,0,0
machine_state_setup,graph_chain,1000,999,16,59800,0,0,1000
body_state_setup,graph_chain,1000,999,16,700,0,0,0
machine_state_setup,graph_chain,1000,999,17,57300,0,0,1000
body_state_setup,graph_chain,1000,999,17,700,0,0,0
machine_state_setup,graph_chain,1000,999,18,57400,0,0,1000
body_state_setup,graph_chain,1000,999,18,700,0,0,0
machine_state_setup,graph_chain,1000,999,19,57200,0,0,1000
body_state_setup,graph_chain,1000,999,19,700,0,0,0
machine_state_setup,graph_chain,1000,999,20,57000,0,0,1000
body_state_setup,graph_chain,1000,999,20,600,0,0,0
machine_state_setup,graph_chain,1000,999,21,72400,0,0,1000
body_state_setup,graph_chain,1000,999,21,5500,0,0,0
machine_state_setup,graph_chain,1000,999,22,135400,0,0,1000
body_state_setup,graph_chain,1000,999,22,800,0,0,0
machine_state_setup,graph_chain,1000,999,23,71200,0,0,1000
body_state_setup,graph_chain,1000,999,23,5400,0,0,0
machine_state_setup,graph_chain,1000,999,24,123000,0,0,1000
body_state_setup,graph_chain,1000,999,24,700,0,0,0
machine_state_setup,graph_chain,1000,999,25,74600,0,0,1000
body_state_setup,graph_chain,1000,999,25,5600,0,0,0
machine_state_setup,graph_chain,1000,999,26,136500,0,0,1000
body_state_setup,graph_chain,1000,999,26,700,0,0,0
machine_state_setup,graph_chain,1000,999,27,58700,0,0,1000
body_state_setup,graph_chain,1000,999,27,700,0,0,0
machine_state_setup,graph_chain,1000,999,28,61900,0,0,1000
body_state_setup,graph_chain,1000,999,28,13200,0,0,0
machine_state_setup,graph_chain,1000,999,29,62400,0,0,1000
body_state_setup,graph_chain,1000,999,29,800,0,0,0
machine_state_setup,graph_chain,1000,999,30,61900,0,0,1000
body_state_setup,graph_chain,1000,999,30,800,0,0,0
machine_state_setup,graph_chain,1000,999,31,58400,0,0,1000
body_state_setup,graph_chain,1000,999,31,700,0,0,0
machine_state_setup,graph_chain,1000,999,32,62000,0,0,1000
body_state_setup,graph_chain,1000,999,32,800,0,0,0
machine_state_setup,graph_chain,1000,999,33,57400,0,0,1000
body_state_setup,graph_chain,1000,999,33,700,0,0,0
machine_state_setup,graph_chain,1000,999,34,57200,0,0,1000
body_state_setup,graph_chain,1000,999,34,700,0,0,0
machine_state_setup,graph_chain,1000,999,35,57100,0,0,1000
body_state_setup,graph_chain,1000,999,35,700,0,0,0
machine_state_setup,graph_chain,1000,999,36,56900,0,0,1000
body_state_setup,graph_chain,1000,999,36,700,0,0,0
machine_state_setup,graph_chain,1000,999,37,56800,0,0,1000
body_state_setup,graph_chain,1000,999,37,700,0,0,0
machine_state_setup,graph_chain,1000,999,38,73900,0,0,1000
body_state_setup,graph_chain,1000,999,38,5500,0,0,0
machine_state_setup,graph_chain,1000,999,39,134600,0,0,1000
body_state_setup,graph_chain,1000,999,39,700,0,0,0
pure_machine_events_preseeded,graph_chain,1000,999,0,5381300,0,0,1001
pure_machine_events_preseeded,graph_chain,1000,999,1,5390400,0,0,1001
pure_machine_events_preseeded,graph_chain,1000,999,2,5372600,0,0,1001
pure_machine_events_preseeded,graph_chain,1000,999,3,5353900,0,0,1001
pure_machine_events_preseeded,graph_chain,1000,999,4,5358300,0,0,1001
pure_machine_events_preseeded,graph_chain,1000,999,5,5357500,0,0,1001
pure_machine_events_preseeded,graph_chain,1000,999,6,5371800,0,0,1001
pure_machine_events_preseeded,graph_chain,1000,999,7,5351100,0,0,1001
pure_machine_events_preseeded,graph_chain,1000,999,8,5359100,0,0,1001
pure_machine_events_preseeded,graph_chain,1000,999,9,5355000,0,0,1001
pure_machine_events_preseeded,graph_chain,1000,999,10,5389900,0,0,1001
pure_machine_events_preseeded,graph_chain,1000,999,11,5367400,0,0,1001
pure_machine_events_preseeded,graph_chain,1000,999,12,5366100,0,0,1001
pure_machine_events_preseeded,graph_chain,1000,999,13,5349000,0,0,1001
pure_machine_events_preseeded,graph_chain,1000,999,14,5319900,0,0,1001
pure_machine_events_preseeded,graph_chain,1000,999,15,5309900,0,0,1001
pure_machine_events_preseeded,graph_chain,1000,999,16,5310700,0,0,1001
pure_machine_events_preseeded,graph_chain,1000,999,17,5323700,0,0,1001
pure_machine_events_preseeded,graph_chain,1000,999,18,5312100,0,0,1001
pure_machine_events_preseeded,graph_chain,1000,999,19,5311200,0,0,1001
pure_machine_events_preseeded,graph_chain,1000,999,20,5315400,0,0,1001
pure_machine_events_preseeded,graph_chain,1000,999,21,5303300,0,0,1001
pure_machine_events_preseeded,graph_chain,1000,999,22,5303500,0,0,1001
pure_machine_events_preseeded,graph_chain,1000,999,23,5337400,0,0,1001
pure_machine_events_preseeded,graph_chain,1000,999,24,5310600,0,0,1001
pure_machine_events_preseeded,graph_chain,1000,999,25,5308100,0,0,1001
pure_machine_events_preseeded,graph_chain,1000,999,26,5324400,0,0,1001
pure_machine_events_preseeded,graph_chain,1000,999,27,5308100,0,0,1001
pure_machine_events_preseeded,graph_chain,1000,999,28,5310000,0,0,1001
pure_machine_events_preseeded,graph_chain,1000,999,29,5322700,0,0,1001
pure_machine_events_preseeded,graph_chain,1000,999,30,5297900,0,0,1001
pure_machine_events_preseeded,graph_chain,1000,999,31,5352800,0,0,1001
pure_machine_events_preseeded,graph_chain,1000,999,32,5355700,0,0,1001
pure_machine_events_preseeded,graph_chain,1000,999,33,5363700,0,0,1001
pure_machine_events_preseeded,graph_chain,1000,999,34,5367800,0,0,1001
pure_machine_events_preseeded,graph_chain,1000,999,35,5358000,0,0,1001
pure_machine_events_preseeded,graph_chain,1000,999,36,5349000,0,0,1001
pure_machine_events_preseeded,graph_chain,1000,999,37,5355400,0,0,1001
pure_machine_events_preseeded,graph_chain,1000,999,38,5363900,0,0,1001
pure_machine_events_preseeded,graph_chain,1000,999,39,5352500,0,0,1001
fixture_generation,graph_wide,1000,999,0,85900,0,0,5000
fixture_generation,graph_wide,1000,999,1,66100,0,0,5000
fixture_generation,graph_wide,1000,999,2,66400,0,0,5000
fixture_generation,graph_wide,1000,999,3,65900,0,0,5000
fixture_generation,graph_wide,1000,999,4,65100,0,0,5000
fixture_generation,graph_wide,1000,999,5,65700,0,0,5000
fixture_generation,graph_wide,1000,999,6,69700,0,0,5000
fixture_generation,graph_wide,1000,999,7,65200,0,0,5000
fixture_generation,graph_wide,1000,999,8,66300,0,0,5000
fixture_generation,graph_wide,1000,999,9,65500,0,0,5000
fixture_generation,graph_wide,1000,999,10,65200,0,0,5000
fixture_generation,graph_wide,1000,999,11,66400,0,0,5000
fixture_generation,graph_wide,1000,999,12,65900,0,0,5000
fixture_generation,graph_wide,1000,999,13,64900,0,0,5000
fixture_generation,graph_wide,1000,999,14,65500,0,0,5000
fixture_generation,graph_wide,1000,999,15,67900,0,0,5000
fixture_generation,graph_wide,1000,999,16,65000,0,0,5000
fixture_generation,graph_wide,1000,999,17,66000,0,0,5000
fixture_generation,graph_wide,1000,999,18,65900,0,0,5000
fixture_generation,graph_wide,1000,999,19,66200,0,0,5000
plan_build,graph_wide,1000,999,0,1979300,0,0,10
plan_build,graph_wide,1000,999,1,1785400,0,0,10
plan_build,graph_wide,1000,999,2,1804400,0,0,10
plan_build,graph_wide,1000,999,3,1973400,0,0,10
plan_build,graph_wide,1000,999,4,1834900,0,0,10
plan_build,graph_wide,1000,999,5,1752100,0,0,10
plan_build,graph_wide,1000,999,6,1930500,0,0,10
plan_build,graph_wide,1000,999,7,1745500,0,0,10
plan_build,graph_wide,1000,999,8,1716800,0,0,10
plan_build,graph_wide,1000,999,9,1742300,0,0,10
plan_build,graph_wide,1000,999,10,1724000,0,0,10
plan_build,graph_wide,1000,999,11,1754900,0,0,10
plan_build,graph_wide,1000,999,12,1714300,0,0,10
plan_build,graph_wide,1000,999,13,1661400,0,0,10
plan_build,graph_wide,1000,999,14,1809800,0,0,10
plan_build,graph_wide,1000,999,15,1672500,0,0,10
plan_build,graph_wide,1000,999,16,1860400,0,0,10
plan_build,graph_wide,1000,999,17,1874500,0,0,10
plan_build,graph_wide,1000,999,18,1810900,0,0,10
plan_build,graph_wide,1000,999,19,1610100,0,0,10
plan_build_alloc,graph_wide,1000,999,0,0,11106,2511641,10
engine_execution,graph_wide,1000,999,0,7259000,0,0,998
engine_execution,graph_wide,1000,999,1,7338200,0,0,999
engine_execution,graph_wide,1000,999,2,7298700,0,0,996
engine_execution,graph_wide,1000,999,3,7285400,0,0,997
engine_execution,graph_wide,1000,999,4,7470700,0,0,994
engine_execution,graph_wide,1000,999,5,7456100,0,0,995
engine_execution,graph_wide,1000,999,6,7550200,0,0,992
engine_execution,graph_wide,1000,999,7,7395200,0,0,993
engine_execution,graph_wide,1000,999,8,7489800,0,0,1006
engine_execution,graph_wide,1000,999,9,7815000,0,0,1007
engine_execution,graph_wide,1000,999,10,7419000,0,0,1004
engine_execution,graph_wide,1000,999,11,7321600,0,0,1005
engine_execution,graph_wide,1000,999,12,7478900,0,0,1002
engine_execution,graph_wide,1000,999,13,7413300,0,0,1003
engine_execution,graph_wide,1000,999,14,7310800,0,0,1000
engine_execution,graph_wide,1000,999,15,7423400,0,0,1001
engine_execution,graph_wide,1000,999,16,7562800,0,0,1014
engine_execution,graph_wide,1000,999,17,7337300,0,0,1015
engine_execution,graph_wide,1000,999,18,7262800,0,0,1012
engine_execution,graph_wide,1000,999,19,7433300,0,0,1013
engine_execution,graph_wide,1000,999,20,7519000,0,0,1010
engine_execution,graph_wide,1000,999,21,7466100,0,0,1011
engine_execution,graph_wide,1000,999,22,7474700,0,0,1008
engine_execution,graph_wide,1000,999,23,7405000,0,0,1009
engine_execution,graph_wide,1000,999,24,7290200,0,0,1022
engine_execution,graph_wide,1000,999,25,7657900,0,0,1023
engine_execution,graph_wide,1000,999,26,7489500,0,0,1020
engine_execution,graph_wide,1000,999,27,8064200,0,0,1021
engine_execution,graph_wide,1000,999,28,7271800,0,0,1018
engine_execution,graph_wide,1000,999,29,7303000,0,0,1019
engine_execution,graph_wide,1000,999,30,7501400,0,0,1016
engine_execution,graph_wide,1000,999,31,7424100,0,0,1017
engine_execution,graph_wide,1000,999,32,7287700,0,0,966
engine_execution,graph_wide,1000,999,33,7300800,0,0,967
engine_execution,graph_wide,1000,999,34,7482700,0,0,964
engine_execution,graph_wide,1000,999,35,7462100,0,0,965
engine_execution,graph_wide,1000,999,36,7450400,0,0,962
engine_execution,graph_wide,1000,999,37,7420800,0,0,963
engine_execution,graph_wide,1000,999,38,7522500,0,0,960
engine_execution,graph_wide,1000,999,39,7523600,0,0,961
engine_execution_alloc,graph_wide,1000,999,0,0,49161,11818647,22972
machine_state_setup,graph_wide,1000,999,0,126700,0,0,1000
body_state_setup,graph_wide,1000,999,0,4200,0,0,0
machine_state_setup,graph_wide,1000,999,1,58100,0,0,1000
body_state_setup,graph_wide,1000,999,1,700,0,0,0
machine_state_setup,graph_wide,1000,999,2,57400,0,0,1000
body_state_setup,graph_wide,1000,999,2,700,0,0,0
machine_state_setup,graph_wide,1000,999,3,57100,0,0,1000
body_state_setup,graph_wide,1000,999,3,700,0,0,0
machine_state_setup,graph_wide,1000,999,4,56900,0,0,1000
body_state_setup,graph_wide,1000,999,4,700,0,0,0
machine_state_setup,graph_wide,1000,999,5,57000,0,0,1000
body_state_setup,graph_wide,1000,999,5,600,0,0,0
machine_state_setup,graph_wide,1000,999,6,56900,0,0,1000
body_state_setup,graph_wide,1000,999,6,700,0,0,0
machine_state_setup,graph_wide,1000,999,7,57800,0,0,1000
body_state_setup,graph_wide,1000,999,7,700,0,0,0
machine_state_setup,graph_wide,1000,999,8,56900,0,0,1000
body_state_setup,graph_wide,1000,999,8,800,0,0,0
machine_state_setup,graph_wide,1000,999,9,57200,0,0,1000
body_state_setup,graph_wide,1000,999,9,700,0,0,0
machine_state_setup,graph_wide,1000,999,10,57000,0,0,1000
body_state_setup,graph_wide,1000,999,10,600,0,0,0
machine_state_setup,graph_wide,1000,999,11,56800,0,0,1000
body_state_setup,graph_wide,1000,999,11,700,0,0,0
machine_state_setup,graph_wide,1000,999,12,56800,0,0,1000
body_state_setup,graph_wide,1000,999,12,700,0,0,0
machine_state_setup,graph_wide,1000,999,13,57500,0,0,1000
body_state_setup,graph_wide,1000,999,13,700,0,0,0
machine_state_setup,graph_wide,1000,999,14,56800,0,0,1000
body_state_setup,graph_wide,1000,999,14,800,0,0,0
machine_state_setup,graph_wide,1000,999,15,60100,0,0,1000
body_state_setup,graph_wide,1000,999,15,700,0,0,0
machine_state_setup,graph_wide,1000,999,16,56900,0,0,1000
body_state_setup,graph_wide,1000,999,16,600,0,0,0
machine_state_setup,graph_wide,1000,999,17,57200,0,0,1000
body_state_setup,graph_wide,1000,999,17,700,0,0,0
machine_state_setup,graph_wide,1000,999,18,57200,0,0,1000
body_state_setup,graph_wide,1000,999,18,600,0,0,0
machine_state_setup,graph_wide,1000,999,19,57800,0,0,1000
body_state_setup,graph_wide,1000,999,19,700,0,0,0
machine_state_setup,graph_wide,1000,999,20,57200,0,0,1000
body_state_setup,graph_wide,1000,999,20,800,0,0,0
machine_state_setup,graph_wide,1000,999,21,57600,0,0,1000
body_state_setup,graph_wide,1000,999,21,800,0,0,0
machine_state_setup,graph_wide,1000,999,22,56900,0,0,1000
body_state_setup,graph_wide,1000,999,22,700,0,0,0
machine_state_setup,graph_wide,1000,999,23,56800,0,0,1000
body_state_setup,graph_wide,1000,999,23,600,0,0,0
machine_state_setup,graph_wide,1000,999,24,56800,0,0,1000
body_state_setup,graph_wide,1000,999,24,700,0,0,0
machine_state_setup,graph_wide,1000,999,25,57600,0,0,1000
body_state_setup,graph_wide,1000,999,25,700,0,0,0
machine_state_setup,graph_wide,1000,999,26,56800,0,0,1000
body_state_setup,graph_wide,1000,999,26,700,0,0,0
machine_state_setup,graph_wide,1000,999,27,56900,0,0,1000
body_state_setup,graph_wide,1000,999,27,700,0,0,0
machine_state_setup,graph_wide,1000,999,28,56800,0,0,1000
body_state_setup,graph_wide,1000,999,28,700,0,0,0
machine_state_setup,graph_wide,1000,999,29,56900,0,0,1000
body_state_setup,graph_wide,1000,999,29,700,0,0,0
machine_state_setup,graph_wide,1000,999,30,57000,0,0,1000
body_state_setup,graph_wide,1000,999,30,700,0,0,0
machine_state_setup,graph_wide,1000,999,31,75100,0,0,1000
body_state_setup,graph_wide,1000,999,31,3900,0,0,0
machine_state_setup,graph_wide,1000,999,32,126500,0,0,1000
body_state_setup,graph_wide,1000,999,32,800,0,0,0
machine_state_setup,graph_wide,1000,999,33,57100,0,0,1000
body_state_setup,graph_wide,1000,999,33,700,0,0,0
machine_state_setup,graph_wide,1000,999,34,56900,0,0,1000
body_state_setup,graph_wide,1000,999,34,700,0,0,0
machine_state_setup,graph_wide,1000,999,35,56800,0,0,1000
body_state_setup,graph_wide,1000,999,35,700,0,0,0
machine_state_setup,graph_wide,1000,999,36,56900,0,0,1000
body_state_setup,graph_wide,1000,999,36,600,0,0,0
machine_state_setup,graph_wide,1000,999,37,57600,0,0,1000
body_state_setup,graph_wide,1000,999,37,700,0,0,0
machine_state_setup,graph_wide,1000,999,38,57200,0,0,1000
body_state_setup,graph_wide,1000,999,38,600,0,0,0
machine_state_setup,graph_wide,1000,999,39,70700,0,0,1000
body_state_setup,graph_wide,1000,999,39,3900,0,0,0
fixture_generation,graph_sparse,1000,999,0,66200,0,0,5000
fixture_generation,graph_sparse,1000,999,1,117800,0,0,5000
fixture_generation,graph_sparse,1000,999,2,76100,0,0,5000
fixture_generation,graph_sparse,1000,999,3,67200,0,0,5000
fixture_generation,graph_sparse,1000,999,4,65700,0,0,5000
fixture_generation,graph_sparse,1000,999,5,65900,0,0,5000
fixture_generation,graph_sparse,1000,999,6,63100,0,0,5000
fixture_generation,graph_sparse,1000,999,7,62900,0,0,5000
fixture_generation,graph_sparse,1000,999,8,62800,0,0,5000
fixture_generation,graph_sparse,1000,999,9,62900,0,0,5000
fixture_generation,graph_sparse,1000,999,10,63200,0,0,5000
fixture_generation,graph_sparse,1000,999,11,66800,0,0,5000
fixture_generation,graph_sparse,1000,999,12,62700,0,0,5000
fixture_generation,graph_sparse,1000,999,13,62800,0,0,5000
fixture_generation,graph_sparse,1000,999,14,64400,0,0,5000
fixture_generation,graph_sparse,1000,999,15,62800,0,0,5000
fixture_generation,graph_sparse,1000,999,16,62600,0,0,5000
fixture_generation,graph_sparse,1000,999,17,62900,0,0,5000
fixture_generation,graph_sparse,1000,999,18,68500,0,0,5000
fixture_generation,graph_sparse,1000,999,19,62600,0,0,5000
plan_build,graph_sparse,1000,999,0,1579700,0,0,12
plan_build,graph_sparse,1000,999,1,1472200,0,0,12
plan_build,graph_sparse,1000,999,2,1672200,0,0,12
plan_build,graph_sparse,1000,999,3,1679000,0,0,12
plan_build,graph_sparse,1000,999,4,1644300,0,0,12
plan_build,graph_sparse,1000,999,5,1633000,0,0,12
plan_build,graph_sparse,1000,999,6,1625200,0,0,12
plan_build,graph_sparse,1000,999,7,1175900,0,0,12
plan_build,graph_sparse,1000,999,8,1777100,0,0,12
plan_build,graph_sparse,1000,999,9,1589800,0,0,12
plan_build,graph_sparse,1000,999,10,1582000,0,0,12
plan_build,graph_sparse,1000,999,11,1649300,0,0,12
plan_build,graph_sparse,1000,999,12,1200600,0,0,12
plan_build,graph_sparse,1000,999,13,1547800,0,0,12
plan_build,graph_sparse,1000,999,14,1696700,0,0,12
plan_build,graph_sparse,1000,999,15,1651700,0,0,12
plan_build,graph_sparse,1000,999,16,1707500,0,0,12
plan_build,graph_sparse,1000,999,17,1763100,0,0,12
plan_build,graph_sparse,1000,999,18,1723700,0,0,12
plan_build,graph_sparse,1000,999,19,1534300,0,0,12
plan_build_alloc,graph_sparse,1000,999,0,0,11597,2511293,12
engine_execution,graph_sparse,1000,999,0,8962900,0,0,697
engine_execution,graph_sparse,1000,999,1,9083200,0,0,696
engine_execution,graph_sparse,1000,999,2,9045700,0,0,699
engine_execution,graph_sparse,1000,999,3,9115900,0,0,698
engine_execution,graph_sparse,1000,999,4,9081200,0,0,701
engine_execution,graph_sparse,1000,999,5,9217500,0,0,700
engine_execution,graph_sparse,1000,999,6,9016500,0,0,703
engine_execution,graph_sparse,1000,999,7,9256700,0,0,702
engine_execution,graph_sparse,1000,999,8,9260400,0,0,689
engine_execution,graph_sparse,1000,999,9,9138700,0,0,688
engine_execution,graph_sparse,1000,999,10,9015500,0,0,691
engine_execution,graph_sparse,1000,999,11,8944900,0,0,690
engine_execution,graph_sparse,1000,999,12,8906300,0,0,693
engine_execution,graph_sparse,1000,999,13,8959700,0,0,692
engine_execution,graph_sparse,1000,999,14,8945300,0,0,695
engine_execution,graph_sparse,1000,999,15,9033600,0,0,694
engine_execution,graph_sparse,1000,999,16,9076500,0,0,681
engine_execution,graph_sparse,1000,999,17,9052200,0,0,680
engine_execution,graph_sparse,1000,999,18,9034000,0,0,683
engine_execution,graph_sparse,1000,999,19,9186500,0,0,682
engine_execution,graph_sparse,1000,999,20,9067400,0,0,685
engine_execution,graph_sparse,1000,999,21,9151200,0,0,684
engine_execution,graph_sparse,1000,999,22,9077500,0,0,687
engine_execution,graph_sparse,1000,999,23,9783100,0,0,686
engine_execution,graph_sparse,1000,999,24,9005300,0,0,673
engine_execution,graph_sparse,1000,999,25,9135900,0,0,672
engine_execution,graph_sparse,1000,999,26,8968500,0,0,675
engine_execution,graph_sparse,1000,999,27,9369100,0,0,674
engine_execution,graph_sparse,1000,999,28,8781300,0,0,677
engine_execution,graph_sparse,1000,999,29,8473700,0,0,676
engine_execution,graph_sparse,1000,999,30,8929600,0,0,679
engine_execution,graph_sparse,1000,999,31,8916900,0,0,678
engine_execution,graph_sparse,1000,999,32,8500300,0,0,665
engine_execution,graph_sparse,1000,999,33,9014400,0,0,664
engine_execution,graph_sparse,1000,999,34,8896400,0,0,667
engine_execution,graph_sparse,1000,999,35,8507100,0,0,666
engine_execution,graph_sparse,1000,999,36,8964700,0,0,669
engine_execution,graph_sparse,1000,999,37,8941500,0,0,668
engine_execution,graph_sparse,1000,999,38,8470200,0,0,671
engine_execution,graph_sparse,1000,999,39,9048200,0,0,670
engine_execution_alloc,graph_sparse,1000,999,0,0,51106,15733289,22755
machine_state_setup,graph_sparse,1000,999,0,60700,0,0,1000
body_state_setup,graph_sparse,1000,999,0,1100,0,0,0
machine_state_setup,graph_sparse,1000,999,1,57300,0,0,1000
body_state_setup,graph_sparse,1000,999,1,700,0,0,0
machine_state_setup,graph_sparse,1000,999,2,56700,0,0,1000
body_state_setup,graph_sparse,1000,999,2,800,0,0,0
machine_state_setup,graph_sparse,1000,999,3,57100,0,0,1000
body_state_setup,graph_sparse,1000,999,3,700,0,0,0
machine_state_setup,graph_sparse,1000,999,4,56000,0,0,1000
body_state_setup,graph_sparse,1000,999,4,800,0,0,0
machine_state_setup,graph_sparse,1000,999,5,56700,0,0,1000
body_state_setup,graph_sparse,1000,999,5,700,0,0,0
machine_state_setup,graph_sparse,1000,999,6,56000,0,0,1000
body_state_setup,graph_sparse,1000,999,6,600,0,0,0
machine_state_setup,graph_sparse,1000,999,7,56700,0,0,1000
body_state_setup,graph_sparse,1000,999,7,700,0,0,0
machine_state_setup,graph_sparse,1000,999,8,56400,0,0,1000
body_state_setup,graph_sparse,1000,999,8,700,0,0,0
machine_state_setup,graph_sparse,1000,999,9,57600,0,0,1000
body_state_setup,graph_sparse,1000,999,9,600,0,0,0
machine_state_setup,graph_sparse,1000,999,10,59300,0,0,1000
body_state_setup,graph_sparse,1000,999,10,700,0,0,0
machine_state_setup,graph_sparse,1000,999,11,61600,0,0,1000
body_state_setup,graph_sparse,1000,999,11,800,0,0,0
machine_state_setup,graph_sparse,1000,999,12,60900,0,0,1000
body_state_setup,graph_sparse,1000,999,12,800,0,0,0
machine_state_setup,graph_sparse,1000,999,13,61000,0,0,1000
body_state_setup,graph_sparse,1000,999,13,600,0,0,0
machine_state_setup,graph_sparse,1000,999,14,56400,0,0,1000
body_state_setup,graph_sparse,1000,999,14,700,0,0,0
machine_state_setup,graph_sparse,1000,999,15,56800,0,0,1000
body_state_setup,graph_sparse,1000,999,15,700,0,0,0
machine_state_setup,graph_sparse,1000,999,16,56000,0,0,1000
body_state_setup,graph_sparse,1000,999,16,700,0,0,0
machine_state_setup,graph_sparse,1000,999,17,59500,0,0,1000
body_state_setup,graph_sparse,1000,999,17,700,0,0,0
machine_state_setup,graph_sparse,1000,999,18,56400,0,0,1000
body_state_setup,graph_sparse,1000,999,18,700,0,0,0
machine_state_setup,graph_sparse,1000,999,19,56800,0,0,1000
body_state_setup,graph_sparse,1000,999,19,700,0,0,0
machine_state_setup,graph_sparse,1000,999,20,56700,0,0,1000
body_state_setup,graph_sparse,1000,999,20,700,0,0,0
machine_state_setup,graph_sparse,1000,999,21,57100,0,0,1000
body_state_setup,graph_sparse,1000,999,21,600,0,0,0
machine_state_setup,graph_sparse,1000,999,22,56400,0,0,1000
body_state_setup,graph_sparse,1000,999,22,700,0,0,0
machine_state_setup,graph_sparse,1000,999,23,56900,0,0,1000
body_state_setup,graph_sparse,1000,999,23,700,0,0,0
machine_state_setup,graph_sparse,1000,999,24,56400,0,0,1000
body_state_setup,graph_sparse,1000,999,24,700,0,0,0
machine_state_setup,graph_sparse,1000,999,25,56900,0,0,1000
body_state_setup,graph_sparse,1000,999,25,700,0,0,0
machine_state_setup,graph_sparse,1000,999,26,56700,0,0,1000
body_state_setup,graph_sparse,1000,999,26,700,0,0,0
machine_state_setup,graph_sparse,1000,999,27,57700,0,0,1000
body_state_setup,graph_sparse,1000,999,27,600,0,0,0
machine_state_setup,graph_sparse,1000,999,28,56400,0,0,1000
body_state_setup,graph_sparse,1000,999,28,700,0,0,0
machine_state_setup,graph_sparse,1000,999,29,56800,0,0,1000
body_state_setup,graph_sparse,1000,999,29,700,0,0,0
machine_state_setup,graph_sparse,1000,999,30,56300,0,0,1000
body_state_setup,graph_sparse,1000,999,30,700,0,0,0
machine_state_setup,graph_sparse,1000,999,31,57300,0,0,1000
body_state_setup,graph_sparse,1000,999,31,700,0,0,0
machine_state_setup,graph_sparse,1000,999,32,56400,0,0,1000
body_state_setup,graph_sparse,1000,999,32,800,0,0,0
machine_state_setup,graph_sparse,1000,999,33,57200,0,0,1000
body_state_setup,graph_sparse,1000,999,33,700,0,0,0
machine_state_setup,graph_sparse,1000,999,34,56300,0,0,1000
body_state_setup,graph_sparse,1000,999,34,700,0,0,0
machine_state_setup,graph_sparse,1000,999,35,169400,0,0,1000
body_state_setup,graph_sparse,1000,999,35,5800,0,0,0
machine_state_setup,graph_sparse,1000,999,36,135800,0,0,1000
body_state_setup,graph_sparse,1000,999,36,800,0,0,0
machine_state_setup,graph_sparse,1000,999,37,56900,0,0,1000
body_state_setup,graph_sparse,1000,999,37,700,0,0,0
machine_state_setup,graph_sparse,1000,999,38,56400,0,0,1000
body_state_setup,graph_sparse,1000,999,38,700,0,0,0
machine_state_setup,graph_sparse,1000,999,39,57100,0,0,1000
body_state_setup,graph_sparse,1000,999,39,700,0,0,0
fixture_generation,tiny_yield_chain,1,0,0,1400,0,0,5
fixture_generation,tiny_yield_chain,1,0,1,300,0,0,5
fixture_generation,tiny_yield_chain,1,0,2,200,0,0,5
fixture_generation,tiny_yield_chain,1,0,3,200,0,0,5
fixture_generation,tiny_yield_chain,1,0,4,300,0,0,5
fixture_generation,tiny_yield_chain,1,0,5,200,0,0,5
fixture_generation,tiny_yield_chain,1,0,6,200,0,0,5
fixture_generation,tiny_yield_chain,1,0,7,200,0,0,5
fixture_generation,tiny_yield_chain,1,0,8,100,0,0,5
fixture_generation,tiny_yield_chain,1,0,9,100,0,0,5
fixture_generation,tiny_yield_chain,1,0,10,200,0,0,5
fixture_generation,tiny_yield_chain,1,0,11,200,0,0,5
fixture_generation,tiny_yield_chain,1,0,12,100,0,0,5
fixture_generation,tiny_yield_chain,1,0,13,100,0,0,5
fixture_generation,tiny_yield_chain,1,0,14,200,0,0,5
fixture_generation,tiny_yield_chain,1,0,15,200,0,0,5
fixture_generation,tiny_yield_chain,1,0,16,200,0,0,5
fixture_generation,tiny_yield_chain,1,0,17,200,0,0,5
fixture_generation,tiny_yield_chain,1,0,18,200,0,0,5
fixture_generation,tiny_yield_chain,1,0,19,100,0,0,5
plan_build,tiny_yield_chain,1,0,0,19200,0,0,11
plan_build,tiny_yield_chain,1,0,1,2400,0,0,11
plan_build,tiny_yield_chain,1,0,2,1900,0,0,11
plan_build,tiny_yield_chain,1,0,3,1400,0,0,11
plan_build,tiny_yield_chain,1,0,4,1600,0,0,11
plan_build,tiny_yield_chain,1,0,5,1600,0,0,11
plan_build,tiny_yield_chain,1,0,6,1400,0,0,11
plan_build,tiny_yield_chain,1,0,7,1300,0,0,11
plan_build,tiny_yield_chain,1,0,8,1400,0,0,11
plan_build,tiny_yield_chain,1,0,9,1400,0,0,11
plan_build,tiny_yield_chain,1,0,10,1300,0,0,11
plan_build,tiny_yield_chain,1,0,11,1200,0,0,11
plan_build,tiny_yield_chain,1,0,12,1300,0,0,11
plan_build,tiny_yield_chain,1,0,13,1300,0,0,11
plan_build,tiny_yield_chain,1,0,14,1200,0,0,11
plan_build,tiny_yield_chain,1,0,15,1300,0,0,11
plan_build,tiny_yield_chain,1,0,16,1300,0,0,11
plan_build,tiny_yield_chain,1,0,17,1300,0,0,11
plan_build,tiny_yield_chain,1,0,18,1300,0,0,11
plan_build,tiny_yield_chain,1,0,19,1300,0,0,11
plan_build_alloc,tiny_yield_chain,1,0,0,0,36,6722,11
engine_execution,tiny_yield_chain,1,0,0,5300,0,0,1
engine_execution,tiny_yield_chain,1,0,1,5100,0,0,0
engine_execution,tiny_yield_chain,1,0,2,5100,0,0,3
engine_execution,tiny_yield_chain,1,0,3,5200,0,0,2
engine_execution,tiny_yield_chain,1,0,4,5200,0,0,5
engine_execution,tiny_yield_chain,1,0,5,5200,0,0,4
engine_execution,tiny_yield_chain,1,0,6,5100,0,0,7
engine_execution,tiny_yield_chain,1,0,7,5200,0,0,6
engine_execution,tiny_yield_chain,1,0,8,5100,0,0,9
engine_execution,tiny_yield_chain,1,0,9,5000,0,0,8
engine_execution,tiny_yield_chain,1,0,10,5100,0,0,11
engine_execution,tiny_yield_chain,1,0,11,5100,0,0,10
engine_execution,tiny_yield_chain,1,0,12,5100,0,0,13
engine_execution,tiny_yield_chain,1,0,13,5100,0,0,12
engine_execution,tiny_yield_chain,1,0,14,5200,0,0,15
engine_execution,tiny_yield_chain,1,0,15,5000,0,0,14
engine_execution,tiny_yield_chain,1,0,16,5200,0,0,17
engine_execution,tiny_yield_chain,1,0,17,5100,0,0,16
engine_execution,tiny_yield_chain,1,0,18,5000,0,0,19
engine_execution,tiny_yield_chain,1,0,19,5100,0,0,18
engine_execution,tiny_yield_chain,1,0,20,5100,0,0,21
engine_execution,tiny_yield_chain,1,0,21,5100,0,0,20
engine_execution,tiny_yield_chain,1,0,22,5000,0,0,23
engine_execution,tiny_yield_chain,1,0,23,5200,0,0,22
engine_execution,tiny_yield_chain,1,0,24,5100,0,0,25
engine_execution,tiny_yield_chain,1,0,25,5200,0,0,24
engine_execution,tiny_yield_chain,1,0,26,5200,0,0,27
engine_execution,tiny_yield_chain,1,0,27,5100,0,0,26
engine_execution,tiny_yield_chain,1,0,28,5100,0,0,29
engine_execution,tiny_yield_chain,1,0,29,5100,0,0,28
engine_execution,tiny_yield_chain,1,0,30,5100,0,0,31
engine_execution,tiny_yield_chain,1,0,31,5100,0,0,30
engine_execution,tiny_yield_chain,1,0,32,5000,0,0,33
engine_execution,tiny_yield_chain,1,0,33,5200,0,0,32
engine_execution,tiny_yield_chain,1,0,34,5100,0,0,35
engine_execution,tiny_yield_chain,1,0,35,5000,0,0,34
engine_execution,tiny_yield_chain,1,0,36,5100,0,0,37
engine_execution,tiny_yield_chain,1,0,37,5100,0,0,36
engine_execution,tiny_yield_chain,1,0,38,5100,0,0,39
engine_execution,tiny_yield_chain,1,0,39,5000,0,0,38
engine_execution_alloc,tiny_yield_chain,1,0,0,0,99,11356,23131
machine_state_setup,tiny_yield_chain,1,0,0,400,0,0,1
body_state_setup,tiny_yield_chain,1,0,0,300,0,0,0
machine_state_setup,tiny_yield_chain,1,0,1,200,0,0,1
body_state_setup,tiny_yield_chain,1,0,1,200,0,0,0
machine_state_setup,tiny_yield_chain,1,0,2,200,0,0,1
body_state_setup,tiny_yield_chain,1,0,2,300,0,0,0
machine_state_setup,tiny_yield_chain,1,0,3,200,0,0,1
body_state_setup,tiny_yield_chain,1,0,3,200,0,0,0
machine_state_setup,tiny_yield_chain,1,0,4,200,0,0,1
body_state_setup,tiny_yield_chain,1,0,4,200,0,0,0
machine_state_setup,tiny_yield_chain,1,0,5,200,0,0,1
body_state_setup,tiny_yield_chain,1,0,5,300,0,0,0
machine_state_setup,tiny_yield_chain,1,0,6,200,0,0,1
body_state_setup,tiny_yield_chain,1,0,6,200,0,0,0
machine_state_setup,tiny_yield_chain,1,0,7,200,0,0,1
body_state_setup,tiny_yield_chain,1,0,7,200,0,0,0
machine_state_setup,tiny_yield_chain,1,0,8,200,0,0,1
body_state_setup,tiny_yield_chain,1,0,8,300,0,0,0
machine_state_setup,tiny_yield_chain,1,0,9,200,0,0,1
body_state_setup,tiny_yield_chain,1,0,9,200,0,0,0
machine_state_setup,tiny_yield_chain,1,0,10,200,0,0,1
body_state_setup,tiny_yield_chain,1,0,10,300,0,0,0
machine_state_setup,tiny_yield_chain,1,0,11,300,0,0,1
body_state_setup,tiny_yield_chain,1,0,11,300,0,0,0
machine_state_setup,tiny_yield_chain,1,0,12,200,0,0,1
body_state_setup,tiny_yield_chain,1,0,12,300,0,0,0
machine_state_setup,tiny_yield_chain,1,0,13,200,0,0,1
body_state_setup,tiny_yield_chain,1,0,13,200,0,0,0
machine_state_setup,tiny_yield_chain,1,0,14,200,0,0,1
body_state_setup,tiny_yield_chain,1,0,14,200,0,0,0
machine_state_setup,tiny_yield_chain,1,0,15,200,0,0,1
body_state_setup,tiny_yield_chain,1,0,15,200,0,0,0
machine_state_setup,tiny_yield_chain,1,0,16,200,0,0,1
body_state_setup,tiny_yield_chain,1,0,16,300,0,0,0
machine_state_setup,tiny_yield_chain,1,0,17,200,0,0,1
body_state_setup,tiny_yield_chain,1,0,17,200,0,0,0
machine_state_setup,tiny_yield_chain,1,0,18,200,0,0,1
body_state_setup,tiny_yield_chain,1,0,18,200,0,0,0
machine_state_setup,tiny_yield_chain,1,0,19,200,0,0,1
body_state_setup,tiny_yield_chain,1,0,19,200,0,0,0
machine_state_setup,tiny_yield_chain,1,0,20,200,0,0,1
body_state_setup,tiny_yield_chain,1,0,20,200,0,0,0
machine_state_setup,tiny_yield_chain,1,0,21,200,0,0,1
body_state_setup,tiny_yield_chain,1,0,21,300,0,0,0
machine_state_setup,tiny_yield_chain,1,0,22,200,0,0,1
body_state_setup,tiny_yield_chain,1,0,22,300,0,0,0
machine_state_setup,tiny_yield_chain,1,0,23,200,0,0,1
body_state_setup,tiny_yield_chain,1,0,23,300,0,0,0
machine_state_setup,tiny_yield_chain,1,0,24,200,0,0,1
body_state_setup,tiny_yield_chain,1,0,24,200,0,0,0
machine_state_setup,tiny_yield_chain,1,0,25,200,0,0,1
body_state_setup,tiny_yield_chain,1,0,25,200,0,0,0
machine_state_setup,tiny_yield_chain,1,0,26,200,0,0,1
body_state_setup,tiny_yield_chain,1,0,26,200,0,0,0
machine_state_setup,tiny_yield_chain,1,0,27,200,0,0,1
body_state_setup,tiny_yield_chain,1,0,27,200,0,0,0
machine_state_setup,tiny_yield_chain,1,0,28,200,0,0,1
body_state_setup,tiny_yield_chain,1,0,28,300,0,0,0
machine_state_setup,tiny_yield_chain,1,0,29,200,0,0,1
body_state_setup,tiny_yield_chain,1,0,29,200,0,0,0
machine_state_setup,tiny_yield_chain,1,0,30,200,0,0,1
body_state_setup,tiny_yield_chain,1,0,30,200,0,0,0
machine_state_setup,tiny_yield_chain,1,0,31,200,0,0,1
body_state_setup,tiny_yield_chain,1,0,31,200,0,0,0
machine_state_setup,tiny_yield_chain,1,0,32,200,0,0,1
body_state_setup,tiny_yield_chain,1,0,32,300,0,0,0
machine_state_setup,tiny_yield_chain,1,0,33,200,0,0,1
body_state_setup,tiny_yield_chain,1,0,33,200,0,0,0
machine_state_setup,tiny_yield_chain,1,0,34,300,0,0,1
body_state_setup,tiny_yield_chain,1,0,34,200,0,0,0
machine_state_setup,tiny_yield_chain,1,0,35,200,0,0,1
body_state_setup,tiny_yield_chain,1,0,35,200,0,0,0
machine_state_setup,tiny_yield_chain,1,0,36,200,0,0,1
body_state_setup,tiny_yield_chain,1,0,36,200,0,0,0
machine_state_setup,tiny_yield_chain,1,0,37,200,0,0,1
body_state_setup,tiny_yield_chain,1,0,37,200,0,0,0
machine_state_setup,tiny_yield_chain,1,0,38,200,0,0,1
body_state_setup,tiny_yield_chain,1,0,38,200,0,0,0
machine_state_setup,tiny_yield_chain,1,0,39,200,0,0,1
body_state_setup,tiny_yield_chain,1,0,39,300,0,0,0
engine_execution,resource_normal,2,1,0,9700,0,0,0
engine_execution,resource_normal,2,1,1,10000,0,0,3
engine_execution,resource_normal,2,1,2,10100,0,0,2
engine_execution,resource_normal,2,1,3,9900,0,0,5
engine_execution,resource_normal,2,1,4,9900,0,0,4
engine_execution,resource_normal,2,1,5,9900,0,0,7
engine_execution,resource_normal,2,1,6,9800,0,0,6
engine_execution,resource_normal,2,1,7,10000,0,0,9
engine_execution,resource_normal,2,1,8,9900,0,0,8
engine_execution,resource_normal,2,1,9,9900,0,0,11
engine_execution,resource_normal,2,1,10,9800,0,0,10
engine_execution,resource_normal,2,1,11,9800,0,0,13
engine_execution,resource_normal,2,1,12,9600,0,0,12
engine_execution,resource_normal,2,1,13,9700,0,0,15
engine_execution,resource_normal,2,1,14,9800,0,0,14
engine_execution,resource_normal,2,1,15,9700,0,0,17
engine_execution,resource_normal,2,1,16,9800,0,0,16
engine_execution,resource_normal,2,1,17,9700,0,0,19
engine_execution,resource_normal,2,1,18,9800,0,0,18
engine_execution,resource_normal,2,1,19,9800,0,0,21
engine_execution,resource_normal,2,1,20,9900,0,0,20
engine_execution,resource_normal,2,1,21,9900,0,0,23
engine_execution,resource_normal,2,1,22,9800,0,0,22
engine_execution,resource_normal,2,1,23,9800,0,0,25
engine_execution,resource_normal,2,1,24,9700,0,0,24
engine_execution,resource_normal,2,1,25,9900,0,0,27
engine_execution,resource_normal,2,1,26,9700,0,0,26
engine_execution,resource_normal,2,1,27,9900,0,0,29
engine_execution,resource_normal,2,1,28,9700,0,0,28
engine_execution,resource_normal,2,1,29,9900,0,0,31
engine_execution,resource_normal,2,1,30,9700,0,0,30
engine_execution,resource_normal,2,1,31,9800,0,0,33
engine_execution,resource_normal,2,1,32,9600,0,0,32
engine_execution,resource_normal,2,1,33,9600,0,0,35
engine_execution,resource_normal,2,1,34,9700,0,0,34
engine_execution,resource_normal,2,1,35,9800,0,0,37
engine_execution,resource_normal,2,1,36,9800,0,0,36
engine_execution,resource_normal,2,1,37,9800,0,0,39
engine_execution,resource_normal,2,1,38,9700,0,0,38
engine_execution,resource_normal,2,1,39,9600,0,0,41
engine_execution_alloc,resource_normal,2,1,0,0,202,19154,23130
engine_execution,resource_release_failure,2,1,0,10200,0,0,1
engine_execution,resource_release_failure,2,1,1,10300,0,0,2
engine_execution,resource_release_failure,2,1,2,10700,0,0,3
engine_execution,resource_release_failure,2,1,3,10600,0,0,4
engine_execution,resource_release_failure,2,1,4,10700,0,0,5
engine_execution,resource_release_failure,2,1,5,10300,0,0,6
engine_execution,resource_release_failure,2,1,6,10200,0,0,7
engine_execution,resource_release_failure,2,1,7,10200,0,0,8
engine_execution,resource_release_failure,2,1,8,10200,0,0,9
engine_execution,resource_release_failure,2,1,9,10200,0,0,10
engine_execution,resource_release_failure,2,1,10,10200,0,0,11
engine_execution,resource_release_failure,2,1,11,10200,0,0,12
engine_execution,resource_release_failure,2,1,12,10100,0,0,13
engine_execution,resource_release_failure,2,1,13,10200,0,0,14
engine_execution,resource_release_failure,2,1,14,10200,0,0,15
engine_execution,resource_release_failure,2,1,15,10200,0,0,16
engine_execution,resource_release_failure,2,1,16,10500,0,0,17
engine_execution,resource_release_failure,2,1,17,10200,0,0,18
engine_execution,resource_release_failure,2,1,18,10100,0,0,19
engine_execution,resource_release_failure,2,1,19,10300,0,0,20
engine_execution,resource_release_failure,2,1,20,10300,0,0,21
engine_execution,resource_release_failure,2,1,21,10200,0,0,22
engine_execution,resource_release_failure,2,1,22,10300,0,0,23
engine_execution,resource_release_failure,2,1,23,10200,0,0,24
engine_execution,resource_release_failure,2,1,24,10200,0,0,25
engine_execution,resource_release_failure,2,1,25,10200,0,0,26
engine_execution,resource_release_failure,2,1,26,10200,0,0,27
engine_execution,resource_release_failure,2,1,27,10000,0,0,28
engine_execution,resource_release_failure,2,1,28,10200,0,0,29
engine_execution,resource_release_failure,2,1,29,10100,0,0,30
engine_execution,resource_release_failure,2,1,30,10100,0,0,31
engine_execution,resource_release_failure,2,1,31,10100,0,0,32
engine_execution,resource_release_failure,2,1,32,10300,0,0,33
engine_execution,resource_release_failure,2,1,33,10300,0,0,34
engine_execution,resource_release_failure,2,1,34,10300,0,0,35
engine_execution,resource_release_failure,2,1,35,10300,0,0,36
engine_execution,resource_release_failure,2,1,36,10200,0,0,37
engine_execution,resource_release_failure,2,1,37,10200,0,0,38
engine_execution,resource_release_failure,2,1,38,10100,0,0,39
engine_execution,resource_release_failure,2,1,39,10200,0,0,40
engine_execution_alloc,resource_release_failure,2,1,0,0,212,19913,23131
engine_execution,resource_startup_failure,2,1,0,10300,0,0,3
engine_execution,resource_startup_failure,2,1,1,10200,0,0,3
engine_execution,resource_startup_failure,2,1,2,10200,0,0,3
engine_execution,resource_startup_failure,2,1,3,10200,0,0,3
engine_execution,resource_startup_failure,2,1,4,10100,0,0,3
engine_execution,resource_startup_failure,2,1,5,10200,0,0,3
engine_execution,resource_startup_failure,2,1,6,10200,0,0,3
engine_execution,resource_startup_failure,2,1,7,10100,0,0,3
engine_execution,resource_startup_failure,2,1,8,10200,0,0,3
engine_execution,resource_startup_failure,2,1,9,10100,0,0,3
engine_execution,resource_startup_failure,2,1,10,10100,0,0,3
engine_execution,resource_startup_failure,2,1,11,10300,0,0,3
engine_execution,resource_startup_failure,2,1,12,10300,0,0,3
engine_execution,resource_startup_failure,2,1,13,10100,0,0,3
engine_execution,resource_startup_failure,2,1,14,10400,0,0,3
engine_execution,resource_startup_failure,2,1,15,10100,0,0,3
engine_execution,resource_startup_failure,2,1,16,10200,0,0,3
engine_execution,resource_startup_failure,2,1,17,10200,0,0,3
engine_execution,resource_startup_failure,2,1,18,10200,0,0,3
engine_execution,resource_startup_failure,2,1,19,10300,0,0,3
engine_execution,resource_startup_failure,2,1,20,10100,0,0,3
engine_execution,resource_startup_failure,2,1,21,10200,0,0,3
engine_execution,resource_startup_failure,2,1,22,10100,0,0,3
engine_execution,resource_startup_failure,2,1,23,10300,0,0,3
engine_execution,resource_startup_failure,2,1,24,10200,0,0,3
engine_execution,resource_startup_failure,2,1,25,10200,0,0,3
engine_execution,resource_startup_failure,2,1,26,10200,0,0,3
engine_execution,resource_startup_failure,2,1,27,10100,0,0,3
engine_execution,resource_startup_failure,2,1,28,10200,0,0,3
engine_execution,resource_startup_failure,2,1,29,10100,0,0,3
engine_execution,resource_startup_failure,2,1,30,10200,0,0,3
engine_execution,resource_startup_failure,2,1,31,10200,0,0,3
engine_execution,resource_startup_failure,2,1,32,10000,0,0,3
engine_execution,resource_startup_failure,2,1,33,10300,0,0,3
engine_execution,resource_startup_failure,2,1,34,10300,0,0,3
engine_execution,resource_startup_failure,2,1,35,10100,0,0,3
engine_execution,resource_startup_failure,2,1,36,10300,0,0,3
engine_execution,resource_startup_failure,2,1,37,10300,0,0,3
engine_execution,resource_startup_failure,2,1,38,10100,0,0,3
engine_execution,resource_startup_failure,2,1,39,10200,0,0,3
engine_execution_alloc,resource_startup_failure,2,1,0,0,209,20217,3
engine_execution,resource_cleanup_error_upstream,3,1,0,15100,0,0,0
engine_execution,resource_cleanup_error_upstream,3,1,1,15700,0,0,1
engine_execution,resource_cleanup_error_upstream,3,1,2,16000,0,0,2
engine_execution,resource_cleanup_error_upstream,3,1,3,15100,0,0,3
engine_execution,resource_cleanup_error_upstream,3,1,4,15000,0,0,4
engine_execution,resource_cleanup_error_upstream,3,1,5,15100,0,0,5
engine_execution,resource_cleanup_error_upstream,3,1,6,14900,0,0,6
engine_execution,resource_cleanup_error_upstream,3,1,7,15200,0,0,7
engine_execution,resource_cleanup_error_upstream,3,1,8,15000,0,0,8
engine_execution,resource_cleanup_error_upstream,3,1,9,15100,0,0,9
engine_execution,resource_cleanup_error_upstream,3,1,10,15000,0,0,10
engine_execution,resource_cleanup_error_upstream,3,1,11,15200,0,0,11
engine_execution,resource_cleanup_error_upstream,3,1,12,15000,0,0,12
engine_execution,resource_cleanup_error_upstream,3,1,13,14900,0,0,13
engine_execution,resource_cleanup_error_upstream,3,1,14,15200,0,0,14
engine_execution,resource_cleanup_error_upstream,3,1,15,15000,0,0,15
engine_execution,resource_cleanup_error_upstream,3,1,16,15000,0,0,16
engine_execution,resource_cleanup_error_upstream,3,1,17,15100,0,0,17
engine_execution,resource_cleanup_error_upstream,3,1,18,15100,0,0,18
engine_execution,resource_cleanup_error_upstream,3,1,19,15000,0,0,19
engine_execution,resource_cleanup_error_upstream,3,1,20,15200,0,0,20
engine_execution,resource_cleanup_error_upstream,3,1,21,14900,0,0,21
engine_execution,resource_cleanup_error_upstream,3,1,22,15000,0,0,22
engine_execution,resource_cleanup_error_upstream,3,1,23,15100,0,0,23
engine_execution,resource_cleanup_error_upstream,3,1,24,15000,0,0,24
engine_execution,resource_cleanup_error_upstream,3,1,25,14800,0,0,25
engine_execution,resource_cleanup_error_upstream,3,1,26,14900,0,0,26
engine_execution,resource_cleanup_error_upstream,3,1,27,15000,0,0,27
engine_execution,resource_cleanup_error_upstream,3,1,28,16000,0,0,28
engine_execution,resource_cleanup_error_upstream,3,1,29,15200,0,0,29
engine_execution,resource_cleanup_error_upstream,3,1,30,19000,0,0,30
engine_execution,resource_cleanup_error_upstream,3,1,31,16400,0,0,31
engine_execution,resource_cleanup_error_upstream,3,1,32,15600,0,0,32
engine_execution,resource_cleanup_error_upstream,3,1,33,15400,0,0,33
engine_execution,resource_cleanup_error_upstream,3,1,34,15400,0,0,34
engine_execution,resource_cleanup_error_upstream,3,1,35,15100,0,0,35
engine_execution,resource_cleanup_error_upstream,3,1,36,15000,0,0,36
engine_execution,resource_cleanup_error_upstream,3,1,37,15400,0,0,37
engine_execution,resource_cleanup_error_upstream,3,1,38,15200,0,0,38
engine_execution,resource_cleanup_error_upstream,3,1,39,15000,0,0,39
engine_execution_alloc,resource_cleanup_error_upstream,3,1,0,0,314,25951,23130
engine_execution,resource_cancel_after_acquire,1,0,0,17700,0,0,3
engine_execution,resource_cancel_after_acquire,1,0,1,9300,0,0,3
engine_execution,resource_cancel_after_acquire,1,0,2,8800,0,0,3
engine_execution,resource_cancel_after_acquire,1,0,3,8900,0,0,3
engine_execution,resource_cancel_after_acquire,1,0,4,8700,0,0,3
engine_execution,resource_cancel_after_acquire,1,0,5,8700,0,0,3
engine_execution,resource_cancel_after_acquire,1,0,6,8500,0,0,3
engine_execution,resource_cancel_after_acquire,1,0,7,8600,0,0,3
engine_execution,resource_cancel_after_acquire,1,0,8,8900,0,0,3
engine_execution,resource_cancel_after_acquire,1,0,9,8700,0,0,3
engine_execution,resource_cancel_after_acquire,1,0,10,8600,0,0,3
engine_execution,resource_cancel_after_acquire,1,0,11,10500,0,0,3
engine_execution,resource_cancel_after_acquire,1,0,12,8600,0,0,3
engine_execution,resource_cancel_after_acquire,1,0,13,8600,0,0,3
engine_execution,resource_cancel_after_acquire,1,0,14,8600,0,0,3
engine_execution,resource_cancel_after_acquire,1,0,15,8800,0,0,3
engine_execution,resource_cancel_after_acquire,1,0,16,8700,0,0,3
engine_execution,resource_cancel_after_acquire,1,0,17,8600,0,0,3
engine_execution,resource_cancel_after_acquire,1,0,18,8600,0,0,3
engine_execution,resource_cancel_after_acquire,1,0,19,8600,0,0,3
engine_execution,resource_cancel_after_acquire,1,0,20,8700,0,0,3
engine_execution,resource_cancel_after_acquire,1,0,21,8600,0,0,3
engine_execution,resource_cancel_after_acquire,1,0,22,8500,0,0,3
engine_execution,resource_cancel_after_acquire,1,0,23,8600,0,0,3
engine_execution,resource_cancel_after_acquire,1,0,24,8600,0,0,3
engine_execution,resource_cancel_after_acquire,1,0,25,8500,0,0,3
engine_execution,resource_cancel_after_acquire,1,0,26,8700,0,0,3
engine_execution,resource_cancel_after_acquire,1,0,27,8500,0,0,3
engine_execution,resource_cancel_after_acquire,1,0,28,8500,0,0,3
engine_execution,resource_cancel_after_acquire,1,0,29,8600,0,0,3
engine_execution,resource_cancel_after_acquire,1,0,30,8700,0,0,3
engine_execution,resource_cancel_after_acquire,1,0,31,8500,0,0,3
engine_execution,resource_cancel_after_acquire,1,0,32,8400,0,0,3
engine_execution,resource_cancel_after_acquire,1,0,33,8500,0,0,3
engine_execution,resource_cancel_after_acquire,1,0,34,8500,0,0,3
engine_execution,resource_cancel_after_acquire,1,0,35,8600,0,0,3
engine_execution,resource_cancel_after_acquire,1,0,36,8500,0,0,3
engine_execution,resource_cancel_after_acquire,1,0,37,8500,0,0,3
engine_execution,resource_cancel_after_acquire,1,0,38,8700,0,0,3
engine_execution,resource_cancel_after_acquire,1,0,39,8600,0,0,3
engine_execution,effect_known_receipt,1,0,0,7300,0,0,1
engine_execution,effect_known_receipt,1,0,1,7700,0,0,0
engine_execution,effect_known_receipt,1,0,2,7600,0,0,3
engine_execution,effect_known_receipt,1,0,3,7800,0,0,2
engine_execution,effect_known_receipt,1,0,4,7500,0,0,5
engine_execution,effect_known_receipt,1,0,5,7500,0,0,4
engine_execution,effect_known_receipt,1,0,6,7300,0,0,7
engine_execution,effect_known_receipt,1,0,7,7500,0,0,6
engine_execution,effect_known_receipt,1,0,8,7500,0,0,9
engine_execution,effect_known_receipt,1,0,9,7400,0,0,8
engine_execution,effect_known_receipt,1,0,10,7400,0,0,11
engine_execution,effect_known_receipt,1,0,11,7600,0,0,10
engine_execution,effect_known_receipt,1,0,12,7400,0,0,13
engine_execution,effect_known_receipt,1,0,13,7400,0,0,12
engine_execution,effect_known_receipt,1,0,14,7400,0,0,15
engine_execution,effect_known_receipt,1,0,15,7800,0,0,14
engine_execution,effect_known_receipt,1,0,16,7400,0,0,17
engine_execution,effect_known_receipt,1,0,17,7500,0,0,16
engine_execution,effect_known_receipt,1,0,18,7300,0,0,19
engine_execution,effect_known_receipt,1,0,19,7500,0,0,18
engine_execution,effect_known_receipt,1,0,20,7300,0,0,21
engine_execution,effect_known_receipt,1,0,21,7300,0,0,20
engine_execution,effect_known_receipt,1,0,22,7400,0,0,23
engine_execution,effect_known_receipt,1,0,23,7300,0,0,22
engine_execution,effect_known_receipt,1,0,24,7300,0,0,25
engine_execution,effect_known_receipt,1,0,25,7500,0,0,24
engine_execution,effect_known_receipt,1,0,26,7400,0,0,27
engine_execution,effect_known_receipt,1,0,27,7300,0,0,26
engine_execution,effect_known_receipt,1,0,28,7300,0,0,29
engine_execution,effect_known_receipt,1,0,29,7400,0,0,28
engine_execution,effect_known_receipt,1,0,30,7500,0,0,31
engine_execution,effect_known_receipt,1,0,31,7400,0,0,30
engine_execution,effect_known_receipt,1,0,32,7300,0,0,33
engine_execution,effect_known_receipt,1,0,33,7400,0,0,32
engine_execution,effect_known_receipt,1,0,34,7300,0,0,35
engine_execution,effect_known_receipt,1,0,35,7400,0,0,34
engine_execution,effect_known_receipt,1,0,36,7300,0,0,37
engine_execution,effect_known_receipt,1,0,37,7400,0,0,36
engine_execution,effect_known_receipt,1,0,38,7400,0,0,39
engine_execution,effect_known_receipt,1,0,39,7200,0,0,38
engine_execution_alloc,effect_known_receipt,1,0,0,0,149,14826,23131
engine_execution,retry_one_failure,1,0,0,7400,0,0,1
engine_execution,retry_one_failure,1,0,1,7400,0,0,0
engine_execution,retry_one_failure,1,0,2,7500,0,0,3
engine_execution,retry_one_failure,1,0,3,7700,0,0,2
engine_execution,retry_one_failure,1,0,4,7500,0,0,5
engine_execution,retry_one_failure,1,0,5,7400,0,0,4
engine_execution,retry_one_failure,1,0,6,7400,0,0,7
engine_execution,retry_one_failure,1,0,7,7400,0,0,6
engine_execution,retry_one_failure,1,0,8,7500,0,0,9
engine_execution,retry_one_failure,1,0,9,7500,0,0,8
engine_execution,retry_one_failure,1,0,10,7400,0,0,11
engine_execution,retry_one_failure,1,0,11,7500,0,0,10
engine_execution,retry_one_failure,1,0,12,7400,0,0,13
engine_execution,retry_one_failure,1,0,13,7500,0,0,12
engine_execution,retry_one_failure,1,0,14,7500,0,0,15
engine_execution,retry_one_failure,1,0,15,7700,0,0,14
engine_execution,retry_one_failure,1,0,16,7500,0,0,17
engine_execution,retry_one_failure,1,0,17,7400,0,0,16
engine_execution,retry_one_failure,1,0,18,7400,0,0,19
engine_execution,retry_one_failure,1,0,19,7500,0,0,18
engine_execution,retry_one_failure,1,0,20,7500,0,0,21
engine_execution,retry_one_failure,1,0,21,7500,0,0,20
engine_execution,retry_one_failure,1,0,22,7500,0,0,23
engine_execution,retry_one_failure,1,0,23,7500,0,0,22
engine_execution,retry_one_failure,1,0,24,7500,0,0,25
engine_execution,retry_one_failure,1,0,25,7700,0,0,24
engine_execution,retry_one_failure,1,0,26,7600,0,0,27
engine_execution,retry_one_failure,1,0,27,7700,0,0,26
engine_execution,retry_one_failure,1,0,28,7500,0,0,29
engine_execution,retry_one_failure,1,0,29,7500,0,0,28
engine_execution,retry_one_failure,1,0,30,7600,0,0,31
engine_execution,retry_one_failure,1,0,31,7700,0,0,30
engine_execution,retry_one_failure,1,0,32,7600,0,0,33
engine_execution,retry_one_failure,1,0,33,7400,0,0,32
engine_execution,retry_one_failure,1,0,34,7500,0,0,35
engine_execution,retry_one_failure,1,0,35,7500,0,0,34
engine_execution,retry_one_failure,1,0,36,7500,0,0,37
engine_execution,retry_one_failure,1,0,37,7500,0,0,36
engine_execution,retry_one_failure,1,0,38,7500,0,0,39
engine_execution,retry_one_failure,1,0,39,7500,0,0,38
engine_execution_alloc,retry_one_failure,1,0,0,0,152,15009,23131
engine_execution,component_flat,10,9,0,27100,0,0,0
engine_execution,component_flat,10,9,1,27100,0,0,1
engine_execution,component_flat,10,9,2,27100,0,0,2
engine_execution,component_flat,10,9,3,27100,0,0,3
engine_execution,component_flat,10,9,4,28100,0,0,4
engine_execution,component_flat,10,9,5,28400,0,0,5
engine_execution,component_flat,10,9,6,27200,0,0,6
engine_execution,component_flat,10,9,7,27100,0,0,7
engine_execution,component_flat,10,9,8,31400,0,0,8
engine_execution,component_flat,10,9,9,27700,0,0,9
engine_execution,component_flat,10,9,10,27200,0,0,10
engine_execution,component_flat,10,9,11,26800,0,0,11
engine_execution,component_flat,10,9,12,27100,0,0,12
engine_execution,component_flat,10,9,13,26900,0,0,13
engine_execution,component_flat,10,9,14,27500,0,0,14
engine_execution,component_flat,10,9,15,27100,0,0,15
engine_execution,component_flat,10,9,16,27400,0,0,16
engine_execution,component_flat,10,9,17,27100,0,0,17
engine_execution,component_flat,10,9,18,27100,0,0,18
engine_execution,component_flat,10,9,19,27000,0,0,19
engine_execution,component_flat,10,9,20,27100,0,0,20
engine_execution,component_flat,10,9,21,27100,0,0,21
engine_execution,component_flat,10,9,22,27000,0,0,22
engine_execution,component_flat,10,9,23,27100,0,0,23
engine_execution,component_flat,10,9,24,27200,0,0,24
engine_execution,component_flat,10,9,25,27300,0,0,25
engine_execution,component_flat,10,9,26,27000,0,0,26
engine_execution,component_flat,10,9,27,26700,0,0,27
engine_execution,component_flat,10,9,28,27100,0,0,28
engine_execution,component_flat,10,9,29,26900,0,0,29
engine_execution,component_flat,10,9,30,26800,0,0,30
engine_execution,component_flat,10,9,31,26700,0,0,31
engine_execution,component_flat,10,9,32,26900,0,0,32
engine_execution,component_flat,10,9,33,26700,0,0,33
engine_execution,component_flat,10,9,34,26900,0,0,34
engine_execution,component_flat,10,9,35,27000,0,0,35
engine_execution,component_flat,10,9,36,27000,0,0,36
engine_execution,component_flat,10,9,37,26900,0,0,37
engine_execution,component_flat,10,9,38,27000,0,0,38
engine_execution,component_flat,10,9,39,27000,0,0,39
engine_execution_alloc,component_flat,10,9,0,0,572,44928,23130
engine_execution,component_nested,13,12,0,50700,0,0,0
engine_execution,component_nested,13,12,1,50900,0,0,1
engine_execution,component_nested,13,12,2,50600,0,0,2
engine_execution,component_nested,13,12,3,51200,0,0,3
engine_execution,component_nested,13,12,4,50900,0,0,4
engine_execution,component_nested,13,12,5,51100,0,0,5
engine_execution,component_nested,13,12,6,54100,0,0,6
engine_execution,component_nested,13,12,7,51000,0,0,7
engine_execution,component_nested,13,12,8,51000,0,0,8
engine_execution,component_nested,13,12,9,55700,0,0,9
engine_execution,component_nested,13,12,10,51800,0,0,10
engine_execution,component_nested,13,12,11,60500,0,0,11
engine_execution,component_nested,13,12,12,51500,0,0,12
engine_execution,component_nested,13,12,13,52300,0,0,13
engine_execution,component_nested,13,12,14,51800,0,0,14
engine_execution,component_nested,13,12,15,51700,0,0,15
engine_execution,component_nested,13,12,16,51200,0,0,16
engine_execution,component_nested,13,12,17,51400,0,0,17
engine_execution,component_nested,13,12,18,50700,0,0,18
engine_execution,component_nested,13,12,19,50700,0,0,19
engine_execution,component_nested,13,12,20,51300,0,0,20
engine_execution,component_nested,13,12,21,50800,0,0,21
engine_execution,component_nested,13,12,22,50700,0,0,22
engine_execution,component_nested,13,12,23,51400,0,0,23
engine_execution,component_nested,13,12,24,51500,0,0,24
engine_execution,component_nested,13,12,25,50800,0,0,25
engine_execution,component_nested,13,12,26,50900,0,0,26
engine_execution,component_nested,13,12,27,51000,0,0,27
engine_execution,component_nested,13,12,28,50400,0,0,28
engine_execution,component_nested,13,12,29,50800,0,0,29
engine_execution,component_nested,13,12,30,50800,0,0,30
engine_execution,component_nested,13,12,31,50700,0,0,31
engine_execution,component_nested,13,12,32,50700,0,0,32
engine_execution,component_nested,13,12,33,50900,0,0,33
engine_execution,component_nested,13,12,34,50500,0,0,34
engine_execution,component_nested,13,12,35,53100,0,0,35
engine_execution,component_nested,13,12,36,51000,0,0,36
engine_execution,component_nested,13,12,37,50700,0,0,37
engine_execution,component_nested,13,12,38,50700,0,0,38
engine_execution,component_nested,13,12,39,50700,0,0,39
engine_execution_alloc,component_nested,13,12,0,0,855,59553,23130
engine_execution,component_flat,100,99,0,307600,0,0,1
engine_execution,component_flat,100,99,1,305600,0,0,0
engine_execution,component_flat,100,99,2,307500,0,0,3
engine_execution,component_flat,100,99,3,310400,0,0,2
engine_execution,component_flat,100,99,4,304900,0,0,5
engine_execution,component_flat,100,99,5,308400,0,0,4
engine_execution,component_flat,100,99,6,306700,0,0,7
engine_execution,component_flat,100,99,7,307100,0,0,6
engine_execution,component_flat,100,99,8,307600,0,0,9
engine_execution,component_flat,100,99,9,305400,0,0,8
engine_execution,component_flat,100,99,10,304300,0,0,11
engine_execution,component_flat,100,99,11,304500,0,0,10
engine_execution,component_flat,100,99,12,303500,0,0,13
engine_execution,component_flat,100,99,13,302100,0,0,12
engine_execution,component_flat,100,99,14,314600,0,0,15
engine_execution,component_flat,100,99,15,310700,0,0,14
engine_execution,component_flat,100,99,16,308100,0,0,17
engine_execution,component_flat,100,99,17,304500,0,0,16
engine_execution,component_flat,100,99,18,309200,0,0,19
engine_execution,component_flat,100,99,19,314700,0,0,18
engine_execution,component_flat,100,99,20,318200,0,0,21
engine_execution,component_flat,100,99,21,309600,0,0,20
engine_execution,component_flat,100,99,22,303700,0,0,23
engine_execution,component_flat,100,99,23,305100,0,0,22
engine_execution,component_flat,100,99,24,307300,0,0,25
engine_execution,component_flat,100,99,25,305700,0,0,24
engine_execution,component_flat,100,99,26,304900,0,0,27
engine_execution,component_flat,100,99,27,307600,0,0,26
engine_execution,component_flat,100,99,28,304200,0,0,29
engine_execution,component_flat,100,99,29,303300,0,0,28
engine_execution,component_flat,100,99,30,302300,0,0,31
engine_execution,component_flat,100,99,31,306200,0,0,30
engine_execution,component_flat,100,99,32,302000,0,0,33
engine_execution,component_flat,100,99,33,308400,0,0,32
engine_execution,component_flat,100,99,34,301700,0,0,35
engine_execution,component_flat,100,99,35,302300,0,0,34
engine_execution,component_flat,100,99,36,302000,0,0,37
engine_execution,component_flat,100,99,37,301500,0,0,36
engine_execution,component_flat,100,99,38,302900,0,0,39
engine_execution,component_flat,100,99,39,302800,0,0,38
engine_execution_alloc,component_flat,100,99,0,0,5259,513144,23131
engine_execution,component_nested,103,102,0,402600,0,0,1
engine_execution,component_nested,103,102,1,409400,0,0,0
engine_execution,component_nested,103,102,2,409200,0,0,3
engine_execution,component_nested,103,102,3,407600,0,0,2
engine_execution,component_nested,103,102,4,409100,0,0,5
engine_execution,component_nested,103,102,5,398400,0,0,4
engine_execution,component_nested,103,102,6,407400,0,0,7
engine_execution,component_nested,103,102,7,407400,0,0,6
engine_execution,component_nested,103,102,8,408000,0,0,9
engine_execution,component_nested,103,102,9,409700,0,0,8
engine_execution,component_nested,103,102,10,389300,0,0,11
engine_execution,component_nested,103,102,11,390500,0,0,10
engine_execution,component_nested,103,102,12,387600,0,0,13
engine_execution,component_nested,103,102,13,389100,0,0,12
engine_execution,component_nested,103,102,14,391700,0,0,15
engine_execution,component_nested,103,102,15,387000,0,0,14
engine_execution,component_nested,103,102,16,386300,0,0,17
engine_execution,component_nested,103,102,17,389200,0,0,16
engine_execution,component_nested,103,102,18,392500,0,0,19
engine_execution,component_nested,103,102,19,386800,0,0,18
engine_execution,component_nested,103,102,20,385200,0,0,21
engine_execution,component_nested,103,102,21,388200,0,0,20
engine_execution,component_nested,103,102,22,392000,0,0,23
engine_execution,component_nested,103,102,23,389900,0,0,22
engine_execution,component_nested,103,102,24,389300,0,0,25
engine_execution,component_nested,103,102,25,387400,0,0,24
engine_execution,component_nested,103,102,26,387100,0,0,27
engine_execution,component_nested,103,102,27,390300,0,0,26
engine_execution,component_nested,103,102,28,387100,0,0,29
engine_execution,component_nested,103,102,29,388800,0,0,28
engine_execution,component_nested,103,102,30,388200,0,0,31
engine_execution,component_nested,103,102,31,387800,0,0,30
engine_execution,component_nested,103,102,32,388300,0,0,33
engine_execution,component_nested,103,102,33,383900,0,0,32
engine_execution,component_nested,103,102,34,395700,0,0,35
engine_execution,component_nested,103,102,35,386500,0,0,34
engine_execution,component_nested,103,102,36,388400,0,0,37
engine_execution,component_nested,103,102,37,385600,0,0,36
engine_execution,component_nested,103,102,38,390700,0,0,39
engine_execution,component_nested,103,102,39,388100,0,0,38
engine_execution_alloc,component_nested,103,102,0,0,6532,645129,23131
plan_build,component_repeated_typed_2,2,2,0,12900,0,0,25
plan_build,component_repeated_typed_2,2,2,1,7000,0,0,25
plan_build,component_repeated_typed_2,2,2,2,5400,0,0,25
plan_build,component_repeated_typed_2,2,2,3,5400,0,0,25
plan_build,component_repeated_typed_2,2,2,4,5500,0,0,25
plan_build,component_repeated_typed_2,2,2,5,4900,0,0,25
plan_build,component_repeated_typed_2,2,2,6,5100,0,0,25
plan_build,component_repeated_typed_2,2,2,7,5300,0,0,25
plan_build,component_repeated_typed_2,2,2,8,5000,0,0,25
plan_build,component_repeated_typed_2,2,2,9,5100,0,0,25
plan_build,component_repeated_typed_2,2,2,10,5000,0,0,25
plan_build,component_repeated_typed_2,2,2,11,4900,0,0,25
plan_build,component_repeated_typed_2,2,2,12,5100,0,0,25
plan_build,component_repeated_typed_2,2,2,13,5000,0,0,25
plan_build,component_repeated_typed_2,2,2,14,5000,0,0,25
plan_build,component_repeated_typed_2,2,2,15,4900,0,0,25
plan_build,component_repeated_typed_2,2,2,16,5200,0,0,25
plan_build,component_repeated_typed_2,2,2,17,5000,0,0,25
plan_build,component_repeated_typed_2,2,2,18,4600,0,0,25
plan_build,component_repeated_typed_2,2,2,19,4800,0,0,25
plan_build_alloc,component_repeated_typed_2,2,2,0,0,134,19521,25
engine_execution,component_repeated_typed_2,2,2,0,13400,0,0,3
engine_execution,component_repeated_typed_2,2,2,1,13400,0,0,2
engine_execution,component_repeated_typed_2,2,2,2,13500,0,0,5
engine_execution,component_repeated_typed_2,2,2,3,13400,0,0,4
engine_execution,component_repeated_typed_2,2,2,4,13800,0,0,7
engine_execution,component_repeated_typed_2,2,2,5,13400,0,0,6
engine_execution,component_repeated_typed_2,2,2,6,13500,0,0,9
engine_execution,component_repeated_typed_2,2,2,7,13300,0,0,8
engine_execution,component_repeated_typed_2,2,2,8,13200,0,0,11
engine_execution,component_repeated_typed_2,2,2,9,13100,0,0,10
engine_execution,component_repeated_typed_2,2,2,10,13600,0,0,13
engine_execution,component_repeated_typed_2,2,2,11,13700,0,0,12
engine_execution,component_repeated_typed_2,2,2,12,13300,0,0,15
engine_execution,component_repeated_typed_2,2,2,13,13200,0,0,14
engine_execution,component_repeated_typed_2,2,2,14,13400,0,0,17
engine_execution,component_repeated_typed_2,2,2,15,13300,0,0,16
engine_execution,component_repeated_typed_2,2,2,16,13400,0,0,19
engine_execution,component_repeated_typed_2,2,2,17,13500,0,0,18
engine_execution,component_repeated_typed_2,2,2,18,13300,0,0,21
engine_execution,component_repeated_typed_2,2,2,19,13100,0,0,20
engine_execution,component_repeated_typed_2,2,2,20,13300,0,0,23
engine_execution,component_repeated_typed_2,2,2,21,13100,0,0,22
engine_execution,component_repeated_typed_2,2,2,22,13200,0,0,25
engine_execution,component_repeated_typed_2,2,2,23,14300,0,0,24
engine_execution,component_repeated_typed_2,2,2,24,13700,0,0,27
engine_execution,component_repeated_typed_2,2,2,25,13800,0,0,26
engine_execution,component_repeated_typed_2,2,2,26,14000,0,0,29
engine_execution,component_repeated_typed_2,2,2,27,13400,0,0,28
engine_execution,component_repeated_typed_2,2,2,28,13400,0,0,31
engine_execution,component_repeated_typed_2,2,2,29,13100,0,0,30
engine_execution,component_repeated_typed_2,2,2,30,13300,0,0,33
engine_execution,component_repeated_typed_2,2,2,31,13100,0,0,32
engine_execution,component_repeated_typed_2,2,2,32,13100,0,0,35
engine_execution,component_repeated_typed_2,2,2,33,13200,0,0,34
engine_execution,component_repeated_typed_2,2,2,34,13500,0,0,37
engine_execution,component_repeated_typed_2,2,2,35,13300,0,0,36
engine_execution,component_repeated_typed_2,2,2,36,13400,0,0,39
engine_execution,component_repeated_typed_2,2,2,37,13300,0,0,38
engine_execution,component_repeated_typed_2,2,2,38,13600,0,0,41
engine_execution,component_repeated_typed_2,2,2,39,16100,0,0,40
engine_execution_alloc,component_repeated_typed_2,2,2,0,0,303,24606,23133
plan_build,component_repeated_typed_10,10,10,0,47600,0,0,25
plan_build,component_repeated_typed_10,10,10,1,21400,0,0,25
plan_build,component_repeated_typed_10,10,10,2,18300,0,0,25
plan_build,component_repeated_typed_10,10,10,3,18400,0,0,25
plan_build,component_repeated_typed_10,10,10,4,20300,0,0,25
plan_build,component_repeated_typed_10,10,10,5,18200,0,0,25
plan_build,component_repeated_typed_10,10,10,6,17900,0,0,25
plan_build,component_repeated_typed_10,10,10,7,17700,0,0,25
plan_build,component_repeated_typed_10,10,10,8,16900,0,0,25
plan_build,component_repeated_typed_10,10,10,9,17200,0,0,25
plan_build,component_repeated_typed_10,10,10,10,17800,0,0,25
plan_build,component_repeated_typed_10,10,10,11,17500,0,0,25
plan_build,component_repeated_typed_10,10,10,12,17300,0,0,25
plan_build,component_repeated_typed_10,10,10,13,17900,0,0,25
plan_build,component_repeated_typed_10,10,10,14,20000,0,0,25
plan_build,component_repeated_typed_10,10,10,15,17400,0,0,25
plan_build,component_repeated_typed_10,10,10,16,17400,0,0,25
plan_build,component_repeated_typed_10,10,10,17,17500,0,0,25
plan_build,component_repeated_typed_10,10,10,18,17300,0,0,25
plan_build,component_repeated_typed_10,10,10,19,17300,0,0,25
plan_build_alloc,component_repeated_typed_10,10,10,0,0,460,93329,25
engine_execution,component_repeated_typed_10,10,10,0,61000,0,0,11
engine_execution,component_repeated_typed_10,10,10,1,60700,0,0,10
engine_execution,component_repeated_typed_10,10,10,2,60300,0,0,13
engine_execution,component_repeated_typed_10,10,10,3,60300,0,0,12
engine_execution,component_repeated_typed_10,10,10,4,60700,0,0,15
engine_execution,component_repeated_typed_10,10,10,5,60800,0,0,14
engine_execution,component_repeated_typed_10,10,10,6,64300,0,0,17
engine_execution,component_repeated_typed_10,10,10,7,60900,0,0,16
engine_execution,component_repeated_typed_10,10,10,8,61200,0,0,19
engine_execution,component_repeated_typed_10,10,10,9,61400,0,0,18
engine_execution,component_repeated_typed_10,10,10,10,63600,0,0,21
engine_execution,component_repeated_typed_10,10,10,11,60700,0,0,20
engine_execution,component_repeated_typed_10,10,10,12,63400,0,0,23
engine_execution,component_repeated_typed_10,10,10,13,60900,0,0,22
engine_execution,component_repeated_typed_10,10,10,14,61500,0,0,25
engine_execution,component_repeated_typed_10,10,10,15,60700,0,0,24
engine_execution,component_repeated_typed_10,10,10,16,61200,0,0,27
engine_execution,component_repeated_typed_10,10,10,17,60200,0,0,26
engine_execution,component_repeated_typed_10,10,10,18,60800,0,0,29
engine_execution,component_repeated_typed_10,10,10,19,60400,0,0,28
engine_execution,component_repeated_typed_10,10,10,20,60800,0,0,31
engine_execution,component_repeated_typed_10,10,10,21,60400,0,0,30
engine_execution,component_repeated_typed_10,10,10,22,60600,0,0,33
engine_execution,component_repeated_typed_10,10,10,23,60900,0,0,32
engine_execution,component_repeated_typed_10,10,10,24,60200,0,0,35
engine_execution,component_repeated_typed_10,10,10,25,60200,0,0,34
engine_execution,component_repeated_typed_10,10,10,26,63200,0,0,37
engine_execution,component_repeated_typed_10,10,10,27,60500,0,0,36
engine_execution,component_repeated_typed_10,10,10,28,60300,0,0,39
engine_execution,component_repeated_typed_10,10,10,29,60900,0,0,38
engine_execution,component_repeated_typed_10,10,10,30,60800,0,0,41
engine_execution,component_repeated_typed_10,10,10,31,60600,0,0,40
engine_execution,component_repeated_typed_10,10,10,32,60600,0,0,43
engine_execution,component_repeated_typed_10,10,10,33,61000,0,0,42
engine_execution,component_repeated_typed_10,10,10,34,61000,0,0,45
engine_execution,component_repeated_typed_10,10,10,35,60400,0,0,44
engine_execution,component_repeated_typed_10,10,10,36,60300,0,0,47
engine_execution,component_repeated_typed_10,10,10,37,60400,0,0,46
engine_execution,component_repeated_typed_10,10,10,38,60300,0,0,49
engine_execution,component_repeated_typed_10,10,10,39,67900,0,0,48
engine_execution_alloc,component_repeated_typed_10,10,10,0,0,1405,95590,23141
plan_build,component_repeated_typed_100,100,100,0,290500,0,0,25
plan_build,component_repeated_typed_100,100,100,1,187900,0,0,25
plan_build,component_repeated_typed_100,100,100,2,218700,0,0,25
plan_build,component_repeated_typed_100,100,100,3,215500,0,0,25
plan_build,component_repeated_typed_100,100,100,4,243200,0,0,25
plan_build,component_repeated_typed_100,100,100,5,306100,0,0,25
plan_build,component_repeated_typed_100,100,100,6,217300,0,0,25
plan_build,component_repeated_typed_100,100,100,7,297600,0,0,25
plan_build,component_repeated_typed_100,100,100,8,242500,0,0,25
plan_build,component_repeated_typed_100,100,100,9,216000,0,0,25
plan_build,component_repeated_typed_100,100,100,10,278000,0,0,25
plan_build,component_repeated_typed_100,100,100,11,181000,0,0,25
plan_build,component_repeated_typed_100,100,100,12,161900,0,0,25
plan_build,component_repeated_typed_100,100,100,13,213500,0,0,25
plan_build,component_repeated_typed_100,100,100,14,242600,0,0,25
plan_build,component_repeated_typed_100,100,100,15,334400,0,0,25
plan_build,component_repeated_typed_100,100,100,16,351300,0,0,25
plan_build,component_repeated_typed_100,100,100,17,514900,0,0,25
plan_build,component_repeated_typed_100,100,100,18,218200,0,0,25
plan_build,component_repeated_typed_100,100,100,19,198700,0,0,25
plan_build_alloc,component_repeated_typed_100,100,100,0,0,3876,807301,25
engine_execution,component_repeated_typed_100,100,100,0,1068100,0,0,101
engine_execution,component_repeated_typed_100,100,100,1,1112200,0,0,100
engine_execution,component_repeated_typed_100,100,100,2,1175300,0,0,103
engine_execution,component_repeated_typed_100,100,100,3,1072400,0,0,102
engine_execution,component_repeated_typed_100,100,100,4,1076900,0,0,105
engine_execution,component_repeated_typed_100,100,100,5,1069600,0,0,104
engine_execution,component_repeated_typed_100,100,100,6,1101300,0,0,107
engine_execution,component_repeated_typed_100,100,100,7,1141700,0,0,106
engine_execution,component_repeated_typed_100,100,100,8,1101400,0,0,109
engine_execution,component_repeated_typed_100,100,100,9,1077400,0,0,108
engine_execution,component_repeated_typed_100,100,100,10,1079400,0,0,111
engine_execution,component_repeated_typed_100,100,100,11,1080900,0,0,110
engine_execution,component_repeated_typed_100,100,100,12,1066400,0,0,113
engine_execution,component_repeated_typed_100,100,100,13,1077800,0,0,112
engine_execution,component_repeated_typed_100,100,100,14,1072900,0,0,115
engine_execution,component_repeated_typed_100,100,100,15,1078100,0,0,114
engine_execution,component_repeated_typed_100,100,100,16,1091800,0,0,117
engine_execution,component_repeated_typed_100,100,100,17,1064500,0,0,116
engine_execution,component_repeated_typed_100,100,100,18,1070300,0,0,119
engine_execution,component_repeated_typed_100,100,100,19,1061500,0,0,118
engine_execution,component_repeated_typed_100,100,100,20,1070300,0,0,121
engine_execution,component_repeated_typed_100,100,100,21,1070500,0,0,120
engine_execution,component_repeated_typed_100,100,100,22,1074800,0,0,123
engine_execution,component_repeated_typed_100,100,100,23,1107900,0,0,122
engine_execution,component_repeated_typed_100,100,100,24,1079200,0,0,125
engine_execution,component_repeated_typed_100,100,100,25,1071600,0,0,124
engine_execution,component_repeated_typed_100,100,100,26,1070100,0,0,127
engine_execution,component_repeated_typed_100,100,100,27,1070600,0,0,126
engine_execution,component_repeated_typed_100,100,100,28,1071600,0,0,129
engine_execution,component_repeated_typed_100,100,100,29,1067800,0,0,128
engine_execution,component_repeated_typed_100,100,100,30,1073500,0,0,131
engine_execution,component_repeated_typed_100,100,100,31,1078100,0,0,130
engine_execution,component_repeated_typed_100,100,100,32,1090700,0,0,133
engine_execution,component_repeated_typed_100,100,100,33,1084600,0,0,132
engine_execution,component_repeated_typed_100,100,100,34,1100500,0,0,135
engine_execution,component_repeated_typed_100,100,100,35,1074900,0,0,134
engine_execution,component_repeated_typed_100,100,100,36,1067200,0,0,137
engine_execution,component_repeated_typed_100,100,100,37,1070400,0,0,136
engine_execution,component_repeated_typed_100,100,100,38,1068500,0,0,139
engine_execution,component_repeated_typed_100,100,100,39,1074000,0,0,138
engine_execution_alloc,component_repeated_typed_100,100,100,0,0,22566,1456254,23231
engine_execution,resident_ready_shutdown,1,0,0,8500,0,0,1
engine_execution,resident_ready_shutdown,1,0,1,8500,0,0,1
engine_execution,resident_ready_shutdown,1,0,2,8500,0,0,1
engine_execution,resident_ready_shutdown,1,0,3,8200,0,0,1
engine_execution,resident_ready_shutdown,1,0,4,8500,0,0,1
engine_execution,resident_ready_shutdown,1,0,5,8700,0,0,1
engine_execution,resident_ready_shutdown,1,0,6,8800,0,0,1
engine_execution,resident_ready_shutdown,1,0,7,8300,0,0,1
engine_execution,resident_ready_shutdown,1,0,8,8400,0,0,1
engine_execution,resident_ready_shutdown,1,0,9,8600,0,0,1
engine_execution,resident_ready_shutdown,1,0,10,8400,0,0,1
engine_execution,resident_ready_shutdown,1,0,11,8500,0,0,1
engine_execution,resident_ready_shutdown,1,0,12,8300,0,0,1
engine_execution,resident_ready_shutdown,1,0,13,8300,0,0,1
engine_execution,resident_ready_shutdown,1,0,14,8500,0,0,1
engine_execution,resident_ready_shutdown,1,0,15,8400,0,0,1
engine_execution,resident_ready_shutdown,1,0,16,8400,0,0,1
engine_execution,resident_ready_shutdown,1,0,17,8300,0,0,1
engine_execution,resident_ready_shutdown,1,0,18,8600,0,0,1
engine_execution,resident_ready_shutdown,1,0,19,8500,0,0,1
engine_execution,resident_ready_shutdown,1,0,20,8400,0,0,1
engine_execution,resident_ready_shutdown,1,0,21,8400,0,0,1
engine_execution,resident_ready_shutdown,1,0,22,8300,0,0,1
engine_execution,resident_ready_shutdown,1,0,23,8300,0,0,1
engine_execution,resident_ready_shutdown,1,0,24,8400,0,0,1
engine_execution,resident_ready_shutdown,1,0,25,8400,0,0,1
engine_execution,resident_ready_shutdown,1,0,26,7800,0,0,1
engine_execution,resident_ready_shutdown,1,0,27,7900,0,0,1
engine_execution,resident_ready_shutdown,1,0,28,7900,0,0,1
engine_execution,resident_ready_shutdown,1,0,29,7800,0,0,1
engine_execution,resident_ready_shutdown,1,0,30,7700,0,0,1
engine_execution,resident_ready_shutdown,1,0,31,7900,0,0,1
engine_execution,resident_ready_shutdown,1,0,32,7800,0,0,1
engine_execution,resident_ready_shutdown,1,0,33,7800,0,0,1
engine_execution,resident_ready_shutdown,1,0,34,7900,0,0,1
engine_execution,resident_ready_shutdown,1,0,35,7700,0,0,1
engine_execution,resident_ready_shutdown,1,0,36,7800,0,0,1
engine_execution,resident_ready_shutdown,1,0,37,7700,0,0,1
engine_execution,resident_ready_shutdown,1,0,38,7700,0,0,1
engine_execution,resident_ready_shutdown,1,0,39,7700,0,0,1
engine_execution,service_restart_stable_handle,1,0,0,12100,0,0,27
engine_execution,service_restart_stable_handle,1,0,1,12000,0,0,30
engine_execution,service_restart_stable_handle,1,0,2,12100,0,0,33
engine_execution,service_restart_stable_handle,1,0,3,11900,0,0,36
engine_execution,service_restart_stable_handle,1,0,4,12000,0,0,39
engine_execution,service_restart_stable_handle,1,0,5,12100,0,0,42
engine_execution,service_restart_stable_handle,1,0,6,12100,0,0,45
engine_execution,service_restart_stable_handle,1,0,7,12000,0,0,48
engine_execution,service_restart_stable_handle,1,0,8,12000,0,0,51
engine_execution,service_restart_stable_handle,1,0,9,12100,0,0,54
engine_execution,service_restart_stable_handle,1,0,10,12100,0,0,57
engine_execution,service_restart_stable_handle,1,0,11,12100,0,0,60
engine_execution,service_restart_stable_handle,1,0,12,12100,0,0,63
engine_execution,service_restart_stable_handle,1,0,13,12000,0,0,66
engine_execution,service_restart_stable_handle,1,0,14,12500,0,0,69
engine_execution,service_restart_stable_handle,1,0,15,12100,0,0,72
engine_execution,service_restart_stable_handle,1,0,16,12100,0,0,75
engine_execution,service_restart_stable_handle,1,0,17,17100,0,0,78
engine_execution,service_restart_stable_handle,1,0,18,16200,0,0,81
engine_execution,service_restart_stable_handle,1,0,19,12400,0,0,84
engine_execution,service_restart_stable_handle,1,0,20,12100,0,0,87
engine_execution,service_restart_stable_handle,1,0,21,12300,0,0,90
engine_execution,service_restart_stable_handle,1,0,22,12200,0,0,93
engine_execution,service_restart_stable_handle,1,0,23,12100,0,0,96
engine_execution,service_restart_stable_handle,1,0,24,12100,0,0,99
engine_execution,service_restart_stable_handle,1,0,25,12100,0,0,102
engine_execution,service_restart_stable_handle,1,0,26,12200,0,0,105
engine_execution,service_restart_stable_handle,1,0,27,12100,0,0,108
engine_execution,service_restart_stable_handle,1,0,28,12000,0,0,111
engine_execution,service_restart_stable_handle,1,0,29,12000,0,0,114
engine_execution,service_restart_stable_handle,1,0,30,12200,0,0,117
engine_execution,service_restart_stable_handle,1,0,31,12100,0,0,120
engine_execution,service_restart_stable_handle,1,0,32,12100,0,0,123
engine_execution,service_restart_stable_handle,1,0,33,12100,0,0,126
engine_execution,service_restart_stable_handle,1,0,34,11900,0,0,129
engine_execution,service_restart_stable_handle,1,0,35,12100,0,0,132
engine_execution,service_restart_stable_handle,1,0,36,12100,0,0,135
engine_execution,service_restart_stable_handle,1,0,37,11900,0,0,138
engine_execution,service_restart_stable_handle,1,0,38,12200,0,0,141
engine_execution,service_restart_stable_handle,1,0,39,12000,0,0,144
engine_execution_alloc,service_restart_stable_handle,1,0,0,0,234,22052,147
engine_execution,service_restart_exhausted,1,0,0,9100,0,0,19
engine_execution,service_restart_exhausted,1,0,1,9100,0,0,21
engine_execution,service_restart_exhausted,1,0,2,9100,0,0,23
engine_execution,service_restart_exhausted,1,0,3,9100,0,0,25
engine_execution,service_restart_exhausted,1,0,4,9000,0,0,27
engine_execution,service_restart_exhausted,1,0,5,9000,0,0,29
engine_execution,service_restart_exhausted,1,0,6,9000,0,0,31
engine_execution,service_restart_exhausted,1,0,7,9000,0,0,33
engine_execution,service_restart_exhausted,1,0,8,8900,0,0,35
engine_execution,service_restart_exhausted,1,0,9,8900,0,0,37
engine_execution,service_restart_exhausted,1,0,10,9100,0,0,39
engine_execution,service_restart_exhausted,1,0,11,9100,0,0,41
engine_execution,service_restart_exhausted,1,0,12,9000,0,0,43
engine_execution,service_restart_exhausted,1,0,13,9000,0,0,45
engine_execution,service_restart_exhausted,1,0,14,9000,0,0,47
engine_execution,service_restart_exhausted,1,0,15,9100,0,0,49
engine_execution,service_restart_exhausted,1,0,16,9100,0,0,51
engine_execution,service_restart_exhausted,1,0,17,9000,0,0,53
engine_execution,service_restart_exhausted,1,0,18,8900,0,0,55
engine_execution,service_restart_exhausted,1,0,19,8900,0,0,57
engine_execution,service_restart_exhausted,1,0,20,9000,0,0,59
engine_execution,service_restart_exhausted,1,0,21,9000,0,0,61
engine_execution,service_restart_exhausted,1,0,22,9000,0,0,63
engine_execution,service_restart_exhausted,1,0,23,9100,0,0,65
engine_execution,service_restart_exhausted,1,0,24,9000,0,0,67
engine_execution,service_restart_exhausted,1,0,25,9100,0,0,69
engine_execution,service_restart_exhausted,1,0,26,9000,0,0,71
engine_execution,service_restart_exhausted,1,0,27,9100,0,0,73
engine_execution,service_restart_exhausted,1,0,28,9100,0,0,75
engine_execution,service_restart_exhausted,1,0,29,9400,0,0,77
engine_execution,service_restart_exhausted,1,0,30,8900,0,0,79
engine_execution,service_restart_exhausted,1,0,31,9000,0,0,81
engine_execution,service_restart_exhausted,1,0,32,9000,0,0,83
engine_execution,service_restart_exhausted,1,0,33,9000,0,0,85
engine_execution,service_restart_exhausted,1,0,34,8800,0,0,87
engine_execution,service_restart_exhausted,1,0,35,9000,0,0,89
engine_execution,service_restart_exhausted,1,0,36,9100,0,0,91
engine_execution,service_restart_exhausted,1,0,37,9100,0,0,93
engine_execution,service_restart_exhausted,1,0,38,9200,0,0,95
engine_execution,service_restart_exhausted,1,0,39,9100,0,0,97
engine_execution_alloc,service_restart_exhausted,1,0,0,0,182,17556,99
engine_execution,dynamic_live_instances_1,3,2,0,31100,0,0,0
engine_execution,dynamic_live_instances_1,3,2,1,35200,0,0,0
engine_execution,dynamic_live_instances_1,3,2,2,43700,0,0,0
engine_execution,dynamic_live_instances_1,3,2,3,36300,0,0,0
engine_execution,dynamic_live_instances_1,3,2,4,32200,0,0,0
engine_execution,dynamic_live_instances_1,3,2,5,33700,0,0,0
engine_execution,dynamic_live_instances_1,3,2,6,30800,0,0,0
engine_execution,dynamic_live_instances_1,3,2,7,30300,0,0,0
engine_execution,dynamic_live_instances_1,3,2,8,30700,0,0,0
engine_execution,dynamic_live_instances_1,3,2,9,31400,0,0,0
engine_execution,dynamic_live_instances_1,3,2,10,31300,0,0,0
engine_execution,dynamic_live_instances_1,3,2,11,30200,0,0,0
engine_execution,dynamic_live_instances_1,3,2,12,30900,0,0,0
engine_execution,dynamic_live_instances_1,3,2,13,30100,0,0,0
engine_execution,dynamic_live_instances_1,3,2,14,30500,0,0,0
engine_execution,dynamic_live_instances_1,3,2,15,31600,0,0,0
engine_execution,dynamic_live_instances_1,3,2,16,30500,0,0,0
engine_execution,dynamic_live_instances_1,3,2,17,30700,0,0,0
engine_execution,dynamic_live_instances_1,3,2,18,29900,0,0,0
engine_execution,dynamic_live_instances_1,3,2,19,29800,0,0,0
engine_execution,dynamic_live_instances_1,3,2,20,30300,0,0,0
engine_execution,dynamic_live_instances_1,3,2,21,30200,0,0,0
engine_execution,dynamic_live_instances_1,3,2,22,29800,0,0,0
engine_execution,dynamic_live_instances_1,3,2,23,29600,0,0,0
engine_execution,dynamic_live_instances_1,3,2,24,30700,0,0,0
engine_execution,dynamic_live_instances_1,3,2,25,30000,0,0,0
engine_execution,dynamic_live_instances_1,3,2,26,29600,0,0,0
engine_execution,dynamic_live_instances_1,3,2,27,30400,0,0,0
engine_execution,dynamic_live_instances_1,3,2,28,31400,0,0,0
engine_execution,dynamic_live_instances_1,3,2,29,30600,0,0,0
engine_execution,dynamic_live_instances_1,3,2,30,30100,0,0,0
engine_execution,dynamic_live_instances_1,3,2,31,29700,0,0,0
engine_execution,dynamic_live_instances_1,3,2,32,30000,0,0,0
engine_execution,dynamic_live_instances_1,3,2,33,30100,0,0,0
engine_execution,dynamic_live_instances_1,3,2,34,29600,0,0,0
engine_execution,dynamic_live_instances_1,3,2,35,29800,0,0,0
engine_execution,dynamic_live_instances_1,3,2,36,30100,0,0,0
engine_execution,dynamic_live_instances_1,3,2,37,29600,0,0,0
engine_execution,dynamic_live_instances_1,3,2,38,29400,0,0,0
engine_execution,dynamic_live_instances_1,3,2,39,29400,0,0,0
engine_execution_alloc,dynamic_live_instances_1,3,2,1,0,610,58061,0
engine_execution,dynamic_live_instances_10,3,2,0,224900,0,0,11
engine_execution,dynamic_live_instances_10,3,2,1,228000,0,0,11
engine_execution,dynamic_live_instances_10,3,2,2,227000,0,0,11
engine_execution,dynamic_live_instances_10,3,2,3,222600,0,0,11
engine_execution,dynamic_live_instances_10,3,2,4,220000,0,0,11
engine_execution,dynamic_live_instances_10,3,2,5,218700,0,0,11
engine_execution,dynamic_live_instances_10,3,2,6,221900,0,0,11
engine_execution,dynamic_live_instances_10,3,2,7,220200,0,0,11
engine_execution,dynamic_live_instances_10,3,2,8,223300,0,0,11
engine_execution,dynamic_live_instances_10,3,2,9,218900,0,0,11
engine_execution,dynamic_live_instances_10,3,2,10,225900,0,0,11
engine_execution,dynamic_live_instances_10,3,2,11,222400,0,0,11
engine_execution,dynamic_live_instances_10,3,2,12,218400,0,0,11
engine_execution,dynamic_live_instances_10,3,2,13,219900,0,0,11
engine_execution,dynamic_live_instances_10,3,2,14,218500,0,0,11
engine_execution,dynamic_live_instances_10,3,2,15,221400,0,0,11
engine_execution,dynamic_live_instances_10,3,2,16,222800,0,0,11
engine_execution,dynamic_live_instances_10,3,2,17,224100,0,0,11
engine_execution,dynamic_live_instances_10,3,2,18,221000,0,0,11
engine_execution,dynamic_live_instances_10,3,2,19,223400,0,0,11
engine_execution,dynamic_live_instances_10,3,2,20,220900,0,0,11
engine_execution,dynamic_live_instances_10,3,2,21,220900,0,0,11
engine_execution,dynamic_live_instances_10,3,2,22,217800,0,0,11
engine_execution,dynamic_live_instances_10,3,2,23,222700,0,0,11
engine_execution,dynamic_live_instances_10,3,2,24,222300,0,0,11
engine_execution,dynamic_live_instances_10,3,2,25,222000,0,0,11
engine_execution,dynamic_live_instances_10,3,2,26,219000,0,0,11
engine_execution,dynamic_live_instances_10,3,2,27,223000,0,0,11
engine_execution,dynamic_live_instances_10,3,2,28,220900,0,0,11
engine_execution,dynamic_live_instances_10,3,2,29,220000,0,0,11
engine_execution,dynamic_live_instances_10,3,2,30,244700,0,0,11
engine_execution,dynamic_live_instances_10,3,2,31,250300,0,0,11
engine_execution,dynamic_live_instances_10,3,2,32,224100,0,0,11
engine_execution,dynamic_live_instances_10,3,2,33,219100,0,0,11
engine_execution,dynamic_live_instances_10,3,2,34,219200,0,0,11
engine_execution,dynamic_live_instances_10,3,2,35,221700,0,0,11
engine_execution,dynamic_live_instances_10,3,2,36,223800,0,0,11
engine_execution,dynamic_live_instances_10,3,2,37,217800,0,0,11
engine_execution,dynamic_live_instances_10,3,2,38,224400,0,0,11
engine_execution,dynamic_live_instances_10,3,2,39,222600,0,0,11
engine_execution_alloc,dynamic_live_instances_10,3,2,10,0,4384,421871,11
engine_execution,dynamic_live_instances_100,3,2,0,4198800,0,0,101
engine_execution,dynamic_live_instances_100,3,2,1,4236100,0,0,101
engine_execution,dynamic_live_instances_100,3,2,2,4378500,0,0,101
engine_execution,dynamic_live_instances_100,3,2,3,4427500,0,0,101
engine_execution,dynamic_live_instances_100,3,2,4,4823400,0,0,101
engine_execution,dynamic_live_instances_100,3,2,5,4367700,0,0,101
engine_execution,dynamic_live_instances_100,3,2,6,4216200,0,0,101
engine_execution,dynamic_live_instances_100,3,2,7,4111200,0,0,101
engine_execution,dynamic_live_instances_100,3,2,8,4073400,0,0,101
engine_execution,dynamic_live_instances_100,3,2,9,3769900,0,0,101
engine_execution,dynamic_live_instances_100,3,2,10,4195200,0,0,101
engine_execution,dynamic_live_instances_100,3,2,11,4249400,0,0,101
engine_execution,dynamic_live_instances_100,3,2,12,4256700,0,0,101
engine_execution,dynamic_live_instances_100,3,2,13,3798200,0,0,101
engine_execution,dynamic_live_instances_100,3,2,14,4327200,0,0,101
engine_execution,dynamic_live_instances_100,3,2,15,4286900,0,0,101
engine_execution,dynamic_live_instances_100,3,2,16,4309400,0,0,101
engine_execution,dynamic_live_instances_100,3,2,17,4363800,0,0,101
engine_execution,dynamic_live_instances_100,3,2,18,4205000,0,0,101
engine_execution,dynamic_live_instances_100,3,2,19,3689500,0,0,101
engine_execution,dynamic_live_instances_100,3,2,20,3875600,0,0,101
engine_execution,dynamic_live_instances_100,3,2,21,4276800,0,0,101
engine_execution,dynamic_live_instances_100,3,2,22,4305400,0,0,101
engine_execution,dynamic_live_instances_100,3,2,23,3808600,0,0,101
engine_execution,dynamic_live_instances_100,3,2,24,4319600,0,0,101
engine_execution,dynamic_live_instances_100,3,2,25,3798100,0,0,101
engine_execution,dynamic_live_instances_100,3,2,26,4573700,0,0,101
engine_execution,dynamic_live_instances_100,3,2,27,4101600,0,0,101
engine_execution,dynamic_live_instances_100,3,2,28,4069800,0,0,101
engine_execution,dynamic_live_instances_100,3,2,29,3638700,0,0,101
engine_execution,dynamic_live_instances_100,3,2,30,3723800,0,0,101
engine_execution,dynamic_live_instances_100,3,2,31,3594800,0,0,101
engine_execution,dynamic_live_instances_100,3,2,32,3649200,0,0,101
engine_execution,dynamic_live_instances_100,3,2,33,3747800,0,0,101
engine_execution,dynamic_live_instances_100,3,2,34,4090300,0,0,101
engine_execution,dynamic_live_instances_100,3,2,35,3656800,0,0,101
engine_execution,dynamic_live_instances_100,3,2,36,3721600,0,0,101
engine_execution,dynamic_live_instances_100,3,2,37,4110900,0,0,101
engine_execution,dynamic_live_instances_100,3,2,38,4070800,0,0,101
engine_execution,dynamic_live_instances_100,3,2,39,3746100,0,0,101
engine_execution_alloc,dynamic_live_instances_100,3,2,100,0,68743,5486899,101
engine_execution,dynamic_sequential_churn_1,2,1,0,26000,0,0,9
engine_execution,dynamic_sequential_churn_1,2,1,1,25300,0,0,10
engine_execution,dynamic_sequential_churn_1,2,1,2,25500,0,0,11
engine_execution,dynamic_sequential_churn_1,2,1,3,25200,0,0,12
engine_execution,dynamic_sequential_churn_1,2,1,4,25100,0,0,13
engine_execution,dynamic_sequential_churn_1,2,1,5,24900,0,0,14
engine_execution,dynamic_sequential_churn_1,2,1,6,25100,0,0,15
engine_execution,dynamic_sequential_churn_1,2,1,7,25200,0,0,16
engine_execution,dynamic_sequential_churn_1,2,1,8,25700,0,0,17
engine_execution,dynamic_sequential_churn_1,2,1,9,25500,0,0,18
engine_execution,dynamic_sequential_churn_1,2,1,10,25200,0,0,19
engine_execution,dynamic_sequential_churn_1,2,1,11,25100,0,0,20
engine_execution,dynamic_sequential_churn_1,2,1,12,25500,0,0,21
engine_execution,dynamic_sequential_churn_1,2,1,13,24900,0,0,22
engine_execution,dynamic_sequential_churn_1,2,1,14,25300,0,0,23
engine_execution,dynamic_sequential_churn_1,2,1,15,25400,0,0,24
engine_execution,dynamic_sequential_churn_1,2,1,16,25000,0,0,25
engine_execution,dynamic_sequential_churn_1,2,1,17,25500,0,0,26
engine_execution,dynamic_sequential_churn_1,2,1,18,25100,0,0,27
engine_execution,dynamic_sequential_churn_1,2,1,19,24800,0,0,28
engine_execution,dynamic_sequential_churn_1,2,1,20,24900,0,0,29
engine_execution,dynamic_sequential_churn_1,2,1,21,24700,0,0,30
engine_execution,dynamic_sequential_churn_1,2,1,22,24800,0,0,31
engine_execution,dynamic_sequential_churn_1,2,1,23,24500,0,0,32
engine_execution,dynamic_sequential_churn_1,2,1,24,24400,0,0,33
engine_execution,dynamic_sequential_churn_1,2,1,25,24600,0,0,34
engine_execution,dynamic_sequential_churn_1,2,1,26,24800,0,0,35
engine_execution,dynamic_sequential_churn_1,2,1,27,25100,0,0,36
engine_execution,dynamic_sequential_churn_1,2,1,28,24800,0,0,37
engine_execution,dynamic_sequential_churn_1,2,1,29,24700,0,0,38
engine_execution,dynamic_sequential_churn_1,2,1,30,24900,0,0,39
engine_execution,dynamic_sequential_churn_1,2,1,31,24800,0,0,40
engine_execution,dynamic_sequential_churn_1,2,1,32,24800,0,0,41
engine_execution,dynamic_sequential_churn_1,2,1,33,24700,0,0,42
engine_execution,dynamic_sequential_churn_1,2,1,34,24600,0,0,43
engine_execution,dynamic_sequential_churn_1,2,1,35,25200,0,0,44
engine_execution,dynamic_sequential_churn_1,2,1,36,25200,0,0,45
engine_execution,dynamic_sequential_churn_1,2,1,37,25100,0,0,46
engine_execution,dynamic_sequential_churn_1,2,1,38,25000,0,0,47
engine_execution,dynamic_sequential_churn_1,2,1,39,24800,0,0,48
engine_execution_alloc,dynamic_sequential_churn_1,2,1,1,0,532,47603,49
engine_execution,dynamic_sequential_churn_10,2,1,0,170400,0,0,90
engine_execution,dynamic_sequential_churn_10,2,1,1,170200,0,0,100
engine_execution,dynamic_sequential_churn_10,2,1,2,173000,0,0,110
engine_execution,dynamic_sequential_churn_10,2,1,3,170500,0,0,120
engine_execution,dynamic_sequential_churn_10,2,1,4,175800,0,0,130
engine_execution,dynamic_sequential_churn_10,2,1,5,170600,0,0,140
engine_execution,dynamic_sequential_churn_10,2,1,6,168700,0,0,150
engine_execution,dynamic_sequential_churn_10,2,1,7,167900,0,0,160
engine_execution,dynamic_sequential_churn_10,2,1,8,172200,0,0,170
engine_execution,dynamic_sequential_churn_10,2,1,9,169700,0,0,180
engine_execution,dynamic_sequential_churn_10,2,1,10,173300,0,0,190
engine_execution,dynamic_sequential_churn_10,2,1,11,171700,0,0,200
engine_execution,dynamic_sequential_churn_10,2,1,12,170500,0,0,210
engine_execution,dynamic_sequential_churn_10,2,1,13,168400,0,0,220
engine_execution,dynamic_sequential_churn_10,2,1,14,173100,0,0,230
engine_execution,dynamic_sequential_churn_10,2,1,15,170500,0,0,240
engine_execution,dynamic_sequential_churn_10,2,1,16,177600,0,0,250
engine_execution,dynamic_sequential_churn_10,2,1,17,168700,0,0,260
engine_execution,dynamic_sequential_churn_10,2,1,18,170000,0,0,270
engine_execution,dynamic_sequential_churn_10,2,1,19,169600,0,0,280
engine_execution,dynamic_sequential_churn_10,2,1,20,169400,0,0,290
engine_execution,dynamic_sequential_churn_10,2,1,21,168500,0,0,300
engine_execution,dynamic_sequential_churn_10,2,1,22,176300,0,0,310
engine_execution,dynamic_sequential_churn_10,2,1,23,169500,0,0,320
engine_execution,dynamic_sequential_churn_10,2,1,24,170000,0,0,330
engine_execution,dynamic_sequential_churn_10,2,1,25,167500,0,0,340
engine_execution,dynamic_sequential_churn_10,2,1,26,169600,0,0,350
engine_execution,dynamic_sequential_churn_10,2,1,27,172300,0,0,360
engine_execution,dynamic_sequential_churn_10,2,1,28,175100,0,0,370
engine_execution,dynamic_sequential_churn_10,2,1,29,169600,0,0,380
engine_execution,dynamic_sequential_churn_10,2,1,30,169800,0,0,390
engine_execution,dynamic_sequential_churn_10,2,1,31,171000,0,0,400
engine_execution,dynamic_sequential_churn_10,2,1,32,169000,0,0,410
engine_execution,dynamic_sequential_churn_10,2,1,33,168500,0,0,420
engine_execution,dynamic_sequential_churn_10,2,1,34,169400,0,0,430
engine_execution,dynamic_sequential_churn_10,2,1,35,168300,0,0,440
engine_execution,dynamic_sequential_churn_10,2,1,36,168500,0,0,450
engine_execution,dynamic_sequential_churn_10,2,1,37,168500,0,0,460
engine_execution,dynamic_sequential_churn_10,2,1,38,169800,0,0,470
engine_execution,dynamic_sequential_churn_10,2,1,39,165600,0,0,480
engine_execution_alloc,dynamic_sequential_churn_10,2,1,10,0,3398,312367,490
engine_execution,dynamic_sequential_churn_100,2,1,0,1893600,0,0,900
engine_execution,dynamic_sequential_churn_100,2,1,1,1931800,0,0,1000
engine_execution,dynamic_sequential_churn_100,2,1,2,2163700,0,0,1100
engine_execution,dynamic_sequential_churn_100,2,1,3,1913300,0,0,1200
engine_execution,dynamic_sequential_churn_100,2,1,4,1849400,0,0,1300
engine_execution,dynamic_sequential_churn_100,2,1,5,2329800,0,0,1400
engine_execution,dynamic_sequential_churn_100,2,1,6,2272700,0,0,1500
engine_execution,dynamic_sequential_churn_100,2,1,7,2204800,0,0,1600
engine_execution,dynamic_sequential_churn_100,2,1,8,1904100,0,0,1700
engine_execution,dynamic_sequential_churn_100,2,1,9,1961100,0,0,1800
engine_execution,dynamic_sequential_churn_100,2,1,10,2342300,0,0,1900
engine_execution,dynamic_sequential_churn_100,2,1,11,2447000,0,0,2000
engine_execution,dynamic_sequential_churn_100,2,1,12,2055400,0,0,2100
engine_execution,dynamic_sequential_churn_100,2,1,13,2013000,0,0,2200
engine_execution,dynamic_sequential_churn_100,2,1,14,2539300,0,0,2300
engine_execution,dynamic_sequential_churn_100,2,1,15,1909000,0,0,2400
engine_execution,dynamic_sequential_churn_100,2,1,16,1871500,0,0,2500
engine_execution,dynamic_sequential_churn_100,2,1,17,1964800,0,0,2600
engine_execution,dynamic_sequential_churn_100,2,1,18,2186700,0,0,2700
engine_execution,dynamic_sequential_churn_100,2,1,19,2197100,0,0,2800
engine_execution,dynamic_sequential_churn_100,2,1,20,1930000,0,0,2900
engine_execution,dynamic_sequential_churn_100,2,1,21,1945400,0,0,3000
engine_execution,dynamic_sequential_churn_100,2,1,22,2236800,0,0,3100
engine_execution,dynamic_sequential_churn_100,2,1,23,2189000,0,0,3200
engine_execution,dynamic_sequential_churn_100,2,1,24,1949700,0,0,3300
engine_execution,dynamic_sequential_churn_100,2,1,25,1941700,0,0,3400
engine_execution,dynamic_sequential_churn_100,2,1,26,2247200,0,0,3500
engine_execution,dynamic_sequential_churn_100,2,1,27,2203600,0,0,3600
engine_execution,dynamic_sequential_churn_100,2,1,28,1941700,0,0,3700
engine_execution,dynamic_sequential_churn_100,2,1,29,1893600,0,0,3800
engine_execution,dynamic_sequential_churn_100,2,1,30,1974500,0,0,3900
engine_execution,dynamic_sequential_churn_100,2,1,31,2184600,0,0,4000
engine_execution,dynamic_sequential_churn_100,2,1,32,1872900,0,0,4100
engine_execution,dynamic_sequential_churn_100,2,1,33,1871500,0,0,4200
engine_execution,dynamic_sequential_churn_100,2,1,34,1953800,0,0,4300
engine_execution,dynamic_sequential_churn_100,2,1,35,2126600,0,0,4400
engine_execution,dynamic_sequential_churn_100,2,1,36,1889000,0,0,4500
engine_execution,dynamic_sequential_churn_100,2,1,37,1895700,0,0,4600
engine_execution,dynamic_sequential_churn_100,2,1,38,1915400,0,0,4700
engine_execution,dynamic_sequential_churn_100,2,1,39,2232200,0,0,4800
engine_execution_alloc,dynamic_sequential_churn_100,2,1,100,0,31800,3397895,4900
engine_execution,effect_unknown_recovery_resolved,1,0,0,8300,0,0,9
engine_execution,effect_unknown_recovery_resolved,1,0,1,8200,0,0,10
engine_execution,effect_unknown_recovery_resolved,1,0,2,8300,0,0,11
engine_execution,effect_unknown_recovery_resolved,1,0,3,8100,0,0,12
engine_execution,effect_unknown_recovery_resolved,1,0,4,8200,0,0,13
engine_execution,effect_unknown_recovery_resolved,1,0,5,8600,0,0,14
engine_execution,effect_unknown_recovery_resolved,1,0,6,8400,0,0,15
engine_execution,effect_unknown_recovery_resolved,1,0,7,8400,0,0,16
engine_execution,effect_unknown_recovery_resolved,1,0,8,7900,0,0,17
engine_execution,effect_unknown_recovery_resolved,1,0,9,7700,0,0,18
engine_execution,effect_unknown_recovery_resolved,1,0,10,7600,0,0,19
engine_execution,effect_unknown_recovery_resolved,1,0,11,7700,0,0,20
engine_execution,effect_unknown_recovery_resolved,1,0,12,7600,0,0,21
engine_execution,effect_unknown_recovery_resolved,1,0,13,7600,0,0,22
engine_execution,effect_unknown_recovery_resolved,1,0,14,7700,0,0,23
engine_execution,effect_unknown_recovery_resolved,1,0,15,7500,0,0,24
engine_execution,effect_unknown_recovery_resolved,1,0,16,7600,0,0,25
engine_execution,effect_unknown_recovery_resolved,1,0,17,7700,0,0,26
engine_execution,effect_unknown_recovery_resolved,1,0,18,7500,0,0,27
engine_execution,effect_unknown_recovery_resolved,1,0,19,7500,0,0,28
engine_execution,effect_unknown_recovery_resolved,1,0,20,7600,0,0,29
engine_execution,effect_unknown_recovery_resolved,1,0,21,7500,0,0,30
engine_execution,effect_unknown_recovery_resolved,1,0,22,7600,0,0,31
engine_execution,effect_unknown_recovery_resolved,1,0,23,7600,0,0,32
engine_execution,effect_unknown_recovery_resolved,1,0,24,7700,0,0,33
engine_execution,effect_unknown_recovery_resolved,1,0,25,7900,0,0,34
engine_execution,effect_unknown_recovery_resolved,1,0,26,7600,0,0,35
engine_execution,effect_unknown_recovery_resolved,1,0,27,7600,0,0,36
engine_execution,effect_unknown_recovery_resolved,1,0,28,8000,0,0,37
engine_execution,effect_unknown_recovery_resolved,1,0,29,7600,0,0,38
engine_execution,effect_unknown_recovery_resolved,1,0,30,7800,0,0,39
engine_execution,effect_unknown_recovery_resolved,1,0,31,8400,0,0,40
engine_execution,effect_unknown_recovery_resolved,1,0,32,9400,0,0,41
engine_execution,effect_unknown_recovery_resolved,1,0,33,8300,0,0,42
engine_execution,effect_unknown_recovery_resolved,1,0,34,7900,0,0,43
engine_execution,effect_unknown_recovery_resolved,1,0,35,7800,0,0,44
engine_execution,effect_unknown_recovery_resolved,1,0,36,7800,0,0,45
engine_execution,effect_unknown_recovery_resolved,1,0,37,7700,0,0,46
engine_execution,effect_unknown_recovery_resolved,1,0,38,7700,0,0,47
engine_execution,effect_unknown_recovery_resolved,1,0,39,7700,0,0,48
engine_execution_alloc,effect_unknown_recovery_resolved,1,0,0,0,144,14963,49
engine_execution,effect_unknown_recovery_failed,1,0,0,8000,0,0,11
engine_execution,effect_unknown_recovery_failed,1,0,1,8000,0,0,12
engine_execution,effect_unknown_recovery_failed,1,0,2,7800,0,0,13
engine_execution,effect_unknown_recovery_failed,1,0,3,7900,0,0,14
engine_execution,effect_unknown_recovery_failed,1,0,4,7800,0,0,15
engine_execution,effect_unknown_recovery_failed,1,0,5,7900,0,0,16
engine_execution,effect_unknown_recovery_failed,1,0,6,7900,0,0,17
engine_execution,effect_unknown_recovery_failed,1,0,7,7800,0,0,18
engine_execution,effect_unknown_recovery_failed,1,0,8,7900,0,0,19
engine_execution,effect_unknown_recovery_failed,1,0,9,7800,0,0,20
engine_execution,effect_unknown_recovery_failed,1,0,10,7900,0,0,21
engine_execution,effect_unknown_recovery_failed,1,0,11,7800,0,0,22
engine_execution,effect_unknown_recovery_failed,1,0,12,7900,0,0,23
engine_execution,effect_unknown_recovery_failed,1,0,13,7900,0,0,24
engine_execution,effect_unknown_recovery_failed,1,0,14,8000,0,0,25
engine_execution,effect_unknown_recovery_failed,1,0,15,7800,0,0,26
engine_execution,effect_unknown_recovery_failed,1,0,16,8000,0,0,27
engine_execution,effect_unknown_recovery_failed,1,0,17,7900,0,0,28
engine_execution,effect_unknown_recovery_failed,1,0,18,7900,0,0,29
engine_execution,effect_unknown_recovery_failed,1,0,19,7800,0,0,30
engine_execution,effect_unknown_recovery_failed,1,0,20,8000,0,0,31
engine_execution,effect_unknown_recovery_failed,1,0,21,7900,0,0,32
engine_execution,effect_unknown_recovery_failed,1,0,22,7900,0,0,33
engine_execution,effect_unknown_recovery_failed,1,0,23,7900,0,0,34
engine_execution,effect_unknown_recovery_failed,1,0,24,7900,0,0,35
engine_execution,effect_unknown_recovery_failed,1,0,25,7700,0,0,36
engine_execution,effect_unknown_recovery_failed,1,0,26,7600,0,0,37
engine_execution,effect_unknown_recovery_failed,1,0,27,7700,0,0,38
engine_execution,effect_unknown_recovery_failed,1,0,28,7700,0,0,39
engine_execution,effect_unknown_recovery_failed,1,0,29,7800,0,0,40
engine_execution,effect_unknown_recovery_failed,1,0,30,7800,0,0,41
engine_execution,effect_unknown_recovery_failed,1,0,31,7600,0,0,42
engine_execution,effect_unknown_recovery_failed,1,0,32,7700,0,0,43
engine_execution,effect_unknown_recovery_failed,1,0,33,7800,0,0,44
engine_execution,effect_unknown_recovery_failed,1,0,34,7800,0,0,45
engine_execution,effect_unknown_recovery_failed,1,0,35,7800,0,0,46
engine_execution,effect_unknown_recovery_failed,1,0,36,7800,0,0,47
engine_execution,effect_unknown_recovery_failed,1,0,37,7800,0,0,48
engine_execution,effect_unknown_recovery_failed,1,0,38,7800,0,0,49
engine_execution,effect_unknown_recovery_failed,1,0,39,7800,0,0,50
engine_execution_alloc,effect_unknown_recovery_failed,1,0,0,0,151,15667,51
engine_execution,trace_default,100,99,0,306500,0,0,1
engine_execution,trace_default,100,99,1,304700,0,0,0
engine_execution,trace_default,100,99,2,306100,0,0,3
engine_execution,trace_default,100,99,3,306000,0,0,2
engine_execution,trace_default,100,99,4,306000,0,0,5
engine_execution,trace_default,100,99,5,311200,0,0,4
engine_execution,trace_default,100,99,6,305600,0,0,7
engine_execution,trace_default,100,99,7,305100,0,0,6
engine_execution,trace_default,100,99,8,304200,0,0,9
engine_execution,trace_default,100,99,9,307300,0,0,8
engine_execution,trace_default,100,99,10,305800,0,0,11
engine_execution,trace_default,100,99,11,307800,0,0,10
engine_execution,trace_default,100,99,12,306600,0,0,13
engine_execution,trace_default,100,99,13,305900,0,0,12
engine_execution,trace_default,100,99,14,304100,0,0,15
engine_execution,trace_default,100,99,15,305000,0,0,14
engine_execution,trace_default,100,99,16,306800,0,0,17
engine_execution,trace_default,100,99,17,308500,0,0,16
engine_execution,trace_default,100,99,18,303900,0,0,19
engine_execution,trace_default,100,99,19,305900,0,0,18
engine_execution,trace_default,100,99,20,305100,0,0,21
engine_execution,trace_default,100,99,21,303500,0,0,20
engine_execution,trace_default,100,99,22,306000,0,0,23
engine_execution,trace_default,100,99,23,304000,0,0,22
engine_execution,trace_default,100,99,24,307200,0,0,25
engine_execution,trace_default,100,99,25,304200,0,0,24
engine_execution,trace_default,100,99,26,305700,0,0,27
engine_execution,trace_default,100,99,27,301800,0,0,26
engine_execution,trace_default,100,99,28,306000,0,0,29
engine_execution,trace_default,100,99,29,305000,0,0,28
engine_execution,trace_default,100,99,30,308700,0,0,31
engine_execution,trace_default,100,99,31,302900,0,0,30
engine_execution,trace_default,100,99,32,303200,0,0,33
engine_execution,trace_default,100,99,33,305000,0,0,32
engine_execution,trace_default,100,99,34,305600,0,0,35
engine_execution,trace_default,100,99,35,304700,0,0,34
engine_execution,trace_default,100,99,36,306500,0,0,37
engine_execution,trace_default,100,99,37,304300,0,0,36
engine_execution,trace_default,100,99,38,303100,0,0,39
engine_execution,trace_default,100,99,39,303300,0,0,38
engine_execution_alloc,trace_default,100,99,0,0,5259,513144,23131
engine_execution,trace_observer,100,99,0,305200,0,0,1
engine_execution,trace_observer,100,99,1,306300,0,0,0
engine_execution,trace_observer,100,99,2,307500,0,0,3
engine_execution,trace_observer,100,99,3,305500,0,0,2
engine_execution,trace_observer,100,99,4,307100,0,0,5
engine_execution,trace_observer,100,99,5,307200,0,0,4
engine_execution,trace_observer,100,99,6,305100,0,0,7
engine_execution,trace_observer,100,99,7,306000,0,0,6
engine_execution,trace_observer,100,99,8,306700,0,0,9
engine_execution,trace_observer,100,99,9,309300,0,0,8
engine_execution,trace_observer,100,99,10,309500,0,0,11
engine_execution,trace_observer,100,99,11,305600,0,0,10
engine_execution,trace_observer,100,99,12,308500,0,0,13
engine_execution,trace_observer,100,99,13,303300,0,0,12
engine_execution,trace_observer,100,99,14,304700,0,0,15
engine_execution,trace_observer,100,99,15,306400,0,0,14
engine_execution,trace_observer,100,99,16,307500,0,0,17
engine_execution,trace_observer,100,99,17,306600,0,0,16
engine_execution,trace_observer,100,99,18,304900,0,0,19
engine_execution,trace_observer,100,99,19,305400,0,0,18
engine_execution,trace_observer,100,99,20,303200,0,0,21
engine_execution,trace_observer,100,99,21,304900,0,0,20
engine_execution,trace_observer,100,99,22,305800,0,0,23
engine_execution,trace_observer,100,99,23,309000,0,0,22
engine_execution,trace_observer,100,99,24,303100,0,0,25
engine_execution,trace_observer,100,99,25,342400,0,0,24
engine_execution,trace_observer,100,99,26,311000,0,0,27
engine_execution,trace_observer,100,99,27,308400,0,0,26
engine_execution,trace_observer,100,99,28,307600,0,0,29
engine_execution,trace_observer,100,99,29,305200,0,0,28
engine_execution,trace_observer,100,99,30,308100,0,0,31
engine_execution,trace_observer,100,99,31,302800,0,0,30
engine_execution,trace_observer,100,99,32,301800,0,0,33
engine_execution,trace_observer,100,99,33,305800,0,0,32
engine_execution,trace_observer,100,99,34,303700,0,0,35
engine_execution,trace_observer,100,99,35,305300,0,0,34
engine_execution,trace_observer,100,99,36,305500,0,0,37
engine_execution,trace_observer,100,99,37,304900,0,0,36
engine_execution,trace_observer,100,99,38,303700,0,0,39
engine_execution,trace_observer,100,99,39,304700,0,0,38
engine_execution_alloc,trace_observer,100,99,0,0,5259,513144,23131
representative_application,application_hash_sdax,10,9,0,27000,0,0,8827501768403342007
representative_application,application_hash_sdax,10,9,1,27000,0,0,8951258580674472749
representative_application,application_hash_sdax,10,9,2,27200,0,0,18157584738022301124
representative_application,application_hash_sdax,10,9,3,27200,0,0,16093298964628915617
representative_application,application_hash_sdax,10,9,4,27000,0,0,4338024545885762412
representative_application,application_hash_sdax,10,9,5,29900,0,0,4989613096480112062
representative_application,application_hash_sdax,10,9,6,27500,0,0,14756605482753659039
representative_application,application_hash_sdax,10,9,7,27300,0,0,48615153832195890
representative_application,application_hash_sdax,10,9,8,27300,0,0,12897547982939568865
representative_application,application_hash_sdax,10,9,9,27000,0,0,6455468052857312123
representative_application,application_hash_sdax,10,9,10,27200,0,0,7461994257773924098
representative_application,application_hash_sdax,10,9,11,27300,0,0,3636896381673253623
representative_application,application_hash_sdax,10,9,12,27300,0,0,6793413810667899076
representative_application,application_hash_sdax,10,9,13,28000,0,0,12277190981714708308
representative_application,application_hash_sdax,10,9,14,27700,0,0,9683030269895486545
representative_application,application_hash_sdax,10,9,15,27400,0,0,9383150768291419922
representative_application,application_hash_sdax,10,9,16,27500,0,0,11312423361794011584
representative_application,application_hash_sdax,10,9,17,27300,0,0,18128183083347417488
representative_application,application_hash_sdax,10,9,18,27100,0,0,12087555839788357172
representative_application,application_hash_sdax,10,9,19,27900,0,0,13041129334982073488
representative_application,application_hash_sdax,10,9,20,27900,0,0,8384464984104957687
representative_application,application_hash_sdax,10,9,21,27300,0,0,10868783110269989825
representative_application,application_hash_sdax,10,9,22,27300,0,0,15668235844036064711
representative_application,application_hash_sdax,10,9,23,27000,0,0,4013874171971043560
representative_application,application_hash_sdax,10,9,24,27200,0,0,4203571749175062306
representative_application,application_hash_sdax,10,9,25,27200,0,0,10926854856726577928
representative_application,application_hash_sdax,10,9,26,27000,0,0,16212662351989052772
representative_application,application_hash_sdax,10,9,27,27300,0,0,11560519827294593319
representative_application,application_hash_sdax,10,9,28,27400,0,0,7617103062409141563
representative_application,application_hash_sdax,10,9,29,27100,0,0,15838086077383948403
representative_application,application_hash_sdax,10,9,30,27300,0,0,8116776606867456652
representative_application,application_hash_sdax,10,9,31,27100,0,0,11359474695907197805
representative_application,application_hash_sdax,10,9,32,27600,0,0,9168736860549268637
representative_application,application_hash_sdax,10,9,33,27700,0,0,16764612828771598240
representative_application,application_hash_sdax,10,9,34,27400,0,0,14255204493723425259
representative_application,application_hash_sdax,10,9,35,27600,0,0,3518369773145393400
representative_application,application_hash_sdax,10,9,36,27800,0,0,8965317550446050729
representative_application,application_hash_sdax,10,9,37,27300,0,0,16665962306655849748
representative_application,application_hash_sdax,10,9,38,27400,0,0,13342058531664200426
representative_application,application_hash_sdax,10,9,39,27100,0,0,18112928529687244317
representative_application_alloc,application_hash_sdax,10,9,0,0,572,45205,17601881740522758837
representative_application,application_hash_handwritten,10,9,0,600,0,0,8827501768403342006
representative_application,application_hash_handwritten,10,9,1,600,0,0,8951258580674472748
representative_application,application_hash_handwritten,10,9,2,600,0,0,18157584738022301125
representative_application,application_hash_handwritten,10,9,3,600,0,0,16093298964628915616
representative_application,application_hash_handwritten,10,9,4,600,0,0,4338024545885762413
representative_application,application_hash_handwritten,10,9,5,600,0,0,4989613096480112063
representative_application,application_hash_handwritten,10,9,6,600,0,0,14756605482753659038
representative_application,application_hash_handwritten,10,9,7,600,0,0,48615153832195891
representative_application,application_hash_handwritten,10,9,8,600,0,0,12897547982939568864
representative_application,application_hash_handwritten,10,9,9,500,0,0,6455468052857312122
representative_application,application_hash_handwritten,10,9,10,500,0,0,7461994257773924099
representative_application,application_hash_handwritten,10,9,11,500,0,0,3636896381673253622
representative_application,application_hash_handwritten,10,9,12,600,0,0,6793413810667899077
representative_application,application_hash_handwritten,10,9,13,500,0,0,12277190981714708309
representative_application,application_hash_handwritten,10,9,14,500,0,0,9683030269895486544
representative_application,application_hash_handwritten,10,9,15,500,0,0,9383150768291419923
representative_application,application_hash_handwritten,10,9,16,500,0,0,11312423361794011585
representative_application,application_hash_handwritten,10,9,17,500,0,0,18128183083347417489
representative_application,application_hash_handwritten,10,9,18,600,0,0,12087555839788357173
representative_application,application_hash_handwritten,10,9,19,600,0,0,13041129334982073489
representative_application,application_hash_handwritten,10,9,20,600,0,0,8384464984104957686
representative_application,application_hash_handwritten,10,9,21,600,0,0,10868783110269989824
representative_application,application_hash_handwritten,10,9,22,600,0,0,15668235844036064710
representative_application,application_hash_handwritten,10,9,23,500,0,0,4013874171971043561
representative_application,application_hash_handwritten,10,9,24,600,0,0,4203571749175062307
representative_application,application_hash_handwritten,10,9,25,600,0,0,10926854856726577929
representative_application,application_hash_handwritten,10,9,26,600,0,0,16212662351989052773
representative_application,application_hash_handwritten,10,9,27,600,0,0,11560519827294593318
representative_application,application_hash_handwritten,10,9,28,600,0,0,7617103062409141562
representative_application,application_hash_handwritten,10,9,29,600,0,0,15838086077383948402
representative_application,application_hash_handwritten,10,9,30,600,0,0,8116776606867456653
representative_application,application_hash_handwritten,10,9,31,600,0,0,11359474695907197804
representative_application,application_hash_handwritten,10,9,32,600,0,0,9168736860549268636
representative_application,application_hash_handwritten,10,9,33,600,0,0,16764612828771598241
representative_application,application_hash_handwritten,10,9,34,600,0,0,14255204493723425258
representative_application,application_hash_handwritten,10,9,35,600,0,0,3518369773145393401
representative_application,application_hash_handwritten,10,9,36,600,0,0,8965317550446050728
representative_application,application_hash_handwritten,10,9,37,600,0,0,16665962306655849749
representative_application,application_hash_handwritten,10,9,38,600,0,0,13342058531664200427
representative_application,application_hash_handwritten,10,9,39,500,0,0,18112928529687244316
representative_application,application_hash_sdax,100,99,0,311300,0,0,11698499080773063169
representative_application,application_hash_sdax,100,99,1,305300,0,0,1167273700599470746
representative_application,application_hash_sdax,100,99,2,305000,0,0,230717062559681466
representative_application,application_hash_sdax,100,99,3,307500,0,0,13461277124864170951
representative_application,application_hash_sdax,100,99,4,306500,0,0,1843089491647656604
representative_application,application_hash_sdax,100,99,5,306500,0,0,1884400405866327554
representative_application,application_hash_sdax,100,99,6,311800,0,0,15657071968087079792
representative_application,application_hash_sdax,100,99,7,307700,0,0,8136226820520416651
representative_application,application_hash_sdax,100,99,8,306300,0,0,9211086410723557827
representative_application,application_hash_sdax,100,99,9,307800,0,0,3206438314367023030
representative_application,application_hash_sdax,100,99,10,314500,0,0,5368241661201366769
representative_application,application_hash_sdax,100,99,11,306900,0,0,6168939717596367288
representative_application,application_hash_sdax,100,99,12,307800,0,0,14206662131410471245
representative_application,application_hash_sdax,100,99,13,312200,0,0,13119166869922341979
representative_application,application_hash_sdax,100,99,14,305800,0,0,13832537443924736586
representative_application,application_hash_sdax,100,99,15,306800,0,0,10215951684877506974
representative_application,application_hash_sdax,100,99,16,305200,0,0,5034229283543529572
representative_application,application_hash_sdax,100,99,17,304200,0,0,14677823012927430832
representative_application,application_hash_sdax,100,99,18,303200,0,0,13894612964717701903
representative_application,application_hash_sdax,100,99,19,309500,0,0,15583721593309401490
representative_application,application_hash_sdax,100,99,20,312900,0,0,6418842662590208827
representative_application,application_hash_sdax,100,99,21,311900,0,0,13631435880641776915
representative_application,application_hash_sdax,100,99,22,314200,0,0,17183653852698357092
representative_application,application_hash_sdax,100,99,23,315300,0,0,9274972455216937604
representative_application,application_hash_sdax,100,99,24,316800,0,0,9355792106790873694
representative_application,application_hash_sdax,100,99,25,311800,0,0,6870977820890846112
representative_application,application_hash_sdax,100,99,26,305200,0,0,7356228651156183227
representative_application,application_hash_sdax,100,99,27,307400,0,0,6496560239278517594
representative_application,application_hash_sdax,100,99,28,303000,0,0,1600470374967907333
representative_application,application_hash_sdax,100,99,29,303400,0,0,7749396622089507156
representative_application,application_hash_sdax,100,99,30,304600,0,0,5914597544721144955
representative_application,application_hash_sdax,100,99,31,310400,0,0,8593148281290798141
representative_application,application_hash_sdax,100,99,32,304700,0,0,17312262507819578044
representative_application,application_hash_sdax,100,99,33,308500,0,0,8449402800832754809
representative_application,application_hash_sdax,100,99,34,310800,0,0,3614604414420252231
representative_application,application_hash_sdax,100,99,35,306100,0,0,2366660716473973819
representative_application,application_hash_sdax,100,99,36,307900,0,0,8524431054321544385
representative_application,application_hash_sdax,100,99,37,307400,0,0,11652126080490940143
representative_application,application_hash_sdax,100,99,38,306600,0,0,7153169922785203679
representative_application,application_hash_sdax,100,99,39,305600,0,0,6082470906507506695
representative_application_alloc,application_hash_sdax,100,99,0,0,5259,516301,4889995614244325387
representative_application,application_hash_handwritten,100,99,0,6100,0,0,11698499080773063168
representative_application,application_hash_handwritten,100,99,1,6200,0,0,1167273700599470747
representative_application,application_hash_handwritten,100,99,2,6100,0,0,230717062559681467
representative_application,application_hash_handwritten,100,99,3,6100,0,0,13461277124864170950
representative_application,application_hash_handwritten,100,99,4,6100,0,0,1843089491647656605
representative_application,application_hash_handwritten,100,99,5,6100,0,0,1884400405866327555
representative_application,application_hash_handwritten,100,99,6,6100,0,0,15657071968087079793
representative_application,application_hash_handwritten,100,99,7,6200,0,0,8136226820520416650
representative_application,application_hash_handwritten,100,99,8,6200,0,0,9211086410723557826
representative_application,application_hash_handwritten,100,99,9,6200,0,0,3206438314367023031
representative_application,application_hash_handwritten,100,99,10,6200,0,0,5368241661201366768
representative_application,application_hash_handwritten,100,99,11,6200,0,0,6168939717596367289
representative_application,application_hash_handwritten,100,99,12,6200,0,0,14206662131410471244
representative_application,application_hash_handwritten,100,99,13,6200,0,0,13119166869922341978
representative_application,application_hash_handwritten,100,99,14,6200,0,0,13832537443924736587
representative_application,application_hash_handwritten,100,99,15,6200,0,0,10215951684877506975
representative_application,application_hash_handwritten,100,99,16,6100,0,0,5034229283543529573
representative_application,application_hash_handwritten,100,99,17,6100,0,0,14677823012927430833
representative_application,application_hash_handwritten,100,99,18,6100,0,0,13894612964717701902
representative_application,application_hash_handwritten,100,99,19,6100,0,0,15583721593309401491
representative_application,application_hash_handwritten,100,99,20,6100,0,0,6418842662590208826
representative_application,application_hash_handwritten,100,99,21,6100,0,0,13631435880641776914
representative_application,application_hash_handwritten,100,99,22,6200,0,0,17183653852698357093
representative_application,application_hash_handwritten,100,99,23,6200,0,0,9274972455216937605
representative_application,application_hash_handwritten,100,99,24,6200,0,0,9355792106790873695
representative_application,application_hash_handwritten,100,99,25,6200,0,0,6870977820890846113
representative_application,application_hash_handwritten,100,99,26,6200,0,0,7356228651156183226
representative_application,application_hash_handwritten,100,99,27,6200,0,0,6496560239278517595
representative_application,application_hash_handwritten,100,99,28,6200,0,0,1600470374967907332
representative_application,application_hash_handwritten,100,99,29,6200,0,0,7749396622089507157
representative_application,application_hash_handwritten,100,99,30,6200,0,0,5914597544721144954
representative_application,application_hash_handwritten,100,99,31,6100,0,0,8593148281290798140
representative_application,application_hash_handwritten,100,99,32,6100,0,0,17312262507819578045
representative_application,application_hash_handwritten,100,99,33,6100,0,0,8449402800832754808
representative_application,application_hash_handwritten,100,99,34,6100,0,0,3614604414420252230
representative_application,application_hash_handwritten,100,99,35,6100,0,0,2366660716473973818
representative_application,application_hash_handwritten,100,99,36,6100,0,0,8524431054321544384
representative_application,application_hash_handwritten,100,99,37,6200,0,0,11652126080490940142
representative_application,application_hash_handwritten,100,99,38,6200,0,0,7153169922785203678
representative_application,application_hash_handwritten,100,99,39,6200,0,0,6082470906507506694
