phase,workload,nodes,edges,sample,nanos,allocations,allocated_bytes,checksum
adapter_setup,current_thread_runtime,0,0,0,2542,0,0,0
adapter_setup,current_thread_runtime,0,0,1,1250,0,0,0
adapter_setup,current_thread_runtime,0,0,2,1084,0,0,0
adapter_setup,current_thread_runtime,0,0,3,1041,0,0,0
adapter_setup,current_thread_runtime,0,0,4,958,0,0,0
adapter_setup,current_thread_runtime,0,0,5,1000,0,0,0
adapter_setup,current_thread_runtime,0,0,6,2458,0,0,0
adapter_setup,current_thread_runtime,0,0,7,1042,0,0,0
adapter_setup,current_thread_runtime,0,0,8,1916,0,0,0
adapter_setup,current_thread_runtime,0,0,9,1041,0,0,0
adapter_setup,current_thread_runtime,0,0,10,959,0,0,0
adapter_setup,current_thread_runtime,0,0,11,959,0,0,0
adapter_setup,current_thread_runtime,0,0,12,917,0,0,0
adapter_setup,current_thread_runtime,0,0,13,875,0,0,0
adapter_setup,current_thread_runtime,0,0,14,959,0,0,0
adapter_setup,current_thread_runtime,0,0,15,958,0,0,0
adapter_setup,current_thread_runtime,0,0,16,958,0,0,0
adapter_setup,current_thread_runtime,0,0,17,2083,0,0,0
adapter_setup,current_thread_runtime,0,0,18,2041,0,0,0
adapter_setup,current_thread_runtime,0,0,19,1042,0,0,0
adapter_setup,current_thread_runtime,0,0,20,959,0,0,0
adapter_setup,current_thread_runtime,0,0,21,959,0,0,0
adapter_setup,current_thread_runtime,0,0,22,958,0,0,0
adapter_setup,current_thread_runtime,0,0,23,958,0,0,0
adapter_setup,current_thread_runtime,0,0,24,875,0,0,0
adapter_setup,current_thread_runtime,0,0,25,917,0,0,0
adapter_setup,current_thread_runtime,0,0,26,917,0,0,0
adapter_setup,current_thread_runtime,0,0,27,916,0,0,0
adapter_setup,current_thread_runtime,0,0,28,917,0,0,0
adapter_setup,current_thread_runtime,0,0,29,916,0,0,0
adapter_setup,current_thread_runtime,0,0,30,1042,0,0,0
adapter_setup,current_thread_runtime,0,0,31,1041,0,0,0
adapter_setup,current_thread_runtime,0,0,32,917,0,0,0
adapter_setup,current_thread_runtime,0,0,33,958,0,0,0
adapter_setup,current_thread_runtime,0,0,34,1000,0,0,0
adapter_setup,current_thread_runtime,0,0,35,1000,0,0,0
adapter_setup,current_thread_runtime,0,0,36,916,0,0,0
adapter_setup,current_thread_runtime,0,0,37,959,0,0,0
adapter_setup,current_thread_runtime,0,0,38,833,0,0,0
adapter_setup,current_thread_runtime,0,0,39,1000,0,0,0
fixture_generation,graph_chain,1,0,0,291,0,0,5
fixture_generation,graph_chain,1,0,1,125,0,0,5
fixture_generation,graph_chain,1,0,2,83,0,0,5
fixture_generation,graph_chain,1,0,3,83,0,0,5
fixture_generation,graph_chain,1,0,4,83,0,0,5
fixture_generation,graph_chain,1,0,5,83,0,0,5
fixture_generation,graph_chain,1,0,6,83,0,0,5
fixture_generation,graph_chain,1,0,7,125,0,0,5
fixture_generation,graph_chain,1,0,8,83,0,0,5
fixture_generation,graph_chain,1,0,9,83,0,0,5
fixture_generation,graph_chain,1,0,10,83,0,0,5
fixture_generation,graph_chain,1,0,11,83,0,0,5
fixture_generation,graph_chain,1,0,12,84,0,0,5
fixture_generation,graph_chain,1,0,13,84,0,0,5
fixture_generation,graph_chain,1,0,14,84,0,0,5
fixture_generation,graph_chain,1,0,15,125,0,0,5
fixture_generation,graph_chain,1,0,16,83,0,0,5
fixture_generation,graph_chain,1,0,17,125,0,0,5
fixture_generation,graph_chain,1,0,18,83,0,0,5
fixture_generation,graph_chain,1,0,19,83,0,0,5
plan_build,graph_chain,1,0,0,5417,0,0,11
plan_build,graph_chain,1,0,1,1667,0,0,11
plan_build,graph_chain,1,0,2,1375,0,0,11
plan_build,graph_chain,1,0,3,1292,0,0,11
plan_build,graph_chain,1,0,4,1292,0,0,11
plan_build,graph_chain,1,0,5,1584,0,0,11
plan_build,graph_chain,1,0,6,1292,0,0,11
plan_build,graph_chain,1,0,7,1166,0,0,11
plan_build,graph_chain,1,0,8,1084,0,0,11
plan_build,graph_chain,1,0,9,1083,0,0,11
plan_build,graph_chain,1,0,10,1125,0,0,11
plan_build,graph_chain,1,0,11,1083,0,0,11
plan_build,graph_chain,1,0,12,1041,0,0,11
plan_build,graph_chain,1,0,13,1125,0,0,11
plan_build,graph_chain,1,0,14,1042,0,0,11
plan_build,graph_chain,1,0,15,1041,0,0,11
plan_build,graph_chain,1,0,16,1042,0,0,11
plan_build,graph_chain,1,0,17,1084,0,0,11
plan_build,graph_chain,1,0,18,1083,0,0,11
plan_build,graph_chain,1,0,19,1083,0,0,11
plan_build_alloc,graph_chain,1,0,0,0,36,6722,11
engine_execution,graph_chain,1,0,0,4791,0,0,1
engine_execution,graph_chain,1,0,1,5042,0,0,0
engine_execution,graph_chain,1,0,2,4792,0,0,3
engine_execution,graph_chain,1,0,3,4458,0,0,2
engine_execution,graph_chain,1,0,4,4750,0,0,5
engine_execution,graph_chain,1,0,5,4666,0,0,4
engine_execution,graph_chain,1,0,6,4542,0,0,7
engine_execution,graph_chain,1,0,7,4500,0,0,6
engine_execution,graph_chain,1,0,8,4542,0,0,9
engine_execution,graph_chain,1,0,9,4625,0,0,8
engine_execution,graph_chain,1,0,10,4416,0,0,11
engine_execution,graph_chain,1,0,11,4750,0,0,10
engine_execution,graph_chain,1,0,12,4541,0,0,13
engine_execution,graph_chain,1,0,13,4584,0,0,12
engine_execution,graph_chain,1,0,14,4583,0,0,15
engine_execution,graph_chain,1,0,15,4333,0,0,14
engine_execution,graph_chain,1,0,16,4750,0,0,17
engine_execution,graph_chain,1,0,17,4500,0,0,16
engine_execution,graph_chain,1,0,18,4542,0,0,19
engine_execution,graph_chain,1,0,19,4625,0,0,18
engine_execution,graph_chain,1,0,20,4625,0,0,21
engine_execution,graph_chain,1,0,21,4542,0,0,20
engine_execution,graph_chain,1,0,22,4708,0,0,23
engine_execution,graph_chain,1,0,23,4583,0,0,22
engine_execution,graph_chain,1,0,24,4625,0,0,25
engine_execution,graph_chain,1,0,25,4625,0,0,24
engine_execution,graph_chain,1,0,26,4500,0,0,27
engine_execution,graph_chain,1,0,27,4542,0,0,26
engine_execution,graph_chain,1,0,28,4584,0,0,29
engine_execution,graph_chain,1,0,29,4500,0,0,28
engine_execution,graph_chain,1,0,30,4542,0,0,31
engine_execution,graph_chain,1,0,31,4500,0,0,30
engine_execution,graph_chain,1,0,32,5458,0,0,33
engine_execution,graph_chain,1,0,33,5750,0,0,32
engine_execution,graph_chain,1,0,34,4666,0,0,35
engine_execution,graph_chain,1,0,35,4875,0,0,34
engine_execution,graph_chain,1,0,36,4500,0,0,37
engine_execution,graph_chain,1,0,37,4667,0,0,36
engine_execution,graph_chain,1,0,38,4625,0,0,39
engine_execution,graph_chain,1,0,39,4500,0,0,38
engine_execution_alloc,graph_chain,1,0,0,0,107,11948,23131
machine_state_setup,graph_chain,1,0,0,333,0,0,1
body_state_setup,graph_chain,1,0,0,333,0,0,0
machine_state_setup,graph_chain,1,0,1,167,0,0,1
body_state_setup,graph_chain,1,0,1,209,0,0,0
machine_state_setup,graph_chain,1,0,2,167,0,0,1
body_state_setup,graph_chain,1,0,2,166,0,0,0
machine_state_setup,graph_chain,1,0,3,167,0,0,1
body_state_setup,graph_chain,1,0,3,208,0,0,0
machine_state_setup,graph_chain,1,0,4,208,0,0,1
body_state_setup,graph_chain,1,0,4,208,0,0,0
machine_state_setup,graph_chain,1,0,5,167,0,0,1
body_state_setup,graph_chain,1,0,5,209,0,0,0
machine_state_setup,graph_chain,1,0,6,167,0,0,1
body_state_setup,graph_chain,1,0,6,208,0,0,0
machine_state_setup,graph_chain,1,0,7,166,0,0,1
body_state_setup,graph_chain,1,0,7,167,0,0,0
machine_state_setup,graph_chain,1,0,8,167,0,0,1
body_state_setup,graph_chain,1,0,8,208,0,0,0
machine_state_setup,graph_chain,1,0,9,209,0,0,1
body_state_setup,graph_chain,1,0,9,166,0,0,0
machine_state_setup,graph_chain,1,0,10,208,0,0,1
body_state_setup,graph_chain,1,0,10,209,0,0,0
machine_state_setup,graph_chain,1,0,11,208,0,0,1
body_state_setup,graph_chain,1,0,11,208,0,0,0
machine_state_setup,graph_chain,1,0,12,209,0,0,1
body_state_setup,graph_chain,1,0,12,167,0,0,0
machine_state_setup,graph_chain,1,0,13,166,0,0,1
body_state_setup,graph_chain,1,0,13,208,0,0,0
machine_state_setup,graph_chain,1,0,14,167,0,0,1
body_state_setup,graph_chain,1,0,14,166,0,0,0
machine_state_setup,graph_chain,1,0,15,167,0,0,1
body_state_setup,graph_chain,1,0,15,208,0,0,0
machine_state_setup,graph_chain,1,0,16,166,0,0,1
body_state_setup,graph_chain,1,0,16,167,0,0,0
machine_state_setup,graph_chain,1,0,17,166,0,0,1
body_state_setup,graph_chain,1,0,17,167,0,0,0
machine_state_setup,graph_chain,1,0,18,167,0,0,1
body_state_setup,graph_chain,1,0,18,166,0,0,0
machine_state_setup,graph_chain,1,0,19,167,0,0,1
body_state_setup,graph_chain,1,0,19,208,0,0,0
machine_state_setup,graph_chain,1,0,20,208,0,0,1
body_state_setup,graph_chain,1,0,20,209,0,0,0
machine_state_setup,graph_chain,1,0,21,208,0,0,1
body_state_setup,graph_chain,1,0,21,250,0,0,0
machine_state_setup,graph_chain,1,0,22,208,0,0,1
body_state_setup,graph_chain,1,0,22,250,0,0,0
machine_state_setup,graph_chain,1,0,23,167,0,0,1
body_state_setup,graph_chain,1,0,23,208,0,0,0
machine_state_setup,graph_chain,1,0,24,208,0,0,1
body_state_setup,graph_chain,1,0,24,208,0,0,0
machine_state_setup,graph_chain,1,0,25,209,0,0,1
body_state_setup,graph_chain,1,0,25,250,0,0,0
machine_state_setup,graph_chain,1,0,26,209,0,0,1
body_state_setup,graph_chain,1,0,26,208,0,0,0
machine_state_setup,graph_chain,1,0,27,166,0,0,1
body_state_setup,graph_chain,1,0,27,250,0,0,0
machine_state_setup,graph_chain,1,0,28,209,0,0,1
body_state_setup,graph_chain,1,0,28,209,0,0,0
machine_state_setup,graph_chain,1,0,29,209,0,0,1
body_state_setup,graph_chain,1,0,29,250,0,0,0
machine_state_setup,graph_chain,1,0,30,208,0,0,1
body_state_setup,graph_chain,1,0,30,208,0,0,0
machine_state_setup,graph_chain,1,0,31,208,0,0,1
body_state_setup,graph_chain,1,0,31,208,0,0,0
machine_state_setup,graph_chain,1,0,32,208,0,0,1
body_state_setup,graph_chain,1,0,32,208,0,0,0
machine_state_setup,graph_chain,1,0,33,250,0,0,1
body_state_setup,graph_chain,1,0,33,250,0,0,0
machine_state_setup,graph_chain,1,0,34,209,0,0,1
body_state_setup,graph_chain,1,0,34,209,0,0,0
machine_state_setup,graph_chain,1,0,35,209,0,0,1
body_state_setup,graph_chain,1,0,35,209,0,0,0
machine_state_setup,graph_chain,1,0,36,209,0,0,1
body_state_setup,graph_chain,1,0,36,250,0,0,0
machine_state_setup,graph_chain,1,0,37,208,0,0,1
body_state_setup,graph_chain,1,0,37,250,0,0,0
machine_state_setup,graph_chain,1,0,38,250,0,0,1
body_state_setup,graph_chain,1,0,38,250,0,0,0
machine_state_setup,graph_chain,1,0,39,209,0,0,1
body_state_setup,graph_chain,1,0,39,250,0,0,0
pure_machine_events_preseeded,graph_chain,1,0,0,2333,0,0,1
pure_machine_events_preseeded,graph_chain,1,0,1,1166,0,0,1
pure_machine_events_preseeded,graph_chain,1,0,2,1000,0,0,1
pure_machine_events_preseeded,graph_chain,1,0,3,1042,0,0,1
pure_machine_events_preseeded,graph_chain,1,0,4,2083,0,0,1
pure_machine_events_preseeded,graph_chain,1,0,5,1084,0,0,1
pure_machine_events_preseeded,graph_chain,1,0,6,958,0,0,1
pure_machine_events_preseeded,graph_chain,1,0,7,1083,0,0,1
pure_machine_events_preseeded,graph_chain,1,0,8,959,0,0,1
pure_machine_events_preseeded,graph_chain,1,0,9,916,0,0,1
pure_machine_events_preseeded,graph_chain,1,0,10,959,0,0,1
pure_machine_events_preseeded,graph_chain,1,0,11,1167,0,0,1
pure_machine_events_preseeded,graph_chain,1,0,12,1041,0,0,1
pure_machine_events_preseeded,graph_chain,1,0,13,958,0,0,1
pure_machine_events_preseeded,graph_chain,1,0,14,917,0,0,1
pure_machine_events_preseeded,graph_chain,1,0,15,958,0,0,1
pure_machine_events_preseeded,graph_chain,1,0,16,958,0,0,1
pure_machine_events_preseeded,graph_chain,1,0,17,959,0,0,1
pure_machine_events_preseeded,graph_chain,1,0,18,958,0,0,1
pure_machine_events_preseeded,graph_chain,1,0,19,917,0,0,1
pure_machine_events_preseeded,graph_chain,1,0,20,917,0,0,1
pure_machine_events_preseeded,graph_chain,1,0,21,958,0,0,1
pure_machine_events_preseeded,graph_chain,1,0,22,917,0,0,1
pure_machine_events_preseeded,graph_chain,1,0,23,958,0,0,1
pure_machine_events_preseeded,graph_chain,1,0,24,959,0,0,1
pure_machine_events_preseeded,graph_chain,1,0,25,916,0,0,1
pure_machine_events_preseeded,graph_chain,1,0,26,959,0,0,1
pure_machine_events_preseeded,graph_chain,1,0,27,916,0,0,1
pure_machine_events_preseeded,graph_chain,1,0,28,917,0,0,1
pure_machine_events_preseeded,graph_chain,1,0,29,959,0,0,1
pure_machine_events_preseeded,graph_chain,1,0,30,958,0,0,1
pure_machine_events_preseeded,graph_chain,1,0,31,959,0,0,1
pure_machine_events_preseeded,graph_chain,1,0,32,916,0,0,1
pure_machine_events_preseeded,graph_chain,1,0,33,959,0,0,1
pure_machine_events_preseeded,graph_chain,1,0,34,1000,0,0,1
pure_machine_events_preseeded,graph_chain,1,0,35,917,0,0,1
pure_machine_events_preseeded,graph_chain,1,0,36,917,0,0,1
pure_machine_events_preseeded,graph_chain,1,0,37,916,0,0,1
pure_machine_events_preseeded,graph_chain,1,0,38,917,0,0,1
pure_machine_events_preseeded,graph_chain,1,0,39,917,0,0,1
fixture_generation,graph_wide,1,0,0,166,0,0,5
fixture_generation,graph_wide,1,0,1,125,0,0,5
fixture_generation,graph_wide,1,0,2,83,0,0,5
fixture_generation,graph_wide,1,0,3,125,0,0,5
fixture_generation,graph_wide,1,0,4,84,0,0,5
fixture_generation,graph_wide,1,0,5,84,0,0,5
fixture_generation,graph_wide,1,0,6,83,0,0,5
fixture_generation,graph_wide,1,0,7,83,0,0,5
fixture_generation,graph_wide,1,0,8,83,0,0,5
fixture_generation,graph_wide,1,0,9,83,0,0,5
fixture_generation,graph_wide,1,0,10,83,0,0,5
fixture_generation,graph_wide,1,0,11,83,0,0,5
fixture_generation,graph_wide,1,0,12,83,0,0,5
fixture_generation,graph_wide,1,0,13,83,0,0,5
fixture_generation,graph_wide,1,0,14,83,0,0,5
fixture_generation,graph_wide,1,0,15,167,0,0,5
fixture_generation,graph_wide,1,0,16,125,0,0,5
fixture_generation,graph_wide,1,0,17,125,0,0,5
fixture_generation,graph_wide,1,0,18,83,0,0,5
fixture_generation,graph_wide,1,0,19,83,0,0,5
plan_build,graph_wide,1,0,0,1916,0,0,10
plan_build,graph_wide,1,0,1,1167,0,0,10
plan_build,graph_wide,1,0,2,1083,0,0,10
plan_build,graph_wide,1,0,3,1084,0,0,10
plan_build,graph_wide,1,0,4,1166,0,0,10
plan_build,graph_wide,1,0,5,1083,0,0,10
plan_build,graph_wide,1,0,6,1042,0,0,10
plan_build,graph_wide,1,0,7,1041,0,0,10
plan_build,graph_wide,1,0,8,1084,0,0,10
plan_build,graph_wide,1,0,9,1041,0,0,10
plan_build,graph_wide,1,0,10,1083,0,0,10
plan_build,graph_wide,1,0,11,1042,0,0,10
plan_build,graph_wide,1,0,12,1041,0,0,10
plan_build,graph_wide,1,0,13,1042,0,0,10
plan_build,graph_wide,1,0,14,1000,0,0,10
plan_build,graph_wide,1,0,15,1041,0,0,10
plan_build,graph_wide,1,0,16,1000,0,0,10
plan_build,graph_wide,1,0,17,1000,0,0,10
plan_build,graph_wide,1,0,18,1000,0,0,10
plan_build,graph_wide,1,0,19,1041,0,0,10
plan_build_alloc,graph_wide,1,0,0,0,36,6720,10
engine_execution,graph_wide,1,0,0,4459,0,0,1
engine_execution,graph_wide,1,0,1,4458,0,0,0
engine_execution,graph_wide,1,0,2,4750,0,0,3
engine_execution,graph_wide,1,0,3,5834,0,0,2
engine_execution,graph_wide,1,0,4,4709,0,0,5
engine_execution,graph_wide,1,0,5,4708,0,0,4
engine_execution,graph_wide,1,0,6,4458,0,0,7
engine_execution,graph_wide,1,0,7,4625,0,0,6
engine_execution,graph_wide,1,0,8,4500,0,0,9
engine_execution,graph_wide,1,0,9,4667,0,0,8
engine_execution,graph_wide,1,0,10,4750,0,0,11
engine_execution,graph_wide,1,0,11,4625,0,0,10
engine_execution,graph_wide,1,0,12,4625,0,0,13
engine_execution,graph_wide,1,0,13,4500,0,0,12
engine_execution,graph_wide,1,0,14,4958,0,0,15
engine_execution,graph_wide,1,0,15,6042,0,0,14
engine_execution,graph_wide,1,0,16,5125,0,0,17
engine_execution,graph_wide,1,0,17,4750,0,0,16
engine_execution,graph_wide,1,0,18,4833,0,0,19
engine_execution,graph_wide,1,0,19,5084,0,0,18
engine_execution,graph_wide,1,0,20,4500,0,0,21
engine_execution,graph_wide,1,0,21,4541,0,0,20
engine_execution,graph_wide,1,0,22,4833,0,0,23
engine_execution,graph_wide,1,0,23,4792,0,0,22
engine_execution,graph_wide,1,0,24,5041,0,0,25
engine_execution,graph_wide,1,0,25,4875,0,0,24
engine_execution,graph_wide,1,0,26,4750,0,0,27
engine_execution,graph_wide,1,0,27,4792,0,0,26
engine_execution,graph_wide,1,0,28,4833,0,0,29
engine_execution,graph_wide,1,0,29,4750,0,0,28
engine_execution,graph_wide,1,0,30,4875,0,0,31
engine_execution,graph_wide,1,0,31,4791,0,0,30
engine_execution,graph_wide,1,0,32,4834,0,0,33
engine_execution,graph_wide,1,0,33,4750,0,0,32
engine_execution,graph_wide,1,0,34,4833,0,0,35
engine_execution,graph_wide,1,0,35,4750,0,0,34
engine_execution,graph_wide,1,0,36,4833,0,0,37
engine_execution,graph_wide,1,0,37,4792,0,0,36
engine_execution,graph_wide,1,0,38,4750,0,0,39
engine_execution,graph_wide,1,0,39,4750,0,0,38
engine_execution_alloc,graph_wide,1,0,0,0,107,11947,23131
machine_state_setup,graph_wide,1,0,0,208,0,0,1
body_state_setup,graph_wide,1,0,0,208,0,0,0
machine_state_setup,graph_wide,1,0,1,208,0,0,1
body_state_setup,graph_wide,1,0,1,250,0,0,0
machine_state_setup,graph_wide,1,0,2,167,0,0,1
body_state_setup,graph_wide,1,0,2,208,0,0,0
machine_state_setup,graph_wide,1,0,3,208,0,0,1
body_state_setup,graph_wide,1,0,3,208,0,0,0
machine_state_setup,graph_wide,1,0,4,166,0,0,1
body_state_setup,graph_wide,1,0,4,208,0,0,0
machine_state_setup,graph_wide,1,0,5,167,0,0,1
body_state_setup,graph_wide,1,0,5,209,0,0,0
machine_state_setup,graph_wide,1,0,6,167,0,0,1
body_state_setup,graph_wide,1,0,6,166,0,0,0
machine_state_setup,graph_wide,1,0,7,208,0,0,1
body_state_setup,graph_wide,1,0,7,250,0,0,0
machine_state_setup,graph_wide,1,0,8,167,0,0,1
body_state_setup,graph_wide,1,0,8,209,0,0,0
machine_state_setup,graph_wide,1,0,9,167,0,0,1
body_state_setup,graph_wide,1,0,9,208,0,0,0
machine_state_setup,graph_wide,1,0,10,166,0,0,1
body_state_setup,graph_wide,1,0,10,208,0,0,0
machine_state_setup,graph_wide,1,0,11,209,0,0,1
body_state_setup,graph_wide,1,0,11,250,0,0,0
machine_state_setup,graph_wide,1,0,12,208,0,0,1
body_state_setup,graph_wide,1,0,12,208,0,0,0
machine_state_setup,graph_wide,1,0,13,166,0,0,1
body_state_setup,graph_wide,1,0,13,167,0,0,0
machine_state_setup,graph_wide,1,0,14,167,0,0,1
body_state_setup,graph_wide,1,0,14,208,0,0,0
machine_state_setup,graph_wide,1,0,15,166,0,0,1
body_state_setup,graph_wide,1,0,15,208,0,0,0
machine_state_setup,graph_wide,1,0,16,167,0,0,1
body_state_setup,graph_wide,1,0,16,166,0,0,0
machine_state_setup,graph_wide,1,0,17,167,0,0,1
body_state_setup,graph_wide,1,0,17,167,0,0,0
machine_state_setup,graph_wide,1,0,18,166,0,0,1
body_state_setup,graph_wide,1,0,18,208,0,0,0
machine_state_setup,graph_wide,1,0,19,209,0,0,1
body_state_setup,graph_wide,1,0,19,250,0,0,0
machine_state_setup,graph_wide,1,0,20,209,0,0,1
body_state_setup,graph_wide,1,0,20,209,0,0,0
machine_state_setup,graph_wide,1,0,21,167,0,0,1
body_state_setup,graph_wide,1,0,21,208,0,0,0
machine_state_setup,graph_wide,1,0,22,167,0,0,1
body_state_setup,graph_wide,1,0,22,250,0,0,0
machine_state_setup,graph_wide,1,0,23,167,0,0,1
body_state_setup,graph_wide,1,0,23,250,0,0,0
machine_state_setup,graph_wide,1,0,24,167,0,0,1
body_state_setup,graph_wide,1,0,24,208,0,0,0
machine_state_setup,graph_wide,1,0,25,166,0,0,1
body_state_setup,graph_wide,1,0,25,209,0,0,0
machine_state_setup,graph_wide,1,0,26,208,0,0,1
body_state_setup,graph_wide,1,0,26,208,0,0,0
machine_state_setup,graph_wide,1,0,27,209,0,0,1
body_state_setup,graph_wide,1,0,27,250,0,0,0
machine_state_setup,graph_wide,1,0,28,166,0,0,1
body_state_setup,graph_wide,1,0,28,208,0,0,0
machine_state_setup,graph_wide,1,0,29,167,0,0,1
body_state_setup,graph_wide,1,0,29,209,0,0,0
machine_state_setup,graph_wide,1,0,30,208,0,0,1
body_state_setup,graph_wide,1,0,30,250,0,0,0
machine_state_setup,graph_wide,1,0,31,167,0,0,1
body_state_setup,graph_wide,1,0,31,250,0,0,0
machine_state_setup,graph_wide,1,0,32,167,0,0,1
body_state_setup,graph_wide,1,0,32,208,0,0,0
machine_state_setup,graph_wide,1,0,33,166,0,0,1
body_state_setup,graph_wide,1,0,33,208,0,0,0
machine_state_setup,graph_wide,1,0,34,208,0,0,1
body_state_setup,graph_wide,1,0,34,209,0,0,0
machine_state_setup,graph_wide,1,0,35,167,0,0,1
body_state_setup,graph_wide,1,0,35,250,0,0,0
machine_state_setup,graph_wide,1,0,36,166,0,0,1
body_state_setup,graph_wide,1,0,36,208,0,0,0
machine_state_setup,graph_wide,1,0,37,167,0,0,1
body_state_setup,graph_wide,1,0,37,208,0,0,0
machine_state_setup,graph_wide,1,0,38,208,0,0,1
body_state_setup,graph_wide,1,0,38,250,0,0,0
machine_state_setup,graph_wide,1,0,39,167,0,0,1
body_state_setup,graph_wide,1,0,39,208,0,0,0
fixture_generation,graph_sparse,1,0,0,125,0,0,5
fixture_generation,graph_sparse,1,0,1,125,0,0,5
fixture_generation,graph_sparse,1,0,2,125,0,0,5
fixture_generation,graph_sparse,1,0,3,125,0,0,5
fixture_generation,graph_sparse,1,0,4,125,0,0,5
fixture_generation,graph_sparse,1,0,5,83,0,0,5
fixture_generation,graph_sparse,1,0,6,83,0,0,5
fixture_generation,graph_sparse,1,0,7,83,0,0,5
fixture_generation,graph_sparse,1,0,8,83,0,0,5
fixture_generation,graph_sparse,1,0,9,125,0,0,5
fixture_generation,graph_sparse,1,0,10,83,0,0,5
fixture_generation,graph_sparse,1,0,11,125,0,0,5
fixture_generation,graph_sparse,1,0,12,125,0,0,5
fixture_generation,graph_sparse,1,0,13,125,0,0,5
fixture_generation,graph_sparse,1,0,14,125,0,0,5
fixture_generation,graph_sparse,1,0,15,125,0,0,5
fixture_generation,graph_sparse,1,0,16,125,0,0,5
fixture_generation,graph_sparse,1,0,17,125,0,0,5
fixture_generation,graph_sparse,1,0,18,125,0,0,5
fixture_generation,graph_sparse,1,0,19,125,0,0,5
plan_build,graph_sparse,1,0,0,1667,0,0,12
plan_build,graph_sparse,1,0,1,1208,0,0,12
plan_build,graph_sparse,1,0,2,1125,0,0,12
plan_build,graph_sparse,1,0,3,1083,0,0,12
plan_build,graph_sparse,1,0,4,1125,0,0,12
plan_build,graph_sparse,1,0,5,1083,0,0,12
plan_build,graph_sparse,1,0,6,1125,0,0,12
plan_build,graph_sparse,1,0,7,1125,0,0,12
plan_build,graph_sparse,1,0,8,1292,0,0,12
plan_build,graph_sparse,1,0,9,1416,0,0,12
plan_build,graph_sparse,1,0,10,1625,0,0,12
plan_build,graph_sparse,1,0,11,1459,0,0,12
plan_build,graph_sparse,1,0,12,1375,0,0,12
plan_build,graph_sparse,1,0,13,1375,0,0,12
plan_build,graph_sparse,1,0,14,1333,0,0,12
plan_build,graph_sparse,1,0,15,1500,0,0,12
plan_build,graph_sparse,1,0,16,1417,0,0,12
plan_build,graph_sparse,1,0,17,1375,0,0,12
plan_build,graph_sparse,1,0,18,1417,0,0,12
plan_build,graph_sparse,1,0,19,1334,0,0,12
plan_build_alloc,graph_sparse,1,0,0,0,36,6724,12
engine_execution,graph_sparse,1,0,0,5250,0,0,1
engine_execution,graph_sparse,1,0,1,5625,0,0,0
engine_execution,graph_sparse,1,0,2,6083,0,0,3
engine_execution,graph_sparse,1,0,3,6208,0,0,2
engine_execution,graph_sparse,1,0,4,5542,0,0,5
engine_execution,graph_sparse,1,0,5,4958,0,0,4
engine_execution,graph_sparse,1,0,6,4916,0,0,7
engine_execution,graph_sparse,1,0,7,5209,0,0,6
engine_execution,graph_sparse,1,0,8,5083,0,0,9
engine_execution,graph_sparse,1,0,9,4666,0,0,8
engine_execution,graph_sparse,1,0,10,4542,0,0,11
engine_execution,graph_sparse,1,0,11,4875,0,0,10
engine_execution,graph_sparse,1,0,12,4750,0,0,13
engine_execution,graph_sparse,1,0,13,4750,0,0,12
engine_execution,graph_sparse,1,0,14,4750,0,0,15
engine_execution,graph_sparse,1,0,15,4792,0,0,14
engine_execution,graph_sparse,1,0,16,4917,0,0,17
engine_execution,graph_sparse,1,0,17,4750,0,0,16
engine_execution,graph_sparse,1,0,18,4875,0,0,19
engine_execution,graph_sparse,1,0,19,4625,0,0,18
engine_execution,graph_sparse,1,0,20,4583,0,0,21
engine_execution,graph_sparse,1,0,21,4792,0,0,20
engine_execution,graph_sparse,1,0,22,5000,0,0,23
engine_execution,graph_sparse,1,0,23,4917,0,0,22
engine_execution,graph_sparse,1,0,24,4750,0,0,25
engine_execution,graph_sparse,1,0,25,4791,0,0,24
engine_execution,graph_sparse,1,0,26,4708,0,0,27
engine_execution,graph_sparse,1,0,27,4667,0,0,26
engine_execution,graph_sparse,1,0,28,4958,0,0,29
engine_execution,graph_sparse,1,0,29,6166,0,0,28
engine_execution,graph_sparse,1,0,30,6042,0,0,31
engine_execution,graph_sparse,1,0,31,5834,0,0,30
engine_execution,graph_sparse,1,0,32,4792,0,0,33
engine_execution,graph_sparse,1,0,33,4708,0,0,32
engine_execution,graph_sparse,1,0,34,4791,0,0,35
engine_execution,graph_sparse,1,0,35,4917,0,0,34
engine_execution,graph_sparse,1,0,36,4833,0,0,37
engine_execution,graph_sparse,1,0,37,5000,0,0,36
engine_execution,graph_sparse,1,0,38,4875,0,0,39
engine_execution,graph_sparse,1,0,39,4833,0,0,38
engine_execution_alloc,graph_sparse,1,0,0,0,107,11949,23131
machine_state_setup,graph_sparse,1,0,0,208,0,0,1
body_state_setup,graph_sparse,1,0,0,208,0,0,0
machine_state_setup,graph_sparse,1,0,1,208,0,0,1
body_state_setup,graph_sparse,1,0,1,209,0,0,0
machine_state_setup,graph_sparse,1,0,2,167,0,0,1
body_state_setup,graph_sparse,1,0,2,208,0,0,0
machine_state_setup,graph_sparse,1,0,3,166,0,0,1
body_state_setup,graph_sparse,1,0,3,208,0,0,0
machine_state_setup,graph_sparse,1,0,4,250,0,0,1
body_state_setup,graph_sparse,1,0,4,250,0,0,0
machine_state_setup,graph_sparse,1,0,5,250,0,0,1
body_state_setup,graph_sparse,1,0,5,209,0,0,0
machine_state_setup,graph_sparse,1,0,6,209,0,0,1
body_state_setup,graph_sparse,1,0,6,209,0,0,0
machine_state_setup,graph_sparse,1,0,7,209,0,0,1
body_state_setup,graph_sparse,1,0,7,250,0,0,0
machine_state_setup,graph_sparse,1,0,8,167,0,0,1
body_state_setup,graph_sparse,1,0,8,209,0,0,0
machine_state_setup,graph_sparse,1,0,9,167,0,0,1
body_state_setup,graph_sparse,1,0,9,208,0,0,0
machine_state_setup,graph_sparse,1,0,10,208,0,0,1
body_state_setup,graph_sparse,1,0,10,209,0,0,0
machine_state_setup,graph_sparse,1,0,11,167,0,0,1
body_state_setup,graph_sparse,1,0,11,250,0,0,0
machine_state_setup,graph_sparse,1,0,12,209,0,0,1
body_state_setup,graph_sparse,1,0,12,250,0,0,0
machine_state_setup,graph_sparse,1,0,13,250,0,0,1
body_state_setup,graph_sparse,1,0,13,250,0,0,0
machine_state_setup,graph_sparse,1,0,14,250,0,0,1
body_state_setup,graph_sparse,1,0,14,250,0,0,0
machine_state_setup,graph_sparse,1,0,15,375,0,0,1
body_state_setup,graph_sparse,1,0,15,250,0,0,0
machine_state_setup,graph_sparse,1,0,16,250,0,0,1
body_state_setup,graph_sparse,1,0,16,250,0,0,0
machine_state_setup,graph_sparse,1,0,17,250,0,0,1
body_state_setup,graph_sparse,1,0,17,250,0,0,0
machine_state_setup,graph_sparse,1,0,18,250,0,0,1
body_state_setup,graph_sparse,1,0,18,250,0,0,0
machine_state_setup,graph_sparse,1,0,19,250,0,0,1
body_state_setup,graph_sparse,1,0,19,292,0,0,0
machine_state_setup,graph_sparse,1,0,20,209,0,0,1
body_state_setup,graph_sparse,1,0,20,292,0,0,0
machine_state_setup,graph_sparse,1,0,21,250,0,0,1
body_state_setup,graph_sparse,1,0,21,250,0,0,0
machine_state_setup,graph_sparse,1,0,22,209,0,0,1
body_state_setup,graph_sparse,1,0,22,250,0,0,0
machine_state_setup,graph_sparse,1,0,23,208,0,0,1
body_state_setup,graph_sparse,1,0,23,208,0,0,0
machine_state_setup,graph_sparse,1,0,24,250,0,0,1
body_state_setup,graph_sparse,1,0,24,208,0,0,0
machine_state_setup,graph_sparse,1,0,25,250,0,0,1
body_state_setup,graph_sparse,1,0,25,292,0,0,0
machine_state_setup,graph_sparse,1,0,26,292,0,0,1
body_state_setup,graph_sparse,1,0,26,250,0,0,0
machine_state_setup,graph_sparse,1,0,27,209,0,0,1
body_state_setup,graph_sparse,1,0,27,250,0,0,0
machine_state_setup,graph_sparse,1,0,28,208,0,0,1
body_state_setup,graph_sparse,1,0,28,250,0,0,0
machine_state_setup,graph_sparse,1,0,29,208,0,0,1
body_state_setup,graph_sparse,1,0,29,291,0,0,0
machine_state_setup,graph_sparse,1,0,30,208,0,0,1
body_state_setup,graph_sparse,1,0,30,208,0,0,0
machine_state_setup,graph_sparse,1,0,31,208,0,0,1
body_state_setup,graph_sparse,1,0,31,250,0,0,0
machine_state_setup,graph_sparse,1,0,32,250,0,0,1
body_state_setup,graph_sparse,1,0,32,250,0,0,0
machine_state_setup,graph_sparse,1,0,33,250,0,0,1
body_state_setup,graph_sparse,1,0,33,250,0,0,0
machine_state_setup,graph_sparse,1,0,34,250,0,0,1
body_state_setup,graph_sparse,1,0,34,209,0,0,0
machine_state_setup,graph_sparse,1,0,35,209,0,0,1
body_state_setup,graph_sparse,1,0,35,250,0,0,0
machine_state_setup,graph_sparse,1,0,36,250,0,0,1
body_state_setup,graph_sparse,1,0,36,250,0,0,0
machine_state_setup,graph_sparse,1,0,37,250,0,0,1
body_state_setup,graph_sparse,1,0,37,292,0,0,0
machine_state_setup,graph_sparse,1,0,38,209,0,0,1
body_state_setup,graph_sparse,1,0,38,209,0,0,0
machine_state_setup,graph_sparse,1,0,39,209,0,0,1
body_state_setup,graph_sparse,1,0,39,250,0,0,0
fixture_generation,graph_chain,10,9,0,1041,0,0,50
fixture_generation,graph_chain,10,9,1,792,0,0,50
fixture_generation,graph_chain,10,9,2,625,0,0,50
fixture_generation,graph_chain,10,9,3,625,0,0,50
fixture_generation,graph_chain,10,9,4,2125,0,0,50
fixture_generation,graph_chain,10,9,5,667,0,0,50
fixture_generation,graph_chain,10,9,6,666,0,0,50
fixture_generation,graph_chain,10,9,7,667,0,0,50
fixture_generation,graph_chain,10,9,8,625,0,0,50
fixture_generation,graph_chain,10,9,9,625,0,0,50
fixture_generation,graph_chain,10,9,10,625,0,0,50
fixture_generation,graph_chain,10,9,11,667,0,0,50
fixture_generation,graph_chain,10,9,12,625,0,0,50
fixture_generation,graph_chain,10,9,13,625,0,0,50
fixture_generation,graph_chain,10,9,14,583,0,0,50
fixture_generation,graph_chain,10,9,15,583,0,0,50
fixture_generation,graph_chain,10,9,16,583,0,0,50
fixture_generation,graph_chain,10,9,17,583,0,0,50
fixture_generation,graph_chain,10,9,18,583,0,0,50
fixture_generation,graph_chain,10,9,19,583,0,0,50
plan_build,graph_chain,10,9,0,8792,0,0,11
plan_build,graph_chain,10,9,1,6500,0,0,11
plan_build,graph_chain,10,9,2,5542,0,0,11
plan_build,graph_chain,10,9,3,5541,0,0,11
plan_build,graph_chain,10,9,4,5458,0,0,11
plan_build,graph_chain,10,9,5,5583,0,0,11
plan_build,graph_chain,10,9,6,5417,0,0,11
plan_build,graph_chain,10,9,7,5458,0,0,11
plan_build,graph_chain,10,9,8,5416,0,0,11
plan_build,graph_chain,10,9,9,5458,0,0,11
plan_build,graph_chain,10,9,10,5542,0,0,11
plan_build,graph_chain,10,9,11,5500,0,0,11
plan_build,graph_chain,10,9,12,5459,0,0,11
plan_build,graph_chain,10,9,13,5666,0,0,11
plan_build,graph_chain,10,9,14,5417,0,0,11
plan_build,graph_chain,10,9,15,5500,0,0,11
plan_build,graph_chain,10,9,16,5542,0,0,11
plan_build,graph_chain,10,9,17,5459,0,0,11
plan_build,graph_chain,10,9,18,5500,0,0,11
plan_build,graph_chain,10,9,19,6666,0,0,11
plan_build_alloc,graph_chain,10,9,0,0,162,35321,11
engine_execution,graph_chain,10,9,0,28666,0,0,0
engine_execution,graph_chain,10,9,1,32333,0,0,1
engine_execution,graph_chain,10,9,2,28125,0,0,2
engine_execution,graph_chain,10,9,3,27042,0,0,3
engine_execution,graph_chain,10,9,4,27500,0,0,4
engine_execution,graph_chain,10,9,5,27292,0,0,5
engine_execution,graph_chain,10,9,6,31375,0,0,6
engine_execution,graph_chain,10,9,7,27709,0,0,7
engine_execution,graph_chain,10,9,8,32500,0,0,8
engine_execution,graph_chain,10,9,9,27875,0,0,9
engine_execution,graph_chain,10,9,10,27458,0,0,10
engine_execution,graph_chain,10,9,11,27125,0,0,11
engine_execution,graph_chain,10,9,12,27291,0,0,12
engine_execution,graph_chain,10,9,13,27500,0,0,13
engine_execution,graph_chain,10,9,14,27500,0,0,14
engine_execution,graph_chain,10,9,15,29083,0,0,15
engine_execution,graph_chain,10,9,16,30250,0,0,16
engine_execution,graph_chain,10,9,17,28084,0,0,17
engine_execution,graph_chain,10,9,18,32417,0,0,18
engine_execution,graph_chain,10,9,19,27875,0,0,19
engine_execution,graph_chain,10,9,20,27458,0,0,20
engine_execution,graph_chain,10,9,21,27833,0,0,21
engine_execution,graph_chain,10,9,22,27250,0,0,22
engine_execution,graph_chain,10,9,23,27166,0,0,23
engine_execution,graph_chain,10,9,24,27375,0,0,24
engine_execution,graph_chain,10,9,25,31958,0,0,25
engine_execution,graph_chain,10,9,26,27500,0,0,26
engine_execution,graph_chain,10,9,27,32584,0,0,27
engine_execution,graph_chain,10,9,28,28875,0,0,28
engine_execution,graph_chain,10,9,29,27917,0,0,29
engine_execution,graph_chain,10,9,30,27541,0,0,30
engine_execution,graph_chain,10,9,31,27834,0,0,31
engine_execution,graph_chain,10,9,32,27958,0,0,32
engine_execution,graph_chain,10,9,33,28458,0,0,33
engine_execution,graph_chain,10,9,34,31541,0,0,34
engine_execution,graph_chain,10,9,35,28083,0,0,35
engine_execution,graph_chain,10,9,36,33000,0,0,36
engine_execution,graph_chain,10,9,37,29041,0,0,37
engine_execution,graph_chain,10,9,38,28042,0,0,38
engine_execution,graph_chain,10,9,39,27834,0,0,39
engine_execution_alloc,graph_chain,10,9,0,0,589,46368,23130
machine_state_setup,graph_chain,10,9,0,750,0,0,10
body_state_setup,graph_chain,10,9,0,250,0,0,0
machine_state_setup,graph_chain,10,9,1,625,0,0,10
body_state_setup,graph_chain,10,9,1,250,0,0,0
machine_state_setup,graph_chain,10,9,2,667,0,0,10
body_state_setup,graph_chain,10,9,2,208,0,0,0
machine_state_setup,graph_chain,10,9,3,625,0,0,10
body_state_setup,graph_chain,10,9,3,209,0,0,0
machine_state_setup,graph_chain,10,9,4,625,0,0,10
body_state_setup,graph_chain,10,9,4,250,0,0,0
machine_state_setup,graph_chain,10,9,5,625,0,0,10
body_state_setup,graph_chain,10,9,5,209,0,0,0
machine_state_setup,graph_chain,10,9,6,625,0,0,10
body_state_setup,graph_chain,10,9,6,250,0,0,0
machine_state_setup,graph_chain,10,9,7,625,0,0,10
body_state_setup,graph_chain,10,9,7,250,0,0,0
machine_state_setup,graph_chain,10,9,8,584,0,0,10
body_state_setup,graph_chain,10,9,8,209,0,0,0
machine_state_setup,graph_chain,10,9,9,625,0,0,10
body_state_setup,graph_chain,10,9,9,209,0,0,0
machine_state_setup,graph_chain,10,9,10,625,0,0,10
body_state_setup,graph_chain,10,9,10,208,0,0,0
machine_state_setup,graph_chain,10,9,11,625,0,0,10
body_state_setup,graph_chain,10,9,11,208,0,0,0
machine_state_setup,graph_chain,10,9,12,667,0,0,10
body_state_setup,graph_chain,10,9,12,208,0,0,0
machine_state_setup,graph_chain,10,9,13,625,0,0,10
body_state_setup,graph_chain,10,9,13,208,0,0,0
machine_state_setup,graph_chain,10,9,14,625,0,0,10
body_state_setup,graph_chain,10,9,14,209,0,0,0
machine_state_setup,graph_chain,10,9,15,625,0,0,10
body_state_setup,graph_chain,10,9,15,208,0,0,0
machine_state_setup,graph_chain,10,9,16,625,0,0,10
body_state_setup,graph_chain,10,9,16,208,0,0,0
machine_state_setup,graph_chain,10,9,17,625,0,0,10
body_state_setup,graph_chain,10,9,17,208,0,0,0
machine_state_setup,graph_chain,10,9,18,625,0,0,10
body_state_setup,graph_chain,10,9,18,208,0,0,0
machine_state_setup,graph_chain,10,9,19,625,0,0,10
body_state_setup,graph_chain,10,9,19,250,0,0,0
machine_state_setup,graph_chain,10,9,20,625,0,0,10
body_state_setup,graph_chain,10,9,20,208,0,0,0
machine_state_setup,graph_chain,10,9,21,625,0,0,10
body_state_setup,graph_chain,10,9,21,250,0,0,0
machine_state_setup,graph_chain,10,9,22,625,0,0,10
body_state_setup,graph_chain,10,9,22,208,0,0,0
machine_state_setup,graph_chain,10,9,23,625,0,0,10
body_state_setup,graph_chain,10,9,23,250,0,0,0
machine_state_setup,graph_chain,10,9,24,625,0,0,10
body_state_setup,graph_chain,10,9,24,250,0,0,0
machine_state_setup,graph_chain,10,9,25,625,0,0,10
body_state_setup,graph_chain,10,9,25,250,0,0,0
machine_state_setup,graph_chain,10,9,26,625,0,0,10
body_state_setup,graph_chain,10,9,26,167,0,0,0
machine_state_setup,graph_chain,10,9,27,625,0,0,10
body_state_setup,graph_chain,10,9,27,209,0,0,0
machine_state_setup,graph_chain,10,9,28,625,0,0,10
body_state_setup,graph_chain,10,9,28,208,0,0,0
machine_state_setup,graph_chain,10,9,29,625,0,0,10
body_state_setup,graph_chain,10,9,29,208,0,0,0
machine_state_setup,graph_chain,10,9,30,625,0,0,10
body_state_setup,graph_chain,10,9,30,208,0,0,0
machine_state_setup,graph_chain,10,9,31,625,0,0,10
body_state_setup,graph_chain,10,9,31,208,0,0,0
machine_state_setup,graph_chain,10,9,32,625,0,0,10
body_state_setup,graph_chain,10,9,32,208,0,0,0
machine_state_setup,graph_chain,10,9,33,625,0,0,10
body_state_setup,graph_chain,10,9,33,209,0,0,0
machine_state_setup,graph_chain,10,9,34,625,0,0,10
body_state_setup,graph_chain,10,9,34,250,0,0,0
machine_state_setup,graph_chain,10,9,35,625,0,0,10
body_state_setup,graph_chain,10,9,35,208,0,0,0
machine_state_setup,graph_chain,10,9,36,625,0,0,10
body_state_setup,graph_chain,10,9,36,208,0,0,0
machine_state_setup,graph_chain,10,9,37,666,0,0,10
body_state_setup,graph_chain,10,9,37,250,0,0,0
machine_state_setup,graph_chain,10,9,38,625,0,0,10
body_state_setup,graph_chain,10,9,38,208,0,0,0
machine_state_setup,graph_chain,10,9,39,625,0,0,10
body_state_setup,graph_chain,10,9,39,167,0,0,0
pure_machine_events_preseeded,graph_chain,10,9,0,9000,0,0,10
pure_machine_events_preseeded,graph_chain,10,9,1,8125,0,0,10
pure_machine_events_preseeded,graph_chain,10,9,2,7959,0,0,10
pure_machine_events_preseeded,graph_chain,10,9,3,8042,0,0,10
pure_machine_events_preseeded,graph_chain,10,9,4,8000,0,0,10
pure_machine_events_preseeded,graph_chain,10,9,5,7959,0,0,10
pure_machine_events_preseeded,graph_chain,10,9,6,8084,0,0,10
pure_machine_events_preseeded,graph_chain,10,9,7,7958,0,0,10
pure_machine_events_preseeded,graph_chain,10,9,8,7958,0,0,10
pure_machine_events_preseeded,graph_chain,10,9,9,7959,0,0,10
pure_machine_events_preseeded,graph_chain,10,9,10,8000,0,0,10
pure_machine_events_preseeded,graph_chain,10,9,11,7916,0,0,10
pure_machine_events_preseeded,graph_chain,10,9,12,8291,0,0,10
pure_machine_events_preseeded,graph_chain,10,9,13,7958,0,0,10
pure_machine_events_preseeded,graph_chain,10,9,14,8208,0,0,10
pure_machine_events_preseeded,graph_chain,10,9,15,8000,0,0,10
pure_machine_events_preseeded,graph_chain,10,9,16,7958,0,0,10
pure_machine_events_preseeded,graph_chain,10,9,17,10167,0,0,10
pure_machine_events_preseeded,graph_chain,10,9,18,10083,0,0,10
pure_machine_events_preseeded,graph_chain,10,9,19,10417,0,0,10
pure_machine_events_preseeded,graph_chain,10,9,20,9291,0,0,10
pure_machine_events_preseeded,graph_chain,10,9,21,8875,0,0,10
pure_machine_events_preseeded,graph_chain,10,9,22,10375,0,0,10
pure_machine_events_preseeded,graph_chain,10,9,23,10875,0,0,10
pure_machine_events_preseeded,graph_chain,10,9,24,10333,0,0,10
pure_machine_events_preseeded,graph_chain,10,9,25,10292,0,0,10
pure_machine_events_preseeded,graph_chain,10,9,26,9667,0,0,10
pure_machine_events_preseeded,graph_chain,10,9,27,8292,0,0,10
pure_machine_events_preseeded,graph_chain,10,9,28,9542,0,0,10
pure_machine_events_preseeded,graph_chain,10,9,29,10416,0,0,10
pure_machine_events_preseeded,graph_chain,10,9,30,9458,0,0,10
pure_machine_events_preseeded,graph_chain,10,9,31,8583,0,0,10
pure_machine_events_preseeded,graph_chain,10,9,32,8459,0,0,10
pure_machine_events_preseeded,graph_chain,10,9,33,8625,0,0,10
pure_machine_events_preseeded,graph_chain,10,9,34,8084,0,0,10
pure_machine_events_preseeded,graph_chain,10,9,35,8209,0,0,10
pure_machine_events_preseeded,graph_chain,10,9,36,8333,0,0,10
pure_machine_events_preseeded,graph_chain,10,9,37,8250,0,0,10
pure_machine_events_preseeded,graph_chain,10,9,38,8541,0,0,10
pure_machine_events_preseeded,graph_chain,10,9,39,9041,0,0,10
fixture_generation,graph_wide,10,9,0,833,0,0,50
fixture_generation,graph_wide,10,9,1,791,0,0,50
fixture_generation,graph_wide,10,9,2,792,0,0,50
fixture_generation,graph_wide,10,9,3,792,0,0,50
fixture_generation,graph_wide,10,9,4,750,0,0,50
fixture_generation,graph_wide,10,9,5,875,0,0,50
fixture_generation,graph_wide,10,9,6,750,0,0,50
fixture_generation,graph_wide,10,9,7,750,0,0,50
fixture_generation,graph_wide,10,9,8,750,0,0,50
fixture_generation,graph_wide,10,9,9,750,0,0,50
fixture_generation,graph_wide,10,9,10,791,0,0,50
fixture_generation,graph_wide,10,9,11,750,0,0,50
fixture_generation,graph_wide,10,9,12,750,0,0,50
fixture_generation,graph_wide,10,9,13,750,0,0,50
fixture_generation,graph_wide,10,9,14,667,0,0,50
fixture_generation,graph_wide,10,9,15,625,0,0,50
fixture_generation,graph_wide,10,9,16,583,0,0,50
fixture_generation,graph_wide,10,9,17,583,0,0,50
fixture_generation,graph_wide,10,9,18,583,0,0,50
fixture_generation,graph_wide,10,9,19,583,0,0,50
plan_build,graph_wide,10,9,0,7750,0,0,10
plan_build,graph_wide,10,9,1,6125,0,0,10
plan_build,graph_wide,10,9,2,5792,0,0,10
plan_build,graph_wide,10,9,3,5709,0,0,10
plan_build,graph_wide,10,9,4,5542,0,0,10
plan_build,graph_wide,10,9,5,5667,0,0,10
plan_build,graph_wide,10,9,6,5666,0,0,10
plan_build,graph_wide,10,9,7,5875,0,0,10
plan_build,graph_wide,10,9,8,6875,0,0,10
plan_build,graph_wide,10,9,9,7167,0,0,10
plan_build,graph_wide,10,9,10,7000,0,0,10
plan_build,graph_wide,10,9,11,6875,0,0,10
plan_build,graph_wide,10,9,12,6792,0,0,10
plan_build,graph_wide,10,9,13,6750,0,0,10
plan_build,graph_wide,10,9,14,7208,0,0,10
plan_build,graph_wide,10,9,15,6208,0,0,10
plan_build,graph_wide,10,9,16,5459,0,0,10
plan_build,graph_wide,10,9,17,5375,0,0,10
plan_build,graph_wide,10,9,18,5375,0,0,10
plan_build,graph_wide,10,9,19,5500,0,0,10
plan_build_alloc,graph_wide,10,9,0,0,156,35255,10
engine_execution,graph_wide,10,9,0,26542,0,0,8
engine_execution,graph_wide,10,9,1,30875,0,0,9
engine_execution,graph_wide,10,9,2,27000,0,0,10
engine_execution,graph_wide,10,9,3,26292,0,0,11
engine_execution,graph_wide,10,9,4,26000,0,0,12
engine_execution,graph_wide,10,9,5,26208,0,0,13
engine_execution,graph_wide,10,9,6,26500,0,0,14
engine_execution,graph_wide,10,9,7,26041,0,0,15
engine_execution,graph_wide,10,9,8,26042,0,0,0
engine_execution,graph_wide,10,9,9,27292,0,0,1
engine_execution,graph_wide,10,9,10,29125,0,0,2
engine_execution,graph_wide,10,9,11,27125,0,0,3
engine_execution,graph_wide,10,9,12,30542,0,0,4
engine_execution,graph_wide,10,9,13,28375,0,0,5
engine_execution,graph_wide,10,9,14,27083,0,0,6
engine_execution,graph_wide,10,9,15,30875,0,0,7
engine_execution,graph_wide,10,9,16,27583,0,0,24
engine_execution,graph_wide,10,9,17,26541,0,0,25
engine_execution,graph_wide,10,9,18,26458,0,0,26
engine_execution,graph_wide,10,9,19,26250,0,0,27
engine_execution,graph_wide,10,9,20,26500,0,0,28
engine_execution,graph_wide,10,9,21,29625,0,0,29
engine_execution,graph_wide,10,9,22,26667,0,0,30
engine_execution,graph_wide,10,9,23,26750,0,0,31
engine_execution,graph_wide,10,9,24,30875,0,0,16
engine_execution,graph_wide,10,9,25,26625,0,0,17
engine_execution,graph_wide,10,9,26,25708,0,0,18
engine_execution,graph_wide,10,9,27,26291,0,0,19
engine_execution,graph_wide,10,9,28,29334,0,0,20
engine_execution,graph_wide,10,9,29,27125,0,0,21
engine_execution,graph_wide,10,9,30,26958,0,0,22
engine_execution,graph_wide,10,9,31,30417,0,0,23
engine_execution,graph_wide,10,9,32,26958,0,0,40
engine_execution,graph_wide,10,9,33,26083,0,0,41
engine_execution,graph_wide,10,9,34,26042,0,0,42
engine_execution,graph_wide,10,9,35,26333,0,0,43
engine_execution,graph_wide,10,9,36,29375,0,0,44
engine_execution,graph_wide,10,9,37,27666,0,0,45
engine_execution,graph_wide,10,9,38,26750,0,0,46
engine_execution,graph_wide,10,9,39,30875,0,0,47
engine_execution_alloc,graph_wide,10,9,0,0,572,48287,23122
machine_state_setup,graph_wide,10,9,0,666,0,0,10
body_state_setup,graph_wide,10,9,0,250,0,0,0
machine_state_setup,graph_wide,10,9,1,666,0,0,10
body_state_setup,graph_wide,10,9,1,250,0,0,0
machine_state_setup,graph_wide,10,9,2,667,0,0,10
body_state_setup,graph_wide,10,9,2,291,0,0,0
machine_state_setup,graph_wide,10,9,3,625,0,0,10
body_state_setup,graph_wide,10,9,3,208,0,0,0
machine_state_setup,graph_wide,10,9,4,625,0,0,10
body_state_setup,graph_wide,10,9,4,250,0,0,0
machine_state_setup,graph_wide,10,9,5,625,0,0,10
body_state_setup,graph_wide,10,9,5,208,0,0,0
machine_state_setup,graph_wide,10,9,6,625,0,0,10
body_state_setup,graph_wide,10,9,6,250,0,0,0
machine_state_setup,graph_wide,10,9,7,625,0,0,10
body_state_setup,graph_wide,10,9,7,250,0,0,0
machine_state_setup,graph_wide,10,9,8,625,0,0,10
body_state_setup,graph_wide,10,9,8,208,0,0,0
machine_state_setup,graph_wide,10,9,9,625,0,0,10
body_state_setup,graph_wide,10,9,9,209,0,0,0
machine_state_setup,graph_wide,10,9,10,667,0,0,10
body_state_setup,graph_wide,10,9,10,292,0,0,0
machine_state_setup,graph_wide,10,9,11,625,0,0,10
body_state_setup,graph_wide,10,9,11,250,0,0,0
machine_state_setup,graph_wide,10,9,12,667,0,0,10
body_state_setup,graph_wide,10,9,12,208,0,0,0
machine_state_setup,graph_wide,10,9,13,625,0,0,10
body_state_setup,graph_wide,10,9,13,209,0,0,0
machine_state_setup,graph_wide,10,9,14,625,0,0,10
body_state_setup,graph_wide,10,9,14,209,0,0,0
machine_state_setup,graph_wide,10,9,15,625,0,0,10
body_state_setup,graph_wide,10,9,15,208,0,0,0
machine_state_setup,graph_wide,10,9,16,625,0,0,10
body_state_setup,graph_wide,10,9,16,250,0,0,0
machine_state_setup,graph_wide,10,9,17,583,0,0,10
body_state_setup,graph_wide,10,9,17,208,0,0,0
machine_state_setup,graph_wide,10,9,18,625,0,0,10
body_state_setup,graph_wide,10,9,18,208,0,0,0
machine_state_setup,graph_wide,10,9,19,667,0,0,10
body_state_setup,graph_wide,10,9,19,250,0,0,0
machine_state_setup,graph_wide,10,9,20,666,0,0,10
body_state_setup,graph_wide,10,9,20,250,0,0,0
machine_state_setup,graph_wide,10,9,21,625,0,0,10
body_state_setup,graph_wide,10,9,21,208,0,0,0
machine_state_setup,graph_wide,10,9,22,625,0,0,10
body_state_setup,graph_wide,10,9,22,208,0,0,0
machine_state_setup,graph_wide,10,9,23,625,0,0,10
body_state_setup,graph_wide,10,9,23,250,0,0,0
machine_state_setup,graph_wide,10,9,24,625,0,0,10
body_state_setup,graph_wide,10,9,24,250,0,0,0
machine_state_setup,graph_wide,10,9,25,625,0,0,10
body_state_setup,graph_wide,10,9,25,208,0,0,0
machine_state_setup,graph_wide,10,9,26,667,0,0,10
body_state_setup,graph_wide,10,9,26,250,0,0,0
machine_state_setup,graph_wide,10,9,27,625,0,0,10
body_state_setup,graph_wide,10,9,27,209,0,0,0
machine_state_setup,graph_wide,10,9,28,625,0,0,10
body_state_setup,graph_wide,10,9,28,209,0,0,0
machine_state_setup,graph_wide,10,9,29,625,0,0,10
body_state_setup,graph_wide,10,9,29,250,0,0,0
machine_state_setup,graph_wide,10,9,30,625,0,0,10
body_state_setup,graph_wide,10,9,30,250,0,0,0
machine_state_setup,graph_wide,10,9,31,625,0,0,10
body_state_setup,graph_wide,10,9,31,209,0,0,0
machine_state_setup,graph_wide,10,9,32,625,0,0,10
body_state_setup,graph_wide,10,9,32,250,0,0,0
machine_state_setup,graph_wide,10,9,33,625,0,0,10
body_state_setup,graph_wide,10,9,33,208,0,0,0
machine_state_setup,graph_wide,10,9,34,625,0,0,10
body_state_setup,graph_wide,10,9,34,208,0,0,0
machine_state_setup,graph_wide,10,9,35,625,0,0,10
body_state_setup,graph_wide,10,9,35,250,0,0,0
machine_state_setup,graph_wide,10,9,36,625,0,0,10
body_state_setup,graph_wide,10,9,36,250,0,0,0
machine_state_setup,graph_wide,10,9,37,667,0,0,10
body_state_setup,graph_wide,10,9,37,209,0,0,0
machine_state_setup,graph_wide,10,9,38,625,0,0,10
body_state_setup,graph_wide,10,9,38,250,0,0,0
machine_state_setup,graph_wide,10,9,39,625,0,0,10
body_state_setup,graph_wide,10,9,39,208,0,0,0
fixture_generation,graph_sparse,10,9,0,625,0,0,50
fixture_generation,graph_sparse,10,9,1,625,0,0,50
fixture_generation,graph_sparse,10,9,2,625,0,0,50
fixture_generation,graph_sparse,10,9,3,708,0,0,50
fixture_generation,graph_sparse,10,9,4,625,0,0,50
fixture_generation,graph_sparse,10,9,5,625,0,0,50
fixture_generation,graph_sparse,10,9,6,750,0,0,50
fixture_generation,graph_sparse,10,9,7,625,0,0,50
fixture_generation,graph_sparse,10,9,8,583,0,0,50
fixture_generation,graph_sparse,10,9,9,583,0,0,50
fixture_generation,graph_sparse,10,9,10,625,0,0,50
fixture_generation,graph_sparse,10,9,11,625,0,0,50
fixture_generation,graph_sparse,10,9,12,625,0,0,50
fixture_generation,graph_sparse,10,9,13,625,0,0,50
fixture_generation,graph_sparse,10,9,14,584,0,0,50
fixture_generation,graph_sparse,10,9,15,584,0,0,50
fixture_generation,graph_sparse,10,9,16,584,0,0,50
fixture_generation,graph_sparse,10,9,17,584,0,0,50
fixture_generation,graph_sparse,10,9,18,584,0,0,50
fixture_generation,graph_sparse,10,9,19,625,0,0,50
plan_build,graph_sparse,10,9,0,6750,0,0,12
plan_build,graph_sparse,10,9,1,5792,0,0,12
plan_build,graph_sparse,10,9,2,5416,0,0,12
plan_build,graph_sparse,10,9,3,5500,0,0,12
plan_build,graph_sparse,10,9,4,5375,0,0,12
plan_build,graph_sparse,10,9,5,6500,0,0,12
plan_build,graph_sparse,10,9,6,6917,0,0,12
plan_build,graph_sparse,10,9,7,6917,0,0,12
plan_build,graph_sparse,10,9,8,5916,0,0,12
plan_build,graph_sparse,10,9,9,5542,0,0,12
plan_build,graph_sparse,10,9,10,5500,0,0,12
plan_build,graph_sparse,10,9,11,5458,0,0,12
plan_build,graph_sparse,10,9,12,5583,0,0,12
plan_build,graph_sparse,10,9,13,5625,0,0,12
plan_build,graph_sparse,10,9,14,5667,0,0,12
plan_build,graph_sparse,10,9,15,5708,0,0,12
plan_build,graph_sparse,10,9,16,5916,0,0,12
plan_build,graph_sparse,10,9,17,6917,0,0,12
plan_build,graph_sparse,10,9,18,10084,0,0,12
plan_build,graph_sparse,10,9,19,7292,0,0,12
plan_build_alloc,graph_sparse,10,9,0,0,158,35195,12
engine_execution,graph_sparse,10,9,0,30542,0,0,13
engine_execution,graph_sparse,10,9,1,27583,0,0,12
engine_execution,graph_sparse,10,9,2,32000,0,0,15
engine_execution,graph_sparse,10,9,3,27708,0,0,14
engine_execution,graph_sparse,10,9,4,27083,0,0,9
engine_execution,graph_sparse,10,9,5,27417,0,0,8
engine_execution,graph_sparse,10,9,6,30417,0,0,11
engine_execution,graph_sparse,10,9,7,27375,0,0,10
engine_execution,graph_sparse,10,9,8,31917,0,0,5
engine_execution,graph_sparse,10,9,9,27416,0,0,4
engine_execution,graph_sparse,10,9,10,27042,0,0,7
engine_execution,graph_sparse,10,9,11,26583,0,0,6
engine_execution,graph_sparse,10,9,12,30875,0,0,1
engine_execution,graph_sparse,10,9,13,27083,0,0,0
engine_execution,graph_sparse,10,9,14,28708,0,0,3
engine_execution,graph_sparse,10,9,15,30417,0,0,2
engine_execution,graph_sparse,10,9,16,27333,0,0,29
engine_execution,graph_sparse,10,9,17,26541,0,0,28
engine_execution,graph_sparse,10,9,18,26417,0,0,31
engine_execution,graph_sparse,10,9,19,31084,0,0,30
engine_execution,graph_sparse,10,9,20,27208,0,0,25
engine_execution,graph_sparse,10,9,21,31084,0,0,24
engine_execution,graph_sparse,10,9,22,28584,0,0,27
engine_execution,graph_sparse,10,9,23,26833,0,0,26
engine_execution,graph_sparse,10,9,24,30583,0,0,21
engine_execution,graph_sparse,10,9,25,27416,0,0,20
engine_execution,graph_sparse,10,9,26,29208,0,0,23
engine_execution,graph_sparse,10,9,27,29958,0,0,22
engine_execution,graph_sparse,10,9,28,27291,0,0,17
engine_execution,graph_sparse,10,9,29,26792,0,0,16
engine_execution,graph_sparse,10,9,30,26875,0,0,19
engine_execution,graph_sparse,10,9,31,31459,0,0,18
engine_execution,graph_sparse,10,9,32,27375,0,0,45
engine_execution,graph_sparse,10,9,33,30083,0,0,44
engine_execution,graph_sparse,10,9,34,29292,0,0,47
engine_execution,graph_sparse,10,9,35,27333,0,0,46
engine_execution,graph_sparse,10,9,36,27416,0,0,41
engine_execution,graph_sparse,10,9,37,27000,0,0,40
engine_execution,graph_sparse,10,9,38,26833,0,0,43
engine_execution,graph_sparse,10,9,39,31083,0,0,42
engine_execution_alloc,graph_sparse,10,9,0,0,581,47329,23127
machine_state_setup,graph_sparse,10,9,0,667,0,0,10
body_state_setup,graph_sparse,10,9,0,291,0,0,0
machine_state_setup,graph_sparse,10,9,1,667,0,0,10
body_state_setup,graph_sparse,10,9,1,375,0,0,0
machine_state_setup,graph_sparse,10,9,2,667,0,0,10
body_state_setup,graph_sparse,10,9,2,250,0,0,0
machine_state_setup,graph_sparse,10,9,3,625,0,0,10
body_state_setup,graph_sparse,10,9,3,250,0,0,0
machine_state_setup,graph_sparse,10,9,4,792,0,0,10
body_state_setup,graph_sparse,10,9,4,334,0,0,0
machine_state_setup,graph_sparse,10,9,5,875,0,0,10
body_state_setup,graph_sparse,10,9,5,292,0,0,0
machine_state_setup,graph_sparse,10,9,6,792,0,0,10
body_state_setup,graph_sparse,10,9,6,333,0,0,0
machine_state_setup,graph_sparse,10,9,7,875,0,0,10
body_state_setup,graph_sparse,10,9,7,292,0,0,0
machine_state_setup,graph_sparse,10,9,8,875,0,0,10
body_state_setup,graph_sparse,10,9,8,292,0,0,0
machine_state_setup,graph_sparse,10,9,9,791,0,0,10
body_state_setup,graph_sparse,10,9,9,292,0,0,0
machine_state_setup,graph_sparse,10,9,10,834,0,0,10
body_state_setup,graph_sparse,10,9,10,250,0,0,0
machine_state_setup,graph_sparse,10,9,11,792,0,0,10
body_state_setup,graph_sparse,10,9,11,292,0,0,0
machine_state_setup,graph_sparse,10,9,12,791,0,0,10
body_state_setup,graph_sparse,10,9,12,250,0,0,0
machine_state_setup,graph_sparse,10,9,13,917,0,0,10
body_state_setup,graph_sparse,10,9,13,250,0,0,0
machine_state_setup,graph_sparse,10,9,14,792,0,0,10
body_state_setup,graph_sparse,10,9,14,292,0,0,0
machine_state_setup,graph_sparse,10,9,15,791,0,0,10
body_state_setup,graph_sparse,10,9,15,250,0,0,0
machine_state_setup,graph_sparse,10,9,16,791,0,0,10
body_state_setup,graph_sparse,10,9,16,208,0,0,0
machine_state_setup,graph_sparse,10,9,17,792,0,0,10
body_state_setup,graph_sparse,10,9,17,250,0,0,0
machine_state_setup,graph_sparse,10,9,18,792,0,0,10
body_state_setup,graph_sparse,10,9,18,250,0,0,0
machine_state_setup,graph_sparse,10,9,19,792,0,0,10
body_state_setup,graph_sparse,10,9,19,292,0,0,0
machine_state_setup,graph_sparse,10,9,20,750,0,0,10
body_state_setup,graph_sparse,10,9,20,292,0,0,0
machine_state_setup,graph_sparse,10,9,21,791,0,0,10
body_state_setup,graph_sparse,10,9,21,250,0,0,0
machine_state_setup,graph_sparse,10,9,22,708,0,0,10
body_state_setup,graph_sparse,10,9,22,209,0,0,0
machine_state_setup,graph_sparse,10,9,23,667,0,0,10
body_state_setup,graph_sparse,10,9,23,250,0,0,0
machine_state_setup,graph_sparse,10,9,24,666,0,0,10
body_state_setup,graph_sparse,10,9,24,209,0,0,0
machine_state_setup,graph_sparse,10,9,25,625,0,0,10
body_state_setup,graph_sparse,10,9,25,250,0,0,0
machine_state_setup,graph_sparse,10,9,26,625,0,0,10
body_state_setup,graph_sparse,10,9,26,291,0,0,0
machine_state_setup,graph_sparse,10,9,27,708,0,0,10
body_state_setup,graph_sparse,10,9,27,250,0,0,0
machine_state_setup,graph_sparse,10,9,28,667,0,0,10
body_state_setup,graph_sparse,10,9,28,250,0,0,0
machine_state_setup,graph_sparse,10,9,29,625,0,0,10
body_state_setup,graph_sparse,10,9,29,208,0,0,0
machine_state_setup,graph_sparse,10,9,30,625,0,0,10
body_state_setup,graph_sparse,10,9,30,208,0,0,0
machine_state_setup,graph_sparse,10,9,31,666,0,0,10
body_state_setup,graph_sparse,10,9,31,250,0,0,0
machine_state_setup,graph_sparse,10,9,32,625,0,0,10
body_state_setup,graph_sparse,10,9,32,250,0,0,0
machine_state_setup,graph_sparse,10,9,33,625,0,0,10
body_state_setup,graph_sparse,10,9,33,250,0,0,0
machine_state_setup,graph_sparse,10,9,34,625,0,0,10
body_state_setup,graph_sparse,10,9,34,250,0,0,0
machine_state_setup,graph_sparse,10,9,35,667,0,0,10
body_state_setup,graph_sparse,10,9,35,291,0,0,0
machine_state_setup,graph_sparse,10,9,36,625,0,0,10
body_state_setup,graph_sparse,10,9,36,250,0,0,0
machine_state_setup,graph_sparse,10,9,37,750,0,0,10
body_state_setup,graph_sparse,10,9,37,250,0,0,0
machine_state_setup,graph_sparse,10,9,38,667,0,0,10
body_state_setup,graph_sparse,10,9,38,208,0,0,0
machine_state_setup,graph_sparse,10,9,39,625,0,0,10
body_state_setup,graph_sparse,10,9,39,250,0,0,0
fixture_generation,graph_chain,100,99,0,5417,0,0,500
fixture_generation,graph_chain,100,99,1,5417,0,0,500
fixture_generation,graph_chain,100,99,2,5458,0,0,500
fixture_generation,graph_chain,100,99,3,5500,0,0,500
fixture_generation,graph_chain,100,99,4,5375,0,0,500
fixture_generation,graph_chain,100,99,5,5417,0,0,500
fixture_generation,graph_chain,100,99,6,5416,0,0,500
fixture_generation,graph_chain,100,99,7,5375,0,0,500
fixture_generation,graph_chain,100,99,8,5333,0,0,500
fixture_generation,graph_chain,100,99,9,5375,0,0,500
fixture_generation,graph_chain,100,99,10,5500,0,0,500
fixture_generation,graph_chain,100,99,11,5500,0,0,500
fixture_generation,graph_chain,100,99,12,5500,0,0,500
fixture_generation,graph_chain,100,99,13,5500,0,0,500
fixture_generation,graph_chain,100,99,14,5458,0,0,500
fixture_generation,graph_chain,100,99,15,6500,0,0,500
fixture_generation,graph_chain,100,99,16,6958,0,0,500
fixture_generation,graph_chain,100,99,17,6791,0,0,500
fixture_generation,graph_chain,100,99,18,5709,0,0,500
fixture_generation,graph_chain,100,99,19,5625,0,0,500
plan_build,graph_chain,100,99,0,76250,0,0,11
plan_build,graph_chain,100,99,1,57458,0,0,11
plan_build,graph_chain,100,99,2,58208,0,0,11
plan_build,graph_chain,100,99,3,56625,0,0,11
plan_build,graph_chain,100,99,4,61667,0,0,11
plan_build,graph_chain,100,99,5,53042,0,0,11
plan_build,graph_chain,100,99,6,52291,0,0,11
plan_build,graph_chain,100,99,7,57500,0,0,11
plan_build,graph_chain,100,99,8,58375,0,0,11
plan_build,graph_chain,100,99,9,52792,0,0,11
plan_build,graph_chain,100,99,10,57000,0,0,11
plan_build,graph_chain,100,99,11,58084,0,0,11
plan_build,graph_chain,100,99,12,52959,0,0,11
plan_build,graph_chain,100,99,13,52167,0,0,11
plan_build,graph_chain,100,99,14,52625,0,0,11
plan_build,graph_chain,100,99,15,57250,0,0,11
plan_build,graph_chain,100,99,16,61625,0,0,11
plan_build,graph_chain,100,99,17,55917,0,0,11
plan_build,graph_chain,100,99,18,56916,0,0,11
plan_build,graph_chain,100,99,19,57833,0,0,11
plan_build_alloc,graph_chain,100,99,0,0,1269,304543,11
engine_execution,graph_chain,100,99,0,321792,0,0,1
engine_execution,graph_chain,100,99,1,324333,0,0,0
engine_execution,graph_chain,100,99,2,332708,0,0,3
engine_execution,graph_chain,100,99,3,322958,0,0,2
engine_execution,graph_chain,100,99,4,339333,0,0,5
engine_execution,graph_chain,100,99,5,318250,0,0,4
engine_execution,graph_chain,100,99,6,319666,0,0,7
engine_execution,graph_chain,100,99,7,317375,0,0,6
engine_execution,graph_chain,100,99,8,321291,0,0,9
engine_execution,graph_chain,100,99,9,324208,0,0,8
engine_execution,graph_chain,100,99,10,314000,0,0,11
engine_execution,graph_chain,100,99,11,325000,0,0,10
engine_execution,graph_chain,100,99,12,326250,0,0,13
engine_execution,graph_chain,100,99,13,324167,0,0,12
engine_execution,graph_chain,100,99,14,330500,0,0,15
engine_execution,graph_chain,100,99,15,327917,0,0,14
engine_execution,graph_chain,100,99,16,325750,0,0,17
engine_execution,graph_chain,100,99,17,327667,0,0,16
engine_execution,graph_chain,100,99,18,321459,0,0,19
engine_execution,graph_chain,100,99,19,324709,0,0,18
engine_execution,graph_chain,100,99,20,327542,0,0,21
engine_execution,graph_chain,100,99,21,317958,0,0,20
engine_execution,graph_chain,100,99,22,316167,0,0,23
engine_execution,graph_chain,100,99,23,320042,0,0,22
engine_execution,graph_chain,100,99,24,323208,0,0,25
engine_execution,graph_chain,100,99,25,315916,0,0,24
engine_execution,graph_chain,100,99,26,323500,0,0,27
engine_execution,graph_chain,100,99,27,318875,0,0,26
engine_execution,graph_chain,100,99,28,321000,0,0,29
engine_execution,graph_chain,100,99,29,307042,0,0,28
engine_execution,graph_chain,100,99,30,328917,0,0,31
engine_execution,graph_chain,100,99,31,311917,0,0,30
engine_execution,graph_chain,100,99,32,319750,0,0,33
engine_execution,graph_chain,100,99,33,308583,0,0,32
engine_execution,graph_chain,100,99,34,324500,0,0,35
engine_execution,graph_chain,100,99,35,304708,0,0,34
engine_execution,graph_chain,100,99,36,320333,0,0,37
engine_execution,graph_chain,100,99,37,308875,0,0,36
engine_execution,graph_chain,100,99,38,311708,0,0,39
engine_execution,graph_chain,100,99,39,312166,0,0,38
engine_execution_alloc,graph_chain,100,99,0,0,5366,523200,23131
machine_state_setup,graph_chain,100,99,0,5333,0,0,100
body_state_setup,graph_chain,100,99,0,416,0,0,0
machine_state_setup,graph_chain,100,99,1,5000,0,0,100
body_state_setup,graph_chain,100,99,1,334,0,0,0
machine_state_setup,graph_chain,100,99,2,4875,0,0,100
body_state_setup,graph_chain,100,99,2,292,0,0,0
machine_state_setup,graph_chain,100,99,3,4917,0,0,100
body_state_setup,graph_chain,100,99,3,291,0,0,0
machine_state_setup,graph_chain,100,99,4,4875,0,0,100
body_state_setup,graph_chain,100,99,4,250,0,0,0
machine_state_setup,graph_chain,100,99,5,6041,0,0,100
body_state_setup,graph_chain,100,99,5,292,0,0,0
machine_state_setup,graph_chain,100,99,6,6167,0,0,100
body_state_setup,graph_chain,100,99,6,333,0,0,0
machine_state_setup,graph_chain,100,99,7,6000,0,0,100
body_state_setup,graph_chain,100,99,7,333,0,0,0
machine_state_setup,graph_chain,100,99,8,6083,0,0,100
body_state_setup,graph_chain,100,99,8,291,0,0,0
machine_state_setup,graph_chain,100,99,9,6125,0,0,100
body_state_setup,graph_chain,100,99,9,333,0,0,0
machine_state_setup,graph_chain,100,99,10,6250,0,0,100
body_state_setup,graph_chain,100,99,10,334,0,0,0
machine_state_setup,graph_chain,100,99,11,6250,0,0,100
body_state_setup,graph_chain,100,99,11,334,0,0,0
machine_state_setup,graph_chain,100,99,12,6167,0,0,100
body_state_setup,graph_chain,100,99,12,333,0,0,0
machine_state_setup,graph_chain,100,99,13,6125,0,0,100
body_state_setup,graph_chain,100,99,13,334,0,0,0
machine_state_setup,graph_chain,100,99,14,4958,0,0,100
body_state_setup,graph_chain,100,99,14,250,0,0,0
machine_state_setup,graph_chain,100,99,15,4917,0,0,100
body_state_setup,graph_chain,100,99,15,250,0,0,0
machine_state_setup,graph_chain,100,99,16,5000,0,0,100
body_state_setup,graph_chain,100,99,16,291,0,0,0
machine_state_setup,graph_chain,100,99,17,5042,0,0,100
body_state_setup,graph_chain,100,99,17,250,0,0,0
machine_state_setup,graph_chain,100,99,18,5041,0,0,100
body_state_setup,graph_chain,100,99,18,292,0,0,0
machine_state_setup,graph_chain,100,99,19,4916,0,0,100
body_state_setup,graph_chain,100,99,19,250,0,0,0
machine_state_setup,graph_chain,100,99,20,6041,0,0,100
body_state_setup,graph_chain,100,99,20,333,0,0,0
machine_state_setup,graph_chain,100,99,21,6292,0,0,100
body_state_setup,graph_chain,100,99,21,334,0,0,0
machine_state_setup,graph_chain,100,99,22,6334,0,0,100
body_state_setup,graph_chain,100,99,22,292,0,0,0
machine_state_setup,graph_chain,100,99,23,5666,0,0,100
body_state_setup,graph_chain,100,99,23,250,0,0,0
machine_state_setup,graph_chain,100,99,24,4917,0,0,100
body_state_setup,graph_chain,100,99,24,250,0,0,0
machine_state_setup,graph_chain,100,99,25,4917,0,0,100
body_state_setup,graph_chain,100,99,25,250,0,0,0
machine_state_setup,graph_chain,100,99,26,5208,0,0,100
body_state_setup,graph_chain,100,99,26,333,0,0,0
machine_state_setup,graph_chain,100,99,27,6417,0,0,100
body_state_setup,graph_chain,100,99,27,334,0,0,0
machine_state_setup,graph_chain,100,99,28,6334,0,0,100
body_state_setup,graph_chain,100,99,28,333,0,0,0
machine_state_setup,graph_chain,100,99,29,5583,0,0,100
body_state_setup,graph_chain,100,99,29,250,0,0,0
machine_state_setup,graph_chain,100,99,30,5000,0,0,100
body_state_setup,graph_chain,100,99,30,250,0,0,0
machine_state_setup,graph_chain,100,99,31,5041,0,0,100
body_state_setup,graph_chain,100,99,31,250,0,0,0
machine_state_setup,graph_chain,100,99,32,5041,0,0,100
body_state_setup,graph_chain,100,99,32,250,0,0,0
machine_state_setup,graph_chain,100,99,33,5042,0,0,100
body_state_setup,graph_chain,100,99,33,291,0,0,0
machine_state_setup,graph_chain,100,99,34,5042,0,0,100
body_state_setup,graph_chain,100,99,34,291,0,0,0
machine_state_setup,graph_chain,100,99,35,5042,0,0,100
body_state_setup,graph_chain,100,99,35,250,0,0,0
machine_state_setup,graph_chain,100,99,36,5167,0,0,100
body_state_setup,graph_chain,100,99,36,250,0,0,0
machine_state_setup,graph_chain,100,99,37,5209,0,0,100
body_state_setup,graph_chain,100,99,37,250,0,0,0
machine_state_setup,graph_chain,100,99,38,6250,0,0,100
body_state_setup,graph_chain,100,99,38,333,0,0,0
machine_state_setup,graph_chain,100,99,39,6500,0,0,100
body_state_setup,graph_chain,100,99,39,458,0,0,0
pure_machine_events_preseeded,graph_chain,100,99,0,125333,0,0,101
pure_machine_events_preseeded,graph_chain,100,99,1,131625,0,0,101
pure_machine_events_preseeded,graph_chain,100,99,2,124458,0,0,101
pure_machine_events_preseeded,graph_chain,100,99,3,128042,0,0,101
pure_machine_events_preseeded,graph_chain,100,99,4,131916,0,0,101
pure_machine_events_preseeded,graph_chain,100,99,5,128417,0,0,101
pure_machine_events_preseeded,graph_chain,100,99,6,125958,0,0,101
pure_machine_events_preseeded,graph_chain,100,99,7,126041,0,0,101
pure_machine_events_preseeded,graph_chain,100,99,8,130667,0,0,101
pure_machine_events_preseeded,graph_chain,100,99,9,126750,0,0,101
pure_machine_events_preseeded,graph_chain,100,99,10,126375,0,0,101
pure_machine_events_preseeded,graph_chain,100,99,11,129125,0,0,101
pure_machine_events_preseeded,graph_chain,100,99,12,126250,0,0,101
pure_machine_events_preseeded,graph_chain,100,99,13,137583,0,0,101
pure_machine_events_preseeded,graph_chain,100,99,14,125750,0,0,101
pure_machine_events_preseeded,graph_chain,100,99,15,136041,0,0,101
pure_machine_events_preseeded,graph_chain,100,99,16,136167,0,0,101
pure_machine_events_preseeded,graph_chain,100,99,17,122291,0,0,101
pure_machine_events_preseeded,graph_chain,100,99,18,127292,0,0,101
pure_machine_events_preseeded,graph_chain,100,99,19,123209,0,0,101
pure_machine_events_preseeded,graph_chain,100,99,20,129167,0,0,101
pure_machine_events_preseeded,graph_chain,100,99,21,122416,0,0,101
pure_machine_events_preseeded,graph_chain,100,99,22,127750,0,0,101
pure_machine_events_preseeded,graph_chain,100,99,23,122167,0,0,101
pure_machine_events_preseeded,graph_chain,100,99,24,126208,0,0,101
pure_machine_events_preseeded,graph_chain,100,99,25,129667,0,0,101
pure_machine_events_preseeded,graph_chain,100,99,26,117916,0,0,101
pure_machine_events_preseeded,graph_chain,100,99,27,131750,0,0,101
pure_machine_events_preseeded,graph_chain,100,99,28,121500,0,0,101
pure_machine_events_preseeded,graph_chain,100,99,29,128292,0,0,101
pure_machine_events_preseeded,graph_chain,100,99,30,127875,0,0,101
pure_machine_events_preseeded,graph_chain,100,99,31,123625,0,0,101
pure_machine_events_preseeded,graph_chain,100,99,32,128625,0,0,101
pure_machine_events_preseeded,graph_chain,100,99,33,118917,0,0,101
pure_machine_events_preseeded,graph_chain,100,99,34,129041,0,0,101
pure_machine_events_preseeded,graph_chain,100,99,35,122667,0,0,101
pure_machine_events_preseeded,graph_chain,100,99,36,124042,0,0,101
pure_machine_events_preseeded,graph_chain,100,99,37,122291,0,0,101
pure_machine_events_preseeded,graph_chain,100,99,38,126833,0,0,101
pure_machine_events_preseeded,graph_chain,100,99,39,127833,0,0,101
fixture_generation,graph_wide,100,99,0,5583,0,0,500
fixture_generation,graph_wide,100,99,1,5458,0,0,500
fixture_generation,graph_wide,100,99,2,5417,0,0,500
fixture_generation,graph_wide,100,99,3,5459,0,0,500
fixture_generation,graph_wide,100,99,4,5417,0,0,500
fixture_generation,graph_wide,100,99,5,5417,0,0,500
fixture_generation,graph_wide,100,99,6,5417,0,0,500
fixture_generation,graph_wide,100,99,7,5375,0,0,500
fixture_generation,graph_wide,100,99,8,5334,0,0,500
fixture_generation,graph_wide,100,99,9,5417,0,0,500
fixture_generation,graph_wide,100,99,10,5417,0,0,500
fixture_generation,graph_wide,100,99,11,5417,0,0,500
fixture_generation,graph_wide,100,99,12,5417,0,0,500
fixture_generation,graph_wide,100,99,13,5417,0,0,500
fixture_generation,graph_wide,100,99,14,5417,0,0,500
fixture_generation,graph_wide,100,99,15,5375,0,0,500
fixture_generation,graph_wide,100,99,16,5917,0,0,500
fixture_generation,graph_wide,100,99,17,7083,0,0,500
fixture_generation,graph_wide,100,99,18,6875,0,0,500
fixture_generation,graph_wide,100,99,19,6125,0,0,500
plan_build,graph_wide,100,99,0,78792,0,0,10
plan_build,graph_wide,100,99,1,57250,0,0,10
plan_build,graph_wide,100,99,2,54958,0,0,10
plan_build,graph_wide,100,99,3,58791,0,0,10
plan_build,graph_wide,100,99,4,65542,0,0,10
plan_build,graph_wide,100,99,5,56000,0,0,10
plan_build,graph_wide,100,99,6,60459,0,0,10
plan_build,graph_wide,100,99,7,60667,0,0,10
plan_build,graph_wide,100,99,8,56833,0,0,10
plan_build,graph_wide,100,99,9,54791,0,0,10
plan_build,graph_wide,100,99,10,57292,0,0,10
plan_build,graph_wide,100,99,11,58000,0,0,10
plan_build,graph_wide,100,99,12,61875,0,0,10
plan_build,graph_wide,100,99,13,58625,0,0,10
plan_build,graph_wide,100,99,14,62583,0,0,10
plan_build,graph_wide,100,99,15,55291,0,0,10
plan_build,graph_wide,100,99,16,58208,0,0,10
plan_build,graph_wide,100,99,17,58500,0,0,10
plan_build,graph_wide,100,99,18,59709,0,0,10
plan_build,graph_wide,100,99,19,55083,0,0,10
plan_build_alloc,graph_wide,100,99,0,0,1176,303389,10
engine_execution,graph_wide,100,99,0,260250,0,0,98
engine_execution,graph_wide,100,99,1,264166,0,0,99
engine_execution,graph_wide,100,99,2,265583,0,0,96
engine_execution,graph_wide,100,99,3,262917,0,0,97
engine_execution,graph_wide,100,99,4,260084,0,0,102
engine_execution,graph_wide,100,99,5,261417,0,0,103
engine_execution,graph_wide,100,99,6,262875,0,0,100
engine_execution,graph_wide,100,99,7,264042,0,0,101
engine_execution,graph_wide,100,99,8,267000,0,0,106
engine_execution,graph_wide,100,99,9,263792,0,0,107
engine_execution,graph_wide,100,99,10,264958,0,0,104
engine_execution,graph_wide,100,99,11,273416,0,0,105
engine_execution,graph_wide,100,99,12,268875,0,0,110
engine_execution,graph_wide,100,99,13,260458,0,0,111
engine_execution,graph_wide,100,99,14,260458,0,0,108
engine_execution,graph_wide,100,99,15,264292,0,0,109
engine_execution,graph_wide,100,99,16,260583,0,0,114
engine_execution,graph_wide,100,99,17,259500,0,0,115
engine_execution,graph_wide,100,99,18,266875,0,0,112
engine_execution,graph_wide,100,99,19,258125,0,0,113
engine_execution,graph_wide,100,99,20,262667,0,0,118
engine_execution,graph_wide,100,99,21,257875,0,0,119
engine_execution,graph_wide,100,99,22,253750,0,0,116
engine_execution,graph_wide,100,99,23,251250,0,0,117
engine_execution,graph_wide,100,99,24,251917,0,0,122
engine_execution,graph_wide,100,99,25,252958,0,0,123
engine_execution,graph_wide,100,99,26,251208,0,0,120
engine_execution,graph_wide,100,99,27,253916,0,0,121
engine_execution,graph_wide,100,99,28,257750,0,0,126
engine_execution,graph_wide,100,99,29,257958,0,0,127
engine_execution,graph_wide,100,99,30,250916,0,0,124
engine_execution,graph_wide,100,99,31,277417,0,0,125
engine_execution,graph_wide,100,99,32,394292,0,0,66
engine_execution,graph_wide,100,99,33,286583,0,0,67
engine_execution,graph_wide,100,99,34,286042,0,0,64
engine_execution,graph_wide,100,99,35,269334,0,0,65
engine_execution,graph_wide,100,99,36,278041,0,0,70
engine_execution,graph_wide,100,99,37,266875,0,0,71
engine_execution,graph_wide,100,99,38,266708,0,0,68
engine_execution,graph_wide,100,99,39,269292,0,0,69
engine_execution_alloc,graph_wide,100,99,0,0,5094,478431,23096
machine_state_setup,graph_wide,100,99,0,6458,0,0,100
body_state_setup,graph_wide,100,99,0,583,0,0,0
machine_state_setup,graph_wide,100,99,1,6083,0,0,100
body_state_setup,graph_wide,100,99,1,417,0,0,0
machine_state_setup,graph_wide,100,99,2,6000,0,0,100
body_state_setup,graph_wide,100,99,2,292,0,0,0
machine_state_setup,graph_wide,100,99,3,4709,0,0,100
body_state_setup,graph_wide,100,99,3,291,0,0,0
machine_state_setup,graph_wide,100,99,4,4709,0,0,100
body_state_setup,graph_wide,100,99,4,292,0,0,0
machine_state_setup,graph_wide,100,99,5,4666,0,0,100
body_state_setup,graph_wide,100,99,5,250,0,0,0
machine_state_setup,graph_wide,100,99,6,4667,0,0,100
body_state_setup,graph_wide,100,99,6,291,0,0,0
machine_state_setup,graph_wide,100,99,7,4667,0,0,100
body_state_setup,graph_wide,100,99,7,291,0,0,0
machine_state_setup,graph_wide,100,99,8,4625,0,0,100
body_state_setup,graph_wide,100,99,8,250,0,0,0
machine_state_setup,graph_wide,100,99,9,4667,0,0,100
body_state_setup,graph_wide,100,99,9,291,0,0,0
machine_state_setup,graph_wide,100,99,10,4667,0,0,100
body_state_setup,graph_wide,100,99,10,250,0,0,0
machine_state_setup,graph_wide,100,99,11,4709,0,0,100
body_state_setup,graph_wide,100,99,11,250,0,0,0
machine_state_setup,graph_wide,100,99,12,4708,0,0,100
body_state_setup,graph_wide,100,99,12,292,0,0,0
machine_state_setup,graph_wide,100,99,13,4666,0,0,100
body_state_setup,graph_wide,100,99,13,250,0,0,0
machine_state_setup,graph_wide,100,99,14,4708,0,0,100
body_state_setup,graph_wide,100,99,14,250,0,0,0
machine_state_setup,graph_wide,100,99,15,4708,0,0,100
body_state_setup,graph_wide,100,99,15,291,0,0,0
machine_state_setup,graph_wide,100,99,16,4667,0,0,100
body_state_setup,graph_wide,100,99,16,250,0,0,0
machine_state_setup,graph_wide,100,99,17,4709,0,0,100
body_state_setup,graph_wide,100,99,17,250,0,0,0
machine_state_setup,graph_wide,100,99,18,4667,0,0,100
body_state_setup,graph_wide,100,99,18,292,0,0,0
machine_state_setup,graph_wide,100,99,19,4708,0,0,100
body_state_setup,graph_wide,100,99,19,250,0,0,0
machine_state_setup,graph_wide,100,99,20,4750,0,0,100
body_state_setup,graph_wide,100,99,20,250,0,0,0
machine_state_setup,graph_wide,100,99,21,4667,0,0,100
body_state_setup,graph_wide,100,99,21,250,0,0,0
machine_state_setup,graph_wide,100,99,22,4792,0,0,100
body_state_setup,graph_wide,100,99,22,250,0,0,0
machine_state_setup,graph_wide,100,99,23,4666,0,0,100
body_state_setup,graph_wide,100,99,23,250,0,0,0
machine_state_setup,graph_wide,100,99,24,4667,0,0,100
body_state_setup,graph_wide,100,99,24,250,0,0,0
machine_state_setup,graph_wide,100,99,25,4750,0,0,100
body_state_setup,graph_wide,100,99,25,250,0,0,0
machine_state_setup,graph_wide,100,99,26,4667,0,0,100
body_state_setup,graph_wide,100,99,26,291,0,0,0
machine_state_setup,graph_wide,100,99,27,4667,0,0,100
body_state_setup,graph_wide,100,99,27,291,0,0,0
machine_state_setup,graph_wide,100,99,28,4750,0,0,100
body_state_setup,graph_wide,100,99,28,250,0,0,0
machine_state_setup,graph_wide,100,99,29,4708,0,0,100
body_state_setup,graph_wide,100,99,29,250,0,0,0
machine_state_setup,graph_wide,100,99,30,4667,0,0,100
body_state_setup,graph_wide,100,99,30,291,0,0,0
machine_state_setup,graph_wide,100,99,31,4709,0,0,100
body_state_setup,graph_wide,100,99,31,334,0,0,0
machine_state_setup,graph_wide,100,99,32,6125,0,0,100
body_state_setup,graph_wide,100,99,32,334,0,0,0
machine_state_setup,graph_wide,100,99,33,5959,0,0,100
body_state_setup,graph_wide,100,99,33,334,0,0,0
machine_state_setup,graph_wide,100,99,34,5875,0,0,100
body_state_setup,graph_wide,100,99,34,292,0,0,0
machine_state_setup,graph_wide,100,99,35,4792,0,0,100
body_state_setup,graph_wide,100,99,35,250,0,0,0
machine_state_setup,graph_wide,100,99,36,4791,0,0,100
body_state_setup,graph_wide,100,99,36,250,0,0,0
machine_state_setup,graph_wide,100,99,37,4792,0,0,100
body_state_setup,graph_wide,100,99,37,250,0,0,0
machine_state_setup,graph_wide,100,99,38,4792,0,0,100
body_state_setup,graph_wide,100,99,38,250,0,0,0
machine_state_setup,graph_wide,100,99,39,4750,0,0,100
body_state_setup,graph_wide,100,99,39,250,0,0,0
fixture_generation,graph_sparse,100,99,0,7375,0,0,500
fixture_generation,graph_sparse,100,99,1,7042,0,0,500
fixture_generation,graph_sparse,100,99,2,7042,0,0,500
fixture_generation,graph_sparse,100,99,3,7000,0,0,500
fixture_generation,graph_sparse,100,99,4,7250,0,0,500
fixture_generation,graph_sparse,100,99,5,5917,0,0,500
fixture_generation,graph_sparse,100,99,6,5417,0,0,500
fixture_generation,graph_sparse,100,99,7,5584,0,0,500
fixture_generation,graph_sparse,100,99,8,5542,0,0,500
fixture_generation,graph_sparse,100,99,9,5666,0,0,500
fixture_generation,graph_sparse,100,99,10,5625,0,0,500
fixture_generation,graph_sparse,100,99,11,5625,0,0,500
fixture_generation,graph_sparse,100,99,12,5667,0,0,500
fixture_generation,graph_sparse,100,99,13,5625,0,0,500
fixture_generation,graph_sparse,100,99,14,5625,0,0,500
fixture_generation,graph_sparse,100,99,15,5584,0,0,500
fixture_generation,graph_sparse,100,99,16,5500,0,0,500
fixture_generation,graph_sparse,100,99,17,5542,0,0,500
fixture_generation,graph_sparse,100,99,18,5542,0,0,500
fixture_generation,graph_sparse,100,99,19,5541,0,0,500
plan_build,graph_sparse,100,99,0,68958,0,0,12
plan_build,graph_sparse,100,99,1,64583,0,0,12
plan_build,graph_sparse,100,99,2,54291,0,0,12
plan_build,graph_sparse,100,99,3,58000,0,0,12
plan_build,graph_sparse,100,99,4,59458,0,0,12
plan_build,graph_sparse,100,99,5,57833,0,0,12
plan_build,graph_sparse,100,99,6,53500,0,0,12
plan_build,graph_sparse,100,99,7,57791,0,0,12
plan_build,graph_sparse,100,99,8,58542,0,0,12
plan_build,graph_sparse,100,99,9,59084,0,0,12
plan_build,graph_sparse,100,99,10,53500,0,0,12
plan_build,graph_sparse,100,99,11,57875,0,0,12
plan_build,graph_sparse,100,99,12,56625,0,0,12
plan_build,graph_sparse,100,99,13,61834,0,0,12
plan_build,graph_sparse,100,99,14,55167,0,0,12
plan_build,graph_sparse,100,99,15,64000,0,0,12
plan_build,graph_sparse,100,99,16,61167,0,0,12
plan_build,graph_sparse,100,99,17,55791,0,0,12
plan_build,graph_sparse,100,99,18,53709,0,0,12
plan_build,graph_sparse,100,99,19,57917,0,0,12
plan_build_alloc,graph_sparse,100,99,0,0,1220,302977,12
engine_execution,graph_sparse,100,99,0,300708,0,0,71
engine_execution,graph_sparse,100,99,1,296916,0,0,70
engine_execution,graph_sparse,100,99,2,294583,0,0,69
engine_execution,graph_sparse,100,99,3,305917,0,0,68
engine_execution,graph_sparse,100,99,4,291125,0,0,67
engine_execution,graph_sparse,100,99,5,294750,0,0,66
engine_execution,graph_sparse,100,99,6,294917,0,0,65
engine_execution,graph_sparse,100,99,7,295000,0,0,64
engine_execution,graph_sparse,100,99,8,299042,0,0,79
engine_execution,graph_sparse,100,99,9,288458,0,0,78
engine_execution,graph_sparse,100,99,10,301666,0,0,77
engine_execution,graph_sparse,100,99,11,303042,0,0,76
engine_execution,graph_sparse,100,99,12,305458,0,0,75
engine_execution,graph_sparse,100,99,13,303666,0,0,74
engine_execution,graph_sparse,100,99,14,299833,0,0,73
engine_execution,graph_sparse,100,99,15,307500,0,0,72
engine_execution,graph_sparse,100,99,16,306750,0,0,87
engine_execution,graph_sparse,100,99,17,295625,0,0,86
engine_execution,graph_sparse,100,99,18,308041,0,0,85
engine_execution,graph_sparse,100,99,19,289417,0,0,84
engine_execution,graph_sparse,100,99,20,298167,0,0,83
engine_execution,graph_sparse,100,99,21,301458,0,0,82
engine_execution,graph_sparse,100,99,22,297916,0,0,81
engine_execution,graph_sparse,100,99,23,292583,0,0,80
engine_execution,graph_sparse,100,99,24,295667,0,0,95
engine_execution,graph_sparse,100,99,25,293000,0,0,94
engine_execution,graph_sparse,100,99,26,297834,0,0,93
engine_execution,graph_sparse,100,99,27,298000,0,0,92
engine_execution,graph_sparse,100,99,28,298667,0,0,91
engine_execution,graph_sparse,100,99,29,288083,0,0,90
engine_execution,graph_sparse,100,99,30,308791,0,0,89
engine_execution,graph_sparse,100,99,31,289667,0,0,88
engine_execution,graph_sparse,100,99,32,305417,0,0,103
engine_execution,graph_sparse,100,99,33,293708,0,0,102
engine_execution,graph_sparse,100,99,34,298292,0,0,101
engine_execution,graph_sparse,100,99,35,304292,0,0,100
engine_execution,graph_sparse,100,99,36,303000,0,0,99
engine_execution,graph_sparse,100,99,37,297000,0,0,98
engine_execution,graph_sparse,100,99,38,324083,0,0,97
engine_execution,graph_sparse,100,99,39,305833,0,0,96
engine_execution_alloc,graph_sparse,100,99,0,0,5270,504353,23069
machine_state_setup,graph_sparse,100,99,0,6500,0,0,100
body_state_setup,graph_sparse,100,99,0,542,0,0,0
machine_state_setup,graph_sparse,100,99,1,6250,0,0,100
body_state_setup,graph_sparse,100,99,1,458,0,0,0
machine_state_setup,graph_sparse,100,99,2,6167,0,0,100
body_state_setup,graph_sparse,100,99,2,334,0,0,0
machine_state_setup,graph_sparse,100,99,3,6417,0,0,100
body_state_setup,graph_sparse,100,99,3,333,0,0,0
machine_state_setup,graph_sparse,100,99,4,6083,0,0,100
body_state_setup,graph_sparse,100,99,4,333,0,0,0
machine_state_setup,graph_sparse,100,99,5,6000,0,0,100
body_state_setup,graph_sparse,100,99,5,416,0,0,0
machine_state_setup,graph_sparse,100,99,6,6167,0,0,100
body_state_setup,graph_sparse,100,99,6,375,0,0,0
machine_state_setup,graph_sparse,100,99,7,6250,0,0,100
body_state_setup,graph_sparse,100,99,7,334,0,0,0
machine_state_setup,graph_sparse,100,99,8,6042,0,0,100
body_state_setup,graph_sparse,100,99,8,375,0,0,0
machine_state_setup,graph_sparse,100,99,9,5542,0,0,100
body_state_setup,graph_sparse,100,99,9,250,0,0,0
machine_state_setup,graph_sparse,100,99,10,4875,0,0,100
body_state_setup,graph_sparse,100,99,10,333,0,0,0
machine_state_setup,graph_sparse,100,99,11,4875,0,0,100
body_state_setup,graph_sparse,100,99,11,292,0,0,0
machine_state_setup,graph_sparse,100,99,12,4958,0,0,100
body_state_setup,graph_sparse,100,99,12,250,0,0,0
machine_state_setup,graph_sparse,100,99,13,4875,0,0,100
body_state_setup,graph_sparse,100,99,13,250,0,0,0
machine_state_setup,graph_sparse,100,99,14,4833,0,0,100
body_state_setup,graph_sparse,100,99,14,292,0,0,0
machine_state_setup,graph_sparse,100,99,15,4916,0,0,100
body_state_setup,graph_sparse,100,99,15,250,0,0,0
machine_state_setup,graph_sparse,100,99,16,5166,0,0,100
body_state_setup,graph_sparse,100,99,16,333,0,0,0
machine_state_setup,graph_sparse,100,99,17,6375,0,0,100
body_state_setup,graph_sparse,100,99,17,417,0,0,0
machine_state_setup,graph_sparse,100,99,18,6167,0,0,100
body_state_setup,graph_sparse,100,99,18,333,0,0,0
machine_state_setup,graph_sparse,100,99,19,6208,0,0,100
body_state_setup,graph_sparse,100,99,19,375,0,0,0
machine_state_setup,graph_sparse,100,99,20,6292,0,0,100
body_state_setup,graph_sparse,100,99,20,417,0,0,0
machine_state_setup,graph_sparse,100,99,21,6166,0,0,100
body_state_setup,graph_sparse,100,99,21,333,0,0,0
machine_state_setup,graph_sparse,100,99,22,6042,0,0,100
body_state_setup,graph_sparse,100,99,22,292,0,0,0
machine_state_setup,graph_sparse,100,99,23,6125,0,0,100
body_state_setup,graph_sparse,100,99,23,333,0,0,0
machine_state_setup,graph_sparse,100,99,24,4750,0,0,100
body_state_setup,graph_sparse,100,99,24,250,0,0,0
machine_state_setup,graph_sparse,100,99,25,4750,0,0,100
body_state_setup,graph_sparse,100,99,25,250,0,0,0
machine_state_setup,graph_sparse,100,99,26,4708,0,0,100
body_state_setup,graph_sparse,100,99,26,292,0,0,0
machine_state_setup,graph_sparse,100,99,27,4834,0,0,100
body_state_setup,graph_sparse,100,99,27,292,0,0,0
machine_state_setup,graph_sparse,100,99,28,4833,0,0,100
body_state_setup,graph_sparse,100,99,28,250,0,0,0
machine_state_setup,graph_sparse,100,99,29,4792,0,0,100
body_state_setup,graph_sparse,100,99,29,250,0,0,0
machine_state_setup,graph_sparse,100,99,30,4750,0,0,100
body_state_setup,graph_sparse,100,99,30,250,0,0,0
machine_state_setup,graph_sparse,100,99,31,4750,0,0,100
body_state_setup,graph_sparse,100,99,31,250,0,0,0
machine_state_setup,graph_sparse,100,99,32,4792,0,0,100
body_state_setup,graph_sparse,100,99,32,250,0,0,0
machine_state_setup,graph_sparse,100,99,33,4750,0,0,100
body_state_setup,graph_sparse,100,99,33,292,0,0,0
machine_state_setup,graph_sparse,100,99,34,4833,0,0,100
body_state_setup,graph_sparse,100,99,34,250,0,0,0
machine_state_setup,graph_sparse,100,99,35,4833,0,0,100
body_state_setup,graph_sparse,100,99,35,250,0,0,0
machine_state_setup,graph_sparse,100,99,36,4750,0,0,100
body_state_setup,graph_sparse,100,99,36,250,0,0,0
machine_state_setup,graph_sparse,100,99,37,4792,0,0,100
body_state_setup,graph_sparse,100,99,37,292,0,0,0
machine_state_setup,graph_sparse,100,99,38,4791,0,0,100
body_state_setup,graph_sparse,100,99,38,292,0,0,0
machine_state_setup,graph_sparse,100,99,39,4750,0,0,100
body_state_setup,graph_sparse,100,99,39,292,0,0,0
fixture_generation,graph_chain,1000,999,0,61542,0,0,5000
fixture_generation,graph_chain,1000,999,1,54209,0,0,5000
fixture_generation,graph_chain,1000,999,2,58875,0,0,5000
fixture_generation,graph_chain,1000,999,3,63292,0,0,5000
fixture_generation,graph_chain,1000,999,4,55083,0,0,5000
fixture_generation,graph_chain,1000,999,5,58542,0,0,5000
fixture_generation,graph_chain,1000,999,6,60000,0,0,5000
fixture_generation,graph_chain,1000,999,7,58333,0,0,5000
fixture_generation,graph_chain,1000,999,8,54792,0,0,5000
fixture_generation,graph_chain,1000,999,9,59541,0,0,5000
fixture_generation,graph_chain,1000,999,10,64041,0,0,5000
fixture_generation,graph_chain,1000,999,11,55916,0,0,5000
fixture_generation,graph_chain,1000,999,12,65708,0,0,5000
fixture_generation,graph_chain,1000,999,13,62708,0,0,5000
fixture_generation,graph_chain,1000,999,14,54917,0,0,5000
fixture_generation,graph_chain,1000,999,15,59750,0,0,5000
fixture_generation,graph_chain,1000,999,16,64875,0,0,5000
fixture_generation,graph_chain,1000,999,17,57417,0,0,5000
fixture_generation,graph_chain,1000,999,18,61334,0,0,5000
fixture_generation,graph_chain,1000,999,19,67209,0,0,5000
plan_build,graph_chain,1000,999,0,1686625,0,0,11
plan_build,graph_chain,1000,999,1,1549500,0,0,11
plan_build,graph_chain,1000,999,2,1549375,0,0,11
plan_build,graph_chain,1000,999,3,1570458,0,0,11
plan_build,graph_chain,1000,999,4,1540625,0,0,11
plan_build,graph_chain,1000,999,5,1660375,0,0,11
plan_build,graph_chain,1000,999,6,1790041,0,0,11
plan_build,graph_chain,1000,999,7,2024834,0,0,11
plan_build,graph_chain,1000,999,8,1706416,0,0,11
plan_build,graph_chain,1000,999,9,1798625,0,0,11
plan_build,graph_chain,1000,999,10,1840667,0,0,11
plan_build,graph_chain,1000,999,11,1803083,0,0,11
plan_build,graph_chain,1000,999,12,1769083,0,0,11
plan_build,graph_chain,1000,999,13,1745208,0,0,11
plan_build,graph_chain,1000,999,14,1764250,0,0,11
plan_build,graph_chain,1000,999,15,1737792,0,0,11
plan_build,graph_chain,1000,999,16,1703125,0,0,11
plan_build,graph_chain,1000,999,17,1636708,0,0,11
plan_build,graph_chain,1000,999,18,1650500,0,0,11
plan_build,graph_chain,1000,999,19,1632250,0,0,11
plan_build_alloc,graph_chain,1000,999,0,0,12096,2527259,11
engine_execution,graph_chain,1000,999,0,14316500,0,0,1
engine_execution,graph_chain,1000,999,1,14635708,0,0,0
engine_execution,graph_chain,1000,999,2,14936292,0,0,3
engine_execution,graph_chain,1000,999,3,15256208,0,0,2
engine_execution,graph_chain,1000,999,4,15192042,0,0,5
engine_execution,graph_chain,1000,999,5,15142125,0,0,4
engine_execution,graph_chain,1000,999,6,14888000,0,0,7
engine_execution,graph_chain,1000,999,7,14757500,0,0,6
engine_execution,graph_chain,1000,999,8,15031000,0,0,9
engine_execution,graph_chain,1000,999,9,14454125,0,0,8
engine_execution,graph_chain,1000,999,10,14749416,0,0,11
engine_execution,graph_chain,1000,999,11,14491541,0,0,10
engine_execution,graph_chain,1000,999,12,14569584,0,0,13
engine_execution,graph_chain,1000,999,13,13328458,0,0,12
engine_execution,graph_chain,1000,999,14,13671000,0,0,15
engine_execution,graph_chain,1000,999,15,14692167,0,0,14
engine_execution,graph_chain,1000,999,16,14269542,0,0,17
engine_execution,graph_chain,1000,999,17,14511250,0,0,16
engine_execution,graph_chain,1000,999,18,14215250,0,0,19
engine_execution,graph_chain,1000,999,19,13917542,0,0,18
engine_execution,graph_chain,1000,999,20,14815250,0,0,21
engine_execution,graph_chain,1000,999,21,14306583,0,0,20
engine_execution,graph_chain,1000,999,22,14973916,0,0,23
engine_execution,graph_chain,1000,999,23,15166250,0,0,22
engine_execution,graph_chain,1000,999,24,14712542,0,0,25
engine_execution,graph_chain,1000,999,25,17010375,0,0,24
engine_execution,graph_chain,1000,999,26,17002584,0,0,27
engine_execution,graph_chain,1000,999,27,14730709,0,0,26
engine_execution,graph_chain,1000,999,28,15390416,0,0,29
engine_execution,graph_chain,1000,999,29,14901125,0,0,28
engine_execution,graph_chain,1000,999,30,15762458,0,0,31
engine_execution,graph_chain,1000,999,31,14835250,0,0,30
engine_execution,graph_chain,1000,999,32,14743084,0,0,33
engine_execution,graph_chain,1000,999,33,14783791,0,0,32
engine_execution,graph_chain,1000,999,34,14490666,0,0,35
engine_execution,graph_chain,1000,999,35,14700584,0,0,34
engine_execution,graph_chain,1000,999,36,15165959,0,0,37
engine_execution,graph_chain,1000,999,37,14635000,0,0,36
engine_execution,graph_chain,1000,999,38,14817208,0,0,39
engine_execution,graph_chain,1000,999,39,14685000,0,0,38
engine_execution_alloc,graph_chain,1000,999,0,0,53073,19575536,23131
machine_state_setup,graph_chain,1000,999,0,51083,0,0,1000
body_state_setup,graph_chain,1000,999,0,1375,0,0,0
machine_state_setup,graph_chain,1000,999,1,60084,0,0,1000
body_state_setup,graph_chain,1000,999,1,1292,0,0,0
machine_state_setup,graph_chain,1000,999,2,62209,0,0,1000
body_state_setup,graph_chain,1000,999,2,917,0,0,0
machine_state_setup,graph_chain,1000,999,3,57958,0,0,1000
body_state_setup,graph_chain,1000,999,3,916,0,0,0
machine_state_setup,graph_chain,1000,999,4,53667,0,0,1000
body_state_setup,graph_chain,1000,999,4,916,0,0,0
machine_state_setup,graph_chain,1000,999,5,49125,0,0,1000
body_state_setup,graph_chain,1000,999,5,833,0,0,0
machine_state_setup,graph_chain,1000,999,6,56208,0,0,1000
body_state_setup,graph_chain,1000,999,6,1083,0,0,0
machine_state_setup,graph_chain,1000,999,7,55417,0,0,1000
body_state_setup,graph_chain,1000,999,7,834,0,0,0
machine_state_setup,graph_chain,1000,999,8,61292,0,0,1000
body_state_setup,graph_chain,1000,999,8,1083,0,0,0
machine_state_setup,graph_chain,1000,999,9,55416,0,0,1000
body_state_setup,graph_chain,1000,999,9,833,0,0,0
machine_state_setup,graph_chain,1000,999,10,53625,0,0,1000
body_state_setup,graph_chain,1000,999,10,958,0,0,0
machine_state_setup,graph_chain,1000,999,11,57083,0,0,1000
body_state_setup,graph_chain,1000,999,11,958,0,0,0
machine_state_setup,graph_chain,1000,999,12,55375,0,0,1000
body_state_setup,graph_chain,1000,999,12,833,0,0,0
machine_state_setup,graph_chain,1000,999,13,61708,0,0,1000
body_state_setup,graph_chain,1000,999,13,1083,0,0,0
machine_state_setup,graph_chain,1000,999,14,50667,0,0,1000
body_state_setup,graph_chain,1000,999,14,875,0,0,0
machine_state_setup,graph_chain,1000,999,15,53209,0,0,1000
body_state_setup,graph_chain,1000,999,15,875,0,0,0
machine_state_setup,graph_chain,1000,999,16,57000,0,0,1000
body_state_setup,graph_chain,1000,999,16,875,0,0,0
machine_state_setup,graph_chain,1000,999,17,55833,0,0,1000
body_state_setup,graph_chain,1000,999,17,917,0,0,0
machine_state_setup,graph_chain,1000,999,18,59209,0,0,1000
body_state_setup,graph_chain,1000,999,18,1084,0,0,0
machine_state_setup,graph_chain,1000,999,19,61250,0,0,1000
body_state_setup,graph_chain,1000,999,19,959,0,0,0
machine_state_setup,graph_chain,1000,999,20,51167,0,0,1000
body_state_setup,graph_chain,1000,999,20,1041,0,0,0
machine_state_setup,graph_chain,1000,999,21,51625,0,0,1000
body_state_setup,graph_chain,1000,999,21,875,0,0,0
machine_state_setup,graph_chain,1000,999,22,60791,0,0,1000
body_state_setup,graph_chain,1000,999,22,1167,0,0,0
machine_state_setup,graph_chain,1000,999,23,59750,0,0,1000
body_state_setup,graph_chain,1000,999,23,1125,0,0,0
machine_state_setup,graph_chain,1000,999,24,58666,0,0,1000
body_state_setup,graph_chain,1000,999,24,875,0,0,0
machine_state_setup,graph_chain,1000,999,25,53250,0,0,1000
body_state_setup,graph_chain,1000,999,25,1042,0,0,0
machine_state_setup,graph_chain,1000,999,26,56708,0,0,1000
body_state_setup,graph_chain,1000,999,26,875,0,0,0
machine_state_setup,graph_chain,1000,999,27,48916,0,0,1000
body_state_setup,graph_chain,1000,999,27,1125,0,0,0
machine_state_setup,graph_chain,1000,999,28,60417,0,0,1000
body_state_setup,graph_chain,1000,999,28,1125,0,0,0
machine_state_setup,graph_chain,1000,999,29,67750,0,0,1000
body_state_setup,graph_chain,1000,999,29,1917,0,0,0
machine_state_setup,graph_chain,1000,999,30,62459,0,0,1000
body_state_setup,graph_chain,1000,999,30,959,0,0,0
machine_state_setup,graph_chain,1000,999,31,53625,0,0,1000
body_state_setup,graph_chain,1000,999,31,875,0,0,0
machine_state_setup,graph_chain,1000,999,32,56208,0,0,1000
body_state_setup,graph_chain,1000,999,32,1083,0,0,0
machine_state_setup,graph_chain,1000,999,33,56958,0,0,1000
body_state_setup,graph_chain,1000,999,33,875,0,0,0
machine_state_setup,graph_chain,1000,999,34,58000,0,0,1000
body_state_setup,graph_chain,1000,999,34,875,0,0,0
machine_state_setup,graph_chain,1000,999,35,58000,0,0,1000
body_state_setup,graph_chain,1000,999,35,875,0,0,0
machine_state_setup,graph_chain,1000,999,36,54333,0,0,1000
body_state_setup,graph_chain,1000,999,36,1000,0,0,0
machine_state_setup,graph_chain,1000,999,37,51416,0,0,1000
body_state_setup,graph_chain,1000,999,37,1125,0,0,0
machine_state_setup,graph_chain,1000,999,38,56208,0,0,1000
body_state_setup,graph_chain,1000,999,38,833,0,0,0
machine_state_setup,graph_chain,1000,999,39,57916,0,0,1000
body_state_setup,graph_chain,1000,999,39,917,0,0,0
pure_machine_events_preseeded,graph_chain,1000,999,0,9057958,0,0,1001
pure_machine_events_preseeded,graph_chain,1000,999,1,8891625,0,0,1001
pure_machine_events_preseeded,graph_chain,1000,999,2,8942542,0,0,1001
pure_machine_events_preseeded,graph_chain,1000,999,3,9018375,0,0,1001
pure_machine_events_preseeded,graph_chain,1000,999,4,8439583,0,0,1001
pure_machine_events_preseeded,graph_chain,1000,999,5,8589250,0,0,1001
pure_machine_events_preseeded,graph_chain,1000,999,6,8077959,0,0,1001
pure_machine_events_preseeded,graph_chain,1000,999,7,8453792,0,0,1001
pure_machine_events_preseeded,graph_chain,1000,999,8,9253417,0,0,1001
pure_machine_events_preseeded,graph_chain,1000,999,9,9139792,0,0,1001
pure_machine_events_preseeded,graph_chain,1000,999,10,9177750,0,0,1001
pure_machine_events_preseeded,graph_chain,1000,999,11,9040709,0,0,1001
pure_machine_events_preseeded,graph_chain,1000,999,12,8464542,0,0,1001
pure_machine_events_preseeded,graph_chain,1000,999,13,9573500,0,0,1001
pure_machine_events_preseeded,graph_chain,1000,999,14,9301459,0,0,1001
pure_machine_events_preseeded,graph_chain,1000,999,15,7923834,0,0,1001
pure_machine_events_preseeded,graph_chain,1000,999,16,7825917,0,0,1001
pure_machine_events_preseeded,graph_chain,1000,999,17,8847708,0,0,1001
pure_machine_events_preseeded,graph_chain,1000,999,18,8776292,0,0,1001
pure_machine_events_preseeded,graph_chain,1000,999,19,8604875,0,0,1001
pure_machine_events_preseeded,graph_chain,1000,999,20,9265750,0,0,1001
pure_machine_events_preseeded,graph_chain,1000,999,21,8470709,0,0,1001
pure_machine_events_preseeded,graph_chain,1000,999,22,8969542,0,0,1001
pure_machine_events_preseeded,graph_chain,1000,999,23,8609667,0,0,1001
pure_machine_events_preseeded,graph_chain,1000,999,24,9551417,0,0,1001
pure_machine_events_preseeded,graph_chain,1000,999,25,9333292,0,0,1001
pure_machine_events_preseeded,graph_chain,1000,999,26,9563375,0,0,1001
pure_machine_events_preseeded,graph_chain,1000,999,27,8740084,0,0,1001
pure_machine_events_preseeded,graph_chain,1000,999,28,9137458,0,0,1001
pure_machine_events_preseeded,graph_chain,1000,999,29,9053167,0,0,1001
pure_machine_events_preseeded,graph_chain,1000,999,30,9296334,0,0,1001
pure_machine_events_preseeded,graph_chain,1000,999,31,9090000,0,0,1001
pure_machine_events_preseeded,graph_chain,1000,999,32,9458666,0,0,1001
pure_machine_events_preseeded,graph_chain,1000,999,33,9163750,0,0,1001
pure_machine_events_preseeded,graph_chain,1000,999,34,8433625,0,0,1001
pure_machine_events_preseeded,graph_chain,1000,999,35,8724334,0,0,1001
pure_machine_events_preseeded,graph_chain,1000,999,36,8783917,0,0,1001
pure_machine_events_preseeded,graph_chain,1000,999,37,8514584,0,0,1001
pure_machine_events_preseeded,graph_chain,1000,999,38,9030375,0,0,1001
pure_machine_events_preseeded,graph_chain,1000,999,39,9062125,0,0,1001
fixture_generation,graph_wide,1000,999,0,67250,0,0,5000
fixture_generation,graph_wide,1000,999,1,62083,0,0,5000
fixture_generation,graph_wide,1000,999,2,65500,0,0,5000
fixture_generation,graph_wide,1000,999,3,54250,0,0,5000
fixture_generation,graph_wide,1000,999,4,69208,0,0,5000
fixture_generation,graph_wide,1000,999,5,65583,0,0,5000
fixture_generation,graph_wide,1000,999,6,56750,0,0,5000
fixture_generation,graph_wide,1000,999,7,54167,0,0,5000
fixture_generation,graph_wide,1000,999,8,62375,0,0,5000
fixture_generation,graph_wide,1000,999,9,64541,0,0,5000
fixture_generation,graph_wide,1000,999,10,62458,0,0,5000
fixture_generation,graph_wide,1000,999,11,61500,0,0,5000
fixture_generation,graph_wide,1000,999,12,57166,0,0,5000
fixture_generation,graph_wide,1000,999,13,69125,0,0,5000
fixture_generation,graph_wide,1000,999,14,67083,0,0,5000
fixture_generation,graph_wide,1000,999,15,63666,0,0,5000
fixture_generation,graph_wide,1000,999,16,63375,0,0,5000
fixture_generation,graph_wide,1000,999,17,63250,0,0,5000
fixture_generation,graph_wide,1000,999,18,66416,0,0,5000
fixture_generation,graph_wide,1000,999,19,69333,0,0,5000
plan_build,graph_wide,1000,999,0,2116250,0,0,10
plan_build,graph_wide,1000,999,1,1987792,0,0,10
plan_build,graph_wide,1000,999,2,1976042,0,0,10
plan_build,graph_wide,1000,999,3,1970667,0,0,10
plan_build,graph_wide,1000,999,4,2007792,0,0,10
plan_build,graph_wide,1000,999,5,1990459,0,0,10
plan_build,graph_wide,1000,999,6,2003375,0,0,10
plan_build,graph_wide,1000,999,7,2020083,0,0,10
plan_build,graph_wide,1000,999,8,2242333,0,0,10
plan_build,graph_wide,1000,999,9,1896916,0,0,10
plan_build,graph_wide,1000,999,10,1899917,0,0,10
plan_build,graph_wide,1000,999,11,1862875,0,0,10
plan_build,graph_wide,1000,999,12,2264625,0,0,10
plan_build,graph_wide,1000,999,13,1932500,0,0,10
plan_build,graph_wide,1000,999,14,1840708,0,0,10
plan_build,graph_wide,1000,999,15,1937792,0,0,10
plan_build,graph_wide,1000,999,16,1843834,0,0,10
plan_build,graph_wide,1000,999,17,1895334,0,0,10
plan_build,graph_wide,1000,999,18,1901708,0,0,10
plan_build,graph_wide,1000,999,19,1900417,0,0,10
plan_build_alloc,graph_wide,1000,999,0,0,11106,2511641,10
engine_execution,graph_wide,1000,999,0,8097084,0,0,998
engine_execution,graph_wide,1000,999,1,8362542,0,0,999
engine_execution,graph_wide,1000,999,2,8527584,0,0,996
engine_execution,graph_wide,1000,999,3,7848666,0,0,997
engine_execution,graph_wide,1000,999,4,8342791,0,0,994
engine_execution,graph_wide,1000,999,5,8272625,0,0,995
engine_execution,graph_wide,1000,999,6,9523458,0,0,992
engine_execution,graph_wide,1000,999,7,8395709,0,0,993
engine_execution,graph_wide,1000,999,8,8414000,0,0,1006
engine_execution,graph_wide,1000,999,9,8294250,0,0,1007
engine_execution,graph_wide,1000,999,10,8193208,0,0,1004
engine_execution,graph_wide,1000,999,11,8269250,0,0,1005
engine_execution,graph_wide,1000,999,12,8119042,0,0,1002
engine_execution,graph_wide,1000,999,13,8223375,0,0,1003
engine_execution,graph_wide,1000,999,14,8423916,0,0,1000
engine_execution,graph_wide,1000,999,15,8021708,0,0,1001
engine_execution,graph_wide,1000,999,16,8226542,0,0,1014
engine_execution,graph_wide,1000,999,17,8192000,0,0,1015
engine_execution,graph_wide,1000,999,18,8656625,0,0,1012
engine_execution,graph_wide,1000,999,19,8252959,0,0,1013
engine_execution,graph_wide,1000,999,20,8053167,0,0,1010
engine_execution,graph_wide,1000,999,21,8041458,0,0,1011
engine_execution,graph_wide,1000,999,22,9154333,0,0,1008
engine_execution,graph_wide,1000,999,23,8628708,0,0,1009
engine_execution,graph_wide,1000,999,24,8304041,0,0,1022
engine_execution,graph_wide,1000,999,25,8558208,0,0,1023
engine_execution,graph_wide,1000,999,26,8165291,0,0,1020
engine_execution,graph_wide,1000,999,27,7809042,0,0,1021
engine_execution,graph_wide,1000,999,28,7933000,0,0,1018
engine_execution,graph_wide,1000,999,29,8365917,0,0,1019
engine_execution,graph_wide,1000,999,30,8340291,0,0,1016
engine_execution,graph_wide,1000,999,31,7834208,0,0,1017
engine_execution,graph_wide,1000,999,32,8079625,0,0,966
engine_execution,graph_wide,1000,999,33,7950959,0,0,967
engine_execution,graph_wide,1000,999,34,8234875,0,0,964
engine_execution,graph_wide,1000,999,35,7965084,0,0,965
engine_execution,graph_wide,1000,999,36,7954209,0,0,962
engine_execution,graph_wide,1000,999,37,8154583,0,0,963
engine_execution,graph_wide,1000,999,38,8450667,0,0,960
engine_execution,graph_wide,1000,999,39,8267791,0,0,961
engine_execution_alloc,graph_wide,1000,999,0,0,50168,11915071,22972
machine_state_setup,graph_wide,1000,999,0,62875,0,0,1000
body_state_setup,graph_wide,1000,999,0,2041,0,0,0
machine_state_setup,graph_wide,1000,999,1,54708,0,0,1000
body_state_setup,graph_wide,1000,999,1,1000,0,0,0
machine_state_setup,graph_wide,1000,999,2,56791,0,0,1000
body_state_setup,graph_wide,1000,999,2,917,0,0,0
machine_state_setup,graph_wide,1000,999,3,54000,0,0,1000
body_state_setup,graph_wide,1000,999,3,792,0,0,0
machine_state_setup,graph_wide,1000,999,4,55875,0,0,1000
body_state_setup,graph_wide,1000,999,4,875,0,0,0
machine_state_setup,graph_wide,1000,999,5,48375,0,0,1000
body_state_setup,graph_wide,1000,999,5,834,0,0,0
machine_state_setup,graph_wide,1000,999,6,51000,0,0,1000
body_state_setup,graph_wide,1000,999,6,1000,0,0,0
machine_state_setup,graph_wide,1000,999,7,61500,0,0,1000
body_state_setup,graph_wide,1000,999,7,1084,0,0,0
machine_state_setup,graph_wide,1000,999,8,56458,0,0,1000
body_state_setup,graph_wide,1000,999,8,1041,0,0,0
machine_state_setup,graph_wide,1000,999,9,59542,0,0,1000
body_state_setup,graph_wide,1000,999,9,1042,0,0,0
machine_state_setup,graph_wide,1000,999,10,53292,0,0,1000
body_state_setup,graph_wide,1000,999,10,1208,0,0,0
machine_state_setup,graph_wide,1000,999,11,57500,0,0,1000
body_state_setup,graph_wide,1000,999,11,1000,0,0,0
machine_state_setup,graph_wide,1000,999,12,54167,0,0,1000
body_state_setup,graph_wide,1000,999,12,1000,0,0,0
machine_state_setup,graph_wide,1000,999,13,57084,0,0,1000
body_state_setup,graph_wide,1000,999,13,1125,0,0,0
machine_state_setup,graph_wide,1000,999,14,57791,0,0,1000
body_state_setup,graph_wide,1000,999,14,791,0,0,0
machine_state_setup,graph_wide,1000,999,15,54042,0,0,1000
body_state_setup,graph_wide,1000,999,15,834,0,0,0
machine_state_setup,graph_wide,1000,999,16,57125,0,0,1000
body_state_setup,graph_wide,1000,999,16,875,0,0,0
machine_state_setup,graph_wide,1000,999,17,54333,0,0,1000
body_state_setup,graph_wide,1000,999,17,875,0,0,0
machine_state_setup,graph_wide,1000,999,18,55250,0,0,1000
body_state_setup,graph_wide,1000,999,18,834,0,0,0
machine_state_setup,graph_wide,1000,999,19,57500,0,0,1000
body_state_setup,graph_wide,1000,999,19,875,0,0,0
machine_state_setup,graph_wide,1000,999,20,55625,0,0,1000
body_state_setup,graph_wide,1000,999,20,1042,0,0,0
machine_state_setup,graph_wide,1000,999,21,59959,0,0,1000
body_state_setup,graph_wide,1000,999,21,1083,0,0,0
machine_state_setup,graph_wide,1000,999,22,57875,0,0,1000
body_state_setup,graph_wide,1000,999,22,1084,0,0,0
machine_state_setup,graph_wide,1000,999,23,58167,0,0,1000
body_state_setup,graph_wide,1000,999,23,1083,0,0,0
machine_state_setup,graph_wide,1000,999,24,51625,0,0,1000
body_state_setup,graph_wide,1000,999,24,834,0,0,0
machine_state_setup,graph_wide,1000,999,25,49625,0,0,1000
body_state_setup,graph_wide,1000,999,25,792,0,0,0
machine_state_setup,graph_wide,1000,999,26,56792,0,0,1000
body_state_setup,graph_wide,1000,999,26,833,0,0,0
machine_state_setup,graph_wide,1000,999,27,59375,0,0,1000
body_state_setup,graph_wide,1000,999,27,1042,0,0,0
machine_state_setup,graph_wide,1000,999,28,54542,0,0,1000
body_state_setup,graph_wide,1000,999,28,1208,0,0,0
machine_state_setup,graph_wide,1000,999,29,56041,0,0,1000
body_state_setup,graph_wide,1000,999,29,1041,0,0,0
machine_state_setup,graph_wide,1000,999,30,55417,0,0,1000
body_state_setup,graph_wide,1000,999,30,917,0,0,0
machine_state_setup,graph_wide,1000,999,31,51916,0,0,1000
body_state_setup,graph_wide,1000,999,31,1125,0,0,0
machine_state_setup,graph_wide,1000,999,32,53375,0,0,1000
body_state_setup,graph_wide,1000,999,32,1042,0,0,0
machine_state_setup,graph_wide,1000,999,33,61084,0,0,1000
body_state_setup,graph_wide,1000,999,33,1125,0,0,0
machine_state_setup,graph_wide,1000,999,34,62500,0,0,1000
body_state_setup,graph_wide,1000,999,34,1041,0,0,0
machine_state_setup,graph_wide,1000,999,35,58167,0,0,1000
body_state_setup,graph_wide,1000,999,35,1125,0,0,0
machine_state_setup,graph_wide,1000,999,36,61625,0,0,1000
body_state_setup,graph_wide,1000,999,36,1042,0,0,0
machine_state_setup,graph_wide,1000,999,37,55709,0,0,1000
body_state_setup,graph_wide,1000,999,37,959,0,0,0
machine_state_setup,graph_wide,1000,999,38,62042,0,0,1000
body_state_setup,graph_wide,1000,999,38,1042,0,0,0
machine_state_setup,graph_wide,1000,999,39,57833,0,0,1000
body_state_setup,graph_wide,1000,999,39,833,0,0,0
fixture_generation,graph_sparse,1000,999,0,58250,0,0,5000
fixture_generation,graph_sparse,1000,999,1,65750,0,0,5000
fixture_generation,graph_sparse,1000,999,2,61542,0,0,5000
fixture_generation,graph_sparse,1000,999,3,66166,0,0,5000
fixture_generation,graph_sparse,1000,999,4,71334,0,0,5000
fixture_generation,graph_sparse,1000,999,5,63417,0,0,5000
fixture_generation,graph_sparse,1000,999,6,62166,0,0,5000
fixture_generation,graph_sparse,1000,999,7,59291,0,0,5000
fixture_generation,graph_sparse,1000,999,8,54417,0,0,5000
fixture_generation,graph_sparse,1000,999,9,62292,0,0,5000
fixture_generation,graph_sparse,1000,999,10,63125,0,0,5000
fixture_generation,graph_sparse,1000,999,11,54542,0,0,5000
fixture_generation,graph_sparse,1000,999,12,59625,0,0,5000
fixture_generation,graph_sparse,1000,999,13,67584,0,0,5000
fixture_generation,graph_sparse,1000,999,14,60250,0,0,5000
fixture_generation,graph_sparse,1000,999,15,60750,0,0,5000
fixture_generation,graph_sparse,1000,999,16,67667,0,0,5000
fixture_generation,graph_sparse,1000,999,17,57834,0,0,5000
fixture_generation,graph_sparse,1000,999,18,62709,0,0,5000
fixture_generation,graph_sparse,1000,999,19,64709,0,0,5000
plan_build,graph_sparse,1000,999,0,2012125,0,0,12
plan_build,graph_sparse,1000,999,1,1986042,0,0,12
plan_build,graph_sparse,1000,999,2,1874500,0,0,12
plan_build,graph_sparse,1000,999,3,2323791,0,0,12
plan_build,graph_sparse,1000,999,4,1881583,0,0,12
plan_build,graph_sparse,1000,999,5,1704458,0,0,12
plan_build,graph_sparse,1000,999,6,1669708,0,0,12
plan_build,graph_sparse,1000,999,7,1728375,0,0,12
plan_build,graph_sparse,1000,999,8,1775375,0,0,12
plan_build,graph_sparse,1000,999,9,1760500,0,0,12
plan_build,graph_sparse,1000,999,10,1788208,0,0,12
plan_build,graph_sparse,1000,999,11,1756708,0,0,12
plan_build,graph_sparse,1000,999,12,1739750,0,0,12
plan_build,graph_sparse,1000,999,13,1690959,0,0,12
plan_build,graph_sparse,1000,999,14,1734583,0,0,12
plan_build,graph_sparse,1000,999,15,1748000,0,0,12
plan_build,graph_sparse,1000,999,16,1761167,0,0,12
plan_build,graph_sparse,1000,999,17,1758750,0,0,12
plan_build,graph_sparse,1000,999,18,1751584,0,0,12
plan_build,graph_sparse,1000,999,19,1759084,0,0,12
plan_build_alloc,graph_sparse,1000,999,0,0,11597,2511293,12
engine_execution,graph_sparse,1000,999,0,11745000,0,0,697
engine_execution,graph_sparse,1000,999,1,10986875,0,0,696
engine_execution,graph_sparse,1000,999,2,11878542,0,0,699
engine_execution,graph_sparse,1000,999,3,11985416,0,0,698
engine_execution,graph_sparse,1000,999,4,11299375,0,0,701
engine_execution,graph_sparse,1000,999,5,10836333,0,0,700
engine_execution,graph_sparse,1000,999,6,11239667,0,0,703
engine_execution,graph_sparse,1000,999,7,11265250,0,0,702
engine_execution,graph_sparse,1000,999,8,10798375,0,0,689
engine_execution,graph_sparse,1000,999,9,11059750,0,0,688
engine_execution,graph_sparse,1000,999,10,10900625,0,0,691
engine_execution,graph_sparse,1000,999,11,10758667,0,0,690
engine_execution,graph_sparse,1000,999,12,10907875,0,0,693
engine_execution,graph_sparse,1000,999,13,10706583,0,0,692
engine_execution,graph_sparse,1000,999,14,10825416,0,0,695
engine_execution,graph_sparse,1000,999,15,10665000,0,0,694
engine_execution,graph_sparse,1000,999,16,10584875,0,0,681
engine_execution,graph_sparse,1000,999,17,10552458,0,0,680
engine_execution,graph_sparse,1000,999,18,10204209,0,0,683
engine_execution,graph_sparse,1000,999,19,10322833,0,0,682
engine_execution,graph_sparse,1000,999,20,11291500,0,0,685
engine_execution,graph_sparse,1000,999,21,11835333,0,0,684
engine_execution,graph_sparse,1000,999,22,11096250,0,0,687
engine_execution,graph_sparse,1000,999,23,11585584,0,0,686
engine_execution,graph_sparse,1000,999,24,11617042,0,0,673
engine_execution,graph_sparse,1000,999,25,11319334,0,0,672
engine_execution,graph_sparse,1000,999,26,11627583,0,0,675
engine_execution,graph_sparse,1000,999,27,11482041,0,0,674
engine_execution,graph_sparse,1000,999,28,11071458,0,0,677
engine_execution,graph_sparse,1000,999,29,11317750,0,0,676
engine_execution,graph_sparse,1000,999,30,11479792,0,0,679
engine_execution,graph_sparse,1000,999,31,11349917,0,0,678
engine_execution,graph_sparse,1000,999,32,12157125,0,0,665
engine_execution,graph_sparse,1000,999,33,11925000,0,0,664
engine_execution,graph_sparse,1000,999,34,11255917,0,0,667
engine_execution,graph_sparse,1000,999,35,12591541,0,0,666
engine_execution,graph_sparse,1000,999,36,11904833,0,0,669
engine_execution,graph_sparse,1000,999,37,11356333,0,0,668
engine_execution,graph_sparse,1000,999,38,12144417,0,0,671
engine_execution,graph_sparse,1000,999,39,11485042,0,0,670
engine_execution_alloc,graph_sparse,1000,999,0,0,52113,15829713,22755
machine_state_setup,graph_sparse,1000,999,0,57833,0,0,1000
body_state_setup,graph_sparse,1000,999,0,1584,0,0,0
machine_state_setup,graph_sparse,1000,999,1,56791,0,0,1000
body_state_setup,graph_sparse,1000,999,1,1000,0,0,0
machine_state_setup,graph_sparse,1000,999,2,57541,0,0,1000
body_state_setup,graph_sparse,1000,999,2,917,0,0,0
machine_state_setup,graph_sparse,1000,999,3,49959,0,0,1000
body_state_setup,graph_sparse,1000,999,3,1167,0,0,0
machine_state_setup,graph_sparse,1000,999,4,62208,0,0,1000
body_state_setup,graph_sparse,1000,999,4,1125,0,0,0
machine_state_setup,graph_sparse,1000,999,5,56542,0,0,1000
body_state_setup,graph_sparse,1000,999,5,1083,0,0,0
machine_state_setup,graph_sparse,1000,999,6,60916,0,0,1000
body_state_setup,graph_sparse,1000,999,6,1083,0,0,0
machine_state_setup,graph_sparse,1000,999,7,52791,0,0,1000
body_state_setup,graph_sparse,1000,999,7,833,0,0,0
machine_state_setup,graph_sparse,1000,999,8,55792,0,0,1000
body_state_setup,graph_sparse,1000,999,8,1083,0,0,0
machine_state_setup,graph_sparse,1000,999,9,52958,0,0,1000
body_state_setup,graph_sparse,1000,999,9,833,0,0,0
machine_state_setup,graph_sparse,1000,999,10,49000,0,0,1000
body_state_setup,graph_sparse,1000,999,10,833,0,0,0
machine_state_setup,graph_sparse,1000,999,11,56542,0,0,1000
body_state_setup,graph_sparse,1000,999,11,875,0,0,0
machine_state_setup,graph_sparse,1000,999,12,60333,0,0,1000
body_state_setup,graph_sparse,1000,999,12,1083,0,0,0
machine_state_setup,graph_sparse,1000,999,13,54583,0,0,1000
body_state_setup,graph_sparse,1000,999,13,1084,0,0,0
machine_state_setup,graph_sparse,1000,999,14,54167,0,0,1000
body_state_setup,graph_sparse,1000,999,14,833,0,0,0
machine_state_setup,graph_sparse,1000,999,15,54208,0,0,1000
body_state_setup,graph_sparse,1000,999,15,1083,0,0,0
machine_state_setup,graph_sparse,1000,999,16,50208,0,0,1000
body_state_setup,graph_sparse,1000,999,16,916,0,0,0
machine_state_setup,graph_sparse,1000,999,17,52917,0,0,1000
body_state_setup,graph_sparse,1000,999,17,792,0,0,0
machine_state_setup,graph_sparse,1000,999,18,51625,0,0,1000
body_state_setup,graph_sparse,1000,999,18,1000,0,0,0
machine_state_setup,graph_sparse,1000,999,19,50584,0,0,1000
body_state_setup,graph_sparse,1000,999,19,792,0,0,0
machine_state_setup,graph_sparse,1000,999,20,59291,0,0,1000
body_state_setup,graph_sparse,1000,999,20,1167,0,0,0
machine_state_setup,graph_sparse,1000,999,21,59458,0,0,1000
body_state_setup,graph_sparse,1000,999,21,1083,0,0,0
machine_state_setup,graph_sparse,1000,999,22,61375,0,0,1000
body_state_setup,graph_sparse,1000,999,22,1125,0,0,0
machine_state_setup,graph_sparse,1000,999,23,53833,0,0,1000
body_state_setup,graph_sparse,1000,999,23,958,0,0,0
machine_state_setup,graph_sparse,1000,999,24,53167,0,0,1000
body_state_setup,graph_sparse,1000,999,24,959,0,0,0
machine_state_setup,graph_sparse,1000,999,25,57584,0,0,1000
body_state_setup,graph_sparse,1000,999,25,875,0,0,0
machine_state_setup,graph_sparse,1000,999,26,55500,0,0,1000
body_state_setup,graph_sparse,1000,999,26,958,0,0,0
machine_state_setup,graph_sparse,1000,999,27,58416,0,0,1000
body_state_setup,graph_sparse,1000,999,27,1125,0,0,0
machine_state_setup,graph_sparse,1000,999,28,52125,0,0,1000
body_state_setup,graph_sparse,1000,999,28,917,0,0,0
machine_state_setup,graph_sparse,1000,999,29,53125,0,0,1000
body_state_setup,graph_sparse,1000,999,29,875,0,0,0
machine_state_setup,graph_sparse,1000,999,30,58875,0,0,1000
body_state_setup,graph_sparse,1000,999,30,1125,0,0,0
machine_state_setup,graph_sparse,1000,999,31,58167,0,0,1000
body_state_setup,graph_sparse,1000,999,31,875,0,0,0
machine_state_setup,graph_sparse,1000,999,32,52792,0,0,1000
body_state_setup,graph_sparse,1000,999,32,833,0,0,0
machine_state_setup,graph_sparse,1000,999,33,54458,0,0,1000
body_state_setup,graph_sparse,1000,999,33,1083,0,0,0
machine_state_setup,graph_sparse,1000,999,34,51000,0,0,1000
body_state_setup,graph_sparse,1000,999,34,1042,0,0,0
machine_state_setup,graph_sparse,1000,999,35,54416,0,0,1000
body_state_setup,graph_sparse,1000,999,35,1000,0,0,0
machine_state_setup,graph_sparse,1000,999,36,54875,0,0,1000
body_state_setup,graph_sparse,1000,999,36,959,0,0,0
machine_state_setup,graph_sparse,1000,999,37,54209,0,0,1000
body_state_setup,graph_sparse,1000,999,37,1042,0,0,0
machine_state_setup,graph_sparse,1000,999,38,62459,0,0,1000
body_state_setup,graph_sparse,1000,999,38,1167,0,0,0
machine_state_setup,graph_sparse,1000,999,39,55500,0,0,1000
body_state_setup,graph_sparse,1000,999,39,1084,0,0,0
fixture_generation,tiny_yield_chain,1,0,0,917,0,0,5
fixture_generation,tiny_yield_chain,1,0,1,209,0,0,5
fixture_generation,tiny_yield_chain,1,0,2,84,0,0,5
fixture_generation,tiny_yield_chain,1,0,3,125,0,0,5
fixture_generation,tiny_yield_chain,1,0,4,125,0,0,5
fixture_generation,tiny_yield_chain,1,0,5,83,0,0,5
fixture_generation,tiny_yield_chain,1,0,6,125,0,0,5
fixture_generation,tiny_yield_chain,1,0,7,125,0,0,5
fixture_generation,tiny_yield_chain,1,0,8,125,0,0,5
fixture_generation,tiny_yield_chain,1,0,9,125,0,0,5
fixture_generation,tiny_yield_chain,1,0,10,125,0,0,5
fixture_generation,tiny_yield_chain,1,0,11,84,0,0,5
fixture_generation,tiny_yield_chain,1,0,12,84,0,0,5
fixture_generation,tiny_yield_chain,1,0,13,84,0,0,5
fixture_generation,tiny_yield_chain,1,0,14,84,0,0,5
fixture_generation,tiny_yield_chain,1,0,15,84,0,0,5
fixture_generation,tiny_yield_chain,1,0,16,125,0,0,5
fixture_generation,tiny_yield_chain,1,0,17,125,0,0,5
fixture_generation,tiny_yield_chain,1,0,18,83,0,0,5
fixture_generation,tiny_yield_chain,1,0,19,83,0,0,5
plan_build,tiny_yield_chain,1,0,0,10000,0,0,11
plan_build,tiny_yield_chain,1,0,1,1792,0,0,11
plan_build,tiny_yield_chain,1,0,2,1250,0,0,11
plan_build,tiny_yield_chain,1,0,3,1167,0,0,11
plan_build,tiny_yield_chain,1,0,4,1291,0,0,11
plan_build,tiny_yield_chain,1,0,5,1125,0,0,11
plan_build,tiny_yield_chain,1,0,6,1083,0,0,11
plan_build,tiny_yield_chain,1,0,7,1125,0,0,11
plan_build,tiny_yield_chain,1,0,8,1125,0,0,11
plan_build,tiny_yield_chain,1,0,9,1125,0,0,11
plan_build,tiny_yield_chain,1,0,10,1292,0,0,11
plan_build,tiny_yield_chain,1,0,11,1208,0,0,11
plan_build,tiny_yield_chain,1,0,12,1167,0,0,11
plan_build,tiny_yield_chain,1,0,13,1250,0,0,11
plan_build,tiny_yield_chain,1,0,14,1083,0,0,11
plan_build,tiny_yield_chain,1,0,15,1041,0,0,11
plan_build,tiny_yield_chain,1,0,16,1125,0,0,11
plan_build,tiny_yield_chain,1,0,17,1125,0,0,11
plan_build,tiny_yield_chain,1,0,18,1042,0,0,11
plan_build,tiny_yield_chain,1,0,19,1042,0,0,11
plan_build_alloc,tiny_yield_chain,1,0,0,0,36,6722,11
engine_execution,tiny_yield_chain,1,0,0,7542,0,0,1
engine_execution,tiny_yield_chain,1,0,1,7583,0,0,0
engine_execution,tiny_yield_chain,1,0,2,7666,0,0,3
engine_execution,tiny_yield_chain,1,0,3,7042,0,0,2
engine_execution,tiny_yield_chain,1,0,4,8417,0,0,5
engine_execution,tiny_yield_chain,1,0,5,7500,0,0,4
engine_execution,tiny_yield_chain,1,0,6,7250,0,0,7
engine_execution,tiny_yield_chain,1,0,7,7417,0,0,6
engine_execution,tiny_yield_chain,1,0,8,7292,0,0,9
engine_execution,tiny_yield_chain,1,0,9,7291,0,0,8
engine_execution,tiny_yield_chain,1,0,10,7583,0,0,11
engine_execution,tiny_yield_chain,1,0,11,7542,0,0,10
engine_execution,tiny_yield_chain,1,0,12,6459,0,0,13
engine_execution,tiny_yield_chain,1,0,13,6167,0,0,12
engine_execution,tiny_yield_chain,1,0,14,7500,0,0,15
engine_execution,tiny_yield_chain,1,0,15,7541,0,0,14
engine_execution,tiny_yield_chain,1,0,16,7333,0,0,17
engine_execution,tiny_yield_chain,1,0,17,6000,0,0,16
engine_execution,tiny_yield_chain,1,0,18,6209,0,0,19
engine_execution,tiny_yield_chain,1,0,19,5666,0,0,18
engine_execution,tiny_yield_chain,1,0,20,7208,0,0,21
engine_execution,tiny_yield_chain,1,0,21,7583,0,0,20
engine_execution,tiny_yield_chain,1,0,22,7167,0,0,23
engine_execution,tiny_yield_chain,1,0,23,7209,0,0,22
engine_execution,tiny_yield_chain,1,0,24,7000,0,0,25
engine_execution,tiny_yield_chain,1,0,25,7458,0,0,24
engine_execution,tiny_yield_chain,1,0,26,7250,0,0,27
engine_execution,tiny_yield_chain,1,0,27,6875,0,0,26
engine_execution,tiny_yield_chain,1,0,28,7250,0,0,29
engine_execution,tiny_yield_chain,1,0,29,7083,0,0,28
engine_execution,tiny_yield_chain,1,0,30,7500,0,0,31
engine_execution,tiny_yield_chain,1,0,31,7041,0,0,30
engine_execution,tiny_yield_chain,1,0,32,7375,0,0,33
engine_execution,tiny_yield_chain,1,0,33,6458,0,0,32
engine_execution,tiny_yield_chain,1,0,34,5875,0,0,35
engine_execution,tiny_yield_chain,1,0,35,5500,0,0,34
engine_execution,tiny_yield_chain,1,0,36,5625,0,0,37
engine_execution,tiny_yield_chain,1,0,37,5916,0,0,36
engine_execution,tiny_yield_chain,1,0,38,7042,0,0,39
engine_execution,tiny_yield_chain,1,0,39,7041,0,0,38
engine_execution_alloc,tiny_yield_chain,1,0,0,0,107,11948,23131
machine_state_setup,tiny_yield_chain,1,0,0,583,0,0,1
body_state_setup,tiny_yield_chain,1,0,0,458,0,0,0
machine_state_setup,tiny_yield_chain,1,0,1,375,0,0,1
body_state_setup,tiny_yield_chain,1,0,1,417,0,0,0
machine_state_setup,tiny_yield_chain,1,0,2,292,0,0,1
body_state_setup,tiny_yield_chain,1,0,2,375,0,0,0
machine_state_setup,tiny_yield_chain,1,0,3,292,0,0,1
body_state_setup,tiny_yield_chain,1,0,3,416,0,0,0
machine_state_setup,tiny_yield_chain,1,0,4,292,0,0,1
body_state_setup,tiny_yield_chain,1,0,4,417,0,0,0
machine_state_setup,tiny_yield_chain,1,0,5,291,0,0,1
body_state_setup,tiny_yield_chain,1,0,5,333,0,0,0
machine_state_setup,tiny_yield_chain,1,0,6,292,0,0,1
body_state_setup,tiny_yield_chain,1,0,6,334,0,0,0
machine_state_setup,tiny_yield_chain,1,0,7,292,0,0,1
body_state_setup,tiny_yield_chain,1,0,7,375,0,0,0
machine_state_setup,tiny_yield_chain,1,0,8,292,0,0,1
body_state_setup,tiny_yield_chain,1,0,8,291,0,0,0
machine_state_setup,tiny_yield_chain,1,0,9,333,0,0,1
body_state_setup,tiny_yield_chain,1,0,9,250,0,0,0
machine_state_setup,tiny_yield_chain,1,0,10,291,0,0,1
body_state_setup,tiny_yield_chain,1,0,10,250,0,0,0
machine_state_setup,tiny_yield_chain,1,0,11,250,0,0,1
body_state_setup,tiny_yield_chain,1,0,11,292,0,0,0
machine_state_setup,tiny_yield_chain,1,0,12,333,0,0,1
body_state_setup,tiny_yield_chain,1,0,12,291,0,0,0
machine_state_setup,tiny_yield_chain,1,0,13,292,0,0,1
body_state_setup,tiny_yield_chain,1,0,13,250,0,0,0
machine_state_setup,tiny_yield_chain,1,0,14,292,0,0,1
body_state_setup,tiny_yield_chain,1,0,14,250,0,0,0
machine_state_setup,tiny_yield_chain,1,0,15,250,0,0,1
body_state_setup,tiny_yield_chain,1,0,15,292,0,0,0
machine_state_setup,tiny_yield_chain,1,0,16,250,0,0,1
body_state_setup,tiny_yield_chain,1,0,16,250,0,0,0
machine_state_setup,tiny_yield_chain,1,0,17,292,0,0,1
body_state_setup,tiny_yield_chain,1,0,17,250,0,0,0
machine_state_setup,tiny_yield_chain,1,0,18,250,0,0,1
body_state_setup,tiny_yield_chain,1,0,18,292,0,0,0
machine_state_setup,tiny_yield_chain,1,0,19,209,0,0,1
body_state_setup,tiny_yield_chain,1,0,19,292,0,0,0
machine_state_setup,tiny_yield_chain,1,0,20,250,0,0,1
body_state_setup,tiny_yield_chain,1,0,20,292,0,0,0
machine_state_setup,tiny_yield_chain,1,0,21,334,0,0,1
body_state_setup,tiny_yield_chain,1,0,21,250,0,0,0
machine_state_setup,tiny_yield_chain,1,0,22,250,0,0,1
body_state_setup,tiny_yield_chain,1,0,22,291,0,0,0
machine_state_setup,tiny_yield_chain,1,0,23,292,0,0,1
body_state_setup,tiny_yield_chain,1,0,23,250,0,0,0
machine_state_setup,tiny_yield_chain,1,0,24,292,0,0,1
body_state_setup,tiny_yield_chain,1,0,24,292,0,0,0
machine_state_setup,tiny_yield_chain,1,0,25,291,0,0,1
body_state_setup,tiny_yield_chain,1,0,25,250,0,0,0
machine_state_setup,tiny_yield_chain,1,0,26,292,0,0,1
body_state_setup,tiny_yield_chain,1,0,26,375,0,0,0
machine_state_setup,tiny_yield_chain,1,0,27,292,0,0,1
body_state_setup,tiny_yield_chain,1,0,27,333,0,0,0
machine_state_setup,tiny_yield_chain,1,0,28,250,0,0,1
body_state_setup,tiny_yield_chain,1,0,28,250,0,0,0
machine_state_setup,tiny_yield_chain,1,0,29,333,0,0,1
body_state_setup,tiny_yield_chain,1,0,29,291,0,0,0
machine_state_setup,tiny_yield_chain,1,0,30,208,0,0,1
body_state_setup,tiny_yield_chain,1,0,30,292,0,0,0
machine_state_setup,tiny_yield_chain,1,0,31,292,0,0,1
body_state_setup,tiny_yield_chain,1,0,31,250,0,0,0
machine_state_setup,tiny_yield_chain,1,0,32,250,0,0,1
body_state_setup,tiny_yield_chain,1,0,32,250,0,0,0
machine_state_setup,tiny_yield_chain,1,0,33,333,0,0,1
body_state_setup,tiny_yield_chain,1,0,33,250,0,0,0
machine_state_setup,tiny_yield_chain,1,0,34,209,0,0,1
body_state_setup,tiny_yield_chain,1,0,34,292,0,0,0
machine_state_setup,tiny_yield_chain,1,0,35,250,0,0,1
body_state_setup,tiny_yield_chain,1,0,35,334,0,0,0
machine_state_setup,tiny_yield_chain,1,0,36,250,0,0,1
body_state_setup,tiny_yield_chain,1,0,36,292,0,0,0
machine_state_setup,tiny_yield_chain,1,0,37,334,0,0,1
body_state_setup,tiny_yield_chain,1,0,37,250,0,0,0
machine_state_setup,tiny_yield_chain,1,0,38,250,0,0,1
body_state_setup,tiny_yield_chain,1,0,38,291,0,0,0
machine_state_setup,tiny_yield_chain,1,0,39,250,0,0,1
body_state_setup,tiny_yield_chain,1,0,39,291,0,0,0
engine_execution,resource_normal,2,1,0,15542,0,0,0
engine_execution,resource_normal,2,1,1,14417,0,0,3
engine_execution,resource_normal,2,1,2,11250,0,0,2
engine_execution,resource_normal,2,1,3,11167,0,0,5
engine_execution,resource_normal,2,1,4,11750,0,0,4
engine_execution,resource_normal,2,1,5,11959,0,0,7
engine_execution,resource_normal,2,1,6,14375,0,0,6
engine_execution,resource_normal,2,1,7,13000,0,0,9
engine_execution,resource_normal,2,1,8,11500,0,0,8
engine_execution,resource_normal,2,1,9,11792,0,0,11
engine_execution,resource_normal,2,1,10,14583,0,0,10
engine_execution,resource_normal,2,1,11,11875,0,0,13
engine_execution,resource_normal,2,1,12,13042,0,0,12
engine_execution,resource_normal,2,1,13,14375,0,0,15
engine_execution,resource_normal,2,1,14,13584,0,0,14
engine_execution,resource_normal,2,1,15,15375,0,0,17
engine_execution,resource_normal,2,1,16,14750,0,0,16
engine_execution,resource_normal,2,1,17,14750,0,0,19
engine_execution,resource_normal,2,1,18,13875,0,0,18
engine_execution,resource_normal,2,1,19,14500,0,0,21
engine_execution,resource_normal,2,1,20,12375,0,0,20
engine_execution,resource_normal,2,1,21,13125,0,0,23
engine_execution,resource_normal,2,1,22,15125,0,0,22
engine_execution,resource_normal,2,1,23,14167,0,0,25
engine_execution,resource_normal,2,1,24,14125,0,0,24
engine_execution,resource_normal,2,1,25,14250,0,0,27
engine_execution,resource_normal,2,1,26,14125,0,0,26
engine_execution,resource_normal,2,1,27,14500,0,0,29
engine_execution,resource_normal,2,1,28,10833,0,0,28
engine_execution,resource_normal,2,1,29,10958,0,0,31
engine_execution,resource_normal,2,1,30,10500,0,0,30
engine_execution,resource_normal,2,1,31,10708,0,0,33
engine_execution,resource_normal,2,1,32,10833,0,0,32
engine_execution,resource_normal,2,1,33,10792,0,0,35
engine_execution,resource_normal,2,1,34,11334,0,0,34
engine_execution,resource_normal,2,1,35,14292,0,0,37
engine_execution,resource_normal,2,1,36,14583,0,0,36
engine_execution,resource_normal,2,1,37,13791,0,0,39
engine_execution,resource_normal,2,1,38,16291,0,0,38
engine_execution,resource_normal,2,1,39,14708,0,0,41
engine_execution_alloc,resource_normal,2,1,0,0,212,19946,23130
engine_execution,resource_release_failure,2,1,0,11791,0,0,1
engine_execution,resource_release_failure,2,1,1,11833,0,0,2
engine_execution,resource_release_failure,2,1,2,11709,0,0,3
engine_execution,resource_release_failure,2,1,3,14334,0,0,4
engine_execution,resource_release_failure,2,1,4,12125,0,0,5
engine_execution,resource_release_failure,2,1,5,13750,0,0,6
engine_execution,resource_release_failure,2,1,6,15833,0,0,7
engine_execution,resource_release_failure,2,1,7,15042,0,0,8
engine_execution,resource_release_failure,2,1,8,14459,0,0,9
engine_execution,resource_release_failure,2,1,9,32042,0,0,10
engine_execution,resource_release_failure,2,1,10,13875,0,0,11
engine_execution,resource_release_failure,2,1,11,12042,0,0,12
engine_execution,resource_release_failure,2,1,12,12291,0,0,13
engine_execution,resource_release_failure,2,1,13,12333,0,0,14
engine_execution,resource_release_failure,2,1,14,12208,0,0,15
engine_execution,resource_release_failure,2,1,15,11958,0,0,16
engine_execution,resource_release_failure,2,1,16,21875,0,0,17
engine_execution,resource_release_failure,2,1,17,19375,0,0,18
engine_execution,resource_release_failure,2,1,18,13666,0,0,19
engine_execution,resource_release_failure,2,1,19,13042,0,0,20
engine_execution,resource_release_failure,2,1,20,79708,0,0,21
engine_execution,resource_release_failure,2,1,21,29625,0,0,22
engine_execution,resource_release_failure,2,1,22,13250,0,0,23
engine_execution,resource_release_failure,2,1,23,11000,0,0,24
engine_execution,resource_release_failure,2,1,24,12791,0,0,25
engine_execution,resource_release_failure,2,1,25,28625,0,0,26
engine_execution,resource_release_failure,2,1,26,23291,0,0,27
engine_execution,resource_release_failure,2,1,27,32750,0,0,28
engine_execution,resource_release_failure,2,1,28,13125,0,0,29
engine_execution,resource_release_failure,2,1,29,12041,0,0,30
engine_execution,resource_release_failure,2,1,30,13208,0,0,31
engine_execution,resource_release_failure,2,1,31,13458,0,0,32
engine_execution,resource_release_failure,2,1,32,12042,0,0,33
engine_execution,resource_release_failure,2,1,33,11667,0,0,34
engine_execution,resource_release_failure,2,1,34,14250,0,0,35
engine_execution,resource_release_failure,2,1,35,13916,0,0,36
engine_execution,resource_release_failure,2,1,36,14958,0,0,37
engine_execution,resource_release_failure,2,1,37,14208,0,0,38
engine_execution,resource_release_failure,2,1,38,14417,0,0,39
engine_execution,resource_release_failure,2,1,39,13625,0,0,40
engine_execution_alloc,resource_release_failure,2,1,0,0,222,20689,23131
engine_execution,resource_startup_failure,2,1,0,15041,0,0,3
engine_execution,resource_startup_failure,2,1,1,14458,0,0,3
engine_execution,resource_startup_failure,2,1,2,14625,0,0,3
engine_execution,resource_startup_failure,2,1,3,12042,0,0,3
engine_execution,resource_startup_failure,2,1,4,11833,0,0,3
engine_execution,resource_startup_failure,2,1,5,11625,0,0,3
engine_execution,resource_startup_failure,2,1,6,11667,0,0,3
engine_execution,resource_startup_failure,2,1,7,14750,0,0,3
engine_execution,resource_startup_failure,2,1,8,14250,0,0,3
engine_execution,resource_startup_failure,2,1,9,13458,0,0,3
engine_execution,resource_startup_failure,2,1,10,14709,0,0,3
engine_execution,resource_startup_failure,2,1,11,12167,0,0,3
engine_execution,resource_startup_failure,2,1,12,13958,0,0,3
engine_execution,resource_startup_failure,2,1,13,16541,0,0,3
engine_execution,resource_startup_failure,2,1,14,15083,0,0,3
engine_execution,resource_startup_failure,2,1,15,12500,0,0,3
engine_execution,resource_startup_failure,2,1,16,14125,0,0,3
engine_execution,resource_startup_failure,2,1,17,14083,0,0,3
engine_execution,resource_startup_failure,2,1,18,14666,0,0,3
engine_execution,resource_startup_failure,2,1,19,14875,0,0,3
engine_execution,resource_startup_failure,2,1,20,13375,0,0,3
engine_execution,resource_startup_failure,2,1,21,11417,0,0,3
engine_execution,resource_startup_failure,2,1,22,14291,0,0,3
engine_execution,resource_startup_failure,2,1,23,11500,0,0,3
engine_execution,resource_startup_failure,2,1,24,14167,0,0,3
engine_execution,resource_startup_failure,2,1,25,14042,0,0,3
engine_execution,resource_startup_failure,2,1,26,14708,0,0,3
engine_execution,resource_startup_failure,2,1,27,12458,0,0,3
engine_execution,resource_startup_failure,2,1,28,11166,0,0,3
engine_execution,resource_startup_failure,2,1,29,11542,0,0,3
engine_execution,resource_startup_failure,2,1,30,11625,0,0,3
engine_execution,resource_startup_failure,2,1,31,11541,0,0,3
engine_execution,resource_startup_failure,2,1,32,11375,0,0,3
engine_execution,resource_startup_failure,2,1,33,10667,0,0,3
engine_execution,resource_startup_failure,2,1,34,13417,0,0,3
engine_execution,resource_startup_failure,2,1,35,14500,0,0,3
engine_execution,resource_startup_failure,2,1,36,13584,0,0,3
engine_execution,resource_startup_failure,2,1,37,11041,0,0,3
engine_execution,resource_startup_failure,2,1,38,10875,0,0,3
engine_execution,resource_startup_failure,2,1,39,10500,0,0,3
engine_execution_alloc,resource_startup_failure,2,1,0,0,219,20993,3
engine_execution,resource_cleanup_error_upstream,3,1,0,16208,0,0,0
engine_execution,resource_cleanup_error_upstream,3,1,1,16375,0,0,1
engine_execution,resource_cleanup_error_upstream,3,1,2,19542,0,0,2
engine_execution,resource_cleanup_error_upstream,3,1,3,19375,0,0,3
engine_execution,resource_cleanup_error_upstream,3,1,4,19625,0,0,4
engine_execution,resource_cleanup_error_upstream,3,1,5,14833,0,0,5
engine_execution,resource_cleanup_error_upstream,3,1,6,14625,0,0,6
engine_execution,resource_cleanup_error_upstream,3,1,7,14333,0,0,7
engine_execution,resource_cleanup_error_upstream,3,1,8,14333,0,0,8
engine_execution,resource_cleanup_error_upstream,3,1,9,14291,0,0,9
engine_execution,resource_cleanup_error_upstream,3,1,10,14417,0,0,10
engine_execution,resource_cleanup_error_upstream,3,1,11,14291,0,0,11
engine_execution,resource_cleanup_error_upstream,3,1,12,14792,0,0,12
engine_execution,resource_cleanup_error_upstream,3,1,13,14375,0,0,13
engine_execution,resource_cleanup_error_upstream,3,1,14,18125,0,0,14
engine_execution,resource_cleanup_error_upstream,3,1,15,19083,0,0,15
engine_execution,resource_cleanup_error_upstream,3,1,16,19333,0,0,16
engine_execution,resource_cleanup_error_upstream,3,1,17,19125,0,0,17
engine_execution,resource_cleanup_error_upstream,3,1,18,17667,0,0,18
engine_execution,resource_cleanup_error_upstream,3,1,19,16583,0,0,19
engine_execution,resource_cleanup_error_upstream,3,1,20,18917,0,0,20
engine_execution,resource_cleanup_error_upstream,3,1,21,18334,0,0,21
engine_execution,resource_cleanup_error_upstream,3,1,22,18875,0,0,22
engine_execution,resource_cleanup_error_upstream,3,1,23,16292,0,0,23
engine_execution,resource_cleanup_error_upstream,3,1,24,14708,0,0,24
engine_execution,resource_cleanup_error_upstream,3,1,25,17459,0,0,25
engine_execution,resource_cleanup_error_upstream,3,1,26,15792,0,0,26
engine_execution,resource_cleanup_error_upstream,3,1,27,14833,0,0,27
engine_execution,resource_cleanup_error_upstream,3,1,28,14708,0,0,28
engine_execution,resource_cleanup_error_upstream,3,1,29,15250,0,0,29
engine_execution,resource_cleanup_error_upstream,3,1,30,17875,0,0,30
engine_execution,resource_cleanup_error_upstream,3,1,31,18417,0,0,31
engine_execution,resource_cleanup_error_upstream,3,1,32,15375,0,0,32
engine_execution,resource_cleanup_error_upstream,3,1,33,18375,0,0,33
engine_execution,resource_cleanup_error_upstream,3,1,34,17291,0,0,34
engine_execution,resource_cleanup_error_upstream,3,1,35,18750,0,0,35
engine_execution,resource_cleanup_error_upstream,3,1,36,19375,0,0,36
engine_execution,resource_cleanup_error_upstream,3,1,37,17833,0,0,37
engine_execution,resource_cleanup_error_upstream,3,1,38,16084,0,0,38
engine_execution,resource_cleanup_error_upstream,3,1,39,18500,0,0,39
engine_execution_alloc,resource_cleanup_error_upstream,3,1,0,0,326,26919,23130
engine_execution,resource_cancel_after_acquire,1,0,0,16208,0,0,3
engine_execution,resource_cancel_after_acquire,1,0,1,9417,0,0,3
engine_execution,resource_cancel_after_acquire,1,0,2,10708,0,0,3
engine_execution,resource_cancel_after_acquire,1,0,3,9666,0,0,3
engine_execution,resource_cancel_after_acquire,1,0,4,8375,0,0,3
engine_execution,resource_cancel_after_acquire,1,0,5,8125,0,0,3
engine_execution,resource_cancel_after_acquire,1,0,6,8375,0,0,3
engine_execution,resource_cancel_after_acquire,1,0,7,8083,0,0,3
engine_execution,resource_cancel_after_acquire,1,0,8,8084,0,0,3
engine_execution,resource_cancel_after_acquire,1,0,9,8375,0,0,3
engine_execution,resource_cancel_after_acquire,1,0,10,8167,0,0,3
engine_execution,resource_cancel_after_acquire,1,0,11,9666,0,0,3
engine_execution,resource_cancel_after_acquire,1,0,12,9917,0,0,3
engine_execution,resource_cancel_after_acquire,1,0,13,9792,0,0,3
engine_execution,resource_cancel_after_acquire,1,0,14,10291,0,0,3
engine_execution,resource_cancel_after_acquire,1,0,15,8875,0,0,3
engine_execution,resource_cancel_after_acquire,1,0,16,8750,0,0,3
engine_execution,resource_cancel_after_acquire,1,0,17,8709,0,0,3
engine_execution,resource_cancel_after_acquire,1,0,18,10417,0,0,3
engine_execution,resource_cancel_after_acquire,1,0,19,11625,0,0,3
engine_execution,resource_cancel_after_acquire,1,0,20,10167,0,0,3
engine_execution,resource_cancel_after_acquire,1,0,21,10167,0,0,3
engine_execution,resource_cancel_after_acquire,1,0,22,10667,0,0,3
engine_execution,resource_cancel_after_acquire,1,0,23,9375,0,0,3
engine_execution,resource_cancel_after_acquire,1,0,24,7917,0,0,3
engine_execution,resource_cancel_after_acquire,1,0,25,8250,0,0,3
engine_execution,resource_cancel_after_acquire,1,0,26,8125,0,0,3
engine_execution,resource_cancel_after_acquire,1,0,27,8167,0,0,3
engine_execution,resource_cancel_after_acquire,1,0,28,10375,0,0,3
engine_execution,resource_cancel_after_acquire,1,0,29,10584,0,0,3
engine_execution,resource_cancel_after_acquire,1,0,30,10584,0,0,3
engine_execution,resource_cancel_after_acquire,1,0,31,11084,0,0,3
engine_execution,resource_cancel_after_acquire,1,0,32,9792,0,0,3
engine_execution,resource_cancel_after_acquire,1,0,33,10291,0,0,3
engine_execution,resource_cancel_after_acquire,1,0,34,10209,0,0,3
engine_execution,resource_cancel_after_acquire,1,0,35,8750,0,0,3
engine_execution,resource_cancel_after_acquire,1,0,36,8583,0,0,3
engine_execution,resource_cancel_after_acquire,1,0,37,8208,0,0,3
engine_execution,resource_cancel_after_acquire,1,0,38,8166,0,0,3
engine_execution,resource_cancel_after_acquire,1,0,39,10167,0,0,3
engine_execution,effect_known_receipt,1,0,0,9750,0,0,1
engine_execution,effect_known_receipt,1,0,1,10417,0,0,0
engine_execution,effect_known_receipt,1,0,2,10583,0,0,3
engine_execution,effect_known_receipt,1,0,3,10625,0,0,2
engine_execution,effect_known_receipt,1,0,4,8375,0,0,5
engine_execution,effect_known_receipt,1,0,5,8042,0,0,4
engine_execution,effect_known_receipt,1,0,6,8250,0,0,7
engine_execution,effect_known_receipt,1,0,7,8459,0,0,6
engine_execution,effect_known_receipt,1,0,8,7917,0,0,9
engine_execution,effect_known_receipt,1,0,9,7958,0,0,8
engine_execution,effect_known_receipt,1,0,10,8333,0,0,11
engine_execution,effect_known_receipt,1,0,11,8417,0,0,10
engine_execution,effect_known_receipt,1,0,12,10167,0,0,13
engine_execution,effect_known_receipt,1,0,13,10000,0,0,12
engine_execution,effect_known_receipt,1,0,14,9958,0,0,15
engine_execution,effect_known_receipt,1,0,15,7875,0,0,14
engine_execution,effect_known_receipt,1,0,16,8583,0,0,17
engine_execution,effect_known_receipt,1,0,17,9750,0,0,16
engine_execution,effect_known_receipt,1,0,18,9917,0,0,19
engine_execution,effect_known_receipt,1,0,19,9750,0,0,18
engine_execution,effect_known_receipt,1,0,20,10125,0,0,21
engine_execution,effect_known_receipt,1,0,21,8208,0,0,20
engine_execution,effect_known_receipt,1,0,22,7750,0,0,23
engine_execution,effect_known_receipt,1,0,23,7583,0,0,22
engine_execution,effect_known_receipt,1,0,24,7958,0,0,25
engine_execution,effect_known_receipt,1,0,25,7791,0,0,24
engine_execution,effect_known_receipt,1,0,26,7667,0,0,27
engine_execution,effect_known_receipt,1,0,27,7417,0,0,26
engine_execution,effect_known_receipt,1,0,28,9375,0,0,29
engine_execution,effect_known_receipt,1,0,29,9542,0,0,28
engine_execution,effect_known_receipt,1,0,30,9542,0,0,31
engine_execution,effect_known_receipt,1,0,31,10208,0,0,30
engine_execution,effect_known_receipt,1,0,32,9958,0,0,33
engine_execution,effect_known_receipt,1,0,33,10583,0,0,32
engine_execution,effect_known_receipt,1,0,34,14250,0,0,35
engine_execution,effect_known_receipt,1,0,35,10084,0,0,34
engine_execution,effect_known_receipt,1,0,36,10292,0,0,37
engine_execution,effect_known_receipt,1,0,37,7916,0,0,36
engine_execution,effect_known_receipt,1,0,38,8417,0,0,39
engine_execution,effect_known_receipt,1,0,39,9958,0,0,38
engine_execution_alloc,effect_known_receipt,1,0,0,0,158,15522,23131
engine_execution,retry_one_failure,1,0,0,6667,0,0,1
engine_execution,retry_one_failure,1,0,1,6625,0,0,0
engine_execution,retry_one_failure,1,0,2,6791,0,0,3
engine_execution,retry_one_failure,1,0,3,6959,0,0,2
engine_execution,retry_one_failure,1,0,4,6958,0,0,5
engine_execution,retry_one_failure,1,0,5,6958,0,0,4
engine_execution,retry_one_failure,1,0,6,6750,0,0,7
engine_execution,retry_one_failure,1,0,7,6875,0,0,6
engine_execution,retry_one_failure,1,0,8,6792,0,0,9
engine_execution,retry_one_failure,1,0,9,6750,0,0,8
engine_execution,retry_one_failure,1,0,10,6875,0,0,11
engine_execution,retry_one_failure,1,0,11,7000,0,0,10
engine_execution,retry_one_failure,1,0,12,8667,0,0,13
engine_execution,retry_one_failure,1,0,13,8667,0,0,12
engine_execution,retry_one_failure,1,0,14,9333,0,0,15
engine_execution,retry_one_failure,1,0,15,8541,0,0,14
engine_execution,retry_one_failure,1,0,16,7292,0,0,17
engine_execution,retry_one_failure,1,0,17,7250,0,0,16
engine_execution,retry_one_failure,1,0,18,7167,0,0,19
engine_execution,retry_one_failure,1,0,19,8416,0,0,18
engine_execution,retry_one_failure,1,0,20,9083,0,0,21
engine_execution,retry_one_failure,1,0,21,9083,0,0,20
engine_execution,retry_one_failure,1,0,22,9500,0,0,23
engine_execution,retry_one_failure,1,0,23,8833,0,0,22
engine_execution,retry_one_failure,1,0,24,8167,0,0,25
engine_execution,retry_one_failure,1,0,25,8833,0,0,24
engine_execution,retry_one_failure,1,0,26,8916,0,0,27
engine_execution,retry_one_failure,1,0,27,9083,0,0,26
engine_execution,retry_one_failure,1,0,28,9000,0,0,29
engine_execution,retry_one_failure,1,0,29,9083,0,0,28
engine_execution,retry_one_failure,1,0,30,9000,0,0,31
engine_execution,retry_one_failure,1,0,31,9166,0,0,30
engine_execution,retry_one_failure,1,0,32,8958,0,0,33
engine_execution,retry_one_failure,1,0,33,8875,0,0,32
engine_execution,retry_one_failure,1,0,34,8583,0,0,35
engine_execution,retry_one_failure,1,0,35,7209,0,0,34
engine_execution,retry_one_failure,1,0,36,7125,0,0,37
engine_execution,retry_one_failure,1,0,37,7458,0,0,36
engine_execution,retry_one_failure,1,0,38,8750,0,0,39
engine_execution,retry_one_failure,1,0,39,8542,0,0,38
engine_execution_alloc,retry_one_failure,1,0,0,0,161,15681,23131
engine_execution,component_flat,10,9,0,25292,0,0,0
engine_execution,component_flat,10,9,1,25333,0,0,1
engine_execution,component_flat,10,9,2,31917,0,0,2
engine_execution,component_flat,10,9,3,33250,0,0,3
engine_execution,component_flat,10,9,4,29583,0,0,4
engine_execution,component_flat,10,9,5,32083,0,0,5
engine_execution,component_flat,10,9,6,29458,0,0,6
engine_execution,component_flat,10,9,7,33083,0,0,7
engine_execution,component_flat,10,9,8,27000,0,0,8
engine_execution,component_flat,10,9,9,25458,0,0,9
engine_execution,component_flat,10,9,10,29083,0,0,10
engine_execution,component_flat,10,9,11,27000,0,0,11
engine_execution,component_flat,10,9,12,29958,0,0,12
engine_execution,component_flat,10,9,13,31875,0,0,13
engine_execution,component_flat,10,9,14,27375,0,0,14
engine_execution,component_flat,10,9,15,31583,0,0,15
engine_execution,component_flat,10,9,16,30500,0,0,16
engine_execution,component_flat,10,9,17,32500,0,0,17
engine_execution,component_flat,10,9,18,32959,0,0,18
engine_execution,component_flat,10,9,19,28875,0,0,19
engine_execution,component_flat,10,9,20,31125,0,0,20
engine_execution,component_flat,10,9,21,26167,0,0,21
engine_execution,component_flat,10,9,22,32167,0,0,22
engine_execution,component_flat,10,9,23,28666,0,0,23
engine_execution,component_flat,10,9,24,29500,0,0,24
engine_execution,component_flat,10,9,25,27041,0,0,25
engine_execution,component_flat,10,9,26,34125,0,0,26
engine_execution,component_flat,10,9,27,32292,0,0,27
engine_execution,component_flat,10,9,28,25417,0,0,28
engine_execution,component_flat,10,9,29,25417,0,0,29
engine_execution,component_flat,10,9,30,25625,0,0,30
engine_execution,component_flat,10,9,31,26000,0,0,31
engine_execution,component_flat,10,9,32,33208,0,0,32
engine_execution,component_flat,10,9,33,33125,0,0,33
engine_execution,component_flat,10,9,34,30541,0,0,34
engine_execution,component_flat,10,9,35,32958,0,0,35
engine_execution,component_flat,10,9,36,29625,0,0,36
engine_execution,component_flat,10,9,37,33125,0,0,37
engine_execution,component_flat,10,9,38,26667,0,0,38
engine_execution,component_flat,10,9,39,30042,0,0,39
engine_execution_alloc,component_flat,10,9,0,0,589,46368,23130
engine_execution,component_nested,13,12,0,39625,0,0,0
engine_execution,component_nested,13,12,1,38708,0,0,1
engine_execution,component_nested,13,12,2,63625,0,0,2
engine_execution,component_nested,13,12,3,51291,0,0,3
engine_execution,component_nested,13,12,4,47667,0,0,4
engine_execution,component_nested,13,12,5,38459,0,0,5
engine_execution,component_nested,13,12,6,40666,0,0,6
engine_execution,component_nested,13,12,7,36084,0,0,7
engine_execution,component_nested,13,12,8,43750,0,0,8
engine_execution,component_nested,13,12,9,45125,0,0,9
engine_execution,component_nested,13,12,10,46833,0,0,10
engine_execution,component_nested,13,12,11,46583,0,0,11
engine_execution,component_nested,13,12,12,35375,0,0,12
engine_execution,component_nested,13,12,13,35459,0,0,13
engine_execution,component_nested,13,12,14,36959,0,0,14
engine_execution,component_nested,13,12,15,42917,0,0,15
engine_execution,component_nested,13,12,16,41083,0,0,16
engine_execution,component_nested,13,12,17,41583,0,0,17
engine_execution,component_nested,13,12,18,46416,0,0,18
engine_execution,component_nested,13,12,19,35917,0,0,19
engine_execution,component_nested,13,12,20,39916,0,0,20
engine_execution,component_nested,13,12,21,36167,0,0,21
engine_execution,component_nested,13,12,22,44000,0,0,22
engine_execution,component_nested,13,12,23,44000,0,0,23
engine_execution,component_nested,13,12,24,37167,0,0,24
engine_execution,component_nested,13,12,25,46458,0,0,25
engine_execution,component_nested,13,12,26,43916,0,0,26
engine_execution,component_nested,13,12,27,36292,0,0,27
engine_execution,component_nested,13,12,28,43125,0,0,28
engine_execution,component_nested,13,12,29,40625,0,0,29
engine_execution,component_nested,13,12,30,44417,0,0,30
engine_execution,component_nested,13,12,31,42167,0,0,31
engine_execution,component_nested,13,12,32,43666,0,0,32
engine_execution,component_nested,13,12,33,46750,0,0,33
engine_execution,component_nested,13,12,34,42500,0,0,34
engine_execution,component_nested,13,12,35,40291,0,0,35
engine_execution,component_nested,13,12,36,39458,0,0,36
engine_execution,component_nested,13,12,37,46333,0,0,37
engine_execution,component_nested,13,12,38,42375,0,0,38
engine_execution,component_nested,13,12,39,42583,0,0,39
engine_execution_alloc,component_nested,13,12,0,0,875,61257,23130
engine_execution,component_flat,100,99,0,306959,0,0,1
engine_execution,component_flat,100,99,1,329334,0,0,0
engine_execution,component_flat,100,99,2,320333,0,0,3
engine_execution,component_flat,100,99,3,336291,0,0,2
engine_execution,component_flat,100,99,4,337584,0,0,5
engine_execution,component_flat,100,99,5,318792,0,0,4
engine_execution,component_flat,100,99,6,339791,0,0,7
engine_execution,component_flat,100,99,7,330792,0,0,6
engine_execution,component_flat,100,99,8,336125,0,0,9
engine_execution,component_flat,100,99,9,328792,0,0,8
engine_execution,component_flat,100,99,10,314583,0,0,11
engine_execution,component_flat,100,99,11,324583,0,0,10
engine_execution,component_flat,100,99,12,324083,0,0,13
engine_execution,component_flat,100,99,13,331917,0,0,12
engine_execution,component_flat,100,99,14,334750,0,0,15
engine_execution,component_flat,100,99,15,322250,0,0,14
engine_execution,component_flat,100,99,16,332375,0,0,17
engine_execution,component_flat,100,99,17,329375,0,0,16
engine_execution,component_flat,100,99,18,314833,0,0,19
engine_execution,component_flat,100,99,19,312542,0,0,18
engine_execution,component_flat,100,99,20,332666,0,0,21
engine_execution,component_flat,100,99,21,329875,0,0,20
engine_execution,component_flat,100,99,22,329458,0,0,23
engine_execution,component_flat,100,99,23,338375,0,0,22
engine_execution,component_flat,100,99,24,330125,0,0,25
engine_execution,component_flat,100,99,25,316250,0,0,24
engine_execution,component_flat,100,99,26,330584,0,0,27
engine_execution,component_flat,100,99,27,309792,0,0,26
engine_execution,component_flat,100,99,28,327958,0,0,29
engine_execution,component_flat,100,99,29,334875,0,0,28
engine_execution,component_flat,100,99,30,339959,0,0,31
engine_execution,component_flat,100,99,31,328083,0,0,30
engine_execution,component_flat,100,99,32,344333,0,0,33
engine_execution,component_flat,100,99,33,313250,0,0,32
engine_execution,component_flat,100,99,34,329459,0,0,35
engine_execution,component_flat,100,99,35,333333,0,0,34
engine_execution,component_flat,100,99,36,324375,0,0,37
engine_execution,component_flat,100,99,37,354958,0,0,36
engine_execution,component_flat,100,99,38,376208,0,0,39
engine_execution,component_flat,100,99,39,330000,0,0,38
engine_execution_alloc,component_flat,100,99,0,0,5366,523200,23131
engine_execution,component_nested,103,102,0,409375,0,0,1
engine_execution,component_nested,103,102,1,385084,0,0,0
engine_execution,component_nested,103,102,2,386667,0,0,3
engine_execution,component_nested,103,102,3,392958,0,0,2
engine_execution,component_nested,103,102,4,390375,0,0,5
engine_execution,component_nested,103,102,5,372500,0,0,4
engine_execution,component_nested,103,102,6,391583,0,0,7
engine_execution,component_nested,103,102,7,389375,0,0,6
engine_execution,component_nested,103,102,8,377459,0,0,9
engine_execution,component_nested,103,102,9,380000,0,0,8
engine_execution,component_nested,103,102,10,510750,0,0,11
engine_execution,component_nested,103,102,11,474167,0,0,10
engine_execution,component_nested,103,102,12,421166,0,0,13
engine_execution,component_nested,103,102,13,393541,0,0,12
engine_execution,component_nested,103,102,14,395083,0,0,15
engine_execution,component_nested,103,102,15,383708,0,0,14
engine_execution,component_nested,103,102,16,365583,0,0,17
engine_execution,component_nested,103,102,17,353000,0,0,16
engine_execution,component_nested,103,102,18,362875,0,0,19
engine_execution,component_nested,103,102,19,370083,0,0,18
engine_execution,component_nested,103,102,20,366709,0,0,21
engine_execution,component_nested,103,102,21,392042,0,0,20
engine_execution,component_nested,103,102,22,399250,0,0,23
engine_execution,component_nested,103,102,23,392375,0,0,22
engine_execution,component_nested,103,102,24,426125,0,0,25
engine_execution,component_nested,103,102,25,395459,0,0,24
engine_execution,component_nested,103,102,26,400208,0,0,27
engine_execution,component_nested,103,102,27,395459,0,0,26
engine_execution,component_nested,103,102,28,399667,0,0,29
engine_execution,component_nested,103,102,29,396958,0,0,28
engine_execution,component_nested,103,102,30,402041,0,0,31
engine_execution,component_nested,103,102,31,508833,0,0,30
engine_execution,component_nested,103,102,32,401875,0,0,33
engine_execution,component_nested,103,102,33,568333,0,0,32
engine_execution,component_nested,103,102,34,664583,0,0,35
engine_execution,component_nested,103,102,35,389834,0,0,34
engine_execution,component_nested,103,102,36,381250,0,0,37
engine_execution,component_nested,103,102,37,402916,0,0,36
engine_execution,component_nested,103,102,38,395792,0,0,39
engine_execution,component_nested,103,102,39,388917,0,0,38
engine_execution_alloc,component_nested,103,102,0,0,6642,655449,23131
plan_build,component_repeated_typed_2,2,2,0,19084,0,0,25
plan_build,component_repeated_typed_2,2,2,1,7833,0,0,25
plan_build,component_repeated_typed_2,2,2,2,6041,0,0,25
plan_build,component_repeated_typed_2,2,2,3,5750,0,0,25
plan_build,component_repeated_typed_2,2,2,4,5625,0,0,25
plan_build,component_repeated_typed_2,2,2,5,5875,0,0,25
plan_build,component_repeated_typed_2,2,2,6,4375,0,0,25
plan_build,component_repeated_typed_2,2,2,7,4209,0,0,25
plan_build,component_repeated_typed_2,2,2,8,4291,0,0,25
plan_build,component_repeated_typed_2,2,2,9,4417,0,0,25
plan_build,component_repeated_typed_2,2,2,10,4208,0,0,25
plan_build,component_repeated_typed_2,2,2,11,4250,0,0,25
plan_build,component_repeated_typed_2,2,2,12,4375,0,0,25
plan_build,component_repeated_typed_2,2,2,13,4375,0,0,25
plan_build,component_repeated_typed_2,2,2,14,4459,0,0,25
plan_build,component_repeated_typed_2,2,2,15,4250,0,0,25
plan_build,component_repeated_typed_2,2,2,16,4167,0,0,25
plan_build,component_repeated_typed_2,2,2,17,4209,0,0,25
plan_build,component_repeated_typed_2,2,2,18,4334,0,0,25
plan_build,component_repeated_typed_2,2,2,19,5584,0,0,25
plan_build_alloc,component_repeated_typed_2,2,2,0,0,134,19521,25
engine_execution,component_repeated_typed_2,2,2,0,16250,0,0,3
engine_execution,component_repeated_typed_2,2,2,1,21917,0,0,2
engine_execution,component_repeated_typed_2,2,2,2,18541,0,0,5
engine_execution,component_repeated_typed_2,2,2,3,14458,0,0,4
engine_execution,component_repeated_typed_2,2,2,4,15667,0,0,7
engine_execution,component_repeated_typed_2,2,2,5,16084,0,0,6
engine_execution,component_repeated_typed_2,2,2,6,13375,0,0,9
engine_execution,component_repeated_typed_2,2,2,7,12792,0,0,8
engine_execution,component_repeated_typed_2,2,2,8,16250,0,0,11
engine_execution,component_repeated_typed_2,2,2,9,15834,0,0,10
engine_execution,component_repeated_typed_2,2,2,10,16459,0,0,13
engine_execution,component_repeated_typed_2,2,2,11,14167,0,0,12
engine_execution,component_repeated_typed_2,2,2,12,12667,0,0,15
engine_execution,component_repeated_typed_2,2,2,13,15500,0,0,14
engine_execution,component_repeated_typed_2,2,2,14,15708,0,0,17
engine_execution,component_repeated_typed_2,2,2,15,13875,0,0,16
engine_execution,component_repeated_typed_2,2,2,16,12625,0,0,19
engine_execution,component_repeated_typed_2,2,2,17,13958,0,0,18
engine_execution,component_repeated_typed_2,2,2,18,15625,0,0,21
engine_execution,component_repeated_typed_2,2,2,19,16041,0,0,20
engine_execution,component_repeated_typed_2,2,2,20,13834,0,0,23
engine_execution,component_repeated_typed_2,2,2,21,12750,0,0,22
engine_execution,component_repeated_typed_2,2,2,22,12959,0,0,25
engine_execution,component_repeated_typed_2,2,2,23,12833,0,0,24
engine_execution,component_repeated_typed_2,2,2,24,13000,0,0,27
engine_execution,component_repeated_typed_2,2,2,25,12666,0,0,26
engine_execution,component_repeated_typed_2,2,2,26,12875,0,0,29
engine_execution,component_repeated_typed_2,2,2,27,13000,0,0,28
engine_execution,component_repeated_typed_2,2,2,28,16000,0,0,31
engine_execution,component_repeated_typed_2,2,2,29,15792,0,0,30
engine_execution,component_repeated_typed_2,2,2,30,13000,0,0,33
engine_execution,component_repeated_typed_2,2,2,31,13791,0,0,32
engine_execution,component_repeated_typed_2,2,2,32,15750,0,0,35
engine_execution,component_repeated_typed_2,2,2,33,15833,0,0,34
engine_execution,component_repeated_typed_2,2,2,34,15625,0,0,37
engine_execution,component_repeated_typed_2,2,2,35,13959,0,0,36
engine_execution,component_repeated_typed_2,2,2,36,16500,0,0,39
engine_execution,component_repeated_typed_2,2,2,37,15542,0,0,38
engine_execution,component_repeated_typed_2,2,2,38,16000,0,0,41
engine_execution,component_repeated_typed_2,2,2,39,16584,0,0,40
engine_execution_alloc,component_repeated_typed_2,2,2,0,0,314,25438,23133
plan_build,component_repeated_typed_10,10,10,0,25000,0,0,25
plan_build,component_repeated_typed_10,10,10,1,23041,0,0,25
plan_build,component_repeated_typed_10,10,10,2,17458,0,0,25
plan_build,component_repeated_typed_10,10,10,3,20417,0,0,25
plan_build,component_repeated_typed_10,10,10,4,20583,0,0,25
plan_build,component_repeated_typed_10,10,10,5,20291,0,0,25
plan_build,component_repeated_typed_10,10,10,6,20333,0,0,25
plan_build,component_repeated_typed_10,10,10,7,20083,0,0,25
plan_build,component_repeated_typed_10,10,10,8,20500,0,0,25
plan_build,component_repeated_typed_10,10,10,9,19625,0,0,25
plan_build,component_repeated_typed_10,10,10,10,16250,0,0,25
plan_build,component_repeated_typed_10,10,10,11,19542,0,0,25
plan_build,component_repeated_typed_10,10,10,12,17083,0,0,25
plan_build,component_repeated_typed_10,10,10,13,15708,0,0,25
plan_build,component_repeated_typed_10,10,10,14,16209,0,0,25
plan_build,component_repeated_typed_10,10,10,15,20000,0,0,25
plan_build,component_repeated_typed_10,10,10,16,20042,0,0,25
plan_build,component_repeated_typed_10,10,10,17,17334,0,0,25
plan_build,component_repeated_typed_10,10,10,18,16875,0,0,25
plan_build,component_repeated_typed_10,10,10,19,19875,0,0,25
plan_build_alloc,component_repeated_typed_10,10,10,0,0,460,93329,25
engine_execution,component_repeated_typed_10,10,10,0,60625,0,0,11
engine_execution,component_repeated_typed_10,10,10,1,62375,0,0,10
engine_execution,component_repeated_typed_10,10,10,2,63334,0,0,13
engine_execution,component_repeated_typed_10,10,10,3,70875,0,0,12
engine_execution,component_repeated_typed_10,10,10,4,64625,0,0,15
engine_execution,component_repeated_typed_10,10,10,5,65792,0,0,14
engine_execution,component_repeated_typed_10,10,10,6,65708,0,0,17
engine_execution,component_repeated_typed_10,10,10,7,61875,0,0,16
engine_execution,component_repeated_typed_10,10,10,8,69375,0,0,19
engine_execution,component_repeated_typed_10,10,10,9,67458,0,0,18
engine_execution,component_repeated_typed_10,10,10,10,62667,0,0,21
engine_execution,component_repeated_typed_10,10,10,11,60500,0,0,20
engine_execution,component_repeated_typed_10,10,10,12,70875,0,0,23
engine_execution,component_repeated_typed_10,10,10,13,66583,0,0,22
engine_execution,component_repeated_typed_10,10,10,14,64750,0,0,25
engine_execution,component_repeated_typed_10,10,10,15,69291,0,0,24
engine_execution,component_repeated_typed_10,10,10,16,67167,0,0,27
engine_execution,component_repeated_typed_10,10,10,17,65791,0,0,26
engine_execution,component_repeated_typed_10,10,10,18,68250,0,0,29
engine_execution,component_repeated_typed_10,10,10,19,58375,0,0,28
engine_execution,component_repeated_typed_10,10,10,20,64166,0,0,31
engine_execution,component_repeated_typed_10,10,10,21,64000,0,0,30
engine_execution,component_repeated_typed_10,10,10,22,61417,0,0,33
engine_execution,component_repeated_typed_10,10,10,23,57041,0,0,32
engine_execution,component_repeated_typed_10,10,10,24,64750,0,0,35
engine_execution,component_repeated_typed_10,10,10,25,63500,0,0,34
engine_execution,component_repeated_typed_10,10,10,26,69209,0,0,37
engine_execution,component_repeated_typed_10,10,10,27,67375,0,0,36
engine_execution,component_repeated_typed_10,10,10,28,62167,0,0,39
engine_execution,component_repeated_typed_10,10,10,29,68750,0,0,38
engine_execution,component_repeated_typed_10,10,10,30,58542,0,0,41
engine_execution,component_repeated_typed_10,10,10,31,69542,0,0,40
engine_execution,component_repeated_typed_10,10,10,32,62459,0,0,43
engine_execution,component_repeated_typed_10,10,10,33,59500,0,0,42
engine_execution,component_repeated_typed_10,10,10,34,66875,0,0,45
engine_execution,component_repeated_typed_10,10,10,35,71875,0,0,44
engine_execution,component_repeated_typed_10,10,10,36,72000,0,0,47
engine_execution,component_repeated_typed_10,10,10,37,69792,0,0,46
engine_execution,component_repeated_typed_10,10,10,38,67541,0,0,49
engine_execution,component_repeated_typed_10,10,10,39,65042,0,0,48
engine_execution_alloc,component_repeated_typed_10,10,10,0,0,1432,97750,23141
plan_build,component_repeated_typed_100,100,100,0,211542,0,0,25
plan_build,component_repeated_typed_100,100,100,1,183875,0,0,25
plan_build,component_repeated_typed_100,100,100,2,176916,0,0,25
plan_build,component_repeated_typed_100,100,100,3,170958,0,0,25
plan_build,component_repeated_typed_100,100,100,4,174583,0,0,25
plan_build,component_repeated_typed_100,100,100,5,168708,0,0,25
plan_build,component_repeated_typed_100,100,100,6,175125,0,0,25
plan_build,component_repeated_typed_100,100,100,7,166583,0,0,25
plan_build,component_repeated_typed_100,100,100,8,168000,0,0,25
plan_build,component_repeated_typed_100,100,100,9,166666,0,0,25
plan_build,component_repeated_typed_100,100,100,10,182250,0,0,25
plan_build,component_repeated_typed_100,100,100,11,176541,0,0,25
plan_build,component_repeated_typed_100,100,100,12,179667,0,0,25
plan_build,component_repeated_typed_100,100,100,13,169042,0,0,25
plan_build,component_repeated_typed_100,100,100,14,169833,0,0,25
plan_build,component_repeated_typed_100,100,100,15,170500,0,0,25
plan_build,component_repeated_typed_100,100,100,16,173083,0,0,25
plan_build,component_repeated_typed_100,100,100,17,170792,0,0,25
plan_build,component_repeated_typed_100,100,100,18,174292,0,0,25
plan_build,component_repeated_typed_100,100,100,19,181417,0,0,25
plan_build_alloc,component_repeated_typed_100,100,100,0,0,3876,807301,25
engine_execution,component_repeated_typed_100,100,100,0,1264584,0,0,101
engine_execution,component_repeated_typed_100,100,100,1,1255500,0,0,100
engine_execution,component_repeated_typed_100,100,100,2,1421875,0,0,103
engine_execution,component_repeated_typed_100,100,100,3,1284417,0,0,102
engine_execution,component_repeated_typed_100,100,100,4,1176583,0,0,105
engine_execution,component_repeated_typed_100,100,100,5,1206041,0,0,104
engine_execution,component_repeated_typed_100,100,100,6,1200916,0,0,107
engine_execution,component_repeated_typed_100,100,100,7,1192833,0,0,106
engine_execution,component_repeated_typed_100,100,100,8,1274792,0,0,109
engine_execution,component_repeated_typed_100,100,100,9,1622959,0,0,108
engine_execution,component_repeated_typed_100,100,100,10,1226500,0,0,111
engine_execution,component_repeated_typed_100,100,100,11,1234834,0,0,110
engine_execution,component_repeated_typed_100,100,100,12,1212042,0,0,113
engine_execution,component_repeated_typed_100,100,100,13,1165375,0,0,112
engine_execution,component_repeated_typed_100,100,100,14,1198042,0,0,115
engine_execution,component_repeated_typed_100,100,100,15,1202125,0,0,114
engine_execution,component_repeated_typed_100,100,100,16,1208000,0,0,117
engine_execution,component_repeated_typed_100,100,100,17,1205459,0,0,116
engine_execution,component_repeated_typed_100,100,100,18,1195292,0,0,119
engine_execution,component_repeated_typed_100,100,100,19,1224125,0,0,118
engine_execution,component_repeated_typed_100,100,100,20,1199167,0,0,121
engine_execution,component_repeated_typed_100,100,100,21,1218000,0,0,120
engine_execution,component_repeated_typed_100,100,100,22,1187500,0,0,123
engine_execution,component_repeated_typed_100,100,100,23,1178666,0,0,122
engine_execution,component_repeated_typed_100,100,100,24,1231500,0,0,125
engine_execution,component_repeated_typed_100,100,100,25,1253375,0,0,124
engine_execution,component_repeated_typed_100,100,100,26,1206583,0,0,127
engine_execution,component_repeated_typed_100,100,100,27,1245875,0,0,126
engine_execution,component_repeated_typed_100,100,100,28,1205958,0,0,129
engine_execution,component_repeated_typed_100,100,100,29,1300417,0,0,128
engine_execution,component_repeated_typed_100,100,100,30,1211250,0,0,131
engine_execution,component_repeated_typed_100,100,100,31,1340375,0,0,130
engine_execution,component_repeated_typed_100,100,100,32,1254084,0,0,133
engine_execution,component_repeated_typed_100,100,100,33,1205500,0,0,132
engine_execution,component_repeated_typed_100,100,100,34,1285709,0,0,135
engine_execution,component_repeated_typed_100,100,100,35,1269750,0,0,134
engine_execution,component_repeated_typed_100,100,100,36,1710375,0,0,137
engine_execution,component_repeated_typed_100,100,100,37,1386084,0,0,136
engine_execution,component_repeated_typed_100,100,100,38,1300500,0,0,139
engine_execution,component_repeated_typed_100,100,100,39,1273583,0,0,138
engine_execution_alloc,component_repeated_typed_100,100,100,0,0,22773,1473510,23231
engine_execution,resident_ready_shutdown,1,0,0,9542,0,0,1
engine_execution,resident_ready_shutdown,1,0,1,9333,0,0,1
engine_execution,resident_ready_shutdown,1,0,2,9750,0,0,1
engine_execution,resident_ready_shutdown,1,0,3,9625,0,0,1
engine_execution,resident_ready_shutdown,1,0,4,8792,0,0,1
engine_execution,resident_ready_shutdown,1,0,5,7708,0,0,1
engine_execution,resident_ready_shutdown,1,0,6,8041,0,0,1
engine_execution,resident_ready_shutdown,1,0,7,9333,0,0,1
engine_execution,resident_ready_shutdown,1,0,8,9917,0,0,1
engine_execution,resident_ready_shutdown,1,0,9,9292,0,0,1
engine_execution,resident_ready_shutdown,1,0,10,8708,0,0,1
engine_execution,resident_ready_shutdown,1,0,11,9375,0,0,1
engine_execution,resident_ready_shutdown,1,0,12,9666,0,0,1
engine_execution,resident_ready_shutdown,1,0,13,21042,0,0,1
engine_execution,resident_ready_shutdown,1,0,14,18958,0,0,1
engine_execution,resident_ready_shutdown,1,0,15,11041,0,0,1
engine_execution,resident_ready_shutdown,1,0,16,10583,0,0,1
engine_execution,resident_ready_shutdown,1,0,17,10250,0,0,1
engine_execution,resident_ready_shutdown,1,0,18,10000,0,0,1
engine_execution,resident_ready_shutdown,1,0,19,9458,0,0,1
engine_execution,resident_ready_shutdown,1,0,20,10667,0,0,1
engine_execution,resident_ready_shutdown,1,0,21,11500,0,0,1
engine_execution,resident_ready_shutdown,1,0,22,8917,0,0,1
engine_execution,resident_ready_shutdown,1,0,23,8792,0,0,1
engine_execution,resident_ready_shutdown,1,0,24,8917,0,0,1
engine_execution,resident_ready_shutdown,1,0,25,8625,0,0,1
engine_execution,resident_ready_shutdown,1,0,26,8917,0,0,1
engine_execution,resident_ready_shutdown,1,0,27,9292,0,0,1
engine_execution,resident_ready_shutdown,1,0,28,8916,0,0,1
engine_execution,resident_ready_shutdown,1,0,29,10417,0,0,1
engine_execution,resident_ready_shutdown,1,0,30,11333,0,0,1
engine_execution,resident_ready_shutdown,1,0,31,10375,0,0,1
engine_execution,resident_ready_shutdown,1,0,32,8792,0,0,1
engine_execution,resident_ready_shutdown,1,0,33,10083,0,0,1
engine_execution,resident_ready_shutdown,1,0,34,11458,0,0,1
engine_execution,resident_ready_shutdown,1,0,35,10458,0,0,1
engine_execution,resident_ready_shutdown,1,0,36,10958,0,0,1
engine_execution,resident_ready_shutdown,1,0,37,11209,0,0,1
engine_execution,resident_ready_shutdown,1,0,38,11584,0,0,1
engine_execution,resident_ready_shutdown,1,0,39,10459,0,0,1
engine_execution,service_restart_stable_handle,1,0,0,18542,0,0,27
engine_execution,service_restart_stable_handle,1,0,1,14959,0,0,30
engine_execution,service_restart_stable_handle,1,0,2,16834,0,0,33
engine_execution,service_restart_stable_handle,1,0,3,17250,0,0,36
engine_execution,service_restart_stable_handle,1,0,4,14167,0,0,39
engine_execution,service_restart_stable_handle,1,0,5,14583,0,0,42
engine_execution,service_restart_stable_handle,1,0,6,14250,0,0,45
engine_execution,service_restart_stable_handle,1,0,7,16958,0,0,48
engine_execution,service_restart_stable_handle,1,0,8,16958,0,0,51
engine_execution,service_restart_stable_handle,1,0,9,17416,0,0,54
engine_execution,service_restart_stable_handle,1,0,10,15125,0,0,57
engine_execution,service_restart_stable_handle,1,0,11,17167,0,0,60
engine_execution,service_restart_stable_handle,1,0,12,15750,0,0,63
engine_execution,service_restart_stable_handle,1,0,13,15750,0,0,66
engine_execution,service_restart_stable_handle,1,0,14,17667,0,0,69
engine_execution,service_restart_stable_handle,1,0,15,16541,0,0,72
engine_execution,service_restart_stable_handle,1,0,16,18375,0,0,75
engine_execution,service_restart_stable_handle,1,0,17,40333,0,0,78
engine_execution,service_restart_stable_handle,1,0,18,18333,0,0,81
engine_execution,service_restart_stable_handle,1,0,19,15500,0,0,84
engine_execution,service_restart_stable_handle,1,0,20,16291,0,0,87
engine_execution,service_restart_stable_handle,1,0,21,16875,0,0,90
engine_execution,service_restart_stable_handle,1,0,22,13000,0,0,93
engine_execution,service_restart_stable_handle,1,0,23,14584,0,0,96
engine_execution,service_restart_stable_handle,1,0,24,16375,0,0,99
engine_execution,service_restart_stable_handle,1,0,25,16625,0,0,102
engine_execution,service_restart_stable_handle,1,0,26,16292,0,0,105
engine_execution,service_restart_stable_handle,1,0,27,16458,0,0,108
engine_execution,service_restart_stable_handle,1,0,28,14291,0,0,111
engine_execution,service_restart_stable_handle,1,0,29,13292,0,0,114
engine_execution,service_restart_stable_handle,1,0,30,14292,0,0,117
engine_execution,service_restart_stable_handle,1,0,31,16083,0,0,120
engine_execution,service_restart_stable_handle,1,0,32,16666,0,0,123
engine_execution,service_restart_stable_handle,1,0,33,16250,0,0,126
engine_execution,service_restart_stable_handle,1,0,34,16666,0,0,129
engine_execution,service_restart_stable_handle,1,0,35,16958,0,0,132
engine_execution,service_restart_stable_handle,1,0,36,17000,0,0,135
engine_execution,service_restart_stable_handle,1,0,37,15958,0,0,138
engine_execution,service_restart_stable_handle,1,0,38,15541,0,0,141
engine_execution,service_restart_stable_handle,1,0,39,17208,0,0,144
engine_execution_alloc,service_restart_stable_handle,1,0,0,0,243,22772,147
engine_execution,service_restart_exhausted,1,0,0,8875,0,0,19
engine_execution,service_restart_exhausted,1,0,1,8916,0,0,21
engine_execution,service_restart_exhausted,1,0,2,9209,0,0,23
engine_execution,service_restart_exhausted,1,0,3,11084,0,0,25
engine_execution,service_restart_exhausted,1,0,4,11250,0,0,27
engine_execution,service_restart_exhausted,1,0,5,10209,0,0,29
engine_execution,service_restart_exhausted,1,0,6,8708,0,0,31
engine_execution,service_restart_exhausted,1,0,7,9375,0,0,33
engine_execution,service_restart_exhausted,1,0,8,10875,0,0,35
engine_execution,service_restart_exhausted,1,0,9,11750,0,0,37
engine_execution,service_restart_exhausted,1,0,10,11083,0,0,39
engine_execution,service_restart_exhausted,1,0,11,9750,0,0,41
engine_execution,service_restart_exhausted,1,0,12,11166,0,0,43
engine_execution,service_restart_exhausted,1,0,13,11458,0,0,45
engine_execution,service_restart_exhausted,1,0,14,10958,0,0,47
engine_execution,service_restart_exhausted,1,0,15,10875,0,0,49
engine_execution,service_restart_exhausted,1,0,16,11750,0,0,51
engine_execution,service_restart_exhausted,1,0,17,10875,0,0,53
engine_execution,service_restart_exhausted,1,0,18,9500,0,0,55
engine_execution,service_restart_exhausted,1,0,19,11333,0,0,57
engine_execution,service_restart_exhausted,1,0,20,11083,0,0,59
engine_execution,service_restart_exhausted,1,0,21,11167,0,0,61
engine_execution,service_restart_exhausted,1,0,22,11167,0,0,63
engine_execution,service_restart_exhausted,1,0,23,11375,0,0,65
engine_execution,service_restart_exhausted,1,0,24,11000,0,0,67
engine_execution,service_restart_exhausted,1,0,25,10834,0,0,69
engine_execution,service_restart_exhausted,1,0,26,11291,0,0,71
engine_execution,service_restart_exhausted,1,0,27,9750,0,0,73
engine_execution,service_restart_exhausted,1,0,28,10875,0,0,75
engine_execution,service_restart_exhausted,1,0,29,11334,0,0,77
engine_execution,service_restart_exhausted,1,0,30,11208,0,0,79
engine_execution,service_restart_exhausted,1,0,31,11041,0,0,81
engine_execution,service_restart_exhausted,1,0,32,11000,0,0,83
engine_execution,service_restart_exhausted,1,0,33,10166,0,0,85
engine_execution,service_restart_exhausted,1,0,34,9417,0,0,87
engine_execution,service_restart_exhausted,1,0,35,11167,0,0,89
engine_execution,service_restart_exhausted,1,0,36,11625,0,0,91
engine_execution,service_restart_exhausted,1,0,37,11459,0,0,93
engine_execution,service_restart_exhausted,1,0,38,9125,0,0,95
engine_execution,service_restart_exhausted,1,0,39,10334,0,0,97
engine_execution_alloc,service_restart_exhausted,1,0,0,0,190,18180,99
engine_execution,dynamic_live_instances_1,3,2,0,33833,0,0,0
engine_execution,dynamic_live_instances_1,3,2,1,30417,0,0,0
engine_execution,dynamic_live_instances_1,3,2,2,35209,0,0,0
engine_execution,dynamic_live_instances_1,3,2,3,31000,0,0,0
engine_execution,dynamic_live_instances_1,3,2,4,32917,0,0,0
engine_execution,dynamic_live_instances_1,3,2,5,35125,0,0,0
engine_execution,dynamic_live_instances_1,3,2,6,33208,0,0,0
engine_execution,dynamic_live_instances_1,3,2,7,34583,0,0,0
engine_execution,dynamic_live_instances_1,3,2,8,33083,0,0,0
engine_execution,dynamic_live_instances_1,3,2,9,36083,0,0,0
engine_execution,dynamic_live_instances_1,3,2,10,34917,0,0,0
engine_execution,dynamic_live_instances_1,3,2,11,30291,0,0,0
engine_execution,dynamic_live_instances_1,3,2,12,32875,0,0,0
engine_execution,dynamic_live_instances_1,3,2,13,34875,0,0,0
engine_execution,dynamic_live_instances_1,3,2,14,34792,0,0,0
engine_execution,dynamic_live_instances_1,3,2,15,34291,0,0,0
engine_execution,dynamic_live_instances_1,3,2,16,35167,0,0,0
engine_execution,dynamic_live_instances_1,3,2,17,32125,0,0,0
engine_execution,dynamic_live_instances_1,3,2,18,31125,0,0,0
engine_execution,dynamic_live_instances_1,3,2,19,28250,0,0,0
engine_execution,dynamic_live_instances_1,3,2,20,31917,0,0,0
engine_execution,dynamic_live_instances_1,3,2,21,34666,0,0,0
engine_execution,dynamic_live_instances_1,3,2,22,33167,0,0,0
engine_execution,dynamic_live_instances_1,3,2,23,33042,0,0,0
engine_execution,dynamic_live_instances_1,3,2,24,35208,0,0,0
engine_execution,dynamic_live_instances_1,3,2,25,34041,0,0,0
engine_execution,dynamic_live_instances_1,3,2,26,30833,0,0,0
engine_execution,dynamic_live_instances_1,3,2,27,32875,0,0,0
engine_execution,dynamic_live_instances_1,3,2,28,34083,0,0,0
engine_execution,dynamic_live_instances_1,3,2,29,31542,0,0,0
engine_execution,dynamic_live_instances_1,3,2,30,33208,0,0,0
engine_execution,dynamic_live_instances_1,3,2,31,31583,0,0,0
engine_execution,dynamic_live_instances_1,3,2,32,31375,0,0,0
engine_execution,dynamic_live_instances_1,3,2,33,29958,0,0,0
engine_execution,dynamic_live_instances_1,3,2,34,28791,0,0,0
engine_execution,dynamic_live_instances_1,3,2,35,28792,0,0,0
engine_execution,dynamic_live_instances_1,3,2,36,32125,0,0,0
engine_execution,dynamic_live_instances_1,3,2,37,31542,0,0,0
engine_execution,dynamic_live_instances_1,3,2,38,31041,0,0,0
engine_execution,dynamic_live_instances_1,3,2,39,30667,0,0,0
engine_execution_alloc,dynamic_live_instances_1,3,2,1,0,642,59565,0
engine_execution,dynamic_live_instances_10,3,2,0,236917,0,0,11
engine_execution,dynamic_live_instances_10,3,2,1,292291,0,0,11
engine_execution,dynamic_live_instances_10,3,2,2,262875,0,0,11
engine_execution,dynamic_live_instances_10,3,2,3,236333,0,0,11
engine_execution,dynamic_live_instances_10,3,2,4,243708,0,0,11
engine_execution,dynamic_live_instances_10,3,2,5,234209,0,0,11
engine_execution,dynamic_live_instances_10,3,2,6,232584,0,0,11
engine_execution,dynamic_live_instances_10,3,2,7,227000,0,0,11
engine_execution,dynamic_live_instances_10,3,2,8,224083,0,0,11
engine_execution,dynamic_live_instances_10,3,2,9,226875,0,0,11
engine_execution,dynamic_live_instances_10,3,2,10,296041,0,0,11
engine_execution,dynamic_live_instances_10,3,2,11,229000,0,0,11
engine_execution,dynamic_live_instances_10,3,2,12,229583,0,0,11
engine_execution,dynamic_live_instances_10,3,2,13,246958,0,0,11
engine_execution,dynamic_live_instances_10,3,2,14,239458,0,0,11
engine_execution,dynamic_live_instances_10,3,2,15,233583,0,0,11
engine_execution,dynamic_live_instances_10,3,2,16,271584,0,0,11
engine_execution,dynamic_live_instances_10,3,2,17,258208,0,0,11
engine_execution,dynamic_live_instances_10,3,2,18,242958,0,0,11
engine_execution,dynamic_live_instances_10,3,2,19,261541,0,0,11
engine_execution,dynamic_live_instances_10,3,2,20,311125,0,0,11
engine_execution,dynamic_live_instances_10,3,2,21,288000,0,0,11
engine_execution,dynamic_live_instances_10,3,2,22,236875,0,0,11
engine_execution,dynamic_live_instances_10,3,2,23,263000,0,0,11
engine_execution,dynamic_live_instances_10,3,2,24,279958,0,0,11
engine_execution,dynamic_live_instances_10,3,2,25,248833,0,0,11
engine_execution,dynamic_live_instances_10,3,2,26,283750,0,0,11
engine_execution,dynamic_live_instances_10,3,2,27,234084,0,0,11
engine_execution,dynamic_live_instances_10,3,2,28,267000,0,0,11
engine_execution,dynamic_live_instances_10,3,2,29,246208,0,0,11
engine_execution,dynamic_live_instances_10,3,2,30,237584,0,0,11
engine_execution,dynamic_live_instances_10,3,2,31,268917,0,0,11
engine_execution,dynamic_live_instances_10,3,2,32,226625,0,0,11
engine_execution,dynamic_live_instances_10,3,2,33,230584,0,0,11
engine_execution,dynamic_live_instances_10,3,2,34,221084,0,0,11
engine_execution,dynamic_live_instances_10,3,2,35,228042,0,0,11
engine_execution,dynamic_live_instances_10,3,2,36,233084,0,0,11
engine_execution,dynamic_live_instances_10,3,2,37,236000,0,0,11
engine_execution,dynamic_live_instances_10,3,2,38,240333,0,0,11
engine_execution,dynamic_live_instances_10,3,2,39,229125,0,0,11
engine_execution_alloc,dynamic_live_instances_10,3,2,10,0,4571,438575,11
engine_execution,dynamic_live_instances_100,3,2,0,5385375,0,0,101
engine_execution,dynamic_live_instances_100,3,2,1,5376834,0,0,101
engine_execution,dynamic_live_instances_100,3,2,2,5750041,0,0,101
engine_execution,dynamic_live_instances_100,3,2,3,5429208,0,0,101
engine_execution,dynamic_live_instances_100,3,2,4,5493084,0,0,101
engine_execution,dynamic_live_instances_100,3,2,5,5718750,0,0,101
engine_execution,dynamic_live_instances_100,3,2,6,5066292,0,0,101
engine_execution,dynamic_live_instances_100,3,2,7,5210458,0,0,101
engine_execution,dynamic_live_instances_100,3,2,8,5194042,0,0,101
engine_execution,dynamic_live_instances_100,3,2,9,5249083,0,0,101
engine_execution,dynamic_live_instances_100,3,2,10,5212916,0,0,101
engine_execution,dynamic_live_instances_100,3,2,11,5620625,0,0,101
engine_execution,dynamic_live_instances_100,3,2,12,5184375,0,0,101
engine_execution,dynamic_live_instances_100,3,2,13,5111375,0,0,101
engine_execution,dynamic_live_instances_100,3,2,14,5177791,0,0,101
engine_execution,dynamic_live_instances_100,3,2,15,5280083,0,0,101
engine_execution,dynamic_live_instances_100,3,2,16,4990625,0,0,101
engine_execution,dynamic_live_instances_100,3,2,17,4926334,0,0,101
engine_execution,dynamic_live_instances_100,3,2,18,5719792,0,0,101
engine_execution,dynamic_live_instances_100,3,2,19,5137708,0,0,101
engine_execution,dynamic_live_instances_100,3,2,20,5177375,0,0,101
engine_execution,dynamic_live_instances_100,3,2,21,5140375,0,0,101
engine_execution,dynamic_live_instances_100,3,2,22,5064958,0,0,101
engine_execution,dynamic_live_instances_100,3,2,23,4977125,0,0,101
engine_execution,dynamic_live_instances_100,3,2,24,5704500,0,0,101
engine_execution,dynamic_live_instances_100,3,2,25,5264500,0,0,101
engine_execution,dynamic_live_instances_100,3,2,26,5194500,0,0,101
engine_execution,dynamic_live_instances_100,3,2,27,5050584,0,0,101
engine_execution,dynamic_live_instances_100,3,2,28,5192208,0,0,101
engine_execution,dynamic_live_instances_100,3,2,29,6309166,0,0,101
engine_execution,dynamic_live_instances_100,3,2,30,5377209,0,0,101
engine_execution,dynamic_live_instances_100,3,2,31,5346042,0,0,101
engine_execution,dynamic_live_instances_100,3,2,32,5213750,0,0,101
engine_execution,dynamic_live_instances_100,3,2,33,5219083,0,0,101
engine_execution,dynamic_live_instances_100,3,2,34,4882084,0,0,101
engine_execution,dynamic_live_instances_100,3,2,35,5195666,0,0,101
engine_execution,dynamic_live_instances_100,3,2,36,5199584,0,0,101
engine_execution,dynamic_live_instances_100,3,2,37,5690708,0,0,101
engine_execution,dynamic_live_instances_100,3,2,38,5121000,0,0,101
engine_execution,dynamic_live_instances_100,3,2,39,5237125,0,0,101
engine_execution_alloc,dynamic_live_instances_100,3,2,100,0,70447,6364163,101
engine_execution,dynamic_sequential_churn_1,2,1,0,31250,0,0,9
engine_execution,dynamic_sequential_churn_1,2,1,1,29375,0,0,10
engine_execution,dynamic_sequential_churn_1,2,1,2,32875,0,0,11
engine_execution,dynamic_sequential_churn_1,2,1,3,32666,0,0,12
engine_execution,dynamic_sequential_churn_1,2,1,4,28583,0,0,13
engine_execution,dynamic_sequential_churn_1,2,1,5,30875,0,0,14
engine_execution,dynamic_sequential_churn_1,2,1,6,28750,0,0,15
engine_execution,dynamic_sequential_churn_1,2,1,7,33042,0,0,16
engine_execution,dynamic_sequential_churn_1,2,1,8,31708,0,0,17
engine_execution,dynamic_sequential_churn_1,2,1,9,32291,0,0,18
engine_execution,dynamic_sequential_churn_1,2,1,10,25792,0,0,19
engine_execution,dynamic_sequential_churn_1,2,1,11,25250,0,0,20
engine_execution,dynamic_sequential_churn_1,2,1,12,31708,0,0,21
engine_execution,dynamic_sequential_churn_1,2,1,13,31209,0,0,22
engine_execution,dynamic_sequential_churn_1,2,1,14,29750,0,0,23
engine_execution,dynamic_sequential_churn_1,2,1,15,31292,0,0,24
engine_execution,dynamic_sequential_churn_1,2,1,16,26625,0,0,25
engine_execution,dynamic_sequential_churn_1,2,1,17,29167,0,0,26
engine_execution,dynamic_sequential_churn_1,2,1,18,31083,0,0,27
engine_execution,dynamic_sequential_churn_1,2,1,19,29792,0,0,28
engine_execution,dynamic_sequential_churn_1,2,1,20,34041,0,0,29
engine_execution,dynamic_sequential_churn_1,2,1,21,27042,0,0,30
engine_execution,dynamic_sequential_churn_1,2,1,22,27750,0,0,31
engine_execution,dynamic_sequential_churn_1,2,1,23,27333,0,0,32
engine_execution,dynamic_sequential_churn_1,2,1,24,25375,0,0,33
engine_execution,dynamic_sequential_churn_1,2,1,25,32292,0,0,34
engine_execution,dynamic_sequential_churn_1,2,1,26,60250,0,0,35
engine_execution,dynamic_sequential_churn_1,2,1,27,31375,0,0,36
engine_execution,dynamic_sequential_churn_1,2,1,28,28667,0,0,37
engine_execution,dynamic_sequential_churn_1,2,1,29,32250,0,0,38
engine_execution,dynamic_sequential_churn_1,2,1,30,31000,0,0,39
engine_execution,dynamic_sequential_churn_1,2,1,31,34583,0,0,40
engine_execution,dynamic_sequential_churn_1,2,1,32,34458,0,0,41
engine_execution,dynamic_sequential_churn_1,2,1,33,29166,0,0,42
engine_execution,dynamic_sequential_churn_1,2,1,34,33333,0,0,43
engine_execution,dynamic_sequential_churn_1,2,1,35,26417,0,0,44
engine_execution,dynamic_sequential_churn_1,2,1,36,25959,0,0,45
engine_execution,dynamic_sequential_churn_1,2,1,37,31334,0,0,46
engine_execution,dynamic_sequential_churn_1,2,1,38,29334,0,0,47
engine_execution,dynamic_sequential_churn_1,2,1,39,27500,0,0,48
engine_execution_alloc,dynamic_sequential_churn_1,2,1,1,0,559,48963,49
engine_execution,dynamic_sequential_churn_10,2,1,0,185750,0,0,90
engine_execution,dynamic_sequential_churn_10,2,1,1,183916,0,0,100
engine_execution,dynamic_sequential_churn_10,2,1,2,194208,0,0,110
engine_execution,dynamic_sequential_churn_10,2,1,3,190958,0,0,120
engine_execution,dynamic_sequential_churn_10,2,1,4,182500,0,0,130
engine_execution,dynamic_sequential_churn_10,2,1,5,191000,0,0,140
engine_execution,dynamic_sequential_churn_10,2,1,6,183167,0,0,150
engine_execution,dynamic_sequential_churn_10,2,1,7,191667,0,0,160
engine_execution,dynamic_sequential_churn_10,2,1,8,195500,0,0,170
engine_execution,dynamic_sequential_churn_10,2,1,9,194834,0,0,180
engine_execution,dynamic_sequential_churn_10,2,1,10,170459,0,0,190
engine_execution,dynamic_sequential_churn_10,2,1,11,181625,0,0,200
engine_execution,dynamic_sequential_churn_10,2,1,12,180542,0,0,210
engine_execution,dynamic_sequential_churn_10,2,1,13,192667,0,0,220
engine_execution,dynamic_sequential_churn_10,2,1,14,197084,0,0,230
engine_execution,dynamic_sequential_churn_10,2,1,15,187000,0,0,240
engine_execution,dynamic_sequential_churn_10,2,1,16,193125,0,0,250
engine_execution,dynamic_sequential_churn_10,2,1,17,188583,0,0,260
engine_execution,dynamic_sequential_churn_10,2,1,18,179416,0,0,270
engine_execution,dynamic_sequential_churn_10,2,1,19,184375,0,0,280
engine_execution,dynamic_sequential_churn_10,2,1,20,199208,0,0,290
engine_execution,dynamic_sequential_churn_10,2,1,21,176750,0,0,300
engine_execution,dynamic_sequential_churn_10,2,1,22,192167,0,0,310
engine_execution,dynamic_sequential_churn_10,2,1,23,184041,0,0,320
engine_execution,dynamic_sequential_churn_10,2,1,24,195750,0,0,330
engine_execution,dynamic_sequential_churn_10,2,1,25,185458,0,0,340
engine_execution,dynamic_sequential_churn_10,2,1,26,192125,0,0,350
engine_execution,dynamic_sequential_churn_10,2,1,27,188959,0,0,360
engine_execution,dynamic_sequential_churn_10,2,1,28,196042,0,0,370
engine_execution,dynamic_sequential_churn_10,2,1,29,190791,0,0,380
engine_execution,dynamic_sequential_churn_10,2,1,30,184708,0,0,390
engine_execution,dynamic_sequential_churn_10,2,1,31,179917,0,0,400
engine_execution,dynamic_sequential_churn_10,2,1,32,189250,0,0,410
engine_execution,dynamic_sequential_churn_10,2,1,33,178375,0,0,420
engine_execution,dynamic_sequential_churn_10,2,1,34,184583,0,0,430
engine_execution,dynamic_sequential_churn_10,2,1,35,187167,0,0,440
engine_execution,dynamic_sequential_churn_10,2,1,36,192792,0,0,450
engine_execution,dynamic_sequential_churn_10,2,1,37,185875,0,0,460
engine_execution,dynamic_sequential_churn_10,2,1,38,182917,0,0,470
engine_execution,dynamic_sequential_churn_10,2,1,39,192666,0,0,480
engine_execution_alloc,dynamic_sequential_churn_10,2,1,10,0,3560,320159,490
engine_execution,dynamic_sequential_churn_100,2,1,0,2085459,0,0,900
engine_execution,dynamic_sequential_churn_100,2,1,1,1987208,0,0,1000
engine_execution,dynamic_sequential_churn_100,2,1,2,2195167,0,0,1100
engine_execution,dynamic_sequential_churn_100,2,1,3,2001500,0,0,1200
engine_execution,dynamic_sequential_churn_100,2,1,4,1984167,0,0,1300
engine_execution,dynamic_sequential_churn_100,2,1,5,1972333,0,0,1400
engine_execution,dynamic_sequential_churn_100,2,1,6,1921292,0,0,1500
engine_execution,dynamic_sequential_churn_100,2,1,7,1902084,0,0,1600
engine_execution,dynamic_sequential_churn_100,2,1,8,1919709,0,0,1700
engine_execution,dynamic_sequential_churn_100,2,1,9,2100167,0,0,1800
engine_execution,dynamic_sequential_churn_100,2,1,10,2138750,0,0,1900
engine_execution,dynamic_sequential_churn_100,2,1,11,2004166,0,0,2000
engine_execution,dynamic_sequential_churn_100,2,1,12,1974167,0,0,2100
engine_execution,dynamic_sequential_churn_100,2,1,13,1963667,0,0,2200
engine_execution,dynamic_sequential_churn_100,2,1,14,1957500,0,0,2300
engine_execution,dynamic_sequential_churn_100,2,1,15,1963250,0,0,2400
engine_execution,dynamic_sequential_churn_100,2,1,16,1922375,0,0,2500
engine_execution,dynamic_sequential_churn_100,2,1,17,1972208,0,0,2600
engine_execution,dynamic_sequential_churn_100,2,1,18,1991708,0,0,2700
engine_execution,dynamic_sequential_churn_100,2,1,19,2147750,0,0,2800
engine_execution,dynamic_sequential_churn_100,2,1,20,2037792,0,0,2900
engine_execution,dynamic_sequential_churn_100,2,1,21,2034334,0,0,3000
engine_execution,dynamic_sequential_churn_100,2,1,22,1951459,0,0,3100
engine_execution,dynamic_sequential_churn_100,2,1,23,2008000,0,0,3200
engine_execution,dynamic_sequential_churn_100,2,1,24,1979958,0,0,3300
engine_execution,dynamic_sequential_churn_100,2,1,25,1997083,0,0,3400
engine_execution,dynamic_sequential_churn_100,2,1,26,2639458,0,0,3500
engine_execution,dynamic_sequential_churn_100,2,1,27,2006584,0,0,3600
engine_execution,dynamic_sequential_churn_100,2,1,28,1980583,0,0,3700
engine_execution,dynamic_sequential_churn_100,2,1,29,1954708,0,0,3800
engine_execution,dynamic_sequential_churn_100,2,1,30,1932958,0,0,3900
engine_execution,dynamic_sequential_churn_100,2,1,31,1984083,0,0,4000
engine_execution,dynamic_sequential_churn_100,2,1,32,1967750,0,0,4100
engine_execution,dynamic_sequential_churn_100,2,1,33,1940292,0,0,4200
engine_execution,dynamic_sequential_churn_100,2,1,34,1954834,0,0,4300
engine_execution,dynamic_sequential_churn_100,2,1,35,2072750,0,0,4400
engine_execution,dynamic_sequential_churn_100,2,1,36,1997667,0,0,4500
engine_execution,dynamic_sequential_churn_100,2,1,37,1969334,0,0,4600
engine_execution,dynamic_sequential_churn_100,2,1,38,1944000,0,0,4700
engine_execution,dynamic_sequential_churn_100,2,1,39,1939750,0,0,4800
engine_execution_alloc,dynamic_sequential_churn_100,2,1,100,0,33312,3470415,4900
engine_execution,effect_unknown_recovery_resolved,1,0,0,8667,0,0,9
engine_execution,effect_unknown_recovery_resolved,1,0,1,9416,0,0,10
engine_execution,effect_unknown_recovery_resolved,1,0,2,9750,0,0,11
engine_execution,effect_unknown_recovery_resolved,1,0,3,9625,0,0,12
engine_execution,effect_unknown_recovery_resolved,1,0,4,9209,0,0,13
engine_execution,effect_unknown_recovery_resolved,1,0,5,8250,0,0,14
engine_execution,effect_unknown_recovery_resolved,1,0,6,7125,0,0,15
engine_execution,effect_unknown_recovery_resolved,1,0,7,7167,0,0,16
engine_execution,effect_unknown_recovery_resolved,1,0,8,6959,0,0,17
engine_execution,effect_unknown_recovery_resolved,1,0,9,7125,0,0,18
engine_execution,effect_unknown_recovery_resolved,1,0,10,6917,0,0,19
engine_execution,effect_unknown_recovery_resolved,1,0,11,7000,0,0,20
engine_execution,effect_unknown_recovery_resolved,1,0,12,6958,0,0,21
engine_execution,effect_unknown_recovery_resolved,1,0,13,7000,0,0,22
engine_execution,effect_unknown_recovery_resolved,1,0,14,8917,0,0,23
engine_execution,effect_unknown_recovery_resolved,1,0,15,9000,0,0,24
engine_execution,effect_unknown_recovery_resolved,1,0,16,8834,0,0,25
engine_execution,effect_unknown_recovery_resolved,1,0,17,9417,0,0,26
engine_execution,effect_unknown_recovery_resolved,1,0,18,8000,0,0,27
engine_execution,effect_unknown_recovery_resolved,1,0,19,7500,0,0,28
engine_execution,effect_unknown_recovery_resolved,1,0,20,7459,0,0,29
engine_execution,effect_unknown_recovery_resolved,1,0,21,7917,0,0,30
engine_execution,effect_unknown_recovery_resolved,1,0,22,8916,0,0,31
engine_execution,effect_unknown_recovery_resolved,1,0,23,9375,0,0,32
engine_execution,effect_unknown_recovery_resolved,1,0,24,7583,0,0,33
engine_execution,effect_unknown_recovery_resolved,1,0,25,7458,0,0,34
engine_execution,effect_unknown_recovery_resolved,1,0,26,7583,0,0,35
engine_execution,effect_unknown_recovery_resolved,1,0,27,7333,0,0,36
engine_execution,effect_unknown_recovery_resolved,1,0,28,7042,0,0,37
engine_execution,effect_unknown_recovery_resolved,1,0,29,7333,0,0,38
engine_execution,effect_unknown_recovery_resolved,1,0,30,9000,0,0,39
engine_execution,effect_unknown_recovery_resolved,1,0,31,9208,0,0,40
engine_execution,effect_unknown_recovery_resolved,1,0,32,9500,0,0,41
engine_execution,effect_unknown_recovery_resolved,1,0,33,8666,0,0,42
engine_execution,effect_unknown_recovery_resolved,1,0,34,7334,0,0,43
engine_execution,effect_unknown_recovery_resolved,1,0,35,7375,0,0,44
engine_execution,effect_unknown_recovery_resolved,1,0,36,7000,0,0,45
engine_execution,effect_unknown_recovery_resolved,1,0,37,7667,0,0,46
engine_execution,effect_unknown_recovery_resolved,1,0,38,7542,0,0,47
engine_execution,effect_unknown_recovery_resolved,1,0,39,9041,0,0,48
engine_execution_alloc,effect_unknown_recovery_resolved,1,0,0,0,153,15667,49
engine_execution,effect_unknown_recovery_failed,1,0,0,8167,0,0,11
engine_execution,effect_unknown_recovery_failed,1,0,1,8292,0,0,12
engine_execution,effect_unknown_recovery_failed,1,0,2,9333,0,0,13
engine_execution,effect_unknown_recovery_failed,1,0,3,10083,0,0,14
engine_execution,effect_unknown_recovery_failed,1,0,4,10083,0,0,15
engine_execution,effect_unknown_recovery_failed,1,0,5,8416,0,0,16
engine_execution,effect_unknown_recovery_failed,1,0,6,7875,0,0,17
engine_execution,effect_unknown_recovery_failed,1,0,7,7875,0,0,18
engine_execution,effect_unknown_recovery_failed,1,0,8,7625,0,0,19
engine_execution,effect_unknown_recovery_failed,1,0,9,7541,0,0,20
engine_execution,effect_unknown_recovery_failed,1,0,10,8375,0,0,21
engine_execution,effect_unknown_recovery_failed,1,0,11,9750,0,0,22
engine_execution,effect_unknown_recovery_failed,1,0,12,10209,0,0,23
engine_execution,effect_unknown_recovery_failed,1,0,13,10167,0,0,24
engine_execution,effect_unknown_recovery_failed,1,0,14,9583,0,0,25
engine_execution,effect_unknown_recovery_failed,1,0,15,8833,0,0,26
engine_execution,effect_unknown_recovery_failed,1,0,16,7583,0,0,27
engine_execution,effect_unknown_recovery_failed,1,0,17,7500,0,0,28
engine_execution,effect_unknown_recovery_failed,1,0,18,7417,0,0,29
engine_execution,effect_unknown_recovery_failed,1,0,19,7416,0,0,30
engine_execution,effect_unknown_recovery_failed,1,0,20,7583,0,0,31
engine_execution,effect_unknown_recovery_failed,1,0,21,7584,0,0,32
engine_execution,effect_unknown_recovery_failed,1,0,22,7459,0,0,33
engine_execution,effect_unknown_recovery_failed,1,0,23,8333,0,0,34
engine_execution,effect_unknown_recovery_failed,1,0,24,9458,0,0,35
engine_execution,effect_unknown_recovery_failed,1,0,25,9375,0,0,36
engine_execution,effect_unknown_recovery_failed,1,0,26,9875,0,0,37
engine_execution,effect_unknown_recovery_failed,1,0,27,9000,0,0,38
engine_execution,effect_unknown_recovery_failed,1,0,28,9916,0,0,39
engine_execution,effect_unknown_recovery_failed,1,0,29,10167,0,0,40
engine_execution,effect_unknown_recovery_failed,1,0,30,9750,0,0,41
engine_execution,effect_unknown_recovery_failed,1,0,31,9500,0,0,42
engine_execution,effect_unknown_recovery_failed,1,0,32,10208,0,0,43
engine_execution,effect_unknown_recovery_failed,1,0,33,7833,0,0,44
engine_execution,effect_unknown_recovery_failed,1,0,34,7958,0,0,45
engine_execution,effect_unknown_recovery_failed,1,0,35,7417,0,0,46
engine_execution,effect_unknown_recovery_failed,1,0,36,7708,0,0,47
engine_execution,effect_unknown_recovery_failed,1,0,37,7750,0,0,48
engine_execution,effect_unknown_recovery_failed,1,0,38,8959,0,0,49
engine_execution,effect_unknown_recovery_failed,1,0,39,10084,0,0,50
engine_execution_alloc,effect_unknown_recovery_failed,1,0,0,0,160,16355,51
engine_execution,trace_default,100,99,0,339791,0,0,1
engine_execution,trace_default,100,99,1,328666,0,0,0
engine_execution,trace_default,100,99,2,367458,0,0,3
engine_execution,trace_default,100,99,3,336416,0,0,2
engine_execution,trace_default,100,99,4,330958,0,0,5
engine_execution,trace_default,100,99,5,335792,0,0,4
engine_execution,trace_default,100,99,6,320083,0,0,7
engine_execution,trace_default,100,99,7,300583,0,0,6
engine_execution,trace_default,100,99,8,326708,0,0,9
engine_execution,trace_default,100,99,9,332708,0,0,8
engine_execution,trace_default,100,99,10,342541,0,0,11
engine_execution,trace_default,100,99,11,325875,0,0,10
engine_execution,trace_default,100,99,12,316583,0,0,13
engine_execution,trace_default,100,99,13,315291,0,0,12
engine_execution,trace_default,100,99,14,316584,0,0,15
engine_execution,trace_default,100,99,15,338417,0,0,14
engine_execution,trace_default,100,99,16,327125,0,0,17
engine_execution,trace_default,100,99,17,325417,0,0,16
engine_execution,trace_default,100,99,18,320416,0,0,19
engine_execution,trace_default,100,99,19,330958,0,0,18
engine_execution,trace_default,100,99,20,348000,0,0,21
engine_execution,trace_default,100,99,21,327083,0,0,20
engine_execution,trace_default,100,99,22,331000,0,0,23
engine_execution,trace_default,100,99,23,330333,0,0,22
engine_execution,trace_default,100,99,24,328208,0,0,25
engine_execution,trace_default,100,99,25,342916,0,0,24
engine_execution,trace_default,100,99,26,331208,0,0,27
engine_execution,trace_default,100,99,27,332167,0,0,26
engine_execution,trace_default,100,99,28,320834,0,0,29
engine_execution,trace_default,100,99,29,340917,0,0,28
engine_execution,trace_default,100,99,30,325916,0,0,31
engine_execution,trace_default,100,99,31,339083,0,0,30
engine_execution,trace_default,100,99,32,343083,0,0,33
engine_execution,trace_default,100,99,33,317834,0,0,32
engine_execution,trace_default,100,99,34,316917,0,0,35
engine_execution,trace_default,100,99,35,341292,0,0,34
engine_execution,trace_default,100,99,36,333750,0,0,37
engine_execution,trace_default,100,99,37,332834,0,0,36
engine_execution,trace_default,100,99,38,327834,0,0,39
engine_execution,trace_default,100,99,39,321291,0,0,38
engine_execution_alloc,trace_default,100,99,0,0,5366,523200,23131
engine_execution,trace_observer,100,99,0,329583,0,0,1
engine_execution,trace_observer,100,99,1,338208,0,0,0
engine_execution,trace_observer,100,99,2,311291,0,0,3
engine_execution,trace_observer,100,99,3,315167,0,0,2
engine_execution,trace_observer,100,99,4,308042,0,0,5
engine_execution,trace_observer,100,99,5,352208,0,0,4
engine_execution,trace_observer,100,99,6,346834,0,0,7
engine_execution,trace_observer,100,99,7,333958,0,0,6
engine_execution,trace_observer,100,99,8,346541,0,0,9
engine_execution,trace_observer,100,99,9,314750,0,0,8
engine_execution,trace_observer,100,99,10,333792,0,0,11
engine_execution,trace_observer,100,99,11,355792,0,0,10
engine_execution,trace_observer,100,99,12,350125,0,0,13
engine_execution,trace_observer,100,99,13,332250,0,0,12
engine_execution,trace_observer,100,99,14,328875,0,0,15
engine_execution,trace_observer,100,99,15,337709,0,0,14
engine_execution,trace_observer,100,99,16,319834,0,0,17
engine_execution,trace_observer,100,99,17,330250,0,0,16
engine_execution,trace_observer,100,99,18,321250,0,0,19
engine_execution,trace_observer,100,99,19,328500,0,0,18
engine_execution,trace_observer,100,99,20,328000,0,0,21
engine_execution,trace_observer,100,99,21,332792,0,0,20
engine_execution,trace_observer,100,99,22,321667,0,0,23
engine_execution,trace_observer,100,99,23,332458,0,0,22
engine_execution,trace_observer,100,99,24,333000,0,0,25
engine_execution,trace_observer,100,99,25,323875,0,0,24
engine_execution,trace_observer,100,99,26,332125,0,0,27
engine_execution,trace_observer,100,99,27,327041,0,0,26
engine_execution,trace_observer,100,99,28,345792,0,0,29
engine_execution,trace_observer,100,99,29,342000,0,0,28
engine_execution,trace_observer,100,99,30,336125,0,0,31
engine_execution,trace_observer,100,99,31,336000,0,0,30
engine_execution,trace_observer,100,99,32,339166,0,0,33
engine_execution,trace_observer,100,99,33,340417,0,0,32
engine_execution,trace_observer,100,99,34,320084,0,0,35
engine_execution,trace_observer,100,99,35,328250,0,0,34
engine_execution,trace_observer,100,99,36,332500,0,0,37
engine_execution,trace_observer,100,99,37,332875,0,0,36
engine_execution,trace_observer,100,99,38,332083,0,0,39
engine_execution,trace_observer,100,99,39,334875,0,0,38
engine_execution_alloc,trace_observer,100,99,0,0,5366,523200,23131
representative_application,application_hash_sdax,10,9,0,34125,0,0,8827501768403342007
representative_application,application_hash_sdax,10,9,1,31917,0,0,8951258580674472749
representative_application,application_hash_sdax,10,9,2,33666,0,0,18157584738022301124
representative_application,application_hash_sdax,10,9,3,33208,0,0,16093298964628915617
representative_application,application_hash_sdax,10,9,4,33000,0,0,4338024545885762412
representative_application,application_hash_sdax,10,9,5,31292,0,0,4989613096480112062
representative_application,application_hash_sdax,10,9,6,27500,0,0,14756605482753659039
representative_application,application_hash_sdax,10,9,7,32417,0,0,48615153832195890
representative_application,application_hash_sdax,10,9,8,29958,0,0,12897547982939568865
representative_application,application_hash_sdax,10,9,9,31916,0,0,6455468052857312123
representative_application,application_hash_sdax,10,9,10,30333,0,0,7461994257773924098
representative_application,application_hash_sdax,10,9,11,31625,0,0,3636896381673253623
representative_application,application_hash_sdax,10,9,12,27250,0,0,6793413810667899076
representative_application,application_hash_sdax,10,9,13,31750,0,0,12277190981714708308
representative_application,application_hash_sdax,10,9,14,32917,0,0,9683030269895486545
representative_application,application_hash_sdax,10,9,15,31417,0,0,9383150768291419922
representative_application,application_hash_sdax,10,9,16,34625,0,0,11312423361794011584
representative_application,application_hash_sdax,10,9,17,33208,0,0,18128183083347417488
representative_application,application_hash_sdax,10,9,18,29333,0,0,12087555839788357172
representative_application,application_hash_sdax,10,9,19,34417,0,0,13041129334982073488
representative_application,application_hash_sdax,10,9,20,33459,0,0,8384464984104957687
representative_application,application_hash_sdax,10,9,21,34584,0,0,10868783110269989825
representative_application,application_hash_sdax,10,9,22,33584,0,0,15668235844036064711
representative_application,application_hash_sdax,10,9,23,32042,0,0,4013874171971043560
representative_application,application_hash_sdax,10,9,24,28834,0,0,4203571749175062306
representative_application,application_hash_sdax,10,9,25,27667,0,0,10926854856726577928
representative_application,application_hash_sdax,10,9,26,32541,0,0,16212662351989052772
representative_application,application_hash_sdax,10,9,27,34125,0,0,11560519827294593319
representative_application,application_hash_sdax,10,9,28,34291,0,0,7617103062409141563
representative_application,application_hash_sdax,10,9,29,27167,0,0,15838086077383948403
representative_application,application_hash_sdax,10,9,30,27292,0,0,8116776606867456652
representative_application,application_hash_sdax,10,9,31,26917,0,0,11359474695907197805
representative_application,application_hash_sdax,10,9,32,33709,0,0,9168736860549268637
representative_application,application_hash_sdax,10,9,33,30542,0,0,16764612828771598240
representative_application,application_hash_sdax,10,9,34,34125,0,0,14255204493723425259
representative_application,application_hash_sdax,10,9,35,30584,0,0,3518369773145393400
representative_application,application_hash_sdax,10,9,36,33167,0,0,8965317550446050729
representative_application,application_hash_sdax,10,9,37,30042,0,0,16665962306655849748
representative_application,application_hash_sdax,10,9,38,33750,0,0,13342058531664200426
representative_application,application_hash_sdax,10,9,39,32250,0,0,18112928529687244317
representative_application_alloc,application_hash_sdax,10,9,0,0,589,46645,17601881740522758837
representative_application,application_hash_handwritten,10,9,0,1083,0,0,8827501768403342006
representative_application,application_hash_handwritten,10,9,1,1000,0,0,8951258580674472748
representative_application,application_hash_handwritten,10,9,2,958,0,0,18157584738022301125
representative_application,application_hash_handwritten,10,9,3,958,0,0,16093298964628915616
representative_application,application_hash_handwritten,10,9,4,958,0,0,4338024545885762413
representative_application,application_hash_handwritten,10,9,5,1000,0,0,4989613096480112063
representative_application,application_hash_handwritten,10,9,6,958,0,0,14756605482753659038
representative_application,application_hash_handwritten,10,9,7,792,0,0,48615153832195891
representative_application,application_hash_handwritten,10,9,8,792,0,0,12897547982939568864
representative_application,application_hash_handwritten,10,9,9,792,0,0,6455468052857312122
representative_application,application_hash_handwritten,10,9,10,791,0,0,7461994257773924099
representative_application,application_hash_handwritten,10,9,11,750,0,0,3636896381673253622
representative_application,application_hash_handwritten,10,9,12,791,0,0,6793413810667899077
representative_application,application_hash_handwritten,10,9,13,792,0,0,12277190981714708309
representative_application,application_hash_handwritten,10,9,14,750,0,0,9683030269895486544
representative_application,application_hash_handwritten,10,9,15,792,0,0,9383150768291419923
representative_application,application_hash_handwritten,10,9,16,792,0,0,11312423361794011585
representative_application,application_hash_handwritten,10,9,17,750,0,0,18128183083347417489
representative_application,application_hash_handwritten,10,9,18,792,0,0,12087555839788357173
representative_application,application_hash_handwritten,10,9,19,791,0,0,13041129334982073489
representative_application,application_hash_handwritten,10,9,20,750,0,0,8384464984104957686
representative_application,application_hash_handwritten,10,9,21,833,0,0,10868783110269989824
representative_application,application_hash_handwritten,10,9,22,916,0,0,15668235844036064710
representative_application,application_hash_handwritten,10,9,23,875,0,0,4013874171971043561
representative_application,application_hash_handwritten,10,9,24,792,0,0,4203571749175062307
representative_application,application_hash_handwritten,10,9,25,750,0,0,10926854856726577929
representative_application,application_hash_handwritten,10,9,26,750,0,0,16212662351989052773
representative_application,application_hash_handwritten,10,9,27,750,0,0,11560519827294593318
representative_application,application_hash_handwritten,10,9,28,750,0,0,7617103062409141562
representative_application,application_hash_handwritten,10,9,29,750,0,0,15838086077383948402
representative_application,application_hash_handwritten,10,9,30,750,0,0,8116776606867456653
representative_application,application_hash_handwritten,10,9,31,750,0,0,11359474695907197804
representative_application,application_hash_handwritten,10,9,32,792,0,0,9168736860549268636
representative_application,application_hash_handwritten,10,9,33,792,0,0,16764612828771598241
representative_application,application_hash_handwritten,10,9,34,791,0,0,14255204493723425258
representative_application,application_hash_handwritten,10,9,35,792,0,0,3518369773145393401
representative_application,application_hash_handwritten,10,9,36,750,0,0,8965317550446050728
representative_application,application_hash_handwritten,10,9,37,750,0,0,16665962306655849749
representative_application,application_hash_handwritten,10,9,38,750,0,0,13342058531664200427
representative_application,application_hash_handwritten,10,9,39,750,0,0,18112928529687244316
representative_application,application_hash_sdax,100,99,0,340125,0,0,11698499080773063169
representative_application,application_hash_sdax,100,99,1,334000,0,0,1167273700599470746
representative_application,application_hash_sdax,100,99,2,336791,0,0,230717062559681466
representative_application,application_hash_sdax,100,99,3,337333,0,0,13461277124864170951
representative_application,application_hash_sdax,100,99,4,343708,0,0,1843089491647656604
representative_application,application_hash_sdax,100,99,5,339333,0,0,1884400405866327554
representative_application,application_hash_sdax,100,99,6,344708,0,0,15657071968087079792
representative_application,application_hash_sdax,100,99,7,343417,0,0,8136226820520416651
representative_application,application_hash_sdax,100,99,8,356834,0,0,9211086410723557827
representative_application,application_hash_sdax,100,99,9,349833,0,0,3206438314367023030
representative_application,application_hash_sdax,100,99,10,350375,0,0,5368241661201366769
representative_application,application_hash_sdax,100,99,11,346167,0,0,6168939717596367288
representative_application,application_hash_sdax,100,99,12,343708,0,0,14206662131410471245
representative_application,application_hash_sdax,100,99,13,357042,0,0,13119166869922341979
representative_application,application_hash_sdax,100,99,14,341250,0,0,13832537443924736586
representative_application,application_hash_sdax,100,99,15,342500,0,0,10215951684877506974
representative_application,application_hash_sdax,100,99,16,331542,0,0,5034229283543529572
representative_application,application_hash_sdax,100,99,17,325042,0,0,14677823012927430832
representative_application,application_hash_sdax,100,99,18,335500,0,0,13894612964717701903
representative_application,application_hash_sdax,100,99,19,386417,0,0,15583721593309401490
representative_application,application_hash_sdax,100,99,20,332042,0,0,6418842662590208827
representative_application,application_hash_sdax,100,99,21,318791,0,0,13631435880641776915
representative_application,application_hash_sdax,100,99,22,323333,0,0,17183653852698357092
representative_application,application_hash_sdax,100,99,23,328875,0,0,9274972455216937604
representative_application,application_hash_sdax,100,99,24,320042,0,0,9355792106790873694
representative_application,application_hash_sdax,100,99,25,322667,0,0,6870977820890846112
representative_application,application_hash_sdax,100,99,26,333792,0,0,7356228651156183227
representative_application,application_hash_sdax,100,99,27,310000,0,0,6496560239278517594
representative_application,application_hash_sdax,100,99,28,322000,0,0,1600470374967907333
representative_application,application_hash_sdax,100,99,29,323166,0,0,7749396622089507156
representative_application,application_hash_sdax,100,99,30,322875,0,0,5914597544721144955
representative_application,application_hash_sdax,100,99,31,334292,0,0,8593148281290798141
representative_application,application_hash_sdax,100,99,32,337042,0,0,17312262507819578044
representative_application,application_hash_sdax,100,99,33,326000,0,0,8449402800832754809
representative_application,application_hash_sdax,100,99,34,319833,0,0,3614604414420252231
representative_application,application_hash_sdax,100,99,35,331625,0,0,2366660716473973819
representative_application,application_hash_sdax,100,99,36,319500,0,0,8524431054321544385
representative_application,application_hash_sdax,100,99,37,331666,0,0,11652126080490940143
representative_application,application_hash_sdax,100,99,38,327833,0,0,7153169922785203679
representative_application,application_hash_sdax,100,99,39,334208,0,0,6082470906507506695
representative_application_alloc,application_hash_sdax,100,99,0,0,5366,526357,4889995614244325387
representative_application,application_hash_handwritten,100,99,0,8875,0,0,11698499080773063168
representative_application,application_hash_handwritten,100,99,1,8875,0,0,1167273700599470747
representative_application,application_hash_handwritten,100,99,2,8875,0,0,230717062559681467
representative_application,application_hash_handwritten,100,99,3,9125,0,0,13461277124864170950
representative_application,application_hash_handwritten,100,99,4,8708,0,0,1843089491647656605
representative_application,application_hash_handwritten,100,99,5,8750,0,0,1884400405866327555
representative_application,application_hash_handwritten,100,99,6,8750,0,0,15657071968087079793
representative_application,application_hash_handwritten,100,99,7,8708,0,0,8136226820520416650
representative_application,application_hash_handwritten,100,99,8,8666,0,0,9211086410723557826
representative_application,application_hash_handwritten,100,99,9,8708,0,0,3206438314367023031
representative_application,application_hash_handwritten,100,99,10,8750,0,0,5368241661201366768
representative_application,application_hash_handwritten,100,99,11,9750,0,0,6168939717596367289
representative_application,application_hash_handwritten,100,99,12,11125,0,0,14206662131410471244
representative_application,application_hash_handwritten,100,99,13,10417,0,0,13119166869922341978
representative_application,application_hash_handwritten,100,99,14,8750,0,0,13832537443924736587
representative_application,application_hash_handwritten,100,99,15,8917,0,0,10215951684877506975
representative_application,application_hash_handwritten,100,99,16,11083,0,0,5034229283543529573
representative_application,application_hash_handwritten,100,99,17,10917,0,0,14677823012927430833
representative_application,application_hash_handwritten,100,99,18,10875,0,0,13894612964717701902
representative_application,application_hash_handwritten,100,99,19,10542,0,0,15583721593309401491
representative_application,application_hash_handwritten,100,99,20,9042,0,0,6418842662590208826
representative_application,application_hash_handwritten,100,99,21,9583,0,0,13631435880641776914
representative_application,application_hash_handwritten,100,99,22,9958,0,0,17183653852698357093
representative_application,application_hash_handwritten,100,99,23,8708,0,0,9274972455216937605
representative_application,application_hash_handwritten,100,99,24,8750,0,0,9355792106790873695
representative_application,application_hash_handwritten,100,99,25,8750,0,0,6870977820890846113
representative_application,application_hash_handwritten,100,99,26,8750,0,0,7356228651156183226
representative_application,application_hash_handwritten,100,99,27,8792,0,0,6496560239278517595
representative_application,application_hash_handwritten,100,99,28,8709,0,0,1600470374967907332
representative_application,application_hash_handwritten,100,99,29,8708,0,0,7749396622089507157
representative_application,application_hash_handwritten,100,99,30,9750,0,0,5914597544721144954
representative_application,application_hash_handwritten,100,99,31,11167,0,0,8593148281290798140
representative_application,application_hash_handwritten,100,99,32,10875,0,0,17312262507819578045
representative_application,application_hash_handwritten,100,99,33,9167,0,0,8449402800832754808
representative_application,application_hash_handwritten,100,99,34,8791,0,0,3614604414420252230
representative_application,application_hash_handwritten,100,99,35,8750,0,0,2366660716473973818
representative_application,application_hash_handwritten,100,99,36,8750,0,0,8524431054321544384
representative_application,application_hash_handwritten,100,99,37,11166,0,0,11652126080490940142
representative_application,application_hash_handwritten,100,99,38,10875,0,0,7153169922785203678
representative_application,application_hash_handwritten,100,99,39,9666,0,0,6082470906507506694
