phase,workload,nodes,edges,sample,nanos,allocations,allocated_bytes,checksum
adapter_setup,current_thread_runtime,0,0,0,3100,0,0,0
adapter_setup,current_thread_runtime,0,0,1,1300,0,0,0
adapter_setup,current_thread_runtime,0,0,2,1100,0,0,0
adapter_setup,current_thread_runtime,0,0,3,1000,0,0,0
adapter_setup,current_thread_runtime,0,0,4,1000,0,0,0
adapter_setup,current_thread_runtime,0,0,5,1100,0,0,0
adapter_setup,current_thread_runtime,0,0,6,1100,0,0,0
adapter_setup,current_thread_runtime,0,0,7,1000,0,0,0
adapter_setup,current_thread_runtime,0,0,8,1000,0,0,0
adapter_setup,current_thread_runtime,0,0,9,1100,0,0,0
adapter_setup,current_thread_runtime,0,0,10,1000,0,0,0
adapter_setup,current_thread_runtime,0,0,11,1000,0,0,0
adapter_setup,current_thread_runtime,0,0,12,1000,0,0,0
adapter_setup,current_thread_runtime,0,0,13,1000,0,0,0
adapter_setup,current_thread_runtime,0,0,14,1300,0,0,0
adapter_setup,current_thread_runtime,0,0,15,1200,0,0,0
adapter_setup,current_thread_runtime,0,0,16,1200,0,0,0
adapter_setup,current_thread_runtime,0,0,17,1200,0,0,0
adapter_setup,current_thread_runtime,0,0,18,1000,0,0,0
adapter_setup,current_thread_runtime,0,0,19,1000,0,0,0
adapter_setup,current_thread_runtime,0,0,20,1000,0,0,0
adapter_setup,current_thread_runtime,0,0,21,1000,0,0,0
adapter_setup,current_thread_runtime,0,0,22,1000,0,0,0
adapter_setup,current_thread_runtime,0,0,23,1000,0,0,0
adapter_setup,current_thread_runtime,0,0,24,1000,0,0,0
adapter_setup,current_thread_runtime,0,0,25,1000,0,0,0
adapter_setup,current_thread_runtime,0,0,26,1000,0,0,0
adapter_setup,current_thread_runtime,0,0,27,1000,0,0,0
adapter_setup,current_thread_runtime,0,0,28,1000,0,0,0
adapter_setup,current_thread_runtime,0,0,29,1000,0,0,0
adapter_setup,current_thread_runtime,0,0,30,1000,0,0,0
adapter_setup,current_thread_runtime,0,0,31,1000,0,0,0
adapter_setup,current_thread_runtime,0,0,32,1000,0,0,0
adapter_setup,current_thread_runtime,0,0,33,1200,0,0,0
adapter_setup,current_thread_runtime,0,0,34,1100,0,0,0
adapter_setup,current_thread_runtime,0,0,35,1000,0,0,0
adapter_setup,current_thread_runtime,0,0,36,1000,0,0,0
adapter_setup,current_thread_runtime,0,0,37,1000,0,0,0
adapter_setup,current_thread_runtime,0,0,38,1000,0,0,0
adapter_setup,current_thread_runtime,0,0,39,1000,0,0,0
fixture_generation,graph_chain,1,0,0,200,0,0,5
fixture_generation,graph_chain,1,0,1,200,0,0,5
fixture_generation,graph_chain,1,0,2,200,0,0,5
fixture_generation,graph_chain,1,0,3,200,0,0,5
fixture_generation,graph_chain,1,0,4,200,0,0,5
fixture_generation,graph_chain,1,0,5,200,0,0,5
fixture_generation,graph_chain,1,0,6,100,0,0,5
fixture_generation,graph_chain,1,0,7,100,0,0,5
fixture_generation,graph_chain,1,0,8,100,0,0,5
fixture_generation,graph_chain,1,0,9,100,0,0,5
fixture_generation,graph_chain,1,0,10,100,0,0,5
fixture_generation,graph_chain,1,0,11,100,0,0,5
fixture_generation,graph_chain,1,0,12,100,0,0,5
fixture_generation,graph_chain,1,0,13,100,0,0,5
fixture_generation,graph_chain,1,0,14,200,0,0,5
fixture_generation,graph_chain,1,0,15,100,0,0,5
fixture_generation,graph_chain,1,0,16,100,0,0,5
fixture_generation,graph_chain,1,0,17,200,0,0,5
fixture_generation,graph_chain,1,0,18,100,0,0,5
fixture_generation,graph_chain,1,0,19,100,0,0,5
plan_build,graph_chain,1,0,0,1500,0,0,11
plan_build,graph_chain,1,0,1,700,0,0,11
plan_build,graph_chain,1,0,2,700,0,0,11
plan_build,graph_chain,1,0,3,500,0,0,11
plan_build,graph_chain,1,0,4,600,0,0,11
plan_build,graph_chain,1,0,5,700,0,0,11
plan_build,graph_chain,1,0,6,600,0,0,11
plan_build,graph_chain,1,0,7,600,0,0,11
plan_build,graph_chain,1,0,8,500,0,0,11
plan_build,graph_chain,1,0,9,500,0,0,11
plan_build,graph_chain,1,0,10,500,0,0,11
plan_build,graph_chain,1,0,11,500,0,0,11
plan_build,graph_chain,1,0,12,600,0,0,11
plan_build,graph_chain,1,0,13,800,0,0,11
plan_build,graph_chain,1,0,14,900,0,0,11
plan_build,graph_chain,1,0,15,1000,0,0,11
plan_build,graph_chain,1,0,16,500,0,0,11
plan_build,graph_chain,1,0,17,500,0,0,11
plan_build,graph_chain,1,0,18,600,0,0,11
plan_build,graph_chain,1,0,19,500,0,0,11
plan_build_alloc,graph_chain,1,0,0,0,13,2317,11
engine_execution,graph_chain,1,0,0,5800,0,0,1
engine_execution,graph_chain,1,0,1,5700,0,0,0
engine_execution,graph_chain,1,0,2,6000,0,0,3
engine_execution,graph_chain,1,0,3,6000,0,0,2
engine_execution,graph_chain,1,0,4,5900,0,0,5
engine_execution,graph_chain,1,0,5,6000,0,0,4
engine_execution,graph_chain,1,0,6,5900,0,0,7
engine_execution,graph_chain,1,0,7,8000,0,0,6
engine_execution,graph_chain,1,0,8,7100,0,0,9
engine_execution,graph_chain,1,0,9,6100,0,0,8
engine_execution,graph_chain,1,0,10,5900,0,0,11
engine_execution,graph_chain,1,0,11,6100,0,0,10
engine_execution,graph_chain,1,0,12,6000,0,0,13
engine_execution,graph_chain,1,0,13,5900,0,0,12
engine_execution,graph_chain,1,0,14,6000,0,0,15
engine_execution,graph_chain,1,0,15,5800,0,0,14
engine_execution,graph_chain,1,0,16,6000,0,0,17
engine_execution,graph_chain,1,0,17,5800,0,0,16
engine_execution,graph_chain,1,0,18,5700,0,0,19
engine_execution,graph_chain,1,0,19,5500,0,0,18
engine_execution,graph_chain,1,0,20,5600,0,0,21
engine_execution,graph_chain,1,0,21,5500,0,0,20
engine_execution,graph_chain,1,0,22,5900,0,0,23
engine_execution,graph_chain,1,0,23,5700,0,0,22
engine_execution,graph_chain,1,0,24,5800,0,0,25
engine_execution,graph_chain,1,0,25,5600,0,0,24
engine_execution,graph_chain,1,0,26,5700,0,0,27
engine_execution,graph_chain,1,0,27,5600,0,0,26
engine_execution,graph_chain,1,0,28,5700,0,0,29
engine_execution,graph_chain,1,0,29,5600,0,0,28
engine_execution,graph_chain,1,0,30,5600,0,0,31
engine_execution,graph_chain,1,0,31,5800,0,0,30
engine_execution,graph_chain,1,0,32,5600,0,0,33
engine_execution,graph_chain,1,0,33,5800,0,0,32
engine_execution,graph_chain,1,0,34,5800,0,0,35
engine_execution,graph_chain,1,0,35,5600,0,0,34
engine_execution,graph_chain,1,0,36,5600,0,0,37
engine_execution,graph_chain,1,0,37,5900,0,0,36
engine_execution,graph_chain,1,0,38,5800,0,0,39
engine_execution,graph_chain,1,0,39,5600,0,0,38
engine_execution_alloc,graph_chain,1,0,0,0,110,15148,23131
machine_state_setup,graph_chain,1,0,0,1100,0,0,1
body_state_setup,graph_chain,1,0,0,400,0,0,0
machine_state_setup,graph_chain,1,0,1,600,0,0,1
body_state_setup,graph_chain,1,0,1,200,0,0,0
machine_state_setup,graph_chain,1,0,2,600,0,0,1
body_state_setup,graph_chain,1,0,2,300,0,0,0
machine_state_setup,graph_chain,1,0,3,500,0,0,1
body_state_setup,graph_chain,1,0,3,200,0,0,0
machine_state_setup,graph_chain,1,0,4,500,0,0,1
body_state_setup,graph_chain,1,0,4,200,0,0,0
machine_state_setup,graph_chain,1,0,5,600,0,0,1
body_state_setup,graph_chain,1,0,5,300,0,0,0
machine_state_setup,graph_chain,1,0,6,600,0,0,1
body_state_setup,graph_chain,1,0,6,200,0,0,0
machine_state_setup,graph_chain,1,0,7,500,0,0,1
body_state_setup,graph_chain,1,0,7,200,0,0,0
machine_state_setup,graph_chain,1,0,8,500,0,0,1
body_state_setup,graph_chain,1,0,8,200,0,0,0
machine_state_setup,graph_chain,1,0,9,600,0,0,1
body_state_setup,graph_chain,1,0,9,300,0,0,0
machine_state_setup,graph_chain,1,0,10,600,0,0,1
body_state_setup,graph_chain,1,0,10,200,0,0,0
machine_state_setup,graph_chain,1,0,11,500,0,0,1
body_state_setup,graph_chain,1,0,11,200,0,0,0
machine_state_setup,graph_chain,1,0,12,500,0,0,1
body_state_setup,graph_chain,1,0,12,300,0,0,0
machine_state_setup,graph_chain,1,0,13,500,0,0,1
body_state_setup,graph_chain,1,0,13,200,0,0,0
machine_state_setup,graph_chain,1,0,14,600,0,0,1
body_state_setup,graph_chain,1,0,14,300,0,0,0
machine_state_setup,graph_chain,1,0,15,600,0,0,1
body_state_setup,graph_chain,1,0,15,300,0,0,0
machine_state_setup,graph_chain,1,0,16,500,0,0,1
body_state_setup,graph_chain,1,0,16,200,0,0,0
machine_state_setup,graph_chain,1,0,17,700,0,0,1
body_state_setup,graph_chain,1,0,17,200,0,0,0
machine_state_setup,graph_chain,1,0,18,600,0,0,1
body_state_setup,graph_chain,1,0,18,300,0,0,0
machine_state_setup,graph_chain,1,0,19,1000,0,0,1
body_state_setup,graph_chain,1,0,19,400,0,0,0
machine_state_setup,graph_chain,1,0,20,1100,0,0,1
body_state_setup,graph_chain,1,0,20,600,0,0,0
machine_state_setup,graph_chain,1,0,21,700,0,0,1
body_state_setup,graph_chain,1,0,21,300,0,0,0
machine_state_setup,graph_chain,1,0,22,800,0,0,1
body_state_setup,graph_chain,1,0,22,200,0,0,0
machine_state_setup,graph_chain,1,0,23,600,0,0,1
body_state_setup,graph_chain,1,0,23,200,0,0,0
machine_state_setup,graph_chain,1,0,24,500,0,0,1
body_state_setup,graph_chain,1,0,24,200,0,0,0
machine_state_setup,graph_chain,1,0,25,500,0,0,1
body_state_setup,graph_chain,1,0,25,200,0,0,0
machine_state_setup,graph_chain,1,0,26,500,0,0,1
body_state_setup,graph_chain,1,0,26,300,0,0,0
machine_state_setup,graph_chain,1,0,27,500,0,0,1
body_state_setup,graph_chain,1,0,27,200,0,0,0
machine_state_setup,graph_chain,1,0,28,500,0,0,1
body_state_setup,graph_chain,1,0,28,200,0,0,0
machine_state_setup,graph_chain,1,0,29,500,0,0,1
body_state_setup,graph_chain,1,0,29,200,0,0,0
machine_state_setup,graph_chain,1,0,30,500,0,0,1
body_state_setup,graph_chain,1,0,30,200,0,0,0
machine_state_setup,graph_chain,1,0,31,500,0,0,1
body_state_setup,graph_chain,1,0,31,300,0,0,0
machine_state_setup,graph_chain,1,0,32,500,0,0,1
body_state_setup,graph_chain,1,0,32,300,0,0,0
machine_state_setup,graph_chain,1,0,33,500,0,0,1
body_state_setup,graph_chain,1,0,33,300,0,0,0
machine_state_setup,graph_chain,1,0,34,500,0,0,1
body_state_setup,graph_chain,1,0,34,300,0,0,0
machine_state_setup,graph_chain,1,0,35,500,0,0,1
body_state_setup,graph_chain,1,0,35,200,0,0,0
machine_state_setup,graph_chain,1,0,36,400,0,0,1
body_state_setup,graph_chain,1,0,36,200,0,0,0
machine_state_setup,graph_chain,1,0,37,500,0,0,1
body_state_setup,graph_chain,1,0,37,300,0,0,0
machine_state_setup,graph_chain,1,0,38,500,0,0,1
body_state_setup,graph_chain,1,0,38,300,0,0,0
machine_state_setup,graph_chain,1,0,39,500,0,0,1
body_state_setup,graph_chain,1,0,39,200,0,0,0
pure_machine_events_preseeded,graph_chain,1,0,0,3200,0,0,1
pure_machine_events_preseeded,graph_chain,1,0,1,1400,0,0,1
pure_machine_events_preseeded,graph_chain,1,0,2,1200,0,0,1
pure_machine_events_preseeded,graph_chain,1,0,3,1100,0,0,1
pure_machine_events_preseeded,graph_chain,1,0,4,1100,0,0,1
pure_machine_events_preseeded,graph_chain,1,0,5,1000,0,0,1
pure_machine_events_preseeded,graph_chain,1,0,6,1000,0,0,1
pure_machine_events_preseeded,graph_chain,1,0,7,1000,0,0,1
pure_machine_events_preseeded,graph_chain,1,0,8,1000,0,0,1
pure_machine_events_preseeded,graph_chain,1,0,9,1000,0,0,1
pure_machine_events_preseeded,graph_chain,1,0,10,900,0,0,1
pure_machine_events_preseeded,graph_chain,1,0,11,1000,0,0,1
pure_machine_events_preseeded,graph_chain,1,0,12,1000,0,0,1
pure_machine_events_preseeded,graph_chain,1,0,13,1000,0,0,1
pure_machine_events_preseeded,graph_chain,1,0,14,1000,0,0,1
pure_machine_events_preseeded,graph_chain,1,0,15,1000,0,0,1
pure_machine_events_preseeded,graph_chain,1,0,16,900,0,0,1
pure_machine_events_preseeded,graph_chain,1,0,17,900,0,0,1
pure_machine_events_preseeded,graph_chain,1,0,18,2900,0,0,1
pure_machine_events_preseeded,graph_chain,1,0,19,1900,0,0,1
pure_machine_events_preseeded,graph_chain,1,0,20,1200,0,0,1
pure_machine_events_preseeded,graph_chain,1,0,21,1100,0,0,1
pure_machine_events_preseeded,graph_chain,1,0,22,1100,0,0,1
pure_machine_events_preseeded,graph_chain,1,0,23,1000,0,0,1
pure_machine_events_preseeded,graph_chain,1,0,24,1000,0,0,1
pure_machine_events_preseeded,graph_chain,1,0,25,1100,0,0,1
pure_machine_events_preseeded,graph_chain,1,0,26,1000,0,0,1
pure_machine_events_preseeded,graph_chain,1,0,27,900,0,0,1
pure_machine_events_preseeded,graph_chain,1,0,28,1000,0,0,1
pure_machine_events_preseeded,graph_chain,1,0,29,1000,0,0,1
pure_machine_events_preseeded,graph_chain,1,0,30,1100,0,0,1
pure_machine_events_preseeded,graph_chain,1,0,31,1000,0,0,1
pure_machine_events_preseeded,graph_chain,1,0,32,1000,0,0,1
pure_machine_events_preseeded,graph_chain,1,0,33,1000,0,0,1
pure_machine_events_preseeded,graph_chain,1,0,34,900,0,0,1
pure_machine_events_preseeded,graph_chain,1,0,35,900,0,0,1
pure_machine_events_preseeded,graph_chain,1,0,36,1000,0,0,1
pure_machine_events_preseeded,graph_chain,1,0,37,1000,0,0,1
pure_machine_events_preseeded,graph_chain,1,0,38,1000,0,0,1
pure_machine_events_preseeded,graph_chain,1,0,39,1000,0,0,1
fixture_generation,graph_wide,1,0,0,200,0,0,5
fixture_generation,graph_wide,1,0,1,200,0,0,5
fixture_generation,graph_wide,1,0,2,200,0,0,5
fixture_generation,graph_wide,1,0,3,100,0,0,5
fixture_generation,graph_wide,1,0,4,100,0,0,5
fixture_generation,graph_wide,1,0,5,200,0,0,5
fixture_generation,graph_wide,1,0,6,200,0,0,5
fixture_generation,graph_wide,1,0,7,100,0,0,5
fixture_generation,graph_wide,1,0,8,100,0,0,5
fixture_generation,graph_wide,1,0,9,200,0,0,5
fixture_generation,graph_wide,1,0,10,100,0,0,5
fixture_generation,graph_wide,1,0,11,100,0,0,5
fixture_generation,graph_wide,1,0,12,100,0,0,5
fixture_generation,graph_wide,1,0,13,200,0,0,5
fixture_generation,graph_wide,1,0,14,100,0,0,5
fixture_generation,graph_wide,1,0,15,200,0,0,5
fixture_generation,graph_wide,1,0,16,200,0,0,5
fixture_generation,graph_wide,1,0,17,100,0,0,5
fixture_generation,graph_wide,1,0,18,200,0,0,5
fixture_generation,graph_wide,1,0,19,100,0,0,5
plan_build,graph_wide,1,0,0,1300,0,0,10
plan_build,graph_wide,1,0,1,600,0,0,10
plan_build,graph_wide,1,0,2,600,0,0,10
plan_build,graph_wide,1,0,3,600,0,0,10
plan_build,graph_wide,1,0,4,600,0,0,10
plan_build,graph_wide,1,0,5,700,0,0,10
plan_build,graph_wide,1,0,6,500,0,0,10
plan_build,graph_wide,1,0,7,500,0,0,10
plan_build,graph_wide,1,0,8,600,0,0,10
plan_build,graph_wide,1,0,9,500,0,0,10
plan_build,graph_wide,1,0,10,600,0,0,10
plan_build,graph_wide,1,0,11,600,0,0,10
plan_build,graph_wide,1,0,12,600,0,0,10
plan_build,graph_wide,1,0,13,500,0,0,10
plan_build,graph_wide,1,0,14,500,0,0,10
plan_build,graph_wide,1,0,15,600,0,0,10
plan_build,graph_wide,1,0,16,600,0,0,10
plan_build,graph_wide,1,0,17,600,0,0,10
plan_build,graph_wide,1,0,18,500,0,0,10
plan_build,graph_wide,1,0,19,500,0,0,10
plan_build_alloc,graph_wide,1,0,0,0,13,2316,10
engine_execution,graph_wide,1,0,0,5500,0,0,1
engine_execution,graph_wide,1,0,1,5500,0,0,0
engine_execution,graph_wide,1,0,2,5800,0,0,3
engine_execution,graph_wide,1,0,3,5700,0,0,2
engine_execution,graph_wide,1,0,4,5700,0,0,5
engine_execution,graph_wide,1,0,5,5600,0,0,4
engine_execution,graph_wide,1,0,6,5600,0,0,7
engine_execution,graph_wide,1,0,7,5500,0,0,6
engine_execution,graph_wide,1,0,8,5700,0,0,9
engine_execution,graph_wide,1,0,9,5600,0,0,8
engine_execution,graph_wide,1,0,10,5700,0,0,11
engine_execution,graph_wide,1,0,11,5900,0,0,10
engine_execution,graph_wide,1,0,12,5700,0,0,13
engine_execution,graph_wide,1,0,13,5800,0,0,12
engine_execution,graph_wide,1,0,14,5700,0,0,15
engine_execution,graph_wide,1,0,15,5600,0,0,14
engine_execution,graph_wide,1,0,16,5700,0,0,17
engine_execution,graph_wide,1,0,17,5600,0,0,16
engine_execution,graph_wide,1,0,18,5700,0,0,19
engine_execution,graph_wide,1,0,19,5600,0,0,18
engine_execution,graph_wide,1,0,20,5600,0,0,21
engine_execution,graph_wide,1,0,21,5700,0,0,20
engine_execution,graph_wide,1,0,22,5500,0,0,23
engine_execution,graph_wide,1,0,23,5600,0,0,22
engine_execution,graph_wide,1,0,24,5600,0,0,25
engine_execution,graph_wide,1,0,25,5600,0,0,24
engine_execution,graph_wide,1,0,26,5700,0,0,27
engine_execution,graph_wide,1,0,27,5500,0,0,26
engine_execution,graph_wide,1,0,28,5500,0,0,29
engine_execution,graph_wide,1,0,29,5900,0,0,28
engine_execution,graph_wide,1,0,30,5600,0,0,31
engine_execution,graph_wide,1,0,31,5600,0,0,30
engine_execution,graph_wide,1,0,32,5700,0,0,33
engine_execution,graph_wide,1,0,33,5800,0,0,32
engine_execution,graph_wide,1,0,34,5400,0,0,35
engine_execution,graph_wide,1,0,35,5700,0,0,34
engine_execution,graph_wide,1,0,36,5800,0,0,37
engine_execution,graph_wide,1,0,37,5700,0,0,36
engine_execution,graph_wide,1,0,38,5700,0,0,39
engine_execution,graph_wide,1,0,39,5700,0,0,38
engine_execution_alloc,graph_wide,1,0,0,0,110,15146,23131
machine_state_setup,graph_wide,1,0,0,600,0,0,1
body_state_setup,graph_wide,1,0,0,300,0,0,0
machine_state_setup,graph_wide,1,0,1,600,0,0,1
body_state_setup,graph_wide,1,0,1,300,0,0,0
machine_state_setup,graph_wide,1,0,2,500,0,0,1
body_state_setup,graph_wide,1,0,2,200,0,0,0
machine_state_setup,graph_wide,1,0,3,600,0,0,1
body_state_setup,graph_wide,1,0,3,200,0,0,0
machine_state_setup,graph_wide,1,0,4,600,0,0,1
body_state_setup,graph_wide,1,0,4,300,0,0,0
machine_state_setup,graph_wide,1,0,5,600,0,0,1
body_state_setup,graph_wide,1,0,5,200,0,0,0
machine_state_setup,graph_wide,1,0,6,500,0,0,1
body_state_setup,graph_wide,1,0,6,300,0,0,0
machine_state_setup,graph_wide,1,0,7,500,0,0,1
body_state_setup,graph_wide,1,0,7,200,0,0,0
machine_state_setup,graph_wide,1,0,8,500,0,0,1
body_state_setup,graph_wide,1,0,8,200,0,0,0
machine_state_setup,graph_wide,1,0,9,700,0,0,1
body_state_setup,graph_wide,1,0,9,200,0,0,0
machine_state_setup,graph_wide,1,0,10,1000,0,0,1
body_state_setup,graph_wide,1,0,10,500,0,0,0
machine_state_setup,graph_wide,1,0,11,800,0,0,1
body_state_setup,graph_wide,1,0,11,200,0,0,0
machine_state_setup,graph_wide,1,0,12,500,0,0,1
body_state_setup,graph_wide,1,0,12,200,0,0,0
machine_state_setup,graph_wide,1,0,13,700,0,0,1
body_state_setup,graph_wide,1,0,13,200,0,0,0
machine_state_setup,graph_wide,1,0,14,400,0,0,1
body_state_setup,graph_wide,1,0,14,200,0,0,0
machine_state_setup,graph_wide,1,0,15,500,0,0,1
body_state_setup,graph_wide,1,0,15,200,0,0,0
machine_state_setup,graph_wide,1,0,16,500,0,0,1
body_state_setup,graph_wide,1,0,16,200,0,0,0
machine_state_setup,graph_wide,1,0,17,500,0,0,1
body_state_setup,graph_wide,1,0,17,200,0,0,0
machine_state_setup,graph_wide,1,0,18,500,0,0,1
body_state_setup,graph_wide,1,0,18,200,0,0,0
machine_state_setup,graph_wide,1,0,19,500,0,0,1
body_state_setup,graph_wide,1,0,19,300,0,0,0
machine_state_setup,graph_wide,1,0,20,500,0,0,1
body_state_setup,graph_wide,1,0,20,200,0,0,0
machine_state_setup,graph_wide,1,0,21,500,0,0,1
body_state_setup,graph_wide,1,0,21,200,0,0,0
machine_state_setup,graph_wide,1,0,22,500,0,0,1
body_state_setup,graph_wide,1,0,22,300,0,0,0
machine_state_setup,graph_wide,1,0,23,600,0,0,1
body_state_setup,graph_wide,1,0,23,200,0,0,0
machine_state_setup,graph_wide,1,0,24,500,0,0,1
body_state_setup,graph_wide,1,0,24,300,0,0,0
machine_state_setup,graph_wide,1,0,25,500,0,0,1
body_state_setup,graph_wide,1,0,25,200,0,0,0
machine_state_setup,graph_wide,1,0,26,600,0,0,1
body_state_setup,graph_wide,1,0,26,200,0,0,0
machine_state_setup,graph_wide,1,0,27,500,0,0,1
body_state_setup,graph_wide,1,0,27,200,0,0,0
machine_state_setup,graph_wide,1,0,28,500,0,0,1
body_state_setup,graph_wide,1,0,28,200,0,0,0
machine_state_setup,graph_wide,1,0,29,500,0,0,1
body_state_setup,graph_wide,1,0,29,300,0,0,0
machine_state_setup,graph_wide,1,0,30,600,0,0,1
body_state_setup,graph_wide,1,0,30,300,0,0,0
machine_state_setup,graph_wide,1,0,31,500,0,0,1
body_state_setup,graph_wide,1,0,31,200,0,0,0
machine_state_setup,graph_wide,1,0,32,500,0,0,1
body_state_setup,graph_wide,1,0,32,200,0,0,0
machine_state_setup,graph_wide,1,0,33,600,0,0,1
body_state_setup,graph_wide,1,0,33,200,0,0,0
machine_state_setup,graph_wide,1,0,34,400,0,0,1
body_state_setup,graph_wide,1,0,34,200,0,0,0
machine_state_setup,graph_wide,1,0,35,500,0,0,1
body_state_setup,graph_wide,1,0,35,200,0,0,0
machine_state_setup,graph_wide,1,0,36,500,0,0,1
body_state_setup,graph_wide,1,0,36,300,0,0,0
machine_state_setup,graph_wide,1,0,37,500,0,0,1
body_state_setup,graph_wide,1,0,37,300,0,0,0
machine_state_setup,graph_wide,1,0,38,500,0,0,1
body_state_setup,graph_wide,1,0,38,200,0,0,0
machine_state_setup,graph_wide,1,0,39,500,0,0,1
body_state_setup,graph_wide,1,0,39,200,0,0,0
fixture_generation,graph_sparse,1,0,0,200,0,0,5
fixture_generation,graph_sparse,1,0,1,300,0,0,5
fixture_generation,graph_sparse,1,0,2,200,0,0,5
fixture_generation,graph_sparse,1,0,3,300,0,0,5
fixture_generation,graph_sparse,1,0,4,300,0,0,5
fixture_generation,graph_sparse,1,0,5,300,0,0,5
fixture_generation,graph_sparse,1,0,6,500,0,0,5
fixture_generation,graph_sparse,1,0,7,300,0,0,5
fixture_generation,graph_sparse,1,0,8,200,0,0,5
fixture_generation,graph_sparse,1,0,9,200,0,0,5
fixture_generation,graph_sparse,1,0,10,100,0,0,5
fixture_generation,graph_sparse,1,0,11,100,0,0,5
fixture_generation,graph_sparse,1,0,12,100,0,0,5
fixture_generation,graph_sparse,1,0,13,200,0,0,5
fixture_generation,graph_sparse,1,0,14,200,0,0,5
fixture_generation,graph_sparse,1,0,15,100,0,0,5
fixture_generation,graph_sparse,1,0,16,100,0,0,5
fixture_generation,graph_sparse,1,0,17,200,0,0,5
fixture_generation,graph_sparse,1,0,18,100,0,0,5
fixture_generation,graph_sparse,1,0,19,100,0,0,5
plan_build,graph_sparse,1,0,0,1000,0,0,12
plan_build,graph_sparse,1,0,1,500,0,0,12
plan_build,graph_sparse,1,0,2,500,0,0,12
plan_build,graph_sparse,1,0,3,500,0,0,12
plan_build,graph_sparse,1,0,4,500,0,0,12
plan_build,graph_sparse,1,0,5,600,0,0,12
plan_build,graph_sparse,1,0,6,600,0,0,12
plan_build,graph_sparse,1,0,7,500,0,0,12
plan_build,graph_sparse,1,0,8,500,0,0,12
plan_build,graph_sparse,1,0,9,500,0,0,12
plan_build,graph_sparse,1,0,10,500,0,0,12
plan_build,graph_sparse,1,0,11,500,0,0,12
plan_build,graph_sparse,1,0,12,500,0,0,12
plan_build,graph_sparse,1,0,13,500,0,0,12
plan_build,graph_sparse,1,0,14,500,0,0,12
plan_build,graph_sparse,1,0,15,500,0,0,12
plan_build,graph_sparse,1,0,16,600,0,0,12
plan_build,graph_sparse,1,0,17,500,0,0,12
plan_build,graph_sparse,1,0,18,600,0,0,12
plan_build,graph_sparse,1,0,19,600,0,0,12
plan_build_alloc,graph_sparse,1,0,0,0,13,2318,12
engine_execution,graph_sparse,1,0,0,5700,0,0,1
engine_execution,graph_sparse,1,0,1,5700,0,0,0
engine_execution,graph_sparse,1,0,2,5600,0,0,3
engine_execution,graph_sparse,1,0,3,5700,0,0,2
engine_execution,graph_sparse,1,0,4,6700,0,0,5
engine_execution,graph_sparse,1,0,5,6000,0,0,4
engine_execution,graph_sparse,1,0,6,5800,0,0,7
engine_execution,graph_sparse,1,0,7,6100,0,0,6
engine_execution,graph_sparse,1,0,8,6200,0,0,9
engine_execution,graph_sparse,1,0,9,7300,0,0,8
engine_execution,graph_sparse,1,0,10,7200,0,0,11
engine_execution,graph_sparse,1,0,11,5900,0,0,10
engine_execution,graph_sparse,1,0,12,5800,0,0,13
engine_execution,graph_sparse,1,0,13,6000,0,0,12
engine_execution,graph_sparse,1,0,14,5800,0,0,15
engine_execution,graph_sparse,1,0,15,5900,0,0,14
engine_execution,graph_sparse,1,0,16,6200,0,0,17
engine_execution,graph_sparse,1,0,17,6900,0,0,16
engine_execution,graph_sparse,1,0,18,7500,0,0,19
engine_execution,graph_sparse,1,0,19,5800,0,0,18
engine_execution,graph_sparse,1,0,20,5700,0,0,21
engine_execution,graph_sparse,1,0,21,5500,0,0,20
engine_execution,graph_sparse,1,0,22,5700,0,0,23
engine_execution,graph_sparse,1,0,23,5700,0,0,22
engine_execution,graph_sparse,1,0,24,5600,0,0,25
engine_execution,graph_sparse,1,0,25,5600,0,0,24
engine_execution,graph_sparse,1,0,26,5600,0,0,27
engine_execution,graph_sparse,1,0,27,5600,0,0,26
engine_execution,graph_sparse,1,0,28,5500,0,0,29
engine_execution,graph_sparse,1,0,29,5600,0,0,28
engine_execution,graph_sparse,1,0,30,5600,0,0,31
engine_execution,graph_sparse,1,0,31,5700,0,0,30
engine_execution,graph_sparse,1,0,32,5700,0,0,33
engine_execution,graph_sparse,1,0,33,5700,0,0,32
engine_execution,graph_sparse,1,0,34,5600,0,0,35
engine_execution,graph_sparse,1,0,35,5500,0,0,34
engine_execution,graph_sparse,1,0,36,5600,0,0,37
engine_execution,graph_sparse,1,0,37,5800,0,0,36
engine_execution,graph_sparse,1,0,38,5500,0,0,39
engine_execution,graph_sparse,1,0,39,5600,0,0,38
engine_execution_alloc,graph_sparse,1,0,0,0,110,15150,23131
machine_state_setup,graph_sparse,1,0,0,900,0,0,1
body_state_setup,graph_sparse,1,0,0,300,0,0,0
machine_state_setup,graph_sparse,1,0,1,600,0,0,1
body_state_setup,graph_sparse,1,0,1,200,0,0,0
machine_state_setup,graph_sparse,1,0,2,500,0,0,1
body_state_setup,graph_sparse,1,0,2,200,0,0,0
machine_state_setup,graph_sparse,1,0,3,500,0,0,1
body_state_setup,graph_sparse,1,0,3,200,0,0,0
machine_state_setup,graph_sparse,1,0,4,600,0,0,1
body_state_setup,graph_sparse,1,0,4,300,0,0,0
machine_state_setup,graph_sparse,1,0,5,500,0,0,1
body_state_setup,graph_sparse,1,0,5,200,0,0,0
machine_state_setup,graph_sparse,1,0,6,500,0,0,1
body_state_setup,graph_sparse,1,0,6,200,0,0,0
machine_state_setup,graph_sparse,1,0,7,500,0,0,1
body_state_setup,graph_sparse,1,0,7,300,0,0,0
machine_state_setup,graph_sparse,1,0,8,500,0,0,1
body_state_setup,graph_sparse,1,0,8,200,0,0,0
machine_state_setup,graph_sparse,1,0,9,500,0,0,1
body_state_setup,graph_sparse,1,0,9,200,0,0,0
machine_state_setup,graph_sparse,1,0,10,500,0,0,1
body_state_setup,graph_sparse,1,0,10,200,0,0,0
machine_state_setup,graph_sparse,1,0,11,500,0,0,1
body_state_setup,graph_sparse,1,0,11,200,0,0,0
machine_state_setup,graph_sparse,1,0,12,500,0,0,1
body_state_setup,graph_sparse,1,0,12,200,0,0,0
machine_state_setup,graph_sparse,1,0,13,500,0,0,1
body_state_setup,graph_sparse,1,0,13,300,0,0,0
machine_state_setup,graph_sparse,1,0,14,600,0,0,1
body_state_setup,graph_sparse,1,0,14,200,0,0,0
machine_state_setup,graph_sparse,1,0,15,600,0,0,1
body_state_setup,graph_sparse,1,0,15,200,0,0,0
machine_state_setup,graph_sparse,1,0,16,500,0,0,1
body_state_setup,graph_sparse,1,0,16,200,0,0,0
machine_state_setup,graph_sparse,1,0,17,500,0,0,1
body_state_setup,graph_sparse,1,0,17,200,0,0,0
machine_state_setup,graph_sparse,1,0,18,600,0,0,1
body_state_setup,graph_sparse,1,0,18,200,0,0,0
machine_state_setup,graph_sparse,1,0,19,600,0,0,1
body_state_setup,graph_sparse,1,0,19,200,0,0,0
machine_state_setup,graph_sparse,1,0,20,1000,0,0,1
body_state_setup,graph_sparse,1,0,20,300,0,0,0
machine_state_setup,graph_sparse,1,0,21,800,0,0,1
body_state_setup,graph_sparse,1,0,21,500,0,0,0
machine_state_setup,graph_sparse,1,0,22,600,0,0,1
body_state_setup,graph_sparse,1,0,22,400,0,0,0
machine_state_setup,graph_sparse,1,0,23,600,0,0,1
body_state_setup,graph_sparse,1,0,23,200,0,0,0
machine_state_setup,graph_sparse,1,0,24,500,0,0,1
body_state_setup,graph_sparse,1,0,24,300,0,0,0
machine_state_setup,graph_sparse,1,0,25,500,0,0,1
body_state_setup,graph_sparse,1,0,25,200,0,0,0
machine_state_setup,graph_sparse,1,0,26,600,0,0,1
body_state_setup,graph_sparse,1,0,26,200,0,0,0
machine_state_setup,graph_sparse,1,0,27,500,0,0,1
body_state_setup,graph_sparse,1,0,27,300,0,0,0
machine_state_setup,graph_sparse,1,0,28,500,0,0,1
body_state_setup,graph_sparse,1,0,28,200,0,0,0
machine_state_setup,graph_sparse,1,0,29,500,0,0,1
body_state_setup,graph_sparse,1,0,29,200,0,0,0
machine_state_setup,graph_sparse,1,0,30,500,0,0,1
body_state_setup,graph_sparse,1,0,30,200,0,0,0
machine_state_setup,graph_sparse,1,0,31,400,0,0,1
body_state_setup,graph_sparse,1,0,31,200,0,0,0
machine_state_setup,graph_sparse,1,0,32,500,0,0,1
body_state_setup,graph_sparse,1,0,32,200,0,0,0
machine_state_setup,graph_sparse,1,0,33,500,0,0,1
body_state_setup,graph_sparse,1,0,33,300,0,0,0
machine_state_setup,graph_sparse,1,0,34,500,0,0,1
body_state_setup,graph_sparse,1,0,34,200,0,0,0
machine_state_setup,graph_sparse,1,0,35,500,0,0,1
body_state_setup,graph_sparse,1,0,35,200,0,0,0
machine_state_setup,graph_sparse,1,0,36,500,0,0,1
body_state_setup,graph_sparse,1,0,36,300,0,0,0
machine_state_setup,graph_sparse,1,0,37,500,0,0,1
body_state_setup,graph_sparse,1,0,37,300,0,0,0
machine_state_setup,graph_sparse,1,0,38,500,0,0,1
body_state_setup,graph_sparse,1,0,38,300,0,0,0
machine_state_setup,graph_sparse,1,0,39,500,0,0,1
body_state_setup,graph_sparse,1,0,39,200,0,0,0
fixture_generation,graph_chain,10,9,0,900,0,0,50
fixture_generation,graph_chain,10,9,1,900,0,0,50
fixture_generation,graph_chain,10,9,2,800,0,0,50
fixture_generation,graph_chain,10,9,3,800,0,0,50
fixture_generation,graph_chain,10,9,4,800,0,0,50
fixture_generation,graph_chain,10,9,5,800,0,0,50
fixture_generation,graph_chain,10,9,6,800,0,0,50
fixture_generation,graph_chain,10,9,7,800,0,0,50
fixture_generation,graph_chain,10,9,8,800,0,0,50
fixture_generation,graph_chain,10,9,9,700,0,0,50
fixture_generation,graph_chain,10,9,10,800,0,0,50
fixture_generation,graph_chain,10,9,11,800,0,0,50
fixture_generation,graph_chain,10,9,12,800,0,0,50
fixture_generation,graph_chain,10,9,13,800,0,0,50
fixture_generation,graph_chain,10,9,14,800,0,0,50
fixture_generation,graph_chain,10,9,15,800,0,0,50
fixture_generation,graph_chain,10,9,16,800,0,0,50
fixture_generation,graph_chain,10,9,17,800,0,0,50
fixture_generation,graph_chain,10,9,18,800,0,0,50
fixture_generation,graph_chain,10,9,19,700,0,0,50
plan_build,graph_chain,10,9,0,4700,0,0,11
plan_build,graph_chain,10,9,1,3100,0,0,11
plan_build,graph_chain,10,9,2,2600,0,0,11
plan_build,graph_chain,10,9,3,2600,0,0,11
plan_build,graph_chain,10,9,4,2300,0,0,11
plan_build,graph_chain,10,9,5,2300,0,0,11
plan_build,graph_chain,10,9,6,2500,0,0,11
plan_build,graph_chain,10,9,7,2400,0,0,11
plan_build,graph_chain,10,9,8,2400,0,0,11
plan_build,graph_chain,10,9,9,2400,0,0,11
plan_build,graph_chain,10,9,10,2400,0,0,11
plan_build,graph_chain,10,9,11,2300,0,0,11
plan_build,graph_chain,10,9,12,2300,0,0,11
plan_build,graph_chain,10,9,13,2400,0,0,11
plan_build,graph_chain,10,9,14,2400,0,0,11
plan_build,graph_chain,10,9,15,2500,0,0,11
plan_build,graph_chain,10,9,16,2300,0,0,11
plan_build,graph_chain,10,9,17,2400,0,0,11
plan_build,graph_chain,10,9,18,2400,0,0,11
plan_build,graph_chain,10,9,19,2300,0,0,11
plan_build_alloc,graph_chain,10,9,0,0,57,14266,11
engine_execution,graph_chain,10,9,0,40300,0,0,0
engine_execution,graph_chain,10,9,1,34200,0,0,1
engine_execution,graph_chain,10,9,2,32200,0,0,2
engine_execution,graph_chain,10,9,3,32400,0,0,3
engine_execution,graph_chain,10,9,4,33400,0,0,4
engine_execution,graph_chain,10,9,5,38000,0,0,5
engine_execution,graph_chain,10,9,6,41700,0,0,6
engine_execution,graph_chain,10,9,7,33800,0,0,7
engine_execution,graph_chain,10,9,8,33700,0,0,8
engine_execution,graph_chain,10,9,9,33700,0,0,9
engine_execution,graph_chain,10,9,10,34100,0,0,10
engine_execution,graph_chain,10,9,11,33300,0,0,11
engine_execution,graph_chain,10,9,12,33500,0,0,12
engine_execution,graph_chain,10,9,13,36000,0,0,13
engine_execution,graph_chain,10,9,14,42600,0,0,14
engine_execution,graph_chain,10,9,15,39700,0,0,15
engine_execution,graph_chain,10,9,16,32800,0,0,16
engine_execution,graph_chain,10,9,17,32700,0,0,17
engine_execution,graph_chain,10,9,18,33900,0,0,18
engine_execution,graph_chain,10,9,19,32500,0,0,19
engine_execution,graph_chain,10,9,20,35700,0,0,20
engine_execution,graph_chain,10,9,21,33700,0,0,21
engine_execution,graph_chain,10,9,22,39100,0,0,22
engine_execution,graph_chain,10,9,23,31900,0,0,23
engine_execution,graph_chain,10,9,24,32900,0,0,24
engine_execution,graph_chain,10,9,25,33600,0,0,25
engine_execution,graph_chain,10,9,26,34000,0,0,26
engine_execution,graph_chain,10,9,27,32900,0,0,27
engine_execution,graph_chain,10,9,28,32900,0,0,28
engine_execution,graph_chain,10,9,29,32500,0,0,29
engine_execution,graph_chain,10,9,30,32400,0,0,30
engine_execution,graph_chain,10,9,31,32100,0,0,31
engine_execution,graph_chain,10,9,32,32400,0,0,32
engine_execution,graph_chain,10,9,33,33100,0,0,33
engine_execution,graph_chain,10,9,34,35200,0,0,34
engine_execution,graph_chain,10,9,35,37400,0,0,35
engine_execution,graph_chain,10,9,36,32600,0,0,36
engine_execution,graph_chain,10,9,37,34800,0,0,37
engine_execution,graph_chain,10,9,38,41300,0,0,38
engine_execution,graph_chain,10,9,39,33100,0,0,39
engine_execution_alloc,graph_chain,10,9,0,0,654,66045,23130
machine_state_setup,graph_chain,10,9,0,4800,0,0,10
body_state_setup,graph_chain,10,9,0,600,0,0,0
machine_state_setup,graph_chain,10,9,1,3700,0,0,10
body_state_setup,graph_chain,10,9,1,300,0,0,0
machine_state_setup,graph_chain,10,9,2,3500,0,0,10
body_state_setup,graph_chain,10,9,2,300,0,0,0
machine_state_setup,graph_chain,10,9,3,3500,0,0,10
body_state_setup,graph_chain,10,9,3,300,0,0,0
machine_state_setup,graph_chain,10,9,4,3400,0,0,10
body_state_setup,graph_chain,10,9,4,300,0,0,0
machine_state_setup,graph_chain,10,9,5,3400,0,0,10
body_state_setup,graph_chain,10,9,5,300,0,0,0
machine_state_setup,graph_chain,10,9,6,3400,0,0,10
body_state_setup,graph_chain,10,9,6,400,0,0,0
machine_state_setup,graph_chain,10,9,7,3400,0,0,10
body_state_setup,graph_chain,10,9,7,300,0,0,0
machine_state_setup,graph_chain,10,9,8,3300,0,0,10
body_state_setup,graph_chain,10,9,8,200,0,0,0
machine_state_setup,graph_chain,10,9,9,3500,0,0,10
body_state_setup,graph_chain,10,9,9,300,0,0,0
machine_state_setup,graph_chain,10,9,10,3800,0,0,10
body_state_setup,graph_chain,10,9,10,300,0,0,0
machine_state_setup,graph_chain,10,9,11,3500,0,0,10
body_state_setup,graph_chain,10,9,11,300,0,0,0
machine_state_setup,graph_chain,10,9,12,3300,0,0,10
body_state_setup,graph_chain,10,9,12,200,0,0,0
machine_state_setup,graph_chain,10,9,13,3300,0,0,10
body_state_setup,graph_chain,10,9,13,200,0,0,0
machine_state_setup,graph_chain,10,9,14,3300,0,0,10
body_state_setup,graph_chain,10,9,14,300,0,0,0
machine_state_setup,graph_chain,10,9,15,3400,0,0,10
body_state_setup,graph_chain,10,9,15,300,0,0,0
machine_state_setup,graph_chain,10,9,16,3400,0,0,10
body_state_setup,graph_chain,10,9,16,300,0,0,0
machine_state_setup,graph_chain,10,9,17,3400,0,0,10
body_state_setup,graph_chain,10,9,17,200,0,0,0
machine_state_setup,graph_chain,10,9,18,3300,0,0,10
body_state_setup,graph_chain,10,9,18,300,0,0,0
machine_state_setup,graph_chain,10,9,19,3300,0,0,10
body_state_setup,graph_chain,10,9,19,300,0,0,0
machine_state_setup,graph_chain,10,9,20,3400,0,0,10
body_state_setup,graph_chain,10,9,20,200,0,0,0
machine_state_setup,graph_chain,10,9,21,3200,0,0,10
body_state_setup,graph_chain,10,9,21,200,0,0,0
machine_state_setup,graph_chain,10,9,22,3200,0,0,10
body_state_setup,graph_chain,10,9,22,300,0,0,0
machine_state_setup,graph_chain,10,9,23,3400,0,0,10
body_state_setup,graph_chain,10,9,23,300,0,0,0
machine_state_setup,graph_chain,10,9,24,3200,0,0,10
body_state_setup,graph_chain,10,9,24,200,0,0,0
machine_state_setup,graph_chain,10,9,25,3300,0,0,10
body_state_setup,graph_chain,10,9,25,200,0,0,0
machine_state_setup,graph_chain,10,9,26,3400,0,0,10
body_state_setup,graph_chain,10,9,26,300,0,0,0
machine_state_setup,graph_chain,10,9,27,3400,0,0,10
body_state_setup,graph_chain,10,9,27,400,0,0,0
machine_state_setup,graph_chain,10,9,28,3500,0,0,10
body_state_setup,graph_chain,10,9,28,300,0,0,0
machine_state_setup,graph_chain,10,9,29,3400,0,0,10
body_state_setup,graph_chain,10,9,29,300,0,0,0
machine_state_setup,graph_chain,10,9,30,3300,0,0,10
body_state_setup,graph_chain,10,9,30,200,0,0,0
machine_state_setup,graph_chain,10,9,31,3400,0,0,10
body_state_setup,graph_chain,10,9,31,400,0,0,0
machine_state_setup,graph_chain,10,9,32,3400,0,0,10
body_state_setup,graph_chain,10,9,32,300,0,0,0
machine_state_setup,graph_chain,10,9,33,3500,0,0,10
body_state_setup,graph_chain,10,9,33,300,0,0,0
machine_state_setup,graph_chain,10,9,34,3300,0,0,10
body_state_setup,graph_chain,10,9,34,300,0,0,0
machine_state_setup,graph_chain,10,9,35,3500,0,0,10
body_state_setup,graph_chain,10,9,35,300,0,0,0
machine_state_setup,graph_chain,10,9,36,3400,0,0,10
body_state_setup,graph_chain,10,9,36,300,0,0,0
machine_state_setup,graph_chain,10,9,37,3300,0,0,10
body_state_setup,graph_chain,10,9,37,300,0,0,0
machine_state_setup,graph_chain,10,9,38,3300,0,0,10
body_state_setup,graph_chain,10,9,38,200,0,0,0
machine_state_setup,graph_chain,10,9,39,3300,0,0,10
body_state_setup,graph_chain,10,9,39,300,0,0,0
pure_machine_events_preseeded,graph_chain,10,9,0,9300,0,0,10
pure_machine_events_preseeded,graph_chain,10,9,1,8000,0,0,10
pure_machine_events_preseeded,graph_chain,10,9,2,7900,0,0,10
pure_machine_events_preseeded,graph_chain,10,9,3,7800,0,0,10
pure_machine_events_preseeded,graph_chain,10,9,4,7900,0,0,10
pure_machine_events_preseeded,graph_chain,10,9,5,7900,0,0,10
pure_machine_events_preseeded,graph_chain,10,9,6,7900,0,0,10
pure_machine_events_preseeded,graph_chain,10,9,7,8000,0,0,10
pure_machine_events_preseeded,graph_chain,10,9,8,7900,0,0,10
pure_machine_events_preseeded,graph_chain,10,9,9,7700,0,0,10
pure_machine_events_preseeded,graph_chain,10,9,10,7900,0,0,10
pure_machine_events_preseeded,graph_chain,10,9,11,7900,0,0,10
pure_machine_events_preseeded,graph_chain,10,9,12,7800,0,0,10
pure_machine_events_preseeded,graph_chain,10,9,13,7900,0,0,10
pure_machine_events_preseeded,graph_chain,10,9,14,7900,0,0,10
pure_machine_events_preseeded,graph_chain,10,9,15,7800,0,0,10
pure_machine_events_preseeded,graph_chain,10,9,16,7900,0,0,10
pure_machine_events_preseeded,graph_chain,10,9,17,17300,0,0,10
pure_machine_events_preseeded,graph_chain,10,9,18,8700,0,0,10
pure_machine_events_preseeded,graph_chain,10,9,19,8100,0,0,10
pure_machine_events_preseeded,graph_chain,10,9,20,11800,0,0,10
pure_machine_events_preseeded,graph_chain,10,9,21,10300,0,0,10
pure_machine_events_preseeded,graph_chain,10,9,22,11400,0,0,10
pure_machine_events_preseeded,graph_chain,10,9,23,14900,0,0,10
pure_machine_events_preseeded,graph_chain,10,9,24,7900,0,0,10
pure_machine_events_preseeded,graph_chain,10,9,25,7800,0,0,10
pure_machine_events_preseeded,graph_chain,10,9,26,7800,0,0,10
pure_machine_events_preseeded,graph_chain,10,9,27,7800,0,0,10
pure_machine_events_preseeded,graph_chain,10,9,28,7800,0,0,10
pure_machine_events_preseeded,graph_chain,10,9,29,7800,0,0,10
pure_machine_events_preseeded,graph_chain,10,9,30,7700,0,0,10
pure_machine_events_preseeded,graph_chain,10,9,31,7700,0,0,10
pure_machine_events_preseeded,graph_chain,10,9,32,7900,0,0,10
pure_machine_events_preseeded,graph_chain,10,9,33,7800,0,0,10
pure_machine_events_preseeded,graph_chain,10,9,34,7700,0,0,10
pure_machine_events_preseeded,graph_chain,10,9,35,8300,0,0,10
pure_machine_events_preseeded,graph_chain,10,9,36,8300,0,0,10
pure_machine_events_preseeded,graph_chain,10,9,37,8000,0,0,10
pure_machine_events_preseeded,graph_chain,10,9,38,7700,0,0,10
pure_machine_events_preseeded,graph_chain,10,9,39,7800,0,0,10
fixture_generation,graph_wide,10,9,0,900,0,0,50
fixture_generation,graph_wide,10,9,1,800,0,0,50
fixture_generation,graph_wide,10,9,2,800,0,0,50
fixture_generation,graph_wide,10,9,3,800,0,0,50
fixture_generation,graph_wide,10,9,4,800,0,0,50
fixture_generation,graph_wide,10,9,5,800,0,0,50
fixture_generation,graph_wide,10,9,6,800,0,0,50
fixture_generation,graph_wide,10,9,7,800,0,0,50
fixture_generation,graph_wide,10,9,8,800,0,0,50
fixture_generation,graph_wide,10,9,9,800,0,0,50
fixture_generation,graph_wide,10,9,10,800,0,0,50
fixture_generation,graph_wide,10,9,11,800,0,0,50
fixture_generation,graph_wide,10,9,12,700,0,0,50
fixture_generation,graph_wide,10,9,13,700,0,0,50
fixture_generation,graph_wide,10,9,14,800,0,0,50
fixture_generation,graph_wide,10,9,15,800,0,0,50
fixture_generation,graph_wide,10,9,16,800,0,0,50
fixture_generation,graph_wide,10,9,17,800,0,0,50
fixture_generation,graph_wide,10,9,18,700,0,0,50
fixture_generation,graph_wide,10,9,19,800,0,0,50
plan_build,graph_wide,10,9,0,3800,0,0,10
plan_build,graph_wide,10,9,1,2900,0,0,10
plan_build,graph_wide,10,9,2,2500,0,0,10
plan_build,graph_wide,10,9,3,2400,0,0,10
plan_build,graph_wide,10,9,4,2300,0,0,10
plan_build,graph_wide,10,9,5,2600,0,0,10
plan_build,graph_wide,10,9,6,2500,0,0,10
plan_build,graph_wide,10,9,7,2300,0,0,10
plan_build,graph_wide,10,9,8,2300,0,0,10
plan_build,graph_wide,10,9,9,2400,0,0,10
plan_build,graph_wide,10,9,10,2400,0,0,10
plan_build,graph_wide,10,9,11,2500,0,0,10
plan_build,graph_wide,10,9,12,2400,0,0,10
plan_build,graph_wide,10,9,13,2300,0,0,10
plan_build,graph_wide,10,9,14,2300,0,0,10
plan_build,graph_wide,10,9,15,2400,0,0,10
plan_build,graph_wide,10,9,16,2300,0,0,10
plan_build,graph_wide,10,9,17,2400,0,0,10
plan_build,graph_wide,10,9,18,2300,0,0,10
plan_build,graph_wide,10,9,19,2400,0,0,10
plan_build_alloc,graph_wide,10,9,0,0,57,14265,10
engine_execution,graph_wide,10,9,0,32400,0,0,8
engine_execution,graph_wide,10,9,1,31900,0,0,9
engine_execution,graph_wide,10,9,2,31500,0,0,10
engine_execution,graph_wide,10,9,3,33200,0,0,11
engine_execution,graph_wide,10,9,4,41700,0,0,12
engine_execution,graph_wide,10,9,5,37700,0,0,13
engine_execution,graph_wide,10,9,6,32500,0,0,14
engine_execution,graph_wide,10,9,7,30600,0,0,15
engine_execution,graph_wide,10,9,8,31700,0,0,0
engine_execution,graph_wide,10,9,9,36000,0,0,1
engine_execution,graph_wide,10,9,10,35700,0,0,2
engine_execution,graph_wide,10,9,11,39000,0,0,3
engine_execution,graph_wide,10,9,12,38300,0,0,4
engine_execution,graph_wide,10,9,13,31300,0,0,5
engine_execution,graph_wide,10,9,14,32600,0,0,6
engine_execution,graph_wide,10,9,15,31300,0,0,7
engine_execution,graph_wide,10,9,16,34300,0,0,24
engine_execution,graph_wide,10,9,17,34300,0,0,25
engine_execution,graph_wide,10,9,18,37100,0,0,26
engine_execution,graph_wide,10,9,19,32200,0,0,27
engine_execution,graph_wide,10,9,20,31200,0,0,28
engine_execution,graph_wide,10,9,21,31000,0,0,29
engine_execution,graph_wide,10,9,22,30800,0,0,30
engine_execution,graph_wide,10,9,23,32800,0,0,31
engine_execution,graph_wide,10,9,24,30600,0,0,16
engine_execution,graph_wide,10,9,25,30900,0,0,17
engine_execution,graph_wide,10,9,26,30800,0,0,18
engine_execution,graph_wide,10,9,27,33200,0,0,19
engine_execution,graph_wide,10,9,28,35200,0,0,20
engine_execution,graph_wide,10,9,29,37400,0,0,21
engine_execution,graph_wide,10,9,30,34000,0,0,22
engine_execution,graph_wide,10,9,31,35800,0,0,23
engine_execution,graph_wide,10,9,32,31200,0,0,40
engine_execution,graph_wide,10,9,33,31200,0,0,41
engine_execution,graph_wide,10,9,34,31100,0,0,42
engine_execution,graph_wide,10,9,35,34700,0,0,43
engine_execution,graph_wide,10,9,36,37100,0,0,44
engine_execution,graph_wide,10,9,37,31500,0,0,45
engine_execution,graph_wide,10,9,38,31100,0,0,46
engine_execution,graph_wide,10,9,39,33500,0,0,47
engine_execution_alloc,graph_wide,10,9,0,0,631,67899,23122
machine_state_setup,graph_wide,10,9,0,4300,0,0,10
body_state_setup,graph_wide,10,9,0,300,0,0,0
machine_state_setup,graph_wide,10,9,1,3400,0,0,10
body_state_setup,graph_wide,10,9,1,300,0,0,0
machine_state_setup,graph_wide,10,9,2,3500,0,0,10
body_state_setup,graph_wide,10,9,2,400,0,0,0
machine_state_setup,graph_wide,10,9,3,3500,0,0,10
body_state_setup,graph_wide,10,9,3,300,0,0,0
machine_state_setup,graph_wide,10,9,4,3400,0,0,10
body_state_setup,graph_wide,10,9,4,400,0,0,0
machine_state_setup,graph_wide,10,9,5,3400,0,0,10
body_state_setup,graph_wide,10,9,5,300,0,0,0
machine_state_setup,graph_wide,10,9,6,7600,0,0,10
body_state_setup,graph_wide,10,9,6,300,0,0,0
machine_state_setup,graph_wide,10,9,7,8800,0,0,10
body_state_setup,graph_wide,10,9,7,200,0,0,0
machine_state_setup,graph_wide,10,9,8,3300,0,0,10
body_state_setup,graph_wide,10,9,8,300,0,0,0
machine_state_setup,graph_wide,10,9,9,3700,0,0,10
body_state_setup,graph_wide,10,9,9,300,0,0,0
machine_state_setup,graph_wide,10,9,10,3700,0,0,10
body_state_setup,graph_wide,10,9,10,300,0,0,0
machine_state_setup,graph_wide,10,9,11,3700,0,0,10
body_state_setup,graph_wide,10,9,11,300,0,0,0
machine_state_setup,graph_wide,10,9,12,3700,0,0,10
body_state_setup,graph_wide,10,9,12,400,0,0,0
machine_state_setup,graph_wide,10,9,13,3500,0,0,10
body_state_setup,graph_wide,10,9,13,300,0,0,0
machine_state_setup,graph_wide,10,9,14,3800,0,0,10
body_state_setup,graph_wide,10,9,14,300,0,0,0
machine_state_setup,graph_wide,10,9,15,3600,0,0,10
body_state_setup,graph_wide,10,9,15,200,0,0,0
machine_state_setup,graph_wide,10,9,16,3600,0,0,10
body_state_setup,graph_wide,10,9,16,300,0,0,0
machine_state_setup,graph_wide,10,9,17,3700,0,0,10
body_state_setup,graph_wide,10,9,17,300,0,0,0
machine_state_setup,graph_wide,10,9,18,3700,0,0,10
body_state_setup,graph_wide,10,9,18,200,0,0,0
machine_state_setup,graph_wide,10,9,19,3600,0,0,10
body_state_setup,graph_wide,10,9,19,900,0,0,0
machine_state_setup,graph_wide,10,9,20,6200,0,0,10
body_state_setup,graph_wide,10,9,20,400,0,0,0
machine_state_setup,graph_wide,10,9,21,4100,0,0,10
body_state_setup,graph_wide,10,9,21,300,0,0,0
machine_state_setup,graph_wide,10,9,22,3600,0,0,10
body_state_setup,graph_wide,10,9,22,400,0,0,0
machine_state_setup,graph_wide,10,9,23,3500,0,0,10
body_state_setup,graph_wide,10,9,23,500,0,0,0
machine_state_setup,graph_wide,10,9,24,3400,0,0,10
body_state_setup,graph_wide,10,9,24,400,0,0,0
machine_state_setup,graph_wide,10,9,25,3200,0,0,10
body_state_setup,graph_wide,10,9,25,300,0,0,0
machine_state_setup,graph_wide,10,9,26,3100,0,0,10
body_state_setup,graph_wide,10,9,26,300,0,0,0
machine_state_setup,graph_wide,10,9,27,3300,0,0,10
body_state_setup,graph_wide,10,9,27,300,0,0,0
machine_state_setup,graph_wide,10,9,28,3100,0,0,10
body_state_setup,graph_wide,10,9,28,300,0,0,0
machine_state_setup,graph_wide,10,9,29,3000,0,0,10
body_state_setup,graph_wide,10,9,29,300,0,0,0
machine_state_setup,graph_wide,10,9,30,3100,0,0,10
body_state_setup,graph_wide,10,9,30,300,0,0,0
machine_state_setup,graph_wide,10,9,31,3200,0,0,10
body_state_setup,graph_wide,10,9,31,300,0,0,0
machine_state_setup,graph_wide,10,9,32,3100,0,0,10
body_state_setup,graph_wide,10,9,32,200,0,0,0
machine_state_setup,graph_wide,10,9,33,2900,0,0,10
body_state_setup,graph_wide,10,9,33,300,0,0,0
machine_state_setup,graph_wide,10,9,34,3100,0,0,10
body_state_setup,graph_wide,10,9,34,300,0,0,0
machine_state_setup,graph_wide,10,9,35,3100,0,0,10
body_state_setup,graph_wide,10,9,35,200,0,0,0
machine_state_setup,graph_wide,10,9,36,3000,0,0,10
body_state_setup,graph_wide,10,9,36,300,0,0,0
machine_state_setup,graph_wide,10,9,37,3100,0,0,10
body_state_setup,graph_wide,10,9,37,300,0,0,0
machine_state_setup,graph_wide,10,9,38,3200,0,0,10
body_state_setup,graph_wide,10,9,38,300,0,0,0
machine_state_setup,graph_wide,10,9,39,3100,0,0,10
body_state_setup,graph_wide,10,9,39,300,0,0,0
fixture_generation,graph_sparse,10,9,0,1000,0,0,50
fixture_generation,graph_sparse,10,9,1,800,0,0,50
fixture_generation,graph_sparse,10,9,2,800,0,0,50
fixture_generation,graph_sparse,10,9,3,800,0,0,50
fixture_generation,graph_sparse,10,9,4,800,0,0,50
fixture_generation,graph_sparse,10,9,5,800,0,0,50
fixture_generation,graph_sparse,10,9,6,800,0,0,50
fixture_generation,graph_sparse,10,9,7,800,0,0,50
fixture_generation,graph_sparse,10,9,8,800,0,0,50
fixture_generation,graph_sparse,10,9,9,800,0,0,50
fixture_generation,graph_sparse,10,9,10,800,0,0,50
fixture_generation,graph_sparse,10,9,11,800,0,0,50
fixture_generation,graph_sparse,10,9,12,900,0,0,50
fixture_generation,graph_sparse,10,9,13,800,0,0,50
fixture_generation,graph_sparse,10,9,14,800,0,0,50
fixture_generation,graph_sparse,10,9,15,800,0,0,50
fixture_generation,graph_sparse,10,9,16,800,0,0,50
fixture_generation,graph_sparse,10,9,17,700,0,0,50
fixture_generation,graph_sparse,10,9,18,700,0,0,50
fixture_generation,graph_sparse,10,9,19,800,0,0,50
plan_build,graph_sparse,10,9,0,3500,0,0,12
plan_build,graph_sparse,10,9,1,2600,0,0,12
plan_build,graph_sparse,10,9,2,2600,0,0,12
plan_build,graph_sparse,10,9,3,2300,0,0,12
plan_build,graph_sparse,10,9,4,2400,0,0,12
plan_build,graph_sparse,10,9,5,2400,0,0,12
plan_build,graph_sparse,10,9,6,2400,0,0,12
plan_build,graph_sparse,10,9,7,2400,0,0,12
plan_build,graph_sparse,10,9,8,2500,0,0,12
plan_build,graph_sparse,10,9,9,2400,0,0,12
plan_build,graph_sparse,10,9,10,2300,0,0,12
plan_build,graph_sparse,10,9,11,2400,0,0,12
plan_build,graph_sparse,10,9,12,2300,0,0,12
plan_build,graph_sparse,10,9,13,2400,0,0,12
plan_build,graph_sparse,10,9,14,2400,0,0,12
plan_build,graph_sparse,10,9,15,2300,0,0,12
plan_build,graph_sparse,10,9,16,2300,0,0,12
plan_build,graph_sparse,10,9,17,2300,0,0,12
plan_build,graph_sparse,10,9,18,2300,0,0,12
plan_build,graph_sparse,10,9,19,2200,0,0,12
plan_build_alloc,graph_sparse,10,9,0,0,57,14267,12
engine_execution,graph_sparse,10,9,0,41700,0,0,13
engine_execution,graph_sparse,10,9,1,37000,0,0,12
engine_execution,graph_sparse,10,9,2,32800,0,0,15
engine_execution,graph_sparse,10,9,3,37100,0,0,14
engine_execution,graph_sparse,10,9,4,40500,0,0,9
engine_execution,graph_sparse,10,9,5,41200,0,0,8
engine_execution,graph_sparse,10,9,6,41000,0,0,11
engine_execution,graph_sparse,10,9,7,34900,0,0,10
engine_execution,graph_sparse,10,9,8,32000,0,0,5
engine_execution,graph_sparse,10,9,9,37100,0,0,4
engine_execution,graph_sparse,10,9,10,47000,0,0,7
engine_execution,graph_sparse,10,9,11,40500,0,0,6
engine_execution,graph_sparse,10,9,12,40500,0,0,1
engine_execution,graph_sparse,10,9,13,40500,0,0,0
engine_execution,graph_sparse,10,9,14,35500,0,0,3
engine_execution,graph_sparse,10,9,15,32700,0,0,2
engine_execution,graph_sparse,10,9,16,40100,0,0,29
engine_execution,graph_sparse,10,9,17,42400,0,0,28
engine_execution,graph_sparse,10,9,18,42400,0,0,31
engine_execution,graph_sparse,10,9,19,40700,0,0,30
engine_execution,graph_sparse,10,9,20,41700,0,0,25
engine_execution,graph_sparse,10,9,21,39800,0,0,24
engine_execution,graph_sparse,10,9,22,32400,0,0,27
engine_execution,graph_sparse,10,9,23,32400,0,0,26
engine_execution,graph_sparse,10,9,24,31600,0,0,21
engine_execution,graph_sparse,10,9,25,36400,0,0,20
engine_execution,graph_sparse,10,9,26,40300,0,0,23
engine_execution,graph_sparse,10,9,27,40000,0,0,22
engine_execution,graph_sparse,10,9,28,35800,0,0,17
engine_execution,graph_sparse,10,9,29,31300,0,0,16
engine_execution,graph_sparse,10,9,30,31500,0,0,19
engine_execution,graph_sparse,10,9,31,34100,0,0,18
engine_execution,graph_sparse,10,9,32,38400,0,0,45
engine_execution,graph_sparse,10,9,33,40600,0,0,44
engine_execution,graph_sparse,10,9,34,33800,0,0,47
engine_execution,graph_sparse,10,9,35,30900,0,0,46
engine_execution,graph_sparse,10,9,36,31000,0,0,41
engine_execution,graph_sparse,10,9,37,36500,0,0,40
engine_execution,graph_sparse,10,9,38,34600,0,0,43
engine_execution,graph_sparse,10,9,39,37500,0,0,42
engine_execution_alloc,graph_sparse,10,9,0,0,642,66879,23127
machine_state_setup,graph_sparse,10,9,0,4300,0,0,10
body_state_setup,graph_sparse,10,9,0,400,0,0,0
machine_state_setup,graph_sparse,10,9,1,7600,0,0,10
body_state_setup,graph_sparse,10,9,1,400,0,0,0
machine_state_setup,graph_sparse,10,9,2,5700,0,0,10
body_state_setup,graph_sparse,10,9,2,300,0,0,0
machine_state_setup,graph_sparse,10,9,3,3800,0,0,10
body_state_setup,graph_sparse,10,9,3,500,0,0,0
machine_state_setup,graph_sparse,10,9,4,3600,0,0,10
body_state_setup,graph_sparse,10,9,4,700,0,0,0
machine_state_setup,graph_sparse,10,9,5,3600,0,0,10
body_state_setup,graph_sparse,10,9,5,300,0,0,0
machine_state_setup,graph_sparse,10,9,6,3100,0,0,10
body_state_setup,graph_sparse,10,9,6,400,0,0,0
machine_state_setup,graph_sparse,10,9,7,3800,0,0,10
body_state_setup,graph_sparse,10,9,7,300,0,0,0
machine_state_setup,graph_sparse,10,9,8,3300,0,0,10
body_state_setup,graph_sparse,10,9,8,300,0,0,0
machine_state_setup,graph_sparse,10,9,9,3300,0,0,10
body_state_setup,graph_sparse,10,9,9,300,0,0,0
machine_state_setup,graph_sparse,10,9,10,3200,0,0,10
body_state_setup,graph_sparse,10,9,10,300,0,0,0
machine_state_setup,graph_sparse,10,9,11,3100,0,0,10
body_state_setup,graph_sparse,10,9,11,300,0,0,0
machine_state_setup,graph_sparse,10,9,12,3000,0,0,10
body_state_setup,graph_sparse,10,9,12,300,0,0,0
machine_state_setup,graph_sparse,10,9,13,2900,0,0,10
body_state_setup,graph_sparse,10,9,13,300,0,0,0
machine_state_setup,graph_sparse,10,9,14,3100,0,0,10
body_state_setup,graph_sparse,10,9,14,300,0,0,0
machine_state_setup,graph_sparse,10,9,15,3200,0,0,10
body_state_setup,graph_sparse,10,9,15,300,0,0,0
machine_state_setup,graph_sparse,10,9,16,3200,0,0,10
body_state_setup,graph_sparse,10,9,16,300,0,0,0
machine_state_setup,graph_sparse,10,9,17,3000,0,0,10
body_state_setup,graph_sparse,10,9,17,200,0,0,0
machine_state_setup,graph_sparse,10,9,18,3100,0,0,10
body_state_setup,graph_sparse,10,9,18,300,0,0,0
machine_state_setup,graph_sparse,10,9,19,3300,0,0,10
body_state_setup,graph_sparse,10,9,19,300,0,0,0
machine_state_setup,graph_sparse,10,9,20,3400,0,0,10
body_state_setup,graph_sparse,10,9,20,400,0,0,0
machine_state_setup,graph_sparse,10,9,21,3100,0,0,10
body_state_setup,graph_sparse,10,9,21,300,0,0,0
machine_state_setup,graph_sparse,10,9,22,3100,0,0,10
body_state_setup,graph_sparse,10,9,22,300,0,0,0
machine_state_setup,graph_sparse,10,9,23,3100,0,0,10
body_state_setup,graph_sparse,10,9,23,300,0,0,0
machine_state_setup,graph_sparse,10,9,24,3000,0,0,10
body_state_setup,graph_sparse,10,9,24,300,0,0,0
machine_state_setup,graph_sparse,10,9,25,3000,0,0,10
body_state_setup,graph_sparse,10,9,25,300,0,0,0
machine_state_setup,graph_sparse,10,9,26,3100,0,0,10
body_state_setup,graph_sparse,10,9,26,300,0,0,0
machine_state_setup,graph_sparse,10,9,27,3000,0,0,10
body_state_setup,graph_sparse,10,9,27,300,0,0,0
machine_state_setup,graph_sparse,10,9,28,3100,0,0,10
body_state_setup,graph_sparse,10,9,28,300,0,0,0
machine_state_setup,graph_sparse,10,9,29,3100,0,0,10
body_state_setup,graph_sparse,10,9,29,200,0,0,0
machine_state_setup,graph_sparse,10,9,30,3000,0,0,10
body_state_setup,graph_sparse,10,9,30,300,0,0,0
machine_state_setup,graph_sparse,10,9,31,3100,0,0,10
body_state_setup,graph_sparse,10,9,31,200,0,0,0
machine_state_setup,graph_sparse,10,9,32,3200,0,0,10
body_state_setup,graph_sparse,10,9,32,300,0,0,0
machine_state_setup,graph_sparse,10,9,33,3200,0,0,10
body_state_setup,graph_sparse,10,9,33,300,0,0,0
machine_state_setup,graph_sparse,10,9,34,3000,0,0,10
body_state_setup,graph_sparse,10,9,34,200,0,0,0
machine_state_setup,graph_sparse,10,9,35,3200,0,0,10
body_state_setup,graph_sparse,10,9,35,300,0,0,0
machine_state_setup,graph_sparse,10,9,36,3100,0,0,10
body_state_setup,graph_sparse,10,9,36,300,0,0,0
machine_state_setup,graph_sparse,10,9,37,3000,0,0,10
body_state_setup,graph_sparse,10,9,37,300,0,0,0
machine_state_setup,graph_sparse,10,9,38,3000,0,0,10
body_state_setup,graph_sparse,10,9,38,300,0,0,0
machine_state_setup,graph_sparse,10,9,39,3000,0,0,10
body_state_setup,graph_sparse,10,9,39,400,0,0,0
fixture_generation,graph_chain,100,99,0,7200,0,0,500
fixture_generation,graph_chain,100,99,1,7000,0,0,500
fixture_generation,graph_chain,100,99,2,6900,0,0,500
fixture_generation,graph_chain,100,99,3,6800,0,0,500
fixture_generation,graph_chain,100,99,4,7000,0,0,500
fixture_generation,graph_chain,100,99,5,6900,0,0,500
fixture_generation,graph_chain,100,99,6,6900,0,0,500
fixture_generation,graph_chain,100,99,7,7100,0,0,500
fixture_generation,graph_chain,100,99,8,6900,0,0,500
fixture_generation,graph_chain,100,99,9,6900,0,0,500
fixture_generation,graph_chain,100,99,10,7100,0,0,500
fixture_generation,graph_chain,100,99,11,6900,0,0,500
fixture_generation,graph_chain,100,99,12,6900,0,0,500
fixture_generation,graph_chain,100,99,13,6900,0,0,500
fixture_generation,graph_chain,100,99,14,6800,0,0,500
fixture_generation,graph_chain,100,99,15,6900,0,0,500
fixture_generation,graph_chain,100,99,16,6900,0,0,500
fixture_generation,graph_chain,100,99,17,6900,0,0,500
fixture_generation,graph_chain,100,99,18,7000,0,0,500
fixture_generation,graph_chain,100,99,19,7400,0,0,500
plan_build,graph_chain,100,99,0,52900,0,0,11
plan_build,graph_chain,100,99,1,59600,0,0,11
plan_build,graph_chain,100,99,2,32400,0,0,11
plan_build,graph_chain,100,99,3,59000,0,0,11
plan_build,graph_chain,100,99,4,33100,0,0,11
plan_build,graph_chain,100,99,5,42900,0,0,11
plan_build,graph_chain,100,99,6,39600,0,0,11
plan_build,graph_chain,100,99,7,58900,0,0,11
plan_build,graph_chain,100,99,8,29100,0,0,11
plan_build,graph_chain,100,99,9,25200,0,0,11
plan_build,graph_chain,100,99,10,37600,0,0,11
plan_build,graph_chain,100,99,11,27300,0,0,11
plan_build,graph_chain,100,99,12,28200,0,0,11
plan_build,graph_chain,100,99,13,34600,0,0,11
plan_build,graph_chain,100,99,14,28700,0,0,11
plan_build,graph_chain,100,99,15,25500,0,0,11
plan_build,graph_chain,100,99,16,35300,0,0,11
plan_build,graph_chain,100,99,17,44900,0,0,11
plan_build,graph_chain,100,99,18,26900,0,0,11
plan_build,graph_chain,100,99,19,49900,0,0,11
plan_build_alloc,graph_chain,100,99,0,0,429,126588,11
engine_execution,graph_chain,100,99,0,490200,0,0,1
engine_execution,graph_chain,100,99,1,497800,0,0,0
engine_execution,graph_chain,100,99,2,503300,0,0,3
engine_execution,graph_chain,100,99,3,559800,0,0,2
engine_execution,graph_chain,100,99,4,515900,0,0,5
engine_execution,graph_chain,100,99,5,539300,0,0,4
engine_execution,graph_chain,100,99,6,522500,0,0,7
engine_execution,graph_chain,100,99,7,551100,0,0,6
engine_execution,graph_chain,100,99,8,490100,0,0,9
engine_execution,graph_chain,100,99,9,514500,0,0,8
engine_execution,graph_chain,100,99,10,493600,0,0,11
engine_execution,graph_chain,100,99,11,514500,0,0,10
engine_execution,graph_chain,100,99,12,520700,0,0,13
engine_execution,graph_chain,100,99,13,532700,0,0,12
engine_execution,graph_chain,100,99,14,471200,0,0,15
engine_execution,graph_chain,100,99,15,518300,0,0,14
engine_execution,graph_chain,100,99,16,502800,0,0,17
engine_execution,graph_chain,100,99,17,545900,0,0,16
engine_execution,graph_chain,100,99,18,495800,0,0,19
engine_execution,graph_chain,100,99,19,522300,0,0,18
engine_execution,graph_chain,100,99,20,532600,0,0,21
engine_execution,graph_chain,100,99,21,542500,0,0,20
engine_execution,graph_chain,100,99,22,519000,0,0,23
engine_execution,graph_chain,100,99,23,481200,0,0,22
engine_execution,graph_chain,100,99,24,507000,0,0,25
engine_execution,graph_chain,100,99,25,533700,0,0,24
engine_execution,graph_chain,100,99,26,499000,0,0,27
engine_execution,graph_chain,100,99,27,504000,0,0,26
engine_execution,graph_chain,100,99,28,510900,0,0,29
engine_execution,graph_chain,100,99,29,499700,0,0,28
engine_execution,graph_chain,100,99,30,463600,0,0,31
engine_execution,graph_chain,100,99,31,471100,0,0,30
engine_execution,graph_chain,100,99,32,452000,0,0,33
engine_execution,graph_chain,100,99,33,482800,0,0,32
engine_execution,graph_chain,100,99,34,460500,0,0,35
engine_execution,graph_chain,100,99,35,472600,0,0,34
engine_execution,graph_chain,100,99,36,478900,0,0,37
engine_execution,graph_chain,100,99,37,473300,0,0,36
engine_execution,graph_chain,100,99,38,457000,0,0,39
engine_execution,graph_chain,100,99,39,503300,0,0,38
engine_execution_alloc,graph_chain,100,99,0,0,5983,769191,23131
machine_state_setup,graph_chain,100,99,0,90900,0,0,100
body_state_setup,graph_chain,100,99,0,900,0,0,0
machine_state_setup,graph_chain,100,99,1,60500,0,0,100
body_state_setup,graph_chain,100,99,1,800,0,0,0
machine_state_setup,graph_chain,100,99,2,59500,0,0,100
body_state_setup,graph_chain,100,99,2,600,0,0,0
machine_state_setup,graph_chain,100,99,3,67000,0,0,100
body_state_setup,graph_chain,100,99,3,600,0,0,0
machine_state_setup,graph_chain,100,99,4,62800,0,0,100
body_state_setup,graph_chain,100,99,4,700,0,0,0
machine_state_setup,graph_chain,100,99,5,71100,0,0,100
body_state_setup,graph_chain,100,99,5,600,0,0,0
machine_state_setup,graph_chain,100,99,6,64600,0,0,100
body_state_setup,graph_chain,100,99,6,600,0,0,0
machine_state_setup,graph_chain,100,99,7,61000,0,0,100
body_state_setup,graph_chain,100,99,7,700,0,0,0
machine_state_setup,graph_chain,100,99,8,60500,0,0,100
body_state_setup,graph_chain,100,99,8,600,0,0,0
machine_state_setup,graph_chain,100,99,9,61000,0,0,100
body_state_setup,graph_chain,100,99,9,700,0,0,0
machine_state_setup,graph_chain,100,99,10,62400,0,0,100
body_state_setup,graph_chain,100,99,10,600,0,0,0
machine_state_setup,graph_chain,100,99,11,61200,0,0,100
body_state_setup,graph_chain,100,99,11,500,0,0,0
machine_state_setup,graph_chain,100,99,12,62400,0,0,100
body_state_setup,graph_chain,100,99,12,600,0,0,0
machine_state_setup,graph_chain,100,99,13,59500,0,0,100
body_state_setup,graph_chain,100,99,13,500,0,0,0
machine_state_setup,graph_chain,100,99,14,62300,0,0,100
body_state_setup,graph_chain,100,99,14,500,0,0,0
machine_state_setup,graph_chain,100,99,15,61700,0,0,100
body_state_setup,graph_chain,100,99,15,700,0,0,0
machine_state_setup,graph_chain,100,99,16,64600,0,0,100
body_state_setup,graph_chain,100,99,16,700,0,0,0
machine_state_setup,graph_chain,100,99,17,58700,0,0,100
body_state_setup,graph_chain,100,99,17,600,0,0,0
machine_state_setup,graph_chain,100,99,18,72600,0,0,100
body_state_setup,graph_chain,100,99,18,700,0,0,0
machine_state_setup,graph_chain,100,99,19,66200,0,0,100
body_state_setup,graph_chain,100,99,19,500,0,0,0
machine_state_setup,graph_chain,100,99,20,60900,0,0,100
body_state_setup,graph_chain,100,99,20,600,0,0,0
machine_state_setup,graph_chain,100,99,21,64400,0,0,100
body_state_setup,graph_chain,100,99,21,700,0,0,0
machine_state_setup,graph_chain,100,99,22,63400,0,0,100
body_state_setup,graph_chain,100,99,22,700,0,0,0
machine_state_setup,graph_chain,100,99,23,60900,0,0,100
body_state_setup,graph_chain,100,99,23,600,0,0,0
machine_state_setup,graph_chain,100,99,24,63200,0,0,100
body_state_setup,graph_chain,100,99,24,600,0,0,0
machine_state_setup,graph_chain,100,99,25,62600,0,0,100
body_state_setup,graph_chain,100,99,25,700,0,0,0
machine_state_setup,graph_chain,100,99,26,62600,0,0,100
body_state_setup,graph_chain,100,99,26,500,0,0,0
machine_state_setup,graph_chain,100,99,27,60400,0,0,100
body_state_setup,graph_chain,100,99,27,700,0,0,0
machine_state_setup,graph_chain,100,99,28,62500,0,0,100
body_state_setup,graph_chain,100,99,28,600,0,0,0
machine_state_setup,graph_chain,100,99,29,60700,0,0,100
body_state_setup,graph_chain,100,99,29,500,0,0,0
machine_state_setup,graph_chain,100,99,30,61900,0,0,100
body_state_setup,graph_chain,100,99,30,600,0,0,0
machine_state_setup,graph_chain,100,99,31,63000,0,0,100
body_state_setup,graph_chain,100,99,31,600,0,0,0
machine_state_setup,graph_chain,100,99,32,60100,0,0,100
body_state_setup,graph_chain,100,99,32,600,0,0,0
machine_state_setup,graph_chain,100,99,33,70700,0,0,100
body_state_setup,graph_chain,100,99,33,500,0,0,0
machine_state_setup,graph_chain,100,99,34,68600,0,0,100
body_state_setup,graph_chain,100,99,34,600,0,0,0
machine_state_setup,graph_chain,100,99,35,67100,0,0,100
body_state_setup,graph_chain,100,99,35,600,0,0,0
machine_state_setup,graph_chain,100,99,36,68400,0,0,100
body_state_setup,graph_chain,100,99,36,700,0,0,0
machine_state_setup,graph_chain,100,99,37,60000,0,0,100
body_state_setup,graph_chain,100,99,37,500,0,0,0
machine_state_setup,graph_chain,100,99,38,60400,0,0,100
body_state_setup,graph_chain,100,99,38,600,0,0,0
machine_state_setup,graph_chain,100,99,39,69000,0,0,100
body_state_setup,graph_chain,100,99,39,500,0,0,0
pure_machine_events_preseeded,graph_chain,100,99,0,125300,0,0,101
pure_machine_events_preseeded,graph_chain,100,99,1,120900,0,0,101
pure_machine_events_preseeded,graph_chain,100,99,2,120300,0,0,101
pure_machine_events_preseeded,graph_chain,100,99,3,119900,0,0,101
pure_machine_events_preseeded,graph_chain,100,99,4,119400,0,0,101
pure_machine_events_preseeded,graph_chain,100,99,5,120100,0,0,101
pure_machine_events_preseeded,graph_chain,100,99,6,122100,0,0,101
pure_machine_events_preseeded,graph_chain,100,99,7,119700,0,0,101
pure_machine_events_preseeded,graph_chain,100,99,8,122600,0,0,101
pure_machine_events_preseeded,graph_chain,100,99,9,118800,0,0,101
pure_machine_events_preseeded,graph_chain,100,99,10,119200,0,0,101
pure_machine_events_preseeded,graph_chain,100,99,11,118700,0,0,101
pure_machine_events_preseeded,graph_chain,100,99,12,120300,0,0,101
pure_machine_events_preseeded,graph_chain,100,99,13,119300,0,0,101
pure_machine_events_preseeded,graph_chain,100,99,14,123400,0,0,101
pure_machine_events_preseeded,graph_chain,100,99,15,118800,0,0,101
pure_machine_events_preseeded,graph_chain,100,99,16,119300,0,0,101
pure_machine_events_preseeded,graph_chain,100,99,17,118700,0,0,101
pure_machine_events_preseeded,graph_chain,100,99,18,121300,0,0,101
pure_machine_events_preseeded,graph_chain,100,99,19,119300,0,0,101
pure_machine_events_preseeded,graph_chain,100,99,20,129200,0,0,101
pure_machine_events_preseeded,graph_chain,100,99,21,121900,0,0,101
pure_machine_events_preseeded,graph_chain,100,99,22,122200,0,0,101
pure_machine_events_preseeded,graph_chain,100,99,23,120700,0,0,101
pure_machine_events_preseeded,graph_chain,100,99,24,122200,0,0,101
pure_machine_events_preseeded,graph_chain,100,99,25,123600,0,0,101
pure_machine_events_preseeded,graph_chain,100,99,26,120200,0,0,101
pure_machine_events_preseeded,graph_chain,100,99,27,121200,0,0,101
pure_machine_events_preseeded,graph_chain,100,99,28,123200,0,0,101
pure_machine_events_preseeded,graph_chain,100,99,29,120300,0,0,101
pure_machine_events_preseeded,graph_chain,100,99,30,121700,0,0,101
pure_machine_events_preseeded,graph_chain,100,99,31,124600,0,0,101
pure_machine_events_preseeded,graph_chain,100,99,32,117600,0,0,101
pure_machine_events_preseeded,graph_chain,100,99,33,120200,0,0,101
pure_machine_events_preseeded,graph_chain,100,99,34,118200,0,0,101
pure_machine_events_preseeded,graph_chain,100,99,35,118500,0,0,101
pure_machine_events_preseeded,graph_chain,100,99,36,121700,0,0,101
pure_machine_events_preseeded,graph_chain,100,99,37,121400,0,0,101
pure_machine_events_preseeded,graph_chain,100,99,38,118100,0,0,101
pure_machine_events_preseeded,graph_chain,100,99,39,118500,0,0,101
fixture_generation,graph_wide,100,99,0,7100,0,0,500
fixture_generation,graph_wide,100,99,1,7000,0,0,500
fixture_generation,graph_wide,100,99,2,6900,0,0,500
fixture_generation,graph_wide,100,99,3,7000,0,0,500
fixture_generation,graph_wide,100,99,4,7000,0,0,500
fixture_generation,graph_wide,100,99,5,6900,0,0,500
fixture_generation,graph_wide,100,99,6,6900,0,0,500
fixture_generation,graph_wide,100,99,7,6900,0,0,500
fixture_generation,graph_wide,100,99,8,6900,0,0,500
fixture_generation,graph_wide,100,99,9,6900,0,0,500
fixture_generation,graph_wide,100,99,10,6900,0,0,500
fixture_generation,graph_wide,100,99,11,6800,0,0,500
fixture_generation,graph_wide,100,99,12,6900,0,0,500
fixture_generation,graph_wide,100,99,13,6900,0,0,500
fixture_generation,graph_wide,100,99,14,6900,0,0,500
fixture_generation,graph_wide,100,99,15,6800,0,0,500
fixture_generation,graph_wide,100,99,16,6800,0,0,500
fixture_generation,graph_wide,100,99,17,6900,0,0,500
fixture_generation,graph_wide,100,99,18,6800,0,0,500
fixture_generation,graph_wide,100,99,19,6800,0,0,500
plan_build,graph_wide,100,99,0,55300,0,0,10
plan_build,graph_wide,100,99,1,27200,0,0,10
plan_build,graph_wide,100,99,2,25600,0,0,10
plan_build,graph_wide,100,99,3,25100,0,0,10
plan_build,graph_wide,100,99,4,32900,0,0,10
plan_build,graph_wide,100,99,5,56500,0,0,10
plan_build,graph_wide,100,99,6,25200,0,0,10
plan_build,graph_wide,100,99,7,25600,0,0,10
plan_build,graph_wide,100,99,8,25100,0,0,10
plan_build,graph_wide,100,99,9,24700,0,0,10
plan_build,graph_wide,100,99,10,38300,0,0,10
plan_build,graph_wide,100,99,11,62100,0,0,10
plan_build,graph_wide,100,99,12,25100,0,0,10
plan_build,graph_wide,100,99,13,24900,0,0,10
plan_build,graph_wide,100,99,14,24500,0,0,10
plan_build,graph_wide,100,99,15,24200,0,0,10
plan_build,graph_wide,100,99,16,30700,0,0,10
plan_build,graph_wide,100,99,17,58800,0,0,10
plan_build,graph_wide,100,99,18,24700,0,0,10
plan_build,graph_wide,100,99,19,24700,0,0,10
plan_build_alloc,graph_wide,100,99,0,0,429,126587,10
engine_execution,graph_wide,100,99,0,455800,0,0,98
engine_execution,graph_wide,100,99,1,434400,0,0,99
engine_execution,graph_wide,100,99,2,436200,0,0,96
engine_execution,graph_wide,100,99,3,455200,0,0,97
engine_execution,graph_wide,100,99,4,421600,0,0,102
engine_execution,graph_wide,100,99,5,517100,0,0,103
engine_execution,graph_wide,100,99,6,459000,0,0,100
engine_execution,graph_wide,100,99,7,480100,0,0,101
engine_execution,graph_wide,100,99,8,451000,0,0,106
engine_execution,graph_wide,100,99,9,460200,0,0,107
engine_execution,graph_wide,100,99,10,442200,0,0,104
engine_execution,graph_wide,100,99,11,443200,0,0,105
engine_execution,graph_wide,100,99,12,405400,0,0,110
engine_execution,graph_wide,100,99,13,415700,0,0,111
engine_execution,graph_wide,100,99,14,422100,0,0,108
engine_execution,graph_wide,100,99,15,425200,0,0,109
engine_execution,graph_wide,100,99,16,393700,0,0,114
engine_execution,graph_wide,100,99,17,404900,0,0,115
engine_execution,graph_wide,100,99,18,419500,0,0,112
engine_execution,graph_wide,100,99,19,418400,0,0,113
engine_execution,graph_wide,100,99,20,413600,0,0,118
engine_execution,graph_wide,100,99,21,401800,0,0,119
engine_execution,graph_wide,100,99,22,413900,0,0,116
engine_execution,graph_wide,100,99,23,446400,0,0,117
engine_execution,graph_wide,100,99,24,411700,0,0,122
engine_execution,graph_wide,100,99,25,406000,0,0,123
engine_execution,graph_wide,100,99,26,400100,0,0,120
engine_execution,graph_wide,100,99,27,404700,0,0,121
engine_execution,graph_wide,100,99,28,402600,0,0,126
engine_execution,graph_wide,100,99,29,421800,0,0,127
engine_execution,graph_wide,100,99,30,417400,0,0,124
engine_execution,graph_wide,100,99,31,406900,0,0,125
engine_execution,graph_wide,100,99,32,404100,0,0,66
engine_execution,graph_wide,100,99,33,412500,0,0,67
engine_execution,graph_wide,100,99,34,420500,0,0,64
engine_execution,graph_wide,100,99,35,402100,0,0,65
engine_execution,graph_wide,100,99,36,395400,0,0,70
engine_execution,graph_wide,100,99,37,414100,0,0,71
engine_execution,graph_wide,100,99,38,403200,0,0,68
engine_execution,graph_wide,100,99,39,406000,0,0,69
engine_execution_alloc,graph_wide,100,99,0,0,5618,723269,23096
machine_state_setup,graph_wide,100,99,0,79700,0,0,100
body_state_setup,graph_wide,100,99,0,900,0,0,0
machine_state_setup,graph_wide,100,99,1,61200,0,0,100
body_state_setup,graph_wide,100,99,1,700,0,0,0
machine_state_setup,graph_wide,100,99,2,55700,0,0,100
body_state_setup,graph_wide,100,99,2,600,0,0,0
machine_state_setup,graph_wide,100,99,3,54100,0,0,100
body_state_setup,graph_wide,100,99,3,800,0,0,0
machine_state_setup,graph_wide,100,99,4,53500,0,0,100
body_state_setup,graph_wide,100,99,4,700,0,0,0
machine_state_setup,graph_wide,100,99,5,56100,0,0,100
body_state_setup,graph_wide,100,99,5,500,0,0,0
machine_state_setup,graph_wide,100,99,6,54100,0,0,100
body_state_setup,graph_wide,100,99,6,700,0,0,0
machine_state_setup,graph_wide,100,99,7,54300,0,0,100
body_state_setup,graph_wide,100,99,7,700,0,0,0
machine_state_setup,graph_wide,100,99,8,54200,0,0,100
body_state_setup,graph_wide,100,99,8,700,0,0,0
machine_state_setup,graph_wide,100,99,9,53700,0,0,100
body_state_setup,graph_wide,100,99,9,700,0,0,0
machine_state_setup,graph_wide,100,99,10,52800,0,0,100
body_state_setup,graph_wide,100,99,10,600,0,0,0
machine_state_setup,graph_wide,100,99,11,59100,0,0,100
body_state_setup,graph_wide,100,99,11,600,0,0,0
machine_state_setup,graph_wide,100,99,12,53300,0,0,100
body_state_setup,graph_wide,100,99,12,700,0,0,0
machine_state_setup,graph_wide,100,99,13,54500,0,0,100
body_state_setup,graph_wide,100,99,13,600,0,0,0
machine_state_setup,graph_wide,100,99,14,54600,0,0,100
body_state_setup,graph_wide,100,99,14,500,0,0,0
machine_state_setup,graph_wide,100,99,15,54000,0,0,100
body_state_setup,graph_wide,100,99,15,800,0,0,0
machine_state_setup,graph_wide,100,99,16,53800,0,0,100
body_state_setup,graph_wide,100,99,16,700,0,0,0
machine_state_setup,graph_wide,100,99,17,53600,0,0,100
body_state_setup,graph_wide,100,99,17,600,0,0,0
machine_state_setup,graph_wide,100,99,18,54500,0,0,100
body_state_setup,graph_wide,100,99,18,700,0,0,0
machine_state_setup,graph_wide,100,99,19,55300,0,0,100
body_state_setup,graph_wide,100,99,19,600,0,0,0
machine_state_setup,graph_wide,100,99,20,53700,0,0,100
body_state_setup,graph_wide,100,99,20,700,0,0,0
machine_state_setup,graph_wide,100,99,21,54800,0,0,100
body_state_setup,graph_wide,100,99,21,700,0,0,0
machine_state_setup,graph_wide,100,99,22,53300,0,0,100
body_state_setup,graph_wide,100,99,22,500,0,0,0
machine_state_setup,graph_wide,100,99,23,53900,0,0,100
body_state_setup,graph_wide,100,99,23,600,0,0,0
machine_state_setup,graph_wide,100,99,24,53800,0,0,100
body_state_setup,graph_wide,100,99,24,800,0,0,0
machine_state_setup,graph_wide,100,99,25,53400,0,0,100
body_state_setup,graph_wide,100,99,25,500,0,0,0
machine_state_setup,graph_wide,100,99,26,57500,0,0,100
body_state_setup,graph_wide,100,99,26,500,0,0,0
machine_state_setup,graph_wide,100,99,27,55500,0,0,100
body_state_setup,graph_wide,100,99,27,700,0,0,0
machine_state_setup,graph_wide,100,99,28,53000,0,0,100
body_state_setup,graph_wide,100,99,28,700,0,0,0
machine_state_setup,graph_wide,100,99,29,56700,0,0,100
body_state_setup,graph_wide,100,99,29,600,0,0,0
machine_state_setup,graph_wide,100,99,30,54100,0,0,100
body_state_setup,graph_wide,100,99,30,700,0,0,0
machine_state_setup,graph_wide,100,99,31,53800,0,0,100
body_state_setup,graph_wide,100,99,31,600,0,0,0
machine_state_setup,graph_wide,100,99,32,54100,0,0,100
body_state_setup,graph_wide,100,99,32,600,0,0,0
machine_state_setup,graph_wide,100,99,33,55000,0,0,100
body_state_setup,graph_wide,100,99,33,700,0,0,0
machine_state_setup,graph_wide,100,99,34,54000,0,0,100
body_state_setup,graph_wide,100,99,34,600,0,0,0
machine_state_setup,graph_wide,100,99,35,54600,0,0,100
body_state_setup,graph_wide,100,99,35,600,0,0,0
machine_state_setup,graph_wide,100,99,36,53500,0,0,100
body_state_setup,graph_wide,100,99,36,800,0,0,0
machine_state_setup,graph_wide,100,99,37,54200,0,0,100
body_state_setup,graph_wide,100,99,37,600,0,0,0
machine_state_setup,graph_wide,100,99,38,54600,0,0,100
body_state_setup,graph_wide,100,99,38,600,0,0,0
machine_state_setup,graph_wide,100,99,39,60900,0,0,100
body_state_setup,graph_wide,100,99,39,700,0,0,0
fixture_generation,graph_sparse,100,99,0,7000,0,0,500
fixture_generation,graph_sparse,100,99,1,6900,0,0,500
fixture_generation,graph_sparse,100,99,2,6800,0,0,500
fixture_generation,graph_sparse,100,99,3,6800,0,0,500
fixture_generation,graph_sparse,100,99,4,7100,0,0,500
fixture_generation,graph_sparse,100,99,5,7100,0,0,500
fixture_generation,graph_sparse,100,99,6,6800,0,0,500
fixture_generation,graph_sparse,100,99,7,6800,0,0,500
fixture_generation,graph_sparse,100,99,8,6800,0,0,500
fixture_generation,graph_sparse,100,99,9,6900,0,0,500
fixture_generation,graph_sparse,100,99,10,6900,0,0,500
fixture_generation,graph_sparse,100,99,11,6900,0,0,500
fixture_generation,graph_sparse,100,99,12,6800,0,0,500
fixture_generation,graph_sparse,100,99,13,6900,0,0,500
fixture_generation,graph_sparse,100,99,14,6900,0,0,500
fixture_generation,graph_sparse,100,99,15,6900,0,0,500
fixture_generation,graph_sparse,100,99,16,7000,0,0,500
fixture_generation,graph_sparse,100,99,17,6800,0,0,500
fixture_generation,graph_sparse,100,99,18,6800,0,0,500
fixture_generation,graph_sparse,100,99,19,6800,0,0,500
plan_build,graph_sparse,100,99,0,41800,0,0,12
plan_build,graph_sparse,100,99,1,27300,0,0,12
plan_build,graph_sparse,100,99,2,25500,0,0,12
plan_build,graph_sparse,100,99,3,24200,0,0,12
plan_build,graph_sparse,100,99,4,24800,0,0,12
plan_build,graph_sparse,100,99,5,25000,0,0,12
plan_build,graph_sparse,100,99,6,25300,0,0,12
plan_build,graph_sparse,100,99,7,24600,0,0,12
plan_build,graph_sparse,100,99,8,30500,0,0,12
plan_build,graph_sparse,100,99,9,26000,0,0,12
plan_build,graph_sparse,100,99,10,24600,0,0,12
plan_build,graph_sparse,100,99,11,24500,0,0,12
plan_build,graph_sparse,100,99,12,24400,0,0,12
plan_build,graph_sparse,100,99,13,24400,0,0,12
plan_build,graph_sparse,100,99,14,24700,0,0,12
plan_build,graph_sparse,100,99,15,24400,0,0,12
plan_build,graph_sparse,100,99,16,24500,0,0,12
plan_build,graph_sparse,100,99,17,24300,0,0,12
plan_build,graph_sparse,100,99,18,24400,0,0,12
plan_build,graph_sparse,100,99,19,24800,0,0,12
plan_build_alloc,graph_sparse,100,99,0,0,429,126589,12
engine_execution,graph_sparse,100,99,0,454800,0,0,71
engine_execution,graph_sparse,100,99,1,519500,0,0,70
engine_execution,graph_sparse,100,99,2,450900,0,0,69
engine_execution,graph_sparse,100,99,3,489600,0,0,68
engine_execution,graph_sparse,100,99,4,492400,0,0,67
engine_execution,graph_sparse,100,99,5,513000,0,0,66
engine_execution,graph_sparse,100,99,6,492200,0,0,65
engine_execution,graph_sparse,100,99,7,473800,0,0,64
engine_execution,graph_sparse,100,99,8,486800,0,0,79
engine_execution,graph_sparse,100,99,9,523800,0,0,78
engine_execution,graph_sparse,100,99,10,469700,0,0,77
engine_execution,graph_sparse,100,99,11,483300,0,0,76
engine_execution,graph_sparse,100,99,12,440200,0,0,75
engine_execution,graph_sparse,100,99,13,471600,0,0,74
engine_execution,graph_sparse,100,99,14,446200,0,0,73
engine_execution,graph_sparse,100,99,15,452100,0,0,72
engine_execution,graph_sparse,100,99,16,439900,0,0,87
engine_execution,graph_sparse,100,99,17,447900,0,0,86
engine_execution,graph_sparse,100,99,18,492000,0,0,85
engine_execution,graph_sparse,100,99,19,457900,0,0,84
engine_execution,graph_sparse,100,99,20,457300,0,0,83
engine_execution,graph_sparse,100,99,21,458500,0,0,82
engine_execution,graph_sparse,100,99,22,444100,0,0,81
engine_execution,graph_sparse,100,99,23,455500,0,0,80
engine_execution,graph_sparse,100,99,24,438400,0,0,95
engine_execution,graph_sparse,100,99,25,458000,0,0,94
engine_execution,graph_sparse,100,99,26,453800,0,0,93
engine_execution,graph_sparse,100,99,27,464200,0,0,92
engine_execution,graph_sparse,100,99,28,414900,0,0,91
engine_execution,graph_sparse,100,99,29,457200,0,0,90
engine_execution,graph_sparse,100,99,30,443100,0,0,89
engine_execution,graph_sparse,100,99,31,455200,0,0,88
engine_execution,graph_sparse,100,99,32,445100,0,0,103
engine_execution,graph_sparse,100,99,33,448600,0,0,102
engine_execution,graph_sparse,100,99,34,425500,0,0,101
engine_execution,graph_sparse,100,99,35,498300,0,0,100
engine_execution,graph_sparse,100,99,36,449000,0,0,99
engine_execution,graph_sparse,100,99,37,476800,0,0,98
engine_execution,graph_sparse,100,99,38,464000,0,0,97
engine_execution,graph_sparse,100,99,39,489400,0,0,96
engine_execution_alloc,graph_sparse,100,99,0,0,5838,748777,23069
machine_state_setup,graph_sparse,100,99,0,104100,0,0,100
body_state_setup,graph_sparse,100,99,0,2100,0,0,0
machine_state_setup,graph_sparse,100,99,1,81400,0,0,100
body_state_setup,graph_sparse,100,99,1,700,0,0,0
machine_state_setup,graph_sparse,100,99,2,69300,0,0,100
body_state_setup,graph_sparse,100,99,2,600,0,0,0
machine_state_setup,graph_sparse,100,99,3,68500,0,0,100
body_state_setup,graph_sparse,100,99,3,800,0,0,0
machine_state_setup,graph_sparse,100,99,4,76000,0,0,100
body_state_setup,graph_sparse,100,99,4,700,0,0,0
machine_state_setup,graph_sparse,100,99,5,66900,0,0,100
body_state_setup,graph_sparse,100,99,5,600,0,0,0
machine_state_setup,graph_sparse,100,99,6,77700,0,0,100
body_state_setup,graph_sparse,100,99,6,800,0,0,0
machine_state_setup,graph_sparse,100,99,7,72900,0,0,100
body_state_setup,graph_sparse,100,99,7,700,0,0,0
machine_state_setup,graph_sparse,100,99,8,72500,0,0,100
body_state_setup,graph_sparse,100,99,8,700,0,0,0
machine_state_setup,graph_sparse,100,99,9,72300,0,0,100
body_state_setup,graph_sparse,100,99,9,1000,0,0,0
machine_state_setup,graph_sparse,100,99,10,67700,0,0,100
body_state_setup,graph_sparse,100,99,10,900,0,0,0
machine_state_setup,graph_sparse,100,99,11,66400,0,0,100
body_state_setup,graph_sparse,100,99,11,1000,0,0,0
machine_state_setup,graph_sparse,100,99,12,66900,0,0,100
body_state_setup,graph_sparse,100,99,12,600,0,0,0
machine_state_setup,graph_sparse,100,99,13,67000,0,0,100
body_state_setup,graph_sparse,100,99,13,600,0,0,0
machine_state_setup,graph_sparse,100,99,14,68800,0,0,100
body_state_setup,graph_sparse,100,99,14,700,0,0,0
machine_state_setup,graph_sparse,100,99,15,76400,0,0,100
body_state_setup,graph_sparse,100,99,15,500,0,0,0
machine_state_setup,graph_sparse,100,99,16,72500,0,0,100
body_state_setup,graph_sparse,100,99,16,600,0,0,0
machine_state_setup,graph_sparse,100,99,17,67200,0,0,100
body_state_setup,graph_sparse,100,99,17,800,0,0,0
machine_state_setup,graph_sparse,100,99,18,64600,0,0,100
body_state_setup,graph_sparse,100,99,18,500,0,0,0
machine_state_setup,graph_sparse,100,99,19,62800,0,0,100
body_state_setup,graph_sparse,100,99,19,500,0,0,0
machine_state_setup,graph_sparse,100,99,20,66000,0,0,100
body_state_setup,graph_sparse,100,99,20,700,0,0,0
machine_state_setup,graph_sparse,100,99,21,75200,0,0,100
body_state_setup,graph_sparse,100,99,21,600,0,0,0
machine_state_setup,graph_sparse,100,99,22,69600,0,0,100
body_state_setup,graph_sparse,100,99,22,500,0,0,0
machine_state_setup,graph_sparse,100,99,23,63700,0,0,100
body_state_setup,graph_sparse,100,99,23,800,0,0,0
machine_state_setup,graph_sparse,100,99,24,63800,0,0,100
body_state_setup,graph_sparse,100,99,24,600,0,0,0
machine_state_setup,graph_sparse,100,99,25,70300,0,0,100
body_state_setup,graph_sparse,100,99,25,700,0,0,0
machine_state_setup,graph_sparse,100,99,26,82100,0,0,100
body_state_setup,graph_sparse,100,99,26,700,0,0,0
machine_state_setup,graph_sparse,100,99,27,99300,0,0,100
body_state_setup,graph_sparse,100,99,27,600,0,0,0
machine_state_setup,graph_sparse,100,99,28,65500,0,0,100
body_state_setup,graph_sparse,100,99,28,500,0,0,0
machine_state_setup,graph_sparse,100,99,29,67400,0,0,100
body_state_setup,graph_sparse,100,99,29,700,0,0,0
machine_state_setup,graph_sparse,100,99,30,63200,0,0,100
body_state_setup,graph_sparse,100,99,30,600,0,0,0
machine_state_setup,graph_sparse,100,99,31,78800,0,0,100
body_state_setup,graph_sparse,100,99,31,500,0,0,0
machine_state_setup,graph_sparse,100,99,32,79700,0,0,100
body_state_setup,graph_sparse,100,99,32,700,0,0,0
machine_state_setup,graph_sparse,100,99,33,76200,0,0,100
body_state_setup,graph_sparse,100,99,33,600,0,0,0
machine_state_setup,graph_sparse,100,99,34,73400,0,0,100
body_state_setup,graph_sparse,100,99,34,500,0,0,0
machine_state_setup,graph_sparse,100,99,35,74300,0,0,100
body_state_setup,graph_sparse,100,99,35,700,0,0,0
machine_state_setup,graph_sparse,100,99,36,66600,0,0,100
body_state_setup,graph_sparse,100,99,36,600,0,0,0
machine_state_setup,graph_sparse,100,99,37,69800,0,0,100
body_state_setup,graph_sparse,100,99,37,600,0,0,0
machine_state_setup,graph_sparse,100,99,38,83800,0,0,100
body_state_setup,graph_sparse,100,99,38,700,0,0,0
machine_state_setup,graph_sparse,100,99,39,75300,0,0,100
body_state_setup,graph_sparse,100,99,39,500,0,0,0
fixture_generation,graph_chain,1000,999,0,68300,0,0,5000
fixture_generation,graph_chain,1000,999,1,77500,0,0,5000
fixture_generation,graph_chain,1000,999,2,67200,0,0,5000
fixture_generation,graph_chain,1000,999,3,67900,0,0,5000
fixture_generation,graph_chain,1000,999,4,67700,0,0,5000
fixture_generation,graph_chain,1000,999,5,68300,0,0,5000
fixture_generation,graph_chain,1000,999,6,67300,0,0,5000
fixture_generation,graph_chain,1000,999,7,68300,0,0,5000
fixture_generation,graph_chain,1000,999,8,69600,0,0,5000
fixture_generation,graph_chain,1000,999,9,68400,0,0,5000
fixture_generation,graph_chain,1000,999,10,67000,0,0,5000
fixture_generation,graph_chain,1000,999,11,67500,0,0,5000
fixture_generation,graph_chain,1000,999,12,67000,0,0,5000
fixture_generation,graph_chain,1000,999,13,68200,0,0,5000
fixture_generation,graph_chain,1000,999,14,67000,0,0,5000
fixture_generation,graph_chain,1000,999,15,68200,0,0,5000
fixture_generation,graph_chain,1000,999,16,71000,0,0,5000
fixture_generation,graph_chain,1000,999,17,68000,0,0,5000
fixture_generation,graph_chain,1000,999,18,67100,0,0,5000
fixture_generation,graph_chain,1000,999,19,67900,0,0,5000
plan_build,graph_chain,1000,999,0,1182600,0,0,11
plan_build,graph_chain,1000,999,1,1176200,0,0,11
plan_build,graph_chain,1000,999,2,1056300,0,0,11
plan_build,graph_chain,1000,999,3,1146200,0,0,11
plan_build,graph_chain,1000,999,4,1054600,0,0,11
plan_build,graph_chain,1000,999,5,1020800,0,0,11
plan_build,graph_chain,1000,999,6,1030800,0,0,11
plan_build,graph_chain,1000,999,7,1049300,0,0,11
plan_build,graph_chain,1000,999,8,1040700,0,0,11
plan_build,graph_chain,1000,999,9,1008100,0,0,11
plan_build,graph_chain,1000,999,10,987500,0,0,11
plan_build,graph_chain,1000,999,11,928000,0,0,11
plan_build,graph_chain,1000,999,12,934300,0,0,11
plan_build,graph_chain,1000,999,13,773100,0,0,11
plan_build,graph_chain,1000,999,14,815100,0,0,11
plan_build,graph_chain,1000,999,15,769200,0,0,11
plan_build,graph_chain,1000,999,16,1022500,0,0,11
plan_build,graph_chain,1000,999,17,787200,0,0,11
plan_build,graph_chain,1000,999,18,1015700,0,0,11
plan_build,graph_chain,1000,999,19,774000,0,0,11
plan_build_alloc,graph_chain,1000,999,0,0,4041,1049104,11
engine_execution,graph_chain,1000,999,0,13029700,0,0,1
engine_execution,graph_chain,1000,999,1,13036600,0,0,0
engine_execution,graph_chain,1000,999,2,13310700,0,0,3
engine_execution,graph_chain,1000,999,3,12829600,0,0,2
engine_execution,graph_chain,1000,999,4,12956000,0,0,5
engine_execution,graph_chain,1000,999,5,12950700,0,0,4
engine_execution,graph_chain,1000,999,6,13016900,0,0,7
engine_execution,graph_chain,1000,999,7,12961700,0,0,6
engine_execution,graph_chain,1000,999,8,13058400,0,0,9
engine_execution,graph_chain,1000,999,9,12798800,0,0,8
engine_execution,graph_chain,1000,999,10,12965200,0,0,11
engine_execution,graph_chain,1000,999,11,12957500,0,0,10
engine_execution,graph_chain,1000,999,12,13515300,0,0,13
engine_execution,graph_chain,1000,999,13,12938400,0,0,12
engine_execution,graph_chain,1000,999,14,12980500,0,0,15
engine_execution,graph_chain,1000,999,15,12863500,0,0,14
engine_execution,graph_chain,1000,999,16,12819500,0,0,17
engine_execution,graph_chain,1000,999,17,12725800,0,0,16
engine_execution,graph_chain,1000,999,18,12889900,0,0,19
engine_execution,graph_chain,1000,999,19,12869600,0,0,18
engine_execution,graph_chain,1000,999,20,13276300,0,0,21
engine_execution,graph_chain,1000,999,21,13237400,0,0,20
engine_execution,graph_chain,1000,999,22,12991800,0,0,23
engine_execution,graph_chain,1000,999,23,12763600,0,0,22
engine_execution,graph_chain,1000,999,24,13602600,0,0,25
engine_execution,graph_chain,1000,999,25,12865400,0,0,24
engine_execution,graph_chain,1000,999,26,12839800,0,0,27
engine_execution,graph_chain,1000,999,27,12923300,0,0,26
engine_execution,graph_chain,1000,999,28,13175800,0,0,29
engine_execution,graph_chain,1000,999,29,13278500,0,0,28
engine_execution,graph_chain,1000,999,30,12787100,0,0,31
engine_execution,graph_chain,1000,999,31,12837900,0,0,30
engine_execution,graph_chain,1000,999,32,13000100,0,0,33
engine_execution,graph_chain,1000,999,33,13005700,0,0,32
engine_execution,graph_chain,1000,999,34,13046700,0,0,35
engine_execution,graph_chain,1000,999,35,13006500,0,0,34
engine_execution,graph_chain,1000,999,36,12844900,0,0,37
engine_execution,graph_chain,1000,999,37,12883200,0,0,36
engine_execution,graph_chain,1000,999,38,13190000,0,0,39
engine_execution,graph_chain,1000,999,39,12871700,0,0,38
engine_execution_alloc,graph_chain,1000,999,0,0,59102,28976427,23131
machine_state_setup,graph_chain,1000,999,0,708400,0,0,1000
body_state_setup,graph_chain,1000,999,0,6800,0,0,0
machine_state_setup,graph_chain,1000,999,1,618200,0,0,1000
body_state_setup,graph_chain,1000,999,1,6300,0,0,0
machine_state_setup,graph_chain,1000,999,2,717000,0,0,1000
body_state_setup,graph_chain,1000,999,2,1900,0,0,0
machine_state_setup,graph_chain,1000,999,3,307900,0,0,1000
body_state_setup,graph_chain,1000,999,3,1800,0,0,0
machine_state_setup,graph_chain,1000,999,4,292500,0,0,1000
body_state_setup,graph_chain,1000,999,4,3800,0,0,0
machine_state_setup,graph_chain,1000,999,5,722600,0,0,1000
body_state_setup,graph_chain,1000,999,5,7200,0,0,0
machine_state_setup,graph_chain,1000,999,6,377000,0,0,1000
body_state_setup,graph_chain,1000,999,6,7000,0,0,0
machine_state_setup,graph_chain,1000,999,7,680100,0,0,1000
body_state_setup,graph_chain,1000,999,7,6600,0,0,0
machine_state_setup,graph_chain,1000,999,8,700100,0,0,1000
body_state_setup,graph_chain,1000,999,8,6100,0,0,0
machine_state_setup,graph_chain,1000,999,9,665400,0,0,1000
body_state_setup,graph_chain,1000,999,9,6300,0,0,0
machine_state_setup,graph_chain,1000,999,10,606300,0,0,1000
body_state_setup,graph_chain,1000,999,10,1900,0,0,0
machine_state_setup,graph_chain,1000,999,11,713400,0,0,1000
body_state_setup,graph_chain,1000,999,11,2000,0,0,0
machine_state_setup,graph_chain,1000,999,12,315600,0,0,1000
body_state_setup,graph_chain,1000,999,12,1700,0,0,0
machine_state_setup,graph_chain,1000,999,13,336300,0,0,1000
body_state_setup,graph_chain,1000,999,13,10500,0,0,0
machine_state_setup,graph_chain,1000,999,14,667000,0,0,1000
body_state_setup,graph_chain,1000,999,14,6400,0,0,0
machine_state_setup,graph_chain,1000,999,15,689800,0,0,1000
body_state_setup,graph_chain,1000,999,15,6200,0,0,0
machine_state_setup,graph_chain,1000,999,16,621500,0,0,1000
body_state_setup,graph_chain,1000,999,16,23500,0,0,0
machine_state_setup,graph_chain,1000,999,17,730600,0,0,1000
body_state_setup,graph_chain,1000,999,17,2000,0,0,0
machine_state_setup,graph_chain,1000,999,18,304800,0,0,1000
body_state_setup,graph_chain,1000,999,18,1800,0,0,0
machine_state_setup,graph_chain,1000,999,19,339100,0,0,1000
body_state_setup,graph_chain,1000,999,19,8100,0,0,0
machine_state_setup,graph_chain,1000,999,20,602200,0,0,1000
body_state_setup,graph_chain,1000,999,20,1800,0,0,0
machine_state_setup,graph_chain,1000,999,21,372100,0,0,1000
body_state_setup,graph_chain,1000,999,21,6500,0,0,0
machine_state_setup,graph_chain,1000,999,22,679800,0,0,1000
body_state_setup,graph_chain,1000,999,22,7700,0,0,0
machine_state_setup,graph_chain,1000,999,23,717800,0,0,1000
body_state_setup,graph_chain,1000,999,23,9400,0,0,0
machine_state_setup,graph_chain,1000,999,24,749800,0,0,1000
body_state_setup,graph_chain,1000,999,24,6100,0,0,0
machine_state_setup,graph_chain,1000,999,25,711700,0,0,1000
body_state_setup,graph_chain,1000,999,25,6700,0,0,0
machine_state_setup,graph_chain,1000,999,26,516400,0,0,1000
body_state_setup,graph_chain,1000,999,26,1800,0,0,0
machine_state_setup,graph_chain,1000,999,27,290700,0,0,1000
body_state_setup,graph_chain,1000,999,27,1800,0,0,0
machine_state_setup,graph_chain,1000,999,28,321700,0,0,1000
body_state_setup,graph_chain,1000,999,28,6700,0,0,0
machine_state_setup,graph_chain,1000,999,29,625000,0,0,1000
body_state_setup,graph_chain,1000,999,29,6100,0,0,0
machine_state_setup,graph_chain,1000,999,30,602100,0,0,1000
body_state_setup,graph_chain,1000,999,30,5700,0,0,0
machine_state_setup,graph_chain,1000,999,31,603200,0,0,1000
body_state_setup,graph_chain,1000,999,31,6700,0,0,0
machine_state_setup,graph_chain,1000,999,32,527700,0,0,1000
body_state_setup,graph_chain,1000,999,32,1900,0,0,0
machine_state_setup,graph_chain,1000,999,33,271000,0,0,1000
body_state_setup,graph_chain,1000,999,33,1900,0,0,0
machine_state_setup,graph_chain,1000,999,34,251200,0,0,1000
body_state_setup,graph_chain,1000,999,34,1700,0,0,0
machine_state_setup,graph_chain,1000,999,35,618100,0,0,1000
body_state_setup,graph_chain,1000,999,35,1900,0,0,0
machine_state_setup,graph_chain,1000,999,36,367300,0,0,1000
body_state_setup,graph_chain,1000,999,36,5500,0,0,0
machine_state_setup,graph_chain,1000,999,37,592200,0,0,1000
body_state_setup,graph_chain,1000,999,37,5600,0,0,0
machine_state_setup,graph_chain,1000,999,38,583300,0,0,1000
body_state_setup,graph_chain,1000,999,38,5700,0,0,0
machine_state_setup,graph_chain,1000,999,39,586500,0,0,1000
body_state_setup,graph_chain,1000,999,39,5800,0,0,0
pure_machine_events_preseeded,graph_chain,1000,999,0,6705800,0,0,1001
pure_machine_events_preseeded,graph_chain,1000,999,1,6907400,0,0,1001
pure_machine_events_preseeded,graph_chain,1000,999,2,6894900,0,0,1001
pure_machine_events_preseeded,graph_chain,1000,999,3,6831200,0,0,1001
pure_machine_events_preseeded,graph_chain,1000,999,4,6797900,0,0,1001
pure_machine_events_preseeded,graph_chain,1000,999,5,6725200,0,0,1001
pure_machine_events_preseeded,graph_chain,1000,999,6,6737500,0,0,1001
pure_machine_events_preseeded,graph_chain,1000,999,7,6712900,0,0,1001
pure_machine_events_preseeded,graph_chain,1000,999,8,6701800,0,0,1001
pure_machine_events_preseeded,graph_chain,1000,999,9,6711600,0,0,1001
pure_machine_events_preseeded,graph_chain,1000,999,10,6885900,0,0,1001
pure_machine_events_preseeded,graph_chain,1000,999,11,6940600,0,0,1001
pure_machine_events_preseeded,graph_chain,1000,999,12,6685400,0,0,1001
pure_machine_events_preseeded,graph_chain,1000,999,13,6693600,0,0,1001
pure_machine_events_preseeded,graph_chain,1000,999,14,6773300,0,0,1001
pure_machine_events_preseeded,graph_chain,1000,999,15,6828500,0,0,1001
pure_machine_events_preseeded,graph_chain,1000,999,16,6811700,0,0,1001
pure_machine_events_preseeded,graph_chain,1000,999,17,6822300,0,0,1001
pure_machine_events_preseeded,graph_chain,1000,999,18,6786800,0,0,1001
pure_machine_events_preseeded,graph_chain,1000,999,19,6891400,0,0,1001
pure_machine_events_preseeded,graph_chain,1000,999,20,6889900,0,0,1001
pure_machine_events_preseeded,graph_chain,1000,999,21,6870400,0,0,1001
pure_machine_events_preseeded,graph_chain,1000,999,22,6779700,0,0,1001
pure_machine_events_preseeded,graph_chain,1000,999,23,6740200,0,0,1001
pure_machine_events_preseeded,graph_chain,1000,999,24,6887600,0,0,1001
pure_machine_events_preseeded,graph_chain,1000,999,25,6885700,0,0,1001
pure_machine_events_preseeded,graph_chain,1000,999,26,6828200,0,0,1001
pure_machine_events_preseeded,graph_chain,1000,999,27,6846300,0,0,1001
pure_machine_events_preseeded,graph_chain,1000,999,28,6746700,0,0,1001
pure_machine_events_preseeded,graph_chain,1000,999,29,6731900,0,0,1001
pure_machine_events_preseeded,graph_chain,1000,999,30,6672600,0,0,1001
pure_machine_events_preseeded,graph_chain,1000,999,31,6751300,0,0,1001
pure_machine_events_preseeded,graph_chain,1000,999,32,6723700,0,0,1001
pure_machine_events_preseeded,graph_chain,1000,999,33,6698700,0,0,1001
pure_machine_events_preseeded,graph_chain,1000,999,34,6788100,0,0,1001
pure_machine_events_preseeded,graph_chain,1000,999,35,6792000,0,0,1001
pure_machine_events_preseeded,graph_chain,1000,999,36,6788400,0,0,1001
pure_machine_events_preseeded,graph_chain,1000,999,37,6778300,0,0,1001
pure_machine_events_preseeded,graph_chain,1000,999,38,6738600,0,0,1001
pure_machine_events_preseeded,graph_chain,1000,999,39,6714600,0,0,1001
fixture_generation,graph_wide,1000,999,0,64400,0,0,5000
fixture_generation,graph_wide,1000,999,1,63700,0,0,5000
fixture_generation,graph_wide,1000,999,2,63600,0,0,5000
fixture_generation,graph_wide,1000,999,3,67700,0,0,5000
fixture_generation,graph_wide,1000,999,4,63300,0,0,5000
fixture_generation,graph_wide,1000,999,5,66200,0,0,5000
fixture_generation,graph_wide,1000,999,6,67600,0,0,5000
fixture_generation,graph_wide,1000,999,7,64000,0,0,5000
fixture_generation,graph_wide,1000,999,8,63800,0,0,5000
fixture_generation,graph_wide,1000,999,9,63500,0,0,5000
fixture_generation,graph_wide,1000,999,10,63700,0,0,5000
fixture_generation,graph_wide,1000,999,11,63600,0,0,5000
fixture_generation,graph_wide,1000,999,12,63700,0,0,5000
fixture_generation,graph_wide,1000,999,13,63500,0,0,5000
fixture_generation,graph_wide,1000,999,14,63600,0,0,5000
fixture_generation,graph_wide,1000,999,15,63300,0,0,5000
fixture_generation,graph_wide,1000,999,16,63700,0,0,5000
fixture_generation,graph_wide,1000,999,17,63400,0,0,5000
fixture_generation,graph_wide,1000,999,18,63500,0,0,5000
fixture_generation,graph_wide,1000,999,19,76300,0,0,5000
plan_build,graph_wide,1000,999,0,1013200,0,0,10
plan_build,graph_wide,1000,999,1,772000,0,0,10
plan_build,graph_wide,1000,999,2,789200,0,0,10
plan_build,graph_wide,1000,999,3,773800,0,0,10
plan_build,graph_wide,1000,999,4,796500,0,0,10
plan_build,graph_wide,1000,999,5,770000,0,0,10
plan_build,graph_wide,1000,999,6,788700,0,0,10
plan_build,graph_wide,1000,999,7,767600,0,0,10
plan_build,graph_wide,1000,999,8,788600,0,0,10
plan_build,graph_wide,1000,999,9,771300,0,0,10
plan_build,graph_wide,1000,999,10,800100,0,0,10
plan_build,graph_wide,1000,999,11,769100,0,0,10
plan_build,graph_wide,1000,999,12,781200,0,0,10
plan_build,graph_wide,1000,999,13,769100,0,0,10
plan_build,graph_wide,1000,999,14,773600,0,0,10
plan_build,graph_wide,1000,999,15,770100,0,0,10
plan_build,graph_wide,1000,999,16,813200,0,0,10
plan_build,graph_wide,1000,999,17,768000,0,0,10
plan_build,graph_wide,1000,999,18,799000,0,0,10
plan_build,graph_wide,1000,999,19,763600,0,0,10
plan_build_alloc,graph_wide,1000,999,0,0,4041,1049103,10
engine_execution,graph_wide,1000,999,0,10451400,0,0,998
engine_execution,graph_wide,1000,999,1,10251800,0,0,999
engine_execution,graph_wide,1000,999,2,10348700,0,0,996
engine_execution,graph_wide,1000,999,3,10440100,0,0,997
engine_execution,graph_wide,1000,999,4,10381300,0,0,994
engine_execution,graph_wide,1000,999,5,10618300,0,0,995
engine_execution,graph_wide,1000,999,6,10578300,0,0,992
engine_execution,graph_wide,1000,999,7,10207900,0,0,993
engine_execution,graph_wide,1000,999,8,10321900,0,0,1006
engine_execution,graph_wide,1000,999,9,10082400,0,0,1007
engine_execution,graph_wide,1000,999,10,10094200,0,0,1004
engine_execution,graph_wide,1000,999,11,10232000,0,0,1005
engine_execution,graph_wide,1000,999,12,10245600,0,0,1002
engine_execution,graph_wide,1000,999,13,10318100,0,0,1003
engine_execution,graph_wide,1000,999,14,10434000,0,0,1000
engine_execution,graph_wide,1000,999,15,10337300,0,0,1001
engine_execution,graph_wide,1000,999,16,10566600,0,0,1014
engine_execution,graph_wide,1000,999,17,11105200,0,0,1015
engine_execution,graph_wide,1000,999,18,10151500,0,0,1012
engine_execution,graph_wide,1000,999,19,10279200,0,0,1013
engine_execution,graph_wide,1000,999,20,10300200,0,0,1010
engine_execution,graph_wide,1000,999,21,10169900,0,0,1011
engine_execution,graph_wide,1000,999,22,10312600,0,0,1008
engine_execution,graph_wide,1000,999,23,10301600,0,0,1009
engine_execution,graph_wide,1000,999,24,10318900,0,0,1022
engine_execution,graph_wide,1000,999,25,10241000,0,0,1023
engine_execution,graph_wide,1000,999,26,10282500,0,0,1020
engine_execution,graph_wide,1000,999,27,10283300,0,0,1021
engine_execution,graph_wide,1000,999,28,10313300,0,0,1018
engine_execution,graph_wide,1000,999,29,10646600,0,0,1019
engine_execution,graph_wide,1000,999,30,10747100,0,0,1016
engine_execution,graph_wide,1000,999,31,10362400,0,0,1017
engine_execution,graph_wide,1000,999,32,10382900,0,0,966
engine_execution,graph_wide,1000,999,33,10212900,0,0,967
engine_execution,graph_wide,1000,999,34,10262800,0,0,964
engine_execution,graph_wide,1000,999,35,10160000,0,0,965
engine_execution,graph_wide,1000,999,36,10219600,0,0,962
engine_execution,graph_wide,1000,999,37,10246400,0,0,963
engine_execution,graph_wide,1000,999,38,10142700,0,0,960
engine_execution,graph_wide,1000,999,39,10002300,0,0,961
engine_execution_alloc,graph_wide,1000,999,0,0,55207,21300345,22972
machine_state_setup,graph_wide,1000,999,0,931200,0,0,1000
body_state_setup,graph_wide,1000,999,0,7000,0,0,0
machine_state_setup,graph_wide,1000,999,1,750700,0,0,1000
body_state_setup,graph_wide,1000,999,1,7500,0,0,0
machine_state_setup,graph_wide,1000,999,2,447000,0,0,1000
body_state_setup,graph_wide,1000,999,2,7200,0,0,0
machine_state_setup,graph_wide,1000,999,3,433100,0,0,1000
body_state_setup,graph_wide,1000,999,3,1700,0,0,0
machine_state_setup,graph_wide,1000,999,4,435700,0,0,1000
body_state_setup,graph_wide,1000,999,4,1700,0,0,0
machine_state_setup,graph_wide,1000,999,5,435600,0,0,1000
body_state_setup,graph_wide,1000,999,5,1600,0,0,0
machine_state_setup,graph_wide,1000,999,6,427800,0,0,1000
body_state_setup,graph_wide,1000,999,6,1700,0,0,0
machine_state_setup,graph_wide,1000,999,7,444900,0,0,1000
body_state_setup,graph_wide,1000,999,7,1700,0,0,0
machine_state_setup,graph_wide,1000,999,8,453400,0,0,1000
body_state_setup,graph_wide,1000,999,8,1700,0,0,0
machine_state_setup,graph_wide,1000,999,9,489000,0,0,1000
body_state_setup,graph_wide,1000,999,9,1700,0,0,0
machine_state_setup,graph_wide,1000,999,10,443800,0,0,1000
body_state_setup,graph_wide,1000,999,10,1900,0,0,0
machine_state_setup,graph_wide,1000,999,11,429000,0,0,1000
body_state_setup,graph_wide,1000,999,11,5600,0,0,0
machine_state_setup,graph_wide,1000,999,12,428800,0,0,1000
body_state_setup,graph_wide,1000,999,12,1700,0,0,0
machine_state_setup,graph_wide,1000,999,13,446500,0,0,1000
body_state_setup,graph_wide,1000,999,13,1600,0,0,0
machine_state_setup,graph_wide,1000,999,14,437600,0,0,1000
body_state_setup,graph_wide,1000,999,14,1800,0,0,0
machine_state_setup,graph_wide,1000,999,15,505100,0,0,1000
body_state_setup,graph_wide,1000,999,15,7700,0,0,0
machine_state_setup,graph_wide,1000,999,16,736600,0,0,1000
body_state_setup,graph_wide,1000,999,16,1900,0,0,0
machine_state_setup,graph_wide,1000,999,17,441300,0,0,1000
body_state_setup,graph_wide,1000,999,17,2900,0,0,0
machine_state_setup,graph_wide,1000,999,18,440800,0,0,1000
body_state_setup,graph_wide,1000,999,18,2100,0,0,0
machine_state_setup,graph_wide,1000,999,19,432300,0,0,1000
body_state_setup,graph_wide,1000,999,19,1500,0,0,0
machine_state_setup,graph_wide,1000,999,20,446700,0,0,1000
body_state_setup,graph_wide,1000,999,20,1800,0,0,0
machine_state_setup,graph_wide,1000,999,21,428800,0,0,1000
body_state_setup,graph_wide,1000,999,21,1700,0,0,0
machine_state_setup,graph_wide,1000,999,22,432900,0,0,1000
body_state_setup,graph_wide,1000,999,22,1800,0,0,0
machine_state_setup,graph_wide,1000,999,23,427800,0,0,1000
body_state_setup,graph_wide,1000,999,23,1600,0,0,0
machine_state_setup,graph_wide,1000,999,24,434900,0,0,1000
body_state_setup,graph_wide,1000,999,24,1600,0,0,0
machine_state_setup,graph_wide,1000,999,25,427600,0,0,1000
body_state_setup,graph_wide,1000,999,25,1500,0,0,0
machine_state_setup,graph_wide,1000,999,26,427500,0,0,1000
body_state_setup,graph_wide,1000,999,26,1600,0,0,0
machine_state_setup,graph_wide,1000,999,27,494600,0,0,1000
body_state_setup,graph_wide,1000,999,27,6900,0,0,0
machine_state_setup,graph_wide,1000,999,28,879300,0,0,1000
body_state_setup,graph_wide,1000,999,28,4000,0,0,0
machine_state_setup,graph_wide,1000,999,29,463500,0,0,1000
body_state_setup,graph_wide,1000,999,29,1800,0,0,0
machine_state_setup,graph_wide,1000,999,30,444200,0,0,1000
body_state_setup,graph_wide,1000,999,30,1800,0,0,0
machine_state_setup,graph_wide,1000,999,31,431400,0,0,1000
body_state_setup,graph_wide,1000,999,31,1700,0,0,0
machine_state_setup,graph_wide,1000,999,32,747700,0,0,1000
body_state_setup,graph_wide,1000,999,32,12100,0,0,0
machine_state_setup,graph_wide,1000,999,33,481500,0,0,1000
body_state_setup,graph_wide,1000,999,33,3300,0,0,0
machine_state_setup,graph_wide,1000,999,34,443100,0,0,1000
body_state_setup,graph_wide,1000,999,34,1800,0,0,0
machine_state_setup,graph_wide,1000,999,35,431900,0,0,1000
body_state_setup,graph_wide,1000,999,35,1700,0,0,0
machine_state_setup,graph_wide,1000,999,36,433600,0,0,1000
body_state_setup,graph_wide,1000,999,36,1800,0,0,0
machine_state_setup,graph_wide,1000,999,37,428300,0,0,1000
body_state_setup,graph_wide,1000,999,37,1600,0,0,0
machine_state_setup,graph_wide,1000,999,38,432600,0,0,1000
body_state_setup,graph_wide,1000,999,38,1700,0,0,0
machine_state_setup,graph_wide,1000,999,39,490600,0,0,1000
body_state_setup,graph_wide,1000,999,39,8500,0,0,0
fixture_generation,graph_sparse,1000,999,0,64300,0,0,5000
fixture_generation,graph_sparse,1000,999,1,64100,0,0,5000
fixture_generation,graph_sparse,1000,999,2,63600,0,0,5000
fixture_generation,graph_sparse,1000,999,3,72900,0,0,5000
fixture_generation,graph_sparse,1000,999,4,63700,0,0,5000
fixture_generation,graph_sparse,1000,999,5,66900,0,0,5000
fixture_generation,graph_sparse,1000,999,6,65900,0,0,5000
fixture_generation,graph_sparse,1000,999,7,65800,0,0,5000
fixture_generation,graph_sparse,1000,999,8,65500,0,0,5000
fixture_generation,graph_sparse,1000,999,9,65500,0,0,5000
fixture_generation,graph_sparse,1000,999,10,65300,0,0,5000
fixture_generation,graph_sparse,1000,999,11,65500,0,0,5000
fixture_generation,graph_sparse,1000,999,12,65600,0,0,5000
fixture_generation,graph_sparse,1000,999,13,65600,0,0,5000
fixture_generation,graph_sparse,1000,999,14,63700,0,0,5000
fixture_generation,graph_sparse,1000,999,15,63500,0,0,5000
fixture_generation,graph_sparse,1000,999,16,63900,0,0,5000
fixture_generation,graph_sparse,1000,999,17,64500,0,0,5000
fixture_generation,graph_sparse,1000,999,18,66500,0,0,5000
fixture_generation,graph_sparse,1000,999,19,63800,0,0,5000
plan_build,graph_sparse,1000,999,0,1058100,0,0,12
plan_build,graph_sparse,1000,999,1,995600,0,0,12
plan_build,graph_sparse,1000,999,2,780900,0,0,12
plan_build,graph_sparse,1000,999,3,784100,0,0,12
plan_build,graph_sparse,1000,999,4,769900,0,0,12
plan_build,graph_sparse,1000,999,5,799400,0,0,12
plan_build,graph_sparse,1000,999,6,790500,0,0,12
plan_build,graph_sparse,1000,999,7,804600,0,0,12
plan_build,graph_sparse,1000,999,8,768900,0,0,12
plan_build,graph_sparse,1000,999,9,866000,0,0,12
plan_build,graph_sparse,1000,999,10,1025400,0,0,12
plan_build,graph_sparse,1000,999,11,772300,0,0,12
plan_build,graph_sparse,1000,999,12,782500,0,0,12
plan_build,graph_sparse,1000,999,13,770500,0,0,12
plan_build,graph_sparse,1000,999,14,788700,0,0,12
plan_build,graph_sparse,1000,999,15,769000,0,0,12
plan_build,graph_sparse,1000,999,16,786100,0,0,12
plan_build,graph_sparse,1000,999,17,766900,0,0,12
plan_build,graph_sparse,1000,999,18,778500,0,0,12
plan_build,graph_sparse,1000,999,19,765800,0,0,12
plan_build_alloc,graph_sparse,1000,999,0,0,4041,1049105,12
engine_execution,graph_sparse,1000,999,0,11846000,0,0,697
engine_execution,graph_sparse,1000,999,1,11398500,0,0,696
engine_execution,graph_sparse,1000,999,2,11421100,0,0,699
engine_execution,graph_sparse,1000,999,3,10715300,0,0,698
engine_execution,graph_sparse,1000,999,4,11712600,0,0,701
engine_execution,graph_sparse,1000,999,5,10911500,0,0,700
engine_execution,graph_sparse,1000,999,6,11561700,0,0,703
engine_execution,graph_sparse,1000,999,7,10911400,0,0,702
engine_execution,graph_sparse,1000,999,8,11616700,0,0,689
engine_execution,graph_sparse,1000,999,9,10932600,0,0,688
engine_execution,graph_sparse,1000,999,10,11491800,0,0,691
engine_execution,graph_sparse,1000,999,11,10837000,0,0,690
engine_execution,graph_sparse,1000,999,12,11697500,0,0,693
engine_execution,graph_sparse,1000,999,13,10729100,0,0,692
engine_execution,graph_sparse,1000,999,14,10890100,0,0,695
engine_execution,graph_sparse,1000,999,15,11511500,0,0,694
engine_execution,graph_sparse,1000,999,16,10930000,0,0,681
engine_execution,graph_sparse,1000,999,17,11561800,0,0,680
engine_execution,graph_sparse,1000,999,18,10742600,0,0,683
engine_execution,graph_sparse,1000,999,19,10797900,0,0,682
engine_execution,graph_sparse,1000,999,20,10740300,0,0,685
engine_execution,graph_sparse,1000,999,21,10854300,0,0,684
engine_execution,graph_sparse,1000,999,22,11609000,0,0,687
engine_execution,graph_sparse,1000,999,23,10821300,0,0,686
engine_execution,graph_sparse,1000,999,24,10744100,0,0,673
engine_execution,graph_sparse,1000,999,25,10972100,0,0,672
engine_execution,graph_sparse,1000,999,26,11521700,0,0,675
engine_execution,graph_sparse,1000,999,27,10895200,0,0,674
engine_execution,graph_sparse,1000,999,28,10765900,0,0,677
engine_execution,graph_sparse,1000,999,29,10657800,0,0,676
engine_execution,graph_sparse,1000,999,30,10835600,0,0,679
engine_execution,graph_sparse,1000,999,31,10672600,0,0,678
engine_execution,graph_sparse,1000,999,32,10669300,0,0,665
engine_execution,graph_sparse,1000,999,33,10723400,0,0,664
engine_execution,graph_sparse,1000,999,34,10941000,0,0,667
engine_execution,graph_sparse,1000,999,35,11257000,0,0,666
engine_execution,graph_sparse,1000,999,36,11519800,0,0,669
engine_execution,graph_sparse,1000,999,37,10699400,0,0,668
engine_execution,graph_sparse,1000,999,38,10839900,0,0,671
engine_execution,graph_sparse,1000,999,39,11486800,0,0,670
engine_execution_alloc,graph_sparse,1000,999,0,0,57643,25214637,22755
machine_state_setup,graph_sparse,1000,999,0,384500,0,0,1000
body_state_setup,graph_sparse,1000,999,0,2400,0,0,0
machine_state_setup,graph_sparse,1000,999,1,357500,0,0,1000
body_state_setup,graph_sparse,1000,999,1,1700,0,0,0
machine_state_setup,graph_sparse,1000,999,2,347700,0,0,1000
body_state_setup,graph_sparse,1000,999,2,1700,0,0,0
machine_state_setup,graph_sparse,1000,999,3,351400,0,0,1000
body_state_setup,graph_sparse,1000,999,3,1600,0,0,0
machine_state_setup,graph_sparse,1000,999,4,344400,0,0,1000
body_state_setup,graph_sparse,1000,999,4,1700,0,0,0
machine_state_setup,graph_sparse,1000,999,5,345000,0,0,1000
body_state_setup,graph_sparse,1000,999,5,1600,0,0,0
machine_state_setup,graph_sparse,1000,999,6,347400,0,0,1000
body_state_setup,graph_sparse,1000,999,6,1700,0,0,0
machine_state_setup,graph_sparse,1000,999,7,344500,0,0,1000
body_state_setup,graph_sparse,1000,999,7,1700,0,0,0
machine_state_setup,graph_sparse,1000,999,8,346600,0,0,1000
body_state_setup,graph_sparse,1000,999,8,1700,0,0,0
machine_state_setup,graph_sparse,1000,999,9,371800,0,0,1000
body_state_setup,graph_sparse,1000,999,9,1700,0,0,0
machine_state_setup,graph_sparse,1000,999,10,354100,0,0,1000
body_state_setup,graph_sparse,1000,999,10,1800,0,0,0
machine_state_setup,graph_sparse,1000,999,11,484200,0,0,1000
body_state_setup,graph_sparse,1000,999,11,6700,0,0,0
machine_state_setup,graph_sparse,1000,999,12,652800,0,0,1000
body_state_setup,graph_sparse,1000,999,12,1900,0,0,0
machine_state_setup,graph_sparse,1000,999,13,365700,0,0,1000
body_state_setup,graph_sparse,1000,999,13,1600,0,0,0
machine_state_setup,graph_sparse,1000,999,14,357900,0,0,1000
body_state_setup,graph_sparse,1000,999,14,1600,0,0,0
machine_state_setup,graph_sparse,1000,999,15,344800,0,0,1000
body_state_setup,graph_sparse,1000,999,15,1600,0,0,0
machine_state_setup,graph_sparse,1000,999,16,350500,0,0,1000
body_state_setup,graph_sparse,1000,999,16,1800,0,0,0
machine_state_setup,graph_sparse,1000,999,17,341000,0,0,1000
body_state_setup,graph_sparse,1000,999,17,1600,0,0,0
machine_state_setup,graph_sparse,1000,999,18,346500,0,0,1000
body_state_setup,graph_sparse,1000,999,18,1800,0,0,0
machine_state_setup,graph_sparse,1000,999,19,348200,0,0,1000
body_state_setup,graph_sparse,1000,999,19,1600,0,0,0
machine_state_setup,graph_sparse,1000,999,20,344300,0,0,1000
body_state_setup,graph_sparse,1000,999,20,1700,0,0,0
machine_state_setup,graph_sparse,1000,999,21,344200,0,0,1000
body_state_setup,graph_sparse,1000,999,21,1500,0,0,0
machine_state_setup,graph_sparse,1000,999,22,348800,0,0,1000
body_state_setup,graph_sparse,1000,999,22,1700,0,0,0
machine_state_setup,graph_sparse,1000,999,23,341800,0,0,1000
body_state_setup,graph_sparse,1000,999,23,1600,0,0,0
machine_state_setup,graph_sparse,1000,999,24,345100,0,0,1000
body_state_setup,graph_sparse,1000,999,24,1600,0,0,0
machine_state_setup,graph_sparse,1000,999,25,366600,0,0,1000
body_state_setup,graph_sparse,1000,999,25,1600,0,0,0
machine_state_setup,graph_sparse,1000,999,26,342800,0,0,1000
body_state_setup,graph_sparse,1000,999,26,1600,0,0,0
machine_state_setup,graph_sparse,1000,999,27,330200,0,0,1000
body_state_setup,graph_sparse,1000,999,27,2100,0,0,0
machine_state_setup,graph_sparse,1000,999,28,335600,0,0,1000
body_state_setup,graph_sparse,1000,999,28,1800,0,0,0
machine_state_setup,graph_sparse,1000,999,29,324300,0,0,1000
body_state_setup,graph_sparse,1000,999,29,1600,0,0,0
machine_state_setup,graph_sparse,1000,999,30,327100,0,0,1000
body_state_setup,graph_sparse,1000,999,30,1700,0,0,0
machine_state_setup,graph_sparse,1000,999,31,333700,0,0,1000
body_state_setup,graph_sparse,1000,999,31,1600,0,0,0
machine_state_setup,graph_sparse,1000,999,32,327000,0,0,1000
body_state_setup,graph_sparse,1000,999,32,1600,0,0,0
machine_state_setup,graph_sparse,1000,999,33,327300,0,0,1000
body_state_setup,graph_sparse,1000,999,33,1600,0,0,0
machine_state_setup,graph_sparse,1000,999,34,332400,0,0,1000
body_state_setup,graph_sparse,1000,999,34,1700,0,0,0
machine_state_setup,graph_sparse,1000,999,35,407000,0,0,1000
body_state_setup,graph_sparse,1000,999,35,6700,0,0,0
machine_state_setup,graph_sparse,1000,999,36,610700,0,0,1000
body_state_setup,graph_sparse,1000,999,36,1900,0,0,0
machine_state_setup,graph_sparse,1000,999,37,347500,0,0,1000
body_state_setup,graph_sparse,1000,999,37,1600,0,0,0
machine_state_setup,graph_sparse,1000,999,38,353100,0,0,1000
body_state_setup,graph_sparse,1000,999,38,1700,0,0,0
machine_state_setup,graph_sparse,1000,999,39,354100,0,0,1000
body_state_setup,graph_sparse,1000,999,39,1700,0,0,0
fixture_generation,tiny_yield_chain,1,0,0,1200,0,0,5
fixture_generation,tiny_yield_chain,1,0,1,300,0,0,5
fixture_generation,tiny_yield_chain,1,0,2,200,0,0,5
fixture_generation,tiny_yield_chain,1,0,3,100,0,0,5
fixture_generation,tiny_yield_chain,1,0,4,200,0,0,5
fixture_generation,tiny_yield_chain,1,0,5,200,0,0,5
fixture_generation,tiny_yield_chain,1,0,6,400,0,0,5
fixture_generation,tiny_yield_chain,1,0,7,300,0,0,5
fixture_generation,tiny_yield_chain,1,0,8,100,0,0,5
fixture_generation,tiny_yield_chain,1,0,9,100,0,0,5
fixture_generation,tiny_yield_chain,1,0,10,100,0,0,5
fixture_generation,tiny_yield_chain,1,0,11,200,0,0,5
fixture_generation,tiny_yield_chain,1,0,12,100,0,0,5
fixture_generation,tiny_yield_chain,1,0,13,200,0,0,5
fixture_generation,tiny_yield_chain,1,0,14,200,0,0,5
fixture_generation,tiny_yield_chain,1,0,15,200,0,0,5
fixture_generation,tiny_yield_chain,1,0,16,100,0,0,5
fixture_generation,tiny_yield_chain,1,0,17,100,0,0,5
fixture_generation,tiny_yield_chain,1,0,18,100,0,0,5
fixture_generation,tiny_yield_chain,1,0,19,100,0,0,5
plan_build,tiny_yield_chain,1,0,0,9200,0,0,11
plan_build,tiny_yield_chain,1,0,1,1200,0,0,11
plan_build,tiny_yield_chain,1,0,2,800,0,0,11
plan_build,tiny_yield_chain,1,0,3,600,0,0,11
plan_build,tiny_yield_chain,1,0,4,500,0,0,11
plan_build,tiny_yield_chain,1,0,5,500,0,0,11
plan_build,tiny_yield_chain,1,0,6,500,0,0,11
plan_build,tiny_yield_chain,1,0,7,600,0,0,11
plan_build,tiny_yield_chain,1,0,8,500,0,0,11
plan_build,tiny_yield_chain,1,0,9,400,0,0,11
plan_build,tiny_yield_chain,1,0,10,500,0,0,11
plan_build,tiny_yield_chain,1,0,11,500,0,0,11
plan_build,tiny_yield_chain,1,0,12,600,0,0,11
plan_build,tiny_yield_chain,1,0,13,500,0,0,11
plan_build,tiny_yield_chain,1,0,14,500,0,0,11
plan_build,tiny_yield_chain,1,0,15,500,0,0,11
plan_build,tiny_yield_chain,1,0,16,500,0,0,11
plan_build,tiny_yield_chain,1,0,17,500,0,0,11
plan_build,tiny_yield_chain,1,0,18,400,0,0,11
plan_build,tiny_yield_chain,1,0,19,500,0,0,11
plan_build_alloc,tiny_yield_chain,1,0,0,0,13,2317,11
engine_execution,tiny_yield_chain,1,0,0,5500,0,0,1
engine_execution,tiny_yield_chain,1,0,1,5400,0,0,0
engine_execution,tiny_yield_chain,1,0,2,5200,0,0,3
engine_execution,tiny_yield_chain,1,0,3,5500,0,0,2
engine_execution,tiny_yield_chain,1,0,4,5300,0,0,5
engine_execution,tiny_yield_chain,1,0,5,5300,0,0,4
engine_execution,tiny_yield_chain,1,0,6,5400,0,0,7
engine_execution,tiny_yield_chain,1,0,7,5300,0,0,6
engine_execution,tiny_yield_chain,1,0,8,5500,0,0,9
engine_execution,tiny_yield_chain,1,0,9,5300,0,0,8
engine_execution,tiny_yield_chain,1,0,10,5300,0,0,11
engine_execution,tiny_yield_chain,1,0,11,5300,0,0,10
engine_execution,tiny_yield_chain,1,0,12,5200,0,0,13
engine_execution,tiny_yield_chain,1,0,13,5400,0,0,12
engine_execution,tiny_yield_chain,1,0,14,5500,0,0,15
engine_execution,tiny_yield_chain,1,0,15,5500,0,0,14
engine_execution,tiny_yield_chain,1,0,16,5500,0,0,17
engine_execution,tiny_yield_chain,1,0,17,5500,0,0,16
engine_execution,tiny_yield_chain,1,0,18,5400,0,0,19
engine_execution,tiny_yield_chain,1,0,19,5500,0,0,18
engine_execution,tiny_yield_chain,1,0,20,5400,0,0,21
engine_execution,tiny_yield_chain,1,0,21,5300,0,0,20
engine_execution,tiny_yield_chain,1,0,22,5300,0,0,23
engine_execution,tiny_yield_chain,1,0,23,5400,0,0,22
engine_execution,tiny_yield_chain,1,0,24,5300,0,0,25
engine_execution,tiny_yield_chain,1,0,25,5400,0,0,24
engine_execution,tiny_yield_chain,1,0,26,5300,0,0,27
engine_execution,tiny_yield_chain,1,0,27,5300,0,0,26
engine_execution,tiny_yield_chain,1,0,28,5200,0,0,29
engine_execution,tiny_yield_chain,1,0,29,5200,0,0,28
engine_execution,tiny_yield_chain,1,0,30,5200,0,0,31
engine_execution,tiny_yield_chain,1,0,31,5200,0,0,30
engine_execution,tiny_yield_chain,1,0,32,5200,0,0,33
engine_execution,tiny_yield_chain,1,0,33,5300,0,0,32
engine_execution,tiny_yield_chain,1,0,34,5300,0,0,35
engine_execution,tiny_yield_chain,1,0,35,5200,0,0,34
engine_execution,tiny_yield_chain,1,0,36,5300,0,0,37
engine_execution,tiny_yield_chain,1,0,37,5400,0,0,36
engine_execution,tiny_yield_chain,1,0,38,5200,0,0,39
engine_execution,tiny_yield_chain,1,0,39,5300,0,0,38
engine_execution_alloc,tiny_yield_chain,1,0,0,0,110,15148,23131
machine_state_setup,tiny_yield_chain,1,0,0,1000,0,0,1
body_state_setup,tiny_yield_chain,1,0,0,300,0,0,0
machine_state_setup,tiny_yield_chain,1,0,1,600,0,0,1
body_state_setup,tiny_yield_chain,1,0,1,200,0,0,0
machine_state_setup,tiny_yield_chain,1,0,2,500,0,0,1
body_state_setup,tiny_yield_chain,1,0,2,200,0,0,0
machine_state_setup,tiny_yield_chain,1,0,3,500,0,0,1
body_state_setup,tiny_yield_chain,1,0,3,200,0,0,0
machine_state_setup,tiny_yield_chain,1,0,4,500,0,0,1
body_state_setup,tiny_yield_chain,1,0,4,200,0,0,0
machine_state_setup,tiny_yield_chain,1,0,5,500,0,0,1
body_state_setup,tiny_yield_chain,1,0,5,200,0,0,0
machine_state_setup,tiny_yield_chain,1,0,6,500,0,0,1
body_state_setup,tiny_yield_chain,1,0,6,200,0,0,0
machine_state_setup,tiny_yield_chain,1,0,7,500,0,0,1
body_state_setup,tiny_yield_chain,1,0,7,200,0,0,0
machine_state_setup,tiny_yield_chain,1,0,8,500,0,0,1
body_state_setup,tiny_yield_chain,1,0,8,300,0,0,0
machine_state_setup,tiny_yield_chain,1,0,9,500,0,0,1
body_state_setup,tiny_yield_chain,1,0,9,300,0,0,0
machine_state_setup,tiny_yield_chain,1,0,10,500,0,0,1
body_state_setup,tiny_yield_chain,1,0,10,300,0,0,0
machine_state_setup,tiny_yield_chain,1,0,11,500,0,0,1
body_state_setup,tiny_yield_chain,1,0,11,300,0,0,0
machine_state_setup,tiny_yield_chain,1,0,12,500,0,0,1
body_state_setup,tiny_yield_chain,1,0,12,300,0,0,0
machine_state_setup,tiny_yield_chain,1,0,13,500,0,0,1
body_state_setup,tiny_yield_chain,1,0,13,200,0,0,0
machine_state_setup,tiny_yield_chain,1,0,14,500,0,0,1
body_state_setup,tiny_yield_chain,1,0,14,200,0,0,0
machine_state_setup,tiny_yield_chain,1,0,15,500,0,0,1
body_state_setup,tiny_yield_chain,1,0,15,300,0,0,0
machine_state_setup,tiny_yield_chain,1,0,16,500,0,0,1
body_state_setup,tiny_yield_chain,1,0,16,200,0,0,0
machine_state_setup,tiny_yield_chain,1,0,17,500,0,0,1
body_state_setup,tiny_yield_chain,1,0,17,200,0,0,0
machine_state_setup,tiny_yield_chain,1,0,18,500,0,0,1
body_state_setup,tiny_yield_chain,1,0,18,200,0,0,0
machine_state_setup,tiny_yield_chain,1,0,19,500,0,0,1
body_state_setup,tiny_yield_chain,1,0,19,200,0,0,0
machine_state_setup,tiny_yield_chain,1,0,20,500,0,0,1
body_state_setup,tiny_yield_chain,1,0,20,300,0,0,0
machine_state_setup,tiny_yield_chain,1,0,21,500,0,0,1
body_state_setup,tiny_yield_chain,1,0,21,200,0,0,0
machine_state_setup,tiny_yield_chain,1,0,22,500,0,0,1
body_state_setup,tiny_yield_chain,1,0,22,200,0,0,0
machine_state_setup,tiny_yield_chain,1,0,23,500,0,0,1
body_state_setup,tiny_yield_chain,1,0,23,200,0,0,0
machine_state_setup,tiny_yield_chain,1,0,24,500,0,0,1
body_state_setup,tiny_yield_chain,1,0,24,200,0,0,0
machine_state_setup,tiny_yield_chain,1,0,25,500,0,0,1
body_state_setup,tiny_yield_chain,1,0,25,200,0,0,0
machine_state_setup,tiny_yield_chain,1,0,26,500,0,0,1
body_state_setup,tiny_yield_chain,1,0,26,300,0,0,0
machine_state_setup,tiny_yield_chain,1,0,27,500,0,0,1
body_state_setup,tiny_yield_chain,1,0,27,200,0,0,0
machine_state_setup,tiny_yield_chain,1,0,28,500,0,0,1
body_state_setup,tiny_yield_chain,1,0,28,300,0,0,0
machine_state_setup,tiny_yield_chain,1,0,29,500,0,0,1
body_state_setup,tiny_yield_chain,1,0,29,200,0,0,0
machine_state_setup,tiny_yield_chain,1,0,30,500,0,0,1
body_state_setup,tiny_yield_chain,1,0,30,200,0,0,0
machine_state_setup,tiny_yield_chain,1,0,31,600,0,0,1
body_state_setup,tiny_yield_chain,1,0,31,300,0,0,0
machine_state_setup,tiny_yield_chain,1,0,32,500,0,0,1
body_state_setup,tiny_yield_chain,1,0,32,200,0,0,0
machine_state_setup,tiny_yield_chain,1,0,33,600,0,0,1
body_state_setup,tiny_yield_chain,1,0,33,200,0,0,0
machine_state_setup,tiny_yield_chain,1,0,34,500,0,0,1
body_state_setup,tiny_yield_chain,1,0,34,300,0,0,0
machine_state_setup,tiny_yield_chain,1,0,35,500,0,0,1
body_state_setup,tiny_yield_chain,1,0,35,200,0,0,0
machine_state_setup,tiny_yield_chain,1,0,36,500,0,0,1
body_state_setup,tiny_yield_chain,1,0,36,200,0,0,0
machine_state_setup,tiny_yield_chain,1,0,37,500,0,0,1
body_state_setup,tiny_yield_chain,1,0,37,200,0,0,0
machine_state_setup,tiny_yield_chain,1,0,38,400,0,0,1
body_state_setup,tiny_yield_chain,1,0,38,200,0,0,0
machine_state_setup,tiny_yield_chain,1,0,39,500,0,0,1
body_state_setup,tiny_yield_chain,1,0,39,200,0,0,0
engine_execution,resource_normal,2,1,0,10500,0,0,0
engine_execution,resource_normal,2,1,1,10500,0,0,3
engine_execution,resource_normal,2,1,2,10400,0,0,2
engine_execution,resource_normal,2,1,3,10300,0,0,5
engine_execution,resource_normal,2,1,4,18400,0,0,4
engine_execution,resource_normal,2,1,5,10400,0,0,7
engine_execution,resource_normal,2,1,6,10500,0,0,6
engine_execution,resource_normal,2,1,7,10400,0,0,9
engine_execution,resource_normal,2,1,8,10300,0,0,8
engine_execution,resource_normal,2,1,9,10500,0,0,11
engine_execution,resource_normal,2,1,10,10500,0,0,10
engine_execution,resource_normal,2,1,11,10300,0,0,13
engine_execution,resource_normal,2,1,12,10400,0,0,12
engine_execution,resource_normal,2,1,13,10200,0,0,15
engine_execution,resource_normal,2,1,14,10300,0,0,14
engine_execution,resource_normal,2,1,15,10400,0,0,17
engine_execution,resource_normal,2,1,16,10400,0,0,16
engine_execution,resource_normal,2,1,17,10500,0,0,19
engine_execution,resource_normal,2,1,18,10400,0,0,18
engine_execution,resource_normal,2,1,19,10600,0,0,21
engine_execution,resource_normal,2,1,20,10400,0,0,20
engine_execution,resource_normal,2,1,21,10400,0,0,23
engine_execution,resource_normal,2,1,22,10200,0,0,22
engine_execution,resource_normal,2,1,23,10400,0,0,25
engine_execution,resource_normal,2,1,24,10400,0,0,24
engine_execution,resource_normal,2,1,25,10500,0,0,27
engine_execution,resource_normal,2,1,26,11000,0,0,26
engine_execution,resource_normal,2,1,27,10500,0,0,29
engine_execution,resource_normal,2,1,28,10400,0,0,28
engine_execution,resource_normal,2,1,29,10300,0,0,31
engine_execution,resource_normal,2,1,30,10200,0,0,30
engine_execution,resource_normal,2,1,31,10200,0,0,33
engine_execution,resource_normal,2,1,32,10300,0,0,32
engine_execution,resource_normal,2,1,33,10200,0,0,35
engine_execution,resource_normal,2,1,34,10500,0,0,34
engine_execution,resource_normal,2,1,35,10300,0,0,37
engine_execution,resource_normal,2,1,36,10300,0,0,36
engine_execution,resource_normal,2,1,37,10400,0,0,39
engine_execution,resource_normal,2,1,38,10200,0,0,38
engine_execution,resource_normal,2,1,39,10100,0,0,41
engine_execution_alloc,resource_normal,2,1,0,0,219,23058,23130
engine_execution,resource_release_failure,2,1,0,14600,0,0,1
engine_execution,resource_release_failure,2,1,1,11200,0,0,2
engine_execution,resource_release_failure,2,1,2,11000,0,0,3
engine_execution,resource_release_failure,2,1,3,10800,0,0,4
engine_execution,resource_release_failure,2,1,4,11000,0,0,5
engine_execution,resource_release_failure,2,1,5,10900,0,0,6
engine_execution,resource_release_failure,2,1,6,10800,0,0,7
engine_execution,resource_release_failure,2,1,7,11000,0,0,8
engine_execution,resource_release_failure,2,1,8,10800,0,0,9
engine_execution,resource_release_failure,2,1,9,10900,0,0,10
engine_execution,resource_release_failure,2,1,10,10900,0,0,11
engine_execution,resource_release_failure,2,1,11,10800,0,0,12
engine_execution,resource_release_failure,2,1,12,10900,0,0,13
engine_execution,resource_release_failure,2,1,13,10900,0,0,14
engine_execution,resource_release_failure,2,1,14,10800,0,0,15
engine_execution,resource_release_failure,2,1,15,10700,0,0,16
engine_execution,resource_release_failure,2,1,16,10600,0,0,17
engine_execution,resource_release_failure,2,1,17,10900,0,0,18
engine_execution,resource_release_failure,2,1,18,10800,0,0,19
engine_execution,resource_release_failure,2,1,19,11000,0,0,20
engine_execution,resource_release_failure,2,1,20,10700,0,0,21
engine_execution,resource_release_failure,2,1,21,11000,0,0,22
engine_execution,resource_release_failure,2,1,22,11500,0,0,23
engine_execution,resource_release_failure,2,1,23,11300,0,0,24
engine_execution,resource_release_failure,2,1,24,10800,0,0,25
engine_execution,resource_release_failure,2,1,25,10800,0,0,26
engine_execution,resource_release_failure,2,1,26,10900,0,0,27
engine_execution,resource_release_failure,2,1,27,10900,0,0,28
engine_execution,resource_release_failure,2,1,28,10700,0,0,29
engine_execution,resource_release_failure,2,1,29,11000,0,0,30
engine_execution,resource_release_failure,2,1,30,10900,0,0,31
engine_execution,resource_release_failure,2,1,31,10900,0,0,32
engine_execution,resource_release_failure,2,1,32,10700,0,0,33
engine_execution,resource_release_failure,2,1,33,10800,0,0,34
engine_execution,resource_release_failure,2,1,34,10800,0,0,35
engine_execution,resource_release_failure,2,1,35,10800,0,0,36
engine_execution,resource_release_failure,2,1,36,10700,0,0,37
engine_execution,resource_release_failure,2,1,37,10700,0,0,38
engine_execution,resource_release_failure,2,1,38,10700,0,0,39
engine_execution,resource_release_failure,2,1,39,10800,0,0,40
engine_execution_alloc,resource_release_failure,2,1,0,0,229,23817,23131
engine_execution,resource_startup_failure,2,1,0,10800,0,0,3
engine_execution,resource_startup_failure,2,1,1,10800,0,0,3
engine_execution,resource_startup_failure,2,1,2,10700,0,0,3
engine_execution,resource_startup_failure,2,1,3,10800,0,0,3
engine_execution,resource_startup_failure,2,1,4,10700,0,0,3
engine_execution,resource_startup_failure,2,1,5,10800,0,0,3
engine_execution,resource_startup_failure,2,1,6,10600,0,0,3
engine_execution,resource_startup_failure,2,1,7,11000,0,0,3
engine_execution,resource_startup_failure,2,1,8,10600,0,0,3
engine_execution,resource_startup_failure,2,1,9,10600,0,0,3
engine_execution,resource_startup_failure,2,1,10,10700,0,0,3
engine_execution,resource_startup_failure,2,1,11,10800,0,0,3
engine_execution,resource_startup_failure,2,1,12,10700,0,0,3
engine_execution,resource_startup_failure,2,1,13,10900,0,0,3
engine_execution,resource_startup_failure,2,1,14,10700,0,0,3
engine_execution,resource_startup_failure,2,1,15,10700,0,0,3
engine_execution,resource_startup_failure,2,1,16,10600,0,0,3
engine_execution,resource_startup_failure,2,1,17,10700,0,0,3
engine_execution,resource_startup_failure,2,1,18,10700,0,0,3
engine_execution,resource_startup_failure,2,1,19,10600,0,0,3
engine_execution,resource_startup_failure,2,1,20,10700,0,0,3
engine_execution,resource_startup_failure,2,1,21,10700,0,0,3
engine_execution,resource_startup_failure,2,1,22,10700,0,0,3
engine_execution,resource_startup_failure,2,1,23,10700,0,0,3
engine_execution,resource_startup_failure,2,1,24,10700,0,0,3
engine_execution,resource_startup_failure,2,1,25,10700,0,0,3
engine_execution,resource_startup_failure,2,1,26,10600,0,0,3
engine_execution,resource_startup_failure,2,1,27,10700,0,0,3
engine_execution,resource_startup_failure,2,1,28,10700,0,0,3
engine_execution,resource_startup_failure,2,1,29,10800,0,0,3
engine_execution,resource_startup_failure,2,1,30,10600,0,0,3
engine_execution,resource_startup_failure,2,1,31,10900,0,0,3
engine_execution,resource_startup_failure,2,1,32,10700,0,0,3
engine_execution,resource_startup_failure,2,1,33,10600,0,0,3
engine_execution,resource_startup_failure,2,1,34,10600,0,0,3
engine_execution,resource_startup_failure,2,1,35,10600,0,0,3
engine_execution,resource_startup_failure,2,1,36,10400,0,0,3
engine_execution,resource_startup_failure,2,1,37,10500,0,0,3
engine_execution,resource_startup_failure,2,1,38,10700,0,0,3
engine_execution,resource_startup_failure,2,1,39,10700,0,0,3
engine_execution_alloc,resource_startup_failure,2,1,0,0,226,24110,3
engine_execution,resource_cleanup_error_upstream,3,1,0,16200,0,0,0
engine_execution,resource_cleanup_error_upstream,3,1,1,17300,0,0,1
engine_execution,resource_cleanup_error_upstream,3,1,2,16400,0,0,2
engine_execution,resource_cleanup_error_upstream,3,1,3,16200,0,0,3
engine_execution,resource_cleanup_error_upstream,3,1,4,16100,0,0,4
engine_execution,resource_cleanup_error_upstream,3,1,5,16300,0,0,5
engine_execution,resource_cleanup_error_upstream,3,1,6,16000,0,0,6
engine_execution,resource_cleanup_error_upstream,3,1,7,16300,0,0,7
engine_execution,resource_cleanup_error_upstream,3,1,8,16500,0,0,8
engine_execution,resource_cleanup_error_upstream,3,1,9,16600,0,0,9
engine_execution,resource_cleanup_error_upstream,3,1,10,16500,0,0,10
engine_execution,resource_cleanup_error_upstream,3,1,11,16100,0,0,11
engine_execution,resource_cleanup_error_upstream,3,1,12,15700,0,0,12
engine_execution,resource_cleanup_error_upstream,3,1,13,15900,0,0,13
engine_execution,resource_cleanup_error_upstream,3,1,14,15900,0,0,14
engine_execution,resource_cleanup_error_upstream,3,1,15,15800,0,0,15
engine_execution,resource_cleanup_error_upstream,3,1,16,16000,0,0,16
engine_execution,resource_cleanup_error_upstream,3,1,17,16200,0,0,17
engine_execution,resource_cleanup_error_upstream,3,1,18,16000,0,0,18
engine_execution,resource_cleanup_error_upstream,3,1,19,15800,0,0,19
engine_execution,resource_cleanup_error_upstream,3,1,20,17000,0,0,20
engine_execution,resource_cleanup_error_upstream,3,1,21,16200,0,0,21
engine_execution,resource_cleanup_error_upstream,3,1,22,16300,0,0,22
engine_execution,resource_cleanup_error_upstream,3,1,23,16700,0,0,23
engine_execution,resource_cleanup_error_upstream,3,1,24,16500,0,0,24
engine_execution,resource_cleanup_error_upstream,3,1,25,16900,0,0,25
engine_execution,resource_cleanup_error_upstream,3,1,26,16100,0,0,26
engine_execution,resource_cleanup_error_upstream,3,1,27,16000,0,0,27
engine_execution,resource_cleanup_error_upstream,3,1,28,15900,0,0,28
engine_execution,resource_cleanup_error_upstream,3,1,29,15900,0,0,29
engine_execution,resource_cleanup_error_upstream,3,1,30,15700,0,0,30
engine_execution,resource_cleanup_error_upstream,3,1,31,15700,0,0,31
engine_execution,resource_cleanup_error_upstream,3,1,32,15800,0,0,32
engine_execution,resource_cleanup_error_upstream,3,1,33,16000,0,0,33
engine_execution,resource_cleanup_error_upstream,3,1,34,15700,0,0,34
engine_execution,resource_cleanup_error_upstream,3,1,35,15600,0,0,35
engine_execution,resource_cleanup_error_upstream,3,1,36,16000,0,0,36
engine_execution,resource_cleanup_error_upstream,3,1,37,15600,0,0,37
engine_execution,resource_cleanup_error_upstream,3,1,38,15600,0,0,38
engine_execution,resource_cleanup_error_upstream,3,1,39,15800,0,0,39
engine_execution_alloc,resource_cleanup_error_upstream,3,1,0,0,337,30130,23130
engine_execution,resource_cancel_after_acquire,1,0,0,19500,0,0,3
engine_execution,resource_cancel_after_acquire,1,0,1,9400,0,0,3
engine_execution,resource_cancel_after_acquire,1,0,2,8900,0,0,3
engine_execution,resource_cancel_after_acquire,1,0,3,8400,0,0,3
engine_execution,resource_cancel_after_acquire,1,0,4,8500,0,0,3
engine_execution,resource_cancel_after_acquire,1,0,5,8600,0,0,3
engine_execution,resource_cancel_after_acquire,1,0,6,8400,0,0,3
engine_execution,resource_cancel_after_acquire,1,0,7,8500,0,0,3
engine_execution,resource_cancel_after_acquire,1,0,8,8400,0,0,3
engine_execution,resource_cancel_after_acquire,1,0,9,8500,0,0,3
engine_execution,resource_cancel_after_acquire,1,0,10,8600,0,0,3
engine_execution,resource_cancel_after_acquire,1,0,11,8500,0,0,3
engine_execution,resource_cancel_after_acquire,1,0,12,8500,0,0,3
engine_execution,resource_cancel_after_acquire,1,0,13,8600,0,0,3
engine_execution,resource_cancel_after_acquire,1,0,14,8600,0,0,3
engine_execution,resource_cancel_after_acquire,1,0,15,8500,0,0,3
engine_execution,resource_cancel_after_acquire,1,0,16,8500,0,0,3
engine_execution,resource_cancel_after_acquire,1,0,17,8500,0,0,3
engine_execution,resource_cancel_after_acquire,1,0,18,8600,0,0,3
engine_execution,resource_cancel_after_acquire,1,0,19,8400,0,0,3
engine_execution,resource_cancel_after_acquire,1,0,20,8400,0,0,3
engine_execution,resource_cancel_after_acquire,1,0,21,8500,0,0,3
engine_execution,resource_cancel_after_acquire,1,0,22,14700,0,0,3
engine_execution,resource_cancel_after_acquire,1,0,23,11300,0,0,3
engine_execution,resource_cancel_after_acquire,1,0,24,9600,0,0,3
engine_execution,resource_cancel_after_acquire,1,0,25,9000,0,0,3
engine_execution,resource_cancel_after_acquire,1,0,26,9400,0,0,3
engine_execution,resource_cancel_after_acquire,1,0,27,8800,0,0,3
engine_execution,resource_cancel_after_acquire,1,0,28,8400,0,0,3
engine_execution,resource_cancel_after_acquire,1,0,29,8400,0,0,3
engine_execution,resource_cancel_after_acquire,1,0,30,8500,0,0,3
engine_execution,resource_cancel_after_acquire,1,0,31,8400,0,0,3
engine_execution,resource_cancel_after_acquire,1,0,32,8400,0,0,3
engine_execution,resource_cancel_after_acquire,1,0,33,8500,0,0,3
engine_execution,resource_cancel_after_acquire,1,0,34,8500,0,0,3
engine_execution,resource_cancel_after_acquire,1,0,35,8400,0,0,3
engine_execution,resource_cancel_after_acquire,1,0,36,8500,0,0,3
engine_execution,resource_cancel_after_acquire,1,0,37,8400,0,0,3
engine_execution,resource_cancel_after_acquire,1,0,38,8300,0,0,3
engine_execution,resource_cancel_after_acquire,1,0,39,8400,0,0,3
engine_execution,effect_known_receipt,1,0,0,7700,0,0,1
engine_execution,effect_known_receipt,1,0,1,7700,0,0,0
engine_execution,effect_known_receipt,1,0,2,7700,0,0,3
engine_execution,effect_known_receipt,1,0,3,7700,0,0,2
engine_execution,effect_known_receipt,1,0,4,7800,0,0,5
engine_execution,effect_known_receipt,1,0,5,7700,0,0,4
engine_execution,effect_known_receipt,1,0,6,7700,0,0,7
engine_execution,effect_known_receipt,1,0,7,7700,0,0,6
engine_execution,effect_known_receipt,1,0,8,7700,0,0,9
engine_execution,effect_known_receipt,1,0,9,7800,0,0,8
engine_execution,effect_known_receipt,1,0,10,7600,0,0,11
engine_execution,effect_known_receipt,1,0,11,7700,0,0,10
engine_execution,effect_known_receipt,1,0,12,7600,0,0,13
engine_execution,effect_known_receipt,1,0,13,7800,0,0,12
engine_execution,effect_known_receipt,1,0,14,8000,0,0,15
engine_execution,effect_known_receipt,1,0,15,8000,0,0,14
engine_execution,effect_known_receipt,1,0,16,8200,0,0,17
engine_execution,effect_known_receipt,1,0,17,7800,0,0,16
engine_execution,effect_known_receipt,1,0,18,7800,0,0,19
engine_execution,effect_known_receipt,1,0,19,7800,0,0,18
engine_execution,effect_known_receipt,1,0,20,7700,0,0,21
engine_execution,effect_known_receipt,1,0,21,7800,0,0,20
engine_execution,effect_known_receipt,1,0,22,7800,0,0,23
engine_execution,effect_known_receipt,1,0,23,7800,0,0,22
engine_execution,effect_known_receipt,1,0,24,7800,0,0,25
engine_execution,effect_known_receipt,1,0,25,7900,0,0,24
engine_execution,effect_known_receipt,1,0,26,8200,0,0,27
engine_execution,effect_known_receipt,1,0,27,7700,0,0,26
engine_execution,effect_known_receipt,1,0,28,7600,0,0,29
engine_execution,effect_known_receipt,1,0,29,7800,0,0,28
engine_execution,effect_known_receipt,1,0,30,7700,0,0,31
engine_execution,effect_known_receipt,1,0,31,7800,0,0,30
engine_execution,effect_known_receipt,1,0,32,7500,0,0,33
engine_execution,effect_known_receipt,1,0,33,7700,0,0,32
engine_execution,effect_known_receipt,1,0,34,7600,0,0,35
engine_execution,effect_known_receipt,1,0,35,7900,0,0,34
engine_execution,effect_known_receipt,1,0,36,7700,0,0,37
engine_execution,effect_known_receipt,1,0,37,7600,0,0,36
engine_execution,effect_known_receipt,1,0,38,7700,0,0,39
engine_execution,effect_known_receipt,1,0,39,7800,0,0,38
engine_execution_alloc,effect_known_receipt,1,0,0,0,160,18493,23131
engine_execution,retry_one_failure,1,0,0,7900,0,0,1
engine_execution,retry_one_failure,1,0,1,7800,0,0,0
engine_execution,retry_one_failure,1,0,2,7900,0,0,3
engine_execution,retry_one_failure,1,0,3,7900,0,0,2
engine_execution,retry_one_failure,1,0,4,8000,0,0,5
engine_execution,retry_one_failure,1,0,5,8000,0,0,4
engine_execution,retry_one_failure,1,0,6,8000,0,0,7
engine_execution,retry_one_failure,1,0,7,7900,0,0,6
engine_execution,retry_one_failure,1,0,8,8000,0,0,9
engine_execution,retry_one_failure,1,0,9,8100,0,0,8
engine_execution,retry_one_failure,1,0,10,8200,0,0,11
engine_execution,retry_one_failure,1,0,11,7900,0,0,10
engine_execution,retry_one_failure,1,0,12,8100,0,0,13
engine_execution,retry_one_failure,1,0,13,8000,0,0,12
engine_execution,retry_one_failure,1,0,14,8000,0,0,15
engine_execution,retry_one_failure,1,0,15,8100,0,0,14
engine_execution,retry_one_failure,1,0,16,7900,0,0,17
engine_execution,retry_one_failure,1,0,17,8200,0,0,16
engine_execution,retry_one_failure,1,0,18,8100,0,0,19
engine_execution,retry_one_failure,1,0,19,8000,0,0,18
engine_execution,retry_one_failure,1,0,20,8000,0,0,21
engine_execution,retry_one_failure,1,0,21,7900,0,0,20
engine_execution,retry_one_failure,1,0,22,8100,0,0,23
engine_execution,retry_one_failure,1,0,23,8000,0,0,22
engine_execution,retry_one_failure,1,0,24,7700,0,0,25
engine_execution,retry_one_failure,1,0,25,7900,0,0,24
engine_execution,retry_one_failure,1,0,26,7800,0,0,27
engine_execution,retry_one_failure,1,0,27,7800,0,0,26
engine_execution,retry_one_failure,1,0,28,8000,0,0,29
engine_execution,retry_one_failure,1,0,29,7900,0,0,28
engine_execution,retry_one_failure,1,0,30,8100,0,0,31
engine_execution,retry_one_failure,1,0,31,7800,0,0,30
engine_execution,retry_one_failure,1,0,32,7900,0,0,33
engine_execution,retry_one_failure,1,0,33,8000,0,0,32
engine_execution,retry_one_failure,1,0,34,8200,0,0,35
engine_execution,retry_one_failure,1,0,35,8000,0,0,34
engine_execution,retry_one_failure,1,0,36,8000,0,0,37
engine_execution,retry_one_failure,1,0,37,7700,0,0,36
engine_execution,retry_one_failure,1,0,38,7900,0,0,39
engine_execution,retry_one_failure,1,0,39,7800,0,0,38
engine_execution_alloc,retry_one_failure,1,0,0,0,165,18872,23131
engine_execution,component_flat,10,9,0,31700,0,0,0
engine_execution,component_flat,10,9,1,32000,0,0,1
engine_execution,component_flat,10,9,2,31700,0,0,2
engine_execution,component_flat,10,9,3,31900,0,0,3
engine_execution,component_flat,10,9,4,32000,0,0,4
engine_execution,component_flat,10,9,5,32300,0,0,5
engine_execution,component_flat,10,9,6,31600,0,0,6
engine_execution,component_flat,10,9,7,31300,0,0,7
engine_execution,component_flat,10,9,8,31600,0,0,8
engine_execution,component_flat,10,9,9,31700,0,0,9
engine_execution,component_flat,10,9,10,31900,0,0,10
engine_execution,component_flat,10,9,11,31300,0,0,11
engine_execution,component_flat,10,9,12,31700,0,0,12
engine_execution,component_flat,10,9,13,31800,0,0,13
engine_execution,component_flat,10,9,14,31700,0,0,14
engine_execution,component_flat,10,9,15,33000,0,0,15
engine_execution,component_flat,10,9,16,31700,0,0,16
engine_execution,component_flat,10,9,17,32400,0,0,17
engine_execution,component_flat,10,9,18,31900,0,0,18
engine_execution,component_flat,10,9,19,31300,0,0,19
engine_execution,component_flat,10,9,20,31500,0,0,20
engine_execution,component_flat,10,9,21,31500,0,0,21
engine_execution,component_flat,10,9,22,31400,0,0,22
engine_execution,component_flat,10,9,23,36500,0,0,23
engine_execution,component_flat,10,9,24,31600,0,0,24
engine_execution,component_flat,10,9,25,31700,0,0,25
engine_execution,component_flat,10,9,26,31500,0,0,26
engine_execution,component_flat,10,9,27,31500,0,0,27
engine_execution,component_flat,10,9,28,31500,0,0,28
engine_execution,component_flat,10,9,29,31600,0,0,29
engine_execution,component_flat,10,9,30,31500,0,0,30
engine_execution,component_flat,10,9,31,31100,0,0,31
engine_execution,component_flat,10,9,32,31400,0,0,32
engine_execution,component_flat,10,9,33,31500,0,0,33
engine_execution,component_flat,10,9,34,31700,0,0,34
engine_execution,component_flat,10,9,35,31300,0,0,35
engine_execution,component_flat,10,9,36,31100,0,0,36
engine_execution,component_flat,10,9,37,31700,0,0,37
engine_execution,component_flat,10,9,38,32500,0,0,38
engine_execution,component_flat,10,9,39,31100,0,0,39
engine_execution_alloc,component_flat,10,9,0,0,654,66045,23130
engine_execution,component_nested,13,12,0,44400,0,0,0
engine_execution,component_nested,13,12,1,47700,0,0,1
engine_execution,component_nested,13,12,2,45100,0,0,2
engine_execution,component_nested,13,12,3,44600,0,0,3
engine_execution,component_nested,13,12,4,44400,0,0,4
engine_execution,component_nested,13,12,5,43900,0,0,5
engine_execution,component_nested,13,12,6,44000,0,0,6
engine_execution,component_nested,13,12,7,43800,0,0,7
engine_execution,component_nested,13,12,8,44000,0,0,8
engine_execution,component_nested,13,12,9,43800,0,0,9
engine_execution,component_nested,13,12,10,44300,0,0,10
engine_execution,component_nested,13,12,11,43800,0,0,11
engine_execution,component_nested,13,12,12,44800,0,0,12
engine_execution,component_nested,13,12,13,44100,0,0,13
engine_execution,component_nested,13,12,14,43800,0,0,14
engine_execution,component_nested,13,12,15,44700,0,0,15
engine_execution,component_nested,13,12,16,44100,0,0,16
engine_execution,component_nested,13,12,17,43900,0,0,17
engine_execution,component_nested,13,12,18,44200,0,0,18
engine_execution,component_nested,13,12,19,43800,0,0,19
engine_execution,component_nested,13,12,20,44300,0,0,20
engine_execution,component_nested,13,12,21,43900,0,0,21
engine_execution,component_nested,13,12,22,44200,0,0,22
engine_execution,component_nested,13,12,23,48100,0,0,23
engine_execution,component_nested,13,12,24,44300,0,0,24
engine_execution,component_nested,13,12,25,44000,0,0,25
engine_execution,component_nested,13,12,26,43700,0,0,26
engine_execution,component_nested,13,12,27,43800,0,0,27
engine_execution,component_nested,13,12,28,43700,0,0,28
engine_execution,component_nested,13,12,29,44000,0,0,29
engine_execution,component_nested,13,12,30,43700,0,0,30
engine_execution,component_nested,13,12,31,43900,0,0,31
engine_execution,component_nested,13,12,32,44500,0,0,32
engine_execution,component_nested,13,12,33,44400,0,0,33
engine_execution,component_nested,13,12,34,44100,0,0,34
engine_execution,component_nested,13,12,35,43600,0,0,35
engine_execution,component_nested,13,12,36,45400,0,0,36
engine_execution,component_nested,13,12,37,44100,0,0,37
engine_execution,component_nested,13,12,38,43700,0,0,38
engine_execution,component_nested,13,12,39,43700,0,0,39
engine_execution_alloc,component_nested,13,12,0,0,983,82379,23130
engine_execution,component_flat,100,99,0,350700,0,0,1
engine_execution,component_flat,100,99,1,347300,0,0,0
engine_execution,component_flat,100,99,2,346300,0,0,3
engine_execution,component_flat,100,99,3,351500,0,0,2
engine_execution,component_flat,100,99,4,347000,0,0,5
engine_execution,component_flat,100,99,5,352600,0,0,4
engine_execution,component_flat,100,99,6,354600,0,0,7
engine_execution,component_flat,100,99,7,349400,0,0,6
engine_execution,component_flat,100,99,8,351000,0,0,9
engine_execution,component_flat,100,99,9,354800,0,0,8
engine_execution,component_flat,100,99,10,348500,0,0,11
engine_execution,component_flat,100,99,11,349700,0,0,10
engine_execution,component_flat,100,99,12,354700,0,0,13
engine_execution,component_flat,100,99,13,348800,0,0,12
engine_execution,component_flat,100,99,14,354300,0,0,15
engine_execution,component_flat,100,99,15,348900,0,0,14
engine_execution,component_flat,100,99,16,354600,0,0,17
engine_execution,component_flat,100,99,17,356000,0,0,16
engine_execution,component_flat,100,99,18,346400,0,0,19
engine_execution,component_flat,100,99,19,346400,0,0,18
engine_execution,component_flat,100,99,20,376100,0,0,21
engine_execution,component_flat,100,99,21,402600,0,0,20
engine_execution,component_flat,100,99,22,353400,0,0,23
engine_execution,component_flat,100,99,23,364600,0,0,22
engine_execution,component_flat,100,99,24,357800,0,0,25
engine_execution,component_flat,100,99,25,388600,0,0,24
engine_execution,component_flat,100,99,26,354100,0,0,27
engine_execution,component_flat,100,99,27,346800,0,0,26
engine_execution,component_flat,100,99,28,354800,0,0,29
engine_execution,component_flat,100,99,29,347500,0,0,28
engine_execution,component_flat,100,99,30,346200,0,0,31
engine_execution,component_flat,100,99,31,352000,0,0,30
engine_execution,component_flat,100,99,32,346900,0,0,33
engine_execution,component_flat,100,99,33,347000,0,0,32
engine_execution,component_flat,100,99,34,350500,0,0,35
engine_execution,component_flat,100,99,35,351400,0,0,34
engine_execution,component_flat,100,99,36,356700,0,0,37
engine_execution,component_flat,100,99,37,353100,0,0,36
engine_execution,component_flat,100,99,38,348000,0,0,39
engine_execution,component_flat,100,99,39,345500,0,0,38
engine_execution_alloc,component_flat,100,99,0,0,5983,769191,23131
engine_execution,component_nested,103,102,0,429300,0,0,1
engine_execution,component_nested,103,102,1,405700,0,0,0
engine_execution,component_nested,103,102,2,405600,0,0,3
engine_execution,component_nested,103,102,3,407500,0,0,2
engine_execution,component_nested,103,102,4,404400,0,0,5
engine_execution,component_nested,103,102,5,415100,0,0,4
engine_execution,component_nested,103,102,6,407100,0,0,7
engine_execution,component_nested,103,102,7,413200,0,0,6
engine_execution,component_nested,103,102,8,405700,0,0,9
engine_execution,component_nested,103,102,9,402100,0,0,8
engine_execution,component_nested,103,102,10,408300,0,0,11
engine_execution,component_nested,103,102,11,401400,0,0,10
engine_execution,component_nested,103,102,12,406100,0,0,13
engine_execution,component_nested,103,102,13,404800,0,0,12
engine_execution,component_nested,103,102,14,403700,0,0,15
engine_execution,component_nested,103,102,15,407100,0,0,14
engine_execution,component_nested,103,102,16,403000,0,0,17
engine_execution,component_nested,103,102,17,419800,0,0,16
engine_execution,component_nested,103,102,18,400700,0,0,19
engine_execution,component_nested,103,102,19,402100,0,0,18
engine_execution,component_nested,103,102,20,407700,0,0,21
engine_execution,component_nested,103,102,21,403800,0,0,20
engine_execution,component_nested,103,102,22,408900,0,0,23
engine_execution,component_nested,103,102,23,405500,0,0,22
engine_execution,component_nested,103,102,24,403900,0,0,25
engine_execution,component_nested,103,102,25,405600,0,0,24
engine_execution,component_nested,103,102,26,402400,0,0,27
engine_execution,component_nested,103,102,27,424400,0,0,26
engine_execution,component_nested,103,102,28,463800,0,0,29
engine_execution,component_nested,103,102,29,414500,0,0,28
engine_execution,component_nested,103,102,30,403000,0,0,31
engine_execution,component_nested,103,102,31,410600,0,0,30
engine_execution,component_nested,103,102,32,422400,0,0,33
engine_execution,component_nested,103,102,33,401100,0,0,32
engine_execution,component_nested,103,102,34,421600,0,0,35
engine_execution,component_nested,103,102,35,400900,0,0,34
engine_execution,component_nested,103,102,36,405100,0,0,37
engine_execution,component_nested,103,102,37,426800,0,0,36
engine_execution,component_nested,103,102,38,416300,0,0,39
engine_execution,component_nested,103,102,39,414700,0,0,38
engine_execution_alloc,component_nested,103,102,0,0,7482,838445,23131
engine_execution,resident_ready_shutdown,1,0,0,8400,0,0,1
engine_execution,resident_ready_shutdown,1,0,1,8200,0,0,1
engine_execution,resident_ready_shutdown,1,0,2,8200,0,0,1
engine_execution,resident_ready_shutdown,1,0,3,8500,0,0,1
engine_execution,resident_ready_shutdown,1,0,4,8300,0,0,1
engine_execution,resident_ready_shutdown,1,0,5,8000,0,0,1
engine_execution,resident_ready_shutdown,1,0,6,8400,0,0,1
engine_execution,resident_ready_shutdown,1,0,7,8000,0,0,1
engine_execution,resident_ready_shutdown,1,0,8,8000,0,0,1
engine_execution,resident_ready_shutdown,1,0,9,8500,0,0,1
engine_execution,resident_ready_shutdown,1,0,10,8100,0,0,1
engine_execution,resident_ready_shutdown,1,0,11,8300,0,0,1
engine_execution,resident_ready_shutdown,1,0,12,8400,0,0,1
engine_execution,resident_ready_shutdown,1,0,13,8500,0,0,1
engine_execution,resident_ready_shutdown,1,0,14,8800,0,0,1
engine_execution,resident_ready_shutdown,1,0,15,8500,0,0,1
engine_execution,resident_ready_shutdown,1,0,16,8400,0,0,1
engine_execution,resident_ready_shutdown,1,0,17,8100,0,0,1
engine_execution,resident_ready_shutdown,1,0,18,8100,0,0,1
engine_execution,resident_ready_shutdown,1,0,19,8000,0,0,1
engine_execution,resident_ready_shutdown,1,0,20,8400,0,0,1
engine_execution,resident_ready_shutdown,1,0,21,8400,0,0,1
engine_execution,resident_ready_shutdown,1,0,22,8100,0,0,1
engine_execution,resident_ready_shutdown,1,0,23,8200,0,0,1
engine_execution,resident_ready_shutdown,1,0,24,8100,0,0,1
engine_execution,resident_ready_shutdown,1,0,25,8100,0,0,1
engine_execution,resident_ready_shutdown,1,0,26,8000,0,0,1
engine_execution,resident_ready_shutdown,1,0,27,13200,0,0,1
engine_execution,resident_ready_shutdown,1,0,28,8200,0,0,1
engine_execution,resident_ready_shutdown,1,0,29,8100,0,0,1
engine_execution,resident_ready_shutdown,1,0,30,8100,0,0,1
engine_execution,resident_ready_shutdown,1,0,31,8100,0,0,1
engine_execution,resident_ready_shutdown,1,0,32,8300,0,0,1
engine_execution,resident_ready_shutdown,1,0,33,8200,0,0,1
engine_execution,resident_ready_shutdown,1,0,34,8200,0,0,1
engine_execution,resident_ready_shutdown,1,0,35,8400,0,0,1
engine_execution,resident_ready_shutdown,1,0,36,8200,0,0,1
engine_execution,resident_ready_shutdown,1,0,37,8400,0,0,1
engine_execution,resident_ready_shutdown,1,0,38,8200,0,0,1
engine_execution,resident_ready_shutdown,1,0,39,8100,0,0,1
engine_execution,dynamic_live_instances_1,3,2,0,28900,0,0,0
engine_execution,dynamic_live_instances_1,3,2,1,29400,0,0,0
engine_execution,dynamic_live_instances_1,3,2,2,28400,0,0,0
engine_execution,dynamic_live_instances_1,3,2,3,28000,0,0,0
engine_execution,dynamic_live_instances_1,3,2,4,28800,0,0,0
engine_execution,dynamic_live_instances_1,3,2,5,28500,0,0,0
engine_execution,dynamic_live_instances_1,3,2,6,28900,0,0,0
engine_execution,dynamic_live_instances_1,3,2,7,29800,0,0,0
engine_execution,dynamic_live_instances_1,3,2,8,29000,0,0,0
engine_execution,dynamic_live_instances_1,3,2,9,28400,0,0,0
engine_execution,dynamic_live_instances_1,3,2,10,28200,0,0,0
engine_execution,dynamic_live_instances_1,3,2,11,28300,0,0,0
engine_execution,dynamic_live_instances_1,3,2,12,28300,0,0,0
engine_execution,dynamic_live_instances_1,3,2,13,28800,0,0,0
engine_execution,dynamic_live_instances_1,3,2,14,28300,0,0,0
engine_execution,dynamic_live_instances_1,3,2,15,28300,0,0,0
engine_execution,dynamic_live_instances_1,3,2,16,28600,0,0,0
engine_execution,dynamic_live_instances_1,3,2,17,29200,0,0,0
engine_execution,dynamic_live_instances_1,3,2,18,28200,0,0,0
engine_execution,dynamic_live_instances_1,3,2,19,29200,0,0,0
engine_execution,dynamic_live_instances_1,3,2,20,28300,0,0,0
engine_execution,dynamic_live_instances_1,3,2,21,31200,0,0,0
engine_execution,dynamic_live_instances_1,3,2,22,29400,0,0,0
engine_execution,dynamic_live_instances_1,3,2,23,28900,0,0,0
engine_execution,dynamic_live_instances_1,3,2,24,28700,0,0,0
engine_execution,dynamic_live_instances_1,3,2,25,28400,0,0,0
engine_execution,dynamic_live_instances_1,3,2,26,28100,0,0,0
engine_execution,dynamic_live_instances_1,3,2,27,28300,0,0,0
engine_execution,dynamic_live_instances_1,3,2,28,27900,0,0,0
engine_execution,dynamic_live_instances_1,3,2,29,28000,0,0,0
engine_execution,dynamic_live_instances_1,3,2,30,28500,0,0,0
engine_execution,dynamic_live_instances_1,3,2,31,28300,0,0,0
engine_execution,dynamic_live_instances_1,3,2,32,28000,0,0,0
engine_execution,dynamic_live_instances_1,3,2,33,27800,0,0,0
engine_execution,dynamic_live_instances_1,3,2,34,28200,0,0,0
engine_execution,dynamic_live_instances_1,3,2,35,28700,0,0,0
engine_execution,dynamic_live_instances_1,3,2,36,28500,0,0,0
engine_execution,dynamic_live_instances_1,3,2,37,29300,0,0,0
engine_execution,dynamic_live_instances_1,3,2,38,28400,0,0,0
engine_execution,dynamic_live_instances_1,3,2,39,28100,0,0,0
engine_execution_alloc,dynamic_live_instances_1,3,2,1,0,604,56109,0
engine_execution,dynamic_live_instances_10,3,2,0,219900,0,0,11
engine_execution,dynamic_live_instances_10,3,2,1,220100,0,0,11
engine_execution,dynamic_live_instances_10,3,2,2,238300,0,0,11
engine_execution,dynamic_live_instances_10,3,2,3,223300,0,0,11
engine_execution,dynamic_live_instances_10,3,2,4,218100,0,0,11
engine_execution,dynamic_live_instances_10,3,2,5,220100,0,0,11
engine_execution,dynamic_live_instances_10,3,2,6,228300,0,0,11
engine_execution,dynamic_live_instances_10,3,2,7,222800,0,0,11
engine_execution,dynamic_live_instances_10,3,2,8,221300,0,0,11
engine_execution,dynamic_live_instances_10,3,2,9,220900,0,0,11
engine_execution,dynamic_live_instances_10,3,2,10,221300,0,0,11
engine_execution,dynamic_live_instances_10,3,2,11,229900,0,0,11
engine_execution,dynamic_live_instances_10,3,2,12,219500,0,0,11
engine_execution,dynamic_live_instances_10,3,2,13,219600,0,0,11
engine_execution,dynamic_live_instances_10,3,2,14,223600,0,0,11
engine_execution,dynamic_live_instances_10,3,2,15,223600,0,0,11
engine_execution,dynamic_live_instances_10,3,2,16,219100,0,0,11
engine_execution,dynamic_live_instances_10,3,2,17,222600,0,0,11
engine_execution,dynamic_live_instances_10,3,2,18,219000,0,0,11
engine_execution,dynamic_live_instances_10,3,2,19,220900,0,0,11
engine_execution,dynamic_live_instances_10,3,2,20,225100,0,0,11
engine_execution,dynamic_live_instances_10,3,2,21,219800,0,0,11
engine_execution,dynamic_live_instances_10,3,2,22,220000,0,0,11
engine_execution,dynamic_live_instances_10,3,2,23,218200,0,0,11
engine_execution,dynamic_live_instances_10,3,2,24,224300,0,0,11
engine_execution,dynamic_live_instances_10,3,2,25,219500,0,0,11
engine_execution,dynamic_live_instances_10,3,2,26,218400,0,0,11
engine_execution,dynamic_live_instances_10,3,2,27,218100,0,0,11
engine_execution,dynamic_live_instances_10,3,2,28,216900,0,0,11
engine_execution,dynamic_live_instances_10,3,2,29,224900,0,0,11
engine_execution,dynamic_live_instances_10,3,2,30,216700,0,0,11
engine_execution,dynamic_live_instances_10,3,2,31,220100,0,0,11
engine_execution,dynamic_live_instances_10,3,2,32,220000,0,0,11
engine_execution,dynamic_live_instances_10,3,2,33,220100,0,0,11
engine_execution,dynamic_live_instances_10,3,2,34,216400,0,0,11
engine_execution,dynamic_live_instances_10,3,2,35,219900,0,0,11
engine_execution,dynamic_live_instances_10,3,2,36,219200,0,0,11
engine_execution,dynamic_live_instances_10,3,2,37,218000,0,0,11
engine_execution,dynamic_live_instances_10,3,2,38,222900,0,0,11
engine_execution,dynamic_live_instances_10,3,2,39,219500,0,0,11
engine_execution_alloc,dynamic_live_instances_10,3,2,10,0,4361,400384,11
engine_execution,dynamic_live_instances_100,3,2,0,5387500,0,0,101
engine_execution,dynamic_live_instances_100,3,2,1,5392700,0,0,101
engine_execution,dynamic_live_instances_100,3,2,2,5377400,0,0,101
engine_execution,dynamic_live_instances_100,3,2,3,5413500,0,0,101
engine_execution,dynamic_live_instances_100,3,2,4,5327000,0,0,101
engine_execution,dynamic_live_instances_100,3,2,5,5329600,0,0,101
engine_execution,dynamic_live_instances_100,3,2,6,5293100,0,0,101
engine_execution,dynamic_live_instances_100,3,2,7,5713300,0,0,101
engine_execution,dynamic_live_instances_100,3,2,8,5161400,0,0,101
engine_execution,dynamic_live_instances_100,3,2,9,5137200,0,0,101
engine_execution,dynamic_live_instances_100,3,2,10,5215100,0,0,101
engine_execution,dynamic_live_instances_100,3,2,11,5218300,0,0,101
engine_execution,dynamic_live_instances_100,3,2,12,5979700,0,0,101
engine_execution,dynamic_live_instances_100,3,2,13,5139500,0,0,101
engine_execution,dynamic_live_instances_100,3,2,14,4644100,0,0,101
engine_execution,dynamic_live_instances_100,3,2,15,4723400,0,0,101
engine_execution,dynamic_live_instances_100,3,2,16,5139000,0,0,101
engine_execution,dynamic_live_instances_100,3,2,17,4583100,0,0,101
engine_execution,dynamic_live_instances_100,3,2,18,5314400,0,0,101
engine_execution,dynamic_live_instances_100,3,2,19,5035000,0,0,101
engine_execution,dynamic_live_instances_100,3,2,20,5288500,0,0,101
engine_execution,dynamic_live_instances_100,3,2,21,4736900,0,0,101
engine_execution,dynamic_live_instances_100,3,2,22,4533000,0,0,101
engine_execution,dynamic_live_instances_100,3,2,23,4543800,0,0,101
engine_execution,dynamic_live_instances_100,3,2,24,4538300,0,0,101
engine_execution,dynamic_live_instances_100,3,2,25,4735400,0,0,101
engine_execution,dynamic_live_instances_100,3,2,26,5169600,0,0,101
engine_execution,dynamic_live_instances_100,3,2,27,4598500,0,0,101
engine_execution,dynamic_live_instances_100,3,2,28,4573600,0,0,101
engine_execution,dynamic_live_instances_100,3,2,29,4734000,0,0,101
engine_execution,dynamic_live_instances_100,3,2,30,5165400,0,0,101
engine_execution,dynamic_live_instances_100,3,2,31,4576500,0,0,101
engine_execution,dynamic_live_instances_100,3,2,32,4523400,0,0,101
engine_execution,dynamic_live_instances_100,3,2,33,4740200,0,0,101
engine_execution,dynamic_live_instances_100,3,2,34,5387100,0,0,101
engine_execution,dynamic_live_instances_100,3,2,35,4570900,0,0,101
engine_execution,dynamic_live_instances_100,3,2,36,4571700,0,0,101
engine_execution,dynamic_live_instances_100,3,2,37,4738400,0,0,101
engine_execution,dynamic_live_instances_100,3,2,38,5744100,0,0,101
engine_execution,dynamic_live_instances_100,3,2,39,4576800,0,0,101
engine_execution_alloc,dynamic_live_instances_100,3,2,100,0,68512,6238670,101
engine_execution,trace_default,100,99,0,349800,0,0,1
engine_execution,trace_default,100,99,1,351100,0,0,0
engine_execution,trace_default,100,99,2,350800,0,0,3
engine_execution,trace_default,100,99,3,347400,0,0,2
engine_execution,trace_default,100,99,4,352800,0,0,5
engine_execution,trace_default,100,99,5,350600,0,0,4
engine_execution,trace_default,100,99,6,363700,0,0,7
engine_execution,trace_default,100,99,7,367100,0,0,6
engine_execution,trace_default,100,99,8,347900,0,0,9
engine_execution,trace_default,100,99,9,349500,0,0,8
engine_execution,trace_default,100,99,10,355300,0,0,11
engine_execution,trace_default,100,99,11,350200,0,0,10
engine_execution,trace_default,100,99,12,351200,0,0,13
engine_execution,trace_default,100,99,13,354400,0,0,12
engine_execution,trace_default,100,99,14,353300,0,0,15
engine_execution,trace_default,100,99,15,348400,0,0,14
engine_execution,trace_default,100,99,16,352200,0,0,17
engine_execution,trace_default,100,99,17,350900,0,0,16
engine_execution,trace_default,100,99,18,346100,0,0,19
engine_execution,trace_default,100,99,19,351000,0,0,18
engine_execution,trace_default,100,99,20,349300,0,0,21
engine_execution,trace_default,100,99,21,347300,0,0,20
engine_execution,trace_default,100,99,22,349900,0,0,23
engine_execution,trace_default,100,99,23,347700,0,0,22
engine_execution,trace_default,100,99,24,354100,0,0,25
engine_execution,trace_default,100,99,25,347300,0,0,24
engine_execution,trace_default,100,99,26,347700,0,0,27
engine_execution,trace_default,100,99,27,354200,0,0,26
engine_execution,trace_default,100,99,28,349800,0,0,29
engine_execution,trace_default,100,99,29,346900,0,0,28
engine_execution,trace_default,100,99,30,352700,0,0,31
engine_execution,trace_default,100,99,31,346600,0,0,30
engine_execution,trace_default,100,99,32,346800,0,0,33
engine_execution,trace_default,100,99,33,353600,0,0,32
engine_execution,trace_default,100,99,34,352400,0,0,35
engine_execution,trace_default,100,99,35,351600,0,0,34
engine_execution,trace_default,100,99,36,351900,0,0,37
engine_execution,trace_default,100,99,37,345700,0,0,36
engine_execution,trace_default,100,99,38,347400,0,0,39
engine_execution,trace_default,100,99,39,365100,0,0,38
engine_execution_alloc,trace_default,100,99,0,0,5983,769191,23131
engine_execution,trace_observer,100,99,0,348100,0,0,1
engine_execution,trace_observer,100,99,1,356500,0,0,0
engine_execution,trace_observer,100,99,2,347500,0,0,3
engine_execution,trace_observer,100,99,3,348600,0,0,2
engine_execution,trace_observer,100,99,4,353600,0,0,5
engine_execution,trace_observer,100,99,5,350200,0,0,4
engine_execution,trace_observer,100,99,6,350000,0,0,7
engine_execution,trace_observer,100,99,7,350000,0,0,6
engine_execution,trace_observer,100,99,8,348100,0,0,9
engine_execution,trace_observer,100,99,9,370100,0,0,8
engine_execution,trace_observer,100,99,10,349000,0,0,11
engine_execution,trace_observer,100,99,11,347900,0,0,10
engine_execution,trace_observer,100,99,12,358600,0,0,13
engine_execution,trace_observer,100,99,13,349400,0,0,12
engine_execution,trace_observer,100,99,14,348000,0,0,15
engine_execution,trace_observer,100,99,15,352500,0,0,14
engine_execution,trace_observer,100,99,16,350300,0,0,17
engine_execution,trace_observer,100,99,17,351000,0,0,16
engine_execution,trace_observer,100,99,18,356000,0,0,19
engine_execution,trace_observer,100,99,19,349500,0,0,18
engine_execution,trace_observer,100,99,20,348300,0,0,21
engine_execution,trace_observer,100,99,21,350300,0,0,20
engine_execution,trace_observer,100,99,22,349300,0,0,23
engine_execution,trace_observer,100,99,23,346700,0,0,22
engine_execution,trace_observer,100,99,24,354800,0,0,25
engine_execution,trace_observer,100,99,25,347000,0,0,24
engine_execution,trace_observer,100,99,26,353900,0,0,27
engine_execution,trace_observer,100,99,27,349000,0,0,26
engine_execution,trace_observer,100,99,28,348800,0,0,29
engine_execution,trace_observer,100,99,29,355500,0,0,28
engine_execution,trace_observer,100,99,30,348800,0,0,31
engine_execution,trace_observer,100,99,31,347400,0,0,30
engine_execution,trace_observer,100,99,32,368500,0,0,33
engine_execution,trace_observer,100,99,33,349300,0,0,32
engine_execution,trace_observer,100,99,34,348000,0,0,35
engine_execution,trace_observer,100,99,35,363900,0,0,34
engine_execution,trace_observer,100,99,36,346200,0,0,37
engine_execution,trace_observer,100,99,37,347400,0,0,36
engine_execution,trace_observer,100,99,38,354500,0,0,39
engine_execution,trace_observer,100,99,39,348000,0,0,38
engine_execution_alloc,trace_observer,100,99,0,0,5983,769191,23131
representative_application,application_hash_sdax,10,9,0,30600,0,0,8827501768403342007
representative_application,application_hash_sdax,10,9,1,30300,0,0,8951258580674472749
representative_application,application_hash_sdax,10,9,2,30500,0,0,18157584738022301124
representative_application,application_hash_sdax,10,9,3,30800,0,0,16093298964628915617
representative_application,application_hash_sdax,10,9,4,30300,0,0,4338024545885762412
representative_application,application_hash_sdax,10,9,5,31200,0,0,4989613096480112062
representative_application,application_hash_sdax,10,9,6,30900,0,0,14756605482753659039
representative_application,application_hash_sdax,10,9,7,31100,0,0,48615153832195890
representative_application,application_hash_sdax,10,9,8,31400,0,0,12897547982939568865
representative_application,application_hash_sdax,10,9,9,30700,0,0,6455468052857312123
representative_application,application_hash_sdax,10,9,10,30300,0,0,7461994257773924098
representative_application,application_hash_sdax,10,9,11,30200,0,0,3636896381673253623
representative_application,application_hash_sdax,10,9,12,30500,0,0,6793413810667899076
representative_application,application_hash_sdax,10,9,13,30000,0,0,12277190981714708308
representative_application,application_hash_sdax,10,9,14,30100,0,0,9683030269895486545
representative_application,application_hash_sdax,10,9,15,30400,0,0,9383150768291419922
representative_application,application_hash_sdax,10,9,16,30400,0,0,11312423361794011584
representative_application,application_hash_sdax,10,9,17,31000,0,0,18128183083347417488
representative_application,application_hash_sdax,10,9,18,36400,0,0,12087555839788357172
representative_application,application_hash_sdax,10,9,19,30300,0,0,13041129334982073488
representative_application,application_hash_sdax,10,9,20,30600,0,0,8384464984104957687
representative_application,application_hash_sdax,10,9,21,30400,0,0,10868783110269989825
representative_application,application_hash_sdax,10,9,22,30700,0,0,15668235844036064711
representative_application,application_hash_sdax,10,9,23,30900,0,0,4013874171971043560
representative_application,application_hash_sdax,10,9,24,30900,0,0,4203571749175062306
representative_application,application_hash_sdax,10,9,25,30400,0,0,10926854856726577928
representative_application,application_hash_sdax,10,9,26,30500,0,0,16212662351989052772
representative_application,application_hash_sdax,10,9,27,30800,0,0,11560519827294593319
representative_application,application_hash_sdax,10,9,28,30400,0,0,7617103062409141563
representative_application,application_hash_sdax,10,9,29,30800,0,0,15838086077383948403
representative_application,application_hash_sdax,10,9,30,30200,0,0,8116776606867456652
representative_application,application_hash_sdax,10,9,31,30500,0,0,11359474695907197805
representative_application,application_hash_sdax,10,9,32,30700,0,0,9168736860549268637
representative_application,application_hash_sdax,10,9,33,30400,0,0,16764612828771598240
representative_application,application_hash_sdax,10,9,34,30800,0,0,14255204493723425259
representative_application,application_hash_sdax,10,9,35,30700,0,0,3518369773145393400
representative_application,application_hash_sdax,10,9,36,30800,0,0,8965317550446050729
representative_application,application_hash_sdax,10,9,37,30800,0,0,16665962306655849748
representative_application,application_hash_sdax,10,9,38,30700,0,0,13342058531664200426
representative_application,application_hash_sdax,10,9,39,30400,0,0,18112928529687244317
representative_application_alloc,application_hash_sdax,10,9,0,0,654,66354,17601881740522758837
representative_application,application_hash_handwritten,10,9,0,600,0,0,8827501768403342006
representative_application,application_hash_handwritten,10,9,1,600,0,0,8951258580674472748
representative_application,application_hash_handwritten,10,9,2,600,0,0,18157584738022301125
representative_application,application_hash_handwritten,10,9,3,600,0,0,16093298964628915616
representative_application,application_hash_handwritten,10,9,4,600,0,0,4338024545885762413
representative_application,application_hash_handwritten,10,9,5,600,0,0,4989613096480112063
representative_application,application_hash_handwritten,10,9,6,600,0,0,14756605482753659038
representative_application,application_hash_handwritten,10,9,7,600,0,0,48615153832195891
representative_application,application_hash_handwritten,10,9,8,500,0,0,12897547982939568864
representative_application,application_hash_handwritten,10,9,9,600,0,0,6455468052857312122
representative_application,application_hash_handwritten,10,9,10,600,0,0,7461994257773924099
representative_application,application_hash_handwritten,10,9,11,600,0,0,3636896381673253622
representative_application,application_hash_handwritten,10,9,12,600,0,0,6793413810667899077
representative_application,application_hash_handwritten,10,9,13,600,0,0,12277190981714708309
representative_application,application_hash_handwritten,10,9,14,600,0,0,9683030269895486544
representative_application,application_hash_handwritten,10,9,15,600,0,0,9383150768291419923
representative_application,application_hash_handwritten,10,9,16,600,0,0,11312423361794011585
representative_application,application_hash_handwritten,10,9,17,500,0,0,18128183083347417489
representative_application,application_hash_handwritten,10,9,18,500,0,0,12087555839788357173
representative_application,application_hash_handwritten,10,9,19,500,0,0,13041129334982073489
representative_application,application_hash_handwritten,10,9,20,500,0,0,8384464984104957686
representative_application,application_hash_handwritten,10,9,21,600,0,0,10868783110269989824
representative_application,application_hash_handwritten,10,9,22,600,0,0,15668235844036064710
representative_application,application_hash_handwritten,10,9,23,600,0,0,4013874171971043561
representative_application,application_hash_handwritten,10,9,24,600,0,0,4203571749175062307
representative_application,application_hash_handwritten,10,9,25,600,0,0,10926854856726577929
representative_application,application_hash_handwritten,10,9,26,600,0,0,16212662351989052773
representative_application,application_hash_handwritten,10,9,27,600,0,0,11560519827294593318
representative_application,application_hash_handwritten,10,9,28,600,0,0,7617103062409141562
representative_application,application_hash_handwritten,10,9,29,600,0,0,15838086077383948402
representative_application,application_hash_handwritten,10,9,30,600,0,0,8116776606867456653
representative_application,application_hash_handwritten,10,9,31,600,0,0,11359474695907197804
representative_application,application_hash_handwritten,10,9,32,500,0,0,9168736860549268636
representative_application,application_hash_handwritten,10,9,33,500,0,0,16764612828771598241
representative_application,application_hash_handwritten,10,9,34,500,0,0,14255204493723425258
representative_application,application_hash_handwritten,10,9,35,500,0,0,3518369773145393401
representative_application,application_hash_handwritten,10,9,36,600,0,0,8965317550446050728
representative_application,application_hash_handwritten,10,9,37,600,0,0,16665962306655849749
representative_application,application_hash_handwritten,10,9,38,600,0,0,13342058531664200427
representative_application,application_hash_handwritten,10,9,39,600,0,0,18112928529687244316
representative_application,application_hash_sdax,100,99,0,384300,0,0,11698499080773063169
representative_application,application_hash_sdax,100,99,1,376500,0,0,1167273700599470746
representative_application,application_hash_sdax,100,99,2,376400,0,0,230717062559681466
representative_application,application_hash_sdax,100,99,3,375700,0,0,13461277124864170951
representative_application,application_hash_sdax,100,99,4,355800,0,0,1843089491647656604
representative_application,application_hash_sdax,100,99,5,357400,0,0,1884400405866327554
representative_application,application_hash_sdax,100,99,6,348100,0,0,15657071968087079792
representative_application,application_hash_sdax,100,99,7,353800,0,0,8136226820520416651
representative_application,application_hash_sdax,100,99,8,364400,0,0,9211086410723557827
representative_application,application_hash_sdax,100,99,9,352600,0,0,3206438314367023030
representative_application,application_hash_sdax,100,99,10,351600,0,0,5368241661201366769
representative_application,application_hash_sdax,100,99,11,379100,0,0,6168939717596367288
representative_application,application_hash_sdax,100,99,12,351500,0,0,14206662131410471245
representative_application,application_hash_sdax,100,99,13,351300,0,0,13119166869922341979
representative_application,application_hash_sdax,100,99,14,380200,0,0,13832537443924736586
representative_application,application_hash_sdax,100,99,15,362400,0,0,10215951684877506974
representative_application,application_hash_sdax,100,99,16,355900,0,0,5034229283543529572
representative_application,application_hash_sdax,100,99,17,351500,0,0,14677823012927430832
representative_application,application_hash_sdax,100,99,18,349500,0,0,13894612964717701903
representative_application,application_hash_sdax,100,99,19,362400,0,0,15583721593309401490
representative_application,application_hash_sdax,100,99,20,354700,0,0,6418842662590208827
representative_application,application_hash_sdax,100,99,21,352100,0,0,13631435880641776915
representative_application,application_hash_sdax,100,99,22,383500,0,0,17183653852698357092
representative_application,application_hash_sdax,100,99,23,362100,0,0,9274972455216937604
representative_application,application_hash_sdax,100,99,24,354900,0,0,9355792106790873694
representative_application,application_hash_sdax,100,99,25,365400,0,0,6870977820890846112
representative_application,application_hash_sdax,100,99,26,391300,0,0,7356228651156183227
representative_application,application_hash_sdax,100,99,27,427100,0,0,6496560239278517594
representative_application,application_hash_sdax,100,99,28,357000,0,0,1600470374967907333
representative_application,application_hash_sdax,100,99,29,365100,0,0,7749396622089507156
representative_application,application_hash_sdax,100,99,30,355500,0,0,5914597544721144955
representative_application,application_hash_sdax,100,99,31,350700,0,0,8593148281290798141
representative_application,application_hash_sdax,100,99,32,350200,0,0,17312262507819578044
representative_application,application_hash_sdax,100,99,33,355400,0,0,8449402800832754809
representative_application,application_hash_sdax,100,99,34,349100,0,0,3614604414420252231
representative_application,application_hash_sdax,100,99,35,353200,0,0,2366660716473973819
representative_application,application_hash_sdax,100,99,36,356500,0,0,8524431054321544385
representative_application,application_hash_sdax,100,99,37,351400,0,0,11652126080490940143
representative_application,application_hash_sdax,100,99,38,384200,0,0,7153169922785203679
representative_application,application_hash_sdax,100,99,39,351600,0,0,6082470906507506695
representative_application_alloc,application_hash_sdax,100,99,0,0,5983,772740,4889995614244325387
representative_application,application_hash_handwritten,100,99,0,6200,0,0,11698499080773063168
representative_application,application_hash_handwritten,100,99,1,6100,0,0,1167273700599470747
representative_application,application_hash_handwritten,100,99,2,6100,0,0,230717062559681467
representative_application,application_hash_handwritten,100,99,3,6100,0,0,13461277124864170950
representative_application,application_hash_handwritten,100,99,4,6100,0,0,1843089491647656605
representative_application,application_hash_handwritten,100,99,5,6200,0,0,1884400405866327555
representative_application,application_hash_handwritten,100,99,6,6100,0,0,15657071968087079793
representative_application,application_hash_handwritten,100,99,7,6100,0,0,8136226820520416650
representative_application,application_hash_handwritten,100,99,8,6100,0,0,9211086410723557826
representative_application,application_hash_handwritten,100,99,9,6100,0,0,3206438314367023031
representative_application,application_hash_handwritten,100,99,10,6200,0,0,5368241661201366768
representative_application,application_hash_handwritten,100,99,11,6200,0,0,6168939717596367289
representative_application,application_hash_handwritten,100,99,12,6200,0,0,14206662131410471244
representative_application,application_hash_handwritten,100,99,13,6200,0,0,13119166869922341978
representative_application,application_hash_handwritten,100,99,14,6200,0,0,13832537443924736587
representative_application,application_hash_handwritten,100,99,15,6200,0,0,10215951684877506975
representative_application,application_hash_handwritten,100,99,16,6200,0,0,5034229283543529573
representative_application,application_hash_handwritten,100,99,17,6200,0,0,14677823012927430833
representative_application,application_hash_handwritten,100,99,18,6200,0,0,13894612964717701902
representative_application,application_hash_handwritten,100,99,19,6100,0,0,15583721593309401491
representative_application,application_hash_handwritten,100,99,20,6100,0,0,6418842662590208826
representative_application,application_hash_handwritten,100,99,21,6100,0,0,13631435880641776914
representative_application,application_hash_handwritten,100,99,22,6100,0,0,17183653852698357093
representative_application,application_hash_handwritten,100,99,23,6100,0,0,9274972455216937605
representative_application,application_hash_handwritten,100,99,24,6200,0,0,9355792106790873695
representative_application,application_hash_handwritten,100,99,25,6200,0,0,6870977820890846113
representative_application,application_hash_handwritten,100,99,26,6200,0,0,7356228651156183226
representative_application,application_hash_handwritten,100,99,27,6200,0,0,6496560239278517595
representative_application,application_hash_handwritten,100,99,28,6200,0,0,1600470374967907332
representative_application,application_hash_handwritten,100,99,29,6200,0,0,7749396622089507157
representative_application,application_hash_handwritten,100,99,30,6200,0,0,5914597544721144954
representative_application,application_hash_handwritten,100,99,31,6200,0,0,8593148281290798140
representative_application,application_hash_handwritten,100,99,32,6200,0,0,17312262507819578045
representative_application,application_hash_handwritten,100,99,33,6100,0,0,8449402800832754808
representative_application,application_hash_handwritten,100,99,34,6100,0,0,3614604414420252230
representative_application,application_hash_handwritten,100,99,35,11200,0,0,2366660716473973818
representative_application,application_hash_handwritten,100,99,36,6200,0,0,8524431054321544384
representative_application,application_hash_handwritten,100,99,37,6200,0,0,11652126080490940142
representative_application,application_hash_handwritten,100,99,38,6100,0,0,7153169922785203678
representative_application,application_hash_handwritten,100,99,39,6200,0,0,6082470906507506694
