phase,workload,nodes,edges,sample,nanos,allocations,allocated_bytes,checksum
adapter_setup,current_thread_runtime,0,0,0,2500,0,0,0
adapter_setup,current_thread_runtime,0,0,1,1300,0,0,0
adapter_setup,current_thread_runtime,0,0,2,1100,0,0,0
adapter_setup,current_thread_runtime,0,0,3,1100,0,0,0
adapter_setup,current_thread_runtime,0,0,4,1000,0,0,0
adapter_setup,current_thread_runtime,0,0,5,1100,0,0,0
adapter_setup,current_thread_runtime,0,0,6,1000,0,0,0
adapter_setup,current_thread_runtime,0,0,7,1000,0,0,0
adapter_setup,current_thread_runtime,0,0,8,1000,0,0,0
adapter_setup,current_thread_runtime,0,0,9,1100,0,0,0
adapter_setup,current_thread_runtime,0,0,10,1000,0,0,0
adapter_setup,current_thread_runtime,0,0,11,1000,0,0,0
adapter_setup,current_thread_runtime,0,0,12,1000,0,0,0
adapter_setup,current_thread_runtime,0,0,13,1000,0,0,0
adapter_setup,current_thread_runtime,0,0,14,1100,0,0,0
adapter_setup,current_thread_runtime,0,0,15,1000,0,0,0
adapter_setup,current_thread_runtime,0,0,16,1100,0,0,0
adapter_setup,current_thread_runtime,0,0,17,1000,0,0,0
adapter_setup,current_thread_runtime,0,0,18,1300,0,0,0
adapter_setup,current_thread_runtime,0,0,19,1200,0,0,0
adapter_setup,current_thread_runtime,0,0,20,1200,0,0,0
adapter_setup,current_thread_runtime,0,0,21,1200,0,0,0
adapter_setup,current_thread_runtime,0,0,22,1000,0,0,0
adapter_setup,current_thread_runtime,0,0,23,1000,0,0,0
adapter_setup,current_thread_runtime,0,0,24,1000,0,0,0
adapter_setup,current_thread_runtime,0,0,25,1100,0,0,0
adapter_setup,current_thread_runtime,0,0,26,1000,0,0,0
adapter_setup,current_thread_runtime,0,0,27,1000,0,0,0
adapter_setup,current_thread_runtime,0,0,28,1000,0,0,0
adapter_setup,current_thread_runtime,0,0,29,1000,0,0,0
adapter_setup,current_thread_runtime,0,0,30,1000,0,0,0
adapter_setup,current_thread_runtime,0,0,31,1000,0,0,0
adapter_setup,current_thread_runtime,0,0,32,1000,0,0,0
adapter_setup,current_thread_runtime,0,0,33,1100,0,0,0
adapter_setup,current_thread_runtime,0,0,34,1000,0,0,0
adapter_setup,current_thread_runtime,0,0,35,1100,0,0,0
adapter_setup,current_thread_runtime,0,0,36,1000,0,0,0
adapter_setup,current_thread_runtime,0,0,37,1000,0,0,0
adapter_setup,current_thread_runtime,0,0,38,1000,0,0,0
adapter_setup,current_thread_runtime,0,0,39,1000,0,0,0
fixture_generation,graph_chain,1,0,0,200,0,0,5
fixture_generation,graph_chain,1,0,1,200,0,0,5
fixture_generation,graph_chain,1,0,2,100,0,0,5
fixture_generation,graph_chain,1,0,3,100,0,0,5
fixture_generation,graph_chain,1,0,4,100,0,0,5
fixture_generation,graph_chain,1,0,5,200,0,0,5
fixture_generation,graph_chain,1,0,6,100,0,0,5
fixture_generation,graph_chain,1,0,7,100,0,0,5
fixture_generation,graph_chain,1,0,8,100,0,0,5
fixture_generation,graph_chain,1,0,9,100,0,0,5
fixture_generation,graph_chain,1,0,10,100,0,0,5
fixture_generation,graph_chain,1,0,11,100,0,0,5
fixture_generation,graph_chain,1,0,12,100,0,0,5
fixture_generation,graph_chain,1,0,13,100,0,0,5
fixture_generation,graph_chain,1,0,14,100,0,0,5
fixture_generation,graph_chain,1,0,15,100,0,0,5
fixture_generation,graph_chain,1,0,16,100,0,0,5
fixture_generation,graph_chain,1,0,17,100,0,0,5
fixture_generation,graph_chain,1,0,18,200,0,0,5
fixture_generation,graph_chain,1,0,19,100,0,0,5
plan_build,graph_chain,1,0,0,1500,0,0,11
plan_build,graph_chain,1,0,1,800,0,0,11
plan_build,graph_chain,1,0,2,700,0,0,11
plan_build,graph_chain,1,0,3,600,0,0,11
plan_build,graph_chain,1,0,4,700,0,0,11
plan_build,graph_chain,1,0,5,800,0,0,11
plan_build,graph_chain,1,0,6,600,0,0,11
plan_build,graph_chain,1,0,7,600,0,0,11
plan_build,graph_chain,1,0,8,600,0,0,11
plan_build,graph_chain,1,0,9,500,0,0,11
plan_build,graph_chain,1,0,10,500,0,0,11
plan_build,graph_chain,1,0,11,600,0,0,11
plan_build,graph_chain,1,0,12,600,0,0,11
plan_build,graph_chain,1,0,13,600,0,0,11
plan_build,graph_chain,1,0,14,600,0,0,11
plan_build,graph_chain,1,0,15,600,0,0,11
plan_build,graph_chain,1,0,16,600,0,0,11
plan_build,graph_chain,1,0,17,900,0,0,11
plan_build,graph_chain,1,0,18,800,0,0,11
plan_build,graph_chain,1,0,19,700,0,0,11
plan_build_alloc,graph_chain,1,0,0,0,13,2317,11
engine_execution,graph_chain,1,0,0,5900,0,0,1
engine_execution,graph_chain,1,0,1,5900,0,0,0
engine_execution,graph_chain,1,0,2,5900,0,0,3
engine_execution,graph_chain,1,0,3,5900,0,0,2
engine_execution,graph_chain,1,0,4,5800,0,0,5
engine_execution,graph_chain,1,0,5,6000,0,0,4
engine_execution,graph_chain,1,0,6,6300,0,0,7
engine_execution,graph_chain,1,0,7,6200,0,0,6
engine_execution,graph_chain,1,0,8,6100,0,0,9
engine_execution,graph_chain,1,0,9,6100,0,0,8
engine_execution,graph_chain,1,0,10,8100,0,0,11
engine_execution,graph_chain,1,0,11,7100,0,0,10
engine_execution,graph_chain,1,0,12,6100,0,0,13
engine_execution,graph_chain,1,0,13,6000,0,0,12
engine_execution,graph_chain,1,0,14,6000,0,0,15
engine_execution,graph_chain,1,0,15,6100,0,0,14
engine_execution,graph_chain,1,0,16,6000,0,0,17
engine_execution,graph_chain,1,0,17,6000,0,0,16
engine_execution,graph_chain,1,0,18,6000,0,0,19
engine_execution,graph_chain,1,0,19,5800,0,0,18
engine_execution,graph_chain,1,0,20,5800,0,0,21
engine_execution,graph_chain,1,0,21,5800,0,0,20
engine_execution,graph_chain,1,0,22,5700,0,0,23
engine_execution,graph_chain,1,0,23,5800,0,0,22
engine_execution,graph_chain,1,0,24,6000,0,0,25
engine_execution,graph_chain,1,0,25,6100,0,0,24
engine_execution,graph_chain,1,0,26,5900,0,0,27
engine_execution,graph_chain,1,0,27,6000,0,0,26
engine_execution,graph_chain,1,0,28,5900,0,0,29
engine_execution,graph_chain,1,0,29,5900,0,0,28
engine_execution,graph_chain,1,0,30,6300,0,0,31
engine_execution,graph_chain,1,0,31,10600,0,0,30
engine_execution,graph_chain,1,0,32,6100,0,0,33
engine_execution,graph_chain,1,0,33,5700,0,0,32
engine_execution,graph_chain,1,0,34,5800,0,0,35
engine_execution,graph_chain,1,0,35,5700,0,0,34
engine_execution,graph_chain,1,0,36,5800,0,0,37
engine_execution,graph_chain,1,0,37,5900,0,0,36
engine_execution,graph_chain,1,0,38,5800,0,0,39
engine_execution,graph_chain,1,0,39,5800,0,0,38
engine_execution_alloc,graph_chain,1,0,0,0,110,15148,23131
machine_state_setup,graph_chain,1,0,0,1300,0,0,1
body_state_setup,graph_chain,1,0,0,300,0,0,0
machine_state_setup,graph_chain,1,0,1,600,0,0,1
body_state_setup,graph_chain,1,0,1,200,0,0,0
machine_state_setup,graph_chain,1,0,2,600,0,0,1
body_state_setup,graph_chain,1,0,2,300,0,0,0
machine_state_setup,graph_chain,1,0,3,600,0,0,1
body_state_setup,graph_chain,1,0,3,200,0,0,0
machine_state_setup,graph_chain,1,0,4,700,0,0,1
body_state_setup,graph_chain,1,0,4,200,0,0,0
machine_state_setup,graph_chain,1,0,5,600,0,0,1
body_state_setup,graph_chain,1,0,5,300,0,0,0
machine_state_setup,graph_chain,1,0,6,600,0,0,1
body_state_setup,graph_chain,1,0,6,300,0,0,0
machine_state_setup,graph_chain,1,0,7,600,0,0,1
body_state_setup,graph_chain,1,0,7,300,0,0,0
machine_state_setup,graph_chain,1,0,8,600,0,0,1
body_state_setup,graph_chain,1,0,8,200,0,0,0
machine_state_setup,graph_chain,1,0,9,600,0,0,1
body_state_setup,graph_chain,1,0,9,300,0,0,0
machine_state_setup,graph_chain,1,0,10,600,0,0,1
body_state_setup,graph_chain,1,0,10,200,0,0,0
machine_state_setup,graph_chain,1,0,11,600,0,0,1
body_state_setup,graph_chain,1,0,11,200,0,0,0
machine_state_setup,graph_chain,1,0,12,500,0,0,1
body_state_setup,graph_chain,1,0,12,200,0,0,0
machine_state_setup,graph_chain,1,0,13,700,0,0,1
body_state_setup,graph_chain,1,0,13,300,0,0,0
machine_state_setup,graph_chain,1,0,14,600,0,0,1
body_state_setup,graph_chain,1,0,14,300,0,0,0
machine_state_setup,graph_chain,1,0,15,600,0,0,1
body_state_setup,graph_chain,1,0,15,200,0,0,0
machine_state_setup,graph_chain,1,0,16,500,0,0,1
body_state_setup,graph_chain,1,0,16,200,0,0,0
machine_state_setup,graph_chain,1,0,17,500,0,0,1
body_state_setup,graph_chain,1,0,17,200,0,0,0
machine_state_setup,graph_chain,1,0,18,600,0,0,1
body_state_setup,graph_chain,1,0,18,200,0,0,0
machine_state_setup,graph_chain,1,0,19,700,0,0,1
body_state_setup,graph_chain,1,0,19,200,0,0,0
machine_state_setup,graph_chain,1,0,20,600,0,0,1
body_state_setup,graph_chain,1,0,20,300,0,0,0
machine_state_setup,graph_chain,1,0,21,1000,0,0,1
body_state_setup,graph_chain,1,0,21,300,0,0,0
machine_state_setup,graph_chain,1,0,22,900,0,0,1
body_state_setup,graph_chain,1,0,22,500,0,0,0
machine_state_setup,graph_chain,1,0,23,500,0,0,1
body_state_setup,graph_chain,1,0,23,200,0,0,0
machine_state_setup,graph_chain,1,0,24,500,0,0,1
body_state_setup,graph_chain,1,0,24,200,0,0,0
machine_state_setup,graph_chain,1,0,25,600,0,0,1
body_state_setup,graph_chain,1,0,25,200,0,0,0
machine_state_setup,graph_chain,1,0,26,500,0,0,1
body_state_setup,graph_chain,1,0,26,200,0,0,0
machine_state_setup,graph_chain,1,0,27,600,0,0,1
body_state_setup,graph_chain,1,0,27,200,0,0,0
machine_state_setup,graph_chain,1,0,28,500,0,0,1
body_state_setup,graph_chain,1,0,28,200,0,0,0
machine_state_setup,graph_chain,1,0,29,600,0,0,1
body_state_setup,graph_chain,1,0,29,200,0,0,0
machine_state_setup,graph_chain,1,0,30,600,0,0,1
body_state_setup,graph_chain,1,0,30,200,0,0,0
machine_state_setup,graph_chain,1,0,31,600,0,0,1
body_state_setup,graph_chain,1,0,31,200,0,0,0
machine_state_setup,graph_chain,1,0,32,600,0,0,1
body_state_setup,graph_chain,1,0,32,200,0,0,0
machine_state_setup,graph_chain,1,0,33,700,0,0,1
body_state_setup,graph_chain,1,0,33,200,0,0,0
machine_state_setup,graph_chain,1,0,34,500,0,0,1
body_state_setup,graph_chain,1,0,34,200,0,0,0
machine_state_setup,graph_chain,1,0,35,600,0,0,1
body_state_setup,graph_chain,1,0,35,300,0,0,0
machine_state_setup,graph_chain,1,0,36,500,0,0,1
body_state_setup,graph_chain,1,0,36,200,0,0,0
machine_state_setup,graph_chain,1,0,37,600,0,0,1
body_state_setup,graph_chain,1,0,37,200,0,0,0
machine_state_setup,graph_chain,1,0,38,600,0,0,1
body_state_setup,graph_chain,1,0,38,200,0,0,0
machine_state_setup,graph_chain,1,0,39,500,0,0,1
body_state_setup,graph_chain,1,0,39,200,0,0,0
pure_machine_events_preseeded,graph_chain,1,0,0,3200,0,0,1
pure_machine_events_preseeded,graph_chain,1,0,1,1400,0,0,1
pure_machine_events_preseeded,graph_chain,1,0,2,1300,0,0,1
pure_machine_events_preseeded,graph_chain,1,0,3,1100,0,0,1
pure_machine_events_preseeded,graph_chain,1,0,4,1200,0,0,1
pure_machine_events_preseeded,graph_chain,1,0,5,1100,0,0,1
pure_machine_events_preseeded,graph_chain,1,0,6,1000,0,0,1
pure_machine_events_preseeded,graph_chain,1,0,7,1100,0,0,1
pure_machine_events_preseeded,graph_chain,1,0,8,1100,0,0,1
pure_machine_events_preseeded,graph_chain,1,0,9,1000,0,0,1
pure_machine_events_preseeded,graph_chain,1,0,10,1000,0,0,1
pure_machine_events_preseeded,graph_chain,1,0,11,1000,0,0,1
pure_machine_events_preseeded,graph_chain,1,0,12,1100,0,0,1
pure_machine_events_preseeded,graph_chain,1,0,13,1000,0,0,1
pure_machine_events_preseeded,graph_chain,1,0,14,1000,0,0,1
pure_machine_events_preseeded,graph_chain,1,0,15,1000,0,0,1
pure_machine_events_preseeded,graph_chain,1,0,16,1100,0,0,1
pure_machine_events_preseeded,graph_chain,1,0,17,1100,0,0,1
pure_machine_events_preseeded,graph_chain,1,0,18,1000,0,0,1
pure_machine_events_preseeded,graph_chain,1,0,19,1000,0,0,1
pure_machine_events_preseeded,graph_chain,1,0,20,1000,0,0,1
pure_machine_events_preseeded,graph_chain,1,0,21,1000,0,0,1
pure_machine_events_preseeded,graph_chain,1,0,22,2000,0,0,1
pure_machine_events_preseeded,graph_chain,1,0,23,1900,0,0,1
pure_machine_events_preseeded,graph_chain,1,0,24,1000,0,0,1
pure_machine_events_preseeded,graph_chain,1,0,25,1000,0,0,1
pure_machine_events_preseeded,graph_chain,1,0,26,900,0,0,1
pure_machine_events_preseeded,graph_chain,1,0,27,1000,0,0,1
pure_machine_events_preseeded,graph_chain,1,0,28,1000,0,0,1
pure_machine_events_preseeded,graph_chain,1,0,29,900,0,0,1
pure_machine_events_preseeded,graph_chain,1,0,30,1100,0,0,1
pure_machine_events_preseeded,graph_chain,1,0,31,900,0,0,1
pure_machine_events_preseeded,graph_chain,1,0,32,1000,0,0,1
pure_machine_events_preseeded,graph_chain,1,0,33,900,0,0,1
pure_machine_events_preseeded,graph_chain,1,0,34,1000,0,0,1
pure_machine_events_preseeded,graph_chain,1,0,35,1000,0,0,1
pure_machine_events_preseeded,graph_chain,1,0,36,1000,0,0,1
pure_machine_events_preseeded,graph_chain,1,0,37,1000,0,0,1
pure_machine_events_preseeded,graph_chain,1,0,38,1000,0,0,1
pure_machine_events_preseeded,graph_chain,1,0,39,1000,0,0,1
fixture_generation,graph_wide,1,0,0,200,0,0,5
fixture_generation,graph_wide,1,0,1,200,0,0,5
fixture_generation,graph_wide,1,0,2,100,0,0,5
fixture_generation,graph_wide,1,0,3,100,0,0,5
fixture_generation,graph_wide,1,0,4,100,0,0,5
fixture_generation,graph_wide,1,0,5,200,0,0,5
fixture_generation,graph_wide,1,0,6,200,0,0,5
fixture_generation,graph_wide,1,0,7,100,0,0,5
fixture_generation,graph_wide,1,0,8,100,0,0,5
fixture_generation,graph_wide,1,0,9,200,0,0,5
fixture_generation,graph_wide,1,0,10,100,0,0,5
fixture_generation,graph_wide,1,0,11,100,0,0,5
fixture_generation,graph_wide,1,0,12,200,0,0,5
fixture_generation,graph_wide,1,0,13,100,0,0,5
fixture_generation,graph_wide,1,0,14,100,0,0,5
fixture_generation,graph_wide,1,0,15,200,0,0,5
fixture_generation,graph_wide,1,0,16,200,0,0,5
fixture_generation,graph_wide,1,0,17,200,0,0,5
fixture_generation,graph_wide,1,0,18,100,0,0,5
fixture_generation,graph_wide,1,0,19,100,0,0,5
plan_build,graph_wide,1,0,0,1300,0,0,10
plan_build,graph_wide,1,0,1,800,0,0,10
plan_build,graph_wide,1,0,2,700,0,0,10
plan_build,graph_wide,1,0,3,600,0,0,10
plan_build,graph_wide,1,0,4,600,0,0,10
plan_build,graph_wide,1,0,5,700,0,0,10
plan_build,graph_wide,1,0,6,700,0,0,10
plan_build,graph_wide,1,0,7,600,0,0,10
plan_build,graph_wide,1,0,8,600,0,0,10
plan_build,graph_wide,1,0,9,600,0,0,10
plan_build,graph_wide,1,0,10,600,0,0,10
plan_build,graph_wide,1,0,11,700,0,0,10
plan_build,graph_wide,1,0,12,700,0,0,10
plan_build,graph_wide,1,0,13,600,0,0,10
plan_build,graph_wide,1,0,14,600,0,0,10
plan_build,graph_wide,1,0,15,600,0,0,10
plan_build,graph_wide,1,0,16,600,0,0,10
plan_build,graph_wide,1,0,17,600,0,0,10
plan_build,graph_wide,1,0,18,600,0,0,10
plan_build,graph_wide,1,0,19,700,0,0,10
plan_build_alloc,graph_wide,1,0,0,0,13,2316,10
engine_execution,graph_wide,1,0,0,6100,0,0,1
engine_execution,graph_wide,1,0,1,6200,0,0,0
engine_execution,graph_wide,1,0,2,5900,0,0,3
engine_execution,graph_wide,1,0,3,5700,0,0,2
engine_execution,graph_wide,1,0,4,5700,0,0,5
engine_execution,graph_wide,1,0,5,5700,0,0,4
engine_execution,graph_wide,1,0,6,5800,0,0,7
engine_execution,graph_wide,1,0,7,5900,0,0,6
engine_execution,graph_wide,1,0,8,5800,0,0,9
engine_execution,graph_wide,1,0,9,5800,0,0,8
engine_execution,graph_wide,1,0,10,5700,0,0,11
engine_execution,graph_wide,1,0,11,5700,0,0,10
engine_execution,graph_wide,1,0,12,5700,0,0,13
engine_execution,graph_wide,1,0,13,5700,0,0,12
engine_execution,graph_wide,1,0,14,5800,0,0,15
engine_execution,graph_wide,1,0,15,5800,0,0,14
engine_execution,graph_wide,1,0,16,5700,0,0,17
engine_execution,graph_wide,1,0,17,5800,0,0,16
engine_execution,graph_wide,1,0,18,5800,0,0,19
engine_execution,graph_wide,1,0,19,5700,0,0,18
engine_execution,graph_wide,1,0,20,5900,0,0,21
engine_execution,graph_wide,1,0,21,5900,0,0,20
engine_execution,graph_wide,1,0,22,5700,0,0,23
engine_execution,graph_wide,1,0,23,5700,0,0,22
engine_execution,graph_wide,1,0,24,5600,0,0,25
engine_execution,graph_wide,1,0,25,5600,0,0,24
engine_execution,graph_wide,1,0,26,5800,0,0,27
engine_execution,graph_wide,1,0,27,5700,0,0,26
engine_execution,graph_wide,1,0,28,5900,0,0,29
engine_execution,graph_wide,1,0,29,5700,0,0,28
engine_execution,graph_wide,1,0,30,5800,0,0,31
engine_execution,graph_wide,1,0,31,5800,0,0,30
engine_execution,graph_wide,1,0,32,5900,0,0,33
engine_execution,graph_wide,1,0,33,5700,0,0,32
engine_execution,graph_wide,1,0,34,5900,0,0,35
engine_execution,graph_wide,1,0,35,5900,0,0,34
engine_execution,graph_wide,1,0,36,5800,0,0,37
engine_execution,graph_wide,1,0,37,5800,0,0,36
engine_execution,graph_wide,1,0,38,5700,0,0,39
engine_execution,graph_wide,1,0,39,5700,0,0,38
engine_execution_alloc,graph_wide,1,0,0,0,110,15146,23131
machine_state_setup,graph_wide,1,0,0,900,0,0,1
body_state_setup,graph_wide,1,0,0,300,0,0,0
machine_state_setup,graph_wide,1,0,1,600,0,0,1
body_state_setup,graph_wide,1,0,1,300,0,0,0
machine_state_setup,graph_wide,1,0,2,500,0,0,1
body_state_setup,graph_wide,1,0,2,200,0,0,0
machine_state_setup,graph_wide,1,0,3,700,0,0,1
body_state_setup,graph_wide,1,0,3,200,0,0,0
machine_state_setup,graph_wide,1,0,4,600,0,0,1
body_state_setup,graph_wide,1,0,4,300,0,0,0
machine_state_setup,graph_wide,1,0,5,600,0,0,1
body_state_setup,graph_wide,1,0,5,300,0,0,0
machine_state_setup,graph_wide,1,0,6,600,0,0,1
body_state_setup,graph_wide,1,0,6,200,0,0,0
machine_state_setup,graph_wide,1,0,7,600,0,0,1
body_state_setup,graph_wide,1,0,7,300,0,0,0
machine_state_setup,graph_wide,1,0,8,600,0,0,1
body_state_setup,graph_wide,1,0,8,200,0,0,0
machine_state_setup,graph_wide,1,0,9,600,0,0,1
body_state_setup,graph_wide,1,0,9,300,0,0,0
machine_state_setup,graph_wide,1,0,10,800,0,0,1
body_state_setup,graph_wide,1,0,10,400,0,0,0
machine_state_setup,graph_wide,1,0,11,800,0,0,1
body_state_setup,graph_wide,1,0,11,400,0,0,0
machine_state_setup,graph_wide,1,0,12,1000,0,0,1
body_state_setup,graph_wide,1,0,12,500,0,0,0
machine_state_setup,graph_wide,1,0,13,800,0,0,1
body_state_setup,graph_wide,1,0,13,200,0,0,0
machine_state_setup,graph_wide,1,0,14,700,0,0,1
body_state_setup,graph_wide,1,0,14,300,0,0,0
machine_state_setup,graph_wide,1,0,15,600,0,0,1
body_state_setup,graph_wide,1,0,15,200,0,0,0
machine_state_setup,graph_wide,1,0,16,500,0,0,1
body_state_setup,graph_wide,1,0,16,200,0,0,0
machine_state_setup,graph_wide,1,0,17,500,0,0,1
body_state_setup,graph_wide,1,0,17,300,0,0,0
machine_state_setup,graph_wide,1,0,18,600,0,0,1
body_state_setup,graph_wide,1,0,18,200,0,0,0
machine_state_setup,graph_wide,1,0,19,600,0,0,1
body_state_setup,graph_wide,1,0,19,200,0,0,0
machine_state_setup,graph_wide,1,0,20,500,0,0,1
body_state_setup,graph_wide,1,0,20,200,0,0,0
machine_state_setup,graph_wide,1,0,21,600,0,0,1
body_state_setup,graph_wide,1,0,21,300,0,0,0
machine_state_setup,graph_wide,1,0,22,600,0,0,1
body_state_setup,graph_wide,1,0,22,300,0,0,0
machine_state_setup,graph_wide,1,0,23,600,0,0,1
body_state_setup,graph_wide,1,0,23,200,0,0,0
machine_state_setup,graph_wide,1,0,24,600,0,0,1
body_state_setup,graph_wide,1,0,24,200,0,0,0
machine_state_setup,graph_wide,1,0,25,500,0,0,1
body_state_setup,graph_wide,1,0,25,200,0,0,0
machine_state_setup,graph_wide,1,0,26,600,0,0,1
body_state_setup,graph_wide,1,0,26,200,0,0,0
machine_state_setup,graph_wide,1,0,27,600,0,0,1
body_state_setup,graph_wide,1,0,27,300,0,0,0
machine_state_setup,graph_wide,1,0,28,500,0,0,1
body_state_setup,graph_wide,1,0,28,200,0,0,0
machine_state_setup,graph_wide,1,0,29,600,0,0,1
body_state_setup,graph_wide,1,0,29,200,0,0,0
machine_state_setup,graph_wide,1,0,30,600,0,0,1
body_state_setup,graph_wide,1,0,30,200,0,0,0
machine_state_setup,graph_wide,1,0,31,500,0,0,1
body_state_setup,graph_wide,1,0,31,300,0,0,0
machine_state_setup,graph_wide,1,0,32,600,0,0,1
body_state_setup,graph_wide,1,0,32,300,0,0,0
machine_state_setup,graph_wide,1,0,33,500,0,0,1
body_state_setup,graph_wide,1,0,33,200,0,0,0
machine_state_setup,graph_wide,1,0,34,600,0,0,1
body_state_setup,graph_wide,1,0,34,300,0,0,0
machine_state_setup,graph_wide,1,0,35,600,0,0,1
body_state_setup,graph_wide,1,0,35,200,0,0,0
machine_state_setup,graph_wide,1,0,36,500,0,0,1
body_state_setup,graph_wide,1,0,36,200,0,0,0
machine_state_setup,graph_wide,1,0,37,600,0,0,1
body_state_setup,graph_wide,1,0,37,300,0,0,0
machine_state_setup,graph_wide,1,0,38,600,0,0,1
body_state_setup,graph_wide,1,0,38,200,0,0,0
machine_state_setup,graph_wide,1,0,39,500,0,0,1
body_state_setup,graph_wide,1,0,39,200,0,0,0
fixture_generation,graph_sparse,1,0,0,200,0,0,5
fixture_generation,graph_sparse,1,0,1,200,0,0,5
fixture_generation,graph_sparse,1,0,2,200,0,0,5
fixture_generation,graph_sparse,1,0,3,200,0,0,5
fixture_generation,graph_sparse,1,0,4,100,0,0,5
fixture_generation,graph_sparse,1,0,5,200,0,0,5
fixture_generation,graph_sparse,1,0,6,100,0,0,5
fixture_generation,graph_sparse,1,0,7,100,0,0,5
fixture_generation,graph_sparse,1,0,8,200,0,0,5
fixture_generation,graph_sparse,1,0,9,300,0,0,5
fixture_generation,graph_sparse,1,0,10,400,0,0,5
fixture_generation,graph_sparse,1,0,11,400,0,0,5
fixture_generation,graph_sparse,1,0,12,200,0,0,5
fixture_generation,graph_sparse,1,0,13,200,0,0,5
fixture_generation,graph_sparse,1,0,14,200,0,0,5
fixture_generation,graph_sparse,1,0,15,100,0,0,5
fixture_generation,graph_sparse,1,0,16,100,0,0,5
fixture_generation,graph_sparse,1,0,17,100,0,0,5
fixture_generation,graph_sparse,1,0,18,100,0,0,5
fixture_generation,graph_sparse,1,0,19,100,0,0,5
plan_build,graph_sparse,1,0,0,1000,0,0,12
plan_build,graph_sparse,1,0,1,700,0,0,12
plan_build,graph_sparse,1,0,2,600,0,0,12
plan_build,graph_sparse,1,0,3,700,0,0,12
plan_build,graph_sparse,1,0,4,600,0,0,12
plan_build,graph_sparse,1,0,5,600,0,0,12
plan_build,graph_sparse,1,0,6,600,0,0,12
plan_build,graph_sparse,1,0,7,600,0,0,12
plan_build,graph_sparse,1,0,8,600,0,0,12
plan_build,graph_sparse,1,0,9,600,0,0,12
plan_build,graph_sparse,1,0,10,600,0,0,12
plan_build,graph_sparse,1,0,11,600,0,0,12
plan_build,graph_sparse,1,0,12,600,0,0,12
plan_build,graph_sparse,1,0,13,700,0,0,12
plan_build,graph_sparse,1,0,14,600,0,0,12
plan_build,graph_sparse,1,0,15,500,0,0,12
plan_build,graph_sparse,1,0,16,500,0,0,12
plan_build,graph_sparse,1,0,17,600,0,0,12
plan_build,graph_sparse,1,0,18,600,0,0,12
plan_build,graph_sparse,1,0,19,600,0,0,12
plan_build_alloc,graph_sparse,1,0,0,0,13,2318,12
engine_execution,graph_sparse,1,0,0,5700,0,0,1
engine_execution,graph_sparse,1,0,1,5800,0,0,0
engine_execution,graph_sparse,1,0,2,5800,0,0,3
engine_execution,graph_sparse,1,0,3,5700,0,0,2
engine_execution,graph_sparse,1,0,4,5800,0,0,5
engine_execution,graph_sparse,1,0,5,5800,0,0,4
engine_execution,graph_sparse,1,0,6,5700,0,0,7
engine_execution,graph_sparse,1,0,7,5600,0,0,6
engine_execution,graph_sparse,1,0,8,7300,0,0,9
engine_execution,graph_sparse,1,0,9,6000,0,0,8
engine_execution,graph_sparse,1,0,10,5900,0,0,11
engine_execution,graph_sparse,1,0,11,5900,0,0,10
engine_execution,graph_sparse,1,0,12,5900,0,0,13
engine_execution,graph_sparse,1,0,13,7100,0,0,12
engine_execution,graph_sparse,1,0,14,6900,0,0,15
engine_execution,graph_sparse,1,0,15,6000,0,0,14
engine_execution,graph_sparse,1,0,16,6000,0,0,17
engine_execution,graph_sparse,1,0,17,6000,0,0,16
engine_execution,graph_sparse,1,0,18,6000,0,0,19
engine_execution,graph_sparse,1,0,19,5900,0,0,18
engine_execution,graph_sparse,1,0,20,5900,0,0,21
engine_execution,graph_sparse,1,0,21,5800,0,0,20
engine_execution,graph_sparse,1,0,22,5800,0,0,23
engine_execution,graph_sparse,1,0,23,6000,0,0,22
engine_execution,graph_sparse,1,0,24,5700,0,0,25
engine_execution,graph_sparse,1,0,25,5600,0,0,24
engine_execution,graph_sparse,1,0,26,5700,0,0,27
engine_execution,graph_sparse,1,0,27,5500,0,0,26
engine_execution,graph_sparse,1,0,28,5600,0,0,29
engine_execution,graph_sparse,1,0,29,5700,0,0,28
engine_execution,graph_sparse,1,0,30,5800,0,0,31
engine_execution,graph_sparse,1,0,31,5700,0,0,30
engine_execution,graph_sparse,1,0,32,5800,0,0,33
engine_execution,graph_sparse,1,0,33,5600,0,0,32
engine_execution,graph_sparse,1,0,34,5600,0,0,35
engine_execution,graph_sparse,1,0,35,5600,0,0,34
engine_execution,graph_sparse,1,0,36,5900,0,0,37
engine_execution,graph_sparse,1,0,37,5700,0,0,36
engine_execution,graph_sparse,1,0,38,5500,0,0,39
engine_execution,graph_sparse,1,0,39,5800,0,0,38
engine_execution_alloc,graph_sparse,1,0,0,0,110,15150,23131
machine_state_setup,graph_sparse,1,0,0,900,0,0,1
body_state_setup,graph_sparse,1,0,0,300,0,0,0
machine_state_setup,graph_sparse,1,0,1,600,0,0,1
body_state_setup,graph_sparse,1,0,1,200,0,0,0
machine_state_setup,graph_sparse,1,0,2,700,0,0,1
body_state_setup,graph_sparse,1,0,2,300,0,0,0
machine_state_setup,graph_sparse,1,0,3,600,0,0,1
body_state_setup,graph_sparse,1,0,3,200,0,0,0
machine_state_setup,graph_sparse,1,0,4,600,0,0,1
body_state_setup,graph_sparse,1,0,4,300,0,0,0
machine_state_setup,graph_sparse,1,0,5,600,0,0,1
body_state_setup,graph_sparse,1,0,5,300,0,0,0
machine_state_setup,graph_sparse,1,0,6,600,0,0,1
body_state_setup,graph_sparse,1,0,6,200,0,0,0
machine_state_setup,graph_sparse,1,0,7,500,0,0,1
body_state_setup,graph_sparse,1,0,7,300,0,0,0
machine_state_setup,graph_sparse,1,0,8,600,0,0,1
body_state_setup,graph_sparse,1,0,8,200,0,0,0
machine_state_setup,graph_sparse,1,0,9,500,0,0,1
body_state_setup,graph_sparse,1,0,9,200,0,0,0
machine_state_setup,graph_sparse,1,0,10,600,0,0,1
body_state_setup,graph_sparse,1,0,10,300,0,0,0
machine_state_setup,graph_sparse,1,0,11,600,0,0,1
body_state_setup,graph_sparse,1,0,11,200,0,0,0
machine_state_setup,graph_sparse,1,0,12,500,0,0,1
body_state_setup,graph_sparse,1,0,12,200,0,0,0
machine_state_setup,graph_sparse,1,0,13,500,0,0,1
body_state_setup,graph_sparse,1,0,13,300,0,0,0
machine_state_setup,graph_sparse,1,0,14,800,0,0,1
body_state_setup,graph_sparse,1,0,14,300,0,0,0
machine_state_setup,graph_sparse,1,0,15,600,0,0,1
body_state_setup,graph_sparse,1,0,15,200,0,0,0
machine_state_setup,graph_sparse,1,0,16,700,0,0,1
body_state_setup,graph_sparse,1,0,16,200,0,0,0
machine_state_setup,graph_sparse,1,0,17,600,0,0,1
body_state_setup,graph_sparse,1,0,17,200,0,0,0
machine_state_setup,graph_sparse,1,0,18,500,0,0,1
body_state_setup,graph_sparse,1,0,18,200,0,0,0
machine_state_setup,graph_sparse,1,0,19,600,0,0,1
body_state_setup,graph_sparse,1,0,19,300,0,0,0
machine_state_setup,graph_sparse,1,0,20,700,0,0,1
body_state_setup,graph_sparse,1,0,20,300,0,0,0
machine_state_setup,graph_sparse,1,0,21,700,0,0,1
body_state_setup,graph_sparse,1,0,21,200,0,0,0
machine_state_setup,graph_sparse,1,0,22,1100,0,0,1
body_state_setup,graph_sparse,1,0,22,300,0,0,0
machine_state_setup,graph_sparse,1,0,23,900,0,0,1
body_state_setup,graph_sparse,1,0,23,500,0,0,0
machine_state_setup,graph_sparse,1,0,24,600,0,0,1
body_state_setup,graph_sparse,1,0,24,300,0,0,0
machine_state_setup,graph_sparse,1,0,25,600,0,0,1
body_state_setup,graph_sparse,1,0,25,300,0,0,0
machine_state_setup,graph_sparse,1,0,26,600,0,0,1
body_state_setup,graph_sparse,1,0,26,300,0,0,0
machine_state_setup,graph_sparse,1,0,27,600,0,0,1
body_state_setup,graph_sparse,1,0,27,300,0,0,0
machine_state_setup,graph_sparse,1,0,28,600,0,0,1
body_state_setup,graph_sparse,1,0,28,300,0,0,0
machine_state_setup,graph_sparse,1,0,29,500,0,0,1
body_state_setup,graph_sparse,1,0,29,200,0,0,0
machine_state_setup,graph_sparse,1,0,30,600,0,0,1
body_state_setup,graph_sparse,1,0,30,200,0,0,0
machine_state_setup,graph_sparse,1,0,31,600,0,0,1
body_state_setup,graph_sparse,1,0,31,300,0,0,0
machine_state_setup,graph_sparse,1,0,32,600,0,0,1
body_state_setup,graph_sparse,1,0,32,300,0,0,0
machine_state_setup,graph_sparse,1,0,33,500,0,0,1
body_state_setup,graph_sparse,1,0,33,200,0,0,0
machine_state_setup,graph_sparse,1,0,34,700,0,0,1
body_state_setup,graph_sparse,1,0,34,300,0,0,0
machine_state_setup,graph_sparse,1,0,35,600,0,0,1
body_state_setup,graph_sparse,1,0,35,300,0,0,0
machine_state_setup,graph_sparse,1,0,36,600,0,0,1
body_state_setup,graph_sparse,1,0,36,200,0,0,0
machine_state_setup,graph_sparse,1,0,37,600,0,0,1
body_state_setup,graph_sparse,1,0,37,300,0,0,0
machine_state_setup,graph_sparse,1,0,38,600,0,0,1
body_state_setup,graph_sparse,1,0,38,300,0,0,0
machine_state_setup,graph_sparse,1,0,39,600,0,0,1
body_state_setup,graph_sparse,1,0,39,200,0,0,0
fixture_generation,graph_chain,10,9,0,1000,0,0,50
fixture_generation,graph_chain,10,9,1,900,0,0,50
fixture_generation,graph_chain,10,9,2,800,0,0,50
fixture_generation,graph_chain,10,9,3,900,0,0,50
fixture_generation,graph_chain,10,9,4,900,0,0,50
fixture_generation,graph_chain,10,9,5,900,0,0,50
fixture_generation,graph_chain,10,9,6,900,0,0,50
fixture_generation,graph_chain,10,9,7,900,0,0,50
fixture_generation,graph_chain,10,9,8,900,0,0,50
fixture_generation,graph_chain,10,9,9,800,0,0,50
fixture_generation,graph_chain,10,9,10,800,0,0,50
fixture_generation,graph_chain,10,9,11,800,0,0,50
fixture_generation,graph_chain,10,9,12,800,0,0,50
fixture_generation,graph_chain,10,9,13,800,0,0,50
fixture_generation,graph_chain,10,9,14,800,0,0,50
fixture_generation,graph_chain,10,9,15,900,0,0,50
fixture_generation,graph_chain,10,9,16,800,0,0,50
fixture_generation,graph_chain,10,9,17,800,0,0,50
fixture_generation,graph_chain,10,9,18,800,0,0,50
fixture_generation,graph_chain,10,9,19,800,0,0,50
plan_build,graph_chain,10,9,0,11300,0,0,11
plan_build,graph_chain,10,9,1,3100,0,0,11
plan_build,graph_chain,10,9,2,2400,0,0,11
plan_build,graph_chain,10,9,3,2500,0,0,11
plan_build,graph_chain,10,9,4,2400,0,0,11
plan_build,graph_chain,10,9,5,2400,0,0,11
plan_build,graph_chain,10,9,6,2300,0,0,11
plan_build,graph_chain,10,9,7,2400,0,0,11
plan_build,graph_chain,10,9,8,2300,0,0,11
plan_build,graph_chain,10,9,9,2200,0,0,11
plan_build,graph_chain,10,9,10,2400,0,0,11
plan_build,graph_chain,10,9,11,2400,0,0,11
plan_build,graph_chain,10,9,12,2300,0,0,11
plan_build,graph_chain,10,9,13,2400,0,0,11
plan_build,graph_chain,10,9,14,2200,0,0,11
plan_build,graph_chain,10,9,15,2300,0,0,11
plan_build,graph_chain,10,9,16,2200,0,0,11
plan_build,graph_chain,10,9,17,8100,0,0,11
plan_build,graph_chain,10,9,18,2400,0,0,11
plan_build,graph_chain,10,9,19,2300,0,0,11
plan_build_alloc,graph_chain,10,9,0,0,57,14266,11
engine_execution,graph_chain,10,9,0,34800,0,0,0
engine_execution,graph_chain,10,9,1,35600,0,0,1
engine_execution,graph_chain,10,9,2,34200,0,0,2
engine_execution,graph_chain,10,9,3,34500,0,0,3
engine_execution,graph_chain,10,9,4,34400,0,0,4
engine_execution,graph_chain,10,9,5,35000,0,0,5
engine_execution,graph_chain,10,9,6,34300,0,0,6
engine_execution,graph_chain,10,9,7,33700,0,0,7
engine_execution,graph_chain,10,9,8,34200,0,0,8
engine_execution,graph_chain,10,9,9,40400,0,0,9
engine_execution,graph_chain,10,9,10,43600,0,0,10
engine_execution,graph_chain,10,9,11,33800,0,0,11
engine_execution,graph_chain,10,9,12,36500,0,0,12
engine_execution,graph_chain,10,9,13,43700,0,0,13
engine_execution,graph_chain,10,9,14,42100,0,0,14
engine_execution,graph_chain,10,9,15,33800,0,0,15
engine_execution,graph_chain,10,9,16,34300,0,0,16
engine_execution,graph_chain,10,9,17,36400,0,0,17
engine_execution,graph_chain,10,9,18,36600,0,0,18
engine_execution,graph_chain,10,9,19,42300,0,0,19
engine_execution,graph_chain,10,9,20,34600,0,0,20
engine_execution,graph_chain,10,9,21,34400,0,0,21
engine_execution,graph_chain,10,9,22,33900,0,0,22
engine_execution,graph_chain,10,9,23,35500,0,0,23
engine_execution,graph_chain,10,9,24,39400,0,0,24
engine_execution,graph_chain,10,9,25,36500,0,0,25
engine_execution,graph_chain,10,9,26,40900,0,0,26
engine_execution,graph_chain,10,9,27,32800,0,0,27
engine_execution,graph_chain,10,9,28,36600,0,0,28
engine_execution,graph_chain,10,9,29,39700,0,0,29
engine_execution,graph_chain,10,9,30,34200,0,0,30
engine_execution,graph_chain,10,9,31,33400,0,0,31
engine_execution,graph_chain,10,9,32,32900,0,0,32
engine_execution,graph_chain,10,9,33,36900,0,0,33
engine_execution,graph_chain,10,9,34,38800,0,0,34
engine_execution,graph_chain,10,9,35,34000,0,0,35
engine_execution,graph_chain,10,9,36,36900,0,0,36
engine_execution,graph_chain,10,9,37,33500,0,0,37
engine_execution,graph_chain,10,9,38,37000,0,0,38
engine_execution,graph_chain,10,9,39,40600,0,0,39
engine_execution_alloc,graph_chain,10,9,0,0,654,66045,23130
machine_state_setup,graph_chain,10,9,0,4900,0,0,10
body_state_setup,graph_chain,10,9,0,500,0,0,0
machine_state_setup,graph_chain,10,9,1,3600,0,0,10
body_state_setup,graph_chain,10,9,1,300,0,0,0
machine_state_setup,graph_chain,10,9,2,3600,0,0,10
body_state_setup,graph_chain,10,9,2,300,0,0,0
machine_state_setup,graph_chain,10,9,3,3500,0,0,10
body_state_setup,graph_chain,10,9,3,200,0,0,0
machine_state_setup,graph_chain,10,9,4,3500,0,0,10
body_state_setup,graph_chain,10,9,4,200,0,0,0
machine_state_setup,graph_chain,10,9,5,3500,0,0,10
body_state_setup,graph_chain,10,9,5,300,0,0,0
machine_state_setup,graph_chain,10,9,6,3500,0,0,10
body_state_setup,graph_chain,10,9,6,300,0,0,0
machine_state_setup,graph_chain,10,9,7,3300,0,0,10
body_state_setup,graph_chain,10,9,7,300,0,0,0
machine_state_setup,graph_chain,10,9,8,3400,0,0,10
body_state_setup,graph_chain,10,9,8,400,0,0,0
machine_state_setup,graph_chain,10,9,9,3400,0,0,10
body_state_setup,graph_chain,10,9,9,200,0,0,0
machine_state_setup,graph_chain,10,9,10,3500,0,0,10
body_state_setup,graph_chain,10,9,10,600,0,0,0
machine_state_setup,graph_chain,10,9,11,3800,0,0,10
body_state_setup,graph_chain,10,9,11,1700,0,0,0
machine_state_setup,graph_chain,10,9,12,3800,0,0,10
body_state_setup,graph_chain,10,9,12,300,0,0,0
machine_state_setup,graph_chain,10,9,13,3900,0,0,10
body_state_setup,graph_chain,10,9,13,300,0,0,0
machine_state_setup,graph_chain,10,9,14,3600,0,0,10
body_state_setup,graph_chain,10,9,14,200,0,0,0
machine_state_setup,graph_chain,10,9,15,3400,0,0,10
body_state_setup,graph_chain,10,9,15,300,0,0,0
machine_state_setup,graph_chain,10,9,16,3400,0,0,10
body_state_setup,graph_chain,10,9,16,200,0,0,0
machine_state_setup,graph_chain,10,9,17,3500,0,0,10
body_state_setup,graph_chain,10,9,17,400,0,0,0
machine_state_setup,graph_chain,10,9,18,3400,0,0,10
body_state_setup,graph_chain,10,9,18,300,0,0,0
machine_state_setup,graph_chain,10,9,19,3400,0,0,10
body_state_setup,graph_chain,10,9,19,300,0,0,0
machine_state_setup,graph_chain,10,9,20,3400,0,0,10
body_state_setup,graph_chain,10,9,20,300,0,0,0
machine_state_setup,graph_chain,10,9,21,3500,0,0,10
body_state_setup,graph_chain,10,9,21,300,0,0,0
machine_state_setup,graph_chain,10,9,22,3400,0,0,10
body_state_setup,graph_chain,10,9,22,300,0,0,0
machine_state_setup,graph_chain,10,9,23,3600,0,0,10
body_state_setup,graph_chain,10,9,23,300,0,0,0
machine_state_setup,graph_chain,10,9,24,3500,0,0,10
body_state_setup,graph_chain,10,9,24,500,0,0,0
machine_state_setup,graph_chain,10,9,25,3600,0,0,10
body_state_setup,graph_chain,10,9,25,400,0,0,0
machine_state_setup,graph_chain,10,9,26,3600,0,0,10
body_state_setup,graph_chain,10,9,26,200,0,0,0
machine_state_setup,graph_chain,10,9,27,3600,0,0,10
body_state_setup,graph_chain,10,9,27,300,0,0,0
machine_state_setup,graph_chain,10,9,28,3300,0,0,10
body_state_setup,graph_chain,10,9,28,200,0,0,0
machine_state_setup,graph_chain,10,9,29,3600,0,0,10
body_state_setup,graph_chain,10,9,29,300,0,0,0
machine_state_setup,graph_chain,10,9,30,3500,0,0,10
body_state_setup,graph_chain,10,9,30,300,0,0,0
machine_state_setup,graph_chain,10,9,31,3400,0,0,10
body_state_setup,graph_chain,10,9,31,200,0,0,0
machine_state_setup,graph_chain,10,9,32,3400,0,0,10
body_state_setup,graph_chain,10,9,32,300,0,0,0
machine_state_setup,graph_chain,10,9,33,20400,0,0,10
body_state_setup,graph_chain,10,9,33,300,0,0,0
machine_state_setup,graph_chain,10,9,34,3800,0,0,10
body_state_setup,graph_chain,10,9,34,300,0,0,0
machine_state_setup,graph_chain,10,9,35,3500,0,0,10
body_state_setup,graph_chain,10,9,35,300,0,0,0
machine_state_setup,graph_chain,10,9,36,3500,0,0,10
body_state_setup,graph_chain,10,9,36,300,0,0,0
machine_state_setup,graph_chain,10,9,37,3700,0,0,10
body_state_setup,graph_chain,10,9,37,500,0,0,0
machine_state_setup,graph_chain,10,9,38,3400,0,0,10
body_state_setup,graph_chain,10,9,38,300,0,0,0
machine_state_setup,graph_chain,10,9,39,3500,0,0,10
body_state_setup,graph_chain,10,9,39,300,0,0,0
pure_machine_events_preseeded,graph_chain,10,9,0,9500,0,0,10
pure_machine_events_preseeded,graph_chain,10,9,1,8100,0,0,10
pure_machine_events_preseeded,graph_chain,10,9,2,7800,0,0,10
pure_machine_events_preseeded,graph_chain,10,9,3,7800,0,0,10
pure_machine_events_preseeded,graph_chain,10,9,4,7700,0,0,10
pure_machine_events_preseeded,graph_chain,10,9,5,7700,0,0,10
pure_machine_events_preseeded,graph_chain,10,9,6,7800,0,0,10
pure_machine_events_preseeded,graph_chain,10,9,7,7700,0,0,10
pure_machine_events_preseeded,graph_chain,10,9,8,7700,0,0,10
pure_machine_events_preseeded,graph_chain,10,9,9,7900,0,0,10
pure_machine_events_preseeded,graph_chain,10,9,10,7700,0,0,10
pure_machine_events_preseeded,graph_chain,10,9,11,8000,0,0,10
pure_machine_events_preseeded,graph_chain,10,9,12,7900,0,0,10
pure_machine_events_preseeded,graph_chain,10,9,13,8000,0,0,10
pure_machine_events_preseeded,graph_chain,10,9,14,8000,0,0,10
pure_machine_events_preseeded,graph_chain,10,9,15,8300,0,0,10
pure_machine_events_preseeded,graph_chain,10,9,16,8300,0,0,10
pure_machine_events_preseeded,graph_chain,10,9,17,8200,0,0,10
pure_machine_events_preseeded,graph_chain,10,9,18,7600,0,0,10
pure_machine_events_preseeded,graph_chain,10,9,19,8000,0,0,10
pure_machine_events_preseeded,graph_chain,10,9,20,8100,0,0,10
pure_machine_events_preseeded,graph_chain,10,9,21,7700,0,0,10
pure_machine_events_preseeded,graph_chain,10,9,22,8600,0,0,10
pure_machine_events_preseeded,graph_chain,10,9,23,8100,0,0,10
pure_machine_events_preseeded,graph_chain,10,9,24,12200,0,0,10
pure_machine_events_preseeded,graph_chain,10,9,25,10600,0,0,10
pure_machine_events_preseeded,graph_chain,10,9,26,11000,0,0,10
pure_machine_events_preseeded,graph_chain,10,9,27,15100,0,0,10
pure_machine_events_preseeded,graph_chain,10,9,28,8400,0,0,10
pure_machine_events_preseeded,graph_chain,10,9,29,8000,0,0,10
pure_machine_events_preseeded,graph_chain,10,9,30,8000,0,0,10
pure_machine_events_preseeded,graph_chain,10,9,31,7900,0,0,10
pure_machine_events_preseeded,graph_chain,10,9,32,7800,0,0,10
pure_machine_events_preseeded,graph_chain,10,9,33,7900,0,0,10
pure_machine_events_preseeded,graph_chain,10,9,34,7900,0,0,10
pure_machine_events_preseeded,graph_chain,10,9,35,7800,0,0,10
pure_machine_events_preseeded,graph_chain,10,9,36,7700,0,0,10
pure_machine_events_preseeded,graph_chain,10,9,37,7800,0,0,10
pure_machine_events_preseeded,graph_chain,10,9,38,8000,0,0,10
pure_machine_events_preseeded,graph_chain,10,9,39,7700,0,0,10
fixture_generation,graph_wide,10,9,0,1000,0,0,50
fixture_generation,graph_wide,10,9,1,800,0,0,50
fixture_generation,graph_wide,10,9,2,800,0,0,50
fixture_generation,graph_wide,10,9,3,800,0,0,50
fixture_generation,graph_wide,10,9,4,900,0,0,50
fixture_generation,graph_wide,10,9,5,800,0,0,50
fixture_generation,graph_wide,10,9,6,800,0,0,50
fixture_generation,graph_wide,10,9,7,800,0,0,50
fixture_generation,graph_wide,10,9,8,800,0,0,50
fixture_generation,graph_wide,10,9,9,800,0,0,50
fixture_generation,graph_wide,10,9,10,800,0,0,50
fixture_generation,graph_wide,10,9,11,800,0,0,50
fixture_generation,graph_wide,10,9,12,800,0,0,50
fixture_generation,graph_wide,10,9,13,800,0,0,50
fixture_generation,graph_wide,10,9,14,800,0,0,50
fixture_generation,graph_wide,10,9,15,800,0,0,50
fixture_generation,graph_wide,10,9,16,800,0,0,50
fixture_generation,graph_wide,10,9,17,800,0,0,50
fixture_generation,graph_wide,10,9,18,800,0,0,50
fixture_generation,graph_wide,10,9,19,800,0,0,50
plan_build,graph_wide,10,9,0,3900,0,0,10
plan_build,graph_wide,10,9,1,6600,0,0,10
plan_build,graph_wide,10,9,2,2300,0,0,10
plan_build,graph_wide,10,9,3,2200,0,0,10
plan_build,graph_wide,10,9,4,2100,0,0,10
plan_build,graph_wide,10,9,5,2100,0,0,10
plan_build,graph_wide,10,9,6,2100,0,0,10
plan_build,graph_wide,10,9,7,2300,0,0,10
plan_build,graph_wide,10,9,8,2100,0,0,10
plan_build,graph_wide,10,9,9,2200,0,0,10
plan_build,graph_wide,10,9,10,2200,0,0,10
plan_build,graph_wide,10,9,11,2200,0,0,10
plan_build,graph_wide,10,9,12,2100,0,0,10
plan_build,graph_wide,10,9,13,2100,0,0,10
plan_build,graph_wide,10,9,14,2100,0,0,10
plan_build,graph_wide,10,9,15,2100,0,0,10
plan_build,graph_wide,10,9,16,2100,0,0,10
plan_build,graph_wide,10,9,17,2100,0,0,10
plan_build,graph_wide,10,9,18,2100,0,0,10
plan_build,graph_wide,10,9,19,2100,0,0,10
plan_build_alloc,graph_wide,10,9,0,0,57,14265,10
engine_execution,graph_wide,10,9,0,32200,0,0,8
engine_execution,graph_wide,10,9,1,31700,0,0,9
engine_execution,graph_wide,10,9,2,32100,0,0,10
engine_execution,graph_wide,10,9,3,32600,0,0,11
engine_execution,graph_wide,10,9,4,40800,0,0,12
engine_execution,graph_wide,10,9,5,32000,0,0,13
engine_execution,graph_wide,10,9,6,33300,0,0,14
engine_execution,graph_wide,10,9,7,32400,0,0,15
engine_execution,graph_wide,10,9,8,33100,0,0,0
engine_execution,graph_wide,10,9,9,31800,0,0,1
engine_execution,graph_wide,10,9,10,37100,0,0,2
engine_execution,graph_wide,10,9,11,35600,0,0,3
engine_execution,graph_wide,10,9,12,34400,0,0,4
engine_execution,graph_wide,10,9,13,32100,0,0,5
engine_execution,graph_wide,10,9,14,33300,0,0,6
engine_execution,graph_wide,10,9,15,34600,0,0,7
engine_execution,graph_wide,10,9,16,33000,0,0,24
engine_execution,graph_wide,10,9,17,32500,0,0,25
engine_execution,graph_wide,10,9,18,32900,0,0,26
engine_execution,graph_wide,10,9,19,32400,0,0,27
engine_execution,graph_wide,10,9,20,32600,0,0,28
engine_execution,graph_wide,10,9,21,31300,0,0,29
engine_execution,graph_wide,10,9,22,32500,0,0,30
engine_execution,graph_wide,10,9,23,32300,0,0,31
engine_execution,graph_wide,10,9,24,32000,0,0,16
engine_execution,graph_wide,10,9,25,31200,0,0,17
engine_execution,graph_wide,10,9,26,30900,0,0,18
engine_execution,graph_wide,10,9,27,31600,0,0,19
engine_execution,graph_wide,10,9,28,31700,0,0,20
engine_execution,graph_wide,10,9,29,31200,0,0,21
engine_execution,graph_wide,10,9,30,31200,0,0,22
engine_execution,graph_wide,10,9,31,31500,0,0,23
engine_execution,graph_wide,10,9,32,31900,0,0,40
engine_execution,graph_wide,10,9,33,32300,0,0,41
engine_execution,graph_wide,10,9,34,37100,0,0,42
engine_execution,graph_wide,10,9,35,32000,0,0,43
engine_execution,graph_wide,10,9,36,31600,0,0,44
engine_execution,graph_wide,10,9,37,31700,0,0,45
engine_execution,graph_wide,10,9,38,31900,0,0,46
engine_execution,graph_wide,10,9,39,32200,0,0,47
engine_execution_alloc,graph_wide,10,9,0,0,631,67899,23122
machine_state_setup,graph_wide,10,9,0,4400,0,0,10
body_state_setup,graph_wide,10,9,0,500,0,0,0
machine_state_setup,graph_wide,10,9,1,4000,0,0,10
body_state_setup,graph_wide,10,9,1,300,0,0,0
machine_state_setup,graph_wide,10,9,2,3700,0,0,10
body_state_setup,graph_wide,10,9,2,300,0,0,0
machine_state_setup,graph_wide,10,9,3,3600,0,0,10
body_state_setup,graph_wide,10,9,3,400,0,0,0
machine_state_setup,graph_wide,10,9,4,3600,0,0,10
body_state_setup,graph_wide,10,9,4,500,0,0,0
machine_state_setup,graph_wide,10,9,5,3600,0,0,10
body_state_setup,graph_wide,10,9,5,400,0,0,0
machine_state_setup,graph_wide,10,9,6,3600,0,0,10
body_state_setup,graph_wide,10,9,6,300,0,0,0
machine_state_setup,graph_wide,10,9,7,3600,0,0,10
body_state_setup,graph_wide,10,9,7,300,0,0,0
machine_state_setup,graph_wide,10,9,8,3600,0,0,10
body_state_setup,graph_wide,10,9,8,300,0,0,0
machine_state_setup,graph_wide,10,9,9,3700,0,0,10
body_state_setup,graph_wide,10,9,9,200,0,0,0
machine_state_setup,graph_wide,10,9,10,3300,0,0,10
body_state_setup,graph_wide,10,9,10,300,0,0,0
machine_state_setup,graph_wide,10,9,11,3900,0,0,10
body_state_setup,graph_wide,10,9,11,300,0,0,0
machine_state_setup,graph_wide,10,9,12,3700,0,0,10
body_state_setup,graph_wide,10,9,12,300,0,0,0
machine_state_setup,graph_wide,10,9,13,4100,0,0,10
body_state_setup,graph_wide,10,9,13,300,0,0,0
machine_state_setup,graph_wide,10,9,14,3900,0,0,10
body_state_setup,graph_wide,10,9,14,300,0,0,0
machine_state_setup,graph_wide,10,9,15,3900,0,0,10
body_state_setup,graph_wide,10,9,15,500,0,0,0
machine_state_setup,graph_wide,10,9,16,4000,0,0,10
body_state_setup,graph_wide,10,9,16,300,0,0,0
machine_state_setup,graph_wide,10,9,17,4000,0,0,10
body_state_setup,graph_wide,10,9,17,300,0,0,0
machine_state_setup,graph_wide,10,9,18,4100,0,0,10
body_state_setup,graph_wide,10,9,18,200,0,0,0
machine_state_setup,graph_wide,10,9,19,3900,0,0,10
body_state_setup,graph_wide,10,9,19,300,0,0,0
machine_state_setup,graph_wide,10,9,20,3800,0,0,10
body_state_setup,graph_wide,10,9,20,300,0,0,0
machine_state_setup,graph_wide,10,9,21,3900,0,0,10
body_state_setup,graph_wide,10,9,21,300,0,0,0
machine_state_setup,graph_wide,10,9,22,3800,0,0,10
body_state_setup,graph_wide,10,9,22,300,0,0,0
machine_state_setup,graph_wide,10,9,23,3900,0,0,10
body_state_setup,graph_wide,10,9,23,400,0,0,0
machine_state_setup,graph_wide,10,9,24,3800,0,0,10
body_state_setup,graph_wide,10,9,24,700,0,0,0
machine_state_setup,graph_wide,10,9,25,3700,0,0,10
body_state_setup,graph_wide,10,9,25,500,0,0,0
machine_state_setup,graph_wide,10,9,26,3800,0,0,10
body_state_setup,graph_wide,10,9,26,300,0,0,0
machine_state_setup,graph_wide,10,9,27,3500,0,0,10
body_state_setup,graph_wide,10,9,27,300,0,0,0
machine_state_setup,graph_wide,10,9,28,3300,0,0,10
body_state_setup,graph_wide,10,9,28,200,0,0,0
machine_state_setup,graph_wide,10,9,29,3300,0,0,10
body_state_setup,graph_wide,10,9,29,300,0,0,0
machine_state_setup,graph_wide,10,9,30,3500,0,0,10
body_state_setup,graph_wide,10,9,30,300,0,0,0
machine_state_setup,graph_wide,10,9,31,3500,0,0,10
body_state_setup,graph_wide,10,9,31,300,0,0,0
machine_state_setup,graph_wide,10,9,32,3300,0,0,10
body_state_setup,graph_wide,10,9,32,300,0,0,0
machine_state_setup,graph_wide,10,9,33,3400,0,0,10
body_state_setup,graph_wide,10,9,33,300,0,0,0
machine_state_setup,graph_wide,10,9,34,3500,0,0,10
body_state_setup,graph_wide,10,9,34,300,0,0,0
machine_state_setup,graph_wide,10,9,35,3500,0,0,10
body_state_setup,graph_wide,10,9,35,400,0,0,0
machine_state_setup,graph_wide,10,9,36,3400,0,0,10
body_state_setup,graph_wide,10,9,36,400,0,0,0
machine_state_setup,graph_wide,10,9,37,3400,0,0,10
body_state_setup,graph_wide,10,9,37,300,0,0,0
machine_state_setup,graph_wide,10,9,38,3800,0,0,10
body_state_setup,graph_wide,10,9,38,300,0,0,0
machine_state_setup,graph_wide,10,9,39,3600,0,0,10
body_state_setup,graph_wide,10,9,39,300,0,0,0
fixture_generation,graph_sparse,10,9,0,900,0,0,50
fixture_generation,graph_sparse,10,9,1,900,0,0,50
fixture_generation,graph_sparse,10,9,2,800,0,0,50
fixture_generation,graph_sparse,10,9,3,900,0,0,50
fixture_generation,graph_sparse,10,9,4,900,0,0,50
fixture_generation,graph_sparse,10,9,5,900,0,0,50
fixture_generation,graph_sparse,10,9,6,900,0,0,50
fixture_generation,graph_sparse,10,9,7,900,0,0,50
fixture_generation,graph_sparse,10,9,8,800,0,0,50
fixture_generation,graph_sparse,10,9,9,800,0,0,50
fixture_generation,graph_sparse,10,9,10,800,0,0,50
fixture_generation,graph_sparse,10,9,11,800,0,0,50
fixture_generation,graph_sparse,10,9,12,800,0,0,50
fixture_generation,graph_sparse,10,9,13,700,0,0,50
fixture_generation,graph_sparse,10,9,14,700,0,0,50
fixture_generation,graph_sparse,10,9,15,700,0,0,50
fixture_generation,graph_sparse,10,9,16,700,0,0,50
fixture_generation,graph_sparse,10,9,17,800,0,0,50
fixture_generation,graph_sparse,10,9,18,800,0,0,50
fixture_generation,graph_sparse,10,9,19,800,0,0,50
plan_build,graph_sparse,10,9,0,3300,0,0,12
plan_build,graph_sparse,10,9,1,2700,0,0,12
plan_build,graph_sparse,10,9,2,2300,0,0,12
plan_build,graph_sparse,10,9,3,2200,0,0,12
plan_build,graph_sparse,10,9,4,2200,0,0,12
plan_build,graph_sparse,10,9,5,2200,0,0,12
plan_build,graph_sparse,10,9,6,2100,0,0,12
plan_build,graph_sparse,10,9,7,2200,0,0,12
plan_build,graph_sparse,10,9,8,2200,0,0,12
plan_build,graph_sparse,10,9,9,2300,0,0,12
plan_build,graph_sparse,10,9,10,2200,0,0,12
plan_build,graph_sparse,10,9,11,2100,0,0,12
plan_build,graph_sparse,10,9,12,2400,0,0,12
plan_build,graph_sparse,10,9,13,2100,0,0,12
plan_build,graph_sparse,10,9,14,2100,0,0,12
plan_build,graph_sparse,10,9,15,2100,0,0,12
plan_build,graph_sparse,10,9,16,2100,0,0,12
plan_build,graph_sparse,10,9,17,2200,0,0,12
plan_build,graph_sparse,10,9,18,2100,0,0,12
plan_build,graph_sparse,10,9,19,2200,0,0,12
plan_build_alloc,graph_sparse,10,9,0,0,57,14267,12
engine_execution,graph_sparse,10,9,0,33500,0,0,13
engine_execution,graph_sparse,10,9,1,32600,0,0,12
engine_execution,graph_sparse,10,9,2,33700,0,0,15
engine_execution,graph_sparse,10,9,3,31900,0,0,14
engine_execution,graph_sparse,10,9,4,31500,0,0,9
engine_execution,graph_sparse,10,9,5,31500,0,0,8
engine_execution,graph_sparse,10,9,6,33200,0,0,11
engine_execution,graph_sparse,10,9,7,32200,0,0,10
engine_execution,graph_sparse,10,9,8,34700,0,0,5
engine_execution,graph_sparse,10,9,9,32100,0,0,4
engine_execution,graph_sparse,10,9,10,31700,0,0,7
engine_execution,graph_sparse,10,9,11,31400,0,0,6
engine_execution,graph_sparse,10,9,12,31400,0,0,1
engine_execution,graph_sparse,10,9,13,32500,0,0,0
engine_execution,graph_sparse,10,9,14,32800,0,0,3
engine_execution,graph_sparse,10,9,15,31500,0,0,2
engine_execution,graph_sparse,10,9,16,31400,0,0,29
engine_execution,graph_sparse,10,9,17,31500,0,0,28
engine_execution,graph_sparse,10,9,18,31800,0,0,31
engine_execution,graph_sparse,10,9,19,33300,0,0,30
engine_execution,graph_sparse,10,9,20,32700,0,0,25
engine_execution,graph_sparse,10,9,21,33600,0,0,24
engine_execution,graph_sparse,10,9,22,32200,0,0,27
engine_execution,graph_sparse,10,9,23,33000,0,0,26
engine_execution,graph_sparse,10,9,24,32500,0,0,21
engine_execution,graph_sparse,10,9,25,32400,0,0,20
engine_execution,graph_sparse,10,9,26,31800,0,0,23
engine_execution,graph_sparse,10,9,27,32600,0,0,22
engine_execution,graph_sparse,10,9,28,32200,0,0,17
engine_execution,graph_sparse,10,9,29,32100,0,0,16
engine_execution,graph_sparse,10,9,30,32300,0,0,19
engine_execution,graph_sparse,10,9,31,32100,0,0,18
engine_execution,graph_sparse,10,9,32,31500,0,0,45
engine_execution,graph_sparse,10,9,33,31000,0,0,44
engine_execution,graph_sparse,10,9,34,31100,0,0,47
engine_execution,graph_sparse,10,9,35,31800,0,0,46
engine_execution,graph_sparse,10,9,36,31900,0,0,41
engine_execution,graph_sparse,10,9,37,32500,0,0,40
engine_execution,graph_sparse,10,9,38,31700,0,0,43
engine_execution,graph_sparse,10,9,39,37100,0,0,42
engine_execution_alloc,graph_sparse,10,9,0,0,642,66879,23127
machine_state_setup,graph_sparse,10,9,0,4800,0,0,10
body_state_setup,graph_sparse,10,9,0,400,0,0,0
machine_state_setup,graph_sparse,10,9,1,4100,0,0,10
body_state_setup,graph_sparse,10,9,1,400,0,0,0
machine_state_setup,graph_sparse,10,9,2,3900,0,0,10
body_state_setup,graph_sparse,10,9,2,300,0,0,0
machine_state_setup,graph_sparse,10,9,3,4000,0,0,10
body_state_setup,graph_sparse,10,9,3,300,0,0,0
machine_state_setup,graph_sparse,10,9,4,3800,0,0,10
body_state_setup,graph_sparse,10,9,4,300,0,0,0
machine_state_setup,graph_sparse,10,9,5,3600,0,0,10
body_state_setup,graph_sparse,10,9,5,300,0,0,0
machine_state_setup,graph_sparse,10,9,6,3700,0,0,10
body_state_setup,graph_sparse,10,9,6,800,0,0,0
machine_state_setup,graph_sparse,10,9,7,4200,0,0,10
body_state_setup,graph_sparse,10,9,7,300,0,0,0
machine_state_setup,graph_sparse,10,9,8,3400,0,0,10
body_state_setup,graph_sparse,10,9,8,300,0,0,0
machine_state_setup,graph_sparse,10,9,9,3500,0,0,10
body_state_setup,graph_sparse,10,9,9,200,0,0,0
machine_state_setup,graph_sparse,10,9,10,3600,0,0,10
body_state_setup,graph_sparse,10,9,10,400,0,0,0
machine_state_setup,graph_sparse,10,9,11,3600,0,0,10
body_state_setup,graph_sparse,10,9,11,300,0,0,0
machine_state_setup,graph_sparse,10,9,12,3300,0,0,10
body_state_setup,graph_sparse,10,9,12,400,0,0,0
machine_state_setup,graph_sparse,10,9,13,3500,0,0,10
body_state_setup,graph_sparse,10,9,13,200,0,0,0
machine_state_setup,graph_sparse,10,9,14,3400,0,0,10
body_state_setup,graph_sparse,10,9,14,300,0,0,0
machine_state_setup,graph_sparse,10,9,15,3300,0,0,10
body_state_setup,graph_sparse,10,9,15,200,0,0,0
machine_state_setup,graph_sparse,10,9,16,3200,0,0,10
body_state_setup,graph_sparse,10,9,16,300,0,0,0
machine_state_setup,graph_sparse,10,9,17,3300,0,0,10
body_state_setup,graph_sparse,10,9,17,300,0,0,0
machine_state_setup,graph_sparse,10,9,18,3500,0,0,10
body_state_setup,graph_sparse,10,9,18,300,0,0,0
machine_state_setup,graph_sparse,10,9,19,3300,0,0,10
body_state_setup,graph_sparse,10,9,19,200,0,0,0
machine_state_setup,graph_sparse,10,9,20,3400,0,0,10
body_state_setup,graph_sparse,10,9,20,300,0,0,0
machine_state_setup,graph_sparse,10,9,21,3400,0,0,10
body_state_setup,graph_sparse,10,9,21,300,0,0,0
machine_state_setup,graph_sparse,10,9,22,3400,0,0,10
body_state_setup,graph_sparse,10,9,22,300,0,0,0
machine_state_setup,graph_sparse,10,9,23,3400,0,0,10
body_state_setup,graph_sparse,10,9,23,300,0,0,0
machine_state_setup,graph_sparse,10,9,24,3400,0,0,10
body_state_setup,graph_sparse,10,9,24,300,0,0,0
machine_state_setup,graph_sparse,10,9,25,3500,0,0,10
body_state_setup,graph_sparse,10,9,25,300,0,0,0
machine_state_setup,graph_sparse,10,9,26,3500,0,0,10
body_state_setup,graph_sparse,10,9,26,400,0,0,0
machine_state_setup,graph_sparse,10,9,27,3400,0,0,10
body_state_setup,graph_sparse,10,9,27,300,0,0,0
machine_state_setup,graph_sparse,10,9,28,3300,0,0,10
body_state_setup,graph_sparse,10,9,28,300,0,0,0
machine_state_setup,graph_sparse,10,9,29,3300,0,0,10
body_state_setup,graph_sparse,10,9,29,300,0,0,0
machine_state_setup,graph_sparse,10,9,30,3500,0,0,10
body_state_setup,graph_sparse,10,9,30,300,0,0,0
machine_state_setup,graph_sparse,10,9,31,3200,0,0,10
body_state_setup,graph_sparse,10,9,31,300,0,0,0
machine_state_setup,graph_sparse,10,9,32,3300,0,0,10
body_state_setup,graph_sparse,10,9,32,300,0,0,0
machine_state_setup,graph_sparse,10,9,33,3300,0,0,10
body_state_setup,graph_sparse,10,9,33,300,0,0,0
machine_state_setup,graph_sparse,10,9,34,3500,0,0,10
body_state_setup,graph_sparse,10,9,34,300,0,0,0
machine_state_setup,graph_sparse,10,9,35,3500,0,0,10
body_state_setup,graph_sparse,10,9,35,400,0,0,0
machine_state_setup,graph_sparse,10,9,36,3300,0,0,10
body_state_setup,graph_sparse,10,9,36,200,0,0,0
machine_state_setup,graph_sparse,10,9,37,3400,0,0,10
body_state_setup,graph_sparse,10,9,37,200,0,0,0
machine_state_setup,graph_sparse,10,9,38,3300,0,0,10
body_state_setup,graph_sparse,10,9,38,300,0,0,0
machine_state_setup,graph_sparse,10,9,39,3400,0,0,10
body_state_setup,graph_sparse,10,9,39,400,0,0,0
fixture_generation,graph_chain,100,99,0,7500,0,0,500
fixture_generation,graph_chain,100,99,1,6900,0,0,500
fixture_generation,graph_chain,100,99,2,6900,0,0,500
fixture_generation,graph_chain,100,99,3,6900,0,0,500
fixture_generation,graph_chain,100,99,4,6900,0,0,500
fixture_generation,graph_chain,100,99,5,6800,0,0,500
fixture_generation,graph_chain,100,99,6,6900,0,0,500
fixture_generation,graph_chain,100,99,7,6800,0,0,500
fixture_generation,graph_chain,100,99,8,6900,0,0,500
fixture_generation,graph_chain,100,99,9,6900,0,0,500
fixture_generation,graph_chain,100,99,10,6900,0,0,500
fixture_generation,graph_chain,100,99,11,6900,0,0,500
fixture_generation,graph_chain,100,99,12,6900,0,0,500
fixture_generation,graph_chain,100,99,13,6800,0,0,500
fixture_generation,graph_chain,100,99,14,6800,0,0,500
fixture_generation,graph_chain,100,99,15,6800,0,0,500
fixture_generation,graph_chain,100,99,16,6900,0,0,500
fixture_generation,graph_chain,100,99,17,6800,0,0,500
fixture_generation,graph_chain,100,99,18,6800,0,0,500
fixture_generation,graph_chain,100,99,19,6800,0,0,500
plan_build,graph_chain,100,99,0,46400,0,0,11
plan_build,graph_chain,100,99,1,39400,0,0,11
plan_build,graph_chain,100,99,2,35000,0,0,11
plan_build,graph_chain,100,99,3,67800,0,0,11
plan_build,graph_chain,100,99,4,25100,0,0,11
plan_build,graph_chain,100,99,5,25200,0,0,11
plan_build,graph_chain,100,99,6,36900,0,0,11
plan_build,graph_chain,100,99,7,54700,0,0,11
plan_build,graph_chain,100,99,8,28000,0,0,11
plan_build,graph_chain,100,99,9,25300,0,0,11
plan_build,graph_chain,100,99,10,25000,0,0,11
plan_build,graph_chain,100,99,11,24700,0,0,11
plan_build,graph_chain,100,99,12,31900,0,0,11
plan_build,graph_chain,100,99,13,47000,0,0,11
plan_build,graph_chain,100,99,14,25000,0,0,11
plan_build,graph_chain,100,99,15,25100,0,0,11
plan_build,graph_chain,100,99,16,34800,0,0,11
plan_build,graph_chain,100,99,17,24900,0,0,11
plan_build,graph_chain,100,99,18,32700,0,0,11
plan_build,graph_chain,100,99,19,45600,0,0,11
plan_build_alloc,graph_chain,100,99,0,0,429,126588,11
engine_execution,graph_chain,100,99,0,492700,0,0,1
engine_execution,graph_chain,100,99,1,583400,0,0,0
engine_execution,graph_chain,100,99,2,510300,0,0,3
engine_execution,graph_chain,100,99,3,493400,0,0,2
engine_execution,graph_chain,100,99,4,483900,0,0,5
engine_execution,graph_chain,100,99,5,481500,0,0,4
engine_execution,graph_chain,100,99,6,459600,0,0,7
engine_execution,graph_chain,100,99,7,480200,0,0,6
engine_execution,graph_chain,100,99,8,493700,0,0,9
engine_execution,graph_chain,100,99,9,483600,0,0,8
engine_execution,graph_chain,100,99,10,487300,0,0,11
engine_execution,graph_chain,100,99,11,490000,0,0,10
engine_execution,graph_chain,100,99,12,479700,0,0,13
engine_execution,graph_chain,100,99,13,495700,0,0,12
engine_execution,graph_chain,100,99,14,520400,0,0,15
engine_execution,graph_chain,100,99,15,476100,0,0,14
engine_execution,graph_chain,100,99,16,538700,0,0,17
engine_execution,graph_chain,100,99,17,487700,0,0,16
engine_execution,graph_chain,100,99,18,493500,0,0,19
engine_execution,graph_chain,100,99,19,564100,0,0,18
engine_execution,graph_chain,100,99,20,524900,0,0,21
engine_execution,graph_chain,100,99,21,520500,0,0,20
engine_execution,graph_chain,100,99,22,528300,0,0,23
engine_execution,graph_chain,100,99,23,588000,0,0,22
engine_execution,graph_chain,100,99,24,512900,0,0,25
engine_execution,graph_chain,100,99,25,539300,0,0,24
engine_execution,graph_chain,100,99,26,534900,0,0,27
engine_execution,graph_chain,100,99,27,566100,0,0,26
engine_execution,graph_chain,100,99,28,508600,0,0,29
engine_execution,graph_chain,100,99,29,534600,0,0,28
engine_execution,graph_chain,100,99,30,479300,0,0,31
engine_execution,graph_chain,100,99,31,503600,0,0,30
engine_execution,graph_chain,100,99,32,473300,0,0,33
engine_execution,graph_chain,100,99,33,511800,0,0,32
engine_execution,graph_chain,100,99,34,471300,0,0,35
engine_execution,graph_chain,100,99,35,503500,0,0,34
engine_execution,graph_chain,100,99,36,471700,0,0,37
engine_execution,graph_chain,100,99,37,490000,0,0,36
engine_execution,graph_chain,100,99,38,475300,0,0,39
engine_execution,graph_chain,100,99,39,489200,0,0,38
engine_execution_alloc,graph_chain,100,99,0,0,5983,769191,23131
machine_state_setup,graph_chain,100,99,0,89700,0,0,100
body_state_setup,graph_chain,100,99,0,800,0,0,0
machine_state_setup,graph_chain,100,99,1,61100,0,0,100
body_state_setup,graph_chain,100,99,1,800,0,0,0
machine_state_setup,graph_chain,100,99,2,59200,0,0,100
body_state_setup,graph_chain,100,99,2,700,0,0,0
machine_state_setup,graph_chain,100,99,3,80500,0,0,100
body_state_setup,graph_chain,100,99,3,600,0,0,0
machine_state_setup,graph_chain,100,99,4,61300,0,0,100
body_state_setup,graph_chain,100,99,4,700,0,0,0
machine_state_setup,graph_chain,100,99,5,57500,0,0,100
body_state_setup,graph_chain,100,99,5,600,0,0,0
machine_state_setup,graph_chain,100,99,6,56500,0,0,100
body_state_setup,graph_chain,100,99,6,600,0,0,0
machine_state_setup,graph_chain,100,99,7,60300,0,0,100
body_state_setup,graph_chain,100,99,7,700,0,0,0
machine_state_setup,graph_chain,100,99,8,52600,0,0,100
body_state_setup,graph_chain,100,99,8,700,0,0,0
machine_state_setup,graph_chain,100,99,9,54000,0,0,100
body_state_setup,graph_chain,100,99,9,600,0,0,0
machine_state_setup,graph_chain,100,99,10,60500,0,0,100
body_state_setup,graph_chain,100,99,10,600,0,0,0
machine_state_setup,graph_chain,100,99,11,51000,0,0,100
body_state_setup,graph_chain,100,99,11,500,0,0,0
machine_state_setup,graph_chain,100,99,12,51900,0,0,100
body_state_setup,graph_chain,100,99,12,700,0,0,0
machine_state_setup,graph_chain,100,99,13,64600,0,0,100
body_state_setup,graph_chain,100,99,13,500,0,0,0
machine_state_setup,graph_chain,100,99,14,65900,0,0,100
body_state_setup,graph_chain,100,99,14,600,0,0,0
machine_state_setup,graph_chain,100,99,15,52700,0,0,100
body_state_setup,graph_chain,100,99,15,600,0,0,0
machine_state_setup,graph_chain,100,99,16,54000,0,0,100
body_state_setup,graph_chain,100,99,16,500,0,0,0
machine_state_setup,graph_chain,100,99,17,61200,0,0,100
body_state_setup,graph_chain,100,99,17,500,0,0,0
machine_state_setup,graph_chain,100,99,18,61800,0,0,100
body_state_setup,graph_chain,100,99,18,700,0,0,0
machine_state_setup,graph_chain,100,99,19,60400,0,0,100
body_state_setup,graph_chain,100,99,19,500,0,0,0
machine_state_setup,graph_chain,100,99,20,70600,0,0,100
body_state_setup,graph_chain,100,99,20,500,0,0,0
machine_state_setup,graph_chain,100,99,21,52600,0,0,100
body_state_setup,graph_chain,100,99,21,700,0,0,0
machine_state_setup,graph_chain,100,99,22,61600,0,0,100
body_state_setup,graph_chain,100,99,22,500,0,0,0
machine_state_setup,graph_chain,100,99,23,53900,0,0,100
body_state_setup,graph_chain,100,99,23,700,0,0,0
machine_state_setup,graph_chain,100,99,24,71300,0,0,100
body_state_setup,graph_chain,100,99,24,600,0,0,0
machine_state_setup,graph_chain,100,99,25,62100,0,0,100
body_state_setup,graph_chain,100,99,25,500,0,0,0
machine_state_setup,graph_chain,100,99,26,55900,0,0,100
body_state_setup,graph_chain,100,99,26,800,0,0,0
machine_state_setup,graph_chain,100,99,27,55600,0,0,100
body_state_setup,graph_chain,100,99,27,600,0,0,0
machine_state_setup,graph_chain,100,99,28,57300,0,0,100
body_state_setup,graph_chain,100,99,28,500,0,0,0
machine_state_setup,graph_chain,100,99,29,56400,0,0,100
body_state_setup,graph_chain,100,99,29,700,0,0,0
machine_state_setup,graph_chain,100,99,30,53600,0,0,100
body_state_setup,graph_chain,100,99,30,600,0,0,0
machine_state_setup,graph_chain,100,99,31,51500,0,0,100
body_state_setup,graph_chain,100,99,31,600,0,0,0
machine_state_setup,graph_chain,100,99,32,60100,0,0,100
body_state_setup,graph_chain,100,99,32,700,0,0,0
machine_state_setup,graph_chain,100,99,33,63400,0,0,100
body_state_setup,graph_chain,100,99,33,600,0,0,0
machine_state_setup,graph_chain,100,99,34,53600,0,0,100
body_state_setup,graph_chain,100,99,34,600,0,0,0
machine_state_setup,graph_chain,100,99,35,61600,0,0,100
body_state_setup,graph_chain,100,99,35,500,0,0,0
machine_state_setup,graph_chain,100,99,36,50900,0,0,100
body_state_setup,graph_chain,100,99,36,500,0,0,0
machine_state_setup,graph_chain,100,99,37,77000,0,0,100
body_state_setup,graph_chain,100,99,37,600,0,0,0
machine_state_setup,graph_chain,100,99,38,51500,0,0,100
body_state_setup,graph_chain,100,99,38,600,0,0,0
machine_state_setup,graph_chain,100,99,39,68200,0,0,100
body_state_setup,graph_chain,100,99,39,700,0,0,0
pure_machine_events_preseeded,graph_chain,100,99,0,124800,0,0,101
pure_machine_events_preseeded,graph_chain,100,99,1,124200,0,0,101
pure_machine_events_preseeded,graph_chain,100,99,2,122600,0,0,101
pure_machine_events_preseeded,graph_chain,100,99,3,122300,0,0,101
pure_machine_events_preseeded,graph_chain,100,99,4,127200,0,0,101
pure_machine_events_preseeded,graph_chain,100,99,5,120900,0,0,101
pure_machine_events_preseeded,graph_chain,100,99,6,122700,0,0,101
pure_machine_events_preseeded,graph_chain,100,99,7,121500,0,0,101
pure_machine_events_preseeded,graph_chain,100,99,8,120900,0,0,101
pure_machine_events_preseeded,graph_chain,100,99,9,120800,0,0,101
pure_machine_events_preseeded,graph_chain,100,99,10,124700,0,0,101
pure_machine_events_preseeded,graph_chain,100,99,11,121900,0,0,101
pure_machine_events_preseeded,graph_chain,100,99,12,121300,0,0,101
pure_machine_events_preseeded,graph_chain,100,99,13,121300,0,0,101
pure_machine_events_preseeded,graph_chain,100,99,14,121800,0,0,101
pure_machine_events_preseeded,graph_chain,100,99,15,121300,0,0,101
pure_machine_events_preseeded,graph_chain,100,99,16,120800,0,0,101
pure_machine_events_preseeded,graph_chain,100,99,17,121100,0,0,101
pure_machine_events_preseeded,graph_chain,100,99,18,122200,0,0,101
pure_machine_events_preseeded,graph_chain,100,99,19,120100,0,0,101
pure_machine_events_preseeded,graph_chain,100,99,20,121000,0,0,101
pure_machine_events_preseeded,graph_chain,100,99,21,126800,0,0,101
pure_machine_events_preseeded,graph_chain,100,99,22,121100,0,0,101
pure_machine_events_preseeded,graph_chain,100,99,23,121300,0,0,101
pure_machine_events_preseeded,graph_chain,100,99,24,122500,0,0,101
pure_machine_events_preseeded,graph_chain,100,99,25,122000,0,0,101
pure_machine_events_preseeded,graph_chain,100,99,26,122700,0,0,101
pure_machine_events_preseeded,graph_chain,100,99,27,125800,0,0,101
pure_machine_events_preseeded,graph_chain,100,99,28,120900,0,0,101
pure_machine_events_preseeded,graph_chain,100,99,29,122900,0,0,101
pure_machine_events_preseeded,graph_chain,100,99,30,122000,0,0,101
pure_machine_events_preseeded,graph_chain,100,99,31,121200,0,0,101
pure_machine_events_preseeded,graph_chain,100,99,32,121100,0,0,101
pure_machine_events_preseeded,graph_chain,100,99,33,121600,0,0,101
pure_machine_events_preseeded,graph_chain,100,99,34,120100,0,0,101
pure_machine_events_preseeded,graph_chain,100,99,35,120100,0,0,101
pure_machine_events_preseeded,graph_chain,100,99,36,120700,0,0,101
pure_machine_events_preseeded,graph_chain,100,99,37,120100,0,0,101
pure_machine_events_preseeded,graph_chain,100,99,38,127000,0,0,101
pure_machine_events_preseeded,graph_chain,100,99,39,120200,0,0,101
fixture_generation,graph_wide,100,99,0,7200,0,0,500
fixture_generation,graph_wide,100,99,1,7100,0,0,500
fixture_generation,graph_wide,100,99,2,6900,0,0,500
fixture_generation,graph_wide,100,99,3,6900,0,0,500
fixture_generation,graph_wide,100,99,4,6900,0,0,500
fixture_generation,graph_wide,100,99,5,6700,0,0,500
fixture_generation,graph_wide,100,99,6,6800,0,0,500
fixture_generation,graph_wide,100,99,7,6800,0,0,500
fixture_generation,graph_wide,100,99,8,6800,0,0,500
fixture_generation,graph_wide,100,99,9,6900,0,0,500
fixture_generation,graph_wide,100,99,10,6800,0,0,500
fixture_generation,graph_wide,100,99,11,6800,0,0,500
fixture_generation,graph_wide,100,99,12,6800,0,0,500
fixture_generation,graph_wide,100,99,13,6700,0,0,500
fixture_generation,graph_wide,100,99,14,6900,0,0,500
fixture_generation,graph_wide,100,99,15,6800,0,0,500
fixture_generation,graph_wide,100,99,16,6700,0,0,500
fixture_generation,graph_wide,100,99,17,6700,0,0,500
fixture_generation,graph_wide,100,99,18,6800,0,0,500
fixture_generation,graph_wide,100,99,19,6800,0,0,500
plan_build,graph_wide,100,99,0,57100,0,0,10
plan_build,graph_wide,100,99,1,46700,0,0,10
plan_build,graph_wide,100,99,2,31600,0,0,10
plan_build,graph_wide,100,99,3,24500,0,0,10
plan_build,graph_wide,100,99,4,24600,0,0,10
plan_build,graph_wide,100,99,5,25200,0,0,10
plan_build,graph_wide,100,99,6,25500,0,0,10
plan_build,graph_wide,100,99,7,25200,0,0,10
plan_build,graph_wide,100,99,8,24800,0,0,10
plan_build,graph_wide,100,99,9,24300,0,0,10
plan_build,graph_wide,100,99,10,24400,0,0,10
plan_build,graph_wide,100,99,11,24800,0,0,10
plan_build,graph_wide,100,99,12,24600,0,0,10
plan_build,graph_wide,100,99,13,24700,0,0,10
plan_build,graph_wide,100,99,14,24400,0,0,10
plan_build,graph_wide,100,99,15,24200,0,0,10
plan_build,graph_wide,100,99,16,24300,0,0,10
plan_build,graph_wide,100,99,17,24500,0,0,10
plan_build,graph_wide,100,99,18,24500,0,0,10
plan_build,graph_wide,100,99,19,24800,0,0,10
plan_build_alloc,graph_wide,100,99,0,0,429,126587,10
engine_execution,graph_wide,100,99,0,398000,0,0,98
engine_execution,graph_wide,100,99,1,392100,0,0,99
engine_execution,graph_wide,100,99,2,407800,0,0,96
engine_execution,graph_wide,100,99,3,455300,0,0,97
engine_execution,graph_wide,100,99,4,434200,0,0,102
engine_execution,graph_wide,100,99,5,435300,0,0,103
engine_execution,graph_wide,100,99,6,449900,0,0,100
engine_execution,graph_wide,100,99,7,411500,0,0,101
engine_execution,graph_wide,100,99,8,408300,0,0,106
engine_execution,graph_wide,100,99,9,472700,0,0,107
engine_execution,graph_wide,100,99,10,379900,0,0,104
engine_execution,graph_wide,100,99,11,433000,0,0,105
engine_execution,graph_wide,100,99,12,412300,0,0,110
engine_execution,graph_wide,100,99,13,457100,0,0,111
engine_execution,graph_wide,100,99,14,409300,0,0,108
engine_execution,graph_wide,100,99,15,403200,0,0,109
engine_execution,graph_wide,100,99,16,394800,0,0,114
engine_execution,graph_wide,100,99,17,387300,0,0,115
engine_execution,graph_wide,100,99,18,400700,0,0,112
engine_execution,graph_wide,100,99,19,410800,0,0,113
engine_execution,graph_wide,100,99,20,381800,0,0,118
engine_execution,graph_wide,100,99,21,405400,0,0,119
engine_execution,graph_wide,100,99,22,380700,0,0,116
engine_execution,graph_wide,100,99,23,386200,0,0,117
engine_execution,graph_wide,100,99,24,388000,0,0,122
engine_execution,graph_wide,100,99,25,386600,0,0,123
engine_execution,graph_wide,100,99,26,401400,0,0,120
engine_execution,graph_wide,100,99,27,393700,0,0,121
engine_execution,graph_wide,100,99,28,388500,0,0,126
engine_execution,graph_wide,100,99,29,380600,0,0,127
engine_execution,graph_wide,100,99,30,389600,0,0,124
engine_execution,graph_wide,100,99,31,404400,0,0,125
engine_execution,graph_wide,100,99,32,387500,0,0,66
engine_execution,graph_wide,100,99,33,399200,0,0,67
engine_execution,graph_wide,100,99,34,385400,0,0,64
engine_execution,graph_wide,100,99,35,384100,0,0,65
engine_execution,graph_wide,100,99,36,410400,0,0,70
engine_execution,graph_wide,100,99,37,387100,0,0,71
engine_execution,graph_wide,100,99,38,396400,0,0,68
engine_execution,graph_wide,100,99,39,380100,0,0,69
engine_execution_alloc,graph_wide,100,99,0,0,5618,723269,23096
machine_state_setup,graph_wide,100,99,0,63100,0,0,100
body_state_setup,graph_wide,100,99,0,1000,0,0,0
machine_state_setup,graph_wide,100,99,1,63400,0,0,100
body_state_setup,graph_wide,100,99,1,600,0,0,0
machine_state_setup,graph_wide,100,99,2,72700,0,0,100
body_state_setup,graph_wide,100,99,2,500,0,0,0
machine_state_setup,graph_wide,100,99,3,62400,0,0,100
body_state_setup,graph_wide,100,99,3,700,0,0,0
machine_state_setup,graph_wide,100,99,4,62000,0,0,100
body_state_setup,graph_wide,100,99,4,800,0,0,0
machine_state_setup,graph_wide,100,99,5,64100,0,0,100
body_state_setup,graph_wide,100,99,5,700,0,0,0
machine_state_setup,graph_wide,100,99,6,62100,0,0,100
body_state_setup,graph_wide,100,99,6,700,0,0,0
machine_state_setup,graph_wide,100,99,7,62100,0,0,100
body_state_setup,graph_wide,100,99,7,600,0,0,0
machine_state_setup,graph_wide,100,99,8,63100,0,0,100
body_state_setup,graph_wide,100,99,8,600,0,0,0
machine_state_setup,graph_wide,100,99,9,62000,0,0,100
body_state_setup,graph_wide,100,99,9,600,0,0,0
machine_state_setup,graph_wide,100,99,10,62400,0,0,100
body_state_setup,graph_wide,100,99,10,600,0,0,0
machine_state_setup,graph_wide,100,99,11,64300,0,0,100
body_state_setup,graph_wide,100,99,11,600,0,0,0
machine_state_setup,graph_wide,100,99,12,62800,0,0,100
body_state_setup,graph_wide,100,99,12,700,0,0,0
machine_state_setup,graph_wide,100,99,13,63700,0,0,100
body_state_setup,graph_wide,100,99,13,600,0,0,0
machine_state_setup,graph_wide,100,99,14,63400,0,0,100
body_state_setup,graph_wide,100,99,14,600,0,0,0
machine_state_setup,graph_wide,100,99,15,63600,0,0,100
body_state_setup,graph_wide,100,99,15,700,0,0,0
machine_state_setup,graph_wide,100,99,16,64000,0,0,100
body_state_setup,graph_wide,100,99,16,500,0,0,0
machine_state_setup,graph_wide,100,99,17,68400,0,0,100
body_state_setup,graph_wide,100,99,17,700,0,0,0
machine_state_setup,graph_wide,100,99,18,68100,0,0,100
body_state_setup,graph_wide,100,99,18,700,0,0,0
machine_state_setup,graph_wide,100,99,19,63400,0,0,100
body_state_setup,graph_wide,100,99,19,500,0,0,0
machine_state_setup,graph_wide,100,99,20,65800,0,0,100
body_state_setup,graph_wide,100,99,20,500,0,0,0
machine_state_setup,graph_wide,100,99,21,58900,0,0,100
body_state_setup,graph_wide,100,99,21,600,0,0,0
machine_state_setup,graph_wide,100,99,22,57700,0,0,100
body_state_setup,graph_wide,100,99,22,600,0,0,0
machine_state_setup,graph_wide,100,99,23,59300,0,0,100
body_state_setup,graph_wide,100,99,23,600,0,0,0
machine_state_setup,graph_wide,100,99,24,63800,0,0,100
body_state_setup,graph_wide,100,99,24,700,0,0,0
machine_state_setup,graph_wide,100,99,25,76800,0,0,100
body_state_setup,graph_wide,100,99,25,600,0,0,0
machine_state_setup,graph_wide,100,99,26,67000,0,0,100
body_state_setup,graph_wide,100,99,26,500,0,0,0
machine_state_setup,graph_wide,100,99,27,68900,0,0,100
body_state_setup,graph_wide,100,99,27,700,0,0,0
machine_state_setup,graph_wide,100,99,28,66000,0,0,100
body_state_setup,graph_wide,100,99,28,600,0,0,0
machine_state_setup,graph_wide,100,99,29,63100,0,0,100
body_state_setup,graph_wide,100,99,29,500,0,0,0
machine_state_setup,graph_wide,100,99,30,65700,0,0,100
body_state_setup,graph_wide,100,99,30,700,0,0,0
machine_state_setup,graph_wide,100,99,31,62800,0,0,100
body_state_setup,graph_wide,100,99,31,500,0,0,0
machine_state_setup,graph_wide,100,99,32,61300,0,0,100
body_state_setup,graph_wide,100,99,32,500,0,0,0
machine_state_setup,graph_wide,100,99,33,60500,0,0,100
body_state_setup,graph_wide,100,99,33,700,0,0,0
machine_state_setup,graph_wide,100,99,34,59100,0,0,100
body_state_setup,graph_wide,100,99,34,600,0,0,0
machine_state_setup,graph_wide,100,99,35,59500,0,0,100
body_state_setup,graph_wide,100,99,35,500,0,0,0
machine_state_setup,graph_wide,100,99,36,58900,0,0,100
body_state_setup,graph_wide,100,99,36,700,0,0,0
machine_state_setup,graph_wide,100,99,37,59200,0,0,100
body_state_setup,graph_wide,100,99,37,500,0,0,0
machine_state_setup,graph_wide,100,99,38,61200,0,0,100
body_state_setup,graph_wide,100,99,38,600,0,0,0
machine_state_setup,graph_wide,100,99,39,61100,0,0,100
body_state_setup,graph_wide,100,99,39,800,0,0,0
fixture_generation,graph_sparse,100,99,0,7100,0,0,500
fixture_generation,graph_sparse,100,99,1,6800,0,0,500
fixture_generation,graph_sparse,100,99,2,6900,0,0,500
fixture_generation,graph_sparse,100,99,3,6900,0,0,500
fixture_generation,graph_sparse,100,99,4,7000,0,0,500
fixture_generation,graph_sparse,100,99,5,6900,0,0,500
fixture_generation,graph_sparse,100,99,6,6800,0,0,500
fixture_generation,graph_sparse,100,99,7,6900,0,0,500
fixture_generation,graph_sparse,100,99,8,6800,0,0,500
fixture_generation,graph_sparse,100,99,9,6900,0,0,500
fixture_generation,graph_sparse,100,99,10,6900,0,0,500
fixture_generation,graph_sparse,100,99,11,6800,0,0,500
fixture_generation,graph_sparse,100,99,12,6900,0,0,500
fixture_generation,graph_sparse,100,99,13,6800,0,0,500
fixture_generation,graph_sparse,100,99,14,6800,0,0,500
fixture_generation,graph_sparse,100,99,15,6800,0,0,500
fixture_generation,graph_sparse,100,99,16,6900,0,0,500
fixture_generation,graph_sparse,100,99,17,6900,0,0,500
fixture_generation,graph_sparse,100,99,18,6800,0,0,500
fixture_generation,graph_sparse,100,99,19,6700,0,0,500
plan_build,graph_sparse,100,99,0,47700,0,0,12
plan_build,graph_sparse,100,99,1,27000,0,0,12
plan_build,graph_sparse,100,99,2,25500,0,0,12
plan_build,graph_sparse,100,99,3,24500,0,0,12
plan_build,graph_sparse,100,99,4,24600,0,0,12
plan_build,graph_sparse,100,99,5,24700,0,0,12
plan_build,graph_sparse,100,99,6,24600,0,0,12
plan_build,graph_sparse,100,99,7,24700,0,0,12
plan_build,graph_sparse,100,99,8,24800,0,0,12
plan_build,graph_sparse,100,99,9,24900,0,0,12
plan_build,graph_sparse,100,99,10,24400,0,0,12
plan_build,graph_sparse,100,99,11,24600,0,0,12
plan_build,graph_sparse,100,99,12,24200,0,0,12
plan_build,graph_sparse,100,99,13,24400,0,0,12
plan_build,graph_sparse,100,99,14,24600,0,0,12
plan_build,graph_sparse,100,99,15,24200,0,0,12
plan_build,graph_sparse,100,99,16,42600,0,0,12
plan_build,graph_sparse,100,99,17,24900,0,0,12
plan_build,graph_sparse,100,99,18,24700,0,0,12
plan_build,graph_sparse,100,99,19,24600,0,0,12
plan_build_alloc,graph_sparse,100,99,0,0,429,126589,12
engine_execution,graph_sparse,100,99,0,438800,0,0,71
engine_execution,graph_sparse,100,99,1,428900,0,0,70
engine_execution,graph_sparse,100,99,2,424500,0,0,69
engine_execution,graph_sparse,100,99,3,432300,0,0,68
engine_execution,graph_sparse,100,99,4,422300,0,0,67
engine_execution,graph_sparse,100,99,5,435300,0,0,66
engine_execution,graph_sparse,100,99,6,439200,0,0,65
engine_execution,graph_sparse,100,99,7,484600,0,0,64
engine_execution,graph_sparse,100,99,8,427700,0,0,79
engine_execution,graph_sparse,100,99,9,414900,0,0,78
engine_execution,graph_sparse,100,99,10,431500,0,0,77
engine_execution,graph_sparse,100,99,11,410400,0,0,76
engine_execution,graph_sparse,100,99,12,419900,0,0,75
engine_execution,graph_sparse,100,99,13,446800,0,0,74
engine_execution,graph_sparse,100,99,14,411700,0,0,73
engine_execution,graph_sparse,100,99,15,421100,0,0,72
engine_execution,graph_sparse,100,99,16,430300,0,0,87
engine_execution,graph_sparse,100,99,17,427600,0,0,86
engine_execution,graph_sparse,100,99,18,470600,0,0,85
engine_execution,graph_sparse,100,99,19,434100,0,0,84
engine_execution,graph_sparse,100,99,20,418400,0,0,83
engine_execution,graph_sparse,100,99,21,442500,0,0,82
engine_execution,graph_sparse,100,99,22,444100,0,0,81
engine_execution,graph_sparse,100,99,23,452100,0,0,80
engine_execution,graph_sparse,100,99,24,498300,0,0,95
engine_execution,graph_sparse,100,99,25,492500,0,0,94
engine_execution,graph_sparse,100,99,26,444200,0,0,93
engine_execution,graph_sparse,100,99,27,479800,0,0,92
engine_execution,graph_sparse,100,99,28,413900,0,0,91
engine_execution,graph_sparse,100,99,29,458400,0,0,90
engine_execution,graph_sparse,100,99,30,446800,0,0,89
engine_execution,graph_sparse,100,99,31,442500,0,0,88
engine_execution,graph_sparse,100,99,32,445800,0,0,103
engine_execution,graph_sparse,100,99,33,423400,0,0,102
engine_execution,graph_sparse,100,99,34,445400,0,0,101
engine_execution,graph_sparse,100,99,35,438500,0,0,100
engine_execution,graph_sparse,100,99,36,454000,0,0,99
engine_execution,graph_sparse,100,99,37,428400,0,0,98
engine_execution,graph_sparse,100,99,38,429400,0,0,97
engine_execution,graph_sparse,100,99,39,434000,0,0,96
engine_execution_alloc,graph_sparse,100,99,0,0,5838,748777,23069
machine_state_setup,graph_sparse,100,99,0,69300,0,0,100
body_state_setup,graph_sparse,100,99,0,900,0,0,0
machine_state_setup,graph_sparse,100,99,1,51700,0,0,100
body_state_setup,graph_sparse,100,99,1,600,0,0,0
machine_state_setup,graph_sparse,100,99,2,50200,0,0,100
body_state_setup,graph_sparse,100,99,2,600,0,0,0
machine_state_setup,graph_sparse,100,99,3,61000,0,0,100
body_state_setup,graph_sparse,100,99,3,700,0,0,0
machine_state_setup,graph_sparse,100,99,4,63300,0,0,100
body_state_setup,graph_sparse,100,99,4,600,0,0,0
machine_state_setup,graph_sparse,100,99,5,69200,0,0,100
body_state_setup,graph_sparse,100,99,5,600,0,0,0
machine_state_setup,graph_sparse,100,99,6,65300,0,0,100
body_state_setup,graph_sparse,100,99,6,700,0,0,0
machine_state_setup,graph_sparse,100,99,7,64100,0,0,100
body_state_setup,graph_sparse,100,99,7,600,0,0,0
machine_state_setup,graph_sparse,100,99,8,65700,0,0,100
body_state_setup,graph_sparse,100,99,8,600,0,0,0
machine_state_setup,graph_sparse,100,99,9,64700,0,0,100
body_state_setup,graph_sparse,100,99,9,700,0,0,0
machine_state_setup,graph_sparse,100,99,10,64200,0,0,100
body_state_setup,graph_sparse,100,99,10,500,0,0,0
machine_state_setup,graph_sparse,100,99,11,71000,0,0,100
body_state_setup,graph_sparse,100,99,11,700,0,0,0
machine_state_setup,graph_sparse,100,99,12,65400,0,0,100
body_state_setup,graph_sparse,100,99,12,700,0,0,0
machine_state_setup,graph_sparse,100,99,13,64100,0,0,100
body_state_setup,graph_sparse,100,99,13,1500,0,0,0
machine_state_setup,graph_sparse,100,99,14,65800,0,0,100
body_state_setup,graph_sparse,100,99,14,800,0,0,0
machine_state_setup,graph_sparse,100,99,15,67300,0,0,100
body_state_setup,graph_sparse,100,99,15,600,0,0,0
machine_state_setup,graph_sparse,100,99,16,64000,0,0,100
body_state_setup,graph_sparse,100,99,16,700,0,0,0
machine_state_setup,graph_sparse,100,99,17,64400,0,0,100
body_state_setup,graph_sparse,100,99,17,600,0,0,0
machine_state_setup,graph_sparse,100,99,18,66500,0,0,100
body_state_setup,graph_sparse,100,99,18,600,0,0,0
machine_state_setup,graph_sparse,100,99,19,66000,0,0,100
body_state_setup,graph_sparse,100,99,19,700,0,0,0
machine_state_setup,graph_sparse,100,99,20,62100,0,0,100
body_state_setup,graph_sparse,100,99,20,600,0,0,0
machine_state_setup,graph_sparse,100,99,21,35000,0,0,100
body_state_setup,graph_sparse,100,99,21,600,0,0,0
machine_state_setup,graph_sparse,100,99,22,63200,0,0,100
body_state_setup,graph_sparse,100,99,22,700,0,0,0
machine_state_setup,graph_sparse,100,99,23,66400,0,0,100
body_state_setup,graph_sparse,100,99,23,700,0,0,0
machine_state_setup,graph_sparse,100,99,24,62900,0,0,100
body_state_setup,graph_sparse,100,99,24,700,0,0,0
machine_state_setup,graph_sparse,100,99,25,65200,0,0,100
body_state_setup,graph_sparse,100,99,25,700,0,0,0
machine_state_setup,graph_sparse,100,99,26,66500,0,0,100
body_state_setup,graph_sparse,100,99,26,600,0,0,0
machine_state_setup,graph_sparse,100,99,27,65000,0,0,100
body_state_setup,graph_sparse,100,99,27,700,0,0,0
machine_state_setup,graph_sparse,100,99,28,65500,0,0,100
body_state_setup,graph_sparse,100,99,28,600,0,0,0
machine_state_setup,graph_sparse,100,99,29,63100,0,0,100
body_state_setup,graph_sparse,100,99,29,700,0,0,0
machine_state_setup,graph_sparse,100,99,30,64300,0,0,100
body_state_setup,graph_sparse,100,99,30,500,0,0,0
machine_state_setup,graph_sparse,100,99,31,64600,0,0,100
body_state_setup,graph_sparse,100,99,31,600,0,0,0
machine_state_setup,graph_sparse,100,99,32,64500,0,0,100
body_state_setup,graph_sparse,100,99,32,700,0,0,0
machine_state_setup,graph_sparse,100,99,33,57100,0,0,100
body_state_setup,graph_sparse,100,99,33,500,0,0,0
machine_state_setup,graph_sparse,100,99,34,35600,0,0,100
body_state_setup,graph_sparse,100,99,34,600,0,0,0
machine_state_setup,graph_sparse,100,99,35,65200,0,0,100
body_state_setup,graph_sparse,100,99,35,700,0,0,0
machine_state_setup,graph_sparse,100,99,36,68200,0,0,100
body_state_setup,graph_sparse,100,99,36,600,0,0,0
machine_state_setup,graph_sparse,100,99,37,66100,0,0,100
body_state_setup,graph_sparse,100,99,37,500,0,0,0
machine_state_setup,graph_sparse,100,99,38,65200,0,0,100
body_state_setup,graph_sparse,100,99,38,700,0,0,0
machine_state_setup,graph_sparse,100,99,39,65800,0,0,100
body_state_setup,graph_sparse,100,99,39,600,0,0,0
fixture_generation,graph_chain,1000,999,0,67000,0,0,5000
fixture_generation,graph_chain,1000,999,1,68100,0,0,5000
fixture_generation,graph_chain,1000,999,2,69400,0,0,5000
fixture_generation,graph_chain,1000,999,3,67300,0,0,5000
fixture_generation,graph_chain,1000,999,4,66500,0,0,5000
fixture_generation,graph_chain,1000,999,5,67200,0,0,5000
fixture_generation,graph_chain,1000,999,6,66300,0,0,5000
fixture_generation,graph_chain,1000,999,7,66800,0,0,5000
fixture_generation,graph_chain,1000,999,8,66200,0,0,5000
fixture_generation,graph_chain,1000,999,9,69200,0,0,5000
fixture_generation,graph_chain,1000,999,10,78100,0,0,5000
fixture_generation,graph_chain,1000,999,11,67200,0,0,5000
fixture_generation,graph_chain,1000,999,12,66300,0,0,5000
fixture_generation,graph_chain,1000,999,13,67200,0,0,5000
fixture_generation,graph_chain,1000,999,14,66300,0,0,5000
fixture_generation,graph_chain,1000,999,15,67400,0,0,5000
fixture_generation,graph_chain,1000,999,16,66400,0,0,5000
fixture_generation,graph_chain,1000,999,17,66900,0,0,5000
fixture_generation,graph_chain,1000,999,18,68500,0,0,5000
fixture_generation,graph_chain,1000,999,19,67000,0,0,5000
plan_build,graph_chain,1000,999,0,964700,0,0,11
plan_build,graph_chain,1000,999,1,958600,0,0,11
plan_build,graph_chain,1000,999,2,962900,0,0,11
plan_build,graph_chain,1000,999,3,912700,0,0,11
plan_build,graph_chain,1000,999,4,802100,0,0,11
plan_build,graph_chain,1000,999,5,783300,0,0,11
plan_build,graph_chain,1000,999,6,788900,0,0,11
plan_build,graph_chain,1000,999,7,939300,0,0,11
plan_build,graph_chain,1000,999,8,866600,0,0,11
plan_build,graph_chain,1000,999,9,805500,0,0,11
plan_build,graph_chain,1000,999,10,912800,0,0,11
plan_build,graph_chain,1000,999,11,901200,0,0,11
plan_build,graph_chain,1000,999,12,799300,0,0,11
plan_build,graph_chain,1000,999,13,800800,0,0,11
plan_build,graph_chain,1000,999,14,740000,0,0,11
plan_build,graph_chain,1000,999,15,780600,0,0,11
plan_build,graph_chain,1000,999,16,755500,0,0,11
plan_build,graph_chain,1000,999,17,789800,0,0,11
plan_build,graph_chain,1000,999,18,799900,0,0,11
plan_build,graph_chain,1000,999,19,886500,0,0,11
plan_build_alloc,graph_chain,1000,999,0,0,4041,1049104,11
engine_execution,graph_chain,1000,999,0,12764700,0,0,1
engine_execution,graph_chain,1000,999,1,12831500,0,0,0
engine_execution,graph_chain,1000,999,2,12853000,0,0,3
engine_execution,graph_chain,1000,999,3,12757000,0,0,2
engine_execution,graph_chain,1000,999,4,12810700,0,0,5
engine_execution,graph_chain,1000,999,5,13018000,0,0,4
engine_execution,graph_chain,1000,999,6,12941400,0,0,7
engine_execution,graph_chain,1000,999,7,12921800,0,0,6
engine_execution,graph_chain,1000,999,8,12711900,0,0,9
engine_execution,graph_chain,1000,999,9,12781700,0,0,8
engine_execution,graph_chain,1000,999,10,12659600,0,0,11
engine_execution,graph_chain,1000,999,11,12712900,0,0,10
engine_execution,graph_chain,1000,999,12,12812200,0,0,13
engine_execution,graph_chain,1000,999,13,12808400,0,0,12
engine_execution,graph_chain,1000,999,14,12754200,0,0,15
engine_execution,graph_chain,1000,999,15,12811800,0,0,14
engine_execution,graph_chain,1000,999,16,12911200,0,0,17
engine_execution,graph_chain,1000,999,17,12744900,0,0,16
engine_execution,graph_chain,1000,999,18,12746400,0,0,19
engine_execution,graph_chain,1000,999,19,12813500,0,0,18
engine_execution,graph_chain,1000,999,20,12689800,0,0,21
engine_execution,graph_chain,1000,999,21,12700000,0,0,20
engine_execution,graph_chain,1000,999,22,12735000,0,0,23
engine_execution,graph_chain,1000,999,23,12748300,0,0,22
engine_execution,graph_chain,1000,999,24,12763400,0,0,25
engine_execution,graph_chain,1000,999,25,12884200,0,0,24
engine_execution,graph_chain,1000,999,26,12881600,0,0,27
engine_execution,graph_chain,1000,999,27,12749900,0,0,26
engine_execution,graph_chain,1000,999,28,12774700,0,0,29
engine_execution,graph_chain,1000,999,29,12521400,0,0,28
engine_execution,graph_chain,1000,999,30,12664700,0,0,31
engine_execution,graph_chain,1000,999,31,12644200,0,0,30
engine_execution,graph_chain,1000,999,32,12612400,0,0,33
engine_execution,graph_chain,1000,999,33,12673600,0,0,32
engine_execution,graph_chain,1000,999,34,12973500,0,0,35
engine_execution,graph_chain,1000,999,35,13139900,0,0,34
engine_execution,graph_chain,1000,999,36,12969800,0,0,37
engine_execution,graph_chain,1000,999,37,12731100,0,0,36
engine_execution,graph_chain,1000,999,38,12989900,0,0,39
engine_execution,graph_chain,1000,999,39,12727800,0,0,38
engine_execution_alloc,graph_chain,1000,999,0,0,59102,28976427,23131
machine_state_setup,graph_chain,1000,999,0,649100,0,0,1000
body_state_setup,graph_chain,1000,999,0,6400,0,0,0
machine_state_setup,graph_chain,1000,999,1,584800,0,0,1000
body_state_setup,graph_chain,1000,999,1,1900,0,0,0
machine_state_setup,graph_chain,1000,999,2,374200,0,0,1000
body_state_setup,graph_chain,1000,999,2,6600,0,0,0
machine_state_setup,graph_chain,1000,999,3,555600,0,0,1000
body_state_setup,graph_chain,1000,999,3,2000,0,0,0
machine_state_setup,graph_chain,1000,999,4,270700,0,0,1000
body_state_setup,graph_chain,1000,999,4,1600,0,0,0
machine_state_setup,graph_chain,1000,999,5,274800,0,0,1000
body_state_setup,graph_chain,1000,999,5,1700,0,0,0
machine_state_setup,graph_chain,1000,999,6,327700,0,0,1000
body_state_setup,graph_chain,1000,999,6,6300,0,0,0
machine_state_setup,graph_chain,1000,999,7,616600,0,0,1000
body_state_setup,graph_chain,1000,999,7,6500,0,0,0
machine_state_setup,graph_chain,1000,999,8,645100,0,0,1000
body_state_setup,graph_chain,1000,999,8,5600,0,0,0
machine_state_setup,graph_chain,1000,999,9,653000,0,0,1000
body_state_setup,graph_chain,1000,999,9,6100,0,0,0
machine_state_setup,graph_chain,1000,999,10,703500,0,0,1000
body_state_setup,graph_chain,1000,999,10,5500,0,0,0
machine_state_setup,graph_chain,1000,999,11,710600,0,0,1000
body_state_setup,graph_chain,1000,999,11,8600,0,0,0
machine_state_setup,graph_chain,1000,999,12,643700,0,0,1000
body_state_setup,graph_chain,1000,999,12,1800,0,0,0
machine_state_setup,graph_chain,1000,999,13,247800,0,0,1000
body_state_setup,graph_chain,1000,999,13,1800,0,0,0
machine_state_setup,graph_chain,1000,999,14,246300,0,0,1000
body_state_setup,graph_chain,1000,999,14,1700,0,0,0
machine_state_setup,graph_chain,1000,999,15,319800,0,0,1000
body_state_setup,graph_chain,1000,999,15,12200,0,0,0
machine_state_setup,graph_chain,1000,999,16,711900,0,0,1000
body_state_setup,graph_chain,1000,999,16,5500,0,0,0
machine_state_setup,graph_chain,1000,999,17,670700,0,0,1000
body_state_setup,graph_chain,1000,999,17,5700,0,0,0
machine_state_setup,graph_chain,1000,999,18,678000,0,0,1000
body_state_setup,graph_chain,1000,999,18,6200,0,0,0
machine_state_setup,graph_chain,1000,999,19,640500,0,0,1000
body_state_setup,graph_chain,1000,999,19,7400,0,0,0
machine_state_setup,graph_chain,1000,999,20,537400,0,0,1000
body_state_setup,graph_chain,1000,999,20,1900,0,0,0
machine_state_setup,graph_chain,1000,999,21,245000,0,0,1000
body_state_setup,graph_chain,1000,999,21,1800,0,0,0
machine_state_setup,graph_chain,1000,999,22,252400,0,0,1000
body_state_setup,graph_chain,1000,999,22,1600,0,0,0
machine_state_setup,graph_chain,1000,999,23,326600,0,0,1000
body_state_setup,graph_chain,1000,999,23,5000,0,0,0
machine_state_setup,graph_chain,1000,999,24,620700,0,0,1000
body_state_setup,graph_chain,1000,999,24,4600,0,0,0
machine_state_setup,graph_chain,1000,999,25,593200,0,0,1000
body_state_setup,graph_chain,1000,999,25,4800,0,0,0
machine_state_setup,graph_chain,1000,999,26,583900,0,0,1000
body_state_setup,graph_chain,1000,999,26,4800,0,0,0
machine_state_setup,graph_chain,1000,999,27,526600,0,0,1000
body_state_setup,graph_chain,1000,999,27,1900,0,0,0
machine_state_setup,graph_chain,1000,999,28,272600,0,0,1000
body_state_setup,graph_chain,1000,999,28,1600,0,0,0
machine_state_setup,graph_chain,1000,999,29,322400,0,0,1000
body_state_setup,graph_chain,1000,999,29,5000,0,0,0
machine_state_setup,graph_chain,1000,999,30,563700,0,0,1000
body_state_setup,graph_chain,1000,999,30,1700,0,0,0
machine_state_setup,graph_chain,1000,999,31,331100,0,0,1000
body_state_setup,graph_chain,1000,999,31,5500,0,0,0
machine_state_setup,graph_chain,1000,999,32,599100,0,0,1000
body_state_setup,graph_chain,1000,999,32,4600,0,0,0
machine_state_setup,graph_chain,1000,999,33,592100,0,0,1000
body_state_setup,graph_chain,1000,999,33,4700,0,0,0
machine_state_setup,graph_chain,1000,999,34,529700,0,0,1000
body_state_setup,graph_chain,1000,999,34,1700,0,0,0
machine_state_setup,graph_chain,1000,999,35,338800,0,0,1000
body_state_setup,graph_chain,1000,999,35,4900,0,0,0
machine_state_setup,graph_chain,1000,999,36,544000,0,0,1000
body_state_setup,graph_chain,1000,999,36,1700,0,0,0
machine_state_setup,graph_chain,1000,999,37,338100,0,0,1000
body_state_setup,graph_chain,1000,999,37,6300,0,0,0
machine_state_setup,graph_chain,1000,999,38,549700,0,0,1000
body_state_setup,graph_chain,1000,999,38,4500,0,0,0
machine_state_setup,graph_chain,1000,999,39,608400,0,0,1000
body_state_setup,graph_chain,1000,999,39,4800,0,0,0
pure_machine_events_preseeded,graph_chain,1000,999,0,7555200,0,0,1001
pure_machine_events_preseeded,graph_chain,1000,999,1,6969200,0,0,1001
pure_machine_events_preseeded,graph_chain,1000,999,2,6770400,0,0,1001
pure_machine_events_preseeded,graph_chain,1000,999,3,6778800,0,0,1001
pure_machine_events_preseeded,graph_chain,1000,999,4,6779600,0,0,1001
pure_machine_events_preseeded,graph_chain,1000,999,5,6876900,0,0,1001
pure_machine_events_preseeded,graph_chain,1000,999,6,6805000,0,0,1001
pure_machine_events_preseeded,graph_chain,1000,999,7,6750900,0,0,1001
pure_machine_events_preseeded,graph_chain,1000,999,8,6897100,0,0,1001
pure_machine_events_preseeded,graph_chain,1000,999,9,6851800,0,0,1001
pure_machine_events_preseeded,graph_chain,1000,999,10,6811700,0,0,1001
pure_machine_events_preseeded,graph_chain,1000,999,11,6888300,0,0,1001
pure_machine_events_preseeded,graph_chain,1000,999,12,6773400,0,0,1001
pure_machine_events_preseeded,graph_chain,1000,999,13,6753400,0,0,1001
pure_machine_events_preseeded,graph_chain,1000,999,14,6808100,0,0,1001
pure_machine_events_preseeded,graph_chain,1000,999,15,6878800,0,0,1001
pure_machine_events_preseeded,graph_chain,1000,999,16,6712200,0,0,1001
pure_machine_events_preseeded,graph_chain,1000,999,17,6848200,0,0,1001
pure_machine_events_preseeded,graph_chain,1000,999,18,6989700,0,0,1001
pure_machine_events_preseeded,graph_chain,1000,999,19,6842400,0,0,1001
pure_machine_events_preseeded,graph_chain,1000,999,20,6833700,0,0,1001
pure_machine_events_preseeded,graph_chain,1000,999,21,6832600,0,0,1001
pure_machine_events_preseeded,graph_chain,1000,999,22,6778800,0,0,1001
pure_machine_events_preseeded,graph_chain,1000,999,23,6896900,0,0,1001
pure_machine_events_preseeded,graph_chain,1000,999,24,6921900,0,0,1001
pure_machine_events_preseeded,graph_chain,1000,999,25,6772900,0,0,1001
pure_machine_events_preseeded,graph_chain,1000,999,26,6974800,0,0,1001
pure_machine_events_preseeded,graph_chain,1000,999,27,6876200,0,0,1001
pure_machine_events_preseeded,graph_chain,1000,999,28,6831200,0,0,1001
pure_machine_events_preseeded,graph_chain,1000,999,29,6766400,0,0,1001
pure_machine_events_preseeded,graph_chain,1000,999,30,6798500,0,0,1001
pure_machine_events_preseeded,graph_chain,1000,999,31,6753900,0,0,1001
pure_machine_events_preseeded,graph_chain,1000,999,32,6788600,0,0,1001
pure_machine_events_preseeded,graph_chain,1000,999,33,6808400,0,0,1001
pure_machine_events_preseeded,graph_chain,1000,999,34,6651500,0,0,1001
pure_machine_events_preseeded,graph_chain,1000,999,35,6832500,0,0,1001
pure_machine_events_preseeded,graph_chain,1000,999,36,6785100,0,0,1001
pure_machine_events_preseeded,graph_chain,1000,999,37,6729700,0,0,1001
pure_machine_events_preseeded,graph_chain,1000,999,38,6786700,0,0,1001
pure_machine_events_preseeded,graph_chain,1000,999,39,6761900,0,0,1001
fixture_generation,graph_wide,1000,999,0,65200,0,0,5000
fixture_generation,graph_wide,1000,999,1,63800,0,0,5000
fixture_generation,graph_wide,1000,999,2,63300,0,0,5000
fixture_generation,graph_wide,1000,999,3,65700,0,0,5000
fixture_generation,graph_wide,1000,999,4,63400,0,0,5000
fixture_generation,graph_wide,1000,999,5,62900,0,0,5000
fixture_generation,graph_wide,1000,999,6,62900,0,0,5000
fixture_generation,graph_wide,1000,999,7,63000,0,0,5000
fixture_generation,graph_wide,1000,999,8,63000,0,0,5000
fixture_generation,graph_wide,1000,999,9,64700,0,0,5000
fixture_generation,graph_wide,1000,999,10,63400,0,0,5000
fixture_generation,graph_wide,1000,999,11,63400,0,0,5000
fixture_generation,graph_wide,1000,999,12,63200,0,0,5000
fixture_generation,graph_wide,1000,999,13,63200,0,0,5000
fixture_generation,graph_wide,1000,999,14,63400,0,0,5000
fixture_generation,graph_wide,1000,999,15,63300,0,0,5000
fixture_generation,graph_wide,1000,999,16,63300,0,0,5000
fixture_generation,graph_wide,1000,999,17,65800,0,0,5000
fixture_generation,graph_wide,1000,999,18,64400,0,0,5000
fixture_generation,graph_wide,1000,999,19,63100,0,0,5000
plan_build,graph_wide,1000,999,0,1005500,0,0,10
plan_build,graph_wide,1000,999,1,772000,0,0,10
plan_build,graph_wide,1000,999,2,803100,0,0,10
plan_build,graph_wide,1000,999,3,805600,0,0,10
plan_build,graph_wide,1000,999,4,772400,0,0,10
plan_build,graph_wide,1000,999,5,796800,0,0,10
plan_build,graph_wide,1000,999,6,802500,0,0,10
plan_build,graph_wide,1000,999,7,780800,0,0,10
plan_build,graph_wide,1000,999,8,744100,0,0,10
plan_build,graph_wide,1000,999,9,766700,0,0,10
plan_build,graph_wide,1000,999,10,768100,0,0,10
plan_build,graph_wide,1000,999,11,792500,0,0,10
plan_build,graph_wide,1000,999,12,764500,0,0,10
plan_build,graph_wide,1000,999,13,776900,0,0,10
plan_build,graph_wide,1000,999,14,762500,0,0,10
plan_build,graph_wide,1000,999,15,775600,0,0,10
plan_build,graph_wide,1000,999,16,760700,0,0,10
plan_build,graph_wide,1000,999,17,792300,0,0,10
plan_build,graph_wide,1000,999,18,745100,0,0,10
plan_build,graph_wide,1000,999,19,779600,0,0,10
plan_build_alloc,graph_wide,1000,999,0,0,4041,1049103,10
engine_execution,graph_wide,1000,999,0,9915900,0,0,998
engine_execution,graph_wide,1000,999,1,10037300,0,0,999
engine_execution,graph_wide,1000,999,2,10075900,0,0,996
engine_execution,graph_wide,1000,999,3,10100600,0,0,997
engine_execution,graph_wide,1000,999,4,9828100,0,0,994
engine_execution,graph_wide,1000,999,5,9954600,0,0,995
engine_execution,graph_wide,1000,999,6,9930200,0,0,992
engine_execution,graph_wide,1000,999,7,10436100,0,0,993
engine_execution,graph_wide,1000,999,8,10230500,0,0,1006
engine_execution,graph_wide,1000,999,9,10036800,0,0,1007
engine_execution,graph_wide,1000,999,10,10027200,0,0,1004
engine_execution,graph_wide,1000,999,11,9878300,0,0,1005
engine_execution,graph_wide,1000,999,12,10154000,0,0,1002
engine_execution,graph_wide,1000,999,13,10141800,0,0,1003
engine_execution,graph_wide,1000,999,14,9992100,0,0,1000
engine_execution,graph_wide,1000,999,15,9909900,0,0,1001
engine_execution,graph_wide,1000,999,16,10042300,0,0,1014
engine_execution,graph_wide,1000,999,17,10035100,0,0,1015
engine_execution,graph_wide,1000,999,18,10534700,0,0,1012
engine_execution,graph_wide,1000,999,19,9900500,0,0,1013
engine_execution,graph_wide,1000,999,20,9892300,0,0,1010
engine_execution,graph_wide,1000,999,21,9961600,0,0,1011
engine_execution,graph_wide,1000,999,22,9946100,0,0,1008
engine_execution,graph_wide,1000,999,23,10305700,0,0,1009
engine_execution,graph_wide,1000,999,24,9963700,0,0,1022
engine_execution,graph_wide,1000,999,25,10054200,0,0,1023
engine_execution,graph_wide,1000,999,26,9812100,0,0,1020
engine_execution,graph_wide,1000,999,27,10067800,0,0,1021
engine_execution,graph_wide,1000,999,28,10217100,0,0,1018
engine_execution,graph_wide,1000,999,29,10304300,0,0,1019
engine_execution,graph_wide,1000,999,30,9930000,0,0,1016
engine_execution,graph_wide,1000,999,31,9985300,0,0,1017
engine_execution,graph_wide,1000,999,32,9971000,0,0,966
engine_execution,graph_wide,1000,999,33,10036700,0,0,967
engine_execution,graph_wide,1000,999,34,9944400,0,0,964
engine_execution,graph_wide,1000,999,35,10091500,0,0,965
engine_execution,graph_wide,1000,999,36,10004100,0,0,962
engine_execution,graph_wide,1000,999,37,9896900,0,0,963
engine_execution,graph_wide,1000,999,38,9950400,0,0,960
engine_execution,graph_wide,1000,999,39,10365800,0,0,961
engine_execution_alloc,graph_wide,1000,999,0,0,55207,21300345,22972
machine_state_setup,graph_wide,1000,999,0,736900,0,0,1000
body_state_setup,graph_wide,1000,999,0,7200,0,0,0
machine_state_setup,graph_wide,1000,999,1,464600,0,0,1000
body_state_setup,graph_wide,1000,999,1,1600,0,0,0
machine_state_setup,graph_wide,1000,999,2,437800,0,0,1000
body_state_setup,graph_wide,1000,999,2,1600,0,0,0
machine_state_setup,graph_wide,1000,999,3,463600,0,0,1000
body_state_setup,graph_wide,1000,999,3,1500,0,0,0
machine_state_setup,graph_wide,1000,999,4,435300,0,0,1000
body_state_setup,graph_wide,1000,999,4,1700,0,0,0
machine_state_setup,graph_wide,1000,999,5,419400,0,0,1000
body_state_setup,graph_wide,1000,999,5,1500,0,0,0
machine_state_setup,graph_wide,1000,999,6,418500,0,0,1000
body_state_setup,graph_wide,1000,999,6,6000,0,0,0
machine_state_setup,graph_wide,1000,999,7,538000,0,0,1000
body_state_setup,graph_wide,1000,999,7,6000,0,0,0
machine_state_setup,graph_wide,1000,999,8,471900,0,0,1000
body_state_setup,graph_wide,1000,999,8,1700,0,0,0
machine_state_setup,graph_wide,1000,999,9,469300,0,0,1000
body_state_setup,graph_wide,1000,999,9,1600,0,0,0
machine_state_setup,graph_wide,1000,999,10,464500,0,0,1000
body_state_setup,graph_wide,1000,999,10,1600,0,0,0
machine_state_setup,graph_wide,1000,999,11,559600,0,0,1000
body_state_setup,graph_wide,1000,999,11,8000,0,0,0
machine_state_setup,graph_wide,1000,999,12,750700,0,0,1000
body_state_setup,graph_wide,1000,999,12,2000,0,0,0
machine_state_setup,graph_wide,1000,999,13,480900,0,0,1000
body_state_setup,graph_wide,1000,999,13,3500,0,0,0
machine_state_setup,graph_wide,1000,999,14,494200,0,0,1000
body_state_setup,graph_wide,1000,999,14,1800,0,0,0
machine_state_setup,graph_wide,1000,999,15,521700,0,0,1000
body_state_setup,graph_wide,1000,999,15,6700,0,0,0
machine_state_setup,graph_wide,1000,999,16,763700,0,0,1000
body_state_setup,graph_wide,1000,999,16,1800,0,0,0
machine_state_setup,graph_wide,1000,999,17,499000,0,0,1000
body_state_setup,graph_wide,1000,999,17,1700,0,0,0
machine_state_setup,graph_wide,1000,999,18,477500,0,0,1000
body_state_setup,graph_wide,1000,999,18,1800,0,0,0
machine_state_setup,graph_wide,1000,999,19,452200,0,0,1000
body_state_setup,graph_wide,1000,999,19,1900,0,0,0
machine_state_setup,graph_wide,1000,999,20,448500,0,0,1000
body_state_setup,graph_wide,1000,999,20,1700,0,0,0
machine_state_setup,graph_wide,1000,999,21,443400,0,0,1000
body_state_setup,graph_wide,1000,999,21,1600,0,0,0
machine_state_setup,graph_wide,1000,999,22,452100,0,0,1000
body_state_setup,graph_wide,1000,999,22,1700,0,0,0
machine_state_setup,graph_wide,1000,999,23,449900,0,0,1000
body_state_setup,graph_wide,1000,999,23,1600,0,0,0
machine_state_setup,graph_wide,1000,999,24,447300,0,0,1000
body_state_setup,graph_wide,1000,999,24,1800,0,0,0
machine_state_setup,graph_wide,1000,999,25,445300,0,0,1000
body_state_setup,graph_wide,1000,999,25,1700,0,0,0
machine_state_setup,graph_wide,1000,999,26,446600,0,0,1000
body_state_setup,graph_wide,1000,999,26,1700,0,0,0
machine_state_setup,graph_wide,1000,999,27,439800,0,0,1000
body_state_setup,graph_wide,1000,999,27,2000,0,0,0
machine_state_setup,graph_wide,1000,999,28,434900,0,0,1000
body_state_setup,graph_wide,1000,999,28,1800,0,0,0
machine_state_setup,graph_wide,1000,999,29,433300,0,0,1000
body_state_setup,graph_wide,1000,999,29,1600,0,0,0
machine_state_setup,graph_wide,1000,999,30,436700,0,0,1000
body_state_setup,graph_wide,1000,999,30,1900,0,0,0
machine_state_setup,graph_wide,1000,999,31,450200,0,0,1000
body_state_setup,graph_wide,1000,999,31,1700,0,0,0
machine_state_setup,graph_wide,1000,999,32,449500,0,0,1000
body_state_setup,graph_wide,1000,999,32,1600,0,0,0
machine_state_setup,graph_wide,1000,999,33,442500,0,0,1000
body_state_setup,graph_wide,1000,999,33,1600,0,0,0
machine_state_setup,graph_wide,1000,999,34,460700,0,0,1000
body_state_setup,graph_wide,1000,999,34,1800,0,0,0
machine_state_setup,graph_wide,1000,999,35,462900,0,0,1000
body_state_setup,graph_wide,1000,999,35,1600,0,0,0
machine_state_setup,graph_wide,1000,999,36,446800,0,0,1000
body_state_setup,graph_wide,1000,999,36,1700,0,0,0
machine_state_setup,graph_wide,1000,999,37,443700,0,0,1000
body_state_setup,graph_wide,1000,999,37,1600,0,0,0
machine_state_setup,graph_wide,1000,999,38,446600,0,0,1000
body_state_setup,graph_wide,1000,999,38,1800,0,0,0
machine_state_setup,graph_wide,1000,999,39,448900,0,0,1000
body_state_setup,graph_wide,1000,999,39,1500,0,0,0
fixture_generation,graph_sparse,1000,999,0,61900,0,0,5000
fixture_generation,graph_sparse,1000,999,1,60700,0,0,5000
fixture_generation,graph_sparse,1000,999,2,61100,0,0,5000
fixture_generation,graph_sparse,1000,999,3,63400,0,0,5000
fixture_generation,graph_sparse,1000,999,4,60800,0,0,5000
fixture_generation,graph_sparse,1000,999,5,65300,0,0,5000
fixture_generation,graph_sparse,1000,999,6,61900,0,0,5000
fixture_generation,graph_sparse,1000,999,7,65000,0,0,5000
fixture_generation,graph_sparse,1000,999,8,61100,0,0,5000
fixture_generation,graph_sparse,1000,999,9,62600,0,0,5000
fixture_generation,graph_sparse,1000,999,10,61200,0,0,5000
fixture_generation,graph_sparse,1000,999,11,60400,0,0,5000
fixture_generation,graph_sparse,1000,999,12,61500,0,0,5000
fixture_generation,graph_sparse,1000,999,13,60400,0,0,5000
fixture_generation,graph_sparse,1000,999,14,60600,0,0,5000
fixture_generation,graph_sparse,1000,999,15,60600,0,0,5000
fixture_generation,graph_sparse,1000,999,16,64200,0,0,5000
fixture_generation,graph_sparse,1000,999,17,68100,0,0,5000
fixture_generation,graph_sparse,1000,999,18,70200,0,0,5000
fixture_generation,graph_sparse,1000,999,19,72700,0,0,5000
plan_build,graph_sparse,1000,999,0,915700,0,0,12
plan_build,graph_sparse,1000,999,1,778800,0,0,12
plan_build,graph_sparse,1000,999,2,777400,0,0,12
plan_build,graph_sparse,1000,999,3,766800,0,0,12
plan_build,graph_sparse,1000,999,4,796100,0,0,12
plan_build,graph_sparse,1000,999,5,742900,0,0,12
plan_build,graph_sparse,1000,999,6,750500,0,0,12
plan_build,graph_sparse,1000,999,7,760300,0,0,12
plan_build,graph_sparse,1000,999,8,788200,0,0,12
plan_build,graph_sparse,1000,999,9,765600,0,0,12
plan_build,graph_sparse,1000,999,10,786900,0,0,12
plan_build,graph_sparse,1000,999,11,765200,0,0,12
plan_build,graph_sparse,1000,999,12,771200,0,0,12
plan_build,graph_sparse,1000,999,13,747900,0,0,12
plan_build,graph_sparse,1000,999,14,779100,0,0,12
plan_build,graph_sparse,1000,999,15,741400,0,0,12
plan_build,graph_sparse,1000,999,16,776100,0,0,12
plan_build,graph_sparse,1000,999,17,764000,0,0,12
plan_build,graph_sparse,1000,999,18,767900,0,0,12
plan_build,graph_sparse,1000,999,19,834500,0,0,12
plan_build_alloc,graph_sparse,1000,999,0,0,4041,1049105,12
engine_execution,graph_sparse,1000,999,0,10954800,0,0,697
engine_execution,graph_sparse,1000,999,1,11642900,0,0,696
engine_execution,graph_sparse,1000,999,2,10734300,0,0,699
engine_execution,graph_sparse,1000,999,3,10801400,0,0,698
engine_execution,graph_sparse,1000,999,4,10666600,0,0,701
engine_execution,graph_sparse,1000,999,5,10934800,0,0,700
engine_execution,graph_sparse,1000,999,6,11490400,0,0,703
engine_execution,graph_sparse,1000,999,7,11616700,0,0,702
engine_execution,graph_sparse,1000,999,8,11686100,0,0,689
engine_execution,graph_sparse,1000,999,9,10905300,0,0,688
engine_execution,graph_sparse,1000,999,10,11404900,0,0,691
engine_execution,graph_sparse,1000,999,11,11563500,0,0,690
engine_execution,graph_sparse,1000,999,12,11506500,0,0,693
engine_execution,graph_sparse,1000,999,13,11817000,0,0,692
engine_execution,graph_sparse,1000,999,14,11522400,0,0,695
engine_execution,graph_sparse,1000,999,15,11369800,0,0,694
engine_execution,graph_sparse,1000,999,16,10935000,0,0,681
engine_execution,graph_sparse,1000,999,17,11379600,0,0,680
engine_execution,graph_sparse,1000,999,18,11101500,0,0,683
engine_execution,graph_sparse,1000,999,19,11321000,0,0,682
engine_execution,graph_sparse,1000,999,20,10920100,0,0,685
engine_execution,graph_sparse,1000,999,21,11407700,0,0,684
engine_execution,graph_sparse,1000,999,22,10745800,0,0,687
engine_execution,graph_sparse,1000,999,23,10674400,0,0,686
engine_execution,graph_sparse,1000,999,24,10771600,0,0,673
engine_execution,graph_sparse,1000,999,25,11959300,0,0,672
engine_execution,graph_sparse,1000,999,26,10830400,0,0,675
engine_execution,graph_sparse,1000,999,27,10631600,0,0,674
engine_execution,graph_sparse,1000,999,28,10592500,0,0,677
engine_execution,graph_sparse,1000,999,29,11049800,0,0,676
engine_execution,graph_sparse,1000,999,30,11863300,0,0,679
engine_execution,graph_sparse,1000,999,31,11303100,0,0,678
engine_execution,graph_sparse,1000,999,32,10674600,0,0,665
engine_execution,graph_sparse,1000,999,33,10876900,0,0,664
engine_execution,graph_sparse,1000,999,34,11370400,0,0,667
engine_execution,graph_sparse,1000,999,35,10658700,0,0,666
engine_execution,graph_sparse,1000,999,36,10846400,0,0,669
engine_execution,graph_sparse,1000,999,37,11213600,0,0,668
engine_execution,graph_sparse,1000,999,38,10824500,0,0,671
engine_execution,graph_sparse,1000,999,39,11421100,0,0,670
engine_execution_alloc,graph_sparse,1000,999,0,0,57643,25214637,22755
machine_state_setup,graph_sparse,1000,999,0,420700,0,0,1000
body_state_setup,graph_sparse,1000,999,0,2500,0,0,0
machine_state_setup,graph_sparse,1000,999,1,340600,0,0,1000
body_state_setup,graph_sparse,1000,999,1,1800,0,0,0
machine_state_setup,graph_sparse,1000,999,2,351200,0,0,1000
body_state_setup,graph_sparse,1000,999,2,1900,0,0,0
machine_state_setup,graph_sparse,1000,999,3,341400,0,0,1000
body_state_setup,graph_sparse,1000,999,3,1600,0,0,0
machine_state_setup,graph_sparse,1000,999,4,344100,0,0,1000
body_state_setup,graph_sparse,1000,999,4,2000,0,0,0
machine_state_setup,graph_sparse,1000,999,5,352000,0,0,1000
body_state_setup,graph_sparse,1000,999,5,1700,0,0,0
machine_state_setup,graph_sparse,1000,999,6,344400,0,0,1000
body_state_setup,graph_sparse,1000,999,6,1800,0,0,0
machine_state_setup,graph_sparse,1000,999,7,552500,0,0,1000
body_state_setup,graph_sparse,1000,999,7,7200,0,0,0
machine_state_setup,graph_sparse,1000,999,8,752800,0,0,1000
body_state_setup,graph_sparse,1000,999,8,1900,0,0,0
machine_state_setup,graph_sparse,1000,999,9,349800,0,0,1000
body_state_setup,graph_sparse,1000,999,9,1800,0,0,0
machine_state_setup,graph_sparse,1000,999,10,338900,0,0,1000
body_state_setup,graph_sparse,1000,999,10,1700,0,0,0
machine_state_setup,graph_sparse,1000,999,11,331700,0,0,1000
body_state_setup,graph_sparse,1000,999,11,5200,0,0,0
machine_state_setup,graph_sparse,1000,999,12,330000,0,0,1000
body_state_setup,graph_sparse,1000,999,12,1800,0,0,0
machine_state_setup,graph_sparse,1000,999,13,342300,0,0,1000
body_state_setup,graph_sparse,1000,999,13,1700,0,0,0
machine_state_setup,graph_sparse,1000,999,14,332400,0,0,1000
body_state_setup,graph_sparse,1000,999,14,1600,0,0,0
machine_state_setup,graph_sparse,1000,999,15,335400,0,0,1000
body_state_setup,graph_sparse,1000,999,15,1700,0,0,0
machine_state_setup,graph_sparse,1000,999,16,328500,0,0,1000
body_state_setup,graph_sparse,1000,999,16,1700,0,0,0
machine_state_setup,graph_sparse,1000,999,17,333900,0,0,1000
body_state_setup,graph_sparse,1000,999,17,1600,0,0,0
machine_state_setup,graph_sparse,1000,999,18,331900,0,0,1000
body_state_setup,graph_sparse,1000,999,18,1600,0,0,0
machine_state_setup,graph_sparse,1000,999,19,327100,0,0,1000
body_state_setup,graph_sparse,1000,999,19,1700,0,0,0
machine_state_setup,graph_sparse,1000,999,20,327000,0,0,1000
body_state_setup,graph_sparse,1000,999,20,1700,0,0,0
machine_state_setup,graph_sparse,1000,999,21,333400,0,0,1000
body_state_setup,graph_sparse,1000,999,21,1700,0,0,0
machine_state_setup,graph_sparse,1000,999,22,327400,0,0,1000
body_state_setup,graph_sparse,1000,999,22,1700,0,0,0
machine_state_setup,graph_sparse,1000,999,23,320500,0,0,1000
body_state_setup,graph_sparse,1000,999,23,1500,0,0,0
machine_state_setup,graph_sparse,1000,999,24,322100,0,0,1000
body_state_setup,graph_sparse,1000,999,24,1600,0,0,0
machine_state_setup,graph_sparse,1000,999,25,315100,0,0,1000
body_state_setup,graph_sparse,1000,999,25,1800,0,0,0
machine_state_setup,graph_sparse,1000,999,26,314700,0,0,1000
body_state_setup,graph_sparse,1000,999,26,1600,0,0,0
machine_state_setup,graph_sparse,1000,999,27,326000,0,0,1000
body_state_setup,graph_sparse,1000,999,27,1600,0,0,0
machine_state_setup,graph_sparse,1000,999,28,405300,0,0,1000
body_state_setup,graph_sparse,1000,999,28,5800,0,0,0
machine_state_setup,graph_sparse,1000,999,29,667800,0,0,1000
body_state_setup,graph_sparse,1000,999,29,4400,0,0,0
machine_state_setup,graph_sparse,1000,999,30,330800,0,0,1000
body_state_setup,graph_sparse,1000,999,30,1800,0,0,0
machine_state_setup,graph_sparse,1000,999,31,352200,0,0,1000
body_state_setup,graph_sparse,1000,999,31,1600,0,0,0
machine_state_setup,graph_sparse,1000,999,32,332200,0,0,1000
body_state_setup,graph_sparse,1000,999,32,1700,0,0,0
machine_state_setup,graph_sparse,1000,999,33,336200,0,0,1000
body_state_setup,graph_sparse,1000,999,33,1600,0,0,0
machine_state_setup,graph_sparse,1000,999,34,340300,0,0,1000
body_state_setup,graph_sparse,1000,999,34,1700,0,0,0
machine_state_setup,graph_sparse,1000,999,35,326200,0,0,1000
body_state_setup,graph_sparse,1000,999,35,1600,0,0,0
machine_state_setup,graph_sparse,1000,999,36,327600,0,0,1000
body_state_setup,graph_sparse,1000,999,36,1600,0,0,0
machine_state_setup,graph_sparse,1000,999,37,327000,0,0,1000
body_state_setup,graph_sparse,1000,999,37,1700,0,0,0
machine_state_setup,graph_sparse,1000,999,38,337100,0,0,1000
body_state_setup,graph_sparse,1000,999,38,1800,0,0,0
machine_state_setup,graph_sparse,1000,999,39,325900,0,0,1000
body_state_setup,graph_sparse,1000,999,39,1600,0,0,0
fixture_generation,tiny_yield_chain,1,0,0,1200,0,0,5
fixture_generation,tiny_yield_chain,1,0,1,200,0,0,5
fixture_generation,tiny_yield_chain,1,0,2,200,0,0,5
fixture_generation,tiny_yield_chain,1,0,3,200,0,0,5
fixture_generation,tiny_yield_chain,1,0,4,200,0,0,5
fixture_generation,tiny_yield_chain,1,0,5,100,0,0,5
fixture_generation,tiny_yield_chain,1,0,6,100,0,0,5
fixture_generation,tiny_yield_chain,1,0,7,100,0,0,5
fixture_generation,tiny_yield_chain,1,0,8,100,0,0,5
fixture_generation,tiny_yield_chain,1,0,9,200,0,0,5
fixture_generation,tiny_yield_chain,1,0,10,200,0,0,5
fixture_generation,tiny_yield_chain,1,0,11,100,0,0,5
fixture_generation,tiny_yield_chain,1,0,12,100,0,0,5
fixture_generation,tiny_yield_chain,1,0,13,100,0,0,5
fixture_generation,tiny_yield_chain,1,0,14,200,0,0,5
fixture_generation,tiny_yield_chain,1,0,15,200,0,0,5
fixture_generation,tiny_yield_chain,1,0,16,200,0,0,5
fixture_generation,tiny_yield_chain,1,0,17,200,0,0,5
fixture_generation,tiny_yield_chain,1,0,18,100,0,0,5
fixture_generation,tiny_yield_chain,1,0,19,100,0,0,5
plan_build,tiny_yield_chain,1,0,0,7100,0,0,11
plan_build,tiny_yield_chain,1,0,1,1200,0,0,11
plan_build,tiny_yield_chain,1,0,2,700,0,0,11
plan_build,tiny_yield_chain,1,0,3,600,0,0,11
plan_build,tiny_yield_chain,1,0,4,700,0,0,11
plan_build,tiny_yield_chain,1,0,5,600,0,0,11
plan_build,tiny_yield_chain,1,0,6,500,0,0,11
plan_build,tiny_yield_chain,1,0,7,600,0,0,11
plan_build,tiny_yield_chain,1,0,8,600,0,0,11
plan_build,tiny_yield_chain,1,0,9,500,0,0,11
plan_build,tiny_yield_chain,1,0,10,600,0,0,11
plan_build,tiny_yield_chain,1,0,11,500,0,0,11
plan_build,tiny_yield_chain,1,0,12,600,0,0,11
plan_build,tiny_yield_chain,1,0,13,500,0,0,11
plan_build,tiny_yield_chain,1,0,14,500,0,0,11
plan_build,tiny_yield_chain,1,0,15,500,0,0,11
plan_build,tiny_yield_chain,1,0,16,500,0,0,11
plan_build,tiny_yield_chain,1,0,17,600,0,0,11
plan_build,tiny_yield_chain,1,0,18,500,0,0,11
plan_build,tiny_yield_chain,1,0,19,500,0,0,11
plan_build_alloc,tiny_yield_chain,1,0,0,0,13,2317,11
engine_execution,tiny_yield_chain,1,0,0,6200,0,0,1
engine_execution,tiny_yield_chain,1,0,1,6100,0,0,0
engine_execution,tiny_yield_chain,1,0,2,6000,0,0,3
engine_execution,tiny_yield_chain,1,0,3,6000,0,0,2
engine_execution,tiny_yield_chain,1,0,4,5900,0,0,5
engine_execution,tiny_yield_chain,1,0,5,6000,0,0,4
engine_execution,tiny_yield_chain,1,0,6,5800,0,0,7
engine_execution,tiny_yield_chain,1,0,7,5900,0,0,6
engine_execution,tiny_yield_chain,1,0,8,5900,0,0,9
engine_execution,tiny_yield_chain,1,0,9,6000,0,0,8
engine_execution,tiny_yield_chain,1,0,10,5900,0,0,11
engine_execution,tiny_yield_chain,1,0,11,5900,0,0,10
engine_execution,tiny_yield_chain,1,0,12,5900,0,0,13
engine_execution,tiny_yield_chain,1,0,13,5800,0,0,12
engine_execution,tiny_yield_chain,1,0,14,5900,0,0,15
engine_execution,tiny_yield_chain,1,0,15,12600,0,0,14
engine_execution,tiny_yield_chain,1,0,16,6100,0,0,17
engine_execution,tiny_yield_chain,1,0,17,5900,0,0,16
engine_execution,tiny_yield_chain,1,0,18,6000,0,0,19
engine_execution,tiny_yield_chain,1,0,19,6100,0,0,18
engine_execution,tiny_yield_chain,1,0,20,6000,0,0,21
engine_execution,tiny_yield_chain,1,0,21,5800,0,0,20
engine_execution,tiny_yield_chain,1,0,22,5900,0,0,23
engine_execution,tiny_yield_chain,1,0,23,6000,0,0,22
engine_execution,tiny_yield_chain,1,0,24,6100,0,0,25
engine_execution,tiny_yield_chain,1,0,25,5900,0,0,24
engine_execution,tiny_yield_chain,1,0,26,5800,0,0,27
engine_execution,tiny_yield_chain,1,0,27,5600,0,0,26
engine_execution,tiny_yield_chain,1,0,28,5600,0,0,29
engine_execution,tiny_yield_chain,1,0,29,5600,0,0,28
engine_execution,tiny_yield_chain,1,0,30,5500,0,0,31
engine_execution,tiny_yield_chain,1,0,31,5500,0,0,30
engine_execution,tiny_yield_chain,1,0,32,5500,0,0,33
engine_execution,tiny_yield_chain,1,0,33,5500,0,0,32
engine_execution,tiny_yield_chain,1,0,34,5600,0,0,35
engine_execution,tiny_yield_chain,1,0,35,5500,0,0,34
engine_execution,tiny_yield_chain,1,0,36,5200,0,0,37
engine_execution,tiny_yield_chain,1,0,37,5500,0,0,36
engine_execution,tiny_yield_chain,1,0,38,5400,0,0,39
engine_execution,tiny_yield_chain,1,0,39,5400,0,0,38
engine_execution_alloc,tiny_yield_chain,1,0,0,0,110,15148,23131
machine_state_setup,tiny_yield_chain,1,0,0,1000,0,0,1
body_state_setup,tiny_yield_chain,1,0,0,400,0,0,0
machine_state_setup,tiny_yield_chain,1,0,1,500,0,0,1
body_state_setup,tiny_yield_chain,1,0,1,200,0,0,0
machine_state_setup,tiny_yield_chain,1,0,2,500,0,0,1
body_state_setup,tiny_yield_chain,1,0,2,200,0,0,0
machine_state_setup,tiny_yield_chain,1,0,3,600,0,0,1
body_state_setup,tiny_yield_chain,1,0,3,200,0,0,0
machine_state_setup,tiny_yield_chain,1,0,4,500,0,0,1
body_state_setup,tiny_yield_chain,1,0,4,200,0,0,0
machine_state_setup,tiny_yield_chain,1,0,5,500,0,0,1
body_state_setup,tiny_yield_chain,1,0,5,300,0,0,0
machine_state_setup,tiny_yield_chain,1,0,6,500,0,0,1
body_state_setup,tiny_yield_chain,1,0,6,200,0,0,0
machine_state_setup,tiny_yield_chain,1,0,7,500,0,0,1
body_state_setup,tiny_yield_chain,1,0,7,200,0,0,0
machine_state_setup,tiny_yield_chain,1,0,8,500,0,0,1
body_state_setup,tiny_yield_chain,1,0,8,200,0,0,0
machine_state_setup,tiny_yield_chain,1,0,9,600,0,0,1
body_state_setup,tiny_yield_chain,1,0,9,200,0,0,0
machine_state_setup,tiny_yield_chain,1,0,10,500,0,0,1
body_state_setup,tiny_yield_chain,1,0,10,200,0,0,0
machine_state_setup,tiny_yield_chain,1,0,11,500,0,0,1
body_state_setup,tiny_yield_chain,1,0,11,200,0,0,0
machine_state_setup,tiny_yield_chain,1,0,12,500,0,0,1
body_state_setup,tiny_yield_chain,1,0,12,200,0,0,0
machine_state_setup,tiny_yield_chain,1,0,13,400,0,0,1
body_state_setup,tiny_yield_chain,1,0,13,200,0,0,0
machine_state_setup,tiny_yield_chain,1,0,14,600,0,0,1
body_state_setup,tiny_yield_chain,1,0,14,200,0,0,0
machine_state_setup,tiny_yield_chain,1,0,15,500,0,0,1
body_state_setup,tiny_yield_chain,1,0,15,300,0,0,0
machine_state_setup,tiny_yield_chain,1,0,16,500,0,0,1
body_state_setup,tiny_yield_chain,1,0,16,200,0,0,0
machine_state_setup,tiny_yield_chain,1,0,17,500,0,0,1
body_state_setup,tiny_yield_chain,1,0,17,200,0,0,0
machine_state_setup,tiny_yield_chain,1,0,18,500,0,0,1
body_state_setup,tiny_yield_chain,1,0,18,300,0,0,0
machine_state_setup,tiny_yield_chain,1,0,19,500,0,0,1
body_state_setup,tiny_yield_chain,1,0,19,200,0,0,0
machine_state_setup,tiny_yield_chain,1,0,20,400,0,0,1
body_state_setup,tiny_yield_chain,1,0,20,200,0,0,0
machine_state_setup,tiny_yield_chain,1,0,21,500,0,0,1
body_state_setup,tiny_yield_chain,1,0,21,300,0,0,0
machine_state_setup,tiny_yield_chain,1,0,22,500,0,0,1
body_state_setup,tiny_yield_chain,1,0,22,200,0,0,0
machine_state_setup,tiny_yield_chain,1,0,23,500,0,0,1
body_state_setup,tiny_yield_chain,1,0,23,200,0,0,0
machine_state_setup,tiny_yield_chain,1,0,24,400,0,0,1
body_state_setup,tiny_yield_chain,1,0,24,200,0,0,0
machine_state_setup,tiny_yield_chain,1,0,25,500,0,0,1
body_state_setup,tiny_yield_chain,1,0,25,300,0,0,0
machine_state_setup,tiny_yield_chain,1,0,26,500,0,0,1
body_state_setup,tiny_yield_chain,1,0,26,200,0,0,0
machine_state_setup,tiny_yield_chain,1,0,27,500,0,0,1
body_state_setup,tiny_yield_chain,1,0,27,200,0,0,0
machine_state_setup,tiny_yield_chain,1,0,28,500,0,0,1
body_state_setup,tiny_yield_chain,1,0,28,200,0,0,0
machine_state_setup,tiny_yield_chain,1,0,29,500,0,0,1
body_state_setup,tiny_yield_chain,1,0,29,200,0,0,0
machine_state_setup,tiny_yield_chain,1,0,30,500,0,0,1
body_state_setup,tiny_yield_chain,1,0,30,200,0,0,0
machine_state_setup,tiny_yield_chain,1,0,31,400,0,0,1
body_state_setup,tiny_yield_chain,1,0,31,200,0,0,0
machine_state_setup,tiny_yield_chain,1,0,32,500,0,0,1
body_state_setup,tiny_yield_chain,1,0,32,200,0,0,0
machine_state_setup,tiny_yield_chain,1,0,33,500,0,0,1
body_state_setup,tiny_yield_chain,1,0,33,300,0,0,0
machine_state_setup,tiny_yield_chain,1,0,34,500,0,0,1
body_state_setup,tiny_yield_chain,1,0,34,200,0,0,0
machine_state_setup,tiny_yield_chain,1,0,35,500,0,0,1
body_state_setup,tiny_yield_chain,1,0,35,200,0,0,0
machine_state_setup,tiny_yield_chain,1,0,36,500,0,0,1
body_state_setup,tiny_yield_chain,1,0,36,200,0,0,0
machine_state_setup,tiny_yield_chain,1,0,37,500,0,0,1
body_state_setup,tiny_yield_chain,1,0,37,200,0,0,0
machine_state_setup,tiny_yield_chain,1,0,38,500,0,0,1
body_state_setup,tiny_yield_chain,1,0,38,200,0,0,0
machine_state_setup,tiny_yield_chain,1,0,39,500,0,0,1
body_state_setup,tiny_yield_chain,1,0,39,200,0,0,0
engine_execution,resource_normal,2,1,0,10300,0,0,0
engine_execution,resource_normal,2,1,1,10300,0,0,3
engine_execution,resource_normal,2,1,2,10000,0,0,2
engine_execution,resource_normal,2,1,3,10300,0,0,5
engine_execution,resource_normal,2,1,4,10200,0,0,4
engine_execution,resource_normal,2,1,5,10100,0,0,7
engine_execution,resource_normal,2,1,6,10100,0,0,6
engine_execution,resource_normal,2,1,7,10100,0,0,9
engine_execution,resource_normal,2,1,8,10100,0,0,8
engine_execution,resource_normal,2,1,9,10300,0,0,11
engine_execution,resource_normal,2,1,10,9800,0,0,10
engine_execution,resource_normal,2,1,11,10100,0,0,13
engine_execution,resource_normal,2,1,12,10000,0,0,12
engine_execution,resource_normal,2,1,13,9900,0,0,15
engine_execution,resource_normal,2,1,14,10000,0,0,14
engine_execution,resource_normal,2,1,15,10100,0,0,17
engine_execution,resource_normal,2,1,16,10100,0,0,16
engine_execution,resource_normal,2,1,17,9900,0,0,19
engine_execution,resource_normal,2,1,18,10000,0,0,18
engine_execution,resource_normal,2,1,19,9900,0,0,21
engine_execution,resource_normal,2,1,20,10200,0,0,20
engine_execution,resource_normal,2,1,21,10000,0,0,23
engine_execution,resource_normal,2,1,22,10200,0,0,22
engine_execution,resource_normal,2,1,23,10100,0,0,25
engine_execution,resource_normal,2,1,24,10000,0,0,24
engine_execution,resource_normal,2,1,25,10200,0,0,27
engine_execution,resource_normal,2,1,26,10000,0,0,26
engine_execution,resource_normal,2,1,27,10000,0,0,29
engine_execution,resource_normal,2,1,28,10100,0,0,28
engine_execution,resource_normal,2,1,29,10100,0,0,31
engine_execution,resource_normal,2,1,30,10300,0,0,30
engine_execution,resource_normal,2,1,31,10300,0,0,33
engine_execution,resource_normal,2,1,32,10000,0,0,32
engine_execution,resource_normal,2,1,33,10100,0,0,35
engine_execution,resource_normal,2,1,34,10200,0,0,34
engine_execution,resource_normal,2,1,35,10200,0,0,37
engine_execution,resource_normal,2,1,36,10100,0,0,36
engine_execution,resource_normal,2,1,37,10200,0,0,39
engine_execution,resource_normal,2,1,38,10100,0,0,38
engine_execution,resource_normal,2,1,39,9900,0,0,41
engine_execution_alloc,resource_normal,2,1,0,0,219,23058,23130
engine_execution,resource_release_failure,2,1,0,10600,0,0,1
engine_execution,resource_release_failure,2,1,1,10500,0,0,2
engine_execution,resource_release_failure,2,1,2,10400,0,0,3
engine_execution,resource_release_failure,2,1,3,10700,0,0,4
engine_execution,resource_release_failure,2,1,4,10700,0,0,5
engine_execution,resource_release_failure,2,1,5,10500,0,0,6
engine_execution,resource_release_failure,2,1,6,10600,0,0,7
engine_execution,resource_release_failure,2,1,7,10500,0,0,8
engine_execution,resource_release_failure,2,1,8,10400,0,0,9
engine_execution,resource_release_failure,2,1,9,10500,0,0,10
engine_execution,resource_release_failure,2,1,10,10600,0,0,11
engine_execution,resource_release_failure,2,1,11,10400,0,0,12
engine_execution,resource_release_failure,2,1,12,10600,0,0,13
engine_execution,resource_release_failure,2,1,13,10500,0,0,14
engine_execution,resource_release_failure,2,1,14,10500,0,0,15
engine_execution,resource_release_failure,2,1,15,10500,0,0,16
engine_execution,resource_release_failure,2,1,16,10400,0,0,17
engine_execution,resource_release_failure,2,1,17,10500,0,0,18
engine_execution,resource_release_failure,2,1,18,15400,0,0,19
engine_execution,resource_release_failure,2,1,19,10700,0,0,20
engine_execution,resource_release_failure,2,1,20,10800,0,0,21
engine_execution,resource_release_failure,2,1,21,10400,0,0,22
engine_execution,resource_release_failure,2,1,22,11200,0,0,23
engine_execution,resource_release_failure,2,1,23,10500,0,0,24
engine_execution,resource_release_failure,2,1,24,10500,0,0,25
engine_execution,resource_release_failure,2,1,25,10300,0,0,26
engine_execution,resource_release_failure,2,1,26,10500,0,0,27
engine_execution,resource_release_failure,2,1,27,10900,0,0,28
engine_execution,resource_release_failure,2,1,28,10600,0,0,29
engine_execution,resource_release_failure,2,1,29,10900,0,0,30
engine_execution,resource_release_failure,2,1,30,10700,0,0,31
engine_execution,resource_release_failure,2,1,31,10600,0,0,32
engine_execution,resource_release_failure,2,1,32,11000,0,0,33
engine_execution,resource_release_failure,2,1,33,10800,0,0,34
engine_execution,resource_release_failure,2,1,34,10800,0,0,35
engine_execution,resource_release_failure,2,1,35,10800,0,0,36
engine_execution,resource_release_failure,2,1,36,10700,0,0,37
engine_execution,resource_release_failure,2,1,37,10800,0,0,38
engine_execution,resource_release_failure,2,1,38,10600,0,0,39
engine_execution,resource_release_failure,2,1,39,10800,0,0,40
engine_execution_alloc,resource_release_failure,2,1,0,0,229,23817,23131
engine_execution,resource_startup_failure,2,1,0,10700,0,0,3
engine_execution,resource_startup_failure,2,1,1,10900,0,0,3
engine_execution,resource_startup_failure,2,1,2,10900,0,0,3
engine_execution,resource_startup_failure,2,1,3,11000,0,0,3
engine_execution,resource_startup_failure,2,1,4,10700,0,0,3
engine_execution,resource_startup_failure,2,1,5,10700,0,0,3
engine_execution,resource_startup_failure,2,1,6,10800,0,0,3
engine_execution,resource_startup_failure,2,1,7,10800,0,0,3
engine_execution,resource_startup_failure,2,1,8,10500,0,0,3
engine_execution,resource_startup_failure,2,1,9,10800,0,0,3
engine_execution,resource_startup_failure,2,1,10,10900,0,0,3
engine_execution,resource_startup_failure,2,1,11,10700,0,0,3
engine_execution,resource_startup_failure,2,1,12,10900,0,0,3
engine_execution,resource_startup_failure,2,1,13,10800,0,0,3
engine_execution,resource_startup_failure,2,1,14,10700,0,0,3
engine_execution,resource_startup_failure,2,1,15,10900,0,0,3
engine_execution,resource_startup_failure,2,1,16,10600,0,0,3
engine_execution,resource_startup_failure,2,1,17,10600,0,0,3
engine_execution,resource_startup_failure,2,1,18,10700,0,0,3
engine_execution,resource_startup_failure,2,1,19,10700,0,0,3
engine_execution,resource_startup_failure,2,1,20,10900,0,0,3
engine_execution,resource_startup_failure,2,1,21,10500,0,0,3
engine_execution,resource_startup_failure,2,1,22,10400,0,0,3
engine_execution,resource_startup_failure,2,1,23,10200,0,0,3
engine_execution,resource_startup_failure,2,1,24,10500,0,0,3
engine_execution,resource_startup_failure,2,1,25,10900,0,0,3
engine_execution,resource_startup_failure,2,1,26,10600,0,0,3
engine_execution,resource_startup_failure,2,1,27,10900,0,0,3
engine_execution,resource_startup_failure,2,1,28,10700,0,0,3
engine_execution,resource_startup_failure,2,1,29,10700,0,0,3
engine_execution,resource_startup_failure,2,1,30,10500,0,0,3
engine_execution,resource_startup_failure,2,1,31,10800,0,0,3
engine_execution,resource_startup_failure,2,1,32,10800,0,0,3
engine_execution,resource_startup_failure,2,1,33,10500,0,0,3
engine_execution,resource_startup_failure,2,1,34,10700,0,0,3
engine_execution,resource_startup_failure,2,1,35,10800,0,0,3
engine_execution,resource_startup_failure,2,1,36,10800,0,0,3
engine_execution,resource_startup_failure,2,1,37,10700,0,0,3
engine_execution,resource_startup_failure,2,1,38,10800,0,0,3
engine_execution,resource_startup_failure,2,1,39,11200,0,0,3
engine_execution_alloc,resource_startup_failure,2,1,0,0,226,24110,3
engine_execution,resource_cleanup_error_upstream,3,1,0,16000,0,0,0
engine_execution,resource_cleanup_error_upstream,3,1,1,16200,0,0,1
engine_execution,resource_cleanup_error_upstream,3,1,2,16000,0,0,2
engine_execution,resource_cleanup_error_upstream,3,1,3,17300,0,0,3
engine_execution,resource_cleanup_error_upstream,3,1,4,19500,0,0,4
engine_execution,resource_cleanup_error_upstream,3,1,5,16400,0,0,5
engine_execution,resource_cleanup_error_upstream,3,1,6,16100,0,0,6
engine_execution,resource_cleanup_error_upstream,3,1,7,16000,0,0,7
engine_execution,resource_cleanup_error_upstream,3,1,8,16000,0,0,8
engine_execution,resource_cleanup_error_upstream,3,1,9,16100,0,0,9
engine_execution,resource_cleanup_error_upstream,3,1,10,16200,0,0,10
engine_execution,resource_cleanup_error_upstream,3,1,11,16000,0,0,11
engine_execution,resource_cleanup_error_upstream,3,1,12,16100,0,0,12
engine_execution,resource_cleanup_error_upstream,3,1,13,15900,0,0,13
engine_execution,resource_cleanup_error_upstream,3,1,14,15900,0,0,14
engine_execution,resource_cleanup_error_upstream,3,1,15,15900,0,0,15
engine_execution,resource_cleanup_error_upstream,3,1,16,15600,0,0,16
engine_execution,resource_cleanup_error_upstream,3,1,17,15800,0,0,17
engine_execution,resource_cleanup_error_upstream,3,1,18,15900,0,0,18
engine_execution,resource_cleanup_error_upstream,3,1,19,16100,0,0,19
engine_execution,resource_cleanup_error_upstream,3,1,20,16400,0,0,20
engine_execution,resource_cleanup_error_upstream,3,1,21,16000,0,0,21
engine_execution,resource_cleanup_error_upstream,3,1,22,16600,0,0,22
engine_execution,resource_cleanup_error_upstream,3,1,23,16200,0,0,23
engine_execution,resource_cleanup_error_upstream,3,1,24,15900,0,0,24
engine_execution,resource_cleanup_error_upstream,3,1,25,16000,0,0,25
engine_execution,resource_cleanup_error_upstream,3,1,26,16100,0,0,26
engine_execution,resource_cleanup_error_upstream,3,1,27,17000,0,0,27
engine_execution,resource_cleanup_error_upstream,3,1,28,16900,0,0,28
engine_execution,resource_cleanup_error_upstream,3,1,29,16500,0,0,29
engine_execution,resource_cleanup_error_upstream,3,1,30,16000,0,0,30
engine_execution,resource_cleanup_error_upstream,3,1,31,16200,0,0,31
engine_execution,resource_cleanup_error_upstream,3,1,32,15800,0,0,32
engine_execution,resource_cleanup_error_upstream,3,1,33,16100,0,0,33
engine_execution,resource_cleanup_error_upstream,3,1,34,16200,0,0,34
engine_execution,resource_cleanup_error_upstream,3,1,35,16300,0,0,35
engine_execution,resource_cleanup_error_upstream,3,1,36,16400,0,0,36
engine_execution,resource_cleanup_error_upstream,3,1,37,16000,0,0,37
engine_execution,resource_cleanup_error_upstream,3,1,38,15800,0,0,38
engine_execution,resource_cleanup_error_upstream,3,1,39,15900,0,0,39
engine_execution_alloc,resource_cleanup_error_upstream,3,1,0,0,337,30130,23130
engine_execution,resource_cancel_after_acquire,1,0,0,16900,0,0,3
engine_execution,resource_cancel_after_acquire,1,0,1,9900,0,0,3
engine_execution,resource_cancel_after_acquire,1,0,2,9100,0,0,3
engine_execution,resource_cancel_after_acquire,1,0,3,8800,0,0,3
engine_execution,resource_cancel_after_acquire,1,0,4,8800,0,0,3
engine_execution,resource_cancel_after_acquire,1,0,5,8600,0,0,3
engine_execution,resource_cancel_after_acquire,1,0,6,8700,0,0,3
engine_execution,resource_cancel_after_acquire,1,0,7,9200,0,0,3
engine_execution,resource_cancel_after_acquire,1,0,8,9000,0,0,3
engine_execution,resource_cancel_after_acquire,1,0,9,8900,0,0,3
engine_execution,resource_cancel_after_acquire,1,0,10,9000,0,0,3
engine_execution,resource_cancel_after_acquire,1,0,11,9000,0,0,3
engine_execution,resource_cancel_after_acquire,1,0,12,9300,0,0,3
engine_execution,resource_cancel_after_acquire,1,0,13,9300,0,0,3
engine_execution,resource_cancel_after_acquire,1,0,14,9000,0,0,3
engine_execution,resource_cancel_after_acquire,1,0,15,8800,0,0,3
engine_execution,resource_cancel_after_acquire,1,0,16,8900,0,0,3
engine_execution,resource_cancel_after_acquire,1,0,17,8900,0,0,3
engine_execution,resource_cancel_after_acquire,1,0,18,8600,0,0,3
engine_execution,resource_cancel_after_acquire,1,0,19,8800,0,0,3
engine_execution,resource_cancel_after_acquire,1,0,20,8700,0,0,3
engine_execution,resource_cancel_after_acquire,1,0,21,8600,0,0,3
engine_execution,resource_cancel_after_acquire,1,0,22,8800,0,0,3
engine_execution,resource_cancel_after_acquire,1,0,23,8800,0,0,3
engine_execution,resource_cancel_after_acquire,1,0,24,8800,0,0,3
engine_execution,resource_cancel_after_acquire,1,0,25,11000,0,0,3
engine_execution,resource_cancel_after_acquire,1,0,26,9700,0,0,3
engine_execution,resource_cancel_after_acquire,1,0,27,9400,0,0,3
engine_execution,resource_cancel_after_acquire,1,0,28,9400,0,0,3
engine_execution,resource_cancel_after_acquire,1,0,29,9000,0,0,3
engine_execution,resource_cancel_after_acquire,1,0,30,8700,0,0,3
engine_execution,resource_cancel_after_acquire,1,0,31,8500,0,0,3
engine_execution,resource_cancel_after_acquire,1,0,32,8800,0,0,3
engine_execution,resource_cancel_after_acquire,1,0,33,8700,0,0,3
engine_execution,resource_cancel_after_acquire,1,0,34,8700,0,0,3
engine_execution,resource_cancel_after_acquire,1,0,35,8900,0,0,3
engine_execution,resource_cancel_after_acquire,1,0,36,8800,0,0,3
engine_execution,resource_cancel_after_acquire,1,0,37,8700,0,0,3
engine_execution,resource_cancel_after_acquire,1,0,38,8800,0,0,3
engine_execution,resource_cancel_after_acquire,1,0,39,8800,0,0,3
engine_execution,effect_known_receipt,1,0,0,7800,0,0,1
engine_execution,effect_known_receipt,1,0,1,7700,0,0,0
engine_execution,effect_known_receipt,1,0,2,7900,0,0,3
engine_execution,effect_known_receipt,1,0,3,7600,0,0,2
engine_execution,effect_known_receipt,1,0,4,7800,0,0,5
engine_execution,effect_known_receipt,1,0,5,7900,0,0,4
engine_execution,effect_known_receipt,1,0,6,7800,0,0,7
engine_execution,effect_known_receipt,1,0,7,7600,0,0,6
engine_execution,effect_known_receipt,1,0,8,7800,0,0,9
engine_execution,effect_known_receipt,1,0,9,7900,0,0,8
engine_execution,effect_known_receipt,1,0,10,7800,0,0,11
engine_execution,effect_known_receipt,1,0,11,8000,0,0,10
engine_execution,effect_known_receipt,1,0,12,7800,0,0,13
engine_execution,effect_known_receipt,1,0,13,7800,0,0,12
engine_execution,effect_known_receipt,1,0,14,7800,0,0,15
engine_execution,effect_known_receipt,1,0,15,7900,0,0,14
engine_execution,effect_known_receipt,1,0,16,7900,0,0,17
engine_execution,effect_known_receipt,1,0,17,7700,0,0,16
engine_execution,effect_known_receipt,1,0,18,7800,0,0,19
engine_execution,effect_known_receipt,1,0,19,7800,0,0,18
engine_execution,effect_known_receipt,1,0,20,7800,0,0,21
engine_execution,effect_known_receipt,1,0,21,7800,0,0,20
engine_execution,effect_known_receipt,1,0,22,7700,0,0,23
engine_execution,effect_known_receipt,1,0,23,7700,0,0,22
engine_execution,effect_known_receipt,1,0,24,7800,0,0,25
engine_execution,effect_known_receipt,1,0,25,7800,0,0,24
engine_execution,effect_known_receipt,1,0,26,7800,0,0,27
engine_execution,effect_known_receipt,1,0,27,7700,0,0,26
engine_execution,effect_known_receipt,1,0,28,7700,0,0,29
engine_execution,effect_known_receipt,1,0,29,7800,0,0,28
engine_execution,effect_known_receipt,1,0,30,7700,0,0,31
engine_execution,effect_known_receipt,1,0,31,7600,0,0,30
engine_execution,effect_known_receipt,1,0,32,7700,0,0,33
engine_execution,effect_known_receipt,1,0,33,7900,0,0,32
engine_execution,effect_known_receipt,1,0,34,7900,0,0,35
engine_execution,effect_known_receipt,1,0,35,7500,0,0,34
engine_execution,effect_known_receipt,1,0,36,7800,0,0,37
engine_execution,effect_known_receipt,1,0,37,7800,0,0,36
engine_execution,effect_known_receipt,1,0,38,7900,0,0,39
engine_execution,effect_known_receipt,1,0,39,7700,0,0,38
engine_execution_alloc,effect_known_receipt,1,0,0,0,160,18493,23131
engine_execution,retry_one_failure,1,0,0,7900,0,0,1
engine_execution,retry_one_failure,1,0,1,8000,0,0,0
engine_execution,retry_one_failure,1,0,2,7900,0,0,3
engine_execution,retry_one_failure,1,0,3,8200,0,0,2
engine_execution,retry_one_failure,1,0,4,8000,0,0,5
engine_execution,retry_one_failure,1,0,5,8000,0,0,4
engine_execution,retry_one_failure,1,0,6,7900,0,0,7
engine_execution,retry_one_failure,1,0,7,7900,0,0,6
engine_execution,retry_one_failure,1,0,8,7900,0,0,9
engine_execution,retry_one_failure,1,0,9,7900,0,0,8
engine_execution,retry_one_failure,1,0,10,7800,0,0,11
engine_execution,retry_one_failure,1,0,11,8000,0,0,10
engine_execution,retry_one_failure,1,0,12,8100,0,0,13
engine_execution,retry_one_failure,1,0,13,8100,0,0,12
engine_execution,retry_one_failure,1,0,14,8000,0,0,15
engine_execution,retry_one_failure,1,0,15,8100,0,0,14
engine_execution,retry_one_failure,1,0,16,8100,0,0,17
engine_execution,retry_one_failure,1,0,17,8100,0,0,16
engine_execution,retry_one_failure,1,0,18,8000,0,0,19
engine_execution,retry_one_failure,1,0,19,7900,0,0,18
engine_execution,retry_one_failure,1,0,20,8200,0,0,21
engine_execution,retry_one_failure,1,0,21,8000,0,0,20
engine_execution,retry_one_failure,1,0,22,8100,0,0,23
engine_execution,retry_one_failure,1,0,23,7900,0,0,22
engine_execution,retry_one_failure,1,0,24,8100,0,0,25
engine_execution,retry_one_failure,1,0,25,8100,0,0,24
engine_execution,retry_one_failure,1,0,26,8100,0,0,27
engine_execution,retry_one_failure,1,0,27,8100,0,0,26
engine_execution,retry_one_failure,1,0,28,8300,0,0,29
engine_execution,retry_one_failure,1,0,29,8100,0,0,28
engine_execution,retry_one_failure,1,0,30,7900,0,0,31
engine_execution,retry_one_failure,1,0,31,8200,0,0,30
engine_execution,retry_one_failure,1,0,32,7800,0,0,33
engine_execution,retry_one_failure,1,0,33,7900,0,0,32
engine_execution,retry_one_failure,1,0,34,8000,0,0,35
engine_execution,retry_one_failure,1,0,35,8100,0,0,34
engine_execution,retry_one_failure,1,0,36,8200,0,0,37
engine_execution,retry_one_failure,1,0,37,8000,0,0,36
engine_execution,retry_one_failure,1,0,38,8100,0,0,39
engine_execution,retry_one_failure,1,0,39,8100,0,0,38
engine_execution_alloc,retry_one_failure,1,0,0,0,165,18872,23131
engine_execution,component_flat,10,9,0,32200,0,0,0
engine_execution,component_flat,10,9,1,31800,0,0,1
engine_execution,component_flat,10,9,2,31400,0,0,2
engine_execution,component_flat,10,9,3,31500,0,0,3
engine_execution,component_flat,10,9,4,31800,0,0,4
engine_execution,component_flat,10,9,5,31700,0,0,5
engine_execution,component_flat,10,9,6,31600,0,0,6
engine_execution,component_flat,10,9,7,31300,0,0,7
engine_execution,component_flat,10,9,8,31000,0,0,8
engine_execution,component_flat,10,9,9,31200,0,0,9
engine_execution,component_flat,10,9,10,32000,0,0,10
engine_execution,component_flat,10,9,11,31400,0,0,11
engine_execution,component_flat,10,9,12,31200,0,0,12
engine_execution,component_flat,10,9,13,31400,0,0,13
engine_execution,component_flat,10,9,14,31000,0,0,14
engine_execution,component_flat,10,9,15,30900,0,0,15
engine_execution,component_flat,10,9,16,31500,0,0,16
engine_execution,component_flat,10,9,17,31500,0,0,17
engine_execution,component_flat,10,9,18,31300,0,0,18
engine_execution,component_flat,10,9,19,31600,0,0,19
engine_execution,component_flat,10,9,20,31300,0,0,20
engine_execution,component_flat,10,9,21,31200,0,0,21
engine_execution,component_flat,10,9,22,31500,0,0,22
engine_execution,component_flat,10,9,23,31400,0,0,23
engine_execution,component_flat,10,9,24,31700,0,0,24
engine_execution,component_flat,10,9,25,32200,0,0,25
engine_execution,component_flat,10,9,26,31300,0,0,26
engine_execution,component_flat,10,9,27,31100,0,0,27
engine_execution,component_flat,10,9,28,32800,0,0,28
engine_execution,component_flat,10,9,29,34100,0,0,29
engine_execution,component_flat,10,9,30,32400,0,0,30
engine_execution,component_flat,10,9,31,31300,0,0,31
engine_execution,component_flat,10,9,32,31400,0,0,32
engine_execution,component_flat,10,9,33,31600,0,0,33
engine_execution,component_flat,10,9,34,31100,0,0,34
engine_execution,component_flat,10,9,35,31600,0,0,35
engine_execution,component_flat,10,9,36,31500,0,0,36
engine_execution,component_flat,10,9,37,31400,0,0,37
engine_execution,component_flat,10,9,38,31400,0,0,38
engine_execution,component_flat,10,9,39,31300,0,0,39
engine_execution_alloc,component_flat,10,9,0,0,654,66045,23130
engine_execution,component_nested,13,12,0,44500,0,0,0
engine_execution,component_nested,13,12,1,43800,0,0,1
engine_execution,component_nested,13,12,2,44200,0,0,2
engine_execution,component_nested,13,12,3,42500,0,0,3
engine_execution,component_nested,13,12,4,43300,0,0,4
engine_execution,component_nested,13,12,5,45400,0,0,5
engine_execution,component_nested,13,12,6,43100,0,0,6
engine_execution,component_nested,13,12,7,44100,0,0,7
engine_execution,component_nested,13,12,8,43600,0,0,8
engine_execution,component_nested,13,12,9,43500,0,0,9
engine_execution,component_nested,13,12,10,42200,0,0,10
engine_execution,component_nested,13,12,11,42400,0,0,11
engine_execution,component_nested,13,12,12,42200,0,0,12
engine_execution,component_nested,13,12,13,42200,0,0,13
engine_execution,component_nested,13,12,14,42200,0,0,14
engine_execution,component_nested,13,12,15,42500,0,0,15
engine_execution,component_nested,13,12,16,42100,0,0,16
engine_execution,component_nested,13,12,17,42100,0,0,17
engine_execution,component_nested,13,12,18,42500,0,0,18
engine_execution,component_nested,13,12,19,42900,0,0,19
engine_execution,component_nested,13,12,20,42700,0,0,20
engine_execution,component_nested,13,12,21,42600,0,0,21
engine_execution,component_nested,13,12,22,41900,0,0,22
engine_execution,component_nested,13,12,23,42500,0,0,23
engine_execution,component_nested,13,12,24,42200,0,0,24
engine_execution,component_nested,13,12,25,44400,0,0,25
engine_execution,component_nested,13,12,26,42200,0,0,26
engine_execution,component_nested,13,12,27,46900,0,0,27
engine_execution,component_nested,13,12,28,45100,0,0,28
engine_execution,component_nested,13,12,29,48200,0,0,29
engine_execution,component_nested,13,12,30,46000,0,0,30
engine_execution,component_nested,13,12,31,41900,0,0,31
engine_execution,component_nested,13,12,32,43000,0,0,32
engine_execution,component_nested,13,12,33,43800,0,0,33
engine_execution,component_nested,13,12,34,43800,0,0,34
engine_execution,component_nested,13,12,35,43500,0,0,35
engine_execution,component_nested,13,12,36,43400,0,0,36
engine_execution,component_nested,13,12,37,43200,0,0,37
engine_execution,component_nested,13,12,38,43600,0,0,38
engine_execution,component_nested,13,12,39,43300,0,0,39
engine_execution_alloc,component_nested,13,12,0,0,983,82379,23130
engine_execution,component_flat,100,99,0,350700,0,0,1
engine_execution,component_flat,100,99,1,356000,0,0,0
engine_execution,component_flat,100,99,2,352600,0,0,3
engine_execution,component_flat,100,99,3,374700,0,0,2
engine_execution,component_flat,100,99,4,342300,0,0,5
engine_execution,component_flat,100,99,5,339200,0,0,4
engine_execution,component_flat,100,99,6,344800,0,0,7
engine_execution,component_flat,100,99,7,353200,0,0,6
engine_execution,component_flat,100,99,8,354100,0,0,9
engine_execution,component_flat,100,99,9,364000,0,0,8
engine_execution,component_flat,100,99,10,348700,0,0,11
engine_execution,component_flat,100,99,11,353100,0,0,10
engine_execution,component_flat,100,99,12,352100,0,0,13
engine_execution,component_flat,100,99,13,351100,0,0,12
engine_execution,component_flat,100,99,14,350400,0,0,15
engine_execution,component_flat,100,99,15,356600,0,0,14
engine_execution,component_flat,100,99,16,347600,0,0,17
engine_execution,component_flat,100,99,17,355200,0,0,16
engine_execution,component_flat,100,99,18,358200,0,0,19
engine_execution,component_flat,100,99,19,354700,0,0,18
engine_execution,component_flat,100,99,20,357200,0,0,21
engine_execution,component_flat,100,99,21,369600,0,0,20
engine_execution,component_flat,100,99,22,460300,0,0,23
engine_execution,component_flat,100,99,23,352100,0,0,22
engine_execution,component_flat,100,99,24,361400,0,0,25
engine_execution,component_flat,100,99,25,355300,0,0,24
engine_execution,component_flat,100,99,26,354000,0,0,27
engine_execution,component_flat,100,99,27,348800,0,0,26
engine_execution,component_flat,100,99,28,349400,0,0,29
engine_execution,component_flat,100,99,29,357300,0,0,28
engine_execution,component_flat,100,99,30,348700,0,0,31
engine_execution,component_flat,100,99,31,357700,0,0,30
engine_execution,component_flat,100,99,32,352200,0,0,33
engine_execution,component_flat,100,99,33,352100,0,0,32
engine_execution,component_flat,100,99,34,360100,0,0,35
engine_execution,component_flat,100,99,35,350500,0,0,34
engine_execution,component_flat,100,99,36,346900,0,0,37
engine_execution,component_flat,100,99,37,351600,0,0,36
engine_execution,component_flat,100,99,38,340900,0,0,39
engine_execution,component_flat,100,99,39,349400,0,0,38
engine_execution_alloc,component_flat,100,99,0,0,5983,769191,23131
engine_execution,component_nested,103,102,0,413200,0,0,1
engine_execution,component_nested,103,102,1,405100,0,0,0
engine_execution,component_nested,103,102,2,419000,0,0,3
engine_execution,component_nested,103,102,3,403400,0,0,2
engine_execution,component_nested,103,102,4,390700,0,0,5
engine_execution,component_nested,103,102,5,431400,0,0,4
engine_execution,component_nested,103,102,6,408300,0,0,7
engine_execution,component_nested,103,102,7,414100,0,0,6
engine_execution,component_nested,103,102,8,433300,0,0,9
engine_execution,component_nested,103,102,9,553200,0,0,8
engine_execution,component_nested,103,102,10,405900,0,0,11
engine_execution,component_nested,103,102,11,402000,0,0,10
engine_execution,component_nested,103,102,12,411500,0,0,13
engine_execution,component_nested,103,102,13,405700,0,0,12
engine_execution,component_nested,103,102,14,417900,0,0,15
engine_execution,component_nested,103,102,15,405700,0,0,14
engine_execution,component_nested,103,102,16,402500,0,0,17
engine_execution,component_nested,103,102,17,405800,0,0,16
engine_execution,component_nested,103,102,18,387400,0,0,19
engine_execution,component_nested,103,102,19,393300,0,0,18
engine_execution,component_nested,103,102,20,403000,0,0,21
engine_execution,component_nested,103,102,21,404000,0,0,20
engine_execution,component_nested,103,102,22,407400,0,0,23
engine_execution,component_nested,103,102,23,398900,0,0,22
engine_execution,component_nested,103,102,24,407800,0,0,25
engine_execution,component_nested,103,102,25,409600,0,0,24
engine_execution,component_nested,103,102,26,408600,0,0,27
engine_execution,component_nested,103,102,27,405100,0,0,26
engine_execution,component_nested,103,102,28,405100,0,0,29
engine_execution,component_nested,103,102,29,408600,0,0,28
engine_execution,component_nested,103,102,30,402600,0,0,31
engine_execution,component_nested,103,102,31,394000,0,0,30
engine_execution,component_nested,103,102,32,417300,0,0,33
engine_execution,component_nested,103,102,33,393900,0,0,32
engine_execution,component_nested,103,102,34,407500,0,0,35
engine_execution,component_nested,103,102,35,403200,0,0,34
engine_execution,component_nested,103,102,36,409200,0,0,37
engine_execution,component_nested,103,102,37,401500,0,0,36
engine_execution,component_nested,103,102,38,404900,0,0,39
engine_execution,component_nested,103,102,39,408300,0,0,38
engine_execution_alloc,component_nested,103,102,0,0,7482,838445,23131
engine_execution,resident_ready_shutdown,1,0,0,8300,0,0,1
engine_execution,resident_ready_shutdown,1,0,1,8300,0,0,1
engine_execution,resident_ready_shutdown,1,0,2,8300,0,0,1
engine_execution,resident_ready_shutdown,1,0,3,8500,0,0,1
engine_execution,resident_ready_shutdown,1,0,4,8500,0,0,1
engine_execution,resident_ready_shutdown,1,0,5,8400,0,0,1
engine_execution,resident_ready_shutdown,1,0,6,8100,0,0,1
engine_execution,resident_ready_shutdown,1,0,7,8200,0,0,1
engine_execution,resident_ready_shutdown,1,0,8,7900,0,0,1
engine_execution,resident_ready_shutdown,1,0,9,8100,0,0,1
engine_execution,resident_ready_shutdown,1,0,10,8000,0,0,1
engine_execution,resident_ready_shutdown,1,0,11,8000,0,0,1
engine_execution,resident_ready_shutdown,1,0,12,8000,0,0,1
engine_execution,resident_ready_shutdown,1,0,13,8000,0,0,1
engine_execution,resident_ready_shutdown,1,0,14,8200,0,0,1
engine_execution,resident_ready_shutdown,1,0,15,8500,0,0,1
engine_execution,resident_ready_shutdown,1,0,16,8200,0,0,1
engine_execution,resident_ready_shutdown,1,0,17,8100,0,0,1
engine_execution,resident_ready_shutdown,1,0,18,8000,0,0,1
engine_execution,resident_ready_shutdown,1,0,19,8100,0,0,1
engine_execution,resident_ready_shutdown,1,0,20,8100,0,0,1
engine_execution,resident_ready_shutdown,1,0,21,8000,0,0,1
engine_execution,resident_ready_shutdown,1,0,22,19600,0,0,1
engine_execution,resident_ready_shutdown,1,0,23,8400,0,0,1
engine_execution,resident_ready_shutdown,1,0,24,8100,0,0,1
engine_execution,resident_ready_shutdown,1,0,25,8300,0,0,1
engine_execution,resident_ready_shutdown,1,0,26,8200,0,0,1
engine_execution,resident_ready_shutdown,1,0,27,8300,0,0,1
engine_execution,resident_ready_shutdown,1,0,28,8200,0,0,1
engine_execution,resident_ready_shutdown,1,0,29,8000,0,0,1
engine_execution,resident_ready_shutdown,1,0,30,8100,0,0,1
engine_execution,resident_ready_shutdown,1,0,31,8300,0,0,1
engine_execution,resident_ready_shutdown,1,0,32,8100,0,0,1
engine_execution,resident_ready_shutdown,1,0,33,8100,0,0,1
engine_execution,resident_ready_shutdown,1,0,34,8200,0,0,1
engine_execution,resident_ready_shutdown,1,0,35,8200,0,0,1
engine_execution,resident_ready_shutdown,1,0,36,8200,0,0,1
engine_execution,resident_ready_shutdown,1,0,37,8100,0,0,1
engine_execution,resident_ready_shutdown,1,0,38,8200,0,0,1
engine_execution,resident_ready_shutdown,1,0,39,8100,0,0,1
engine_execution,dynamic_live_instances_1,3,2,0,31500,0,0,0
engine_execution,dynamic_live_instances_1,3,2,1,29200,0,0,0
engine_execution,dynamic_live_instances_1,3,2,2,28800,0,0,0
engine_execution,dynamic_live_instances_1,3,2,3,29200,0,0,0
engine_execution,dynamic_live_instances_1,3,2,4,29500,0,0,0
engine_execution,dynamic_live_instances_1,3,2,5,29000,0,0,0
engine_execution,dynamic_live_instances_1,3,2,6,29400,0,0,0
engine_execution,dynamic_live_instances_1,3,2,7,28900,0,0,0
engine_execution,dynamic_live_instances_1,3,2,8,28200,0,0,0
engine_execution,dynamic_live_instances_1,3,2,9,29100,0,0,0
engine_execution,dynamic_live_instances_1,3,2,10,28900,0,0,0
engine_execution,dynamic_live_instances_1,3,2,11,28900,0,0,0
engine_execution,dynamic_live_instances_1,3,2,12,28600,0,0,0
engine_execution,dynamic_live_instances_1,3,2,13,29400,0,0,0
engine_execution,dynamic_live_instances_1,3,2,14,29200,0,0,0
engine_execution,dynamic_live_instances_1,3,2,15,30200,0,0,0
engine_execution,dynamic_live_instances_1,3,2,16,29100,0,0,0
engine_execution,dynamic_live_instances_1,3,2,17,28800,0,0,0
engine_execution,dynamic_live_instances_1,3,2,18,28600,0,0,0
engine_execution,dynamic_live_instances_1,3,2,19,32100,0,0,0
engine_execution,dynamic_live_instances_1,3,2,20,28900,0,0,0
engine_execution,dynamic_live_instances_1,3,2,21,28600,0,0,0
engine_execution,dynamic_live_instances_1,3,2,22,28600,0,0,0
engine_execution,dynamic_live_instances_1,3,2,23,27900,0,0,0
engine_execution,dynamic_live_instances_1,3,2,24,28500,0,0,0
engine_execution,dynamic_live_instances_1,3,2,25,28500,0,0,0
engine_execution,dynamic_live_instances_1,3,2,26,28500,0,0,0
engine_execution,dynamic_live_instances_1,3,2,27,28600,0,0,0
engine_execution,dynamic_live_instances_1,3,2,28,28700,0,0,0
engine_execution,dynamic_live_instances_1,3,2,29,28600,0,0,0
engine_execution,dynamic_live_instances_1,3,2,30,29800,0,0,0
engine_execution,dynamic_live_instances_1,3,2,31,28500,0,0,0
engine_execution,dynamic_live_instances_1,3,2,32,28400,0,0,0
engine_execution,dynamic_live_instances_1,3,2,33,28300,0,0,0
engine_execution,dynamic_live_instances_1,3,2,34,28400,0,0,0
engine_execution,dynamic_live_instances_1,3,2,35,28500,0,0,0
engine_execution,dynamic_live_instances_1,3,2,36,28300,0,0,0
engine_execution,dynamic_live_instances_1,3,2,37,28400,0,0,0
engine_execution,dynamic_live_instances_1,3,2,38,27800,0,0,0
engine_execution,dynamic_live_instances_1,3,2,39,27900,0,0,0
engine_execution_alloc,dynamic_live_instances_1,3,2,1,0,604,56109,0
engine_execution,dynamic_live_instances_10,3,2,0,226100,0,0,11
engine_execution,dynamic_live_instances_10,3,2,1,221800,0,0,11
engine_execution,dynamic_live_instances_10,3,2,2,237900,0,0,11
engine_execution,dynamic_live_instances_10,3,2,3,271700,0,0,11
engine_execution,dynamic_live_instances_10,3,2,4,241500,0,0,11
engine_execution,dynamic_live_instances_10,3,2,5,224500,0,0,11
engine_execution,dynamic_live_instances_10,3,2,6,231400,0,0,11
engine_execution,dynamic_live_instances_10,3,2,7,222200,0,0,11
engine_execution,dynamic_live_instances_10,3,2,8,223300,0,0,11
engine_execution,dynamic_live_instances_10,3,2,9,220900,0,0,11
engine_execution,dynamic_live_instances_10,3,2,10,225900,0,0,11
engine_execution,dynamic_live_instances_10,3,2,11,221600,0,0,11
engine_execution,dynamic_live_instances_10,3,2,12,220300,0,0,11
engine_execution,dynamic_live_instances_10,3,2,13,217600,0,0,11
engine_execution,dynamic_live_instances_10,3,2,14,219800,0,0,11
engine_execution,dynamic_live_instances_10,3,2,15,223100,0,0,11
engine_execution,dynamic_live_instances_10,3,2,16,221000,0,0,11
engine_execution,dynamic_live_instances_10,3,2,17,213500,0,0,11
engine_execution,dynamic_live_instances_10,3,2,18,211500,0,0,11
engine_execution,dynamic_live_instances_10,3,2,19,214400,0,0,11
engine_execution,dynamic_live_instances_10,3,2,20,212600,0,0,11
engine_execution,dynamic_live_instances_10,3,2,21,214400,0,0,11
engine_execution,dynamic_live_instances_10,3,2,22,214700,0,0,11
engine_execution,dynamic_live_instances_10,3,2,23,218100,0,0,11
engine_execution,dynamic_live_instances_10,3,2,24,228700,0,0,11
engine_execution,dynamic_live_instances_10,3,2,25,218000,0,0,11
engine_execution,dynamic_live_instances_10,3,2,26,219500,0,0,11
engine_execution,dynamic_live_instances_10,3,2,27,218000,0,0,11
engine_execution,dynamic_live_instances_10,3,2,28,217100,0,0,11
engine_execution,dynamic_live_instances_10,3,2,29,224000,0,0,11
engine_execution,dynamic_live_instances_10,3,2,30,221400,0,0,11
engine_execution,dynamic_live_instances_10,3,2,31,217300,0,0,11
engine_execution,dynamic_live_instances_10,3,2,32,218800,0,0,11
engine_execution,dynamic_live_instances_10,3,2,33,221200,0,0,11
engine_execution,dynamic_live_instances_10,3,2,34,219900,0,0,11
engine_execution,dynamic_live_instances_10,3,2,35,224100,0,0,11
engine_execution,dynamic_live_instances_10,3,2,36,219000,0,0,11
engine_execution,dynamic_live_instances_10,3,2,37,219400,0,0,11
engine_execution,dynamic_live_instances_10,3,2,38,228000,0,0,11
engine_execution,dynamic_live_instances_10,3,2,39,219600,0,0,11
engine_execution_alloc,dynamic_live_instances_10,3,2,10,0,4361,400384,11
engine_execution,dynamic_live_instances_100,3,2,0,5097100,0,0,101
engine_execution,dynamic_live_instances_100,3,2,1,5141900,0,0,101
engine_execution,dynamic_live_instances_100,3,2,2,5241900,0,0,101
engine_execution,dynamic_live_instances_100,3,2,3,5428800,0,0,101
engine_execution,dynamic_live_instances_100,3,2,4,5423700,0,0,101
engine_execution,dynamic_live_instances_100,3,2,5,5409200,0,0,101
engine_execution,dynamic_live_instances_100,3,2,6,5133000,0,0,101
engine_execution,dynamic_live_instances_100,3,2,7,5178000,0,0,101
engine_execution,dynamic_live_instances_100,3,2,8,5164500,0,0,101
engine_execution,dynamic_live_instances_100,3,2,9,5159400,0,0,101
engine_execution,dynamic_live_instances_100,3,2,10,5108400,0,0,101
engine_execution,dynamic_live_instances_100,3,2,11,5231700,0,0,101
engine_execution,dynamic_live_instances_100,3,2,12,5233300,0,0,101
engine_execution,dynamic_live_instances_100,3,2,13,5238400,0,0,101
engine_execution,dynamic_live_instances_100,3,2,14,5196700,0,0,101
engine_execution,dynamic_live_instances_100,3,2,15,5102300,0,0,101
engine_execution,dynamic_live_instances_100,3,2,16,4683400,0,0,101
engine_execution,dynamic_live_instances_100,3,2,17,5322700,0,0,101
engine_execution,dynamic_live_instances_100,3,2,18,4692800,0,0,101
engine_execution,dynamic_live_instances_100,3,2,19,5273300,0,0,101
engine_execution,dynamic_live_instances_100,3,2,20,4717900,0,0,101
engine_execution,dynamic_live_instances_100,3,2,21,5123900,0,0,101
engine_execution,dynamic_live_instances_100,3,2,22,4663700,0,0,101
engine_execution,dynamic_live_instances_100,3,2,23,5168200,0,0,101
engine_execution,dynamic_live_instances_100,3,2,24,4704000,0,0,101
engine_execution,dynamic_live_instances_100,3,2,25,5099400,0,0,101
engine_execution,dynamic_live_instances_100,3,2,26,4597700,0,0,101
engine_execution,dynamic_live_instances_100,3,2,27,4525800,0,0,101
engine_execution,dynamic_live_instances_100,3,2,28,5102700,0,0,101
engine_execution,dynamic_live_instances_100,3,2,29,4814800,0,0,101
engine_execution,dynamic_live_instances_100,3,2,30,5063100,0,0,101
engine_execution,dynamic_live_instances_100,3,2,31,4612500,0,0,101
engine_execution,dynamic_live_instances_100,3,2,32,4665200,0,0,101
engine_execution,dynamic_live_instances_100,3,2,33,5132000,0,0,101
engine_execution,dynamic_live_instances_100,3,2,34,4572000,0,0,101
engine_execution,dynamic_live_instances_100,3,2,35,4563200,0,0,101
engine_execution,dynamic_live_instances_100,3,2,36,4579700,0,0,101
engine_execution,dynamic_live_instances_100,3,2,37,5188200,0,0,101
engine_execution,dynamic_live_instances_100,3,2,38,4574000,0,0,101
engine_execution,dynamic_live_instances_100,3,2,39,5172400,0,0,101
engine_execution_alloc,dynamic_live_instances_100,3,2,100,0,68512,6238670,101
engine_execution,trace_default,100,99,0,350400,0,0,1
engine_execution,trace_default,100,99,1,358300,0,0,0
engine_execution,trace_default,100,99,2,355200,0,0,3
engine_execution,trace_default,100,99,3,353100,0,0,2
engine_execution,trace_default,100,99,4,348000,0,0,5
engine_execution,trace_default,100,99,5,334500,0,0,4
engine_execution,trace_default,100,99,6,344200,0,0,7
engine_execution,trace_default,100,99,7,401000,0,0,6
engine_execution,trace_default,100,99,8,356700,0,0,9
engine_execution,trace_default,100,99,9,346700,0,0,8
engine_execution,trace_default,100,99,10,358200,0,0,11
engine_execution,trace_default,100,99,11,349300,0,0,10
engine_execution,trace_default,100,99,12,349100,0,0,13
engine_execution,trace_default,100,99,13,355500,0,0,12
engine_execution,trace_default,100,99,14,348600,0,0,15
engine_execution,trace_default,100,99,15,354400,0,0,14
engine_execution,trace_default,100,99,16,348800,0,0,17
engine_execution,trace_default,100,99,17,351700,0,0,16
engine_execution,trace_default,100,99,18,360800,0,0,19
engine_execution,trace_default,100,99,19,350300,0,0,18
engine_execution,trace_default,100,99,20,350500,0,0,21
engine_execution,trace_default,100,99,21,360700,0,0,20
engine_execution,trace_default,100,99,22,336400,0,0,23
engine_execution,trace_default,100,99,23,334900,0,0,22
engine_execution,trace_default,100,99,24,356000,0,0,25
engine_execution,trace_default,100,99,25,350000,0,0,24
engine_execution,trace_default,100,99,26,352900,0,0,27
engine_execution,trace_default,100,99,27,355100,0,0,26
engine_execution,trace_default,100,99,28,349300,0,0,29
engine_execution,trace_default,100,99,29,346900,0,0,28
engine_execution,trace_default,100,99,30,352300,0,0,31
engine_execution,trace_default,100,99,31,346200,0,0,30
engine_execution,trace_default,100,99,32,348200,0,0,33
engine_execution,trace_default,100,99,33,352300,0,0,32
engine_execution,trace_default,100,99,34,347700,0,0,35
engine_execution,trace_default,100,99,35,352100,0,0,34
engine_execution,trace_default,100,99,36,350100,0,0,37
engine_execution,trace_default,100,99,37,347700,0,0,36
engine_execution,trace_default,100,99,38,357200,0,0,39
engine_execution,trace_default,100,99,39,347000,0,0,38
engine_execution_alloc,trace_default,100,99,0,0,5983,769191,23131
engine_execution,trace_observer,100,99,0,348800,0,0,1
engine_execution,trace_observer,100,99,1,359200,0,0,0
engine_execution,trace_observer,100,99,2,349700,0,0,3
engine_execution,trace_observer,100,99,3,354800,0,0,2
engine_execution,trace_observer,100,99,4,349800,0,0,5
engine_execution,trace_observer,100,99,5,350200,0,0,4
engine_execution,trace_observer,100,99,6,350000,0,0,7
engine_execution,trace_observer,100,99,7,336400,0,0,6
engine_execution,trace_observer,100,99,8,349200,0,0,9
engine_execution,trace_observer,100,99,9,357000,0,0,8
engine_execution,trace_observer,100,99,10,347700,0,0,11
engine_execution,trace_observer,100,99,11,346900,0,0,10
engine_execution,trace_observer,100,99,12,345000,0,0,13
engine_execution,trace_observer,100,99,13,348400,0,0,12
engine_execution,trace_observer,100,99,14,349000,0,0,15
engine_execution,trace_observer,100,99,15,356500,0,0,14
engine_execution,trace_observer,100,99,16,352100,0,0,17
engine_execution,trace_observer,100,99,17,351900,0,0,16
engine_execution,trace_observer,100,99,18,380300,0,0,19
engine_execution,trace_observer,100,99,19,347700,0,0,18
engine_execution,trace_observer,100,99,20,351500,0,0,21
engine_execution,trace_observer,100,99,21,347400,0,0,20
engine_execution,trace_observer,100,99,22,360300,0,0,23
engine_execution,trace_observer,100,99,23,360600,0,0,22
engine_execution,trace_observer,100,99,24,355700,0,0,25
engine_execution,trace_observer,100,99,25,363300,0,0,24
engine_execution,trace_observer,100,99,26,363200,0,0,27
engine_execution,trace_observer,100,99,27,351300,0,0,26
engine_execution,trace_observer,100,99,28,350500,0,0,29
engine_execution,trace_observer,100,99,29,355300,0,0,28
engine_execution,trace_observer,100,99,30,350300,0,0,31
engine_execution,trace_observer,100,99,31,349200,0,0,30
engine_execution,trace_observer,100,99,32,356300,0,0,33
engine_execution,trace_observer,100,99,33,351400,0,0,32
engine_execution,trace_observer,100,99,34,350200,0,0,35
engine_execution,trace_observer,100,99,35,352000,0,0,34
engine_execution,trace_observer,100,99,36,348200,0,0,37
engine_execution,trace_observer,100,99,37,355600,0,0,36
engine_execution,trace_observer,100,99,38,358700,0,0,39
engine_execution,trace_observer,100,99,39,356400,0,0,38
engine_execution_alloc,trace_observer,100,99,0,0,5983,769191,23131
representative_application,application_hash_sdax,10,9,0,29000,0,0,8827501768403342007
representative_application,application_hash_sdax,10,9,1,28800,0,0,8951258580674472749
representative_application,application_hash_sdax,10,9,2,28900,0,0,18157584738022301124
representative_application,application_hash_sdax,10,9,3,29000,0,0,16093298964628915617
representative_application,application_hash_sdax,10,9,4,29200,0,0,4338024545885762412
representative_application,application_hash_sdax,10,9,5,29200,0,0,4989613096480112062
representative_application,application_hash_sdax,10,9,6,29800,0,0,14756605482753659039
representative_application,application_hash_sdax,10,9,7,29200,0,0,48615153832195890
representative_application,application_hash_sdax,10,9,8,29500,0,0,12897547982939568865
representative_application,application_hash_sdax,10,9,9,29700,0,0,6455468052857312123
representative_application,application_hash_sdax,10,9,10,29600,0,0,7461994257773924098
representative_application,application_hash_sdax,10,9,11,29700,0,0,3636896381673253623
representative_application,application_hash_sdax,10,9,12,29500,0,0,6793413810667899076
representative_application,application_hash_sdax,10,9,13,29600,0,0,12277190981714708308
representative_application,application_hash_sdax,10,9,14,29000,0,0,9683030269895486545
representative_application,application_hash_sdax,10,9,15,29200,0,0,9383150768291419922
representative_application,application_hash_sdax,10,9,16,29500,0,0,11312423361794011584
representative_application,application_hash_sdax,10,9,17,29300,0,0,18128183083347417488
representative_application,application_hash_sdax,10,9,18,108700,0,0,12087555839788357172
representative_application,application_hash_sdax,10,9,19,32000,0,0,13041129334982073488
representative_application,application_hash_sdax,10,9,20,30700,0,0,8384464984104957687
representative_application,application_hash_sdax,10,9,21,30900,0,0,10868783110269989825
representative_application,application_hash_sdax,10,9,22,30300,0,0,15668235844036064711
representative_application,application_hash_sdax,10,9,23,30600,0,0,4013874171971043560
representative_application,application_hash_sdax,10,9,24,31500,0,0,4203571749175062306
representative_application,application_hash_sdax,10,9,25,31100,0,0,10926854856726577928
representative_application,application_hash_sdax,10,9,26,30300,0,0,16212662351989052772
representative_application,application_hash_sdax,10,9,27,30300,0,0,11560519827294593319
representative_application,application_hash_sdax,10,9,28,30500,0,0,7617103062409141563
representative_application,application_hash_sdax,10,9,29,30200,0,0,15838086077383948403
representative_application,application_hash_sdax,10,9,30,30300,0,0,8116776606867456652
representative_application,application_hash_sdax,10,9,31,30600,0,0,11359474695907197805
representative_application,application_hash_sdax,10,9,32,31000,0,0,9168736860549268637
representative_application,application_hash_sdax,10,9,33,30800,0,0,16764612828771598240
representative_application,application_hash_sdax,10,9,34,30700,0,0,14255204493723425259
representative_application,application_hash_sdax,10,9,35,30800,0,0,3518369773145393400
representative_application,application_hash_sdax,10,9,36,30500,0,0,8965317550446050729
representative_application,application_hash_sdax,10,9,37,30100,0,0,16665962306655849748
representative_application,application_hash_sdax,10,9,38,30100,0,0,13342058531664200426
representative_application,application_hash_sdax,10,9,39,30200,0,0,18112928529687244317
representative_application_alloc,application_hash_sdax,10,9,0,0,654,66354,17601881740522758837
representative_application,application_hash_handwritten,10,9,0,600,0,0,8827501768403342006
representative_application,application_hash_handwritten,10,9,1,500,0,0,8951258580674472748
representative_application,application_hash_handwritten,10,9,2,600,0,0,18157584738022301125
representative_application,application_hash_handwritten,10,9,3,600,0,0,16093298964628915616
representative_application,application_hash_handwritten,10,9,4,600,0,0,4338024545885762413
representative_application,application_hash_handwritten,10,9,5,600,0,0,4989613096480112063
representative_application,application_hash_handwritten,10,9,6,600,0,0,14756605482753659038
representative_application,application_hash_handwritten,10,9,7,600,0,0,48615153832195891
representative_application,application_hash_handwritten,10,9,8,600,0,0,12897547982939568864
representative_application,application_hash_handwritten,10,9,9,600,0,0,6455468052857312122
representative_application,application_hash_handwritten,10,9,10,600,0,0,7461994257773924099
representative_application,application_hash_handwritten,10,9,11,600,0,0,3636896381673253622
representative_application,application_hash_handwritten,10,9,12,600,0,0,6793413810667899077
representative_application,application_hash_handwritten,10,9,13,600,0,0,12277190981714708309
representative_application,application_hash_handwritten,10,9,14,600,0,0,9683030269895486544
representative_application,application_hash_handwritten,10,9,15,600,0,0,9383150768291419923
representative_application,application_hash_handwritten,10,9,16,500,0,0,11312423361794011585
representative_application,application_hash_handwritten,10,9,17,500,0,0,18128183083347417489
representative_application,application_hash_handwritten,10,9,18,500,0,0,12087555839788357173
representative_application,application_hash_handwritten,10,9,19,500,0,0,13041129334982073489
representative_application,application_hash_handwritten,10,9,20,500,0,0,8384464984104957686
representative_application,application_hash_handwritten,10,9,21,600,0,0,10868783110269989824
representative_application,application_hash_handwritten,10,9,22,600,0,0,15668235844036064710
representative_application,application_hash_handwritten,10,9,23,600,0,0,4013874171971043561
representative_application,application_hash_handwritten,10,9,24,600,0,0,4203571749175062307
representative_application,application_hash_handwritten,10,9,25,600,0,0,10926854856726577929
representative_application,application_hash_handwritten,10,9,26,600,0,0,16212662351989052773
representative_application,application_hash_handwritten,10,9,27,600,0,0,11560519827294593318
representative_application,application_hash_handwritten,10,9,28,600,0,0,7617103062409141562
representative_application,application_hash_handwritten,10,9,29,600,0,0,15838086077383948402
representative_application,application_hash_handwritten,10,9,30,600,0,0,8116776606867456653
representative_application,application_hash_handwritten,10,9,31,600,0,0,11359474695907197804
representative_application,application_hash_handwritten,10,9,32,600,0,0,9168736860549268636
representative_application,application_hash_handwritten,10,9,33,600,0,0,16764612828771598241
representative_application,application_hash_handwritten,10,9,34,500,0,0,14255204493723425258
representative_application,application_hash_handwritten,10,9,35,500,0,0,3518369773145393401
representative_application,application_hash_handwritten,10,9,36,500,0,0,8965317550446050728
representative_application,application_hash_handwritten,10,9,37,500,0,0,16665962306655849749
representative_application,application_hash_handwritten,10,9,38,500,0,0,13342058531664200427
representative_application,application_hash_handwritten,10,9,39,500,0,0,18112928529687244316
representative_application,application_hash_sdax,100,99,0,357400,0,0,11698499080773063169
representative_application,application_hash_sdax,100,99,1,353200,0,0,1167273700599470746
representative_application,application_hash_sdax,100,99,2,356700,0,0,230717062559681466
representative_application,application_hash_sdax,100,99,3,359300,0,0,13461277124864170951
representative_application,application_hash_sdax,100,99,4,355300,0,0,1843089491647656604
representative_application,application_hash_sdax,100,99,5,364100,0,0,1884400405866327554
representative_application,application_hash_sdax,100,99,6,351300,0,0,15657071968087079792
representative_application,application_hash_sdax,100,99,7,352400,0,0,8136226820520416651
representative_application,application_hash_sdax,100,99,8,367500,0,0,9211086410723557827
representative_application,application_hash_sdax,100,99,9,359400,0,0,3206438314367023030
representative_application,application_hash_sdax,100,99,10,354300,0,0,5368241661201366769
representative_application,application_hash_sdax,100,99,11,359200,0,0,6168939717596367288
representative_application,application_hash_sdax,100,99,12,351300,0,0,14206662131410471245
representative_application,application_hash_sdax,100,99,13,358600,0,0,13119166869922341979
representative_application,application_hash_sdax,100,99,14,365300,0,0,13832537443924736586
representative_application,application_hash_sdax,100,99,15,352200,0,0,10215951684877506974
representative_application,application_hash_sdax,100,99,16,363200,0,0,5034229283543529572
representative_application,application_hash_sdax,100,99,17,353400,0,0,14677823012927430832
representative_application,application_hash_sdax,100,99,18,353100,0,0,13894612964717701903
representative_application,application_hash_sdax,100,99,19,354400,0,0,15583721593309401490
representative_application,application_hash_sdax,100,99,20,344700,0,0,6418842662590208827
representative_application,application_hash_sdax,100,99,21,339700,0,0,13631435880641776915
representative_application,application_hash_sdax,100,99,22,362400,0,0,17183653852698357092
representative_application,application_hash_sdax,100,99,23,356500,0,0,9274972455216937604
representative_application,application_hash_sdax,100,99,24,349300,0,0,9355792106790873694
representative_application,application_hash_sdax,100,99,25,367300,0,0,6870977820890846112
representative_application,application_hash_sdax,100,99,26,357900,0,0,7356228651156183227
representative_application,application_hash_sdax,100,99,27,353300,0,0,6496560239278517594
representative_application,application_hash_sdax,100,99,28,358400,0,0,1600470374967907333
representative_application,application_hash_sdax,100,99,29,350700,0,0,7749396622089507156
representative_application,application_hash_sdax,100,99,30,355900,0,0,5914597544721144955
representative_application,application_hash_sdax,100,99,31,360100,0,0,8593148281290798141
representative_application,application_hash_sdax,100,99,32,351200,0,0,17312262507819578044
representative_application,application_hash_sdax,100,99,33,355700,0,0,8449402800832754809
representative_application,application_hash_sdax,100,99,34,351400,0,0,3614604414420252231
representative_application,application_hash_sdax,100,99,35,353100,0,0,2366660716473973819
representative_application,application_hash_sdax,100,99,36,346700,0,0,8524431054321544385
representative_application,application_hash_sdax,100,99,37,351800,0,0,11652126080490940143
representative_application,application_hash_sdax,100,99,38,355100,0,0,7153169922785203679
representative_application,application_hash_sdax,100,99,39,360200,0,0,6082470906507506695
representative_application_alloc,application_hash_sdax,100,99,0,0,5983,772740,4889995614244325387
representative_application,application_hash_handwritten,100,99,0,6100,0,0,11698499080773063168
representative_application,application_hash_handwritten,100,99,1,6200,0,0,1167273700599470747
representative_application,application_hash_handwritten,100,99,2,6100,0,0,230717062559681467
representative_application,application_hash_handwritten,100,99,3,6100,0,0,13461277124864170950
representative_application,application_hash_handwritten,100,99,4,6100,0,0,1843089491647656605
representative_application,application_hash_handwritten,100,99,5,6200,0,0,1884400405866327555
representative_application,application_hash_handwritten,100,99,6,6100,0,0,15657071968087079793
representative_application,application_hash_handwritten,100,99,7,6100,0,0,8136226820520416650
representative_application,application_hash_handwritten,100,99,8,6200,0,0,9211086410723557826
representative_application,application_hash_handwritten,100,99,9,6200,0,0,3206438314367023031
representative_application,application_hash_handwritten,100,99,10,6100,0,0,5368241661201366768
representative_application,application_hash_handwritten,100,99,11,6100,0,0,6168939717596367289
representative_application,application_hash_handwritten,100,99,12,6100,0,0,14206662131410471244
representative_application,application_hash_handwritten,100,99,13,6100,0,0,13119166869922341978
representative_application,application_hash_handwritten,100,99,14,6200,0,0,13832537443924736587
representative_application,application_hash_handwritten,100,99,15,6100,0,0,10215951684877506975
representative_application,application_hash_handwritten,100,99,16,6100,0,0,5034229283543529573
representative_application,application_hash_handwritten,100,99,17,6200,0,0,14677823012927430833
representative_application,application_hash_handwritten,100,99,18,6200,0,0,13894612964717701902
representative_application,application_hash_handwritten,100,99,19,6100,0,0,15583721593309401491
representative_application,application_hash_handwritten,100,99,20,6100,0,0,6418842662590208826
representative_application,application_hash_handwritten,100,99,21,6200,0,0,13631435880641776914
representative_application,application_hash_handwritten,100,99,22,6200,0,0,17183653852698357093
representative_application,application_hash_handwritten,100,99,23,6100,0,0,9274972455216937605
representative_application,application_hash_handwritten,100,99,24,6100,0,0,9355792106790873695
representative_application,application_hash_handwritten,100,99,25,6200,0,0,6870977820890846113
representative_application,application_hash_handwritten,100,99,26,6100,0,0,7356228651156183226
representative_application,application_hash_handwritten,100,99,27,6100,0,0,6496560239278517595
representative_application,application_hash_handwritten,100,99,28,6100,0,0,1600470374967907332
representative_application,application_hash_handwritten,100,99,29,6200,0,0,7749396622089507157
representative_application,application_hash_handwritten,100,99,30,6100,0,0,5914597544721144954
representative_application,application_hash_handwritten,100,99,31,6000,0,0,8593148281290798140
representative_application,application_hash_handwritten,100,99,32,5900,0,0,17312262507819578045
representative_application,application_hash_handwritten,100,99,33,6000,0,0,8449402800832754808
representative_application,application_hash_handwritten,100,99,34,5900,0,0,3614604414420252230
representative_application,application_hash_handwritten,100,99,35,5900,0,0,2366660716473973818
representative_application,application_hash_handwritten,100,99,36,5900,0,0,8524431054321544384
representative_application,application_hash_handwritten,100,99,37,5900,0,0,11652126080490940142
representative_application,application_hash_handwritten,100,99,38,5900,0,0,7153169922785203678
representative_application,application_hash_handwritten,100,99,39,5900,0,0,6082470906507506694
