phase,workload,nodes,edges,sample,nanos,allocations,allocated_bytes,checksum
adapter_setup,current_thread_runtime,0,0,0,2500,0,0,0
adapter_setup,current_thread_runtime,0,0,1,1200,0,0,0
adapter_setup,current_thread_runtime,0,0,2,1000,0,0,0
adapter_setup,current_thread_runtime,0,0,3,1000,0,0,0
adapter_setup,current_thread_runtime,0,0,4,1000,0,0,0
adapter_setup,current_thread_runtime,0,0,5,1000,0,0,0
adapter_setup,current_thread_runtime,0,0,6,900,0,0,0
adapter_setup,current_thread_runtime,0,0,7,900,0,0,0
adapter_setup,current_thread_runtime,0,0,8,900,0,0,0
adapter_setup,current_thread_runtime,0,0,9,1000,0,0,0
adapter_setup,current_thread_runtime,0,0,10,1000,0,0,0
adapter_setup,current_thread_runtime,0,0,11,1000,0,0,0
adapter_setup,current_thread_runtime,0,0,12,1000,0,0,0
adapter_setup,current_thread_runtime,0,0,13,1000,0,0,0
adapter_setup,current_thread_runtime,0,0,14,1000,0,0,0
adapter_setup,current_thread_runtime,0,0,15,1000,0,0,0
adapter_setup,current_thread_runtime,0,0,16,1000,0,0,0
adapter_setup,current_thread_runtime,0,0,17,1000,0,0,0
adapter_setup,current_thread_runtime,0,0,18,1200,0,0,0
adapter_setup,current_thread_runtime,0,0,19,1200,0,0,0
adapter_setup,current_thread_runtime,0,0,20,1200,0,0,0
adapter_setup,current_thread_runtime,0,0,21,1200,0,0,0
adapter_setup,current_thread_runtime,0,0,22,1000,0,0,0
adapter_setup,current_thread_runtime,0,0,23,900,0,0,0
adapter_setup,current_thread_runtime,0,0,24,1000,0,0,0
adapter_setup,current_thread_runtime,0,0,25,900,0,0,0
adapter_setup,current_thread_runtime,0,0,26,900,0,0,0
adapter_setup,current_thread_runtime,0,0,27,1000,0,0,0
adapter_setup,current_thread_runtime,0,0,28,1000,0,0,0
adapter_setup,current_thread_runtime,0,0,29,1000,0,0,0
adapter_setup,current_thread_runtime,0,0,30,900,0,0,0
adapter_setup,current_thread_runtime,0,0,31,1000,0,0,0
adapter_setup,current_thread_runtime,0,0,32,1000,0,0,0
adapter_setup,current_thread_runtime,0,0,33,1100,0,0,0
adapter_setup,current_thread_runtime,0,0,34,900,0,0,0
adapter_setup,current_thread_runtime,0,0,35,900,0,0,0
adapter_setup,current_thread_runtime,0,0,36,900,0,0,0
adapter_setup,current_thread_runtime,0,0,37,900,0,0,0
adapter_setup,current_thread_runtime,0,0,38,1000,0,0,0
adapter_setup,current_thread_runtime,0,0,39,1000,0,0,0
fixture_generation,graph_chain,1,0,0,300,0,0,5
fixture_generation,graph_chain,1,0,1,200,0,0,5
fixture_generation,graph_chain,1,0,2,200,0,0,5
fixture_generation,graph_chain,1,0,3,200,0,0,5
fixture_generation,graph_chain,1,0,4,200,0,0,5
fixture_generation,graph_chain,1,0,5,100,0,0,5
fixture_generation,graph_chain,1,0,6,100,0,0,5
fixture_generation,graph_chain,1,0,7,200,0,0,5
fixture_generation,graph_chain,1,0,8,600,0,0,5
fixture_generation,graph_chain,1,0,9,300,0,0,5
fixture_generation,graph_chain,1,0,10,100,0,0,5
fixture_generation,graph_chain,1,0,11,100,0,0,5
fixture_generation,graph_chain,1,0,12,100,0,0,5
fixture_generation,graph_chain,1,0,13,100,0,0,5
fixture_generation,graph_chain,1,0,14,200,0,0,5
fixture_generation,graph_chain,1,0,15,100,0,0,5
fixture_generation,graph_chain,1,0,16,100,0,0,5
fixture_generation,graph_chain,1,0,17,200,0,0,5
fixture_generation,graph_chain,1,0,18,200,0,0,5
fixture_generation,graph_chain,1,0,19,100,0,0,5
plan_build,graph_chain,1,0,0,1700,0,0,11
plan_build,graph_chain,1,0,1,1100,0,0,11
plan_build,graph_chain,1,0,2,500,0,0,11
plan_build,graph_chain,1,0,3,500,0,0,11
plan_build,graph_chain,1,0,4,500,0,0,11
plan_build,graph_chain,1,0,5,600,0,0,11
plan_build,graph_chain,1,0,6,500,0,0,11
plan_build,graph_chain,1,0,7,600,0,0,11
plan_build,graph_chain,1,0,8,500,0,0,11
plan_build,graph_chain,1,0,9,400,0,0,11
plan_build,graph_chain,1,0,10,500,0,0,11
plan_build,graph_chain,1,0,11,600,0,0,11
plan_build,graph_chain,1,0,12,500,0,0,11
plan_build,graph_chain,1,0,13,500,0,0,11
plan_build,graph_chain,1,0,14,500,0,0,11
plan_build,graph_chain,1,0,15,500,0,0,11
plan_build,graph_chain,1,0,16,500,0,0,11
plan_build,graph_chain,1,0,17,500,0,0,11
plan_build,graph_chain,1,0,18,500,0,0,11
plan_build,graph_chain,1,0,19,500,0,0,11
plan_build_alloc,graph_chain,1,0,0,0,13,2317,11
engine_execution,graph_chain,1,0,0,5800,0,0,1
engine_execution,graph_chain,1,0,1,5500,0,0,0
engine_execution,graph_chain,1,0,2,5500,0,0,3
engine_execution,graph_chain,1,0,3,5600,0,0,2
engine_execution,graph_chain,1,0,4,5600,0,0,5
engine_execution,graph_chain,1,0,5,5600,0,0,4
engine_execution,graph_chain,1,0,6,5900,0,0,7
engine_execution,graph_chain,1,0,7,5800,0,0,6
engine_execution,graph_chain,1,0,8,5900,0,0,9
engine_execution,graph_chain,1,0,9,6000,0,0,8
engine_execution,graph_chain,1,0,10,5800,0,0,11
engine_execution,graph_chain,1,0,11,6800,0,0,10
engine_execution,graph_chain,1,0,12,6000,0,0,13
engine_execution,graph_chain,1,0,13,5800,0,0,12
engine_execution,graph_chain,1,0,14,5800,0,0,15
engine_execution,graph_chain,1,0,15,5700,0,0,14
engine_execution,graph_chain,1,0,16,5800,0,0,17
engine_execution,graph_chain,1,0,17,5700,0,0,16
engine_execution,graph_chain,1,0,18,5700,0,0,19
engine_execution,graph_chain,1,0,19,5700,0,0,18
engine_execution,graph_chain,1,0,20,5900,0,0,21
engine_execution,graph_chain,1,0,21,5800,0,0,20
engine_execution,graph_chain,1,0,22,5600,0,0,23
engine_execution,graph_chain,1,0,23,5600,0,0,22
engine_execution,graph_chain,1,0,24,5600,0,0,25
engine_execution,graph_chain,1,0,25,5400,0,0,24
engine_execution,graph_chain,1,0,26,5400,0,0,27
engine_execution,graph_chain,1,0,27,5700,0,0,26
engine_execution,graph_chain,1,0,28,5800,0,0,29
engine_execution,graph_chain,1,0,29,5700,0,0,28
engine_execution,graph_chain,1,0,30,5600,0,0,31
engine_execution,graph_chain,1,0,31,5400,0,0,30
engine_execution,graph_chain,1,0,32,5500,0,0,33
engine_execution,graph_chain,1,0,33,5500,0,0,32
engine_execution,graph_chain,1,0,34,5500,0,0,35
engine_execution,graph_chain,1,0,35,5500,0,0,34
engine_execution,graph_chain,1,0,36,5500,0,0,37
engine_execution,graph_chain,1,0,37,5400,0,0,36
engine_execution,graph_chain,1,0,38,5600,0,0,39
engine_execution,graph_chain,1,0,39,5400,0,0,38
engine_execution_alloc,graph_chain,1,0,0,0,110,15148,23131
machine_state_setup,graph_chain,1,0,0,1100,0,0,1
body_state_setup,graph_chain,1,0,0,400,0,0,0
machine_state_setup,graph_chain,1,0,1,600,0,0,1
body_state_setup,graph_chain,1,0,1,200,0,0,0
machine_state_setup,graph_chain,1,0,2,600,0,0,1
body_state_setup,graph_chain,1,0,2,300,0,0,0
machine_state_setup,graph_chain,1,0,3,600,0,0,1
body_state_setup,graph_chain,1,0,3,300,0,0,0
machine_state_setup,graph_chain,1,0,4,600,0,0,1
body_state_setup,graph_chain,1,0,4,200,0,0,0
machine_state_setup,graph_chain,1,0,5,600,0,0,1
body_state_setup,graph_chain,1,0,5,300,0,0,0
machine_state_setup,graph_chain,1,0,6,500,0,0,1
body_state_setup,graph_chain,1,0,6,300,0,0,0
machine_state_setup,graph_chain,1,0,7,500,0,0,1
body_state_setup,graph_chain,1,0,7,200,0,0,0
machine_state_setup,graph_chain,1,0,8,600,0,0,1
body_state_setup,graph_chain,1,0,8,300,0,0,0
machine_state_setup,graph_chain,1,0,9,500,0,0,1
body_state_setup,graph_chain,1,0,9,300,0,0,0
machine_state_setup,graph_chain,1,0,10,500,0,0,1
body_state_setup,graph_chain,1,0,10,200,0,0,0
machine_state_setup,graph_chain,1,0,11,600,0,0,1
body_state_setup,graph_chain,1,0,11,200,0,0,0
machine_state_setup,graph_chain,1,0,12,400,0,0,1
body_state_setup,graph_chain,1,0,12,200,0,0,0
machine_state_setup,graph_chain,1,0,13,500,0,0,1
body_state_setup,graph_chain,1,0,13,200,0,0,0
machine_state_setup,graph_chain,1,0,14,500,0,0,1
body_state_setup,graph_chain,1,0,14,200,0,0,0
machine_state_setup,graph_chain,1,0,15,500,0,0,1
body_state_setup,graph_chain,1,0,15,200,0,0,0
machine_state_setup,graph_chain,1,0,16,500,0,0,1
body_state_setup,graph_chain,1,0,16,200,0,0,0
machine_state_setup,graph_chain,1,0,17,500,0,0,1
body_state_setup,graph_chain,1,0,17,200,0,0,0
machine_state_setup,graph_chain,1,0,18,500,0,0,1
body_state_setup,graph_chain,1,0,18,300,0,0,0
machine_state_setup,graph_chain,1,0,19,700,0,0,1
body_state_setup,graph_chain,1,0,19,300,0,0,0
machine_state_setup,graph_chain,1,0,20,600,0,0,1
body_state_setup,graph_chain,1,0,20,200,0,0,0
machine_state_setup,graph_chain,1,0,21,900,0,0,1
body_state_setup,graph_chain,1,0,21,400,0,0,0
machine_state_setup,graph_chain,1,0,22,1000,0,0,1
body_state_setup,graph_chain,1,0,22,1100,0,0,0
machine_state_setup,graph_chain,1,0,23,1100,0,0,1
body_state_setup,graph_chain,1,0,23,300,0,0,0
machine_state_setup,graph_chain,1,0,24,900,0,0,1
body_state_setup,graph_chain,1,0,24,300,0,0,0
machine_state_setup,graph_chain,1,0,25,500,0,0,1
body_state_setup,graph_chain,1,0,25,200,0,0,0
machine_state_setup,graph_chain,1,0,26,600,0,0,1
body_state_setup,graph_chain,1,0,26,200,0,0,0
machine_state_setup,graph_chain,1,0,27,500,0,0,1
body_state_setup,graph_chain,1,0,27,300,0,0,0
machine_state_setup,graph_chain,1,0,28,500,0,0,1
body_state_setup,graph_chain,1,0,28,200,0,0,0
machine_state_setup,graph_chain,1,0,29,500,0,0,1
body_state_setup,graph_chain,1,0,29,300,0,0,0
machine_state_setup,graph_chain,1,0,30,500,0,0,1
body_state_setup,graph_chain,1,0,30,200,0,0,0
machine_state_setup,graph_chain,1,0,31,500,0,0,1
body_state_setup,graph_chain,1,0,31,300,0,0,0
machine_state_setup,graph_chain,1,0,32,500,0,0,1
body_state_setup,graph_chain,1,0,32,200,0,0,0
machine_state_setup,graph_chain,1,0,33,500,0,0,1
body_state_setup,graph_chain,1,0,33,200,0,0,0
machine_state_setup,graph_chain,1,0,34,600,0,0,1
body_state_setup,graph_chain,1,0,34,300,0,0,0
machine_state_setup,graph_chain,1,0,35,500,0,0,1
body_state_setup,graph_chain,1,0,35,200,0,0,0
machine_state_setup,graph_chain,1,0,36,500,0,0,1
body_state_setup,graph_chain,1,0,36,200,0,0,0
machine_state_setup,graph_chain,1,0,37,600,0,0,1
body_state_setup,graph_chain,1,0,37,200,0,0,0
machine_state_setup,graph_chain,1,0,38,500,0,0,1
body_state_setup,graph_chain,1,0,38,200,0,0,0
machine_state_setup,graph_chain,1,0,39,500,0,0,1
body_state_setup,graph_chain,1,0,39,200,0,0,0
pure_machine_events_preseeded,graph_chain,1,0,0,3200,0,0,1
pure_machine_events_preseeded,graph_chain,1,0,1,1300,0,0,1
pure_machine_events_preseeded,graph_chain,1,0,2,1000,0,0,1
pure_machine_events_preseeded,graph_chain,1,0,3,1100,0,0,1
pure_machine_events_preseeded,graph_chain,1,0,4,1000,0,0,1
pure_machine_events_preseeded,graph_chain,1,0,5,1000,0,0,1
pure_machine_events_preseeded,graph_chain,1,0,6,1100,0,0,1
pure_machine_events_preseeded,graph_chain,1,0,7,1100,0,0,1
pure_machine_events_preseeded,graph_chain,1,0,8,900,0,0,1
pure_machine_events_preseeded,graph_chain,1,0,9,1000,0,0,1
pure_machine_events_preseeded,graph_chain,1,0,10,1000,0,0,1
pure_machine_events_preseeded,graph_chain,1,0,11,1000,0,0,1
pure_machine_events_preseeded,graph_chain,1,0,12,1000,0,0,1
pure_machine_events_preseeded,graph_chain,1,0,13,1000,0,0,1
pure_machine_events_preseeded,graph_chain,1,0,14,1000,0,0,1
pure_machine_events_preseeded,graph_chain,1,0,15,900,0,0,1
pure_machine_events_preseeded,graph_chain,1,0,16,1000,0,0,1
pure_machine_events_preseeded,graph_chain,1,0,17,1000,0,0,1
pure_machine_events_preseeded,graph_chain,1,0,18,1000,0,0,1
pure_machine_events_preseeded,graph_chain,1,0,19,1000,0,0,1
pure_machine_events_preseeded,graph_chain,1,0,20,1000,0,0,1
pure_machine_events_preseeded,graph_chain,1,0,21,1100,0,0,1
pure_machine_events_preseeded,graph_chain,1,0,22,1700,0,0,1
pure_machine_events_preseeded,graph_chain,1,0,23,1800,0,0,1
pure_machine_events_preseeded,graph_chain,1,0,24,1000,0,0,1
pure_machine_events_preseeded,graph_chain,1,0,25,1100,0,0,1
pure_machine_events_preseeded,graph_chain,1,0,26,1000,0,0,1
pure_machine_events_preseeded,graph_chain,1,0,27,1000,0,0,1
pure_machine_events_preseeded,graph_chain,1,0,28,900,0,0,1
pure_machine_events_preseeded,graph_chain,1,0,29,1000,0,0,1
pure_machine_events_preseeded,graph_chain,1,0,30,1000,0,0,1
pure_machine_events_preseeded,graph_chain,1,0,31,900,0,0,1
pure_machine_events_preseeded,graph_chain,1,0,32,1000,0,0,1
pure_machine_events_preseeded,graph_chain,1,0,33,1000,0,0,1
pure_machine_events_preseeded,graph_chain,1,0,34,1100,0,0,1
pure_machine_events_preseeded,graph_chain,1,0,35,1000,0,0,1
pure_machine_events_preseeded,graph_chain,1,0,36,1100,0,0,1
pure_machine_events_preseeded,graph_chain,1,0,37,1000,0,0,1
pure_machine_events_preseeded,graph_chain,1,0,38,1000,0,0,1
pure_machine_events_preseeded,graph_chain,1,0,39,1000,0,0,1
fixture_generation,graph_wide,1,0,0,200,0,0,5
fixture_generation,graph_wide,1,0,1,100,0,0,5
fixture_generation,graph_wide,1,0,2,200,0,0,5
fixture_generation,graph_wide,1,0,3,200,0,0,5
fixture_generation,graph_wide,1,0,4,100,0,0,5
fixture_generation,graph_wide,1,0,5,100,0,0,5
fixture_generation,graph_wide,1,0,6,200,0,0,5
fixture_generation,graph_wide,1,0,7,200,0,0,5
fixture_generation,graph_wide,1,0,8,100,0,0,5
fixture_generation,graph_wide,1,0,9,100,0,0,5
fixture_generation,graph_wide,1,0,10,200,0,0,5
fixture_generation,graph_wide,1,0,11,100,0,0,5
fixture_generation,graph_wide,1,0,12,100,0,0,5
fixture_generation,graph_wide,1,0,13,200,0,0,5
fixture_generation,graph_wide,1,0,14,100,0,0,5
fixture_generation,graph_wide,1,0,15,200,0,0,5
fixture_generation,graph_wide,1,0,16,100,0,0,5
fixture_generation,graph_wide,1,0,17,200,0,0,5
fixture_generation,graph_wide,1,0,18,200,0,0,5
fixture_generation,graph_wide,1,0,19,200,0,0,5
plan_build,graph_wide,1,0,0,1400,0,0,10
plan_build,graph_wide,1,0,1,500,0,0,10
plan_build,graph_wide,1,0,2,500,0,0,10
plan_build,graph_wide,1,0,3,500,0,0,10
plan_build,graph_wide,1,0,4,500,0,0,10
plan_build,graph_wide,1,0,5,500,0,0,10
plan_build,graph_wide,1,0,6,400,0,0,10
plan_build,graph_wide,1,0,7,500,0,0,10
plan_build,graph_wide,1,0,8,500,0,0,10
plan_build,graph_wide,1,0,9,400,0,0,10
plan_build,graph_wide,1,0,10,600,0,0,10
plan_build,graph_wide,1,0,11,500,0,0,10
plan_build,graph_wide,1,0,12,500,0,0,10
plan_build,graph_wide,1,0,13,500,0,0,10
plan_build,graph_wide,1,0,14,500,0,0,10
plan_build,graph_wide,1,0,15,500,0,0,10
plan_build,graph_wide,1,0,16,500,0,0,10
plan_build,graph_wide,1,0,17,500,0,0,10
plan_build,graph_wide,1,0,18,500,0,0,10
plan_build,graph_wide,1,0,19,600,0,0,10
plan_build_alloc,graph_wide,1,0,0,0,13,2316,10
engine_execution,graph_wide,1,0,0,6200,0,0,1
engine_execution,graph_wide,1,0,1,5900,0,0,0
engine_execution,graph_wide,1,0,2,14200,0,0,3
engine_execution,graph_wide,1,0,3,6000,0,0,2
engine_execution,graph_wide,1,0,4,5900,0,0,5
engine_execution,graph_wide,1,0,5,5800,0,0,4
engine_execution,graph_wide,1,0,6,6000,0,0,7
engine_execution,graph_wide,1,0,7,5500,0,0,6
engine_execution,graph_wide,1,0,8,5600,0,0,9
engine_execution,graph_wide,1,0,9,5600,0,0,8
engine_execution,graph_wide,1,0,10,5500,0,0,11
engine_execution,graph_wide,1,0,11,5700,0,0,10
engine_execution,graph_wide,1,0,12,5500,0,0,13
engine_execution,graph_wide,1,0,13,5700,0,0,12
engine_execution,graph_wide,1,0,14,5700,0,0,15
engine_execution,graph_wide,1,0,15,5500,0,0,14
engine_execution,graph_wide,1,0,16,5500,0,0,17
engine_execution,graph_wide,1,0,17,5600,0,0,16
engine_execution,graph_wide,1,0,18,5500,0,0,19
engine_execution,graph_wide,1,0,19,5500,0,0,18
engine_execution,graph_wide,1,0,20,5400,0,0,21
engine_execution,graph_wide,1,0,21,5600,0,0,20
engine_execution,graph_wide,1,0,22,5400,0,0,23
engine_execution,graph_wide,1,0,23,5500,0,0,22
engine_execution,graph_wide,1,0,24,5500,0,0,25
engine_execution,graph_wide,1,0,25,5600,0,0,24
engine_execution,graph_wide,1,0,26,5500,0,0,27
engine_execution,graph_wide,1,0,27,5500,0,0,26
engine_execution,graph_wide,1,0,28,5300,0,0,29
engine_execution,graph_wide,1,0,29,5500,0,0,28
engine_execution,graph_wide,1,0,30,5400,0,0,31
engine_execution,graph_wide,1,0,31,5600,0,0,30
engine_execution,graph_wide,1,0,32,5400,0,0,33
engine_execution,graph_wide,1,0,33,5500,0,0,32
engine_execution,graph_wide,1,0,34,5500,0,0,35
engine_execution,graph_wide,1,0,35,5400,0,0,34
engine_execution,graph_wide,1,0,36,5400,0,0,37
engine_execution,graph_wide,1,0,37,5500,0,0,36
engine_execution,graph_wide,1,0,38,5200,0,0,39
engine_execution,graph_wide,1,0,39,5500,0,0,38
engine_execution_alloc,graph_wide,1,0,0,0,110,15146,23131
machine_state_setup,graph_wide,1,0,0,800,0,0,1
body_state_setup,graph_wide,1,0,0,200,0,0,0
machine_state_setup,graph_wide,1,0,1,500,0,0,1
body_state_setup,graph_wide,1,0,1,200,0,0,0
machine_state_setup,graph_wide,1,0,2,600,0,0,1
body_state_setup,graph_wide,1,0,2,200,0,0,0
machine_state_setup,graph_wide,1,0,3,500,0,0,1
body_state_setup,graph_wide,1,0,3,300,0,0,0
machine_state_setup,graph_wide,1,0,4,600,0,0,1
body_state_setup,graph_wide,1,0,4,300,0,0,0
machine_state_setup,graph_wide,1,0,5,600,0,0,1
body_state_setup,graph_wide,1,0,5,300,0,0,0
machine_state_setup,graph_wide,1,0,6,600,0,0,1
body_state_setup,graph_wide,1,0,6,200,0,0,0
machine_state_setup,graph_wide,1,0,7,500,0,0,1
body_state_setup,graph_wide,1,0,7,300,0,0,0
machine_state_setup,graph_wide,1,0,8,500,0,0,1
body_state_setup,graph_wide,1,0,8,200,0,0,0
machine_state_setup,graph_wide,1,0,9,500,0,0,1
body_state_setup,graph_wide,1,0,9,200,0,0,0
machine_state_setup,graph_wide,1,0,10,700,0,0,1
body_state_setup,graph_wide,1,0,10,300,0,0,0
machine_state_setup,graph_wide,1,0,11,700,0,0,1
body_state_setup,graph_wide,1,0,11,300,0,0,0
machine_state_setup,graph_wide,1,0,12,1400,0,0,1
body_state_setup,graph_wide,1,0,12,500,0,0,0
machine_state_setup,graph_wide,1,0,13,700,0,0,1
body_state_setup,graph_wide,1,0,13,200,0,0,0
machine_state_setup,graph_wide,1,0,14,500,0,0,1
body_state_setup,graph_wide,1,0,14,200,0,0,0
machine_state_setup,graph_wide,1,0,15,500,0,0,1
body_state_setup,graph_wide,1,0,15,200,0,0,0
machine_state_setup,graph_wide,1,0,16,500,0,0,1
body_state_setup,graph_wide,1,0,16,200,0,0,0
machine_state_setup,graph_wide,1,0,17,500,0,0,1
body_state_setup,graph_wide,1,0,17,300,0,0,0
machine_state_setup,graph_wide,1,0,18,500,0,0,1
body_state_setup,graph_wide,1,0,18,300,0,0,0
machine_state_setup,graph_wide,1,0,19,500,0,0,1
body_state_setup,graph_wide,1,0,19,300,0,0,0
machine_state_setup,graph_wide,1,0,20,500,0,0,1
body_state_setup,graph_wide,1,0,20,200,0,0,0
machine_state_setup,graph_wide,1,0,21,500,0,0,1
body_state_setup,graph_wide,1,0,21,300,0,0,0
machine_state_setup,graph_wide,1,0,22,500,0,0,1
body_state_setup,graph_wide,1,0,22,200,0,0,0
machine_state_setup,graph_wide,1,0,23,500,0,0,1
body_state_setup,graph_wide,1,0,23,300,0,0,0
machine_state_setup,graph_wide,1,0,24,600,0,0,1
body_state_setup,graph_wide,1,0,24,200,0,0,0
machine_state_setup,graph_wide,1,0,25,500,0,0,1
body_state_setup,graph_wide,1,0,25,300,0,0,0
machine_state_setup,graph_wide,1,0,26,500,0,0,1
body_state_setup,graph_wide,1,0,26,200,0,0,0
machine_state_setup,graph_wide,1,0,27,500,0,0,1
body_state_setup,graph_wide,1,0,27,200,0,0,0
machine_state_setup,graph_wide,1,0,28,500,0,0,1
body_state_setup,graph_wide,1,0,28,300,0,0,0
machine_state_setup,graph_wide,1,0,29,500,0,0,1
body_state_setup,graph_wide,1,0,29,200,0,0,0
machine_state_setup,graph_wide,1,0,30,500,0,0,1
body_state_setup,graph_wide,1,0,30,200,0,0,0
machine_state_setup,graph_wide,1,0,31,500,0,0,1
body_state_setup,graph_wide,1,0,31,200,0,0,0
machine_state_setup,graph_wide,1,0,32,500,0,0,1
body_state_setup,graph_wide,1,0,32,300,0,0,0
machine_state_setup,graph_wide,1,0,33,500,0,0,1
body_state_setup,graph_wide,1,0,33,200,0,0,0
machine_state_setup,graph_wide,1,0,34,500,0,0,1
body_state_setup,graph_wide,1,0,34,200,0,0,0
machine_state_setup,graph_wide,1,0,35,600,0,0,1
body_state_setup,graph_wide,1,0,35,200,0,0,0
machine_state_setup,graph_wide,1,0,36,500,0,0,1
body_state_setup,graph_wide,1,0,36,200,0,0,0
machine_state_setup,graph_wide,1,0,37,500,0,0,1
body_state_setup,graph_wide,1,0,37,200,0,0,0
machine_state_setup,graph_wide,1,0,38,500,0,0,1
body_state_setup,graph_wide,1,0,38,200,0,0,0
machine_state_setup,graph_wide,1,0,39,600,0,0,1
body_state_setup,graph_wide,1,0,39,200,0,0,0
fixture_generation,graph_sparse,1,0,0,100,0,0,5
fixture_generation,graph_sparse,1,0,1,200,0,0,5
fixture_generation,graph_sparse,1,0,2,100,0,0,5
fixture_generation,graph_sparse,1,0,3,200,0,0,5
fixture_generation,graph_sparse,1,0,4,200,0,0,5
fixture_generation,graph_sparse,1,0,5,300,0,0,5
fixture_generation,graph_sparse,1,0,6,200,0,0,5
fixture_generation,graph_sparse,1,0,7,200,0,0,5
fixture_generation,graph_sparse,1,0,8,300,0,0,5
fixture_generation,graph_sparse,1,0,9,200,0,0,5
fixture_generation,graph_sparse,1,0,10,500,0,0,5
fixture_generation,graph_sparse,1,0,11,300,0,0,5
fixture_generation,graph_sparse,1,0,12,300,0,0,5
fixture_generation,graph_sparse,1,0,13,100,0,0,5
fixture_generation,graph_sparse,1,0,14,100,0,0,5
fixture_generation,graph_sparse,1,0,15,200,0,0,5
fixture_generation,graph_sparse,1,0,16,100,0,0,5
fixture_generation,graph_sparse,1,0,17,100,0,0,5
fixture_generation,graph_sparse,1,0,18,200,0,0,5
fixture_generation,graph_sparse,1,0,19,100,0,0,5
plan_build,graph_sparse,1,0,0,900,0,0,12
plan_build,graph_sparse,1,0,1,800,0,0,12
plan_build,graph_sparse,1,0,2,700,0,0,12
plan_build,graph_sparse,1,0,3,500,0,0,12
plan_build,graph_sparse,1,0,4,500,0,0,12
plan_build,graph_sparse,1,0,5,400,0,0,12
plan_build,graph_sparse,1,0,6,600,0,0,12
plan_build,graph_sparse,1,0,7,400,0,0,12
plan_build,graph_sparse,1,0,8,400,0,0,12
plan_build,graph_sparse,1,0,9,400,0,0,12
plan_build,graph_sparse,1,0,10,500,0,0,12
plan_build,graph_sparse,1,0,11,500,0,0,12
plan_build,graph_sparse,1,0,12,500,0,0,12
plan_build,graph_sparse,1,0,13,400,0,0,12
plan_build,graph_sparse,1,0,14,400,0,0,12
plan_build,graph_sparse,1,0,15,500,0,0,12
plan_build,graph_sparse,1,0,16,400,0,0,12
plan_build,graph_sparse,1,0,17,500,0,0,12
plan_build,graph_sparse,1,0,18,600,0,0,12
plan_build,graph_sparse,1,0,19,500,0,0,12
plan_build_alloc,graph_sparse,1,0,0,0,13,2318,12
engine_execution,graph_sparse,1,0,0,5500,0,0,1
engine_execution,graph_sparse,1,0,1,5500,0,0,0
engine_execution,graph_sparse,1,0,2,6500,0,0,3
engine_execution,graph_sparse,1,0,3,5900,0,0,2
engine_execution,graph_sparse,1,0,4,5600,0,0,5
engine_execution,graph_sparse,1,0,5,5500,0,0,4
engine_execution,graph_sparse,1,0,6,5400,0,0,7
engine_execution,graph_sparse,1,0,7,5600,0,0,6
engine_execution,graph_sparse,1,0,8,6100,0,0,9
engine_execution,graph_sparse,1,0,9,5700,0,0,8
engine_execution,graph_sparse,1,0,10,6200,0,0,11
engine_execution,graph_sparse,1,0,11,6200,0,0,10
engine_execution,graph_sparse,1,0,12,6000,0,0,13
engine_execution,graph_sparse,1,0,13,6700,0,0,12
engine_execution,graph_sparse,1,0,14,6000,0,0,15
engine_execution,graph_sparse,1,0,15,6400,0,0,14
engine_execution,graph_sparse,1,0,16,6000,0,0,17
engine_execution,graph_sparse,1,0,17,5700,0,0,16
engine_execution,graph_sparse,1,0,18,5700,0,0,19
engine_execution,graph_sparse,1,0,19,5700,0,0,18
engine_execution,graph_sparse,1,0,20,5600,0,0,21
engine_execution,graph_sparse,1,0,21,5800,0,0,20
engine_execution,graph_sparse,1,0,22,5600,0,0,23
engine_execution,graph_sparse,1,0,23,5800,0,0,22
engine_execution,graph_sparse,1,0,24,5500,0,0,25
engine_execution,graph_sparse,1,0,25,5400,0,0,24
engine_execution,graph_sparse,1,0,26,5400,0,0,27
engine_execution,graph_sparse,1,0,27,5400,0,0,26
engine_execution,graph_sparse,1,0,28,5400,0,0,29
engine_execution,graph_sparse,1,0,29,5600,0,0,28
engine_execution,graph_sparse,1,0,30,5400,0,0,31
engine_execution,graph_sparse,1,0,31,5400,0,0,30
engine_execution,graph_sparse,1,0,32,5400,0,0,33
engine_execution,graph_sparse,1,0,33,5400,0,0,32
engine_execution,graph_sparse,1,0,34,5400,0,0,35
engine_execution,graph_sparse,1,0,35,5400,0,0,34
engine_execution,graph_sparse,1,0,36,5500,0,0,37
engine_execution,graph_sparse,1,0,37,5400,0,0,36
engine_execution,graph_sparse,1,0,38,5300,0,0,39
engine_execution,graph_sparse,1,0,39,5400,0,0,38
engine_execution_alloc,graph_sparse,1,0,0,0,110,15150,23131
machine_state_setup,graph_sparse,1,0,0,900,0,0,1
body_state_setup,graph_sparse,1,0,0,300,0,0,0
machine_state_setup,graph_sparse,1,0,1,700,0,0,1
body_state_setup,graph_sparse,1,0,1,300,0,0,0
machine_state_setup,graph_sparse,1,0,2,600,0,0,1
body_state_setup,graph_sparse,1,0,2,200,0,0,0
machine_state_setup,graph_sparse,1,0,3,500,0,0,1
body_state_setup,graph_sparse,1,0,3,200,0,0,0
machine_state_setup,graph_sparse,1,0,4,500,0,0,1
body_state_setup,graph_sparse,1,0,4,200,0,0,0
machine_state_setup,graph_sparse,1,0,5,600,0,0,1
body_state_setup,graph_sparse,1,0,5,300,0,0,0
machine_state_setup,graph_sparse,1,0,6,600,0,0,1
body_state_setup,graph_sparse,1,0,6,200,0,0,0
machine_state_setup,graph_sparse,1,0,7,500,0,0,1
body_state_setup,graph_sparse,1,0,7,300,0,0,0
machine_state_setup,graph_sparse,1,0,8,600,0,0,1
body_state_setup,graph_sparse,1,0,8,300,0,0,0
machine_state_setup,graph_sparse,1,0,9,500,0,0,1
body_state_setup,graph_sparse,1,0,9,200,0,0,0
machine_state_setup,graph_sparse,1,0,10,600,0,0,1
body_state_setup,graph_sparse,1,0,10,200,0,0,0
machine_state_setup,graph_sparse,1,0,11,500,0,0,1
body_state_setup,graph_sparse,1,0,11,200,0,0,0
machine_state_setup,graph_sparse,1,0,12,500,0,0,1
body_state_setup,graph_sparse,1,0,12,200,0,0,0
machine_state_setup,graph_sparse,1,0,13,600,0,0,1
body_state_setup,graph_sparse,1,0,13,400,0,0,0
machine_state_setup,graph_sparse,1,0,14,600,0,0,1
body_state_setup,graph_sparse,1,0,14,300,0,0,0
machine_state_setup,graph_sparse,1,0,15,600,0,0,1
body_state_setup,graph_sparse,1,0,15,300,0,0,0
machine_state_setup,graph_sparse,1,0,16,600,0,0,1
body_state_setup,graph_sparse,1,0,16,200,0,0,0
machine_state_setup,graph_sparse,1,0,17,500,0,0,1
body_state_setup,graph_sparse,1,0,17,200,0,0,0
machine_state_setup,graph_sparse,1,0,18,500,0,0,1
body_state_setup,graph_sparse,1,0,18,200,0,0,0
machine_state_setup,graph_sparse,1,0,19,500,0,0,1
body_state_setup,graph_sparse,1,0,19,200,0,0,0
machine_state_setup,graph_sparse,1,0,20,600,0,0,1
body_state_setup,graph_sparse,1,0,20,300,0,0,0
machine_state_setup,graph_sparse,1,0,21,600,0,0,1
body_state_setup,graph_sparse,1,0,21,200,0,0,0
machine_state_setup,graph_sparse,1,0,22,900,0,0,1
body_state_setup,graph_sparse,1,0,22,300,0,0,0
machine_state_setup,graph_sparse,1,0,23,900,0,0,1
body_state_setup,graph_sparse,1,0,23,500,0,0,0
machine_state_setup,graph_sparse,1,0,24,600,0,0,1
body_state_setup,graph_sparse,1,0,24,200,0,0,0
machine_state_setup,graph_sparse,1,0,25,500,0,0,1
body_state_setup,graph_sparse,1,0,25,300,0,0,0
machine_state_setup,graph_sparse,1,0,26,500,0,0,1
body_state_setup,graph_sparse,1,0,26,300,0,0,0
machine_state_setup,graph_sparse,1,0,27,500,0,0,1
body_state_setup,graph_sparse,1,0,27,200,0,0,0
machine_state_setup,graph_sparse,1,0,28,500,0,0,1
body_state_setup,graph_sparse,1,0,28,200,0,0,0
machine_state_setup,graph_sparse,1,0,29,500,0,0,1
body_state_setup,graph_sparse,1,0,29,200,0,0,0
machine_state_setup,graph_sparse,1,0,30,500,0,0,1
body_state_setup,graph_sparse,1,0,30,200,0,0,0
machine_state_setup,graph_sparse,1,0,31,500,0,0,1
body_state_setup,graph_sparse,1,0,31,200,0,0,0
machine_state_setup,graph_sparse,1,0,32,500,0,0,1
body_state_setup,graph_sparse,1,0,32,200,0,0,0
machine_state_setup,graph_sparse,1,0,33,500,0,0,1
body_state_setup,graph_sparse,1,0,33,200,0,0,0
machine_state_setup,graph_sparse,1,0,34,500,0,0,1
body_state_setup,graph_sparse,1,0,34,200,0,0,0
machine_state_setup,graph_sparse,1,0,35,500,0,0,1
body_state_setup,graph_sparse,1,0,35,200,0,0,0
machine_state_setup,graph_sparse,1,0,36,500,0,0,1
body_state_setup,graph_sparse,1,0,36,200,0,0,0
machine_state_setup,graph_sparse,1,0,37,600,0,0,1
body_state_setup,graph_sparse,1,0,37,200,0,0,0
machine_state_setup,graph_sparse,1,0,38,500,0,0,1
body_state_setup,graph_sparse,1,0,38,200,0,0,0
machine_state_setup,graph_sparse,1,0,39,400,0,0,1
body_state_setup,graph_sparse,1,0,39,200,0,0,0
fixture_generation,graph_chain,10,9,0,1000,0,0,50
fixture_generation,graph_chain,10,9,1,800,0,0,50
fixture_generation,graph_chain,10,9,2,800,0,0,50
fixture_generation,graph_chain,10,9,3,800,0,0,50
fixture_generation,graph_chain,10,9,4,900,0,0,50
fixture_generation,graph_chain,10,9,5,800,0,0,50
fixture_generation,graph_chain,10,9,6,800,0,0,50
fixture_generation,graph_chain,10,9,7,700,0,0,50
fixture_generation,graph_chain,10,9,8,800,0,0,50
fixture_generation,graph_chain,10,9,9,800,0,0,50
fixture_generation,graph_chain,10,9,10,800,0,0,50
fixture_generation,graph_chain,10,9,11,800,0,0,50
fixture_generation,graph_chain,10,9,12,800,0,0,50
fixture_generation,graph_chain,10,9,13,700,0,0,50
fixture_generation,graph_chain,10,9,14,800,0,0,50
fixture_generation,graph_chain,10,9,15,800,0,0,50
fixture_generation,graph_chain,10,9,16,700,0,0,50
fixture_generation,graph_chain,10,9,17,800,0,0,50
fixture_generation,graph_chain,10,9,18,700,0,0,50
fixture_generation,graph_chain,10,9,19,700,0,0,50
plan_build,graph_chain,10,9,0,4000,0,0,11
plan_build,graph_chain,10,9,1,2900,0,0,11
plan_build,graph_chain,10,9,2,2200,0,0,11
plan_build,graph_chain,10,9,3,2200,0,0,11
plan_build,graph_chain,10,9,4,2200,0,0,11
plan_build,graph_chain,10,9,5,2100,0,0,11
plan_build,graph_chain,10,9,6,2300,0,0,11
plan_build,graph_chain,10,9,7,2100,0,0,11
plan_build,graph_chain,10,9,8,2000,0,0,11
plan_build,graph_chain,10,9,9,2100,0,0,11
plan_build,graph_chain,10,9,10,2100,0,0,11
plan_build,graph_chain,10,9,11,2100,0,0,11
plan_build,graph_chain,10,9,12,2000,0,0,11
plan_build,graph_chain,10,9,13,2200,0,0,11
plan_build,graph_chain,10,9,14,2200,0,0,11
plan_build,graph_chain,10,9,15,2100,0,0,11
plan_build,graph_chain,10,9,16,2100,0,0,11
plan_build,graph_chain,10,9,17,2200,0,0,11
plan_build,graph_chain,10,9,18,2100,0,0,11
plan_build,graph_chain,10,9,19,2100,0,0,11
plan_build_alloc,graph_chain,10,9,0,0,57,14266,11
engine_execution,graph_chain,10,9,0,33000,0,0,0
engine_execution,graph_chain,10,9,1,32100,0,0,1
engine_execution,graph_chain,10,9,2,32600,0,0,2
engine_execution,graph_chain,10,9,3,34400,0,0,3
engine_execution,graph_chain,10,9,4,41400,0,0,4
engine_execution,graph_chain,10,9,5,43600,0,0,5
engine_execution,graph_chain,10,9,6,34400,0,0,6
engine_execution,graph_chain,10,9,7,37600,0,0,7
engine_execution,graph_chain,10,9,8,40900,0,0,8
engine_execution,graph_chain,10,9,9,34300,0,0,9
engine_execution,graph_chain,10,9,10,34800,0,0,10
engine_execution,graph_chain,10,9,11,34800,0,0,11
engine_execution,graph_chain,10,9,12,36900,0,0,12
engine_execution,graph_chain,10,9,13,34900,0,0,13
engine_execution,graph_chain,10,9,14,37800,0,0,14
engine_execution,graph_chain,10,9,15,46800,0,0,15
engine_execution,graph_chain,10,9,16,43600,0,0,16
engine_execution,graph_chain,10,9,17,43700,0,0,17
engine_execution,graph_chain,10,9,18,42800,0,0,18
engine_execution,graph_chain,10,9,19,42900,0,0,19
engine_execution,graph_chain,10,9,20,40000,0,0,20
engine_execution,graph_chain,10,9,21,36900,0,0,21
engine_execution,graph_chain,10,9,22,33500,0,0,22
engine_execution,graph_chain,10,9,23,33100,0,0,23
engine_execution,graph_chain,10,9,24,33000,0,0,24
engine_execution,graph_chain,10,9,25,36000,0,0,25
engine_execution,graph_chain,10,9,26,47200,0,0,26
engine_execution,graph_chain,10,9,27,41700,0,0,27
engine_execution,graph_chain,10,9,28,41000,0,0,28
engine_execution,graph_chain,10,9,29,32800,0,0,29
engine_execution,graph_chain,10,9,30,32300,0,0,30
engine_execution,graph_chain,10,9,31,34700,0,0,31
engine_execution,graph_chain,10,9,32,32600,0,0,32
engine_execution,graph_chain,10,9,33,33600,0,0,33
engine_execution,graph_chain,10,9,34,33100,0,0,34
engine_execution,graph_chain,10,9,35,37100,0,0,35
engine_execution,graph_chain,10,9,36,39900,0,0,36
engine_execution,graph_chain,10,9,37,32700,0,0,37
engine_execution,graph_chain,10,9,38,32700,0,0,38
engine_execution,graph_chain,10,9,39,33100,0,0,39
engine_execution_alloc,graph_chain,10,9,0,0,654,66045,23130
machine_state_setup,graph_chain,10,9,0,6600,0,0,10
body_state_setup,graph_chain,10,9,0,500,0,0,0
machine_state_setup,graph_chain,10,9,1,3900,0,0,10
body_state_setup,graph_chain,10,9,1,500,0,0,0
machine_state_setup,graph_chain,10,9,2,3700,0,0,10
body_state_setup,graph_chain,10,9,2,300,0,0,0
machine_state_setup,graph_chain,10,9,3,3700,0,0,10
body_state_setup,graph_chain,10,9,3,300,0,0,0
machine_state_setup,graph_chain,10,9,4,3600,0,0,10
body_state_setup,graph_chain,10,9,4,300,0,0,0
machine_state_setup,graph_chain,10,9,5,3600,0,0,10
body_state_setup,graph_chain,10,9,5,300,0,0,0
machine_state_setup,graph_chain,10,9,6,3500,0,0,10
body_state_setup,graph_chain,10,9,6,400,0,0,0
machine_state_setup,graph_chain,10,9,7,3500,0,0,10
body_state_setup,graph_chain,10,9,7,300,0,0,0
machine_state_setup,graph_chain,10,9,8,3500,0,0,10
body_state_setup,graph_chain,10,9,8,300,0,0,0
machine_state_setup,graph_chain,10,9,9,3400,0,0,10
body_state_setup,graph_chain,10,9,9,300,0,0,0
machine_state_setup,graph_chain,10,9,10,3500,0,0,10
body_state_setup,graph_chain,10,9,10,300,0,0,0
machine_state_setup,graph_chain,10,9,11,3700,0,0,10
body_state_setup,graph_chain,10,9,11,500,0,0,0
machine_state_setup,graph_chain,10,9,12,4000,0,0,10
body_state_setup,graph_chain,10,9,12,300,0,0,0
machine_state_setup,graph_chain,10,9,13,3800,0,0,10
body_state_setup,graph_chain,10,9,13,300,0,0,0
machine_state_setup,graph_chain,10,9,14,3600,0,0,10
body_state_setup,graph_chain,10,9,14,300,0,0,0
machine_state_setup,graph_chain,10,9,15,3500,0,0,10
body_state_setup,graph_chain,10,9,15,400,0,0,0
machine_state_setup,graph_chain,10,9,16,3600,0,0,10
body_state_setup,graph_chain,10,9,16,300,0,0,0
machine_state_setup,graph_chain,10,9,17,3600,0,0,10
body_state_setup,graph_chain,10,9,17,300,0,0,0
machine_state_setup,graph_chain,10,9,18,3400,0,0,10
body_state_setup,graph_chain,10,9,18,300,0,0,0
machine_state_setup,graph_chain,10,9,19,3400,0,0,10
body_state_setup,graph_chain,10,9,19,300,0,0,0
machine_state_setup,graph_chain,10,9,20,3500,0,0,10
body_state_setup,graph_chain,10,9,20,300,0,0,0
machine_state_setup,graph_chain,10,9,21,3400,0,0,10
body_state_setup,graph_chain,10,9,21,300,0,0,0
machine_state_setup,graph_chain,10,9,22,3300,0,0,10
body_state_setup,graph_chain,10,9,22,300,0,0,0
machine_state_setup,graph_chain,10,9,23,3500,0,0,10
body_state_setup,graph_chain,10,9,23,400,0,0,0
machine_state_setup,graph_chain,10,9,24,3500,0,0,10
body_state_setup,graph_chain,10,9,24,300,0,0,0
machine_state_setup,graph_chain,10,9,25,3600,0,0,10
body_state_setup,graph_chain,10,9,25,300,0,0,0
machine_state_setup,graph_chain,10,9,26,3600,0,0,10
body_state_setup,graph_chain,10,9,26,300,0,0,0
machine_state_setup,graph_chain,10,9,27,3500,0,0,10
body_state_setup,graph_chain,10,9,27,300,0,0,0
machine_state_setup,graph_chain,10,9,28,3500,0,0,10
body_state_setup,graph_chain,10,9,28,300,0,0,0
machine_state_setup,graph_chain,10,9,29,3400,0,0,10
body_state_setup,graph_chain,10,9,29,400,0,0,0
machine_state_setup,graph_chain,10,9,30,3400,0,0,10
body_state_setup,graph_chain,10,9,30,300,0,0,0
machine_state_setup,graph_chain,10,9,31,3700,0,0,10
body_state_setup,graph_chain,10,9,31,300,0,0,0
machine_state_setup,graph_chain,10,9,32,3300,0,0,10
body_state_setup,graph_chain,10,9,32,200,0,0,0
machine_state_setup,graph_chain,10,9,33,3300,0,0,10
body_state_setup,graph_chain,10,9,33,300,0,0,0
machine_state_setup,graph_chain,10,9,34,3300,0,0,10
body_state_setup,graph_chain,10,9,34,300,0,0,0
machine_state_setup,graph_chain,10,9,35,3200,0,0,10
body_state_setup,graph_chain,10,9,35,200,0,0,0
machine_state_setup,graph_chain,10,9,36,3300,0,0,10
body_state_setup,graph_chain,10,9,36,300,0,0,0
machine_state_setup,graph_chain,10,9,37,3400,0,0,10
body_state_setup,graph_chain,10,9,37,300,0,0,0
machine_state_setup,graph_chain,10,9,38,3700,0,0,10
body_state_setup,graph_chain,10,9,38,300,0,0,0
machine_state_setup,graph_chain,10,9,39,3500,0,0,10
body_state_setup,graph_chain,10,9,39,300,0,0,0
pure_machine_events_preseeded,graph_chain,10,9,0,9400,0,0,10
pure_machine_events_preseeded,graph_chain,10,9,1,8000,0,0,10
pure_machine_events_preseeded,graph_chain,10,9,2,7900,0,0,10
pure_machine_events_preseeded,graph_chain,10,9,3,7900,0,0,10
pure_machine_events_preseeded,graph_chain,10,9,4,7800,0,0,10
pure_machine_events_preseeded,graph_chain,10,9,5,7700,0,0,10
pure_machine_events_preseeded,graph_chain,10,9,6,7900,0,0,10
pure_machine_events_preseeded,graph_chain,10,9,7,7900,0,0,10
pure_machine_events_preseeded,graph_chain,10,9,8,7700,0,0,10
pure_machine_events_preseeded,graph_chain,10,9,9,7800,0,0,10
pure_machine_events_preseeded,graph_chain,10,9,10,7700,0,0,10
pure_machine_events_preseeded,graph_chain,10,9,11,7800,0,0,10
pure_machine_events_preseeded,graph_chain,10,9,12,8100,0,0,10
pure_machine_events_preseeded,graph_chain,10,9,13,7800,0,0,10
pure_machine_events_preseeded,graph_chain,10,9,14,7700,0,0,10
pure_machine_events_preseeded,graph_chain,10,9,15,7800,0,0,10
pure_machine_events_preseeded,graph_chain,10,9,16,7700,0,0,10
pure_machine_events_preseeded,graph_chain,10,9,17,7700,0,0,10
pure_machine_events_preseeded,graph_chain,10,9,18,7800,0,0,10
pure_machine_events_preseeded,graph_chain,10,9,19,8300,0,0,10
pure_machine_events_preseeded,graph_chain,10,9,20,8400,0,0,10
pure_machine_events_preseeded,graph_chain,10,9,21,7800,0,0,10
pure_machine_events_preseeded,graph_chain,10,9,22,8200,0,0,10
pure_machine_events_preseeded,graph_chain,10,9,23,7700,0,0,10
pure_machine_events_preseeded,graph_chain,10,9,24,11700,0,0,10
pure_machine_events_preseeded,graph_chain,10,9,25,10400,0,0,10
pure_machine_events_preseeded,graph_chain,10,9,26,11000,0,0,10
pure_machine_events_preseeded,graph_chain,10,9,27,14900,0,0,10
pure_machine_events_preseeded,graph_chain,10,9,28,8000,0,0,10
pure_machine_events_preseeded,graph_chain,10,9,29,7900,0,0,10
pure_machine_events_preseeded,graph_chain,10,9,30,7800,0,0,10
pure_machine_events_preseeded,graph_chain,10,9,31,7900,0,0,10
pure_machine_events_preseeded,graph_chain,10,9,32,7800,0,0,10
pure_machine_events_preseeded,graph_chain,10,9,33,7900,0,0,10
pure_machine_events_preseeded,graph_chain,10,9,34,7900,0,0,10
pure_machine_events_preseeded,graph_chain,10,9,35,8100,0,0,10
pure_machine_events_preseeded,graph_chain,10,9,36,7800,0,0,10
pure_machine_events_preseeded,graph_chain,10,9,37,7900,0,0,10
pure_machine_events_preseeded,graph_chain,10,9,38,8000,0,0,10
pure_machine_events_preseeded,graph_chain,10,9,39,8000,0,0,10
fixture_generation,graph_wide,10,9,0,900,0,0,50
fixture_generation,graph_wide,10,9,1,800,0,0,50
fixture_generation,graph_wide,10,9,2,800,0,0,50
fixture_generation,graph_wide,10,9,3,700,0,0,50
fixture_generation,graph_wide,10,9,4,800,0,0,50
fixture_generation,graph_wide,10,9,5,800,0,0,50
fixture_generation,graph_wide,10,9,6,900,0,0,50
fixture_generation,graph_wide,10,9,7,800,0,0,50
fixture_generation,graph_wide,10,9,8,800,0,0,50
fixture_generation,graph_wide,10,9,9,700,0,0,50
fixture_generation,graph_wide,10,9,10,800,0,0,50
fixture_generation,graph_wide,10,9,11,800,0,0,50
fixture_generation,graph_wide,10,9,12,800,0,0,50
fixture_generation,graph_wide,10,9,13,900,0,0,50
fixture_generation,graph_wide,10,9,14,800,0,0,50
fixture_generation,graph_wide,10,9,15,800,0,0,50
fixture_generation,graph_wide,10,9,16,800,0,0,50
fixture_generation,graph_wide,10,9,17,700,0,0,50
fixture_generation,graph_wide,10,9,18,800,0,0,50
fixture_generation,graph_wide,10,9,19,800,0,0,50
plan_build,graph_wide,10,9,0,5800,0,0,10
plan_build,graph_wide,10,9,1,2800,0,0,10
plan_build,graph_wide,10,9,2,2300,0,0,10
plan_build,graph_wide,10,9,3,2200,0,0,10
plan_build,graph_wide,10,9,4,2100,0,0,10
plan_build,graph_wide,10,9,5,2000,0,0,10
plan_build,graph_wide,10,9,6,2100,0,0,10
plan_build,graph_wide,10,9,7,2100,0,0,10
plan_build,graph_wide,10,9,8,2000,0,0,10
plan_build,graph_wide,10,9,9,2100,0,0,10
plan_build,graph_wide,10,9,10,2100,0,0,10
plan_build,graph_wide,10,9,11,2100,0,0,10
plan_build,graph_wide,10,9,12,2100,0,0,10
plan_build,graph_wide,10,9,13,2100,0,0,10
plan_build,graph_wide,10,9,14,2100,0,0,10
plan_build,graph_wide,10,9,15,2100,0,0,10
plan_build,graph_wide,10,9,16,2100,0,0,10
plan_build,graph_wide,10,9,17,2000,0,0,10
plan_build,graph_wide,10,9,18,2100,0,0,10
plan_build,graph_wide,10,9,19,2100,0,0,10
plan_build_alloc,graph_wide,10,9,0,0,57,14265,10
engine_execution,graph_wide,10,9,0,32100,0,0,8
engine_execution,graph_wide,10,9,1,31100,0,0,9
engine_execution,graph_wide,10,9,2,30700,0,0,10
engine_execution,graph_wide,10,9,3,31100,0,0,11
engine_execution,graph_wide,10,9,4,31600,0,0,12
engine_execution,graph_wide,10,9,5,31700,0,0,13
engine_execution,graph_wide,10,9,6,32600,0,0,14
engine_execution,graph_wide,10,9,7,32100,0,0,15
engine_execution,graph_wide,10,9,8,32200,0,0,0
engine_execution,graph_wide,10,9,9,31000,0,0,1
engine_execution,graph_wide,10,9,10,36300,0,0,2
engine_execution,graph_wide,10,9,11,37200,0,0,3
engine_execution,graph_wide,10,9,12,32600,0,0,4
engine_execution,graph_wide,10,9,13,31500,0,0,5
engine_execution,graph_wide,10,9,14,36200,0,0,6
engine_execution,graph_wide,10,9,15,35700,0,0,7
engine_execution,graph_wide,10,9,16,36300,0,0,24
engine_execution,graph_wide,10,9,17,31900,0,0,25
engine_execution,graph_wide,10,9,18,32600,0,0,26
engine_execution,graph_wide,10,9,19,31500,0,0,27
engine_execution,graph_wide,10,9,20,32000,0,0,28
engine_execution,graph_wide,10,9,21,31000,0,0,29
engine_execution,graph_wide,10,9,22,31800,0,0,30
engine_execution,graph_wide,10,9,23,31600,0,0,31
engine_execution,graph_wide,10,9,24,31800,0,0,16
engine_execution,graph_wide,10,9,25,31900,0,0,17
engine_execution,graph_wide,10,9,26,31100,0,0,18
engine_execution,graph_wide,10,9,27,31500,0,0,19
engine_execution,graph_wide,10,9,28,35100,0,0,20
engine_execution,graph_wide,10,9,29,37200,0,0,21
engine_execution,graph_wide,10,9,30,32300,0,0,22
engine_execution,graph_wide,10,9,31,31700,0,0,23
engine_execution,graph_wide,10,9,32,31000,0,0,40
engine_execution,graph_wide,10,9,33,31300,0,0,41
engine_execution,graph_wide,10,9,34,33900,0,0,42
engine_execution,graph_wide,10,9,35,30800,0,0,43
engine_execution,graph_wide,10,9,36,31200,0,0,44
engine_execution,graph_wide,10,9,37,35400,0,0,45
engine_execution,graph_wide,10,9,38,36500,0,0,46
engine_execution,graph_wide,10,9,39,32100,0,0,47
engine_execution_alloc,graph_wide,10,9,0,0,631,67899,23122
machine_state_setup,graph_wide,10,9,0,4700,0,0,10
body_state_setup,graph_wide,10,9,0,400,0,0,0
machine_state_setup,graph_wide,10,9,1,3800,0,0,10
body_state_setup,graph_wide,10,9,1,400,0,0,0
machine_state_setup,graph_wide,10,9,2,3600,0,0,10
body_state_setup,graph_wide,10,9,2,400,0,0,0
machine_state_setup,graph_wide,10,9,3,3700,0,0,10
body_state_setup,graph_wide,10,9,3,300,0,0,0
machine_state_setup,graph_wide,10,9,4,3500,0,0,10
body_state_setup,graph_wide,10,9,4,300,0,0,0
machine_state_setup,graph_wide,10,9,5,3700,0,0,10
body_state_setup,graph_wide,10,9,5,200,0,0,0
machine_state_setup,graph_wide,10,9,6,3600,0,0,10
body_state_setup,graph_wide,10,9,6,200,0,0,0
machine_state_setup,graph_wide,10,9,7,3500,0,0,10
body_state_setup,graph_wide,10,9,7,300,0,0,0
machine_state_setup,graph_wide,10,9,8,3900,0,0,10
body_state_setup,graph_wide,10,9,8,200,0,0,0
machine_state_setup,graph_wide,10,9,9,3400,0,0,10
body_state_setup,graph_wide,10,9,9,300,0,0,0
machine_state_setup,graph_wide,10,9,10,3500,0,0,10
body_state_setup,graph_wide,10,9,10,200,0,0,0
machine_state_setup,graph_wide,10,9,11,3900,0,0,10
body_state_setup,graph_wide,10,9,11,300,0,0,0
machine_state_setup,graph_wide,10,9,12,4400,0,0,10
body_state_setup,graph_wide,10,9,12,300,0,0,0
machine_state_setup,graph_wide,10,9,13,4000,0,0,10
body_state_setup,graph_wide,10,9,13,400,0,0,0
machine_state_setup,graph_wide,10,9,14,3900,0,0,10
body_state_setup,graph_wide,10,9,14,500,0,0,0
machine_state_setup,graph_wide,10,9,15,4100,0,0,10
body_state_setup,graph_wide,10,9,15,300,0,0,0
machine_state_setup,graph_wide,10,9,16,4300,0,0,10
body_state_setup,graph_wide,10,9,16,200,0,0,0
machine_state_setup,graph_wide,10,9,17,3800,0,0,10
body_state_setup,graph_wide,10,9,17,300,0,0,0
machine_state_setup,graph_wide,10,9,18,3800,0,0,10
body_state_setup,graph_wide,10,9,18,300,0,0,0
machine_state_setup,graph_wide,10,9,19,3700,0,0,10
body_state_setup,graph_wide,10,9,19,300,0,0,0
machine_state_setup,graph_wide,10,9,20,4300,0,0,10
body_state_setup,graph_wide,10,9,20,300,0,0,0
machine_state_setup,graph_wide,10,9,21,3800,0,0,10
body_state_setup,graph_wide,10,9,21,300,0,0,0
machine_state_setup,graph_wide,10,9,22,3700,0,0,10
body_state_setup,graph_wide,10,9,22,300,0,0,0
machine_state_setup,graph_wide,10,9,23,4100,0,0,10
body_state_setup,graph_wide,10,9,23,500,0,0,0
machine_state_setup,graph_wide,10,9,24,3800,0,0,10
body_state_setup,graph_wide,10,9,24,500,0,0,0
machine_state_setup,graph_wide,10,9,25,4000,0,0,10
body_state_setup,graph_wide,10,9,25,500,0,0,0
machine_state_setup,graph_wide,10,9,26,3300,0,0,10
body_state_setup,graph_wide,10,9,26,300,0,0,0
machine_state_setup,graph_wide,10,9,27,3200,0,0,10
body_state_setup,graph_wide,10,9,27,300,0,0,0
machine_state_setup,graph_wide,10,9,28,3300,0,0,10
body_state_setup,graph_wide,10,9,28,200,0,0,0
machine_state_setup,graph_wide,10,9,29,3200,0,0,10
body_state_setup,graph_wide,10,9,29,300,0,0,0
machine_state_setup,graph_wide,10,9,30,3300,0,0,10
body_state_setup,graph_wide,10,9,30,300,0,0,0
machine_state_setup,graph_wide,10,9,31,3300,0,0,10
body_state_setup,graph_wide,10,9,31,300,0,0,0
machine_state_setup,graph_wide,10,9,32,3200,0,0,10
body_state_setup,graph_wide,10,9,32,200,0,0,0
machine_state_setup,graph_wide,10,9,33,3100,0,0,10
body_state_setup,graph_wide,10,9,33,300,0,0,0
machine_state_setup,graph_wide,10,9,34,3500,0,0,10
body_state_setup,graph_wide,10,9,34,400,0,0,0
machine_state_setup,graph_wide,10,9,35,3400,0,0,10
body_state_setup,graph_wide,10,9,35,300,0,0,0
machine_state_setup,graph_wide,10,9,36,3100,0,0,10
body_state_setup,graph_wide,10,9,36,300,0,0,0
machine_state_setup,graph_wide,10,9,37,3200,0,0,10
body_state_setup,graph_wide,10,9,37,300,0,0,0
machine_state_setup,graph_wide,10,9,38,3200,0,0,10
body_state_setup,graph_wide,10,9,38,200,0,0,0
machine_state_setup,graph_wide,10,9,39,3300,0,0,10
body_state_setup,graph_wide,10,9,39,300,0,0,0
fixture_generation,graph_sparse,10,9,0,800,0,0,50
fixture_generation,graph_sparse,10,9,1,800,0,0,50
fixture_generation,graph_sparse,10,9,2,800,0,0,50
fixture_generation,graph_sparse,10,9,3,800,0,0,50
fixture_generation,graph_sparse,10,9,4,800,0,0,50
fixture_generation,graph_sparse,10,9,5,800,0,0,50
fixture_generation,graph_sparse,10,9,6,700,0,0,50
fixture_generation,graph_sparse,10,9,7,700,0,0,50
fixture_generation,graph_sparse,10,9,8,700,0,0,50
fixture_generation,graph_sparse,10,9,9,800,0,0,50
fixture_generation,graph_sparse,10,9,10,800,0,0,50
fixture_generation,graph_sparse,10,9,11,800,0,0,50
fixture_generation,graph_sparse,10,9,12,800,0,0,50
fixture_generation,graph_sparse,10,9,13,800,0,0,50
fixture_generation,graph_sparse,10,9,14,700,0,0,50
fixture_generation,graph_sparse,10,9,15,900,0,0,50
fixture_generation,graph_sparse,10,9,16,800,0,0,50
fixture_generation,graph_sparse,10,9,17,800,0,0,50
fixture_generation,graph_sparse,10,9,18,800,0,0,50
fixture_generation,graph_sparse,10,9,19,800,0,0,50
plan_build,graph_sparse,10,9,0,15500,0,0,12
plan_build,graph_sparse,10,9,1,9700,0,0,12
plan_build,graph_sparse,10,9,2,2400,0,0,12
plan_build,graph_sparse,10,9,3,2200,0,0,12
plan_build,graph_sparse,10,9,4,2500,0,0,12
plan_build,graph_sparse,10,9,5,2200,0,0,12
plan_build,graph_sparse,10,9,6,2200,0,0,12
plan_build,graph_sparse,10,9,7,2100,0,0,12
plan_build,graph_sparse,10,9,8,2300,0,0,12
plan_build,graph_sparse,10,9,9,2200,0,0,12
plan_build,graph_sparse,10,9,10,2400,0,0,12
plan_build,graph_sparse,10,9,11,2100,0,0,12
plan_build,graph_sparse,10,9,12,2200,0,0,12
plan_build,graph_sparse,10,9,13,2000,0,0,12
plan_build,graph_sparse,10,9,14,2000,0,0,12
plan_build,graph_sparse,10,9,15,2000,0,0,12
plan_build,graph_sparse,10,9,16,2100,0,0,12
plan_build,graph_sparse,10,9,17,2000,0,0,12
plan_build,graph_sparse,10,9,18,2000,0,0,12
plan_build,graph_sparse,10,9,19,2000,0,0,12
plan_build_alloc,graph_sparse,10,9,0,0,57,14267,12
engine_execution,graph_sparse,10,9,0,40100,0,0,13
engine_execution,graph_sparse,10,9,1,41000,0,0,12
engine_execution,graph_sparse,10,9,2,38700,0,0,15
engine_execution,graph_sparse,10,9,3,32000,0,0,14
engine_execution,graph_sparse,10,9,4,31600,0,0,9
engine_execution,graph_sparse,10,9,5,30900,0,0,8
engine_execution,graph_sparse,10,9,6,32400,0,0,11
engine_execution,graph_sparse,10,9,7,35000,0,0,10
engine_execution,graph_sparse,10,9,8,42200,0,0,5
engine_execution,graph_sparse,10,9,9,40000,0,0,4
engine_execution,graph_sparse,10,9,10,39500,0,0,7
engine_execution,graph_sparse,10,9,11,36500,0,0,6
engine_execution,graph_sparse,10,9,12,33400,0,0,1
engine_execution,graph_sparse,10,9,13,31600,0,0,0
engine_execution,graph_sparse,10,9,14,31700,0,0,3
engine_execution,graph_sparse,10,9,15,43200,0,0,2
engine_execution,graph_sparse,10,9,16,39800,0,0,29
engine_execution,graph_sparse,10,9,17,35800,0,0,28
engine_execution,graph_sparse,10,9,18,36000,0,0,31
engine_execution,graph_sparse,10,9,19,43400,0,0,30
engine_execution,graph_sparse,10,9,20,41300,0,0,25
engine_execution,graph_sparse,10,9,21,40000,0,0,24
engine_execution,graph_sparse,10,9,22,36100,0,0,27
engine_execution,graph_sparse,10,9,23,32800,0,0,26
engine_execution,graph_sparse,10,9,24,40300,0,0,21
engine_execution,graph_sparse,10,9,25,41200,0,0,20
engine_execution,graph_sparse,10,9,26,38800,0,0,23
engine_execution,graph_sparse,10,9,27,42200,0,0,22
engine_execution,graph_sparse,10,9,28,39600,0,0,17
engine_execution,graph_sparse,10,9,29,40000,0,0,16
engine_execution,graph_sparse,10,9,30,41100,0,0,19
engine_execution,graph_sparse,10,9,31,38000,0,0,18
engine_execution,graph_sparse,10,9,32,31800,0,0,45
engine_execution,graph_sparse,10,9,33,31700,0,0,44
engine_execution,graph_sparse,10,9,34,32300,0,0,47
engine_execution,graph_sparse,10,9,35,31100,0,0,46
engine_execution,graph_sparse,10,9,36,31400,0,0,41
engine_execution,graph_sparse,10,9,37,36300,0,0,40
engine_execution,graph_sparse,10,9,38,41700,0,0,43
engine_execution,graph_sparse,10,9,39,41500,0,0,42
engine_execution_alloc,graph_sparse,10,9,0,0,642,66879,23127
machine_state_setup,graph_sparse,10,9,0,7200,0,0,10
body_state_setup,graph_sparse,10,9,0,400,0,0,0
machine_state_setup,graph_sparse,10,9,1,4100,0,0,10
body_state_setup,graph_sparse,10,9,1,300,0,0,0
machine_state_setup,graph_sparse,10,9,2,4000,0,0,10
body_state_setup,graph_sparse,10,9,2,600,0,0,0
machine_state_setup,graph_sparse,10,9,3,4100,0,0,10
body_state_setup,graph_sparse,10,9,3,400,0,0,0
machine_state_setup,graph_sparse,10,9,4,4200,0,0,10
body_state_setup,graph_sparse,10,9,4,300,0,0,0
machine_state_setup,graph_sparse,10,9,5,3800,0,0,10
body_state_setup,graph_sparse,10,9,5,300,0,0,0
machine_state_setup,graph_sparse,10,9,6,3900,0,0,10
body_state_setup,graph_sparse,10,9,6,1000,0,0,0
machine_state_setup,graph_sparse,10,9,7,4400,0,0,10
body_state_setup,graph_sparse,10,9,7,300,0,0,0
machine_state_setup,graph_sparse,10,9,8,3900,0,0,10
body_state_setup,graph_sparse,10,9,8,300,0,0,0
machine_state_setup,graph_sparse,10,9,9,3500,0,0,10
body_state_setup,graph_sparse,10,9,9,300,0,0,0
machine_state_setup,graph_sparse,10,9,10,3400,0,0,10
body_state_setup,graph_sparse,10,9,10,300,0,0,0
machine_state_setup,graph_sparse,10,9,11,3400,0,0,10
body_state_setup,graph_sparse,10,9,11,200,0,0,0
machine_state_setup,graph_sparse,10,9,12,3400,0,0,10
body_state_setup,graph_sparse,10,9,12,300,0,0,0
machine_state_setup,graph_sparse,10,9,13,3400,0,0,10
body_state_setup,graph_sparse,10,9,13,300,0,0,0
machine_state_setup,graph_sparse,10,9,14,3200,0,0,10
body_state_setup,graph_sparse,10,9,14,400,0,0,0
machine_state_setup,graph_sparse,10,9,15,3200,0,0,10
body_state_setup,graph_sparse,10,9,15,300,0,0,0
machine_state_setup,graph_sparse,10,9,16,3300,0,0,10
body_state_setup,graph_sparse,10,9,16,300,0,0,0
machine_state_setup,graph_sparse,10,9,17,3500,0,0,10
body_state_setup,graph_sparse,10,9,17,400,0,0,0
machine_state_setup,graph_sparse,10,9,18,3200,0,0,10
body_state_setup,graph_sparse,10,9,18,300,0,0,0
machine_state_setup,graph_sparse,10,9,19,3100,0,0,10
body_state_setup,graph_sparse,10,9,19,300,0,0,0
machine_state_setup,graph_sparse,10,9,20,3500,0,0,10
body_state_setup,graph_sparse,10,9,20,300,0,0,0
machine_state_setup,graph_sparse,10,9,21,3300,0,0,10
body_state_setup,graph_sparse,10,9,21,300,0,0,0
machine_state_setup,graph_sparse,10,9,22,3400,0,0,10
body_state_setup,graph_sparse,10,9,22,300,0,0,0
machine_state_setup,graph_sparse,10,9,23,3200,0,0,10
body_state_setup,graph_sparse,10,9,23,200,0,0,0
machine_state_setup,graph_sparse,10,9,24,3200,0,0,10
body_state_setup,graph_sparse,10,9,24,300,0,0,0
machine_state_setup,graph_sparse,10,9,25,3200,0,0,10
body_state_setup,graph_sparse,10,9,25,300,0,0,0
machine_state_setup,graph_sparse,10,9,26,3300,0,0,10
body_state_setup,graph_sparse,10,9,26,300,0,0,0
machine_state_setup,graph_sparse,10,9,27,3400,0,0,10
body_state_setup,graph_sparse,10,9,27,300,0,0,0
machine_state_setup,graph_sparse,10,9,28,3100,0,0,10
body_state_setup,graph_sparse,10,9,28,400,0,0,0
machine_state_setup,graph_sparse,10,9,29,3200,0,0,10
body_state_setup,graph_sparse,10,9,29,300,0,0,0
machine_state_setup,graph_sparse,10,9,30,3200,0,0,10
body_state_setup,graph_sparse,10,9,30,400,0,0,0
machine_state_setup,graph_sparse,10,9,31,3200,0,0,10
body_state_setup,graph_sparse,10,9,31,300,0,0,0
machine_state_setup,graph_sparse,10,9,32,3200,0,0,10
body_state_setup,graph_sparse,10,9,32,300,0,0,0
machine_state_setup,graph_sparse,10,9,33,3400,0,0,10
body_state_setup,graph_sparse,10,9,33,200,0,0,0
machine_state_setup,graph_sparse,10,9,34,3300,0,0,10
body_state_setup,graph_sparse,10,9,34,300,0,0,0
machine_state_setup,graph_sparse,10,9,35,3500,0,0,10
body_state_setup,graph_sparse,10,9,35,300,0,0,0
machine_state_setup,graph_sparse,10,9,36,3400,0,0,10
body_state_setup,graph_sparse,10,9,36,200,0,0,0
machine_state_setup,graph_sparse,10,9,37,3200,0,0,10
body_state_setup,graph_sparse,10,9,37,300,0,0,0
machine_state_setup,graph_sparse,10,9,38,3200,0,0,10
body_state_setup,graph_sparse,10,9,38,300,0,0,0
machine_state_setup,graph_sparse,10,9,39,3300,0,0,10
body_state_setup,graph_sparse,10,9,39,200,0,0,0
fixture_generation,graph_chain,100,99,0,7100,0,0,500
fixture_generation,graph_chain,100,99,1,6900,0,0,500
fixture_generation,graph_chain,100,99,2,6800,0,0,500
fixture_generation,graph_chain,100,99,3,7000,0,0,500
fixture_generation,graph_chain,100,99,4,7000,0,0,500
fixture_generation,graph_chain,100,99,5,7000,0,0,500
fixture_generation,graph_chain,100,99,6,6700,0,0,500
fixture_generation,graph_chain,100,99,7,6700,0,0,500
fixture_generation,graph_chain,100,99,8,7500,0,0,500
fixture_generation,graph_chain,100,99,9,7400,0,0,500
fixture_generation,graph_chain,100,99,10,7500,0,0,500
fixture_generation,graph_chain,100,99,11,7500,0,0,500
fixture_generation,graph_chain,100,99,12,7200,0,0,500
fixture_generation,graph_chain,100,99,13,6900,0,0,500
fixture_generation,graph_chain,100,99,14,6900,0,0,500
fixture_generation,graph_chain,100,99,15,6800,0,0,500
fixture_generation,graph_chain,100,99,16,6800,0,0,500
fixture_generation,graph_chain,100,99,17,6800,0,0,500
fixture_generation,graph_chain,100,99,18,6700,0,0,500
fixture_generation,graph_chain,100,99,19,6800,0,0,500
plan_build,graph_chain,100,99,0,68800,0,0,11
plan_build,graph_chain,100,99,1,53400,0,0,11
plan_build,graph_chain,100,99,2,26300,0,0,11
plan_build,graph_chain,100,99,3,55300,0,0,11
plan_build,graph_chain,100,99,4,28100,0,0,11
plan_build,graph_chain,100,99,5,29400,0,0,11
plan_build,graph_chain,100,99,6,25000,0,0,11
plan_build,graph_chain,100,99,7,36000,0,0,11
plan_build,graph_chain,100,99,8,42700,0,0,11
plan_build,graph_chain,100,99,9,33400,0,0,11
plan_build,graph_chain,100,99,10,27000,0,0,11
plan_build,graph_chain,100,99,11,31600,0,0,11
plan_build,graph_chain,100,99,12,46000,0,0,11
plan_build,graph_chain,100,99,13,34500,0,0,11
plan_build,graph_chain,100,99,14,49100,0,0,11
plan_build,graph_chain,100,99,15,32600,0,0,11
plan_build,graph_chain,100,99,16,24500,0,0,11
plan_build,graph_chain,100,99,17,30700,0,0,11
plan_build,graph_chain,100,99,18,49700,0,0,11
plan_build,graph_chain,100,99,19,34100,0,0,11
plan_build_alloc,graph_chain,100,99,0,0,429,126588,11
engine_execution,graph_chain,100,99,0,492900,0,0,1
engine_execution,graph_chain,100,99,1,519500,0,0,0
engine_execution,graph_chain,100,99,2,469800,0,0,3
engine_execution,graph_chain,100,99,3,501000,0,0,2
engine_execution,graph_chain,100,99,4,518600,0,0,5
engine_execution,graph_chain,100,99,5,499700,0,0,4
engine_execution,graph_chain,100,99,6,482700,0,0,7
engine_execution,graph_chain,100,99,7,498100,0,0,6
engine_execution,graph_chain,100,99,8,500200,0,0,9
engine_execution,graph_chain,100,99,9,505300,0,0,8
engine_execution,graph_chain,100,99,10,505000,0,0,11
engine_execution,graph_chain,100,99,11,496400,0,0,10
engine_execution,graph_chain,100,99,12,471600,0,0,13
engine_execution,graph_chain,100,99,13,493900,0,0,12
engine_execution,graph_chain,100,99,14,484200,0,0,15
engine_execution,graph_chain,100,99,15,503000,0,0,14
engine_execution,graph_chain,100,99,16,483600,0,0,17
engine_execution,graph_chain,100,99,17,499900,0,0,16
engine_execution,graph_chain,100,99,18,519100,0,0,19
engine_execution,graph_chain,100,99,19,590000,0,0,18
engine_execution,graph_chain,100,99,20,549900,0,0,21
engine_execution,graph_chain,100,99,21,553000,0,0,20
engine_execution,graph_chain,100,99,22,540300,0,0,23
engine_execution,graph_chain,100,99,23,529000,0,0,22
engine_execution,graph_chain,100,99,24,502200,0,0,25
engine_execution,graph_chain,100,99,25,551900,0,0,24
engine_execution,graph_chain,100,99,26,509900,0,0,27
engine_execution,graph_chain,100,99,27,541600,0,0,26
engine_execution,graph_chain,100,99,28,480700,0,0,29
engine_execution,graph_chain,100,99,29,489800,0,0,28
engine_execution,graph_chain,100,99,30,487200,0,0,31
engine_execution,graph_chain,100,99,31,579200,0,0,30
engine_execution,graph_chain,100,99,32,478400,0,0,33
engine_execution,graph_chain,100,99,33,486900,0,0,32
engine_execution,graph_chain,100,99,34,472300,0,0,35
engine_execution,graph_chain,100,99,35,482300,0,0,34
engine_execution,graph_chain,100,99,36,465600,0,0,37
engine_execution,graph_chain,100,99,37,477500,0,0,36
engine_execution,graph_chain,100,99,38,451100,0,0,39
engine_execution,graph_chain,100,99,39,473800,0,0,38
engine_execution_alloc,graph_chain,100,99,0,0,5983,769191,23131
machine_state_setup,graph_chain,100,99,0,91400,0,0,100
body_state_setup,graph_chain,100,99,0,800,0,0,0
machine_state_setup,graph_chain,100,99,1,72200,0,0,100
body_state_setup,graph_chain,100,99,1,700,0,0,0
machine_state_setup,graph_chain,100,99,2,62200,0,0,100
body_state_setup,graph_chain,100,99,2,600,0,0,0
machine_state_setup,graph_chain,100,99,3,64900,0,0,100
body_state_setup,graph_chain,100,99,3,600,0,0,0
machine_state_setup,graph_chain,100,99,4,64000,0,0,100
body_state_setup,graph_chain,100,99,4,500,0,0,0
machine_state_setup,graph_chain,100,99,5,58500,0,0,100
body_state_setup,graph_chain,100,99,5,500,0,0,0
machine_state_setup,graph_chain,100,99,6,58400,0,0,100
body_state_setup,graph_chain,100,99,6,1100,0,0,0
machine_state_setup,graph_chain,100,99,7,57100,0,0,100
body_state_setup,graph_chain,100,99,7,500,0,0,0
machine_state_setup,graph_chain,100,99,8,57700,0,0,100
body_state_setup,graph_chain,100,99,8,600,0,0,0
machine_state_setup,graph_chain,100,99,9,59500,0,0,100
body_state_setup,graph_chain,100,99,9,600,0,0,0
machine_state_setup,graph_chain,100,99,10,58400,0,0,100
body_state_setup,graph_chain,100,99,10,600,0,0,0
machine_state_setup,graph_chain,100,99,11,59600,0,0,100
body_state_setup,graph_chain,100,99,11,600,0,0,0
machine_state_setup,graph_chain,100,99,12,60400,0,0,100
body_state_setup,graph_chain,100,99,12,600,0,0,0
machine_state_setup,graph_chain,100,99,13,59200,0,0,100
body_state_setup,graph_chain,100,99,13,600,0,0,0
machine_state_setup,graph_chain,100,99,14,60700,0,0,100
body_state_setup,graph_chain,100,99,14,600,0,0,0
machine_state_setup,graph_chain,100,99,15,64100,0,0,100
body_state_setup,graph_chain,100,99,15,600,0,0,0
machine_state_setup,graph_chain,100,99,16,59400,0,0,100
body_state_setup,graph_chain,100,99,16,600,0,0,0
machine_state_setup,graph_chain,100,99,17,61300,0,0,100
body_state_setup,graph_chain,100,99,17,600,0,0,0
machine_state_setup,graph_chain,100,99,18,59600,0,0,100
body_state_setup,graph_chain,100,99,18,700,0,0,0
machine_state_setup,graph_chain,100,99,19,62000,0,0,100
body_state_setup,graph_chain,100,99,19,600,0,0,0
machine_state_setup,graph_chain,100,99,20,60900,0,0,100
body_state_setup,graph_chain,100,99,20,600,0,0,0
machine_state_setup,graph_chain,100,99,21,61200,0,0,100
body_state_setup,graph_chain,100,99,21,700,0,0,0
machine_state_setup,graph_chain,100,99,22,60400,0,0,100
body_state_setup,graph_chain,100,99,22,600,0,0,0
machine_state_setup,graph_chain,100,99,23,62400,0,0,100
body_state_setup,graph_chain,100,99,23,600,0,0,0
machine_state_setup,graph_chain,100,99,24,65400,0,0,100
body_state_setup,graph_chain,100,99,24,600,0,0,0
machine_state_setup,graph_chain,100,99,25,62800,0,0,100
body_state_setup,graph_chain,100,99,25,600,0,0,0
machine_state_setup,graph_chain,100,99,26,62100,0,0,100
body_state_setup,graph_chain,100,99,26,500,0,0,0
machine_state_setup,graph_chain,100,99,27,62800,0,0,100
body_state_setup,graph_chain,100,99,27,800,0,0,0
machine_state_setup,graph_chain,100,99,28,60900,0,0,100
body_state_setup,graph_chain,100,99,28,700,0,0,0
machine_state_setup,graph_chain,100,99,29,61200,0,0,100
body_state_setup,graph_chain,100,99,29,600,0,0,0
machine_state_setup,graph_chain,100,99,30,62300,0,0,100
body_state_setup,graph_chain,100,99,30,600,0,0,0
machine_state_setup,graph_chain,100,99,31,61900,0,0,100
body_state_setup,graph_chain,100,99,31,600,0,0,0
machine_state_setup,graph_chain,100,99,32,61800,0,0,100
body_state_setup,graph_chain,100,99,32,700,0,0,0
machine_state_setup,graph_chain,100,99,33,62000,0,0,100
body_state_setup,graph_chain,100,99,33,700,0,0,0
machine_state_setup,graph_chain,100,99,34,62000,0,0,100
body_state_setup,graph_chain,100,99,34,600,0,0,0
machine_state_setup,graph_chain,100,99,35,65400,0,0,100
body_state_setup,graph_chain,100,99,35,600,0,0,0
machine_state_setup,graph_chain,100,99,36,66200,0,0,100
body_state_setup,graph_chain,100,99,36,700,0,0,0
machine_state_setup,graph_chain,100,99,37,60100,0,0,100
body_state_setup,graph_chain,100,99,37,600,0,0,0
machine_state_setup,graph_chain,100,99,38,61600,0,0,100
body_state_setup,graph_chain,100,99,38,700,0,0,0
machine_state_setup,graph_chain,100,99,39,62800,0,0,100
body_state_setup,graph_chain,100,99,39,600,0,0,0
pure_machine_events_preseeded,graph_chain,100,99,0,126300,0,0,101
pure_machine_events_preseeded,graph_chain,100,99,1,125300,0,0,101
pure_machine_events_preseeded,graph_chain,100,99,2,121200,0,0,101
pure_machine_events_preseeded,graph_chain,100,99,3,121600,0,0,101
pure_machine_events_preseeded,graph_chain,100,99,4,121600,0,0,101
pure_machine_events_preseeded,graph_chain,100,99,5,121100,0,0,101
pure_machine_events_preseeded,graph_chain,100,99,6,121900,0,0,101
pure_machine_events_preseeded,graph_chain,100,99,7,120700,0,0,101
pure_machine_events_preseeded,graph_chain,100,99,8,121300,0,0,101
pure_machine_events_preseeded,graph_chain,100,99,9,121500,0,0,101
pure_machine_events_preseeded,graph_chain,100,99,10,122100,0,0,101
pure_machine_events_preseeded,graph_chain,100,99,11,122600,0,0,101
pure_machine_events_preseeded,graph_chain,100,99,12,120800,0,0,101
pure_machine_events_preseeded,graph_chain,100,99,13,120800,0,0,101
pure_machine_events_preseeded,graph_chain,100,99,14,121100,0,0,101
pure_machine_events_preseeded,graph_chain,100,99,15,120700,0,0,101
pure_machine_events_preseeded,graph_chain,100,99,16,127400,0,0,101
pure_machine_events_preseeded,graph_chain,100,99,17,121300,0,0,101
pure_machine_events_preseeded,graph_chain,100,99,18,121200,0,0,101
pure_machine_events_preseeded,graph_chain,100,99,19,121100,0,0,101
pure_machine_events_preseeded,graph_chain,100,99,20,121600,0,0,101
pure_machine_events_preseeded,graph_chain,100,99,21,121000,0,0,101
pure_machine_events_preseeded,graph_chain,100,99,22,122500,0,0,101
pure_machine_events_preseeded,graph_chain,100,99,23,121500,0,0,101
pure_machine_events_preseeded,graph_chain,100,99,24,120000,0,0,101
pure_machine_events_preseeded,graph_chain,100,99,25,120200,0,0,101
pure_machine_events_preseeded,graph_chain,100,99,26,119900,0,0,101
pure_machine_events_preseeded,graph_chain,100,99,27,119400,0,0,101
pure_machine_events_preseeded,graph_chain,100,99,28,121800,0,0,101
pure_machine_events_preseeded,graph_chain,100,99,29,120600,0,0,101
pure_machine_events_preseeded,graph_chain,100,99,30,122200,0,0,101
pure_machine_events_preseeded,graph_chain,100,99,31,120500,0,0,101
pure_machine_events_preseeded,graph_chain,100,99,32,120900,0,0,101
pure_machine_events_preseeded,graph_chain,100,99,33,120000,0,0,101
pure_machine_events_preseeded,graph_chain,100,99,34,122800,0,0,101
pure_machine_events_preseeded,graph_chain,100,99,35,120400,0,0,101
pure_machine_events_preseeded,graph_chain,100,99,36,124900,0,0,101
pure_machine_events_preseeded,graph_chain,100,99,37,119600,0,0,101
pure_machine_events_preseeded,graph_chain,100,99,38,119700,0,0,101
pure_machine_events_preseeded,graph_chain,100,99,39,124400,0,0,101
fixture_generation,graph_wide,100,99,0,7100,0,0,500
fixture_generation,graph_wide,100,99,1,6900,0,0,500
fixture_generation,graph_wide,100,99,2,6900,0,0,500
fixture_generation,graph_wide,100,99,3,6900,0,0,500
fixture_generation,graph_wide,100,99,4,6800,0,0,500
fixture_generation,graph_wide,100,99,5,6800,0,0,500
fixture_generation,graph_wide,100,99,6,6900,0,0,500
fixture_generation,graph_wide,100,99,7,7700,0,0,500
fixture_generation,graph_wide,100,99,8,7500,0,0,500
fixture_generation,graph_wide,100,99,9,7500,0,0,500
fixture_generation,graph_wide,100,99,10,6900,0,0,500
fixture_generation,graph_wide,100,99,11,6800,0,0,500
fixture_generation,graph_wide,100,99,12,6800,0,0,500
fixture_generation,graph_wide,100,99,13,6800,0,0,500
fixture_generation,graph_wide,100,99,14,6800,0,0,500
fixture_generation,graph_wide,100,99,15,6800,0,0,500
fixture_generation,graph_wide,100,99,16,6900,0,0,500
fixture_generation,graph_wide,100,99,17,6800,0,0,500
fixture_generation,graph_wide,100,99,18,6800,0,0,500
fixture_generation,graph_wide,100,99,19,6800,0,0,500
plan_build,graph_wide,100,99,0,49700,0,0,10
plan_build,graph_wide,100,99,1,39900,0,0,10
plan_build,graph_wide,100,99,2,25500,0,0,10
plan_build,graph_wide,100,99,3,24100,0,0,10
plan_build,graph_wide,100,99,4,25700,0,0,10
plan_build,graph_wide,100,99,5,25000,0,0,10
plan_build,graph_wide,100,99,6,28600,0,0,10
plan_build,graph_wide,100,99,7,28800,0,0,10
plan_build,graph_wide,100,99,8,26400,0,0,10
plan_build,graph_wide,100,99,9,24200,0,0,10
plan_build,graph_wide,100,99,10,24700,0,0,10
plan_build,graph_wide,100,99,11,24700,0,0,10
plan_build,graph_wide,100,99,12,24500,0,0,10
plan_build,graph_wide,100,99,13,24500,0,0,10
plan_build,graph_wide,100,99,14,24800,0,0,10
plan_build,graph_wide,100,99,15,24500,0,0,10
plan_build,graph_wide,100,99,16,24100,0,0,10
plan_build,graph_wide,100,99,17,24500,0,0,10
plan_build,graph_wide,100,99,18,24300,0,0,10
plan_build,graph_wide,100,99,19,24300,0,0,10
plan_build_alloc,graph_wide,100,99,0,0,429,126587,10
engine_execution,graph_wide,100,99,0,577400,0,0,98
engine_execution,graph_wide,100,99,1,561400,0,0,99
engine_execution,graph_wide,100,99,2,482200,0,0,96
engine_execution,graph_wide,100,99,3,547100,0,0,97
engine_execution,graph_wide,100,99,4,585900,0,0,102
engine_execution,graph_wide,100,99,5,425400,0,0,103
engine_execution,graph_wide,100,99,6,494700,0,0,100
engine_execution,graph_wide,100,99,7,432400,0,0,101
engine_execution,graph_wide,100,99,8,477000,0,0,106
engine_execution,graph_wide,100,99,9,411800,0,0,107
engine_execution,graph_wide,100,99,10,533100,0,0,104
engine_execution,graph_wide,100,99,11,418200,0,0,105
engine_execution,graph_wide,100,99,12,529600,0,0,110
engine_execution,graph_wide,100,99,13,403000,0,0,111
engine_execution,graph_wide,100,99,14,438500,0,0,108
engine_execution,graph_wide,100,99,15,398100,0,0,109
engine_execution,graph_wide,100,99,16,434200,0,0,114
engine_execution,graph_wide,100,99,17,403300,0,0,115
engine_execution,graph_wide,100,99,18,436300,0,0,112
engine_execution,graph_wide,100,99,19,416400,0,0,113
engine_execution,graph_wide,100,99,20,427900,0,0,118
engine_execution,graph_wide,100,99,21,401900,0,0,119
engine_execution,graph_wide,100,99,22,419300,0,0,116
engine_execution,graph_wide,100,99,23,425000,0,0,117
engine_execution,graph_wide,100,99,24,425300,0,0,122
engine_execution,graph_wide,100,99,25,426500,0,0,123
engine_execution,graph_wide,100,99,26,435100,0,0,120
engine_execution,graph_wide,100,99,27,420700,0,0,121
engine_execution,graph_wide,100,99,28,436700,0,0,126
engine_execution,graph_wide,100,99,29,421000,0,0,127
engine_execution,graph_wide,100,99,30,428100,0,0,124
engine_execution,graph_wide,100,99,31,427300,0,0,125
engine_execution,graph_wide,100,99,32,416200,0,0,66
engine_execution,graph_wide,100,99,33,414600,0,0,67
engine_execution,graph_wide,100,99,34,437500,0,0,64
engine_execution,graph_wide,100,99,35,421800,0,0,65
engine_execution,graph_wide,100,99,36,435800,0,0,70
engine_execution,graph_wide,100,99,37,422800,0,0,71
engine_execution,graph_wide,100,99,38,418000,0,0,68
engine_execution,graph_wide,100,99,39,408200,0,0,69
engine_execution_alloc,graph_wide,100,99,0,0,5618,723269,23096
machine_state_setup,graph_wide,100,99,0,66300,0,0,100
body_state_setup,graph_wide,100,99,0,1100,0,0,0
machine_state_setup,graph_wide,100,99,1,50300,0,0,100
body_state_setup,graph_wide,100,99,1,800,0,0,0
machine_state_setup,graph_wide,100,99,2,52400,0,0,100
body_state_setup,graph_wide,100,99,2,700,0,0,0
machine_state_setup,graph_wide,100,99,3,52700,0,0,100
body_state_setup,graph_wide,100,99,3,800,0,0,0
machine_state_setup,graph_wide,100,99,4,48400,0,0,100
body_state_setup,graph_wide,100,99,4,600,0,0,0
machine_state_setup,graph_wide,100,99,5,51600,0,0,100
body_state_setup,graph_wide,100,99,5,600,0,0,0
machine_state_setup,graph_wide,100,99,6,47200,0,0,100
body_state_setup,graph_wide,100,99,6,700,0,0,0
machine_state_setup,graph_wide,100,99,7,52300,0,0,100
body_state_setup,graph_wide,100,99,7,600,0,0,0
machine_state_setup,graph_wide,100,99,8,51900,0,0,100
body_state_setup,graph_wide,100,99,8,500,0,0,0
machine_state_setup,graph_wide,100,99,9,57200,0,0,100
body_state_setup,graph_wide,100,99,9,800,0,0,0
machine_state_setup,graph_wide,100,99,10,53000,0,0,100
body_state_setup,graph_wide,100,99,10,600,0,0,0
machine_state_setup,graph_wide,100,99,11,53700,0,0,100
body_state_setup,graph_wide,100,99,11,600,0,0,0
machine_state_setup,graph_wide,100,99,12,49200,0,0,100
body_state_setup,graph_wide,100,99,12,700,0,0,0
machine_state_setup,graph_wide,100,99,13,54600,0,0,100
body_state_setup,graph_wide,100,99,13,600,0,0,0
machine_state_setup,graph_wide,100,99,14,52600,0,0,100
body_state_setup,graph_wide,100,99,14,600,0,0,0
machine_state_setup,graph_wide,100,99,15,54000,0,0,100
body_state_setup,graph_wide,100,99,15,700,0,0,0
machine_state_setup,graph_wide,100,99,16,52500,0,0,100
body_state_setup,graph_wide,100,99,16,600,0,0,0
machine_state_setup,graph_wide,100,99,17,63500,0,0,100
body_state_setup,graph_wide,100,99,17,500,0,0,0
machine_state_setup,graph_wide,100,99,18,53200,0,0,100
body_state_setup,graph_wide,100,99,18,700,0,0,0
machine_state_setup,graph_wide,100,99,19,50900,0,0,100
body_state_setup,graph_wide,100,99,19,500,0,0,0
machine_state_setup,graph_wide,100,99,20,47200,0,0,100
body_state_setup,graph_wide,100,99,20,700,0,0,0
machine_state_setup,graph_wide,100,99,21,55800,0,0,100
body_state_setup,graph_wide,100,99,21,700,0,0,0
machine_state_setup,graph_wide,100,99,22,55800,0,0,100
body_state_setup,graph_wide,100,99,22,500,0,0,0
machine_state_setup,graph_wide,100,99,23,55900,0,0,100
body_state_setup,graph_wide,100,99,23,600,0,0,0
machine_state_setup,graph_wide,100,99,24,51600,0,0,100
body_state_setup,graph_wide,100,99,24,700,0,0,0
machine_state_setup,graph_wide,100,99,25,55600,0,0,100
body_state_setup,graph_wide,100,99,25,600,0,0,0
machine_state_setup,graph_wide,100,99,26,52400,0,0,100
body_state_setup,graph_wide,100,99,26,600,0,0,0
machine_state_setup,graph_wide,100,99,27,54200,0,0,100
body_state_setup,graph_wide,100,99,27,800,0,0,0
machine_state_setup,graph_wide,100,99,28,46200,0,0,100
body_state_setup,graph_wide,100,99,28,700,0,0,0
machine_state_setup,graph_wide,100,99,29,58000,0,0,100
body_state_setup,graph_wide,100,99,29,600,0,0,0
machine_state_setup,graph_wide,100,99,30,51900,0,0,100
body_state_setup,graph_wide,100,99,30,800,0,0,0
machine_state_setup,graph_wide,100,99,31,48700,0,0,100
body_state_setup,graph_wide,100,99,31,600,0,0,0
machine_state_setup,graph_wide,100,99,32,45500,0,0,100
body_state_setup,graph_wide,100,99,32,500,0,0,0
machine_state_setup,graph_wide,100,99,33,59100,0,0,100
body_state_setup,graph_wide,100,99,33,700,0,0,0
machine_state_setup,graph_wide,100,99,34,56600,0,0,100
body_state_setup,graph_wide,100,99,34,700,0,0,0
machine_state_setup,graph_wide,100,99,35,54800,0,0,100
body_state_setup,graph_wide,100,99,35,600,0,0,0
machine_state_setup,graph_wide,100,99,36,52800,0,0,100
body_state_setup,graph_wide,100,99,36,800,0,0,0
machine_state_setup,graph_wide,100,99,37,50000,0,0,100
body_state_setup,graph_wide,100,99,37,600,0,0,0
machine_state_setup,graph_wide,100,99,38,53500,0,0,100
body_state_setup,graph_wide,100,99,38,700,0,0,0
machine_state_setup,graph_wide,100,99,39,55100,0,0,100
body_state_setup,graph_wide,100,99,39,700,0,0,0
fixture_generation,graph_sparse,100,99,0,7000,0,0,500
fixture_generation,graph_sparse,100,99,1,7000,0,0,500
fixture_generation,graph_sparse,100,99,2,6800,0,0,500
fixture_generation,graph_sparse,100,99,3,6900,0,0,500
fixture_generation,graph_sparse,100,99,4,6700,0,0,500
fixture_generation,graph_sparse,100,99,5,6800,0,0,500
fixture_generation,graph_sparse,100,99,6,6800,0,0,500
fixture_generation,graph_sparse,100,99,7,6700,0,0,500
fixture_generation,graph_sparse,100,99,8,6800,0,0,500
fixture_generation,graph_sparse,100,99,9,6800,0,0,500
fixture_generation,graph_sparse,100,99,10,6800,0,0,500
fixture_generation,graph_sparse,100,99,11,6600,0,0,500
fixture_generation,graph_sparse,100,99,12,6500,0,0,500
fixture_generation,graph_sparse,100,99,13,6600,0,0,500
fixture_generation,graph_sparse,100,99,14,6500,0,0,500
fixture_generation,graph_sparse,100,99,15,6600,0,0,500
fixture_generation,graph_sparse,100,99,16,6500,0,0,500
fixture_generation,graph_sparse,100,99,17,6500,0,0,500
fixture_generation,graph_sparse,100,99,18,6600,0,0,500
fixture_generation,graph_sparse,100,99,19,6500,0,0,500
plan_build,graph_sparse,100,99,0,76900,0,0,12
plan_build,graph_sparse,100,99,1,55200,0,0,12
plan_build,graph_sparse,100,99,2,26300,0,0,12
plan_build,graph_sparse,100,99,3,23700,0,0,12
plan_build,graph_sparse,100,99,4,23500,0,0,12
plan_build,graph_sparse,100,99,5,26200,0,0,12
plan_build,graph_sparse,100,99,6,23700,0,0,12
plan_build,graph_sparse,100,99,7,23600,0,0,12
plan_build,graph_sparse,100,99,8,24300,0,0,12
plan_build,graph_sparse,100,99,9,23500,0,0,12
plan_build,graph_sparse,100,99,10,23300,0,0,12
plan_build,graph_sparse,100,99,11,25500,0,0,12
plan_build,graph_sparse,100,99,12,23500,0,0,12
plan_build,graph_sparse,100,99,13,23500,0,0,12
plan_build,graph_sparse,100,99,14,24000,0,0,12
plan_build,graph_sparse,100,99,15,23600,0,0,12
plan_build,graph_sparse,100,99,16,23500,0,0,12
plan_build,graph_sparse,100,99,17,23500,0,0,12
plan_build,graph_sparse,100,99,18,23500,0,0,12
plan_build,graph_sparse,100,99,19,24400,0,0,12
plan_build_alloc,graph_sparse,100,99,0,0,429,126589,12
engine_execution,graph_sparse,100,99,0,480600,0,0,71
engine_execution,graph_sparse,100,99,1,470500,0,0,70
engine_execution,graph_sparse,100,99,2,474000,0,0,69
engine_execution,graph_sparse,100,99,3,486900,0,0,68
engine_execution,graph_sparse,100,99,4,457500,0,0,67
engine_execution,graph_sparse,100,99,5,438800,0,0,66
engine_execution,graph_sparse,100,99,6,477600,0,0,65
engine_execution,graph_sparse,100,99,7,441900,0,0,64
engine_execution,graph_sparse,100,99,8,452800,0,0,79
engine_execution,graph_sparse,100,99,9,437500,0,0,78
engine_execution,graph_sparse,100,99,10,464500,0,0,77
engine_execution,graph_sparse,100,99,11,507700,0,0,76
engine_execution,graph_sparse,100,99,12,419300,0,0,75
engine_execution,graph_sparse,100,99,13,412300,0,0,74
engine_execution,graph_sparse,100,99,14,427800,0,0,73
engine_execution,graph_sparse,100,99,15,437200,0,0,72
engine_execution,graph_sparse,100,99,16,436000,0,0,87
engine_execution,graph_sparse,100,99,17,427100,0,0,86
engine_execution,graph_sparse,100,99,18,449800,0,0,85
engine_execution,graph_sparse,100,99,19,450400,0,0,84
engine_execution,graph_sparse,100,99,20,443900,0,0,83
engine_execution,graph_sparse,100,99,21,428000,0,0,82
engine_execution,graph_sparse,100,99,22,493400,0,0,81
engine_execution,graph_sparse,100,99,23,459100,0,0,80
engine_execution,graph_sparse,100,99,24,435000,0,0,95
engine_execution,graph_sparse,100,99,25,439500,0,0,94
engine_execution,graph_sparse,100,99,26,462800,0,0,93
engine_execution,graph_sparse,100,99,27,450500,0,0,92
engine_execution,graph_sparse,100,99,28,412500,0,0,91
engine_execution,graph_sparse,100,99,29,423600,0,0,90
engine_execution,graph_sparse,100,99,30,445000,0,0,89
engine_execution,graph_sparse,100,99,31,434600,0,0,88
engine_execution,graph_sparse,100,99,32,420800,0,0,103
engine_execution,graph_sparse,100,99,33,430200,0,0,102
engine_execution,graph_sparse,100,99,34,462100,0,0,101
engine_execution,graph_sparse,100,99,35,436200,0,0,100
engine_execution,graph_sparse,100,99,36,436000,0,0,99
engine_execution,graph_sparse,100,99,37,443100,0,0,98
engine_execution,graph_sparse,100,99,38,444400,0,0,97
engine_execution,graph_sparse,100,99,39,456300,0,0,96
engine_execution_alloc,graph_sparse,100,99,0,0,5838,748777,23069
machine_state_setup,graph_sparse,100,99,0,73900,0,0,100
body_state_setup,graph_sparse,100,99,0,1100,0,0,0
machine_state_setup,graph_sparse,100,99,1,65100,0,0,100
body_state_setup,graph_sparse,100,99,1,600,0,0,0
machine_state_setup,graph_sparse,100,99,2,59600,0,0,100
body_state_setup,graph_sparse,100,99,2,700,0,0,0
machine_state_setup,graph_sparse,100,99,3,65000,0,0,100
body_state_setup,graph_sparse,100,99,3,700,0,0,0
machine_state_setup,graph_sparse,100,99,4,65300,0,0,100
body_state_setup,graph_sparse,100,99,4,600,0,0,0
machine_state_setup,graph_sparse,100,99,5,63500,0,0,100
body_state_setup,graph_sparse,100,99,5,500,0,0,0
machine_state_setup,graph_sparse,100,99,6,63700,0,0,100
body_state_setup,graph_sparse,100,99,6,600,0,0,0
machine_state_setup,graph_sparse,100,99,7,61600,0,0,100
body_state_setup,graph_sparse,100,99,7,600,0,0,0
machine_state_setup,graph_sparse,100,99,8,61900,0,0,100
body_state_setup,graph_sparse,100,99,8,600,0,0,0
machine_state_setup,graph_sparse,100,99,9,62000,0,0,100
body_state_setup,graph_sparse,100,99,9,700,0,0,0
machine_state_setup,graph_sparse,100,99,10,64100,0,0,100
body_state_setup,graph_sparse,100,99,10,600,0,0,0
machine_state_setup,graph_sparse,100,99,11,65000,0,0,100
body_state_setup,graph_sparse,100,99,11,700,0,0,0
machine_state_setup,graph_sparse,100,99,12,60200,0,0,100
body_state_setup,graph_sparse,100,99,12,700,0,0,0
machine_state_setup,graph_sparse,100,99,13,64100,0,0,100
body_state_setup,graph_sparse,100,99,13,700,0,0,0
machine_state_setup,graph_sparse,100,99,14,60600,0,0,100
body_state_setup,graph_sparse,100,99,14,600,0,0,0
machine_state_setup,graph_sparse,100,99,15,62500,0,0,100
body_state_setup,graph_sparse,100,99,15,600,0,0,0
machine_state_setup,graph_sparse,100,99,16,64600,0,0,100
body_state_setup,graph_sparse,100,99,16,500,0,0,0
machine_state_setup,graph_sparse,100,99,17,68500,0,0,100
body_state_setup,graph_sparse,100,99,17,500,0,0,0
machine_state_setup,graph_sparse,100,99,18,61900,0,0,100
body_state_setup,graph_sparse,100,99,18,700,0,0,0
machine_state_setup,graph_sparse,100,99,19,65900,0,0,100
body_state_setup,graph_sparse,100,99,19,600,0,0,0
machine_state_setup,graph_sparse,100,99,20,66700,0,0,100
body_state_setup,graph_sparse,100,99,20,500,0,0,0
machine_state_setup,graph_sparse,100,99,21,68200,0,0,100
body_state_setup,graph_sparse,100,99,21,600,0,0,0
machine_state_setup,graph_sparse,100,99,22,65000,0,0,100
body_state_setup,graph_sparse,100,99,22,500,0,0,0
machine_state_setup,graph_sparse,100,99,23,60900,0,0,100
body_state_setup,graph_sparse,100,99,23,600,0,0,0
machine_state_setup,graph_sparse,100,99,24,62600,0,0,100
body_state_setup,graph_sparse,100,99,24,700,0,0,0
machine_state_setup,graph_sparse,100,99,25,62200,0,0,100
body_state_setup,graph_sparse,100,99,25,500,0,0,0
machine_state_setup,graph_sparse,100,99,26,63900,0,0,100
body_state_setup,graph_sparse,100,99,26,500,0,0,0
machine_state_setup,graph_sparse,100,99,27,65000,0,0,100
body_state_setup,graph_sparse,100,99,27,700,0,0,0
machine_state_setup,graph_sparse,100,99,28,65100,0,0,100
body_state_setup,graph_sparse,100,99,28,500,0,0,0
machine_state_setup,graph_sparse,100,99,29,66000,0,0,100
body_state_setup,graph_sparse,100,99,29,500,0,0,0
machine_state_setup,graph_sparse,100,99,30,66100,0,0,100
body_state_setup,graph_sparse,100,99,30,700,0,0,0
machine_state_setup,graph_sparse,100,99,31,63200,0,0,100
body_state_setup,graph_sparse,100,99,31,600,0,0,0
machine_state_setup,graph_sparse,100,99,32,63700,0,0,100
body_state_setup,graph_sparse,100,99,32,400,0,0,0
machine_state_setup,graph_sparse,100,99,33,63100,0,0,100
body_state_setup,graph_sparse,100,99,33,600,0,0,0
machine_state_setup,graph_sparse,100,99,34,67500,0,0,100
body_state_setup,graph_sparse,100,99,34,500,0,0,0
machine_state_setup,graph_sparse,100,99,35,65300,0,0,100
body_state_setup,graph_sparse,100,99,35,600,0,0,0
machine_state_setup,graph_sparse,100,99,36,64700,0,0,100
body_state_setup,graph_sparse,100,99,36,600,0,0,0
machine_state_setup,graph_sparse,100,99,37,67900,0,0,100
body_state_setup,graph_sparse,100,99,37,400,0,0,0
machine_state_setup,graph_sparse,100,99,38,70200,0,0,100
body_state_setup,graph_sparse,100,99,38,500,0,0,0
machine_state_setup,graph_sparse,100,99,39,114800,0,0,100
body_state_setup,graph_sparse,100,99,39,700,0,0,0
fixture_generation,graph_chain,1000,999,0,68500,0,0,5000
fixture_generation,graph_chain,1000,999,1,63400,0,0,5000
fixture_generation,graph_chain,1000,999,2,63100,0,0,5000
fixture_generation,graph_chain,1000,999,3,63200,0,0,5000
fixture_generation,graph_chain,1000,999,4,63100,0,0,5000
fixture_generation,graph_chain,1000,999,5,67500,0,0,5000
fixture_generation,graph_chain,1000,999,6,63500,0,0,5000
fixture_generation,graph_chain,1000,999,7,63100,0,0,5000
fixture_generation,graph_chain,1000,999,8,63200,0,0,5000
fixture_generation,graph_chain,1000,999,9,63200,0,0,5000
fixture_generation,graph_chain,1000,999,10,68800,0,0,5000
fixture_generation,graph_chain,1000,999,11,63000,0,0,5000
fixture_generation,graph_chain,1000,999,12,63000,0,0,5000
fixture_generation,graph_chain,1000,999,13,62900,0,0,5000
fixture_generation,graph_chain,1000,999,14,62900,0,0,5000
fixture_generation,graph_chain,1000,999,15,62900,0,0,5000
fixture_generation,graph_chain,1000,999,16,62800,0,0,5000
fixture_generation,graph_chain,1000,999,17,63000,0,0,5000
fixture_generation,graph_chain,1000,999,18,62900,0,0,5000
fixture_generation,graph_chain,1000,999,19,63200,0,0,5000
plan_build,graph_chain,1000,999,0,1027300,0,0,11
plan_build,graph_chain,1000,999,1,1101900,0,0,11
plan_build,graph_chain,1000,999,2,970400,0,0,11
plan_build,graph_chain,1000,999,3,1051700,0,0,11
plan_build,graph_chain,1000,999,4,860500,0,0,11
plan_build,graph_chain,1000,999,5,1007000,0,0,11
plan_build,graph_chain,1000,999,6,1057000,0,0,11
plan_build,graph_chain,1000,999,7,970600,0,0,11
plan_build,graph_chain,1000,999,8,799000,0,0,11
plan_build,graph_chain,1000,999,9,860500,0,0,11
plan_build,graph_chain,1000,999,10,993700,0,0,11
plan_build,graph_chain,1000,999,11,920800,0,0,11
plan_build,graph_chain,1000,999,12,837300,0,0,11
plan_build,graph_chain,1000,999,13,1054300,0,0,11
plan_build,graph_chain,1000,999,14,780500,0,0,11
plan_build,graph_chain,1000,999,15,810000,0,0,11
plan_build,graph_chain,1000,999,16,909900,0,0,11
plan_build,graph_chain,1000,999,17,816000,0,0,11
plan_build,graph_chain,1000,999,18,1012800,0,0,11
plan_build,graph_chain,1000,999,19,958500,0,0,11
plan_build_alloc,graph_chain,1000,999,0,0,4041,1049104,11
engine_execution,graph_chain,1000,999,0,12554200,0,0,1
engine_execution,graph_chain,1000,999,1,12714200,0,0,0
engine_execution,graph_chain,1000,999,2,12539900,0,0,3
engine_execution,graph_chain,1000,999,3,12702900,0,0,2
engine_execution,graph_chain,1000,999,4,12640100,0,0,5
engine_execution,graph_chain,1000,999,5,12643100,0,0,4
engine_execution,graph_chain,1000,999,6,12690700,0,0,7
engine_execution,graph_chain,1000,999,7,12856500,0,0,6
engine_execution,graph_chain,1000,999,8,12851400,0,0,9
engine_execution,graph_chain,1000,999,9,12729800,0,0,8
engine_execution,graph_chain,1000,999,10,12660500,0,0,11
engine_execution,graph_chain,1000,999,11,12674000,0,0,10
engine_execution,graph_chain,1000,999,12,12771000,0,0,13
engine_execution,graph_chain,1000,999,13,12581900,0,0,12
engine_execution,graph_chain,1000,999,14,12692900,0,0,15
engine_execution,graph_chain,1000,999,15,12687300,0,0,14
engine_execution,graph_chain,1000,999,16,12643800,0,0,17
engine_execution,graph_chain,1000,999,17,12816600,0,0,16
engine_execution,graph_chain,1000,999,18,12509100,0,0,19
engine_execution,graph_chain,1000,999,19,12581900,0,0,18
engine_execution,graph_chain,1000,999,20,12433900,0,0,21
engine_execution,graph_chain,1000,999,21,12548700,0,0,20
engine_execution,graph_chain,1000,999,22,12919400,0,0,23
engine_execution,graph_chain,1000,999,23,12609700,0,0,22
engine_execution,graph_chain,1000,999,24,12614100,0,0,25
engine_execution,graph_chain,1000,999,25,12639100,0,0,24
engine_execution,graph_chain,1000,999,26,12652400,0,0,27
engine_execution,graph_chain,1000,999,27,13041700,0,0,26
engine_execution,graph_chain,1000,999,28,12747000,0,0,29
engine_execution,graph_chain,1000,999,29,12742200,0,0,28
engine_execution,graph_chain,1000,999,30,12670600,0,0,31
engine_execution,graph_chain,1000,999,31,12688600,0,0,30
engine_execution,graph_chain,1000,999,32,12630200,0,0,33
engine_execution,graph_chain,1000,999,33,12594600,0,0,32
engine_execution,graph_chain,1000,999,34,12504100,0,0,35
engine_execution,graph_chain,1000,999,35,12521400,0,0,34
engine_execution,graph_chain,1000,999,36,12690300,0,0,37
engine_execution,graph_chain,1000,999,37,12633500,0,0,36
engine_execution,graph_chain,1000,999,38,12567700,0,0,39
engine_execution,graph_chain,1000,999,39,12591700,0,0,38
engine_execution_alloc,graph_chain,1000,999,0,0,59102,28976427,23131
machine_state_setup,graph_chain,1000,999,0,605400,0,0,1000
body_state_setup,graph_chain,1000,999,0,2400,0,0,0
machine_state_setup,graph_chain,1000,999,1,294700,0,0,1000
body_state_setup,graph_chain,1000,999,1,1800,0,0,0
machine_state_setup,graph_chain,1000,999,2,362700,0,0,1000
body_state_setup,graph_chain,1000,999,2,6700,0,0,0
machine_state_setup,graph_chain,1000,999,3,677800,0,0,1000
body_state_setup,graph_chain,1000,999,3,7400,0,0,0
machine_state_setup,graph_chain,1000,999,4,737600,0,0,1000
body_state_setup,graph_chain,1000,999,4,7500,0,0,0
machine_state_setup,graph_chain,1000,999,5,699200,0,0,1000
body_state_setup,graph_chain,1000,999,5,6700,0,0,0
machine_state_setup,graph_chain,1000,999,6,758800,0,0,1000
body_state_setup,graph_chain,1000,999,6,7100,0,0,0
machine_state_setup,graph_chain,1000,999,7,632200,0,0,1000
body_state_setup,graph_chain,1000,999,7,6000,0,0,0
machine_state_setup,graph_chain,1000,999,8,690500,0,0,1000
body_state_setup,graph_chain,1000,999,8,6300,0,0,0
machine_state_setup,graph_chain,1000,999,9,620600,0,0,1000
body_state_setup,graph_chain,1000,999,9,5900,0,0,0
machine_state_setup,graph_chain,1000,999,10,526600,0,0,1000
body_state_setup,graph_chain,1000,999,10,1900,0,0,0
machine_state_setup,graph_chain,1000,999,11,333300,0,0,1000
body_state_setup,graph_chain,1000,999,11,7500,0,0,0
machine_state_setup,graph_chain,1000,999,12,559200,0,0,1000
body_state_setup,graph_chain,1000,999,12,2000,0,0,0
machine_state_setup,graph_chain,1000,999,13,260600,0,0,1000
body_state_setup,graph_chain,1000,999,13,1700,0,0,0
machine_state_setup,graph_chain,1000,999,14,318200,0,0,1000
body_state_setup,graph_chain,1000,999,14,6300,0,0,0
machine_state_setup,graph_chain,1000,999,15,561900,0,0,1000
body_state_setup,graph_chain,1000,999,15,1900,0,0,0
machine_state_setup,graph_chain,1000,999,16,679300,0,0,1000
body_state_setup,graph_chain,1000,999,16,5900,0,0,0
machine_state_setup,graph_chain,1000,999,17,528300,0,0,1000
body_state_setup,graph_chain,1000,999,17,1700,0,0,0
machine_state_setup,graph_chain,1000,999,18,385700,0,0,1000
body_state_setup,graph_chain,1000,999,18,6300,0,0,0
machine_state_setup,graph_chain,1000,999,19,567100,0,0,1000
body_state_setup,graph_chain,1000,999,19,2000,0,0,0
machine_state_setup,graph_chain,1000,999,20,494800,0,0,1000
body_state_setup,graph_chain,1000,999,20,6000,0,0,0
machine_state_setup,graph_chain,1000,999,21,563400,0,0,1000
body_state_setup,graph_chain,1000,999,21,1800,0,0,0
machine_state_setup,graph_chain,1000,999,22,273500,0,0,1000
body_state_setup,graph_chain,1000,999,22,1600,0,0,0
machine_state_setup,graph_chain,1000,999,23,259200,0,0,1000
body_state_setup,graph_chain,1000,999,23,1900,0,0,0
machine_state_setup,graph_chain,1000,999,24,256200,0,0,1000
body_state_setup,graph_chain,1000,999,24,1600,0,0,0
machine_state_setup,graph_chain,1000,999,25,266900,0,0,1000
body_state_setup,graph_chain,1000,999,25,1900,0,0,0
machine_state_setup,graph_chain,1000,999,26,263200,0,0,1000
body_state_setup,graph_chain,1000,999,26,1600,0,0,0
machine_state_setup,graph_chain,1000,999,27,248100,0,0,1000
body_state_setup,graph_chain,1000,999,27,1700,0,0,0
machine_state_setup,graph_chain,1000,999,28,623800,0,0,1000
body_state_setup,graph_chain,1000,999,28,1700,0,0,0
machine_state_setup,graph_chain,1000,999,29,336400,0,0,1000
body_state_setup,graph_chain,1000,999,29,5100,0,0,0
machine_state_setup,graph_chain,1000,999,30,569900,0,0,1000
body_state_setup,graph_chain,1000,999,30,1800,0,0,0
machine_state_setup,graph_chain,1000,999,31,313700,0,0,1000
body_state_setup,graph_chain,1000,999,31,5200,0,0,0
machine_state_setup,graph_chain,1000,999,32,568300,0,0,1000
body_state_setup,graph_chain,1000,999,32,5300,0,0,0
machine_state_setup,graph_chain,1000,999,33,336000,0,0,1000
body_state_setup,graph_chain,1000,999,33,11000,0,0,0
machine_state_setup,graph_chain,1000,999,34,577700,0,0,1000
body_state_setup,graph_chain,1000,999,34,1600,0,0,0
machine_state_setup,graph_chain,1000,999,35,256000,0,0,1000
body_state_setup,graph_chain,1000,999,35,65400,0,0,0
machine_state_setup,graph_chain,1000,999,36,603800,0,0,1000
body_state_setup,graph_chain,1000,999,36,1900,0,0,0
machine_state_setup,graph_chain,1000,999,37,262900,0,0,1000
body_state_setup,graph_chain,1000,999,37,1600,0,0,0
machine_state_setup,graph_chain,1000,999,38,320400,0,0,1000
body_state_setup,graph_chain,1000,999,38,8600,0,0,0
machine_state_setup,graph_chain,1000,999,39,585800,0,0,1000
body_state_setup,graph_chain,1000,999,39,1600,0,0,0
pure_machine_events_preseeded,graph_chain,1000,999,0,6742600,0,0,1001
pure_machine_events_preseeded,graph_chain,1000,999,1,6679200,0,0,1001
pure_machine_events_preseeded,graph_chain,1000,999,2,6687100,0,0,1001
pure_machine_events_preseeded,graph_chain,1000,999,3,6604900,0,0,1001
pure_machine_events_preseeded,graph_chain,1000,999,4,6771300,0,0,1001
pure_machine_events_preseeded,graph_chain,1000,999,5,6724300,0,0,1001
pure_machine_events_preseeded,graph_chain,1000,999,6,6713100,0,0,1001
pure_machine_events_preseeded,graph_chain,1000,999,7,6680200,0,0,1001
pure_machine_events_preseeded,graph_chain,1000,999,8,6767600,0,0,1001
pure_machine_events_preseeded,graph_chain,1000,999,9,6759100,0,0,1001
pure_machine_events_preseeded,graph_chain,1000,999,10,6795600,0,0,1001
pure_machine_events_preseeded,graph_chain,1000,999,11,6845700,0,0,1001
pure_machine_events_preseeded,graph_chain,1000,999,12,6649600,0,0,1001
pure_machine_events_preseeded,graph_chain,1000,999,13,6685100,0,0,1001
pure_machine_events_preseeded,graph_chain,1000,999,14,6605500,0,0,1001
pure_machine_events_preseeded,graph_chain,1000,999,15,6683800,0,0,1001
pure_machine_events_preseeded,graph_chain,1000,999,16,6627300,0,0,1001
pure_machine_events_preseeded,graph_chain,1000,999,17,6727300,0,0,1001
pure_machine_events_preseeded,graph_chain,1000,999,18,6652200,0,0,1001
pure_machine_events_preseeded,graph_chain,1000,999,19,6678700,0,0,1001
pure_machine_events_preseeded,graph_chain,1000,999,20,6691000,0,0,1001
pure_machine_events_preseeded,graph_chain,1000,999,21,6665200,0,0,1001
pure_machine_events_preseeded,graph_chain,1000,999,22,6673900,0,0,1001
pure_machine_events_preseeded,graph_chain,1000,999,23,6646500,0,0,1001
pure_machine_events_preseeded,graph_chain,1000,999,24,6696500,0,0,1001
pure_machine_events_preseeded,graph_chain,1000,999,25,6700900,0,0,1001
pure_machine_events_preseeded,graph_chain,1000,999,26,6728100,0,0,1001
pure_machine_events_preseeded,graph_chain,1000,999,27,6669600,0,0,1001
pure_machine_events_preseeded,graph_chain,1000,999,28,6828200,0,0,1001
pure_machine_events_preseeded,graph_chain,1000,999,29,6696600,0,0,1001
pure_machine_events_preseeded,graph_chain,1000,999,30,6686800,0,0,1001
pure_machine_events_preseeded,graph_chain,1000,999,31,6679400,0,0,1001
pure_machine_events_preseeded,graph_chain,1000,999,32,6708100,0,0,1001
pure_machine_events_preseeded,graph_chain,1000,999,33,6644400,0,0,1001
pure_machine_events_preseeded,graph_chain,1000,999,34,6631800,0,0,1001
pure_machine_events_preseeded,graph_chain,1000,999,35,6603700,0,0,1001
pure_machine_events_preseeded,graph_chain,1000,999,36,6722700,0,0,1001
pure_machine_events_preseeded,graph_chain,1000,999,37,6640700,0,0,1001
pure_machine_events_preseeded,graph_chain,1000,999,38,6640000,0,0,1001
pure_machine_events_preseeded,graph_chain,1000,999,39,6523500,0,0,1001
fixture_generation,graph_wide,1000,999,0,61000,0,0,5000
fixture_generation,graph_wide,1000,999,1,60800,0,0,5000
fixture_generation,graph_wide,1000,999,2,62800,0,0,5000
fixture_generation,graph_wide,1000,999,3,66200,0,0,5000
fixture_generation,graph_wide,1000,999,4,62100,0,0,5000
fixture_generation,graph_wide,1000,999,5,61800,0,0,5000
fixture_generation,graph_wide,1000,999,6,61800,0,0,5000
fixture_generation,graph_wide,1000,999,7,61700,0,0,5000
fixture_generation,graph_wide,1000,999,8,62200,0,0,5000
fixture_generation,graph_wide,1000,999,9,62700,0,0,5000
fixture_generation,graph_wide,1000,999,10,63900,0,0,5000
fixture_generation,graph_wide,1000,999,11,63800,0,0,5000
fixture_generation,graph_wide,1000,999,12,63700,0,0,5000
fixture_generation,graph_wide,1000,999,13,64000,0,0,5000
fixture_generation,graph_wide,1000,999,14,63700,0,0,5000
fixture_generation,graph_wide,1000,999,15,63900,0,0,5000
fixture_generation,graph_wide,1000,999,16,64000,0,0,5000
fixture_generation,graph_wide,1000,999,17,64000,0,0,5000
fixture_generation,graph_wide,1000,999,18,63900,0,0,5000
fixture_generation,graph_wide,1000,999,19,66500,0,0,5000
plan_build,graph_wide,1000,999,0,963700,0,0,10
plan_build,graph_wide,1000,999,1,761800,0,0,10
plan_build,graph_wide,1000,999,2,787000,0,0,10
plan_build,graph_wide,1000,999,3,875000,0,0,10
plan_build,graph_wide,1000,999,4,765300,0,0,10
plan_build,graph_wide,1000,999,5,804200,0,0,10
plan_build,graph_wide,1000,999,6,795500,0,0,10
plan_build,graph_wide,1000,999,7,768400,0,0,10
plan_build,graph_wide,1000,999,8,763900,0,0,10
plan_build,graph_wide,1000,999,9,769200,0,0,10
plan_build,graph_wide,1000,999,10,758800,0,0,10
plan_build,graph_wide,1000,999,11,752600,0,0,10
plan_build,graph_wide,1000,999,12,748800,0,0,10
plan_build,graph_wide,1000,999,13,758000,0,0,10
plan_build,graph_wide,1000,999,14,753800,0,0,10
plan_build,graph_wide,1000,999,15,755100,0,0,10
plan_build,graph_wide,1000,999,16,797800,0,0,10
plan_build,graph_wide,1000,999,17,760300,0,0,10
plan_build,graph_wide,1000,999,18,774200,0,0,10
plan_build,graph_wide,1000,999,19,743400,0,0,10
plan_build_alloc,graph_wide,1000,999,0,0,4041,1049103,10
engine_execution,graph_wide,1000,999,0,10566400,0,0,998
engine_execution,graph_wide,1000,999,1,10100100,0,0,999
engine_execution,graph_wide,1000,999,2,10043100,0,0,996
engine_execution,graph_wide,1000,999,3,10233000,0,0,997
engine_execution,graph_wide,1000,999,4,10081400,0,0,994
engine_execution,graph_wide,1000,999,5,10231100,0,0,995
engine_execution,graph_wide,1000,999,6,10117300,0,0,992
engine_execution,graph_wide,1000,999,7,10050400,0,0,993
engine_execution,graph_wide,1000,999,8,10309100,0,0,1006
engine_execution,graph_wide,1000,999,9,10076500,0,0,1007
engine_execution,graph_wide,1000,999,10,10698700,0,0,1004
engine_execution,graph_wide,1000,999,11,10079700,0,0,1005
engine_execution,graph_wide,1000,999,12,10417100,0,0,1002
engine_execution,graph_wide,1000,999,13,10338400,0,0,1003
engine_execution,graph_wide,1000,999,14,10158200,0,0,1000
engine_execution,graph_wide,1000,999,15,10302400,0,0,1001
engine_execution,graph_wide,1000,999,16,10052900,0,0,1014
engine_execution,graph_wide,1000,999,17,10330600,0,0,1015
engine_execution,graph_wide,1000,999,18,10182600,0,0,1012
engine_execution,graph_wide,1000,999,19,10975000,0,0,1013
engine_execution,graph_wide,1000,999,20,10292000,0,0,1010
engine_execution,graph_wide,1000,999,21,9976100,0,0,1011
engine_execution,graph_wide,1000,999,22,10257400,0,0,1008
engine_execution,graph_wide,1000,999,23,10666100,0,0,1009
engine_execution,graph_wide,1000,999,24,10586700,0,0,1022
engine_execution,graph_wide,1000,999,25,10141600,0,0,1023
engine_execution,graph_wide,1000,999,26,10266500,0,0,1020
engine_execution,graph_wide,1000,999,27,10039200,0,0,1021
engine_execution,graph_wide,1000,999,28,10363900,0,0,1018
engine_execution,graph_wide,1000,999,29,10316200,0,0,1019
engine_execution,graph_wide,1000,999,30,10580000,0,0,1016
engine_execution,graph_wide,1000,999,31,9955200,0,0,1017
engine_execution,graph_wide,1000,999,32,10230400,0,0,966
engine_execution,graph_wide,1000,999,33,9834600,0,0,967
engine_execution,graph_wide,1000,999,34,9657700,0,0,964
engine_execution,graph_wide,1000,999,35,10260000,0,0,965
engine_execution,graph_wide,1000,999,36,9587400,0,0,962
engine_execution,graph_wide,1000,999,37,10073100,0,0,963
engine_execution,graph_wide,1000,999,38,9557200,0,0,960
engine_execution,graph_wide,1000,999,39,10162800,0,0,961
engine_execution_alloc,graph_wide,1000,999,0,0,55207,21300345,22972
machine_state_setup,graph_wide,1000,999,0,894400,0,0,1000
body_state_setup,graph_wide,1000,999,0,7300,0,0,0
machine_state_setup,graph_wide,1000,999,1,804000,0,0,1000
body_state_setup,graph_wide,1000,999,1,7000,0,0,0
machine_state_setup,graph_wide,1000,999,2,487800,0,0,1000
body_state_setup,graph_wide,1000,999,2,1800,0,0,0
machine_state_setup,graph_wide,1000,999,3,472400,0,0,1000
body_state_setup,graph_wide,1000,999,3,1600,0,0,0
machine_state_setup,graph_wide,1000,999,4,503600,0,0,1000
body_state_setup,graph_wide,1000,999,4,1900,0,0,0
machine_state_setup,graph_wide,1000,999,5,463600,0,0,1000
body_state_setup,graph_wide,1000,999,5,6000,0,0,0
machine_state_setup,graph_wide,1000,999,6,550200,0,0,1000
body_state_setup,graph_wide,1000,999,6,6400,0,0,0
machine_state_setup,graph_wide,1000,999,7,763500,0,0,1000
body_state_setup,graph_wide,1000,999,7,3200,0,0,0
machine_state_setup,graph_wide,1000,999,8,453200,0,0,1000
body_state_setup,graph_wide,1000,999,8,1700,0,0,0
machine_state_setup,graph_wide,1000,999,9,458400,0,0,1000
body_state_setup,graph_wide,1000,999,9,3100,0,0,0
machine_state_setup,graph_wide,1000,999,10,446800,0,0,1000
body_state_setup,graph_wide,1000,999,10,1700,0,0,0
machine_state_setup,graph_wide,1000,999,11,496700,0,0,1000
body_state_setup,graph_wide,1000,999,11,1600,0,0,0
machine_state_setup,graph_wide,1000,999,12,439800,0,0,1000
body_state_setup,graph_wide,1000,999,12,3400,0,0,0
machine_state_setup,graph_wide,1000,999,13,447600,0,0,1000
body_state_setup,graph_wide,1000,999,13,1600,0,0,0
machine_state_setup,graph_wide,1000,999,14,432800,0,0,1000
body_state_setup,graph_wide,1000,999,14,1800,0,0,0
machine_state_setup,graph_wide,1000,999,15,541400,0,0,1000
body_state_setup,graph_wide,1000,999,15,6100,0,0,0
machine_state_setup,graph_wide,1000,999,16,738100,0,0,1000
body_state_setup,graph_wide,1000,999,16,1900,0,0,0
machine_state_setup,graph_wide,1000,999,17,525500,0,0,1000
body_state_setup,graph_wide,1000,999,17,3400,0,0,0
machine_state_setup,graph_wide,1000,999,18,544400,0,0,1000
body_state_setup,graph_wide,1000,999,18,6900,0,0,0
machine_state_setup,graph_wide,1000,999,19,710600,0,0,1000
body_state_setup,graph_wide,1000,999,19,1800,0,0,0
machine_state_setup,graph_wide,1000,999,20,448200,0,0,1000
body_state_setup,graph_wide,1000,999,20,3000,0,0,0
machine_state_setup,graph_wide,1000,999,21,525400,0,0,1000
body_state_setup,graph_wide,1000,999,21,5600,0,0,0
machine_state_setup,graph_wide,1000,999,22,745300,0,0,1000
body_state_setup,graph_wide,1000,999,22,1900,0,0,0
machine_state_setup,graph_wide,1000,999,23,450800,0,0,1000
body_state_setup,graph_wide,1000,999,23,1600,0,0,0
machine_state_setup,graph_wide,1000,999,24,451200,0,0,1000
body_state_setup,graph_wide,1000,999,24,1700,0,0,0
machine_state_setup,graph_wide,1000,999,25,466200,0,0,1000
body_state_setup,graph_wide,1000,999,25,1700,0,0,0
machine_state_setup,graph_wide,1000,999,26,475500,0,0,1000
body_state_setup,graph_wide,1000,999,26,1800,0,0,0
machine_state_setup,graph_wide,1000,999,27,490200,0,0,1000
body_state_setup,graph_wide,1000,999,27,1700,0,0,0
machine_state_setup,graph_wide,1000,999,28,447600,0,0,1000
body_state_setup,graph_wide,1000,999,28,1700,0,0,0
machine_state_setup,graph_wide,1000,999,29,450800,0,0,1000
body_state_setup,graph_wide,1000,999,29,1800,0,0,0
machine_state_setup,graph_wide,1000,999,30,543200,0,0,1000
body_state_setup,graph_wide,1000,999,30,6200,0,0,0
machine_state_setup,graph_wide,1000,999,31,813500,0,0,1000
body_state_setup,graph_wide,1000,999,31,12500,0,0,0
machine_state_setup,graph_wide,1000,999,32,508900,0,0,1000
body_state_setup,graph_wide,1000,999,32,1700,0,0,0
machine_state_setup,graph_wide,1000,999,33,443100,0,0,1000
body_state_setup,graph_wide,1000,999,33,1600,0,0,0
machine_state_setup,graph_wide,1000,999,34,523800,0,0,1000
body_state_setup,graph_wide,1000,999,34,1700,0,0,0
machine_state_setup,graph_wide,1000,999,35,455700,0,0,1000
body_state_setup,graph_wide,1000,999,35,1700,0,0,0
machine_state_setup,graph_wide,1000,999,36,445200,0,0,1000
body_state_setup,graph_wide,1000,999,36,1600,0,0,0
machine_state_setup,graph_wide,1000,999,37,446200,0,0,1000
body_state_setup,graph_wide,1000,999,37,1600,0,0,0
machine_state_setup,graph_wide,1000,999,38,443500,0,0,1000
body_state_setup,graph_wide,1000,999,38,1700,0,0,0
machine_state_setup,graph_wide,1000,999,39,444600,0,0,1000
body_state_setup,graph_wide,1000,999,39,1600,0,0,0
fixture_generation,graph_sparse,1000,999,0,63400,0,0,5000
fixture_generation,graph_sparse,1000,999,1,63200,0,0,5000
fixture_generation,graph_sparse,1000,999,2,65600,0,0,5000
fixture_generation,graph_sparse,1000,999,3,62800,0,0,5000
fixture_generation,graph_sparse,1000,999,4,62900,0,0,5000
fixture_generation,graph_sparse,1000,999,5,62800,0,0,5000
fixture_generation,graph_sparse,1000,999,6,62900,0,0,5000
fixture_generation,graph_sparse,1000,999,7,62800,0,0,5000
fixture_generation,graph_sparse,1000,999,8,62800,0,0,5000
fixture_generation,graph_sparse,1000,999,9,68700,0,0,5000
fixture_generation,graph_sparse,1000,999,10,63200,0,0,5000
fixture_generation,graph_sparse,1000,999,11,62900,0,0,5000
fixture_generation,graph_sparse,1000,999,12,62900,0,0,5000
fixture_generation,graph_sparse,1000,999,13,63000,0,0,5000
fixture_generation,graph_sparse,1000,999,14,63900,0,0,5000
fixture_generation,graph_sparse,1000,999,15,63100,0,0,5000
fixture_generation,graph_sparse,1000,999,16,63100,0,0,5000
fixture_generation,graph_sparse,1000,999,17,63000,0,0,5000
fixture_generation,graph_sparse,1000,999,18,63100,0,0,5000
fixture_generation,graph_sparse,1000,999,19,65300,0,0,5000
plan_build,graph_sparse,1000,999,0,1149600,0,0,12
plan_build,graph_sparse,1000,999,1,1041400,0,0,12
plan_build,graph_sparse,1000,999,2,768600,0,0,12
plan_build,graph_sparse,1000,999,3,766700,0,0,12
plan_build,graph_sparse,1000,999,4,776900,0,0,12
plan_build,graph_sparse,1000,999,5,766800,0,0,12
plan_build,graph_sparse,1000,999,6,834500,0,0,12
plan_build,graph_sparse,1000,999,7,767300,0,0,12
plan_build,graph_sparse,1000,999,8,798500,0,0,12
plan_build,graph_sparse,1000,999,9,770500,0,0,12
plan_build,graph_sparse,1000,999,10,758800,0,0,12
plan_build,graph_sparse,1000,999,11,765900,0,0,12
plan_build,graph_sparse,1000,999,12,774400,0,0,12
plan_build,graph_sparse,1000,999,13,769700,0,0,12
plan_build,graph_sparse,1000,999,14,784400,0,0,12
plan_build,graph_sparse,1000,999,15,753800,0,0,12
plan_build,graph_sparse,1000,999,16,774300,0,0,12
plan_build,graph_sparse,1000,999,17,763400,0,0,12
plan_build,graph_sparse,1000,999,18,793700,0,0,12
plan_build,graph_sparse,1000,999,19,764300,0,0,12
plan_build_alloc,graph_sparse,1000,999,0,0,4041,1049105,12
engine_execution,graph_sparse,1000,999,0,11293000,0,0,697
engine_execution,graph_sparse,1000,999,1,10861200,0,0,696
engine_execution,graph_sparse,1000,999,2,11365900,0,0,699
engine_execution,graph_sparse,1000,999,3,11516500,0,0,698
engine_execution,graph_sparse,1000,999,4,11369200,0,0,701
engine_execution,graph_sparse,1000,999,5,11008500,0,0,700
engine_execution,graph_sparse,1000,999,6,11691000,0,0,703
engine_execution,graph_sparse,1000,999,7,11639700,0,0,702
engine_execution,graph_sparse,1000,999,8,11236200,0,0,689
engine_execution,graph_sparse,1000,999,9,10689600,0,0,688
engine_execution,graph_sparse,1000,999,10,10754800,0,0,691
engine_execution,graph_sparse,1000,999,11,11355500,0,0,690
engine_execution,graph_sparse,1000,999,12,11530100,0,0,693
engine_execution,graph_sparse,1000,999,13,11538600,0,0,692
engine_execution,graph_sparse,1000,999,14,10730500,0,0,695
engine_execution,graph_sparse,1000,999,15,10970300,0,0,694
engine_execution,graph_sparse,1000,999,16,11342600,0,0,681
engine_execution,graph_sparse,1000,999,17,10651000,0,0,680
engine_execution,graph_sparse,1000,999,18,10729600,0,0,683
engine_execution,graph_sparse,1000,999,19,11454700,0,0,682
engine_execution,graph_sparse,1000,999,20,10679600,0,0,685
engine_execution,graph_sparse,1000,999,21,11481800,0,0,684
engine_execution,graph_sparse,1000,999,22,10903400,0,0,687
engine_execution,graph_sparse,1000,999,23,10719900,0,0,686
engine_execution,graph_sparse,1000,999,24,11095400,0,0,673
engine_execution,graph_sparse,1000,999,25,11555300,0,0,672
engine_execution,graph_sparse,1000,999,26,11876400,0,0,675
engine_execution,graph_sparse,1000,999,27,10675900,0,0,674
engine_execution,graph_sparse,1000,999,28,10670700,0,0,677
engine_execution,graph_sparse,1000,999,29,10788100,0,0,676
engine_execution,graph_sparse,1000,999,30,11396200,0,0,679
engine_execution,graph_sparse,1000,999,31,10601900,0,0,678
engine_execution,graph_sparse,1000,999,32,10668100,0,0,665
engine_execution,graph_sparse,1000,999,33,10818800,0,0,664
engine_execution,graph_sparse,1000,999,34,11406200,0,0,667
engine_execution,graph_sparse,1000,999,35,11351000,0,0,666
engine_execution,graph_sparse,1000,999,36,10676800,0,0,669
engine_execution,graph_sparse,1000,999,37,10540100,0,0,668
engine_execution,graph_sparse,1000,999,38,10981900,0,0,671
engine_execution,graph_sparse,1000,999,39,11418600,0,0,670
engine_execution_alloc,graph_sparse,1000,999,0,0,57643,25214637,22755
machine_state_setup,graph_sparse,1000,999,0,350000,0,0,1000
body_state_setup,graph_sparse,1000,999,0,2400,0,0,0
machine_state_setup,graph_sparse,1000,999,1,353200,0,0,1000
body_state_setup,graph_sparse,1000,999,1,1800,0,0,0
machine_state_setup,graph_sparse,1000,999,2,339200,0,0,1000
body_state_setup,graph_sparse,1000,999,2,1800,0,0,0
machine_state_setup,graph_sparse,1000,999,3,339100,0,0,1000
body_state_setup,graph_sparse,1000,999,3,1700,0,0,0
machine_state_setup,graph_sparse,1000,999,4,343800,0,0,1000
body_state_setup,graph_sparse,1000,999,4,1900,0,0,0
machine_state_setup,graph_sparse,1000,999,5,341900,0,0,1000
body_state_setup,graph_sparse,1000,999,5,1500,0,0,0
machine_state_setup,graph_sparse,1000,999,6,327000,0,0,1000
body_state_setup,graph_sparse,1000,999,6,1700,0,0,0
machine_state_setup,graph_sparse,1000,999,7,336900,0,0,1000
body_state_setup,graph_sparse,1000,999,7,1700,0,0,0
machine_state_setup,graph_sparse,1000,999,8,338100,0,0,1000
body_state_setup,graph_sparse,1000,999,8,1700,0,0,0
machine_state_setup,graph_sparse,1000,999,9,526100,0,0,1000
body_state_setup,graph_sparse,1000,999,9,6800,0,0,0
machine_state_setup,graph_sparse,1000,999,10,661400,0,0,1000
body_state_setup,graph_sparse,1000,999,10,1900,0,0,0
machine_state_setup,graph_sparse,1000,999,11,340600,0,0,1000
body_state_setup,graph_sparse,1000,999,11,1700,0,0,0
machine_state_setup,graph_sparse,1000,999,12,359400,0,0,1000
body_state_setup,graph_sparse,1000,999,12,1800,0,0,0
machine_state_setup,graph_sparse,1000,999,13,341200,0,0,1000
body_state_setup,graph_sparse,1000,999,13,1700,0,0,0
machine_state_setup,graph_sparse,1000,999,14,339200,0,0,1000
body_state_setup,graph_sparse,1000,999,14,1700,0,0,0
machine_state_setup,graph_sparse,1000,999,15,348900,0,0,1000
body_state_setup,graph_sparse,1000,999,15,1600,0,0,0
machine_state_setup,graph_sparse,1000,999,16,349700,0,0,1000
body_state_setup,graph_sparse,1000,999,16,1600,0,0,0
machine_state_setup,graph_sparse,1000,999,17,335000,0,0,1000
body_state_setup,graph_sparse,1000,999,17,1600,0,0,0
machine_state_setup,graph_sparse,1000,999,18,332200,0,0,1000
body_state_setup,graph_sparse,1000,999,18,1700,0,0,0
machine_state_setup,graph_sparse,1000,999,19,360500,0,0,1000
body_state_setup,graph_sparse,1000,999,19,1700,0,0,0
machine_state_setup,graph_sparse,1000,999,20,332100,0,0,1000
body_state_setup,graph_sparse,1000,999,20,1800,0,0,0
machine_state_setup,graph_sparse,1000,999,21,396800,0,0,1000
body_state_setup,graph_sparse,1000,999,21,5900,0,0,0
machine_state_setup,graph_sparse,1000,999,22,664300,0,0,1000
body_state_setup,graph_sparse,1000,999,22,1900,0,0,0
machine_state_setup,graph_sparse,1000,999,23,366100,0,0,1000
body_state_setup,graph_sparse,1000,999,23,1700,0,0,0
machine_state_setup,graph_sparse,1000,999,24,338000,0,0,1000
body_state_setup,graph_sparse,1000,999,24,1800,0,0,0
machine_state_setup,graph_sparse,1000,999,25,342700,0,0,1000
body_state_setup,graph_sparse,1000,999,25,1700,0,0,0
machine_state_setup,graph_sparse,1000,999,26,330700,0,0,1000
body_state_setup,graph_sparse,1000,999,26,1700,0,0,0
machine_state_setup,graph_sparse,1000,999,27,322900,0,0,1000
body_state_setup,graph_sparse,1000,999,27,1600,0,0,0
machine_state_setup,graph_sparse,1000,999,28,331900,0,0,1000
body_state_setup,graph_sparse,1000,999,28,1800,0,0,0
machine_state_setup,graph_sparse,1000,999,29,323900,0,0,1000
body_state_setup,graph_sparse,1000,999,29,1600,0,0,0
machine_state_setup,graph_sparse,1000,999,30,322300,0,0,1000
body_state_setup,graph_sparse,1000,999,30,1600,0,0,0
machine_state_setup,graph_sparse,1000,999,31,347200,0,0,1000
body_state_setup,graph_sparse,1000,999,31,1600,0,0,0
machine_state_setup,graph_sparse,1000,999,32,332300,0,0,1000
body_state_setup,graph_sparse,1000,999,32,1700,0,0,0
machine_state_setup,graph_sparse,1000,999,33,328900,0,0,1000
body_state_setup,graph_sparse,1000,999,33,1600,0,0,0
machine_state_setup,graph_sparse,1000,999,34,330400,0,0,1000
body_state_setup,graph_sparse,1000,999,34,1500,0,0,0
machine_state_setup,graph_sparse,1000,999,35,316000,0,0,1000
body_state_setup,graph_sparse,1000,999,35,1400,0,0,0
machine_state_setup,graph_sparse,1000,999,36,313500,0,0,1000
body_state_setup,graph_sparse,1000,999,36,1600,0,0,0
machine_state_setup,graph_sparse,1000,999,37,382500,0,0,1000
body_state_setup,graph_sparse,1000,999,37,1900,0,0,0
machine_state_setup,graph_sparse,1000,999,38,315800,0,0,1000
body_state_setup,graph_sparse,1000,999,38,1700,0,0,0
machine_state_setup,graph_sparse,1000,999,39,309400,0,0,1000
body_state_setup,graph_sparse,1000,999,39,1500,0,0,0
fixture_generation,tiny_yield_chain,1,0,0,900,0,0,5
fixture_generation,tiny_yield_chain,1,0,1,200,0,0,5
fixture_generation,tiny_yield_chain,1,0,2,200,0,0,5
fixture_generation,tiny_yield_chain,1,0,3,200,0,0,5
fixture_generation,tiny_yield_chain,1,0,4,100,0,0,5
fixture_generation,tiny_yield_chain,1,0,5,100,0,0,5
fixture_generation,tiny_yield_chain,1,0,6,100,0,0,5
fixture_generation,tiny_yield_chain,1,0,7,200,0,0,5
fixture_generation,tiny_yield_chain,1,0,8,100,0,0,5
fixture_generation,tiny_yield_chain,1,0,9,100,0,0,5
fixture_generation,tiny_yield_chain,1,0,10,200,0,0,5
fixture_generation,tiny_yield_chain,1,0,11,100,0,0,5
fixture_generation,tiny_yield_chain,1,0,12,200,0,0,5
fixture_generation,tiny_yield_chain,1,0,13,100,0,0,5
fixture_generation,tiny_yield_chain,1,0,14,100,0,0,5
fixture_generation,tiny_yield_chain,1,0,15,200,0,0,5
fixture_generation,tiny_yield_chain,1,0,16,100,0,0,5
fixture_generation,tiny_yield_chain,1,0,17,100,0,0,5
fixture_generation,tiny_yield_chain,1,0,18,200,0,0,5
fixture_generation,tiny_yield_chain,1,0,19,100,0,0,5
plan_build,tiny_yield_chain,1,0,0,7000,0,0,11
plan_build,tiny_yield_chain,1,0,1,1500,0,0,11
plan_build,tiny_yield_chain,1,0,2,800,0,0,11
plan_build,tiny_yield_chain,1,0,3,500,0,0,11
plan_build,tiny_yield_chain,1,0,4,500,0,0,11
plan_build,tiny_yield_chain,1,0,5,500,0,0,11
plan_build,tiny_yield_chain,1,0,6,400,0,0,11
plan_build,tiny_yield_chain,1,0,7,500,0,0,11
plan_build,tiny_yield_chain,1,0,8,500,0,0,11
plan_build,tiny_yield_chain,1,0,9,400,0,0,11
plan_build,tiny_yield_chain,1,0,10,500,0,0,11
plan_build,tiny_yield_chain,1,0,11,600,0,0,11
plan_build,tiny_yield_chain,1,0,12,600,0,0,11
plan_build,tiny_yield_chain,1,0,13,500,0,0,11
plan_build,tiny_yield_chain,1,0,14,400,0,0,11
plan_build,tiny_yield_chain,1,0,15,400,0,0,11
plan_build,tiny_yield_chain,1,0,16,500,0,0,11
plan_build,tiny_yield_chain,1,0,17,500,0,0,11
plan_build,tiny_yield_chain,1,0,18,500,0,0,11
plan_build,tiny_yield_chain,1,0,19,400,0,0,11
plan_build_alloc,tiny_yield_chain,1,0,0,0,13,2317,11
engine_execution,tiny_yield_chain,1,0,0,5500,0,0,1
engine_execution,tiny_yield_chain,1,0,1,5400,0,0,0
engine_execution,tiny_yield_chain,1,0,2,5600,0,0,3
engine_execution,tiny_yield_chain,1,0,3,6100,0,0,2
engine_execution,tiny_yield_chain,1,0,4,6200,0,0,5
engine_execution,tiny_yield_chain,1,0,5,6700,0,0,4
engine_execution,tiny_yield_chain,1,0,6,5500,0,0,7
engine_execution,tiny_yield_chain,1,0,7,5400,0,0,6
engine_execution,tiny_yield_chain,1,0,8,5600,0,0,9
engine_execution,tiny_yield_chain,1,0,9,5400,0,0,8
engine_execution,tiny_yield_chain,1,0,10,5400,0,0,11
engine_execution,tiny_yield_chain,1,0,11,5300,0,0,10
engine_execution,tiny_yield_chain,1,0,12,5300,0,0,13
engine_execution,tiny_yield_chain,1,0,13,5400,0,0,12
engine_execution,tiny_yield_chain,1,0,14,5300,0,0,15
engine_execution,tiny_yield_chain,1,0,15,5300,0,0,14
engine_execution,tiny_yield_chain,1,0,16,5300,0,0,17
engine_execution,tiny_yield_chain,1,0,17,5400,0,0,16
engine_execution,tiny_yield_chain,1,0,18,5400,0,0,19
engine_execution,tiny_yield_chain,1,0,19,5300,0,0,18
engine_execution,tiny_yield_chain,1,0,20,5200,0,0,21
engine_execution,tiny_yield_chain,1,0,21,5400,0,0,20
engine_execution,tiny_yield_chain,1,0,22,5400,0,0,23
engine_execution,tiny_yield_chain,1,0,23,5500,0,0,22
engine_execution,tiny_yield_chain,1,0,24,5500,0,0,25
engine_execution,tiny_yield_chain,1,0,25,5300,0,0,24
engine_execution,tiny_yield_chain,1,0,26,5300,0,0,27
engine_execution,tiny_yield_chain,1,0,27,5400,0,0,26
engine_execution,tiny_yield_chain,1,0,28,5400,0,0,29
engine_execution,tiny_yield_chain,1,0,29,5300,0,0,28
engine_execution,tiny_yield_chain,1,0,30,5500,0,0,31
engine_execution,tiny_yield_chain,1,0,31,5500,0,0,30
engine_execution,tiny_yield_chain,1,0,32,5300,0,0,33
engine_execution,tiny_yield_chain,1,0,33,5300,0,0,32
engine_execution,tiny_yield_chain,1,0,34,5300,0,0,35
engine_execution,tiny_yield_chain,1,0,35,5400,0,0,34
engine_execution,tiny_yield_chain,1,0,36,5300,0,0,37
engine_execution,tiny_yield_chain,1,0,37,5300,0,0,36
engine_execution,tiny_yield_chain,1,0,38,5400,0,0,39
engine_execution,tiny_yield_chain,1,0,39,5400,0,0,38
engine_execution_alloc,tiny_yield_chain,1,0,0,0,110,15148,23131
machine_state_setup,tiny_yield_chain,1,0,0,1100,0,0,1
body_state_setup,tiny_yield_chain,1,0,0,400,0,0,0
machine_state_setup,tiny_yield_chain,1,0,1,600,0,0,1
body_state_setup,tiny_yield_chain,1,0,1,300,0,0,0
machine_state_setup,tiny_yield_chain,1,0,2,600,0,0,1
body_state_setup,tiny_yield_chain,1,0,2,200,0,0,0
machine_state_setup,tiny_yield_chain,1,0,3,600,0,0,1
body_state_setup,tiny_yield_chain,1,0,3,300,0,0,0
machine_state_setup,tiny_yield_chain,1,0,4,500,0,0,1
body_state_setup,tiny_yield_chain,1,0,4,200,0,0,0
machine_state_setup,tiny_yield_chain,1,0,5,500,0,0,1
body_state_setup,tiny_yield_chain,1,0,5,300,0,0,0
machine_state_setup,tiny_yield_chain,1,0,6,500,0,0,1
body_state_setup,tiny_yield_chain,1,0,6,200,0,0,0
machine_state_setup,tiny_yield_chain,1,0,7,500,0,0,1
body_state_setup,tiny_yield_chain,1,0,7,200,0,0,0
machine_state_setup,tiny_yield_chain,1,0,8,500,0,0,1
body_state_setup,tiny_yield_chain,1,0,8,300,0,0,0
machine_state_setup,tiny_yield_chain,1,0,9,500,0,0,1
body_state_setup,tiny_yield_chain,1,0,9,200,0,0,0
machine_state_setup,tiny_yield_chain,1,0,10,500,0,0,1
body_state_setup,tiny_yield_chain,1,0,10,200,0,0,0
machine_state_setup,tiny_yield_chain,1,0,11,500,0,0,1
body_state_setup,tiny_yield_chain,1,0,11,300,0,0,0
machine_state_setup,tiny_yield_chain,1,0,12,500,0,0,1
body_state_setup,tiny_yield_chain,1,0,12,200,0,0,0
machine_state_setup,tiny_yield_chain,1,0,13,500,0,0,1
body_state_setup,tiny_yield_chain,1,0,13,200,0,0,0
machine_state_setup,tiny_yield_chain,1,0,14,500,0,0,1
body_state_setup,tiny_yield_chain,1,0,14,200,0,0,0
machine_state_setup,tiny_yield_chain,1,0,15,600,0,0,1
body_state_setup,tiny_yield_chain,1,0,15,200,0,0,0
machine_state_setup,tiny_yield_chain,1,0,16,500,0,0,1
body_state_setup,tiny_yield_chain,1,0,16,200,0,0,0
machine_state_setup,tiny_yield_chain,1,0,17,500,0,0,1
body_state_setup,tiny_yield_chain,1,0,17,200,0,0,0
machine_state_setup,tiny_yield_chain,1,0,18,500,0,0,1
body_state_setup,tiny_yield_chain,1,0,18,300,0,0,0
machine_state_setup,tiny_yield_chain,1,0,19,500,0,0,1
body_state_setup,tiny_yield_chain,1,0,19,300,0,0,0
machine_state_setup,tiny_yield_chain,1,0,20,500,0,0,1
body_state_setup,tiny_yield_chain,1,0,20,200,0,0,0
machine_state_setup,tiny_yield_chain,1,0,21,500,0,0,1
body_state_setup,tiny_yield_chain,1,0,21,200,0,0,0
machine_state_setup,tiny_yield_chain,1,0,22,500,0,0,1
body_state_setup,tiny_yield_chain,1,0,22,200,0,0,0
machine_state_setup,tiny_yield_chain,1,0,23,500,0,0,1
body_state_setup,tiny_yield_chain,1,0,23,200,0,0,0
machine_state_setup,tiny_yield_chain,1,0,24,500,0,0,1
body_state_setup,tiny_yield_chain,1,0,24,200,0,0,0
machine_state_setup,tiny_yield_chain,1,0,25,500,0,0,1
body_state_setup,tiny_yield_chain,1,0,25,200,0,0,0
machine_state_setup,tiny_yield_chain,1,0,26,500,0,0,1
body_state_setup,tiny_yield_chain,1,0,26,200,0,0,0
machine_state_setup,tiny_yield_chain,1,0,27,500,0,0,1
body_state_setup,tiny_yield_chain,1,0,27,300,0,0,0
machine_state_setup,tiny_yield_chain,1,0,28,500,0,0,1
body_state_setup,tiny_yield_chain,1,0,28,200,0,0,0
machine_state_setup,tiny_yield_chain,1,0,29,500,0,0,1
body_state_setup,tiny_yield_chain,1,0,29,200,0,0,0
machine_state_setup,tiny_yield_chain,1,0,30,500,0,0,1
body_state_setup,tiny_yield_chain,1,0,30,300,0,0,0
machine_state_setup,tiny_yield_chain,1,0,31,500,0,0,1
body_state_setup,tiny_yield_chain,1,0,31,200,0,0,0
machine_state_setup,tiny_yield_chain,1,0,32,500,0,0,1
body_state_setup,tiny_yield_chain,1,0,32,200,0,0,0
machine_state_setup,tiny_yield_chain,1,0,33,500,0,0,1
body_state_setup,tiny_yield_chain,1,0,33,200,0,0,0
machine_state_setup,tiny_yield_chain,1,0,34,600,0,0,1
body_state_setup,tiny_yield_chain,1,0,34,300,0,0,0
machine_state_setup,tiny_yield_chain,1,0,35,600,0,0,1
body_state_setup,tiny_yield_chain,1,0,35,200,0,0,0
machine_state_setup,tiny_yield_chain,1,0,36,500,0,0,1
body_state_setup,tiny_yield_chain,1,0,36,300,0,0,0
machine_state_setup,tiny_yield_chain,1,0,37,500,0,0,1
body_state_setup,tiny_yield_chain,1,0,37,200,0,0,0
machine_state_setup,tiny_yield_chain,1,0,38,600,0,0,1
body_state_setup,tiny_yield_chain,1,0,38,200,0,0,0
machine_state_setup,tiny_yield_chain,1,0,39,500,0,0,1
body_state_setup,tiny_yield_chain,1,0,39,200,0,0,0
engine_execution,resource_normal,2,1,0,10300,0,0,0
engine_execution,resource_normal,2,1,1,10600,0,0,3
engine_execution,resource_normal,2,1,2,10500,0,0,2
engine_execution,resource_normal,2,1,3,10400,0,0,5
engine_execution,resource_normal,2,1,4,10400,0,0,4
engine_execution,resource_normal,2,1,5,10200,0,0,7
engine_execution,resource_normal,2,1,6,10300,0,0,6
engine_execution,resource_normal,2,1,7,10400,0,0,9
engine_execution,resource_normal,2,1,8,10400,0,0,8
engine_execution,resource_normal,2,1,9,10100,0,0,11
engine_execution,resource_normal,2,1,10,10200,0,0,10
engine_execution,resource_normal,2,1,11,10300,0,0,13
engine_execution,resource_normal,2,1,12,10200,0,0,12
engine_execution,resource_normal,2,1,13,10200,0,0,15
engine_execution,resource_normal,2,1,14,10400,0,0,14
engine_execution,resource_normal,2,1,15,10400,0,0,17
engine_execution,resource_normal,2,1,16,10400,0,0,16
engine_execution,resource_normal,2,1,17,10300,0,0,19
engine_execution,resource_normal,2,1,18,10200,0,0,18
engine_execution,resource_normal,2,1,19,10200,0,0,21
engine_execution,resource_normal,2,1,20,10200,0,0,20
engine_execution,resource_normal,2,1,21,10400,0,0,23
engine_execution,resource_normal,2,1,22,10300,0,0,22
engine_execution,resource_normal,2,1,23,10300,0,0,25
engine_execution,resource_normal,2,1,24,10400,0,0,24
engine_execution,resource_normal,2,1,25,10400,0,0,27
engine_execution,resource_normal,2,1,26,10200,0,0,26
engine_execution,resource_normal,2,1,27,10300,0,0,29
engine_execution,resource_normal,2,1,28,10300,0,0,28
engine_execution,resource_normal,2,1,29,10400,0,0,31
engine_execution,resource_normal,2,1,30,10500,0,0,30
engine_execution,resource_normal,2,1,31,10400,0,0,33
engine_execution,resource_normal,2,1,32,10300,0,0,32
engine_execution,resource_normal,2,1,33,10400,0,0,35
engine_execution,resource_normal,2,1,34,10500,0,0,34
engine_execution,resource_normal,2,1,35,10300,0,0,37
engine_execution,resource_normal,2,1,36,10500,0,0,36
engine_execution,resource_normal,2,1,37,10300,0,0,39
engine_execution,resource_normal,2,1,38,10300,0,0,38
engine_execution,resource_normal,2,1,39,10200,0,0,41
engine_execution_alloc,resource_normal,2,1,0,0,219,23058,23130
engine_execution,resource_release_failure,2,1,0,10800,0,0,1
engine_execution,resource_release_failure,2,1,1,11100,0,0,2
engine_execution,resource_release_failure,2,1,2,10900,0,0,3
engine_execution,resource_release_failure,2,1,3,13800,0,0,4
engine_execution,resource_release_failure,2,1,4,11000,0,0,5
engine_execution,resource_release_failure,2,1,5,10700,0,0,6
engine_execution,resource_release_failure,2,1,6,10800,0,0,7
engine_execution,resource_release_failure,2,1,7,10800,0,0,8
engine_execution,resource_release_failure,2,1,8,10900,0,0,9
engine_execution,resource_release_failure,2,1,9,10800,0,0,10
engine_execution,resource_release_failure,2,1,10,10700,0,0,11
engine_execution,resource_release_failure,2,1,11,10800,0,0,12
engine_execution,resource_release_failure,2,1,12,10700,0,0,13
engine_execution,resource_release_failure,2,1,13,11600,0,0,14
engine_execution,resource_release_failure,2,1,14,11200,0,0,15
engine_execution,resource_release_failure,2,1,15,10800,0,0,16
engine_execution,resource_release_failure,2,1,16,10800,0,0,17
engine_execution,resource_release_failure,2,1,17,10800,0,0,18
engine_execution,resource_release_failure,2,1,18,10700,0,0,19
engine_execution,resource_release_failure,2,1,19,11000,0,0,20
engine_execution,resource_release_failure,2,1,20,10800,0,0,21
engine_execution,resource_release_failure,2,1,21,10700,0,0,22
engine_execution,resource_release_failure,2,1,22,11600,0,0,23
engine_execution,resource_release_failure,2,1,23,10900,0,0,24
engine_execution,resource_release_failure,2,1,24,10900,0,0,25
engine_execution,resource_release_failure,2,1,25,10700,0,0,26
engine_execution,resource_release_failure,2,1,26,10800,0,0,27
engine_execution,resource_release_failure,2,1,27,10600,0,0,28
engine_execution,resource_release_failure,2,1,28,10800,0,0,29
engine_execution,resource_release_failure,2,1,29,10700,0,0,30
engine_execution,resource_release_failure,2,1,30,10700,0,0,31
engine_execution,resource_release_failure,2,1,31,10700,0,0,32
engine_execution,resource_release_failure,2,1,32,10800,0,0,33
engine_execution,resource_release_failure,2,1,33,10900,0,0,34
engine_execution,resource_release_failure,2,1,34,10700,0,0,35
engine_execution,resource_release_failure,2,1,35,10600,0,0,36
engine_execution,resource_release_failure,2,1,36,10700,0,0,37
engine_execution,resource_release_failure,2,1,37,10700,0,0,38
engine_execution,resource_release_failure,2,1,38,10500,0,0,39
engine_execution,resource_release_failure,2,1,39,10900,0,0,40
engine_execution_alloc,resource_release_failure,2,1,0,0,229,23817,23131
engine_execution,resource_startup_failure,2,1,0,10900,0,0,3
engine_execution,resource_startup_failure,2,1,1,10900,0,0,3
engine_execution,resource_startup_failure,2,1,2,10800,0,0,3
engine_execution,resource_startup_failure,2,1,3,11000,0,0,3
engine_execution,resource_startup_failure,2,1,4,10800,0,0,3
engine_execution,resource_startup_failure,2,1,5,10700,0,0,3
engine_execution,resource_startup_failure,2,1,6,10800,0,0,3
engine_execution,resource_startup_failure,2,1,7,10800,0,0,3
engine_execution,resource_startup_failure,2,1,8,10800,0,0,3
engine_execution,resource_startup_failure,2,1,9,10800,0,0,3
engine_execution,resource_startup_failure,2,1,10,10700,0,0,3
engine_execution,resource_startup_failure,2,1,11,10700,0,0,3
engine_execution,resource_startup_failure,2,1,12,10700,0,0,3
engine_execution,resource_startup_failure,2,1,13,10700,0,0,3
engine_execution,resource_startup_failure,2,1,14,10900,0,0,3
engine_execution,resource_startup_failure,2,1,15,10700,0,0,3
engine_execution,resource_startup_failure,2,1,16,10700,0,0,3
engine_execution,resource_startup_failure,2,1,17,10700,0,0,3
engine_execution,resource_startup_failure,2,1,18,10700,0,0,3
engine_execution,resource_startup_failure,2,1,19,10800,0,0,3
engine_execution,resource_startup_failure,2,1,20,10700,0,0,3
engine_execution,resource_startup_failure,2,1,21,10500,0,0,3
engine_execution,resource_startup_failure,2,1,22,10600,0,0,3
engine_execution,resource_startup_failure,2,1,23,10700,0,0,3
engine_execution,resource_startup_failure,2,1,24,10900,0,0,3
engine_execution,resource_startup_failure,2,1,25,10900,0,0,3
engine_execution,resource_startup_failure,2,1,26,10700,0,0,3
engine_execution,resource_startup_failure,2,1,27,10600,0,0,3
engine_execution,resource_startup_failure,2,1,28,10700,0,0,3
engine_execution,resource_startup_failure,2,1,29,10800,0,0,3
engine_execution,resource_startup_failure,2,1,30,10600,0,0,3
engine_execution,resource_startup_failure,2,1,31,10500,0,0,3
engine_execution,resource_startup_failure,2,1,32,10700,0,0,3
engine_execution,resource_startup_failure,2,1,33,10700,0,0,3
engine_execution,resource_startup_failure,2,1,34,10600,0,0,3
engine_execution,resource_startup_failure,2,1,35,10600,0,0,3
engine_execution,resource_startup_failure,2,1,36,10700,0,0,3
engine_execution,resource_startup_failure,2,1,37,10700,0,0,3
engine_execution,resource_startup_failure,2,1,38,10500,0,0,3
engine_execution,resource_startup_failure,2,1,39,10600,0,0,3
engine_execution_alloc,resource_startup_failure,2,1,0,0,226,24110,3
engine_execution,resource_cleanup_error_upstream,3,1,0,16200,0,0,0
engine_execution,resource_cleanup_error_upstream,3,1,1,15800,0,0,1
engine_execution,resource_cleanup_error_upstream,3,1,2,17000,0,0,2
engine_execution,resource_cleanup_error_upstream,3,1,3,16400,0,0,3
engine_execution,resource_cleanup_error_upstream,3,1,4,17100,0,0,4
engine_execution,resource_cleanup_error_upstream,3,1,5,16500,0,0,5
engine_execution,resource_cleanup_error_upstream,3,1,6,16000,0,0,6
engine_execution,resource_cleanup_error_upstream,3,1,7,15800,0,0,7
engine_execution,resource_cleanup_error_upstream,3,1,8,16100,0,0,8
engine_execution,resource_cleanup_error_upstream,3,1,9,16000,0,0,9
engine_execution,resource_cleanup_error_upstream,3,1,10,16200,0,0,10
engine_execution,resource_cleanup_error_upstream,3,1,11,16000,0,0,11
engine_execution,resource_cleanup_error_upstream,3,1,12,16200,0,0,12
engine_execution,resource_cleanup_error_upstream,3,1,13,15800,0,0,13
engine_execution,resource_cleanup_error_upstream,3,1,14,15800,0,0,14
engine_execution,resource_cleanup_error_upstream,3,1,15,15800,0,0,15
engine_execution,resource_cleanup_error_upstream,3,1,16,15900,0,0,16
engine_execution,resource_cleanup_error_upstream,3,1,17,15800,0,0,17
engine_execution,resource_cleanup_error_upstream,3,1,18,15800,0,0,18
engine_execution,resource_cleanup_error_upstream,3,1,19,15700,0,0,19
engine_execution,resource_cleanup_error_upstream,3,1,20,16000,0,0,20
engine_execution,resource_cleanup_error_upstream,3,1,21,16700,0,0,21
engine_execution,resource_cleanup_error_upstream,3,1,22,16400,0,0,22
engine_execution,resource_cleanup_error_upstream,3,1,23,16500,0,0,23
engine_execution,resource_cleanup_error_upstream,3,1,24,16400,0,0,24
engine_execution,resource_cleanup_error_upstream,3,1,25,16700,0,0,25
engine_execution,resource_cleanup_error_upstream,3,1,26,16200,0,0,26
engine_execution,resource_cleanup_error_upstream,3,1,27,16500,0,0,27
engine_execution,resource_cleanup_error_upstream,3,1,28,16600,0,0,28
engine_execution,resource_cleanup_error_upstream,3,1,29,15900,0,0,29
engine_execution,resource_cleanup_error_upstream,3,1,30,16100,0,0,30
engine_execution,resource_cleanup_error_upstream,3,1,31,15800,0,0,31
engine_execution,resource_cleanup_error_upstream,3,1,32,15900,0,0,32
engine_execution,resource_cleanup_error_upstream,3,1,33,15900,0,0,33
engine_execution,resource_cleanup_error_upstream,3,1,34,16000,0,0,34
engine_execution,resource_cleanup_error_upstream,3,1,35,15900,0,0,35
engine_execution,resource_cleanup_error_upstream,3,1,36,16200,0,0,36
engine_execution,resource_cleanup_error_upstream,3,1,37,15800,0,0,37
engine_execution,resource_cleanup_error_upstream,3,1,38,15700,0,0,38
engine_execution,resource_cleanup_error_upstream,3,1,39,16100,0,0,39
engine_execution_alloc,resource_cleanup_error_upstream,3,1,0,0,337,30130,23130
engine_execution,resource_cancel_after_acquire,1,0,0,19600,0,0,3
engine_execution,resource_cancel_after_acquire,1,0,1,9600,0,0,3
engine_execution,resource_cancel_after_acquire,1,0,2,9000,0,0,3
engine_execution,resource_cancel_after_acquire,1,0,3,8900,0,0,3
engine_execution,resource_cancel_after_acquire,1,0,4,8900,0,0,3
engine_execution,resource_cancel_after_acquire,1,0,5,9100,0,0,3
engine_execution,resource_cancel_after_acquire,1,0,6,9100,0,0,3
engine_execution,resource_cancel_after_acquire,1,0,7,8800,0,0,3
engine_execution,resource_cancel_after_acquire,1,0,8,8900,0,0,3
engine_execution,resource_cancel_after_acquire,1,0,9,9000,0,0,3
engine_execution,resource_cancel_after_acquire,1,0,10,8900,0,0,3
engine_execution,resource_cancel_after_acquire,1,0,11,8700,0,0,3
engine_execution,resource_cancel_after_acquire,1,0,12,8600,0,0,3
engine_execution,resource_cancel_after_acquire,1,0,13,8600,0,0,3
engine_execution,resource_cancel_after_acquire,1,0,14,8600,0,0,3
engine_execution,resource_cancel_after_acquire,1,0,15,8800,0,0,3
engine_execution,resource_cancel_after_acquire,1,0,16,8600,0,0,3
engine_execution,resource_cancel_after_acquire,1,0,17,8600,0,0,3
engine_execution,resource_cancel_after_acquire,1,0,18,8600,0,0,3
engine_execution,resource_cancel_after_acquire,1,0,19,8700,0,0,3
engine_execution,resource_cancel_after_acquire,1,0,20,8600,0,0,3
engine_execution,resource_cancel_after_acquire,1,0,21,8900,0,0,3
engine_execution,resource_cancel_after_acquire,1,0,22,8700,0,0,3
engine_execution,resource_cancel_after_acquire,1,0,23,8700,0,0,3
engine_execution,resource_cancel_after_acquire,1,0,24,11000,0,0,3
engine_execution,resource_cancel_after_acquire,1,0,25,15800,0,0,3
engine_execution,resource_cancel_after_acquire,1,0,26,9300,0,0,3
engine_execution,resource_cancel_after_acquire,1,0,27,9000,0,0,3
engine_execution,resource_cancel_after_acquire,1,0,28,9000,0,0,3
engine_execution,resource_cancel_after_acquire,1,0,29,8600,0,0,3
engine_execution,resource_cancel_after_acquire,1,0,30,8700,0,0,3
engine_execution,resource_cancel_after_acquire,1,0,31,8700,0,0,3
engine_execution,resource_cancel_after_acquire,1,0,32,8600,0,0,3
engine_execution,resource_cancel_after_acquire,1,0,33,8600,0,0,3
engine_execution,resource_cancel_after_acquire,1,0,34,8700,0,0,3
engine_execution,resource_cancel_after_acquire,1,0,35,8500,0,0,3
engine_execution,resource_cancel_after_acquire,1,0,36,8500,0,0,3
engine_execution,resource_cancel_after_acquire,1,0,37,8700,0,0,3
engine_execution,resource_cancel_after_acquire,1,0,38,8600,0,0,3
engine_execution,resource_cancel_after_acquire,1,0,39,8500,0,0,3
engine_execution,effect_known_receipt,1,0,0,7900,0,0,1
engine_execution,effect_known_receipt,1,0,1,8200,0,0,0
engine_execution,effect_known_receipt,1,0,2,7900,0,0,3
engine_execution,effect_known_receipt,1,0,3,7800,0,0,2
engine_execution,effect_known_receipt,1,0,4,7700,0,0,5
engine_execution,effect_known_receipt,1,0,5,7700,0,0,4
engine_execution,effect_known_receipt,1,0,6,7600,0,0,7
engine_execution,effect_known_receipt,1,0,7,7600,0,0,6
engine_execution,effect_known_receipt,1,0,8,7800,0,0,9
engine_execution,effect_known_receipt,1,0,9,7500,0,0,8
engine_execution,effect_known_receipt,1,0,10,7600,0,0,11
engine_execution,effect_known_receipt,1,0,11,7800,0,0,10
engine_execution,effect_known_receipt,1,0,12,7500,0,0,13
engine_execution,effect_known_receipt,1,0,13,7500,0,0,12
engine_execution,effect_known_receipt,1,0,14,7600,0,0,15
engine_execution,effect_known_receipt,1,0,15,7700,0,0,14
engine_execution,effect_known_receipt,1,0,16,7700,0,0,17
engine_execution,effect_known_receipt,1,0,17,7900,0,0,16
engine_execution,effect_known_receipt,1,0,18,7700,0,0,19
engine_execution,effect_known_receipt,1,0,19,7700,0,0,18
engine_execution,effect_known_receipt,1,0,20,7800,0,0,21
engine_execution,effect_known_receipt,1,0,21,7700,0,0,20
engine_execution,effect_known_receipt,1,0,22,7700,0,0,23
engine_execution,effect_known_receipt,1,0,23,7600,0,0,22
engine_execution,effect_known_receipt,1,0,24,7800,0,0,25
engine_execution,effect_known_receipt,1,0,25,7700,0,0,24
engine_execution,effect_known_receipt,1,0,26,7700,0,0,27
engine_execution,effect_known_receipt,1,0,27,7500,0,0,26
engine_execution,effect_known_receipt,1,0,28,7800,0,0,29
engine_execution,effect_known_receipt,1,0,29,7800,0,0,28
engine_execution,effect_known_receipt,1,0,30,7800,0,0,31
engine_execution,effect_known_receipt,1,0,31,7700,0,0,30
engine_execution,effect_known_receipt,1,0,32,7700,0,0,33
engine_execution,effect_known_receipt,1,0,33,7600,0,0,32
engine_execution,effect_known_receipt,1,0,34,7600,0,0,35
engine_execution,effect_known_receipt,1,0,35,7600,0,0,34
engine_execution,effect_known_receipt,1,0,36,7700,0,0,37
engine_execution,effect_known_receipt,1,0,37,7700,0,0,36
engine_execution,effect_known_receipt,1,0,38,7800,0,0,39
engine_execution,effect_known_receipt,1,0,39,7700,0,0,38
engine_execution_alloc,effect_known_receipt,1,0,0,0,160,18493,23131
engine_execution,retry_one_failure,1,0,0,8000,0,0,1
engine_execution,retry_one_failure,1,0,1,8000,0,0,0
engine_execution,retry_one_failure,1,0,2,7900,0,0,3
engine_execution,retry_one_failure,1,0,3,8000,0,0,2
engine_execution,retry_one_failure,1,0,4,8000,0,0,5
engine_execution,retry_one_failure,1,0,5,7800,0,0,4
engine_execution,retry_one_failure,1,0,6,8000,0,0,7
engine_execution,retry_one_failure,1,0,7,8000,0,0,6
engine_execution,retry_one_failure,1,0,8,7900,0,0,9
engine_execution,retry_one_failure,1,0,9,7900,0,0,8
engine_execution,retry_one_failure,1,0,10,8000,0,0,11
engine_execution,retry_one_failure,1,0,11,7900,0,0,10
engine_execution,retry_one_failure,1,0,12,7900,0,0,13
engine_execution,retry_one_failure,1,0,13,7900,0,0,12
engine_execution,retry_one_failure,1,0,14,7900,0,0,15
engine_execution,retry_one_failure,1,0,15,8100,0,0,14
engine_execution,retry_one_failure,1,0,16,7800,0,0,17
engine_execution,retry_one_failure,1,0,17,7800,0,0,16
engine_execution,retry_one_failure,1,0,18,7700,0,0,19
engine_execution,retry_one_failure,1,0,19,8000,0,0,18
engine_execution,retry_one_failure,1,0,20,8100,0,0,21
engine_execution,retry_one_failure,1,0,21,8000,0,0,20
engine_execution,retry_one_failure,1,0,22,7900,0,0,23
engine_execution,retry_one_failure,1,0,23,8000,0,0,22
engine_execution,retry_one_failure,1,0,24,7900,0,0,25
engine_execution,retry_one_failure,1,0,25,7900,0,0,24
engine_execution,retry_one_failure,1,0,26,8000,0,0,27
engine_execution,retry_one_failure,1,0,27,7900,0,0,26
engine_execution,retry_one_failure,1,0,28,7900,0,0,29
engine_execution,retry_one_failure,1,0,29,8000,0,0,28
engine_execution,retry_one_failure,1,0,30,8100,0,0,31
engine_execution,retry_one_failure,1,0,31,7900,0,0,30
engine_execution,retry_one_failure,1,0,32,7800,0,0,33
engine_execution,retry_one_failure,1,0,33,7900,0,0,32
engine_execution,retry_one_failure,1,0,34,7800,0,0,35
engine_execution,retry_one_failure,1,0,35,7900,0,0,34
engine_execution,retry_one_failure,1,0,36,7900,0,0,37
engine_execution,retry_one_failure,1,0,37,7800,0,0,36
engine_execution,retry_one_failure,1,0,38,7900,0,0,39
engine_execution,retry_one_failure,1,0,39,7900,0,0,38
engine_execution_alloc,retry_one_failure,1,0,0,0,165,18872,23131
engine_execution,component_flat,10,9,0,44200,0,0,0
engine_execution,component_flat,10,9,1,43800,0,0,1
engine_execution,component_flat,10,9,2,43300,0,0,2
engine_execution,component_flat,10,9,3,43000,0,0,3
engine_execution,component_flat,10,9,4,43400,0,0,4
engine_execution,component_flat,10,9,5,43100,0,0,5
engine_execution,component_flat,10,9,6,43300,0,0,6
engine_execution,component_flat,10,9,7,42900,0,0,7
engine_execution,component_flat,10,9,8,42500,0,0,8
engine_execution,component_flat,10,9,9,42300,0,0,9
engine_execution,component_flat,10,9,10,42500,0,0,10
engine_execution,component_flat,10,9,11,42100,0,0,11
engine_execution,component_flat,10,9,12,42000,0,0,12
engine_execution,component_flat,10,9,13,42800,0,0,13
engine_execution,component_flat,10,9,14,42700,0,0,14
engine_execution,component_flat,10,9,15,42600,0,0,15
engine_execution,component_flat,10,9,16,48600,0,0,16
engine_execution,component_flat,10,9,17,43000,0,0,17
engine_execution,component_flat,10,9,18,42700,0,0,18
engine_execution,component_flat,10,9,19,42900,0,0,19
engine_execution,component_flat,10,9,20,41300,0,0,20
engine_execution,component_flat,10,9,21,40800,0,0,21
engine_execution,component_flat,10,9,22,41200,0,0,22
engine_execution,component_flat,10,9,23,41100,0,0,23
engine_execution,component_flat,10,9,24,40900,0,0,24
engine_execution,component_flat,10,9,25,42100,0,0,25
engine_execution,component_flat,10,9,26,40900,0,0,26
engine_execution,component_flat,10,9,27,40900,0,0,27
engine_execution,component_flat,10,9,28,41400,0,0,28
engine_execution,component_flat,10,9,29,40800,0,0,29
engine_execution,component_flat,10,9,30,41300,0,0,30
engine_execution,component_flat,10,9,31,41400,0,0,31
engine_execution,component_flat,10,9,32,41300,0,0,32
engine_execution,component_flat,10,9,33,41100,0,0,33
engine_execution,component_flat,10,9,34,40900,0,0,34
engine_execution,component_flat,10,9,35,41000,0,0,35
engine_execution,component_flat,10,9,36,40400,0,0,36
engine_execution,component_flat,10,9,37,40400,0,0,37
engine_execution,component_flat,10,9,38,40700,0,0,38
engine_execution,component_flat,10,9,39,41000,0,0,39
engine_execution_alloc,component_flat,10,9,0,0,654,66045,23130
engine_execution,component_nested,13,12,0,44500,0,0,0
engine_execution,component_nested,13,12,1,44900,0,0,1
engine_execution,component_nested,13,12,2,44100,0,0,2
engine_execution,component_nested,13,12,3,43000,0,0,3
engine_execution,component_nested,13,12,4,43100,0,0,4
engine_execution,component_nested,13,12,5,42600,0,0,5
engine_execution,component_nested,13,12,6,42300,0,0,6
engine_execution,component_nested,13,12,7,42200,0,0,7
engine_execution,component_nested,13,12,8,42500,0,0,8
engine_execution,component_nested,13,12,9,42800,0,0,9
engine_execution,component_nested,13,12,10,42400,0,0,10
engine_execution,component_nested,13,12,11,43800,0,0,11
engine_execution,component_nested,13,12,12,43500,0,0,12
engine_execution,component_nested,13,12,13,49500,0,0,13
engine_execution,component_nested,13,12,14,44000,0,0,14
engine_execution,component_nested,13,12,15,43600,0,0,15
engine_execution,component_nested,13,12,16,44000,0,0,16
engine_execution,component_nested,13,12,17,44300,0,0,17
engine_execution,component_nested,13,12,18,43700,0,0,18
engine_execution,component_nested,13,12,19,43600,0,0,19
engine_execution,component_nested,13,12,20,43400,0,0,20
engine_execution,component_nested,13,12,21,43900,0,0,21
engine_execution,component_nested,13,12,22,43600,0,0,22
engine_execution,component_nested,13,12,23,43600,0,0,23
engine_execution,component_nested,13,12,24,43600,0,0,24
engine_execution,component_nested,13,12,25,44600,0,0,25
engine_execution,component_nested,13,12,26,43500,0,0,26
engine_execution,component_nested,13,12,27,43500,0,0,27
engine_execution,component_nested,13,12,28,43600,0,0,28
engine_execution,component_nested,13,12,29,43800,0,0,29
engine_execution,component_nested,13,12,30,43300,0,0,30
engine_execution,component_nested,13,12,31,43600,0,0,31
engine_execution,component_nested,13,12,32,43700,0,0,32
engine_execution,component_nested,13,12,33,43800,0,0,33
engine_execution,component_nested,13,12,34,43200,0,0,34
engine_execution,component_nested,13,12,35,43300,0,0,35
engine_execution,component_nested,13,12,36,49700,0,0,36
engine_execution,component_nested,13,12,37,43800,0,0,37
engine_execution,component_nested,13,12,38,43900,0,0,38
engine_execution,component_nested,13,12,39,43800,0,0,39
engine_execution_alloc,component_nested,13,12,0,0,983,82379,23130
engine_execution,component_flat,100,99,0,350700,0,0,1
engine_execution,component_flat,100,99,1,363600,0,0,0
engine_execution,component_flat,100,99,2,353300,0,0,3
engine_execution,component_flat,100,99,3,353200,0,0,2
engine_execution,component_flat,100,99,4,357900,0,0,5
engine_execution,component_flat,100,99,5,350400,0,0,4
engine_execution,component_flat,100,99,6,349400,0,0,7
engine_execution,component_flat,100,99,7,353400,0,0,6
engine_execution,component_flat,100,99,8,364200,0,0,9
engine_execution,component_flat,100,99,9,348900,0,0,8
engine_execution,component_flat,100,99,10,353600,0,0,11
engine_execution,component_flat,100,99,11,348800,0,0,10
engine_execution,component_flat,100,99,12,346100,0,0,13
engine_execution,component_flat,100,99,13,362900,0,0,12
engine_execution,component_flat,100,99,14,335700,0,0,15
engine_execution,component_flat,100,99,15,338400,0,0,14
engine_execution,component_flat,100,99,16,350800,0,0,17
engine_execution,component_flat,100,99,17,352000,0,0,16
engine_execution,component_flat,100,99,18,347900,0,0,19
engine_execution,component_flat,100,99,19,361200,0,0,18
engine_execution,component_flat,100,99,20,348200,0,0,21
engine_execution,component_flat,100,99,21,347900,0,0,20
engine_execution,component_flat,100,99,22,348700,0,0,23
engine_execution,component_flat,100,99,23,344500,0,0,22
engine_execution,component_flat,100,99,24,343200,0,0,25
engine_execution,component_flat,100,99,25,344000,0,0,24
engine_execution,component_flat,100,99,26,348400,0,0,27
engine_execution,component_flat,100,99,27,355200,0,0,26
engine_execution,component_flat,100,99,28,347300,0,0,29
engine_execution,component_flat,100,99,29,341000,0,0,28
engine_execution,component_flat,100,99,30,349000,0,0,31
engine_execution,component_flat,100,99,31,352200,0,0,30
engine_execution,component_flat,100,99,32,352700,0,0,33
engine_execution,component_flat,100,99,33,350600,0,0,32
engine_execution,component_flat,100,99,34,354500,0,0,35
engine_execution,component_flat,100,99,35,355900,0,0,34
engine_execution,component_flat,100,99,36,354300,0,0,37
engine_execution,component_flat,100,99,37,351400,0,0,36
engine_execution,component_flat,100,99,38,349700,0,0,39
engine_execution,component_flat,100,99,39,354500,0,0,38
engine_execution_alloc,component_flat,100,99,0,0,5983,769191,23131
engine_execution,component_nested,103,102,0,403000,0,0,1
engine_execution,component_nested,103,102,1,409700,0,0,0
engine_execution,component_nested,103,102,2,405400,0,0,3
engine_execution,component_nested,103,102,3,403200,0,0,2
engine_execution,component_nested,103,102,4,408800,0,0,5
engine_execution,component_nested,103,102,5,403000,0,0,4
engine_execution,component_nested,103,102,6,416000,0,0,7
engine_execution,component_nested,103,102,7,415900,0,0,6
engine_execution,component_nested,103,102,8,408200,0,0,9
engine_execution,component_nested,103,102,9,413300,0,0,8
engine_execution,component_nested,103,102,10,401000,0,0,11
engine_execution,component_nested,103,102,11,407700,0,0,10
engine_execution,component_nested,103,102,12,395900,0,0,13
engine_execution,component_nested,103,102,13,386400,0,0,12
engine_execution,component_nested,103,102,14,400300,0,0,15
engine_execution,component_nested,103,102,15,404900,0,0,14
engine_execution,component_nested,103,102,16,404600,0,0,17
engine_execution,component_nested,103,102,17,402800,0,0,16
engine_execution,component_nested,103,102,18,393600,0,0,19
engine_execution,component_nested,103,102,19,403500,0,0,18
engine_execution,component_nested,103,102,20,410700,0,0,21
engine_execution,component_nested,103,102,21,401400,0,0,20
engine_execution,component_nested,103,102,22,409900,0,0,23
engine_execution,component_nested,103,102,23,399800,0,0,22
engine_execution,component_nested,103,102,24,399100,0,0,25
engine_execution,component_nested,103,102,25,406400,0,0,24
engine_execution,component_nested,103,102,26,400100,0,0,27
engine_execution,component_nested,103,102,27,408000,0,0,26
engine_execution,component_nested,103,102,28,425500,0,0,29
engine_execution,component_nested,103,102,29,478500,0,0,28
engine_execution,component_nested,103,102,30,402900,0,0,31
engine_execution,component_nested,103,102,31,405300,0,0,30
engine_execution,component_nested,103,102,32,407500,0,0,33
engine_execution,component_nested,103,102,33,399900,0,0,32
engine_execution,component_nested,103,102,34,405200,0,0,35
engine_execution,component_nested,103,102,35,398500,0,0,34
engine_execution,component_nested,103,102,36,398400,0,0,37
engine_execution,component_nested,103,102,37,405300,0,0,36
engine_execution,component_nested,103,102,38,398200,0,0,39
engine_execution,component_nested,103,102,39,401000,0,0,38
engine_execution_alloc,component_nested,103,102,0,0,7482,838445,23131
engine_execution,resident_ready_shutdown,1,0,0,7900,0,0,1
engine_execution,resident_ready_shutdown,1,0,1,7800,0,0,1
engine_execution,resident_ready_shutdown,1,0,2,7700,0,0,1
engine_execution,resident_ready_shutdown,1,0,3,7800,0,0,1
engine_execution,resident_ready_shutdown,1,0,4,7700,0,0,1
engine_execution,resident_ready_shutdown,1,0,5,7900,0,0,1
engine_execution,resident_ready_shutdown,1,0,6,7700,0,0,1
engine_execution,resident_ready_shutdown,1,0,7,7700,0,0,1
engine_execution,resident_ready_shutdown,1,0,8,7600,0,0,1
engine_execution,resident_ready_shutdown,1,0,9,7700,0,0,1
engine_execution,resident_ready_shutdown,1,0,10,7600,0,0,1
engine_execution,resident_ready_shutdown,1,0,11,7700,0,0,1
engine_execution,resident_ready_shutdown,1,0,12,7500,0,0,1
engine_execution,resident_ready_shutdown,1,0,13,7700,0,0,1
engine_execution,resident_ready_shutdown,1,0,14,7800,0,0,1
engine_execution,resident_ready_shutdown,1,0,15,7800,0,0,1
engine_execution,resident_ready_shutdown,1,0,16,7800,0,0,1
engine_execution,resident_ready_shutdown,1,0,17,7800,0,0,1
engine_execution,resident_ready_shutdown,1,0,18,7800,0,0,1
engine_execution,resident_ready_shutdown,1,0,19,7600,0,0,1
engine_execution,resident_ready_shutdown,1,0,20,7600,0,0,1
engine_execution,resident_ready_shutdown,1,0,21,7500,0,0,1
engine_execution,resident_ready_shutdown,1,0,22,8100,0,0,1
engine_execution,resident_ready_shutdown,1,0,23,7900,0,0,1
engine_execution,resident_ready_shutdown,1,0,24,7500,0,0,1
engine_execution,resident_ready_shutdown,1,0,25,7700,0,0,1
engine_execution,resident_ready_shutdown,1,0,26,7500,0,0,1
engine_execution,resident_ready_shutdown,1,0,27,7700,0,0,1
engine_execution,resident_ready_shutdown,1,0,28,7700,0,0,1
engine_execution,resident_ready_shutdown,1,0,29,7700,0,0,1
engine_execution,resident_ready_shutdown,1,0,30,7700,0,0,1
engine_execution,resident_ready_shutdown,1,0,31,7600,0,0,1
engine_execution,resident_ready_shutdown,1,0,32,7500,0,0,1
engine_execution,resident_ready_shutdown,1,0,33,7600,0,0,1
engine_execution,resident_ready_shutdown,1,0,34,7700,0,0,1
engine_execution,resident_ready_shutdown,1,0,35,7600,0,0,1
engine_execution,resident_ready_shutdown,1,0,36,7600,0,0,1
engine_execution,resident_ready_shutdown,1,0,37,7600,0,0,1
engine_execution,resident_ready_shutdown,1,0,38,7700,0,0,1
engine_execution,resident_ready_shutdown,1,0,39,7600,0,0,1
engine_execution,dynamic_live_instances_1,3,2,0,27600,0,0,0
engine_execution,dynamic_live_instances_1,3,2,1,27500,0,0,0
engine_execution,dynamic_live_instances_1,3,2,2,27600,0,0,0
engine_execution,dynamic_live_instances_1,3,2,3,27400,0,0,0
engine_execution,dynamic_live_instances_1,3,2,4,27700,0,0,0
engine_execution,dynamic_live_instances_1,3,2,5,27600,0,0,0
engine_execution,dynamic_live_instances_1,3,2,6,27400,0,0,0
engine_execution,dynamic_live_instances_1,3,2,7,27500,0,0,0
engine_execution,dynamic_live_instances_1,3,2,8,27100,0,0,0
engine_execution,dynamic_live_instances_1,3,2,9,27400,0,0,0
engine_execution,dynamic_live_instances_1,3,2,10,27400,0,0,0
engine_execution,dynamic_live_instances_1,3,2,11,27100,0,0,0
engine_execution,dynamic_live_instances_1,3,2,12,27200,0,0,0
engine_execution,dynamic_live_instances_1,3,2,13,26900,0,0,0
engine_execution,dynamic_live_instances_1,3,2,14,26200,0,0,0
engine_execution,dynamic_live_instances_1,3,2,15,25900,0,0,0
engine_execution,dynamic_live_instances_1,3,2,16,26100,0,0,0
engine_execution,dynamic_live_instances_1,3,2,17,26100,0,0,0
engine_execution,dynamic_live_instances_1,3,2,18,27900,0,0,0
engine_execution,dynamic_live_instances_1,3,2,19,27400,0,0,0
engine_execution,dynamic_live_instances_1,3,2,20,28000,0,0,0
engine_execution,dynamic_live_instances_1,3,2,21,29000,0,0,0
engine_execution,dynamic_live_instances_1,3,2,22,28800,0,0,0
engine_execution,dynamic_live_instances_1,3,2,23,26900,0,0,0
engine_execution,dynamic_live_instances_1,3,2,24,27500,0,0,0
engine_execution,dynamic_live_instances_1,3,2,25,27600,0,0,0
engine_execution,dynamic_live_instances_1,3,2,26,27600,0,0,0
engine_execution,dynamic_live_instances_1,3,2,27,27600,0,0,0
engine_execution,dynamic_live_instances_1,3,2,28,27600,0,0,0
engine_execution,dynamic_live_instances_1,3,2,29,28300,0,0,0
engine_execution,dynamic_live_instances_1,3,2,30,37800,0,0,0
engine_execution,dynamic_live_instances_1,3,2,31,27900,0,0,0
engine_execution,dynamic_live_instances_1,3,2,32,28300,0,0,0
engine_execution,dynamic_live_instances_1,3,2,33,27500,0,0,0
engine_execution,dynamic_live_instances_1,3,2,34,27900,0,0,0
engine_execution,dynamic_live_instances_1,3,2,35,27600,0,0,0
engine_execution,dynamic_live_instances_1,3,2,36,29000,0,0,0
engine_execution,dynamic_live_instances_1,3,2,37,31500,0,0,0
engine_execution,dynamic_live_instances_1,3,2,38,28000,0,0,0
engine_execution,dynamic_live_instances_1,3,2,39,27200,0,0,0
engine_execution_alloc,dynamic_live_instances_1,3,2,1,0,604,56109,0
engine_execution,dynamic_live_instances_10,3,2,0,219300,0,0,11
engine_execution,dynamic_live_instances_10,3,2,1,217600,0,0,11
engine_execution,dynamic_live_instances_10,3,2,2,221200,0,0,11
engine_execution,dynamic_live_instances_10,3,2,3,223400,0,0,11
engine_execution,dynamic_live_instances_10,3,2,4,218300,0,0,11
engine_execution,dynamic_live_instances_10,3,2,5,230700,0,0,11
engine_execution,dynamic_live_instances_10,3,2,6,221400,0,0,11
engine_execution,dynamic_live_instances_10,3,2,7,216200,0,0,11
engine_execution,dynamic_live_instances_10,3,2,8,226700,0,0,11
engine_execution,dynamic_live_instances_10,3,2,9,221400,0,0,11
engine_execution,dynamic_live_instances_10,3,2,10,230900,0,0,11
engine_execution,dynamic_live_instances_10,3,2,11,211500,0,0,11
engine_execution,dynamic_live_instances_10,3,2,12,220000,0,0,11
engine_execution,dynamic_live_instances_10,3,2,13,216000,0,0,11
engine_execution,dynamic_live_instances_10,3,2,14,222000,0,0,11
engine_execution,dynamic_live_instances_10,3,2,15,228300,0,0,11
engine_execution,dynamic_live_instances_10,3,2,16,218700,0,0,11
engine_execution,dynamic_live_instances_10,3,2,17,224200,0,0,11
engine_execution,dynamic_live_instances_10,3,2,18,217900,0,0,11
engine_execution,dynamic_live_instances_10,3,2,19,216700,0,0,11
engine_execution,dynamic_live_instances_10,3,2,20,220600,0,0,11
engine_execution,dynamic_live_instances_10,3,2,21,225000,0,0,11
engine_execution,dynamic_live_instances_10,3,2,22,220600,0,0,11
engine_execution,dynamic_live_instances_10,3,2,23,222800,0,0,11
engine_execution,dynamic_live_instances_10,3,2,24,225700,0,0,11
engine_execution,dynamic_live_instances_10,3,2,25,220100,0,0,11
engine_execution,dynamic_live_instances_10,3,2,26,223300,0,0,11
engine_execution,dynamic_live_instances_10,3,2,27,218600,0,0,11
engine_execution,dynamic_live_instances_10,3,2,28,215600,0,0,11
engine_execution,dynamic_live_instances_10,3,2,29,218200,0,0,11
engine_execution,dynamic_live_instances_10,3,2,30,221700,0,0,11
engine_execution,dynamic_live_instances_10,3,2,31,216500,0,0,11
engine_execution,dynamic_live_instances_10,3,2,32,218400,0,0,11
engine_execution,dynamic_live_instances_10,3,2,33,218200,0,0,11
engine_execution,dynamic_live_instances_10,3,2,34,218300,0,0,11
engine_execution,dynamic_live_instances_10,3,2,35,221200,0,0,11
engine_execution,dynamic_live_instances_10,3,2,36,208200,0,0,11
engine_execution,dynamic_live_instances_10,3,2,37,206800,0,0,11
engine_execution,dynamic_live_instances_10,3,2,38,208600,0,0,11
engine_execution,dynamic_live_instances_10,3,2,39,218000,0,0,11
engine_execution_alloc,dynamic_live_instances_10,3,2,10,0,4361,400384,11
engine_execution,dynamic_live_instances_100,3,2,0,5252100,0,0,101
engine_execution,dynamic_live_instances_100,3,2,1,5280000,0,0,101
engine_execution,dynamic_live_instances_100,3,2,2,5226600,0,0,101
engine_execution,dynamic_live_instances_100,3,2,3,5389600,0,0,101
engine_execution,dynamic_live_instances_100,3,2,4,5301000,0,0,101
engine_execution,dynamic_live_instances_100,3,2,5,5268300,0,0,101
engine_execution,dynamic_live_instances_100,3,2,6,5239000,0,0,101
engine_execution,dynamic_live_instances_100,3,2,7,5499200,0,0,101
engine_execution,dynamic_live_instances_100,3,2,8,5430700,0,0,101
engine_execution,dynamic_live_instances_100,3,2,9,5034000,0,0,101
engine_execution,dynamic_live_instances_100,3,2,10,5283900,0,0,101
engine_execution,dynamic_live_instances_100,3,2,11,5077300,0,0,101
engine_execution,dynamic_live_instances_100,3,2,12,4695500,0,0,101
engine_execution,dynamic_live_instances_100,3,2,13,4981200,0,0,101
engine_execution,dynamic_live_instances_100,3,2,14,5359600,0,0,101
engine_execution,dynamic_live_instances_100,3,2,15,5075800,0,0,101
engine_execution,dynamic_live_instances_100,3,2,16,5379100,0,0,101
engine_execution,dynamic_live_instances_100,3,2,17,5167600,0,0,101
engine_execution,dynamic_live_instances_100,3,2,18,4714200,0,0,101
engine_execution,dynamic_live_instances_100,3,2,19,5039100,0,0,101
engine_execution,dynamic_live_instances_100,3,2,20,4659900,0,0,101
engine_execution,dynamic_live_instances_100,3,2,21,4723900,0,0,101
engine_execution,dynamic_live_instances_100,3,2,22,5103700,0,0,101
engine_execution,dynamic_live_instances_100,3,2,23,4743600,0,0,101
engine_execution,dynamic_live_instances_100,3,2,24,5224700,0,0,101
engine_execution,dynamic_live_instances_100,3,2,25,5523100,0,0,101
engine_execution,dynamic_live_instances_100,3,2,26,4578100,0,0,101
engine_execution,dynamic_live_instances_100,3,2,27,5182800,0,0,101
engine_execution,dynamic_live_instances_100,3,2,28,4672800,0,0,101
engine_execution,dynamic_live_instances_100,3,2,29,5069700,0,0,101
engine_execution,dynamic_live_instances_100,3,2,30,4590400,0,0,101
engine_execution,dynamic_live_instances_100,3,2,31,4605100,0,0,101
engine_execution,dynamic_live_instances_100,3,2,32,5059900,0,0,101
engine_execution,dynamic_live_instances_100,3,2,33,4780900,0,0,101
engine_execution,dynamic_live_instances_100,3,2,34,5036100,0,0,101
engine_execution,dynamic_live_instances_100,3,2,35,5229800,0,0,101
engine_execution,dynamic_live_instances_100,3,2,36,4711900,0,0,101
engine_execution,dynamic_live_instances_100,3,2,37,5135900,0,0,101
engine_execution,dynamic_live_instances_100,3,2,38,4581000,0,0,101
engine_execution,dynamic_live_instances_100,3,2,39,4814000,0,0,101
engine_execution_alloc,dynamic_live_instances_100,3,2,100,0,68512,6238670,101
engine_execution,trace_default,100,99,0,356400,0,0,1
engine_execution,trace_default,100,99,1,347800,0,0,0
engine_execution,trace_default,100,99,2,351100,0,0,3
engine_execution,trace_default,100,99,3,363700,0,0,2
engine_execution,trace_default,100,99,4,349000,0,0,5
engine_execution,trace_default,100,99,5,347900,0,0,4
engine_execution,trace_default,100,99,6,357300,0,0,7
engine_execution,trace_default,100,99,7,347600,0,0,6
engine_execution,trace_default,100,99,8,340600,0,0,9
engine_execution,trace_default,100,99,9,339100,0,0,8
engine_execution,trace_default,100,99,10,342300,0,0,11
engine_execution,trace_default,100,99,11,350400,0,0,10
engine_execution,trace_default,100,99,12,356600,0,0,13
engine_execution,trace_default,100,99,13,334700,0,0,12
engine_execution,trace_default,100,99,14,350900,0,0,15
engine_execution,trace_default,100,99,15,349300,0,0,14
engine_execution,trace_default,100,99,16,349500,0,0,17
engine_execution,trace_default,100,99,17,353800,0,0,16
engine_execution,trace_default,100,99,18,351800,0,0,19
engine_execution,trace_default,100,99,19,347300,0,0,18
engine_execution,trace_default,100,99,20,364200,0,0,21
engine_execution,trace_default,100,99,21,348400,0,0,20
engine_execution,trace_default,100,99,22,348800,0,0,23
engine_execution,trace_default,100,99,23,349000,0,0,22
engine_execution,trace_default,100,99,24,347900,0,0,25
engine_execution,trace_default,100,99,25,345900,0,0,24
engine_execution,trace_default,100,99,26,355400,0,0,27
engine_execution,trace_default,100,99,27,351800,0,0,26
engine_execution,trace_default,100,99,28,349600,0,0,29
engine_execution,trace_default,100,99,29,350700,0,0,28
engine_execution,trace_default,100,99,30,337200,0,0,31
engine_execution,trace_default,100,99,31,341900,0,0,30
engine_execution,trace_default,100,99,32,351900,0,0,33
engine_execution,trace_default,100,99,33,346600,0,0,32
engine_execution,trace_default,100,99,34,352800,0,0,35
engine_execution,trace_default,100,99,35,347700,0,0,34
engine_execution,trace_default,100,99,36,348100,0,0,37
engine_execution,trace_default,100,99,37,354600,0,0,36
engine_execution,trace_default,100,99,38,348400,0,0,39
engine_execution,trace_default,100,99,39,350100,0,0,38
engine_execution_alloc,trace_default,100,99,0,0,5983,769191,23131
engine_execution,trace_observer,100,99,0,361400,0,0,1
engine_execution,trace_observer,100,99,1,350000,0,0,0
engine_execution,trace_observer,100,99,2,369100,0,0,3
engine_execution,trace_observer,100,99,3,353600,0,0,2
engine_execution,trace_observer,100,99,4,351900,0,0,5
engine_execution,trace_observer,100,99,5,357800,0,0,4
engine_execution,trace_observer,100,99,6,348200,0,0,7
engine_execution,trace_observer,100,99,7,347600,0,0,6
engine_execution,trace_observer,100,99,8,352800,0,0,9
engine_execution,trace_observer,100,99,9,344900,0,0,8
engine_execution,trace_observer,100,99,10,338900,0,0,11
engine_execution,trace_observer,100,99,11,346800,0,0,10
engine_execution,trace_observer,100,99,12,341100,0,0,13
engine_execution,trace_observer,100,99,13,348600,0,0,12
engine_execution,trace_observer,100,99,14,353000,0,0,15
engine_execution,trace_observer,100,99,15,343900,0,0,14
engine_execution,trace_observer,100,99,16,342400,0,0,17
engine_execution,trace_observer,100,99,17,366000,0,0,16
engine_execution,trace_observer,100,99,18,348900,0,0,19
engine_execution,trace_observer,100,99,19,347900,0,0,18
engine_execution,trace_observer,100,99,20,356200,0,0,21
engine_execution,trace_observer,100,99,21,353100,0,0,20
engine_execution,trace_observer,100,99,22,355900,0,0,23
engine_execution,trace_observer,100,99,23,352300,0,0,22
engine_execution,trace_observer,100,99,24,352300,0,0,25
engine_execution,trace_observer,100,99,25,360400,0,0,24
engine_execution,trace_observer,100,99,26,351200,0,0,27
engine_execution,trace_observer,100,99,27,354000,0,0,26
engine_execution,trace_observer,100,99,28,349300,0,0,29
engine_execution,trace_observer,100,99,29,348500,0,0,28
engine_execution,trace_observer,100,99,30,346700,0,0,31
engine_execution,trace_observer,100,99,31,340500,0,0,30
engine_execution,trace_observer,100,99,32,352200,0,0,33
engine_execution,trace_observer,100,99,33,352100,0,0,32
engine_execution,trace_observer,100,99,34,349800,0,0,35
engine_execution,trace_observer,100,99,35,350400,0,0,34
engine_execution,trace_observer,100,99,36,355700,0,0,37
engine_execution,trace_observer,100,99,37,348400,0,0,36
engine_execution,trace_observer,100,99,38,357000,0,0,39
engine_execution,trace_observer,100,99,39,350000,0,0,38
engine_execution_alloc,trace_observer,100,99,0,0,5983,769191,23131
representative_application,application_hash_sdax,10,9,0,30600,0,0,8827501768403342007
representative_application,application_hash_sdax,10,9,1,30700,0,0,8951258580674472749
representative_application,application_hash_sdax,10,9,2,30800,0,0,18157584738022301124
representative_application,application_hash_sdax,10,9,3,30600,0,0,16093298964628915617
representative_application,application_hash_sdax,10,9,4,30900,0,0,4338024545885762412
representative_application,application_hash_sdax,10,9,5,31600,0,0,4989613096480112062
representative_application,application_hash_sdax,10,9,6,30600,0,0,14756605482753659039
representative_application,application_hash_sdax,10,9,7,30500,0,0,48615153832195890
representative_application,application_hash_sdax,10,9,8,30500,0,0,12897547982939568865
representative_application,application_hash_sdax,10,9,9,30300,0,0,6455468052857312123
representative_application,application_hash_sdax,10,9,10,30900,0,0,7461994257773924098
representative_application,application_hash_sdax,10,9,11,30600,0,0,3636896381673253623
representative_application,application_hash_sdax,10,9,12,30600,0,0,6793413810667899076
representative_application,application_hash_sdax,10,9,13,30700,0,0,12277190981714708308
representative_application,application_hash_sdax,10,9,14,30800,0,0,9683030269895486545
representative_application,application_hash_sdax,10,9,15,30400,0,0,9383150768291419922
representative_application,application_hash_sdax,10,9,16,30800,0,0,11312423361794011584
representative_application,application_hash_sdax,10,9,17,30500,0,0,18128183083347417488
representative_application,application_hash_sdax,10,9,18,30700,0,0,12087555839788357172
representative_application,application_hash_sdax,10,9,19,30400,0,0,13041129334982073488
representative_application,application_hash_sdax,10,9,20,30700,0,0,8384464984104957687
representative_application,application_hash_sdax,10,9,21,30400,0,0,10868783110269989825
representative_application,application_hash_sdax,10,9,22,30500,0,0,15668235844036064711
representative_application,application_hash_sdax,10,9,23,31100,0,0,4013874171971043560
representative_application,application_hash_sdax,10,9,24,30700,0,0,4203571749175062306
representative_application,application_hash_sdax,10,9,25,36300,0,0,10926854856726577928
representative_application,application_hash_sdax,10,9,26,30900,0,0,16212662351989052772
representative_application,application_hash_sdax,10,9,27,30800,0,0,11560519827294593319
representative_application,application_hash_sdax,10,9,28,30300,0,0,7617103062409141563
representative_application,application_hash_sdax,10,9,29,30600,0,0,15838086077383948403
representative_application,application_hash_sdax,10,9,30,31000,0,0,8116776606867456652
representative_application,application_hash_sdax,10,9,31,30600,0,0,11359474695907197805
representative_application,application_hash_sdax,10,9,32,30500,0,0,9168736860549268637
representative_application,application_hash_sdax,10,9,33,30600,0,0,16764612828771598240
representative_application,application_hash_sdax,10,9,34,30600,0,0,14255204493723425259
representative_application,application_hash_sdax,10,9,35,30300,0,0,3518369773145393400
representative_application,application_hash_sdax,10,9,36,30400,0,0,8965317550446050729
representative_application,application_hash_sdax,10,9,37,30500,0,0,16665962306655849748
representative_application,application_hash_sdax,10,9,38,30700,0,0,13342058531664200426
representative_application,application_hash_sdax,10,9,39,30400,0,0,18112928529687244317
representative_application_alloc,application_hash_sdax,10,9,0,0,654,66354,17601881740522758837
representative_application,application_hash_handwritten,10,9,0,600,0,0,8827501768403342006
representative_application,application_hash_handwritten,10,9,1,600,0,0,8951258580674472748
representative_application,application_hash_handwritten,10,9,2,600,0,0,18157584738022301125
representative_application,application_hash_handwritten,10,9,3,600,0,0,16093298964628915616
representative_application,application_hash_handwritten,10,9,4,500,0,0,4338024545885762413
representative_application,application_hash_handwritten,10,9,5,500,0,0,4989613096480112063
representative_application,application_hash_handwritten,10,9,6,500,0,0,14756605482753659038
representative_application,application_hash_handwritten,10,9,7,500,0,0,48615153832195891
representative_application,application_hash_handwritten,10,9,8,600,0,0,12897547982939568864
representative_application,application_hash_handwritten,10,9,9,600,0,0,6455468052857312122
representative_application,application_hash_handwritten,10,9,10,500,0,0,7461994257773924099
representative_application,application_hash_handwritten,10,9,11,500,0,0,3636896381673253622
representative_application,application_hash_handwritten,10,9,12,600,0,0,6793413810667899077
representative_application,application_hash_handwritten,10,9,13,600,0,0,12277190981714708309
representative_application,application_hash_handwritten,10,9,14,500,0,0,9683030269895486544
representative_application,application_hash_handwritten,10,9,15,500,0,0,9383150768291419923
representative_application,application_hash_handwritten,10,9,16,500,0,0,11312423361794011585
representative_application,application_hash_handwritten,10,9,17,600,0,0,18128183083347417489
representative_application,application_hash_handwritten,10,9,18,600,0,0,12087555839788357173
representative_application,application_hash_handwritten,10,9,19,600,0,0,13041129334982073489
representative_application,application_hash_handwritten,10,9,20,500,0,0,8384464984104957686
representative_application,application_hash_handwritten,10,9,21,500,0,0,10868783110269989824
representative_application,application_hash_handwritten,10,9,22,500,0,0,15668235844036064710
representative_application,application_hash_handwritten,10,9,23,600,0,0,4013874171971043561
representative_application,application_hash_handwritten,10,9,24,600,0,0,4203571749175062307
representative_application,application_hash_handwritten,10,9,25,600,0,0,10926854856726577929
representative_application,application_hash_handwritten,10,9,26,500,0,0,16212662351989052773
representative_application,application_hash_handwritten,10,9,27,500,0,0,11560519827294593318
representative_application,application_hash_handwritten,10,9,28,600,0,0,7617103062409141562
representative_application,application_hash_handwritten,10,9,29,600,0,0,15838086077383948402
representative_application,application_hash_handwritten,10,9,30,600,0,0,8116776606867456653
representative_application,application_hash_handwritten,10,9,31,500,0,0,11359474695907197804
representative_application,application_hash_handwritten,10,9,32,500,0,0,9168736860549268636
representative_application,application_hash_handwritten,10,9,33,500,0,0,16764612828771598241
representative_application,application_hash_handwritten,10,9,34,600,0,0,14255204493723425258
representative_application,application_hash_handwritten,10,9,35,600,0,0,3518369773145393401
representative_application,application_hash_handwritten,10,9,36,600,0,0,8965317550446050728
representative_application,application_hash_handwritten,10,9,37,500,0,0,16665962306655849749
representative_application,application_hash_handwritten,10,9,38,500,0,0,13342058531664200427
representative_application,application_hash_handwritten,10,9,39,500,0,0,18112928529687244316
representative_application,application_hash_sdax,100,99,0,351400,0,0,11698499080773063169
representative_application,application_hash_sdax,100,99,1,358700,0,0,1167273700599470746
representative_application,application_hash_sdax,100,99,2,357100,0,0,230717062559681466
representative_application,application_hash_sdax,100,99,3,352500,0,0,13461277124864170951
representative_application,application_hash_sdax,100,99,4,357000,0,0,1843089491647656604
representative_application,application_hash_sdax,100,99,5,350500,0,0,1884400405866327554
representative_application,application_hash_sdax,100,99,6,351800,0,0,15657071968087079792
representative_application,application_hash_sdax,100,99,7,361300,0,0,8136226820520416651
representative_application,application_hash_sdax,100,99,8,338400,0,0,9211086410723557827
representative_application,application_hash_sdax,100,99,9,348300,0,0,3206438314367023030
representative_application,application_hash_sdax,100,99,10,352400,0,0,5368241661201366769
representative_application,application_hash_sdax,100,99,11,342400,0,0,6168939717596367288
representative_application,application_hash_sdax,100,99,12,356300,0,0,14206662131410471245
representative_application,application_hash_sdax,100,99,13,348400,0,0,13119166869922341979
representative_application,application_hash_sdax,100,99,14,350000,0,0,13832537443924736586
representative_application,application_hash_sdax,100,99,15,355400,0,0,10215951684877506974
representative_application,application_hash_sdax,100,99,16,355400,0,0,5034229283543529572
representative_application,application_hash_sdax,100,99,17,351600,0,0,14677823012927430832
representative_application,application_hash_sdax,100,99,18,353800,0,0,13894612964717701903
representative_application,application_hash_sdax,100,99,19,349600,0,0,15583721593309401490
representative_application,application_hash_sdax,100,99,20,350900,0,0,6418842662590208827
representative_application,application_hash_sdax,100,99,21,354600,0,0,13631435880641776915
representative_application,application_hash_sdax,100,99,22,352100,0,0,17183653852698357092
representative_application,application_hash_sdax,100,99,23,344200,0,0,9274972455216937604
representative_application,application_hash_sdax,100,99,24,347700,0,0,9355792106790873694
representative_application,application_hash_sdax,100,99,25,398800,0,0,6870977820890846112
representative_application,application_hash_sdax,100,99,26,402400,0,0,7356228651156183227
representative_application,application_hash_sdax,100,99,27,345500,0,0,6496560239278517594
representative_application,application_hash_sdax,100,99,28,373800,0,0,1600470374967907333
representative_application,application_hash_sdax,100,99,29,356600,0,0,7749396622089507156
representative_application,application_hash_sdax,100,99,30,359200,0,0,5914597544721144955
representative_application,application_hash_sdax,100,99,31,348900,0,0,8593148281290798141
representative_application,application_hash_sdax,100,99,32,372200,0,0,17312262507819578044
representative_application,application_hash_sdax,100,99,33,359800,0,0,8449402800832754809
representative_application,application_hash_sdax,100,99,34,348500,0,0,3614604414420252231
representative_application,application_hash_sdax,100,99,35,355300,0,0,2366660716473973819
representative_application,application_hash_sdax,100,99,36,353800,0,0,8524431054321544385
representative_application,application_hash_sdax,100,99,37,361800,0,0,11652126080490940143
representative_application,application_hash_sdax,100,99,38,355300,0,0,7153169922785203679
representative_application,application_hash_sdax,100,99,39,354600,0,0,6082470906507506695
representative_application_alloc,application_hash_sdax,100,99,0,0,5983,772740,4889995614244325387
representative_application,application_hash_handwritten,100,99,0,6100,0,0,11698499080773063168
representative_application,application_hash_handwritten,100,99,1,6200,0,0,1167273700599470747
representative_application,application_hash_handwritten,100,99,2,6100,0,0,230717062559681467
representative_application,application_hash_handwritten,100,99,3,6100,0,0,13461277124864170950
representative_application,application_hash_handwritten,100,99,4,6200,0,0,1843089491647656605
representative_application,application_hash_handwritten,100,99,5,6200,0,0,1884400405866327555
representative_application,application_hash_handwritten,100,99,6,6100,0,0,15657071968087079793
representative_application,application_hash_handwritten,100,99,7,6100,0,0,8136226820520416650
representative_application,application_hash_handwritten,100,99,8,6200,0,0,9211086410723557826
representative_application,application_hash_handwritten,100,99,9,6200,0,0,3206438314367023031
representative_application,application_hash_handwritten,100,99,10,6100,0,0,5368241661201366768
representative_application,application_hash_handwritten,100,99,11,6100,0,0,6168939717596367289
representative_application,application_hash_handwritten,100,99,12,6200,0,0,14206662131410471244
representative_application,application_hash_handwritten,100,99,13,6200,0,0,13119166869922341978
representative_application,application_hash_handwritten,100,99,14,6100,0,0,13832537443924736587
representative_application,application_hash_handwritten,100,99,15,6100,0,0,10215951684877506975
representative_application,application_hash_handwritten,100,99,16,6200,0,0,5034229283543529573
representative_application,application_hash_handwritten,100,99,17,6100,0,0,14677823012927430833
representative_application,application_hash_handwritten,100,99,18,6100,0,0,13894612964717701902
representative_application,application_hash_handwritten,100,99,19,6100,0,0,15583721593309401491
representative_application,application_hash_handwritten,100,99,20,6200,0,0,6418842662590208826
representative_application,application_hash_handwritten,100,99,21,6100,0,0,13631435880641776914
representative_application,application_hash_handwritten,100,99,22,6100,0,0,17183653852698357093
representative_application,application_hash_handwritten,100,99,23,6200,0,0,9274972455216937605
representative_application,application_hash_handwritten,100,99,24,6200,0,0,9355792106790873695
representative_application,application_hash_handwritten,100,99,25,6100,0,0,6870977820890846113
representative_application,application_hash_handwritten,100,99,26,6100,0,0,7356228651156183226
representative_application,application_hash_handwritten,100,99,27,6200,0,0,6496560239278517595
representative_application,application_hash_handwritten,100,99,28,6100,0,0,1600470374967907332
representative_application,application_hash_handwritten,100,99,29,6100,0,0,7749396622089507157
representative_application,application_hash_handwritten,100,99,30,6200,0,0,5914597544721144954
representative_application,application_hash_handwritten,100,99,31,6100,0,0,8593148281290798140
representative_application,application_hash_handwritten,100,99,32,6100,0,0,17312262507819578045
representative_application,application_hash_handwritten,100,99,33,6100,0,0,8449402800832754808
representative_application,application_hash_handwritten,100,99,34,6100,0,0,3614604414420252230
representative_application,application_hash_handwritten,100,99,35,6100,0,0,2366660716473973818
representative_application,application_hash_handwritten,100,99,36,6100,0,0,8524431054321544384
representative_application,application_hash_handwritten,100,99,37,6100,0,0,11652126080490940142
representative_application,application_hash_handwritten,100,99,38,6200,0,0,7153169922785203678
representative_application,application_hash_handwritten,100,99,39,6100,0,0,6082470906507506694
