phase,workload,nodes,edges,sample,nanos,allocations,allocated_bytes,checksum
adapter_setup,current_thread_runtime,0,0,0,36130,0,0,0
adapter_setup,current_thread_runtime,0,0,1,2037,0,0,0
adapter_setup,current_thread_runtime,0,0,2,1815,0,0,0
adapter_setup,current_thread_runtime,0,0,3,1815,0,0,0
adapter_setup,current_thread_runtime,0,0,4,1981,0,0,0
adapter_setup,current_thread_runtime,0,0,5,2130,0,0,0
adapter_setup,current_thread_runtime,0,0,6,1796,0,0,0
adapter_setup,current_thread_runtime,0,0,7,1778,0,0,0
adapter_setup,current_thread_runtime,0,0,8,1834,0,0,0
adapter_setup,current_thread_runtime,0,0,9,1833,0,0,0
adapter_setup,current_thread_runtime,0,0,10,1852,0,0,0
adapter_setup,current_thread_runtime,0,0,11,1926,0,0,0
adapter_setup,current_thread_runtime,0,0,12,2759,0,0,0
adapter_setup,current_thread_runtime,0,0,13,2518,0,0,0
adapter_setup,current_thread_runtime,0,0,14,2148,0,0,0
adapter_setup,current_thread_runtime,0,0,15,2037,0,0,0
adapter_setup,current_thread_runtime,0,0,16,2075,0,0,0
adapter_setup,current_thread_runtime,0,0,17,1982,0,0,0
adapter_setup,current_thread_runtime,0,0,18,2074,0,0,0
adapter_setup,current_thread_runtime,0,0,19,2037,0,0,0
adapter_setup,current_thread_runtime,0,0,20,2056,0,0,0
adapter_setup,current_thread_runtime,0,0,21,2000,0,0,0
adapter_setup,current_thread_runtime,0,0,22,1963,0,0,0
adapter_setup,current_thread_runtime,0,0,23,2000,0,0,0
adapter_setup,current_thread_runtime,0,0,24,1963,0,0,0
adapter_setup,current_thread_runtime,0,0,25,1963,0,0,0
adapter_setup,current_thread_runtime,0,0,26,1963,0,0,0
adapter_setup,current_thread_runtime,0,0,27,2000,0,0,0
adapter_setup,current_thread_runtime,0,0,28,1982,0,0,0
adapter_setup,current_thread_runtime,0,0,29,2019,0,0,0
adapter_setup,current_thread_runtime,0,0,30,2000,0,0,0
adapter_setup,current_thread_runtime,0,0,31,2074,0,0,0
adapter_setup,current_thread_runtime,0,0,32,2167,0,0,0
adapter_setup,current_thread_runtime,0,0,33,1982,0,0,0
adapter_setup,current_thread_runtime,0,0,34,2092,0,0,0
adapter_setup,current_thread_runtime,0,0,35,2000,0,0,0
adapter_setup,current_thread_runtime,0,0,36,2129,0,0,0
adapter_setup,current_thread_runtime,0,0,37,2092,0,0,0
adapter_setup,current_thread_runtime,0,0,38,2741,0,0,0
adapter_setup,current_thread_runtime,0,0,39,2000,0,0,0
fixture_generation,graph_chain,1,0,0,426,0,0,5
fixture_generation,graph_chain,1,0,1,315,0,0,5
fixture_generation,graph_chain,1,0,2,259,0,0,5
fixture_generation,graph_chain,1,0,3,278,0,0,5
fixture_generation,graph_chain,1,0,4,352,0,0,5
fixture_generation,graph_chain,1,0,5,278,0,0,5
fixture_generation,graph_chain,1,0,6,260,0,0,5
fixture_generation,graph_chain,1,0,7,259,0,0,5
fixture_generation,graph_chain,1,0,8,278,0,0,5
fixture_generation,graph_chain,1,0,9,260,0,0,5
fixture_generation,graph_chain,1,0,10,259,0,0,5
fixture_generation,graph_chain,1,0,11,241,0,0,5
fixture_generation,graph_chain,1,0,12,241,0,0,5
fixture_generation,graph_chain,1,0,13,240,0,0,5
fixture_generation,graph_chain,1,0,14,241,0,0,5
fixture_generation,graph_chain,1,0,15,259,0,0,5
fixture_generation,graph_chain,1,0,16,241,0,0,5
fixture_generation,graph_chain,1,0,17,241,0,0,5
fixture_generation,graph_chain,1,0,18,240,0,0,5
fixture_generation,graph_chain,1,0,19,241,0,0,5
plan_build,graph_chain,1,0,0,6241,0,0,11
plan_build,graph_chain,1,0,1,2963,0,0,11
plan_build,graph_chain,1,0,2,2500,0,0,11
plan_build,graph_chain,1,0,3,2426,0,0,11
plan_build,graph_chain,1,0,4,2314,0,0,11
plan_build,graph_chain,1,0,5,2277,0,0,11
plan_build,graph_chain,1,0,6,2482,0,0,11
plan_build,graph_chain,1,0,7,2463,0,0,11
plan_build,graph_chain,1,0,8,2333,0,0,11
plan_build,graph_chain,1,0,9,2333,0,0,11
plan_build,graph_chain,1,0,10,2481,0,0,11
plan_build,graph_chain,1,0,11,2426,0,0,11
plan_build,graph_chain,1,0,12,2371,0,0,11
plan_build,graph_chain,1,0,13,2334,0,0,11
plan_build,graph_chain,1,0,14,2537,0,0,11
plan_build,graph_chain,1,0,15,2407,0,0,11
plan_build,graph_chain,1,0,16,2407,0,0,11
plan_build,graph_chain,1,0,17,2537,0,0,11
plan_build,graph_chain,1,0,18,2611,0,0,11
plan_build,graph_chain,1,0,19,2426,0,0,11
plan_build_alloc,graph_chain,1,0,0,0,36,6722,11
engine_execution,graph_chain,1,0,0,10445,0,0,1
engine_execution,graph_chain,1,0,1,10500,0,0,0
engine_execution,graph_chain,1,0,2,10815,0,0,3
engine_execution,graph_chain,1,0,3,10981,0,0,2
engine_execution,graph_chain,1,0,4,10759,0,0,5
engine_execution,graph_chain,1,0,5,10556,0,0,4
engine_execution,graph_chain,1,0,6,10851,0,0,7
engine_execution,graph_chain,1,0,7,11222,0,0,6
engine_execution,graph_chain,1,0,8,11148,0,0,9
engine_execution,graph_chain,1,0,9,11185,0,0,8
engine_execution,graph_chain,1,0,10,11315,0,0,11
engine_execution,graph_chain,1,0,11,11111,0,0,10
engine_execution,graph_chain,1,0,12,10981,0,0,13
engine_execution,graph_chain,1,0,13,10926,0,0,12
engine_execution,graph_chain,1,0,14,10778,0,0,15
engine_execution,graph_chain,1,0,15,11204,0,0,14
engine_execution,graph_chain,1,0,16,11315,0,0,17
engine_execution,graph_chain,1,0,17,10926,0,0,16
engine_execution,graph_chain,1,0,18,10797,0,0,19
engine_execution,graph_chain,1,0,19,10945,0,0,18
engine_execution,graph_chain,1,0,20,10945,0,0,21
engine_execution,graph_chain,1,0,21,10982,0,0,20
engine_execution,graph_chain,1,0,22,10871,0,0,23
engine_execution,graph_chain,1,0,23,10963,0,0,22
engine_execution,graph_chain,1,0,24,11259,0,0,25
engine_execution,graph_chain,1,0,25,11203,0,0,24
engine_execution,graph_chain,1,0,26,11056,0,0,27
engine_execution,graph_chain,1,0,27,11278,0,0,26
engine_execution,graph_chain,1,0,28,10944,0,0,29
engine_execution,graph_chain,1,0,29,11351,0,0,28
engine_execution,graph_chain,1,0,30,11074,0,0,31
engine_execution,graph_chain,1,0,31,11203,0,0,30
engine_execution,graph_chain,1,0,32,11278,0,0,33
engine_execution,graph_chain,1,0,33,11204,0,0,32
engine_execution,graph_chain,1,0,34,10926,0,0,35
engine_execution,graph_chain,1,0,35,11297,0,0,34
engine_execution,graph_chain,1,0,36,11019,0,0,37
engine_execution,graph_chain,1,0,37,10889,0,0,36
engine_execution,graph_chain,1,0,38,11352,0,0,39
engine_execution,graph_chain,1,0,39,11148,0,0,38
engine_execution_alloc,graph_chain,1,0,0,0,99,11332,23131
machine_state_setup,graph_chain,1,0,0,481,0,0,1
body_state_setup,graph_chain,1,0,0,445,0,0,0
machine_state_setup,graph_chain,1,0,1,315,0,0,1
body_state_setup,graph_chain,1,0,1,333,0,0,0
machine_state_setup,graph_chain,1,0,2,278,0,0,1
body_state_setup,graph_chain,1,0,2,481,0,0,0
machine_state_setup,graph_chain,1,0,3,278,0,0,1
body_state_setup,graph_chain,1,0,3,352,0,0,0
machine_state_setup,graph_chain,1,0,4,259,0,0,1
body_state_setup,graph_chain,1,0,4,352,0,0,0
machine_state_setup,graph_chain,1,0,5,259,0,0,1
body_state_setup,graph_chain,1,0,5,481,0,0,0
machine_state_setup,graph_chain,1,0,6,371,0,0,1
body_state_setup,graph_chain,1,0,6,500,0,0,0
machine_state_setup,graph_chain,1,0,7,481,0,0,1
body_state_setup,graph_chain,1,0,7,500,0,0,0
machine_state_setup,graph_chain,1,0,8,333,0,0,1
body_state_setup,graph_chain,1,0,8,408,0,0,0
machine_state_setup,graph_chain,1,0,9,278,0,0,1
body_state_setup,graph_chain,1,0,9,426,0,0,0
machine_state_setup,graph_chain,1,0,10,315,0,0,1
body_state_setup,graph_chain,1,0,10,408,0,0,0
machine_state_setup,graph_chain,1,0,11,296,0,0,1
body_state_setup,graph_chain,1,0,11,370,0,0,0
machine_state_setup,graph_chain,1,0,12,370,0,0,1
body_state_setup,graph_chain,1,0,12,352,0,0,0
machine_state_setup,graph_chain,1,0,13,370,0,0,1
body_state_setup,graph_chain,1,0,13,333,0,0,0
machine_state_setup,graph_chain,1,0,14,314,0,0,1
body_state_setup,graph_chain,1,0,14,407,0,0,0
machine_state_setup,graph_chain,1,0,15,297,0,0,1
body_state_setup,graph_chain,1,0,15,408,0,0,0
machine_state_setup,graph_chain,1,0,16,297,0,0,1
body_state_setup,graph_chain,1,0,16,333,0,0,0
machine_state_setup,graph_chain,1,0,17,260,0,0,1
body_state_setup,graph_chain,1,0,17,334,0,0,0
machine_state_setup,graph_chain,1,0,18,259,0,0,1
body_state_setup,graph_chain,1,0,18,407,0,0,0
machine_state_setup,graph_chain,1,0,19,297,0,0,1
body_state_setup,graph_chain,1,0,19,352,0,0,0
machine_state_setup,graph_chain,1,0,20,260,0,0,1
body_state_setup,graph_chain,1,0,20,333,0,0,0
machine_state_setup,graph_chain,1,0,21,260,0,0,1
body_state_setup,graph_chain,1,0,21,389,0,0,0
machine_state_setup,graph_chain,1,0,22,315,0,0,1
body_state_setup,graph_chain,1,0,22,333,0,0,0
machine_state_setup,graph_chain,1,0,23,277,0,0,1
body_state_setup,graph_chain,1,0,23,352,0,0,0
machine_state_setup,graph_chain,1,0,24,260,0,0,1
body_state_setup,graph_chain,1,0,24,408,0,0,0
machine_state_setup,graph_chain,1,0,25,296,0,0,1
body_state_setup,graph_chain,1,0,25,333,0,0,0
machine_state_setup,graph_chain,1,0,26,260,0,0,1
body_state_setup,graph_chain,1,0,26,333,0,0,0
machine_state_setup,graph_chain,1,0,27,259,0,0,1
body_state_setup,graph_chain,1,0,27,370,0,0,0
machine_state_setup,graph_chain,1,0,28,889,0,0,1
body_state_setup,graph_chain,1,0,28,389,0,0,0
machine_state_setup,graph_chain,1,0,29,259,0,0,1
body_state_setup,graph_chain,1,0,29,333,0,0,0
machine_state_setup,graph_chain,1,0,30,296,0,0,1
body_state_setup,graph_chain,1,0,30,333,0,0,0
machine_state_setup,graph_chain,1,0,31,278,0,0,1
body_state_setup,graph_chain,1,0,31,370,0,0,0
machine_state_setup,graph_chain,1,0,32,260,0,0,1
body_state_setup,graph_chain,1,0,32,371,0,0,0
machine_state_setup,graph_chain,1,0,33,278,0,0,1
body_state_setup,graph_chain,1,0,33,333,0,0,0
machine_state_setup,graph_chain,1,0,34,260,0,0,1
body_state_setup,graph_chain,1,0,34,334,0,0,0
machine_state_setup,graph_chain,1,0,35,259,0,0,1
body_state_setup,graph_chain,1,0,35,371,0,0,0
machine_state_setup,graph_chain,1,0,36,259,0,0,1
body_state_setup,graph_chain,1,0,36,352,0,0,0
machine_state_setup,graph_chain,1,0,37,259,0,0,1
body_state_setup,graph_chain,1,0,37,334,0,0,0
machine_state_setup,graph_chain,1,0,38,278,0,0,1
body_state_setup,graph_chain,1,0,38,333,0,0,0
machine_state_setup,graph_chain,1,0,39,259,0,0,1
body_state_setup,graph_chain,1,0,39,352,0,0,0
pure_machine_events_preseeded,graph_chain,1,0,0,3407,0,0,1
pure_machine_events_preseeded,graph_chain,1,0,1,2037,0,0,1
pure_machine_events_preseeded,graph_chain,1,0,2,1982,0,0,1
pure_machine_events_preseeded,graph_chain,1,0,3,1889,0,0,1
pure_machine_events_preseeded,graph_chain,1,0,4,1778,0,0,1
pure_machine_events_preseeded,graph_chain,1,0,5,1834,0,0,1
pure_machine_events_preseeded,graph_chain,1,0,6,1778,0,0,1
pure_machine_events_preseeded,graph_chain,1,0,7,1778,0,0,1
pure_machine_events_preseeded,graph_chain,1,0,8,1778,0,0,1
pure_machine_events_preseeded,graph_chain,1,0,9,1741,0,0,1
pure_machine_events_preseeded,graph_chain,1,0,10,1778,0,0,1
pure_machine_events_preseeded,graph_chain,1,0,11,1741,0,0,1
pure_machine_events_preseeded,graph_chain,1,0,12,1852,0,0,1
pure_machine_events_preseeded,graph_chain,1,0,13,1759,0,0,1
pure_machine_events_preseeded,graph_chain,1,0,14,1778,0,0,1
pure_machine_events_preseeded,graph_chain,1,0,15,1740,0,0,1
pure_machine_events_preseeded,graph_chain,1,0,16,1759,0,0,1
pure_machine_events_preseeded,graph_chain,1,0,17,1741,0,0,1
pure_machine_events_preseeded,graph_chain,1,0,18,1740,0,0,1
pure_machine_events_preseeded,graph_chain,1,0,19,1851,0,0,1
pure_machine_events_preseeded,graph_chain,1,0,20,1741,0,0,1
pure_machine_events_preseeded,graph_chain,1,0,21,1740,0,0,1
pure_machine_events_preseeded,graph_chain,1,0,22,1740,0,0,1
pure_machine_events_preseeded,graph_chain,1,0,23,1741,0,0,1
pure_machine_events_preseeded,graph_chain,1,0,24,1741,0,0,1
pure_machine_events_preseeded,graph_chain,1,0,25,1741,0,0,1
pure_machine_events_preseeded,graph_chain,1,0,26,1778,0,0,1
pure_machine_events_preseeded,graph_chain,1,0,27,1778,0,0,1
pure_machine_events_preseeded,graph_chain,1,0,28,1797,0,0,1
pure_machine_events_preseeded,graph_chain,1,0,29,1760,0,0,1
pure_machine_events_preseeded,graph_chain,1,0,30,1759,0,0,1
pure_machine_events_preseeded,graph_chain,1,0,31,1741,0,0,1
pure_machine_events_preseeded,graph_chain,1,0,32,1760,0,0,1
pure_machine_events_preseeded,graph_chain,1,0,33,1759,0,0,1
pure_machine_events_preseeded,graph_chain,1,0,34,1741,0,0,1
pure_machine_events_preseeded,graph_chain,1,0,35,1778,0,0,1
pure_machine_events_preseeded,graph_chain,1,0,36,1759,0,0,1
pure_machine_events_preseeded,graph_chain,1,0,37,1759,0,0,1
pure_machine_events_preseeded,graph_chain,1,0,38,1741,0,0,1
pure_machine_events_preseeded,graph_chain,1,0,39,1740,0,0,1
fixture_generation,graph_wide,1,0,0,259,0,0,5
fixture_generation,graph_wide,1,0,1,204,0,0,5
fixture_generation,graph_wide,1,0,2,278,0,0,5
fixture_generation,graph_wide,1,0,3,204,0,0,5
fixture_generation,graph_wide,1,0,4,296,0,0,5
fixture_generation,graph_wide,1,0,5,203,0,0,5
fixture_generation,graph_wide,1,0,6,389,0,0,5
fixture_generation,graph_wide,1,0,7,241,0,0,5
fixture_generation,graph_wide,1,0,8,241,0,0,5
fixture_generation,graph_wide,1,0,9,223,0,0,5
fixture_generation,graph_wide,1,0,10,315,0,0,5
fixture_generation,graph_wide,1,0,11,240,0,0,5
fixture_generation,graph_wide,1,0,12,278,0,0,5
fixture_generation,graph_wide,1,0,13,241,0,0,5
fixture_generation,graph_wide,1,0,14,222,0,0,5
fixture_generation,graph_wide,1,0,15,352,0,0,5
fixture_generation,graph_wide,1,0,16,314,0,0,5
fixture_generation,graph_wide,1,0,17,389,0,0,5
fixture_generation,graph_wide,1,0,18,315,0,0,5
fixture_generation,graph_wide,1,0,19,278,0,0,5
plan_build,graph_wide,1,0,0,4130,0,0,10
plan_build,graph_wide,1,0,1,2629,0,0,10
plan_build,graph_wide,1,0,2,2481,0,0,10
plan_build,graph_wide,1,0,3,2445,0,0,10
plan_build,graph_wide,1,0,4,2426,0,0,10
plan_build,graph_wide,1,0,5,2408,0,0,10
plan_build,graph_wide,1,0,6,2407,0,0,10
plan_build,graph_wide,1,0,7,2408,0,0,10
plan_build,graph_wide,1,0,8,2555,0,0,10
plan_build,graph_wide,1,0,9,2444,0,0,10
plan_build,graph_wide,1,0,10,2444,0,0,10
plan_build,graph_wide,1,0,11,2537,0,0,10
plan_build,graph_wide,1,0,12,2482,0,0,10
plan_build,graph_wide,1,0,13,2444,0,0,10
plan_build,graph_wide,1,0,14,2408,0,0,10
plan_build,graph_wide,1,0,15,2426,0,0,10
plan_build,graph_wide,1,0,16,2463,0,0,10
plan_build,graph_wide,1,0,17,2426,0,0,10
plan_build,graph_wide,1,0,18,2500,0,0,10
plan_build,graph_wide,1,0,19,2426,0,0,10
plan_build_alloc,graph_wide,1,0,0,0,36,6720,10
engine_execution,graph_wide,1,0,0,11056,0,0,1
engine_execution,graph_wide,1,0,1,10889,0,0,0
engine_execution,graph_wide,1,0,2,11074,0,0,3
engine_execution,graph_wide,1,0,3,11223,0,0,2
engine_execution,graph_wide,1,0,4,10982,0,0,5
engine_execution,graph_wide,1,0,5,11074,0,0,4
engine_execution,graph_wide,1,0,6,10889,0,0,7
engine_execution,graph_wide,1,0,7,10889,0,0,6
engine_execution,graph_wide,1,0,8,11111,0,0,9
engine_execution,graph_wide,1,0,9,11018,0,0,8
engine_execution,graph_wide,1,0,10,11037,0,0,11
engine_execution,graph_wide,1,0,11,11149,0,0,10
engine_execution,graph_wide,1,0,12,11037,0,0,13
engine_execution,graph_wide,1,0,13,10963,0,0,12
engine_execution,graph_wide,1,0,14,10963,0,0,15
engine_execution,graph_wide,1,0,15,10926,0,0,14
engine_execution,graph_wide,1,0,16,10834,0,0,17
engine_execution,graph_wide,1,0,17,10667,0,0,16
engine_execution,graph_wide,1,0,18,10648,0,0,19
engine_execution,graph_wide,1,0,19,10630,0,0,18
engine_execution,graph_wide,1,0,20,10833,0,0,21
engine_execution,graph_wide,1,0,21,10704,0,0,20
engine_execution,graph_wide,1,0,22,10611,0,0,23
engine_execution,graph_wide,1,0,23,10667,0,0,22
engine_execution,graph_wide,1,0,24,10944,0,0,25
engine_execution,graph_wide,1,0,25,10870,0,0,24
engine_execution,graph_wide,1,0,26,11037,0,0,27
engine_execution,graph_wide,1,0,27,10852,0,0,26
engine_execution,graph_wide,1,0,28,11092,0,0,29
engine_execution,graph_wide,1,0,29,11056,0,0,28
engine_execution,graph_wide,1,0,30,10871,0,0,31
engine_execution,graph_wide,1,0,31,10833,0,0,30
engine_execution,graph_wide,1,0,32,10741,0,0,33
engine_execution,graph_wide,1,0,33,10686,0,0,32
engine_execution,graph_wide,1,0,34,10963,0,0,35
engine_execution,graph_wide,1,0,35,10944,0,0,34
engine_execution,graph_wide,1,0,36,10759,0,0,37
engine_execution,graph_wide,1,0,37,10722,0,0,36
engine_execution,graph_wide,1,0,38,10926,0,0,39
engine_execution,graph_wide,1,0,39,10686,0,0,38
engine_execution_alloc,graph_wide,1,0,0,0,99,11331,23131
machine_state_setup,graph_wide,1,0,0,333,0,0,1
body_state_setup,graph_wide,1,0,0,389,0,0,0
machine_state_setup,graph_wide,1,0,1,296,0,0,1
body_state_setup,graph_wide,1,0,1,334,0,0,0
machine_state_setup,graph_wide,1,0,2,278,0,0,1
body_state_setup,graph_wide,1,0,2,426,0,0,0
machine_state_setup,graph_wide,1,0,3,278,0,0,1
body_state_setup,graph_wide,1,0,3,352,0,0,0
machine_state_setup,graph_wide,1,0,4,278,0,0,1
body_state_setup,graph_wide,1,0,4,389,0,0,0
machine_state_setup,graph_wide,1,0,5,259,0,0,1
body_state_setup,graph_wide,1,0,5,334,0,0,0
machine_state_setup,graph_wide,1,0,6,260,0,0,1
body_state_setup,graph_wide,1,0,6,334,0,0,0
machine_state_setup,graph_wide,1,0,7,259,0,0,1
body_state_setup,graph_wide,1,0,7,518,0,0,0
machine_state_setup,graph_wide,1,0,8,259,0,0,1
body_state_setup,graph_wide,1,0,8,389,0,0,0
machine_state_setup,graph_wide,1,0,9,352,0,0,1
body_state_setup,graph_wide,1,0,9,333,0,0,0
machine_state_setup,graph_wide,1,0,10,259,0,0,1
body_state_setup,graph_wide,1,0,10,352,0,0,0
machine_state_setup,graph_wide,1,0,11,352,0,0,1
body_state_setup,graph_wide,1,0,11,333,0,0,0
machine_state_setup,graph_wide,1,0,12,259,0,0,1
body_state_setup,graph_wide,1,0,12,333,0,0,0
machine_state_setup,graph_wide,1,0,13,259,0,0,1
body_state_setup,graph_wide,1,0,13,351,0,0,0
machine_state_setup,graph_wide,1,0,14,259,0,0,1
body_state_setup,graph_wide,1,0,14,426,0,0,0
machine_state_setup,graph_wide,1,0,15,297,0,0,1
body_state_setup,graph_wide,1,0,15,333,0,0,0
machine_state_setup,graph_wide,1,0,16,277,0,0,1
body_state_setup,graph_wide,1,0,16,333,0,0,0
machine_state_setup,graph_wide,1,0,17,278,0,0,1
body_state_setup,graph_wide,1,0,17,370,0,0,0
machine_state_setup,graph_wide,1,0,18,352,0,0,1
body_state_setup,graph_wide,1,0,18,371,0,0,0
machine_state_setup,graph_wide,1,0,19,260,0,0,1
body_state_setup,graph_wide,1,0,19,352,0,0,0
machine_state_setup,graph_wide,1,0,20,259,0,0,1
body_state_setup,graph_wide,1,0,20,334,0,0,0
machine_state_setup,graph_wide,1,0,21,260,0,0,1
body_state_setup,graph_wide,1,0,21,408,0,0,0
machine_state_setup,graph_wide,1,0,22,259,0,0,1
body_state_setup,graph_wide,1,0,22,444,0,0,0
machine_state_setup,graph_wide,1,0,23,259,0,0,1
body_state_setup,graph_wide,1,0,23,333,0,0,0
machine_state_setup,graph_wide,1,0,24,259,0,0,1
body_state_setup,graph_wide,1,0,24,334,0,0,0
machine_state_setup,graph_wide,1,0,25,260,0,0,1
body_state_setup,graph_wide,1,0,25,333,0,0,0
machine_state_setup,graph_wide,1,0,26,259,0,0,1
body_state_setup,graph_wide,1,0,26,333,0,0,0
machine_state_setup,graph_wide,1,0,27,259,0,0,1
body_state_setup,graph_wide,1,0,27,352,0,0,0
machine_state_setup,graph_wide,1,0,28,352,0,0,1
body_state_setup,graph_wide,1,0,28,333,0,0,0
machine_state_setup,graph_wide,1,0,29,259,0,0,1
body_state_setup,graph_wide,1,0,29,333,0,0,0
machine_state_setup,graph_wide,1,0,30,260,0,0,1
body_state_setup,graph_wide,1,0,30,352,0,0,0
machine_state_setup,graph_wide,1,0,31,259,0,0,1
body_state_setup,graph_wide,1,0,31,315,0,0,0
machine_state_setup,graph_wide,1,0,32,259,0,0,1
body_state_setup,graph_wide,1,0,32,333,0,0,0
machine_state_setup,graph_wide,1,0,33,259,0,0,1
body_state_setup,graph_wide,1,0,33,371,0,0,0
machine_state_setup,graph_wide,1,0,34,334,0,0,1
body_state_setup,graph_wide,1,0,34,334,0,0,0
machine_state_setup,graph_wide,1,0,35,259,0,0,1
body_state_setup,graph_wide,1,0,35,333,0,0,0
machine_state_setup,graph_wide,1,0,36,278,0,0,1
body_state_setup,graph_wide,1,0,36,334,0,0,0
machine_state_setup,graph_wide,1,0,37,278,0,0,1
body_state_setup,graph_wide,1,0,37,334,0,0,0
machine_state_setup,graph_wide,1,0,38,260,0,0,1
body_state_setup,graph_wide,1,0,38,333,0,0,0
machine_state_setup,graph_wide,1,0,39,259,0,0,1
body_state_setup,graph_wide,1,0,39,371,0,0,0
fixture_generation,graph_sparse,1,0,0,278,0,0,5
fixture_generation,graph_sparse,1,0,1,222,0,0,5
fixture_generation,graph_sparse,1,0,2,334,0,0,5
fixture_generation,graph_sparse,1,0,3,260,0,0,5
fixture_generation,graph_sparse,1,0,4,241,0,0,5
fixture_generation,graph_sparse,1,0,5,223,0,0,5
fixture_generation,graph_sparse,1,0,6,278,0,0,5
fixture_generation,graph_sparse,1,0,7,389,0,0,5
fixture_generation,graph_sparse,1,0,8,222,0,0,5
fixture_generation,graph_sparse,1,0,9,222,0,0,5
fixture_generation,graph_sparse,1,0,10,223,0,0,5
fixture_generation,graph_sparse,1,0,11,223,0,0,5
fixture_generation,graph_sparse,1,0,12,222,0,0,5
fixture_generation,graph_sparse,1,0,13,241,0,0,5
fixture_generation,graph_sparse,1,0,14,222,0,0,5
fixture_generation,graph_sparse,1,0,15,222,0,0,5
fixture_generation,graph_sparse,1,0,16,222,0,0,5
fixture_generation,graph_sparse,1,0,17,223,0,0,5
fixture_generation,graph_sparse,1,0,18,222,0,0,5
fixture_generation,graph_sparse,1,0,19,222,0,0,5
plan_build,graph_sparse,1,0,0,4388,0,0,12
plan_build,graph_sparse,1,0,1,2667,0,0,12
plan_build,graph_sparse,1,0,2,2518,0,0,12
plan_build,graph_sparse,1,0,3,2481,0,0,12
plan_build,graph_sparse,1,0,4,2537,0,0,12
plan_build,graph_sparse,1,0,5,2407,0,0,12
plan_build,graph_sparse,1,0,6,2426,0,0,12
plan_build,graph_sparse,1,0,7,2445,0,0,12
plan_build,graph_sparse,1,0,8,2445,0,0,12
plan_build,graph_sparse,1,0,9,2463,0,0,12
plan_build,graph_sparse,1,0,10,2444,0,0,12
plan_build,graph_sparse,1,0,11,2408,0,0,12
plan_build,graph_sparse,1,0,12,2426,0,0,12
plan_build,graph_sparse,1,0,13,2407,0,0,12
plan_build,graph_sparse,1,0,14,2444,0,0,12
plan_build,graph_sparse,1,0,15,2463,0,0,12
plan_build,graph_sparse,1,0,16,2425,0,0,12
plan_build,graph_sparse,1,0,17,2426,0,0,12
plan_build,graph_sparse,1,0,18,2389,0,0,12
plan_build,graph_sparse,1,0,19,2445,0,0,12
plan_build_alloc,graph_sparse,1,0,0,0,36,6724,12
engine_execution,graph_sparse,1,0,0,10778,0,0,1
engine_execution,graph_sparse,1,0,1,10926,0,0,0
engine_execution,graph_sparse,1,0,2,10870,0,0,3
engine_execution,graph_sparse,1,0,3,11037,0,0,2
engine_execution,graph_sparse,1,0,4,11149,0,0,5
engine_execution,graph_sparse,1,0,5,10945,0,0,4
engine_execution,graph_sparse,1,0,6,11019,0,0,7
engine_execution,graph_sparse,1,0,7,10963,0,0,6
engine_execution,graph_sparse,1,0,8,10907,0,0,9
engine_execution,graph_sparse,1,0,9,11296,0,0,8
engine_execution,graph_sparse,1,0,10,11240,0,0,11
engine_execution,graph_sparse,1,0,11,11222,0,0,10
engine_execution,graph_sparse,1,0,12,11148,0,0,13
engine_execution,graph_sparse,1,0,13,10981,0,0,12
engine_execution,graph_sparse,1,0,14,10815,0,0,15
engine_execution,graph_sparse,1,0,15,11037,0,0,14
engine_execution,graph_sparse,1,0,16,10815,0,0,17
engine_execution,graph_sparse,1,0,17,11185,0,0,16
engine_execution,graph_sparse,1,0,18,10889,0,0,19
engine_execution,graph_sparse,1,0,19,11148,0,0,18
engine_execution,graph_sparse,1,0,20,11129,0,0,21
engine_execution,graph_sparse,1,0,21,11278,0,0,20
engine_execution,graph_sparse,1,0,22,11389,0,0,23
engine_execution,graph_sparse,1,0,23,10981,0,0,22
engine_execution,graph_sparse,1,0,24,10667,0,0,25
engine_execution,graph_sparse,1,0,25,10852,0,0,24
engine_execution,graph_sparse,1,0,26,10722,0,0,27
engine_execution,graph_sparse,1,0,27,10796,0,0,26
engine_execution,graph_sparse,1,0,28,10648,0,0,29
engine_execution,graph_sparse,1,0,29,10685,0,0,28
engine_execution,graph_sparse,1,0,30,10815,0,0,31
engine_execution,graph_sparse,1,0,31,10833,0,0,30
engine_execution,graph_sparse,1,0,32,10796,0,0,33
engine_execution,graph_sparse,1,0,33,10703,0,0,32
engine_execution,graph_sparse,1,0,34,10833,0,0,35
engine_execution,graph_sparse,1,0,35,10815,0,0,34
engine_execution,graph_sparse,1,0,36,10667,0,0,37
engine_execution,graph_sparse,1,0,37,10870,0,0,36
engine_execution,graph_sparse,1,0,38,10741,0,0,39
engine_execution,graph_sparse,1,0,39,10741,0,0,38
engine_execution_alloc,graph_sparse,1,0,0,0,99,11333,23131
machine_state_setup,graph_sparse,1,0,0,352,0,0,1
body_state_setup,graph_sparse,1,0,0,352,0,0,0
machine_state_setup,graph_sparse,1,0,1,260,0,0,1
body_state_setup,graph_sparse,1,0,1,463,0,0,0
machine_state_setup,graph_sparse,1,0,2,259,0,0,1
body_state_setup,graph_sparse,1,0,2,333,0,0,0
machine_state_setup,graph_sparse,1,0,3,259,0,0,1
body_state_setup,graph_sparse,1,0,3,352,0,0,0
machine_state_setup,graph_sparse,1,0,4,259,0,0,1
body_state_setup,graph_sparse,1,0,4,352,0,0,0
machine_state_setup,graph_sparse,1,0,5,259,0,0,1
body_state_setup,graph_sparse,1,0,5,333,0,0,0
machine_state_setup,graph_sparse,1,0,6,297,0,0,1
body_state_setup,graph_sparse,1,0,6,519,0,0,0
machine_state_setup,graph_sparse,1,0,7,260,0,0,1
body_state_setup,graph_sparse,1,0,7,481,0,0,0
machine_state_setup,graph_sparse,1,0,8,259,0,0,1
body_state_setup,graph_sparse,1,0,8,370,0,0,0
machine_state_setup,graph_sparse,1,0,9,259,0,0,1
body_state_setup,graph_sparse,1,0,9,334,0,0,0
machine_state_setup,graph_sparse,1,0,10,259,0,0,1
body_state_setup,graph_sparse,1,0,10,314,0,0,0
machine_state_setup,graph_sparse,1,0,11,278,0,0,1
body_state_setup,graph_sparse,1,0,11,408,0,0,0
machine_state_setup,graph_sparse,1,0,12,389,0,0,1
body_state_setup,graph_sparse,1,0,12,352,0,0,0
machine_state_setup,graph_sparse,1,0,13,259,0,0,1
body_state_setup,graph_sparse,1,0,13,592,0,0,0
machine_state_setup,graph_sparse,1,0,14,481,0,0,1
body_state_setup,graph_sparse,1,0,14,481,0,0,0
machine_state_setup,graph_sparse,1,0,15,407,0,0,1
body_state_setup,graph_sparse,1,0,15,444,0,0,0
machine_state_setup,graph_sparse,1,0,16,426,0,0,1
body_state_setup,graph_sparse,1,0,16,389,0,0,0
machine_state_setup,graph_sparse,1,0,17,333,0,0,1
body_state_setup,graph_sparse,1,0,17,370,0,0,0
machine_state_setup,graph_sparse,1,0,18,352,0,0,1
body_state_setup,graph_sparse,1,0,18,519,0,0,0
machine_state_setup,graph_sparse,1,0,19,334,0,0,1
body_state_setup,graph_sparse,1,0,19,352,0,0,0
machine_state_setup,graph_sparse,1,0,20,277,0,0,1
body_state_setup,graph_sparse,1,0,20,333,0,0,0
machine_state_setup,graph_sparse,1,0,21,260,0,0,1
body_state_setup,graph_sparse,1,0,21,334,0,0,0
machine_state_setup,graph_sparse,1,0,22,259,0,0,1
body_state_setup,graph_sparse,1,0,22,371,0,0,0
machine_state_setup,graph_sparse,1,0,23,426,0,0,1
body_state_setup,graph_sparse,1,0,23,333,0,0,0
machine_state_setup,graph_sparse,1,0,24,333,0,0,1
body_state_setup,graph_sparse,1,0,24,315,0,0,0
machine_state_setup,graph_sparse,1,0,25,259,0,0,1
body_state_setup,graph_sparse,1,0,25,333,0,0,0
machine_state_setup,graph_sparse,1,0,26,278,0,0,1
body_state_setup,graph_sparse,1,0,26,333,0,0,0
machine_state_setup,graph_sparse,1,0,27,259,0,0,1
body_state_setup,graph_sparse,1,0,27,352,0,0,0
machine_state_setup,graph_sparse,1,0,28,260,0,0,1
body_state_setup,graph_sparse,1,0,28,314,0,0,0
machine_state_setup,graph_sparse,1,0,29,260,0,0,1
body_state_setup,graph_sparse,1,0,29,334,0,0,0
machine_state_setup,graph_sparse,1,0,30,259,0,0,1
body_state_setup,graph_sparse,1,0,30,370,0,0,0
machine_state_setup,graph_sparse,1,0,31,260,0,0,1
body_state_setup,graph_sparse,1,0,31,426,0,0,0
machine_state_setup,graph_sparse,1,0,32,259,0,0,1
body_state_setup,graph_sparse,1,0,32,351,0,0,0
machine_state_setup,graph_sparse,1,0,33,259,0,0,1
body_state_setup,graph_sparse,1,0,33,315,0,0,0
machine_state_setup,graph_sparse,1,0,34,259,0,0,1
body_state_setup,graph_sparse,1,0,34,333,0,0,0
machine_state_setup,graph_sparse,1,0,35,278,0,0,1
body_state_setup,graph_sparse,1,0,35,315,0,0,0
machine_state_setup,graph_sparse,1,0,36,277,0,0,1
body_state_setup,graph_sparse,1,0,36,352,0,0,0
machine_state_setup,graph_sparse,1,0,37,260,0,0,1
body_state_setup,graph_sparse,1,0,37,352,0,0,0
machine_state_setup,graph_sparse,1,0,38,259,0,0,1
body_state_setup,graph_sparse,1,0,38,334,0,0,0
machine_state_setup,graph_sparse,1,0,39,259,0,0,1
body_state_setup,graph_sparse,1,0,39,333,0,0,0
fixture_generation,graph_chain,10,9,0,1463,0,0,50
fixture_generation,graph_chain,10,9,1,1408,0,0,50
fixture_generation,graph_chain,10,9,2,1334,0,0,50
fixture_generation,graph_chain,10,9,3,1278,0,0,50
fixture_generation,graph_chain,10,9,4,1333,0,0,50
fixture_generation,graph_chain,10,9,5,1408,0,0,50
fixture_generation,graph_chain,10,9,6,1260,0,0,50
fixture_generation,graph_chain,10,9,7,1259,0,0,50
fixture_generation,graph_chain,10,9,8,1278,0,0,50
fixture_generation,graph_chain,10,9,9,1297,0,0,50
fixture_generation,graph_chain,10,9,10,1445,0,0,50
fixture_generation,graph_chain,10,9,11,1259,0,0,50
fixture_generation,graph_chain,10,9,12,1278,0,0,50
fixture_generation,graph_chain,10,9,13,1259,0,0,50
fixture_generation,graph_chain,10,9,14,1259,0,0,50
fixture_generation,graph_chain,10,9,15,1259,0,0,50
fixture_generation,graph_chain,10,9,16,1278,0,0,50
fixture_generation,graph_chain,10,9,17,1259,0,0,50
fixture_generation,graph_chain,10,9,18,1259,0,0,50
fixture_generation,graph_chain,10,9,19,1278,0,0,50
plan_build,graph_chain,10,9,0,17722,0,0,11
plan_build,graph_chain,10,9,1,15315,0,0,11
plan_build,graph_chain,10,9,2,14185,0,0,11
plan_build,graph_chain,10,9,3,14204,0,0,11
plan_build,graph_chain,10,9,4,13741,0,0,11
plan_build,graph_chain,10,9,5,13889,0,0,11
plan_build,graph_chain,10,9,6,13648,0,0,11
plan_build,graph_chain,10,9,7,13981,0,0,11
plan_build,graph_chain,10,9,8,13722,0,0,11
plan_build,graph_chain,10,9,9,13611,0,0,11
plan_build,graph_chain,10,9,10,13666,0,0,11
plan_build,graph_chain,10,9,11,13333,0,0,11
plan_build,graph_chain,10,9,12,13481,0,0,11
plan_build,graph_chain,10,9,13,13333,0,0,11
plan_build,graph_chain,10,9,14,13500,0,0,11
plan_build,graph_chain,10,9,15,13463,0,0,11
plan_build,graph_chain,10,9,16,13463,0,0,11
plan_build,graph_chain,10,9,17,13444,0,0,11
plan_build,graph_chain,10,9,18,13129,0,0,11
plan_build,graph_chain,10,9,19,13111,0,0,11
plan_build_alloc,graph_chain,10,9,0,0,162,35321,11
engine_execution,graph_chain,10,9,0,64334,0,0,0
engine_execution,graph_chain,10,9,1,64185,0,0,1
engine_execution,graph_chain,10,9,2,63723,0,0,2
engine_execution,graph_chain,10,9,3,63315,0,0,3
engine_execution,graph_chain,10,9,4,63630,0,0,4
engine_execution,graph_chain,10,9,5,63167,0,0,5
engine_execution,graph_chain,10,9,6,62908,0,0,6
engine_execution,graph_chain,10,9,7,62723,0,0,7
engine_execution,graph_chain,10,9,8,63185,0,0,8
engine_execution,graph_chain,10,9,9,63130,0,0,9
engine_execution,graph_chain,10,9,10,63741,0,0,10
engine_execution,graph_chain,10,9,11,63500,0,0,11
engine_execution,graph_chain,10,9,12,63055,0,0,12
engine_execution,graph_chain,10,9,13,63223,0,0,13
engine_execution,graph_chain,10,9,14,62890,0,0,14
engine_execution,graph_chain,10,9,15,62315,0,0,15
engine_execution,graph_chain,10,9,16,62889,0,0,16
engine_execution,graph_chain,10,9,17,62464,0,0,17
engine_execution,graph_chain,10,9,18,62945,0,0,18
engine_execution,graph_chain,10,9,19,62556,0,0,19
engine_execution,graph_chain,10,9,20,63426,0,0,20
engine_execution,graph_chain,10,9,21,62611,0,0,21
engine_execution,graph_chain,10,9,22,62352,0,0,22
engine_execution,graph_chain,10,9,23,63278,0,0,23
engine_execution,graph_chain,10,9,24,62871,0,0,24
engine_execution,graph_chain,10,9,25,62686,0,0,25
engine_execution,graph_chain,10,9,26,62686,0,0,26
engine_execution,graph_chain,10,9,27,62537,0,0,27
engine_execution,graph_chain,10,9,28,62519,0,0,28
engine_execution,graph_chain,10,9,29,62501,0,0,29
engine_execution,graph_chain,10,9,30,62815,0,0,30
engine_execution,graph_chain,10,9,31,62611,0,0,31
engine_execution,graph_chain,10,9,32,62629,0,0,32
engine_execution,graph_chain,10,9,33,63093,0,0,33
engine_execution,graph_chain,10,9,34,62519,0,0,34
engine_execution,graph_chain,10,9,35,62592,0,0,35
engine_execution,graph_chain,10,9,36,62259,0,0,36
engine_execution,graph_chain,10,9,37,61926,0,0,37
engine_execution,graph_chain,10,9,38,62426,0,0,38
engine_execution,graph_chain,10,9,39,62482,0,0,39
engine_execution_alloc,graph_chain,10,9,0,0,572,44888,23130
machine_state_setup,graph_chain,10,9,0,4463,0,0,10
body_state_setup,graph_chain,10,9,0,463,0,0,0
machine_state_setup,graph_chain,10,9,1,1648,0,0,10
body_state_setup,graph_chain,10,9,1,407,0,0,0
machine_state_setup,graph_chain,10,9,2,1611,0,0,10
body_state_setup,graph_chain,10,9,2,352,0,0,0
machine_state_setup,graph_chain,10,9,3,1611,0,0,10
body_state_setup,graph_chain,10,9,3,315,0,0,0
machine_state_setup,graph_chain,10,9,4,1612,0,0,10
body_state_setup,graph_chain,10,9,4,500,0,0,0
machine_state_setup,graph_chain,10,9,5,1667,0,0,10
body_state_setup,graph_chain,10,9,5,537,0,0,0
machine_state_setup,graph_chain,10,9,6,1723,0,0,10
body_state_setup,graph_chain,10,9,6,408,0,0,0
machine_state_setup,graph_chain,10,9,7,1648,0,0,10
body_state_setup,graph_chain,10,9,7,408,0,0,0
machine_state_setup,graph_chain,10,9,8,1649,0,0,10
body_state_setup,graph_chain,10,9,8,389,0,0,0
machine_state_setup,graph_chain,10,9,9,1630,0,0,10
body_state_setup,graph_chain,10,9,9,389,0,0,0
machine_state_setup,graph_chain,10,9,10,1685,0,0,10
body_state_setup,graph_chain,10,9,10,407,0,0,0
machine_state_setup,graph_chain,10,9,11,1648,0,0,10
body_state_setup,graph_chain,10,9,11,389,0,0,0
machine_state_setup,graph_chain,10,9,12,1648,0,0,10
body_state_setup,graph_chain,10,9,12,407,0,0,0
machine_state_setup,graph_chain,10,9,13,1630,0,0,10
body_state_setup,graph_chain,10,9,13,388,0,0,0
machine_state_setup,graph_chain,10,9,14,1667,0,0,10
body_state_setup,graph_chain,10,9,14,408,0,0,0
machine_state_setup,graph_chain,10,9,15,1630,0,0,10
body_state_setup,graph_chain,10,9,15,389,0,0,0
machine_state_setup,graph_chain,10,9,16,1667,0,0,10
body_state_setup,graph_chain,10,9,16,388,0,0,0
machine_state_setup,graph_chain,10,9,17,1648,0,0,10
body_state_setup,graph_chain,10,9,17,407,0,0,0
machine_state_setup,graph_chain,10,9,18,1666,0,0,10
body_state_setup,graph_chain,10,9,18,426,0,0,0
machine_state_setup,graph_chain,10,9,19,1686,0,0,10
body_state_setup,graph_chain,10,9,19,555,0,0,0
machine_state_setup,graph_chain,10,9,20,1778,0,0,10
body_state_setup,graph_chain,10,9,20,537,0,0,0
machine_state_setup,graph_chain,10,9,21,1722,0,0,10
body_state_setup,graph_chain,10,9,21,463,0,0,0
machine_state_setup,graph_chain,10,9,22,1740,0,0,10
body_state_setup,graph_chain,10,9,22,444,0,0,0
machine_state_setup,graph_chain,10,9,23,1722,0,0,10
body_state_setup,graph_chain,10,9,23,389,0,0,0
machine_state_setup,graph_chain,10,9,24,1722,0,0,10
body_state_setup,graph_chain,10,9,24,407,0,0,0
machine_state_setup,graph_chain,10,9,25,1722,0,0,10
body_state_setup,graph_chain,10,9,25,408,0,0,0
machine_state_setup,graph_chain,10,9,26,1704,0,0,10
body_state_setup,graph_chain,10,9,26,389,0,0,0
machine_state_setup,graph_chain,10,9,27,1741,0,0,10
body_state_setup,graph_chain,10,9,27,389,0,0,0
machine_state_setup,graph_chain,10,9,28,1704,0,0,10
body_state_setup,graph_chain,10,9,28,408,0,0,0
machine_state_setup,graph_chain,10,9,29,1704,0,0,10
body_state_setup,graph_chain,10,9,29,426,0,0,0
machine_state_setup,graph_chain,10,9,30,1704,0,0,10
body_state_setup,graph_chain,10,9,30,445,0,0,0
machine_state_setup,graph_chain,10,9,31,1741,0,0,10
body_state_setup,graph_chain,10,9,31,463,0,0,0
machine_state_setup,graph_chain,10,9,32,1704,0,0,10
body_state_setup,graph_chain,10,9,32,500,0,0,0
machine_state_setup,graph_chain,10,9,33,1741,0,0,10
body_state_setup,graph_chain,10,9,33,426,0,0,0
machine_state_setup,graph_chain,10,9,34,1685,0,0,10
body_state_setup,graph_chain,10,9,34,482,0,0,0
machine_state_setup,graph_chain,10,9,35,1703,0,0,10
body_state_setup,graph_chain,10,9,35,426,0,0,0
machine_state_setup,graph_chain,10,9,36,1723,0,0,10
body_state_setup,graph_chain,10,9,36,500,0,0,0
machine_state_setup,graph_chain,10,9,37,1686,0,0,10
body_state_setup,graph_chain,10,9,37,463,0,0,0
machine_state_setup,graph_chain,10,9,38,1685,0,0,10
body_state_setup,graph_chain,10,9,38,500,0,0,0
machine_state_setup,graph_chain,10,9,39,1704,0,0,10
body_state_setup,graph_chain,10,9,39,426,0,0,0
pure_machine_events_preseeded,graph_chain,10,9,0,17241,0,0,10
pure_machine_events_preseeded,graph_chain,10,9,1,15315,0,0,10
pure_machine_events_preseeded,graph_chain,10,9,2,15315,0,0,10
pure_machine_events_preseeded,graph_chain,10,9,3,14666,0,0,10
pure_machine_events_preseeded,graph_chain,10,9,4,14852,0,0,10
pure_machine_events_preseeded,graph_chain,10,9,5,15037,0,0,10
pure_machine_events_preseeded,graph_chain,10,9,6,14407,0,0,10
pure_machine_events_preseeded,graph_chain,10,9,7,14740,0,0,10
pure_machine_events_preseeded,graph_chain,10,9,8,14908,0,0,10
pure_machine_events_preseeded,graph_chain,10,9,9,14352,0,0,10
pure_machine_events_preseeded,graph_chain,10,9,10,14704,0,0,10
pure_machine_events_preseeded,graph_chain,10,9,11,14944,0,0,10
pure_machine_events_preseeded,graph_chain,10,9,12,14389,0,0,10
pure_machine_events_preseeded,graph_chain,10,9,13,14629,0,0,10
pure_machine_events_preseeded,graph_chain,10,9,14,15037,0,0,10
pure_machine_events_preseeded,graph_chain,10,9,15,14686,0,0,10
pure_machine_events_preseeded,graph_chain,10,9,16,14981,0,0,10
pure_machine_events_preseeded,graph_chain,10,9,17,14759,0,0,10
pure_machine_events_preseeded,graph_chain,10,9,18,14982,0,0,10
pure_machine_events_preseeded,graph_chain,10,9,19,14648,0,0,10
pure_machine_events_preseeded,graph_chain,10,9,20,14908,0,0,10
pure_machine_events_preseeded,graph_chain,10,9,21,14666,0,0,10
pure_machine_events_preseeded,graph_chain,10,9,22,14945,0,0,10
pure_machine_events_preseeded,graph_chain,10,9,23,15611,0,0,10
pure_machine_events_preseeded,graph_chain,10,9,24,14722,0,0,10
pure_machine_events_preseeded,graph_chain,10,9,25,15426,0,0,10
pure_machine_events_preseeded,graph_chain,10,9,26,14944,0,0,10
pure_machine_events_preseeded,graph_chain,10,9,27,15018,0,0,10
pure_machine_events_preseeded,graph_chain,10,9,28,15056,0,0,10
pure_machine_events_preseeded,graph_chain,10,9,29,15352,0,0,10
pure_machine_events_preseeded,graph_chain,10,9,30,14796,0,0,10
pure_machine_events_preseeded,graph_chain,10,9,31,14796,0,0,10
pure_machine_events_preseeded,graph_chain,10,9,32,15259,0,0,10
pure_machine_events_preseeded,graph_chain,10,9,33,14630,0,0,10
pure_machine_events_preseeded,graph_chain,10,9,34,14648,0,0,10
pure_machine_events_preseeded,graph_chain,10,9,35,14722,0,0,10
pure_machine_events_preseeded,graph_chain,10,9,36,15315,0,0,10
pure_machine_events_preseeded,graph_chain,10,9,37,14796,0,0,10
pure_machine_events_preseeded,graph_chain,10,9,38,15278,0,0,10
pure_machine_events_preseeded,graph_chain,10,9,39,14648,0,0,10
fixture_generation,graph_wide,10,9,0,1426,0,0,50
fixture_generation,graph_wide,10,9,1,1315,0,0,50
fixture_generation,graph_wide,10,9,2,1260,0,0,50
fixture_generation,graph_wide,10,9,3,1259,0,0,50
fixture_generation,graph_wide,10,9,4,1259,0,0,50
fixture_generation,graph_wide,10,9,5,1296,0,0,50
fixture_generation,graph_wide,10,9,6,1259,0,0,50
fixture_generation,graph_wide,10,9,7,1241,0,0,50
fixture_generation,graph_wide,10,9,8,1259,0,0,50
fixture_generation,graph_wide,10,9,9,1259,0,0,50
fixture_generation,graph_wide,10,9,10,1260,0,0,50
fixture_generation,graph_wide,10,9,11,1241,0,0,50
fixture_generation,graph_wide,10,9,12,1241,0,0,50
fixture_generation,graph_wide,10,9,13,1260,0,0,50
fixture_generation,graph_wide,10,9,14,1278,0,0,50
fixture_generation,graph_wide,10,9,15,1260,0,0,50
fixture_generation,graph_wide,10,9,16,1260,0,0,50
fixture_generation,graph_wide,10,9,17,1259,0,0,50
fixture_generation,graph_wide,10,9,18,1241,0,0,50
fixture_generation,graph_wide,10,9,19,1259,0,0,50
plan_build,graph_wide,10,9,0,17685,0,0,10
plan_build,graph_wide,10,9,1,13815,0,0,10
plan_build,graph_wide,10,9,2,13074,0,0,10
plan_build,graph_wide,10,9,3,12851,0,0,10
plan_build,graph_wide,10,9,4,12593,0,0,10
plan_build,graph_wide,10,9,5,12222,0,0,10
plan_build,graph_wide,10,9,6,12389,0,0,10
plan_build,graph_wide,10,9,7,12407,0,0,10
plan_build,graph_wide,10,9,8,33166,0,0,10
plan_build,graph_wide,10,9,9,12963,0,0,10
plan_build,graph_wide,10,9,10,12167,0,0,10
plan_build,graph_wide,10,9,11,12129,0,0,10
plan_build,graph_wide,10,9,12,12296,0,0,10
plan_build,graph_wide,10,9,13,12148,0,0,10
plan_build,graph_wide,10,9,14,12092,0,0,10
plan_build,graph_wide,10,9,15,12259,0,0,10
plan_build,graph_wide,10,9,16,12074,0,0,10
plan_build,graph_wide,10,9,17,12167,0,0,10
plan_build,graph_wide,10,9,18,12296,0,0,10
plan_build,graph_wide,10,9,19,12538,0,0,10
plan_build_alloc,graph_wide,10,9,0,0,156,35255,10
engine_execution,graph_wide,10,9,0,62556,0,0,8
engine_execution,graph_wide,10,9,1,63667,0,0,9
engine_execution,graph_wide,10,9,2,63130,0,0,10
engine_execution,graph_wide,10,9,3,62981,0,0,11
engine_execution,graph_wide,10,9,4,63222,0,0,12
engine_execution,graph_wide,10,9,5,62722,0,0,13
engine_execution,graph_wide,10,9,6,62278,0,0,14
engine_execution,graph_wide,10,9,7,62944,0,0,15
engine_execution,graph_wide,10,9,8,62278,0,0,0
engine_execution,graph_wide,10,9,9,62371,0,0,1
engine_execution,graph_wide,10,9,10,61315,0,0,2
engine_execution,graph_wide,10,9,11,62278,0,0,3
engine_execution,graph_wide,10,9,12,61556,0,0,4
engine_execution,graph_wide,10,9,13,62000,0,0,5
engine_execution,graph_wide,10,9,14,61630,0,0,6
engine_execution,graph_wide,10,9,15,62204,0,0,7
engine_execution,graph_wide,10,9,16,61000,0,0,24
engine_execution,graph_wide,10,9,17,61426,0,0,25
engine_execution,graph_wide,10,9,18,61834,0,0,26
engine_execution,graph_wide,10,9,19,60741,0,0,27
engine_execution,graph_wide,10,9,20,61482,0,0,28
engine_execution,graph_wide,10,9,21,61149,0,0,29
engine_execution,graph_wide,10,9,22,60852,0,0,30
engine_execution,graph_wide,10,9,23,60797,0,0,31
engine_execution,graph_wide,10,9,24,61093,0,0,16
engine_execution,graph_wide,10,9,25,60833,0,0,17
engine_execution,graph_wide,10,9,26,60370,0,0,18
engine_execution,graph_wide,10,9,27,60722,0,0,19
engine_execution,graph_wide,10,9,28,60315,0,0,20
engine_execution,graph_wide,10,9,29,61871,0,0,21
engine_execution,graph_wide,10,9,30,61315,0,0,22
engine_execution,graph_wide,10,9,31,61149,0,0,23
engine_execution,graph_wide,10,9,32,61649,0,0,40
engine_execution,graph_wide,10,9,33,61389,0,0,41
engine_execution,graph_wide,10,9,34,61593,0,0,42
engine_execution,graph_wide,10,9,35,61130,0,0,43
engine_execution,graph_wide,10,9,36,60871,0,0,44
engine_execution,graph_wide,10,9,37,61019,0,0,45
engine_execution,graph_wide,10,9,38,60907,0,0,46
engine_execution,graph_wide,10,9,39,61130,0,0,47
engine_execution_alloc,graph_wide,10,9,0,0,555,46807,23122
machine_state_setup,graph_wide,10,9,0,4592,0,0,10
body_state_setup,graph_wide,10,9,0,426,0,0,0
machine_state_setup,graph_wide,10,9,1,1649,0,0,10
body_state_setup,graph_wide,10,9,1,333,0,0,0
machine_state_setup,graph_wide,10,9,2,1593,0,0,10
body_state_setup,graph_wide,10,9,2,370,0,0,0
machine_state_setup,graph_wide,10,9,3,1574,0,0,10
body_state_setup,graph_wide,10,9,3,333,0,0,0
machine_state_setup,graph_wide,10,9,4,1574,0,0,10
body_state_setup,graph_wide,10,9,4,407,0,0,0
machine_state_setup,graph_wide,10,9,5,1722,0,0,10
body_state_setup,graph_wide,10,9,5,537,0,0,0
machine_state_setup,graph_wide,10,9,6,1685,0,0,10
body_state_setup,graph_wide,10,9,6,426,0,0,0
machine_state_setup,graph_wide,10,9,7,1648,0,0,10
body_state_setup,graph_wide,10,9,7,407,0,0,0
machine_state_setup,graph_wide,10,9,8,1648,0,0,10
body_state_setup,graph_wide,10,9,8,389,0,0,0
machine_state_setup,graph_wide,10,9,9,1666,0,0,10
body_state_setup,graph_wide,10,9,9,407,0,0,0
machine_state_setup,graph_wide,10,9,10,1648,0,0,10
body_state_setup,graph_wide,10,9,10,407,0,0,0
machine_state_setup,graph_wide,10,9,11,1648,0,0,10
body_state_setup,graph_wide,10,9,11,389,0,0,0
machine_state_setup,graph_wide,10,9,12,1629,0,0,10
body_state_setup,graph_wide,10,9,12,389,0,0,0
machine_state_setup,graph_wide,10,9,13,1629,0,0,10
body_state_setup,graph_wide,10,9,13,407,0,0,0
machine_state_setup,graph_wide,10,9,14,1648,0,0,10
body_state_setup,graph_wide,10,9,14,389,0,0,0
machine_state_setup,graph_wide,10,9,15,1648,0,0,10
body_state_setup,graph_wide,10,9,15,389,0,0,0
machine_state_setup,graph_wide,10,9,16,1630,0,0,10
body_state_setup,graph_wide,10,9,16,388,0,0,0
machine_state_setup,graph_wide,10,9,17,1630,0,0,10
body_state_setup,graph_wide,10,9,17,426,0,0,0
machine_state_setup,graph_wide,10,9,18,1703,0,0,10
body_state_setup,graph_wide,10,9,18,537,0,0,0
machine_state_setup,graph_wide,10,9,19,1666,0,0,10
body_state_setup,graph_wide,10,9,19,500,0,0,0
machine_state_setup,graph_wide,10,9,20,1723,0,0,10
body_state_setup,graph_wide,10,9,20,481,0,0,0
machine_state_setup,graph_wide,10,9,21,1740,0,0,10
body_state_setup,graph_wide,10,9,21,407,0,0,0
machine_state_setup,graph_wide,10,9,22,1741,0,0,10
body_state_setup,graph_wide,10,9,22,408,0,0,0
machine_state_setup,graph_wide,10,9,23,1723,0,0,10
body_state_setup,graph_wide,10,9,23,408,0,0,0
machine_state_setup,graph_wide,10,9,24,1722,0,0,10
body_state_setup,graph_wide,10,9,24,426,0,0,0
machine_state_setup,graph_wide,10,9,25,1741,0,0,10
body_state_setup,graph_wide,10,9,25,389,0,0,0
machine_state_setup,graph_wide,10,9,26,1703,0,0,10
body_state_setup,graph_wide,10,9,26,426,0,0,0
machine_state_setup,graph_wide,10,9,27,1741,0,0,10
body_state_setup,graph_wide,10,9,27,408,0,0,0
machine_state_setup,graph_wide,10,9,28,1741,0,0,10
body_state_setup,graph_wide,10,9,28,445,0,0,0
machine_state_setup,graph_wide,10,9,29,1740,0,0,10
body_state_setup,graph_wide,10,9,29,426,0,0,0
machine_state_setup,graph_wide,10,9,30,1741,0,0,10
body_state_setup,graph_wide,10,9,30,463,0,0,0
machine_state_setup,graph_wide,10,9,31,1722,0,0,10
body_state_setup,graph_wide,10,9,31,463,0,0,0
machine_state_setup,graph_wide,10,9,32,1722,0,0,10
body_state_setup,graph_wide,10,9,32,426,0,0,0
machine_state_setup,graph_wide,10,9,33,1741,0,0,10
body_state_setup,graph_wide,10,9,33,426,0,0,0
machine_state_setup,graph_wide,10,9,34,1703,0,0,10
body_state_setup,graph_wide,10,9,34,425,0,0,0
machine_state_setup,graph_wide,10,9,35,1685,0,0,10
body_state_setup,graph_wide,10,9,35,407,0,0,0
machine_state_setup,graph_wide,10,9,36,1741,0,0,10
body_state_setup,graph_wide,10,9,36,426,0,0,0
machine_state_setup,graph_wide,10,9,37,1685,0,0,10
body_state_setup,graph_wide,10,9,37,426,0,0,0
machine_state_setup,graph_wide,10,9,38,1722,0,0,10
body_state_setup,graph_wide,10,9,38,463,0,0,0
machine_state_setup,graph_wide,10,9,39,1741,0,0,10
body_state_setup,graph_wide,10,9,39,426,0,0,0
fixture_generation,graph_sparse,10,9,0,1352,0,0,50
fixture_generation,graph_sparse,10,9,1,1315,0,0,50
fixture_generation,graph_sparse,10,9,2,1296,0,0,50
fixture_generation,graph_sparse,10,9,3,1278,0,0,50
fixture_generation,graph_sparse,10,9,4,1241,0,0,50
fixture_generation,graph_sparse,10,9,5,1241,0,0,50
fixture_generation,graph_sparse,10,9,6,1297,0,0,50
fixture_generation,graph_sparse,10,9,7,1278,0,0,50
fixture_generation,graph_sparse,10,9,8,1277,0,0,50
fixture_generation,graph_sparse,10,9,9,1333,0,0,50
fixture_generation,graph_sparse,10,9,10,1370,0,0,50
fixture_generation,graph_sparse,10,9,11,1389,0,0,50
fixture_generation,graph_sparse,10,9,12,1296,0,0,50
fixture_generation,graph_sparse,10,9,13,1314,0,0,50
fixture_generation,graph_sparse,10,9,14,1370,0,0,50
fixture_generation,graph_sparse,10,9,15,1352,0,0,50
fixture_generation,graph_sparse,10,9,16,1297,0,0,50
fixture_generation,graph_sparse,10,9,17,1352,0,0,50
fixture_generation,graph_sparse,10,9,18,1278,0,0,50
fixture_generation,graph_sparse,10,9,19,1278,0,0,50
plan_build,graph_sparse,10,9,0,15667,0,0,12
plan_build,graph_sparse,10,9,1,13018,0,0,12
plan_build,graph_sparse,10,9,2,636373,0,0,12
plan_build,graph_sparse,10,9,3,19241,0,0,12
plan_build,graph_sparse,10,9,4,13982,0,0,12
plan_build,graph_sparse,10,9,5,12981,0,0,12
plan_build,graph_sparse,10,9,6,12648,0,0,12
plan_build,graph_sparse,10,9,7,12611,0,0,12
plan_build,graph_sparse,10,9,8,12315,0,0,12
plan_build,graph_sparse,10,9,9,12278,0,0,12
plan_build,graph_sparse,10,9,10,12315,0,0,12
plan_build,graph_sparse,10,9,11,12278,0,0,12
plan_build,graph_sparse,10,9,12,12315,0,0,12
plan_build,graph_sparse,10,9,13,12185,0,0,12
plan_build,graph_sparse,10,9,14,13222,0,0,12
plan_build,graph_sparse,10,9,15,12333,0,0,12
plan_build,graph_sparse,10,9,16,12333,0,0,12
plan_build,graph_sparse,10,9,17,12296,0,0,12
plan_build,graph_sparse,10,9,18,12334,0,0,12
plan_build,graph_sparse,10,9,19,12389,0,0,12
plan_build_alloc,graph_sparse,10,9,0,0,158,35195,12
engine_execution,graph_sparse,10,9,0,64592,0,0,13
engine_execution,graph_sparse,10,9,1,63445,0,0,12
engine_execution,graph_sparse,10,9,2,63426,0,0,15
engine_execution,graph_sparse,10,9,3,63075,0,0,14
engine_execution,graph_sparse,10,9,4,63075,0,0,9
engine_execution,graph_sparse,10,9,5,63667,0,0,8
engine_execution,graph_sparse,10,9,6,63333,0,0,11
engine_execution,graph_sparse,10,9,7,63556,0,0,10
engine_execution,graph_sparse,10,9,8,63926,0,0,5
engine_execution,graph_sparse,10,9,9,63001,0,0,4
engine_execution,graph_sparse,10,9,10,63000,0,0,7
engine_execution,graph_sparse,10,9,11,64001,0,0,6
engine_execution,graph_sparse,10,9,12,63704,0,0,1
engine_execution,graph_sparse,10,9,13,63259,0,0,0
engine_execution,graph_sparse,10,9,14,63389,0,0,3
engine_execution,graph_sparse,10,9,15,62649,0,0,2
engine_execution,graph_sparse,10,9,16,62926,0,0,29
engine_execution,graph_sparse,10,9,17,63500,0,0,28
engine_execution,graph_sparse,10,9,18,63186,0,0,31
engine_execution,graph_sparse,10,9,19,63315,0,0,30
engine_execution,graph_sparse,10,9,20,62982,0,0,25
engine_execution,graph_sparse,10,9,21,62444,0,0,24
engine_execution,graph_sparse,10,9,22,63111,0,0,27
engine_execution,graph_sparse,10,9,23,63019,0,0,26
engine_execution,graph_sparse,10,9,24,62297,0,0,21
engine_execution,graph_sparse,10,9,25,62352,0,0,20
engine_execution,graph_sparse,10,9,26,62464,0,0,23
engine_execution,graph_sparse,10,9,27,62408,0,0,22
engine_execution,graph_sparse,10,9,28,62593,0,0,17
engine_execution,graph_sparse,10,9,29,62408,0,0,16
engine_execution,graph_sparse,10,9,30,62519,0,0,19
engine_execution,graph_sparse,10,9,31,62223,0,0,18
engine_execution,graph_sparse,10,9,32,61944,0,0,45
engine_execution,graph_sparse,10,9,33,62315,0,0,44
engine_execution,graph_sparse,10,9,34,63796,0,0,47
engine_execution,graph_sparse,10,9,35,61648,0,0,46
engine_execution,graph_sparse,10,9,36,62130,0,0,41
engine_execution,graph_sparse,10,9,37,62074,0,0,40
engine_execution,graph_sparse,10,9,38,62204,0,0,43
engine_execution,graph_sparse,10,9,39,62556,0,0,42
engine_execution_alloc,graph_sparse,10,9,0,0,564,45849,23127
machine_state_setup,graph_sparse,10,9,0,4537,0,0,10
body_state_setup,graph_sparse,10,9,0,537,0,0,0
machine_state_setup,graph_sparse,10,9,1,1704,0,0,10
body_state_setup,graph_sparse,10,9,1,371,0,0,0
machine_state_setup,graph_sparse,10,9,2,1611,0,0,10
body_state_setup,graph_sparse,10,9,2,334,0,0,0
machine_state_setup,graph_sparse,10,9,3,1593,0,0,10
body_state_setup,graph_sparse,10,9,3,389,0,0,0
machine_state_setup,graph_sparse,10,9,4,1611,0,0,10
body_state_setup,graph_sparse,10,9,4,908,0,0,0
machine_state_setup,graph_sparse,10,9,5,1575,0,0,10
body_state_setup,graph_sparse,10,9,5,388,0,0,0
machine_state_setup,graph_sparse,10,9,6,1722,0,0,10
body_state_setup,graph_sparse,10,9,6,352,0,0,0
machine_state_setup,graph_sparse,10,9,7,1704,0,0,10
body_state_setup,graph_sparse,10,9,7,389,0,0,0
machine_state_setup,graph_sparse,10,9,8,1611,0,0,10
body_state_setup,graph_sparse,10,9,8,315,0,0,0
machine_state_setup,graph_sparse,10,9,9,1574,0,0,10
body_state_setup,graph_sparse,10,9,9,370,0,0,0
machine_state_setup,graph_sparse,10,9,10,1612,0,0,10
body_state_setup,graph_sparse,10,9,10,408,0,0,0
machine_state_setup,graph_sparse,10,9,11,1611,0,0,10
body_state_setup,graph_sparse,10,9,11,389,0,0,0
machine_state_setup,graph_sparse,10,9,12,1574,0,0,10
body_state_setup,graph_sparse,10,9,12,407,0,0,0
machine_state_setup,graph_sparse,10,9,13,1611,0,0,10
body_state_setup,graph_sparse,10,9,13,407,0,0,0
machine_state_setup,graph_sparse,10,9,14,1574,0,0,10
body_state_setup,graph_sparse,10,9,14,389,0,0,0
machine_state_setup,graph_sparse,10,9,15,1555,0,0,10
body_state_setup,graph_sparse,10,9,15,389,0,0,0
machine_state_setup,graph_sparse,10,9,16,1593,0,0,10
body_state_setup,graph_sparse,10,9,16,408,0,0,0
machine_state_setup,graph_sparse,10,9,17,1593,0,0,10
body_state_setup,graph_sparse,10,9,17,426,0,0,0
machine_state_setup,graph_sparse,10,9,18,1630,0,0,10
body_state_setup,graph_sparse,10,9,18,389,0,0,0
machine_state_setup,graph_sparse,10,9,19,1611,0,0,10
body_state_setup,graph_sparse,10,9,19,370,0,0,0
machine_state_setup,graph_sparse,10,9,20,1611,0,0,10
body_state_setup,graph_sparse,10,9,20,408,0,0,0
machine_state_setup,graph_sparse,10,9,21,1611,0,0,10
body_state_setup,graph_sparse,10,9,21,426,0,0,0
machine_state_setup,graph_sparse,10,9,22,1592,0,0,10
body_state_setup,graph_sparse,10,9,22,407,0,0,0
machine_state_setup,graph_sparse,10,9,23,2666,0,0,10
body_state_setup,graph_sparse,10,9,23,444,0,0,0
machine_state_setup,graph_sparse,10,9,24,1685,0,0,10
body_state_setup,graph_sparse,10,9,24,463,0,0,0
machine_state_setup,graph_sparse,10,9,25,1741,0,0,10
body_state_setup,graph_sparse,10,9,25,537,0,0,0
machine_state_setup,graph_sparse,10,9,26,1666,0,0,10
body_state_setup,graph_sparse,10,9,26,555,0,0,0
machine_state_setup,graph_sparse,10,9,27,1667,0,0,10
body_state_setup,graph_sparse,10,9,27,500,0,0,0
machine_state_setup,graph_sparse,10,9,28,1630,0,0,10
body_state_setup,graph_sparse,10,9,28,426,0,0,0
machine_state_setup,graph_sparse,10,9,29,1723,0,0,10
body_state_setup,graph_sparse,10,9,29,537,0,0,0
machine_state_setup,graph_sparse,10,9,30,1630,0,0,10
body_state_setup,graph_sparse,10,9,30,407,0,0,0
machine_state_setup,graph_sparse,10,9,31,1686,0,0,10
body_state_setup,graph_sparse,10,9,31,500,0,0,0
machine_state_setup,graph_sparse,10,9,32,1666,0,0,10
body_state_setup,graph_sparse,10,9,32,389,0,0,0
machine_state_setup,graph_sparse,10,9,33,1649,0,0,10
body_state_setup,graph_sparse,10,9,33,426,0,0,0
machine_state_setup,graph_sparse,10,9,34,1611,0,0,10
body_state_setup,graph_sparse,10,9,34,426,0,0,0
machine_state_setup,graph_sparse,10,9,35,1704,0,0,10
body_state_setup,graph_sparse,10,9,35,482,0,0,0
machine_state_setup,graph_sparse,10,9,36,1611,0,0,10
body_state_setup,graph_sparse,10,9,36,370,0,0,0
machine_state_setup,graph_sparse,10,9,37,1703,0,0,10
body_state_setup,graph_sparse,10,9,37,500,0,0,0
machine_state_setup,graph_sparse,10,9,38,1648,0,0,10
body_state_setup,graph_sparse,10,9,38,463,0,0,0
machine_state_setup,graph_sparse,10,9,39,1760,0,0,10
body_state_setup,graph_sparse,10,9,39,555,0,0,0
fixture_generation,graph_chain,100,99,0,16519,0,0,500
fixture_generation,graph_chain,100,99,1,16481,0,0,500
fixture_generation,graph_chain,100,99,2,16333,0,0,500
fixture_generation,graph_chain,100,99,3,16333,0,0,500
fixture_generation,graph_chain,100,99,4,16333,0,0,500
fixture_generation,graph_chain,100,99,5,16352,0,0,500
fixture_generation,graph_chain,100,99,6,16389,0,0,500
fixture_generation,graph_chain,100,99,7,16463,0,0,500
fixture_generation,graph_chain,100,99,8,16519,0,0,500
fixture_generation,graph_chain,100,99,9,16593,0,0,500
fixture_generation,graph_chain,100,99,10,16612,0,0,500
fixture_generation,graph_chain,100,99,11,16685,0,0,500
fixture_generation,graph_chain,100,99,12,16852,0,0,500
fixture_generation,graph_chain,100,99,13,16815,0,0,500
fixture_generation,graph_chain,100,99,14,16833,0,0,500
fixture_generation,graph_chain,100,99,15,16814,0,0,500
fixture_generation,graph_chain,100,99,16,16667,0,0,500
fixture_generation,graph_chain,100,99,17,16630,0,0,500
fixture_generation,graph_chain,100,99,18,16648,0,0,500
fixture_generation,graph_chain,100,99,19,16815,0,0,500
plan_build,graph_chain,100,99,0,189889,0,0,11
plan_build,graph_chain,100,99,1,141352,0,0,11
plan_build,graph_chain,100,99,2,136705,0,0,11
plan_build,graph_chain,100,99,3,135593,0,0,11
plan_build,graph_chain,100,99,4,134649,0,0,11
plan_build,graph_chain,100,99,5,134630,0,0,11
plan_build,graph_chain,100,99,6,134074,0,0,11
plan_build,graph_chain,100,99,7,134038,0,0,11
plan_build,graph_chain,100,99,8,134334,0,0,11
plan_build,graph_chain,100,99,9,133890,0,0,11
plan_build,graph_chain,100,99,10,133778,0,0,11
plan_build,graph_chain,100,99,11,133390,0,0,11
plan_build,graph_chain,100,99,12,134278,0,0,11
plan_build,graph_chain,100,99,13,133353,0,0,11
plan_build,graph_chain,100,99,14,132815,0,0,11
plan_build,graph_chain,100,99,15,138204,0,0,11
plan_build,graph_chain,100,99,16,132871,0,0,11
plan_build,graph_chain,100,99,17,134612,0,0,11
plan_build,graph_chain,100,99,18,133705,0,0,11
plan_build,graph_chain,100,99,19,133278,0,0,11
plan_build_alloc,graph_chain,100,99,0,0,1269,304543,11
engine_execution,graph_chain,100,99,0,780484,0,0,1
engine_execution,graph_chain,100,99,1,770984,0,0,0
engine_execution,graph_chain,100,99,2,767780,0,0,3
engine_execution,graph_chain,100,99,3,777448,0,0,2
engine_execution,graph_chain,100,99,4,766114,0,0,5
engine_execution,graph_chain,100,99,5,789244,0,0,4
engine_execution,graph_chain,100,99,6,764595,0,0,7
engine_execution,graph_chain,100,99,7,743206,0,0,6
engine_execution,graph_chain,100,99,8,770336,0,0,9
engine_execution,graph_chain,100,99,9,766059,0,0,8
engine_execution,graph_chain,100,99,10,763688,0,0,11
engine_execution,graph_chain,100,99,11,766132,0,0,10
engine_execution,graph_chain,100,99,12,767206,0,0,13
engine_execution,graph_chain,100,99,13,766225,0,0,12
engine_execution,graph_chain,100,99,14,770466,0,0,15
engine_execution,graph_chain,100,99,15,769817,0,0,14
engine_execution,graph_chain,100,99,16,765392,0,0,17
engine_execution,graph_chain,100,99,17,767299,0,0,16
engine_execution,graph_chain,100,99,18,762596,0,0,19
engine_execution,graph_chain,100,99,19,775188,0,0,18
engine_execution,graph_chain,100,99,20,767151,0,0,21
engine_execution,graph_chain,100,99,21,763410,0,0,20
engine_execution,graph_chain,100,99,22,767373,0,0,23
engine_execution,graph_chain,100,99,23,764632,0,0,22
engine_execution,graph_chain,100,99,24,774336,0,0,25
engine_execution,graph_chain,100,99,25,768633,0,0,24
engine_execution,graph_chain,100,99,26,764058,0,0,27
engine_execution,graph_chain,100,99,27,766059,0,0,26
engine_execution,graph_chain,100,99,28,763595,0,0,29
engine_execution,graph_chain,100,99,29,775021,0,0,28
engine_execution,graph_chain,100,99,30,764428,0,0,31
engine_execution,graph_chain,100,99,31,766743,0,0,30
engine_execution,graph_chain,100,99,32,763984,0,0,33
engine_execution,graph_chain,100,99,33,766410,0,0,32
engine_execution,graph_chain,100,99,34,766133,0,0,35
engine_execution,graph_chain,100,99,35,770317,0,0,34
engine_execution,graph_chain,100,99,36,767651,0,0,37
engine_execution,graph_chain,100,99,37,766336,0,0,36
engine_execution,graph_chain,100,99,38,765151,0,0,39
engine_execution,graph_chain,100,99,39,765614,0,0,38
engine_execution_alloc,graph_chain,100,99,0,0,5259,513080,23131
machine_state_setup,graph_chain,100,99,0,37926,0,0,100
body_state_setup,graph_chain,100,99,0,3537,0,0,0
machine_state_setup,graph_chain,100,99,1,12981,0,0,100
body_state_setup,graph_chain,100,99,1,3259,0,0,0
machine_state_setup,graph_chain,100,99,2,12667,0,0,100
body_state_setup,graph_chain,100,99,2,2833,0,0,0
machine_state_setup,graph_chain,100,99,3,12463,0,0,100
body_state_setup,graph_chain,100,99,3,2963,0,0,0
machine_state_setup,graph_chain,100,99,4,12444,0,0,100
body_state_setup,graph_chain,100,99,4,2852,0,0,0
machine_state_setup,graph_chain,100,99,5,12537,0,0,100
body_state_setup,graph_chain,100,99,5,2944,0,0,0
machine_state_setup,graph_chain,100,99,6,12611,0,0,100
body_state_setup,graph_chain,100,99,6,2908,0,0,0
machine_state_setup,graph_chain,100,99,7,12611,0,0,100
body_state_setup,graph_chain,100,99,7,2926,0,0,0
machine_state_setup,graph_chain,100,99,8,12630,0,0,100
body_state_setup,graph_chain,100,99,8,2944,0,0,0
machine_state_setup,graph_chain,100,99,9,12704,0,0,100
body_state_setup,graph_chain,100,99,9,2908,0,0,0
machine_state_setup,graph_chain,100,99,10,12667,0,0,100
body_state_setup,graph_chain,100,99,10,2963,0,0,0
machine_state_setup,graph_chain,100,99,11,12686,0,0,100
body_state_setup,graph_chain,100,99,11,3371,0,0,0
machine_state_setup,graph_chain,100,99,12,12593,0,0,100
body_state_setup,graph_chain,100,99,12,2797,0,0,0
machine_state_setup,graph_chain,100,99,13,12723,0,0,100
body_state_setup,graph_chain,100,99,13,3093,0,0,0
machine_state_setup,graph_chain,100,99,14,12722,0,0,100
body_state_setup,graph_chain,100,99,14,2944,0,0,0
machine_state_setup,graph_chain,100,99,15,12722,0,0,100
body_state_setup,graph_chain,100,99,15,2796,0,0,0
machine_state_setup,graph_chain,100,99,16,12611,0,0,100
body_state_setup,graph_chain,100,99,16,2888,0,0,0
machine_state_setup,graph_chain,100,99,17,12611,0,0,100
body_state_setup,graph_chain,100,99,17,3740,0,0,0
machine_state_setup,graph_chain,100,99,18,12611,0,0,100
body_state_setup,graph_chain,100,99,18,3018,0,0,0
machine_state_setup,graph_chain,100,99,19,12760,0,0,100
body_state_setup,graph_chain,100,99,19,2926,0,0,0
machine_state_setup,graph_chain,100,99,20,12444,0,0,100
body_state_setup,graph_chain,100,99,20,2926,0,0,0
machine_state_setup,graph_chain,100,99,21,12426,0,0,100
body_state_setup,graph_chain,100,99,21,2870,0,0,0
machine_state_setup,graph_chain,100,99,22,12389,0,0,100
body_state_setup,graph_chain,100,99,22,2908,0,0,0
machine_state_setup,graph_chain,100,99,23,12445,0,0,100
body_state_setup,graph_chain,100,99,23,2741,0,0,0
machine_state_setup,graph_chain,100,99,24,12519,0,0,100
body_state_setup,graph_chain,100,99,24,2852,0,0,0
machine_state_setup,graph_chain,100,99,25,12407,0,0,100
body_state_setup,graph_chain,100,99,25,2944,0,0,0
machine_state_setup,graph_chain,100,99,26,12352,0,0,100
body_state_setup,graph_chain,100,99,26,2778,0,0,0
machine_state_setup,graph_chain,100,99,27,12315,0,0,100
body_state_setup,graph_chain,100,99,27,2778,0,0,0
machine_state_setup,graph_chain,100,99,28,12278,0,0,100
body_state_setup,graph_chain,100,99,28,2871,0,0,0
machine_state_setup,graph_chain,100,99,29,12389,0,0,100
body_state_setup,graph_chain,100,99,29,2963,0,0,0
machine_state_setup,graph_chain,100,99,30,12408,0,0,100
body_state_setup,graph_chain,100,99,30,2963,0,0,0
machine_state_setup,graph_chain,100,99,31,12333,0,0,100
body_state_setup,graph_chain,100,99,31,2926,0,0,0
machine_state_setup,graph_chain,100,99,32,12222,0,0,100
body_state_setup,graph_chain,100,99,32,2981,0,0,0
machine_state_setup,graph_chain,100,99,33,12296,0,0,100
body_state_setup,graph_chain,100,99,33,2889,0,0,0
machine_state_setup,graph_chain,100,99,34,12241,0,0,100
body_state_setup,graph_chain,100,99,34,2981,0,0,0
machine_state_setup,graph_chain,100,99,35,12296,0,0,100
body_state_setup,graph_chain,100,99,35,2907,0,0,0
machine_state_setup,graph_chain,100,99,36,12296,0,0,100
body_state_setup,graph_chain,100,99,36,2962,0,0,0
machine_state_setup,graph_chain,100,99,37,12278,0,0,100
body_state_setup,graph_chain,100,99,37,2963,0,0,0
machine_state_setup,graph_chain,100,99,38,12222,0,0,100
body_state_setup,graph_chain,100,99,38,2926,0,0,0
machine_state_setup,graph_chain,100,99,39,12222,0,0,100
body_state_setup,graph_chain,100,99,39,3037,0,0,0
pure_machine_events_preseeded,graph_chain,100,99,0,269056,0,0,101
pure_machine_events_preseeded,graph_chain,100,99,1,264686,0,0,101
pure_machine_events_preseeded,graph_chain,100,99,2,265093,0,0,101
pure_machine_events_preseeded,graph_chain,100,99,3,264464,0,0,101
pure_machine_events_preseeded,graph_chain,100,99,4,525575,0,0,101
pure_machine_events_preseeded,graph_chain,100,99,5,266167,0,0,101
pure_machine_events_preseeded,graph_chain,100,99,6,264667,0,0,101
pure_machine_events_preseeded,graph_chain,100,99,7,265075,0,0,101
pure_machine_events_preseeded,graph_chain,100,99,8,263464,0,0,101
pure_machine_events_preseeded,graph_chain,100,99,9,271167,0,0,101
pure_machine_events_preseeded,graph_chain,100,99,10,264427,0,0,101
pure_machine_events_preseeded,graph_chain,100,99,11,264297,0,0,101
pure_machine_events_preseeded,graph_chain,100,99,12,264260,0,0,101
pure_machine_events_preseeded,graph_chain,100,99,13,264483,0,0,101
pure_machine_events_preseeded,graph_chain,100,99,14,264315,0,0,101
pure_machine_events_preseeded,graph_chain,100,99,15,264482,0,0,101
pure_machine_events_preseeded,graph_chain,100,99,16,263334,0,0,101
pure_machine_events_preseeded,graph_chain,100,99,17,263038,0,0,101
pure_machine_events_preseeded,graph_chain,100,99,18,263871,0,0,101
pure_machine_events_preseeded,graph_chain,100,99,19,263724,0,0,101
pure_machine_events_preseeded,graph_chain,100,99,20,263279,0,0,101
pure_machine_events_preseeded,graph_chain,100,99,21,262112,0,0,101
pure_machine_events_preseeded,graph_chain,100,99,22,263704,0,0,101
pure_machine_events_preseeded,graph_chain,100,99,23,263223,0,0,101
pure_machine_events_preseeded,graph_chain,100,99,24,267038,0,0,101
pure_machine_events_preseeded,graph_chain,100,99,25,263297,0,0,101
pure_machine_events_preseeded,graph_chain,100,99,26,263020,0,0,101
pure_machine_events_preseeded,graph_chain,100,99,27,263112,0,0,101
pure_machine_events_preseeded,graph_chain,100,99,28,263020,0,0,101
pure_machine_events_preseeded,graph_chain,100,99,29,263056,0,0,101
pure_machine_events_preseeded,graph_chain,100,99,30,263223,0,0,101
pure_machine_events_preseeded,graph_chain,100,99,31,262890,0,0,101
pure_machine_events_preseeded,graph_chain,100,99,32,262871,0,0,101
pure_machine_events_preseeded,graph_chain,100,99,33,263705,0,0,101
pure_machine_events_preseeded,graph_chain,100,99,34,263224,0,0,101
pure_machine_events_preseeded,graph_chain,100,99,35,263093,0,0,101
pure_machine_events_preseeded,graph_chain,100,99,36,263408,0,0,101
pure_machine_events_preseeded,graph_chain,100,99,37,263131,0,0,101
pure_machine_events_preseeded,graph_chain,100,99,38,261390,0,0,101
pure_machine_events_preseeded,graph_chain,100,99,39,265631,0,0,101
fixture_generation,graph_wide,100,99,0,16723,0,0,500
fixture_generation,graph_wide,100,99,1,16463,0,0,500
fixture_generation,graph_wide,100,99,2,16630,0,0,500
fixture_generation,graph_wide,100,99,3,16518,0,0,500
fixture_generation,graph_wide,100,99,4,16537,0,0,500
fixture_generation,graph_wide,100,99,5,16797,0,0,500
fixture_generation,graph_wide,100,99,6,16797,0,0,500
fixture_generation,graph_wide,100,99,7,17334,0,0,500
fixture_generation,graph_wide,100,99,8,16723,0,0,500
fixture_generation,graph_wide,100,99,9,16796,0,0,500
fixture_generation,graph_wide,100,99,10,16870,0,0,500
fixture_generation,graph_wide,100,99,11,16926,0,0,500
fixture_generation,graph_wide,100,99,12,17130,0,0,500
fixture_generation,graph_wide,100,99,13,17093,0,0,500
fixture_generation,graph_wide,100,99,14,17074,0,0,500
fixture_generation,graph_wide,100,99,15,17056,0,0,500
fixture_generation,graph_wide,100,99,16,17055,0,0,500
fixture_generation,graph_wide,100,99,17,16907,0,0,500
fixture_generation,graph_wide,100,99,18,17074,0,0,500
fixture_generation,graph_wide,100,99,19,17037,0,0,500
plan_build,graph_wide,100,99,0,155834,0,0,10
plan_build,graph_wide,100,99,1,144797,0,0,10
plan_build,graph_wide,100,99,2,141427,0,0,10
plan_build,graph_wide,100,99,3,141186,0,0,10
plan_build,graph_wide,100,99,4,140408,0,0,10
plan_build,graph_wide,100,99,5,139352,0,0,10
plan_build,graph_wide,100,99,6,139759,0,0,10
plan_build,graph_wide,100,99,7,138408,0,0,10
plan_build,graph_wide,100,99,8,137779,0,0,10
plan_build,graph_wide,100,99,9,138482,0,0,10
plan_build,graph_wide,100,99,10,138593,0,0,10
plan_build,graph_wide,100,99,11,138723,0,0,10
plan_build,graph_wide,100,99,12,138426,0,0,10
plan_build,graph_wide,100,99,13,137501,0,0,10
plan_build,graph_wide,100,99,14,137926,0,0,10
plan_build,graph_wide,100,99,15,137056,0,0,10
plan_build,graph_wide,100,99,16,137167,0,0,10
plan_build,graph_wide,100,99,17,136519,0,0,10
plan_build,graph_wide,100,99,18,137464,0,0,10
plan_build,graph_wide,100,99,19,137316,0,0,10
plan_build_alloc,graph_wide,100,99,0,0,1176,303389,10
engine_execution,graph_wide,100,99,0,650725,0,0,98
engine_execution,graph_wide,100,99,1,648632,0,0,99
engine_execution,graph_wide,100,99,2,651632,0,0,96
engine_execution,graph_wide,100,99,3,644318,0,0,97
engine_execution,graph_wide,100,99,4,650225,0,0,102
engine_execution,graph_wide,100,99,5,649039,0,0,103
engine_execution,graph_wide,100,99,6,642521,0,0,100
engine_execution,graph_wide,100,99,7,650058,0,0,101
engine_execution,graph_wide,100,99,8,649650,0,0,106
engine_execution,graph_wide,100,99,9,647632,0,0,107
engine_execution,graph_wide,100,99,10,654706,0,0,104
engine_execution,graph_wide,100,99,11,649373,0,0,105
engine_execution,graph_wide,100,99,12,650002,0,0,110
engine_execution,graph_wide,100,99,13,647798,0,0,111
engine_execution,graph_wide,100,99,14,651224,0,0,108
engine_execution,graph_wide,100,99,15,649632,0,0,109
engine_execution,graph_wide,100,99,16,644207,0,0,114
engine_execution,graph_wide,100,99,17,655891,0,0,115
engine_execution,graph_wide,100,99,18,646910,0,0,112
engine_execution,graph_wide,100,99,19,645540,0,0,113
engine_execution,graph_wide,100,99,20,643687,0,0,118
engine_execution,graph_wide,100,99,21,648484,0,0,119
engine_execution,graph_wide,100,99,22,649502,0,0,116
engine_execution,graph_wide,100,99,23,657262,0,0,117
engine_execution,graph_wide,100,99,24,652465,0,0,122
engine_execution,graph_wide,100,99,25,653169,0,0,123
engine_execution,graph_wide,100,99,26,645373,0,0,120
engine_execution,graph_wide,100,99,27,649150,0,0,121
engine_execution,graph_wide,100,99,28,649336,0,0,126
engine_execution,graph_wide,100,99,29,650243,0,0,127
engine_execution,graph_wide,100,99,30,648836,0,0,124
engine_execution,graph_wide,100,99,31,648595,0,0,125
engine_execution,graph_wide,100,99,32,649873,0,0,66
engine_execution,graph_wide,100,99,33,649651,0,0,67
engine_execution,graph_wide,100,99,34,651465,0,0,64
engine_execution,graph_wide,100,99,35,655558,0,0,65
engine_execution,graph_wide,100,99,36,650058,0,0,70
engine_execution,graph_wide,100,99,37,652132,0,0,71
engine_execution,graph_wide,100,99,38,650577,0,0,68
engine_execution,graph_wide,100,99,39,651687,0,0,69
engine_execution_alloc,graph_wide,100,99,0,0,4987,468311,23096
machine_state_setup,graph_wide,100,99,0,37593,0,0,100
body_state_setup,graph_wide,100,99,0,3352,0,0,0
machine_state_setup,graph_wide,100,99,1,12981,0,0,100
body_state_setup,graph_wide,100,99,1,3000,0,0,0
machine_state_setup,graph_wide,100,99,2,12741,0,0,100
body_state_setup,graph_wide,100,99,2,2963,0,0,0
machine_state_setup,graph_wide,100,99,3,12685,0,0,100
body_state_setup,graph_wide,100,99,3,2926,0,0,0
machine_state_setup,graph_wide,100,99,4,12481,0,0,100
body_state_setup,graph_wide,100,99,4,2981,0,0,0
machine_state_setup,graph_wide,100,99,5,12463,0,0,100
body_state_setup,graph_wide,100,99,5,2982,0,0,0
machine_state_setup,graph_wide,100,99,6,12407,0,0,100
body_state_setup,graph_wide,100,99,6,2833,0,0,0
machine_state_setup,graph_wide,100,99,7,12333,0,0,100
body_state_setup,graph_wide,100,99,7,2815,0,0,0
machine_state_setup,graph_wide,100,99,8,12370,0,0,100
body_state_setup,graph_wide,100,99,8,2833,0,0,0
machine_state_setup,graph_wide,100,99,9,12500,0,0,100
body_state_setup,graph_wide,100,99,9,2981,0,0,0
machine_state_setup,graph_wide,100,99,10,12334,0,0,100
body_state_setup,graph_wide,100,99,10,2778,0,0,0
machine_state_setup,graph_wide,100,99,11,12408,0,0,100
body_state_setup,graph_wide,100,99,11,2815,0,0,0
machine_state_setup,graph_wide,100,99,12,12351,0,0,100
body_state_setup,graph_wide,100,99,12,2870,0,0,0
machine_state_setup,graph_wide,100,99,13,12334,0,0,100
body_state_setup,graph_wide,100,99,13,2815,0,0,0
machine_state_setup,graph_wide,100,99,14,12241,0,0,100
body_state_setup,graph_wide,100,99,14,2815,0,0,0
machine_state_setup,graph_wide,100,99,15,12204,0,0,100
body_state_setup,graph_wide,100,99,15,2889,0,0,0
machine_state_setup,graph_wide,100,99,16,12259,0,0,100
body_state_setup,graph_wide,100,99,16,2944,0,0,0
machine_state_setup,graph_wide,100,99,17,12259,0,0,100
body_state_setup,graph_wide,100,99,17,2982,0,0,0
machine_state_setup,graph_wide,100,99,18,12277,0,0,100
body_state_setup,graph_wide,100,99,18,3037,0,0,0
machine_state_setup,graph_wide,100,99,19,12185,0,0,100
body_state_setup,graph_wide,100,99,19,2796,0,0,0
machine_state_setup,graph_wide,100,99,20,12092,0,0,100
body_state_setup,graph_wide,100,99,20,2870,0,0,0
machine_state_setup,graph_wide,100,99,21,12093,0,0,100
body_state_setup,graph_wide,100,99,21,2852,0,0,0
machine_state_setup,graph_wide,100,99,22,12112,0,0,100
body_state_setup,graph_wide,100,99,22,3000,0,0,0
machine_state_setup,graph_wide,100,99,23,16611,0,0,100
body_state_setup,graph_wide,100,99,23,2981,0,0,0
machine_state_setup,graph_wide,100,99,24,12241,0,0,100
body_state_setup,graph_wide,100,99,24,2778,0,0,0
machine_state_setup,graph_wide,100,99,25,12148,0,0,100
body_state_setup,graph_wide,100,99,25,2871,0,0,0
machine_state_setup,graph_wide,100,99,26,12056,0,0,100
body_state_setup,graph_wide,100,99,26,2925,0,0,0
machine_state_setup,graph_wide,100,99,27,11963,0,0,100
body_state_setup,graph_wide,100,99,27,3018,0,0,0
machine_state_setup,graph_wide,100,99,28,11982,0,0,100
body_state_setup,graph_wide,100,99,28,2741,0,0,0
machine_state_setup,graph_wide,100,99,29,12055,0,0,100
body_state_setup,graph_wide,100,99,29,2944,0,0,0
machine_state_setup,graph_wide,100,99,30,11944,0,0,100
body_state_setup,graph_wide,100,99,30,2852,0,0,0
machine_state_setup,graph_wide,100,99,31,11926,0,0,100
body_state_setup,graph_wide,100,99,31,2907,0,0,0
machine_state_setup,graph_wide,100,99,32,11908,0,0,100
body_state_setup,graph_wide,100,99,32,2908,0,0,0
machine_state_setup,graph_wide,100,99,33,11963,0,0,100
body_state_setup,graph_wide,100,99,33,2852,0,0,0
machine_state_setup,graph_wide,100,99,34,11963,0,0,100
body_state_setup,graph_wide,100,99,34,2833,0,0,0
machine_state_setup,graph_wide,100,99,35,11981,0,0,100
body_state_setup,graph_wide,100,99,35,2870,0,0,0
machine_state_setup,graph_wide,100,99,36,11944,0,0,100
body_state_setup,graph_wide,100,99,36,2833,0,0,0
machine_state_setup,graph_wide,100,99,37,11908,0,0,100
body_state_setup,graph_wide,100,99,37,2741,0,0,0
machine_state_setup,graph_wide,100,99,38,11907,0,0,100
body_state_setup,graph_wide,100,99,38,2741,0,0,0
machine_state_setup,graph_wide,100,99,39,11871,0,0,100
body_state_setup,graph_wide,100,99,39,2741,0,0,0
fixture_generation,graph_sparse,100,99,0,16741,0,0,500
fixture_generation,graph_sparse,100,99,1,16371,0,0,500
fixture_generation,graph_sparse,100,99,2,16352,0,0,500
fixture_generation,graph_sparse,100,99,3,16371,0,0,500
fixture_generation,graph_sparse,100,99,4,16389,0,0,500
fixture_generation,graph_sparse,100,99,5,16444,0,0,500
fixture_generation,graph_sparse,100,99,6,16482,0,0,500
fixture_generation,graph_sparse,100,99,7,16722,0,0,500
fixture_generation,graph_sparse,100,99,8,16612,0,0,500
fixture_generation,graph_sparse,100,99,9,16630,0,0,500
fixture_generation,graph_sparse,100,99,10,16704,0,0,500
fixture_generation,graph_sparse,100,99,11,16926,0,0,500
fixture_generation,graph_sparse,100,99,12,16889,0,0,500
fixture_generation,graph_sparse,100,99,13,16889,0,0,500
fixture_generation,graph_sparse,100,99,14,16833,0,0,500
fixture_generation,graph_sparse,100,99,15,16870,0,0,500
fixture_generation,graph_sparse,100,99,16,16889,0,0,500
fixture_generation,graph_sparse,100,99,17,16833,0,0,500
fixture_generation,graph_sparse,100,99,18,16703,0,0,500
fixture_generation,graph_sparse,100,99,19,16889,0,0,500
plan_build,graph_sparse,100,99,0,147149,0,0,12
plan_build,graph_sparse,100,99,1,138612,0,0,12
plan_build,graph_sparse,100,99,2,137186,0,0,12
plan_build,graph_sparse,100,99,3,136315,0,0,12
plan_build,graph_sparse,100,99,4,135389,0,0,12
plan_build,graph_sparse,100,99,5,134908,0,0,12
plan_build,graph_sparse,100,99,6,134853,0,0,12
plan_build,graph_sparse,100,99,7,135204,0,0,12
plan_build,graph_sparse,100,99,8,135019,0,0,12
plan_build,graph_sparse,100,99,9,134593,0,0,12
plan_build,graph_sparse,100,99,10,134889,0,0,12
plan_build,graph_sparse,100,99,11,134185,0,0,12
plan_build,graph_sparse,100,99,12,134667,0,0,12
plan_build,graph_sparse,100,99,13,134760,0,0,12
plan_build,graph_sparse,100,99,14,134685,0,0,12
plan_build,graph_sparse,100,99,15,134297,0,0,12
plan_build,graph_sparse,100,99,16,134667,0,0,12
plan_build,graph_sparse,100,99,17,134056,0,0,12
plan_build,graph_sparse,100,99,18,133944,0,0,12
plan_build,graph_sparse,100,99,19,133982,0,0,12
plan_build_alloc,graph_sparse,100,99,0,0,1220,302977,12
engine_execution,graph_sparse,100,99,0,713502,0,0,71
engine_execution,graph_sparse,100,99,1,709892,0,0,70
engine_execution,graph_sparse,100,99,2,712262,0,0,69
engine_execution,graph_sparse,100,99,3,714410,0,0,68
engine_execution,graph_sparse,100,99,4,713484,0,0,67
engine_execution,graph_sparse,100,99,5,712632,0,0,66
engine_execution,graph_sparse,100,99,6,715021,0,0,65
engine_execution,graph_sparse,100,99,7,712577,0,0,64
engine_execution,graph_sparse,100,99,8,712521,0,0,79
engine_execution,graph_sparse,100,99,9,720670,0,0,78
engine_execution,graph_sparse,100,99,10,712113,0,0,77
engine_execution,graph_sparse,100,99,11,713669,0,0,76
engine_execution,graph_sparse,100,99,12,712169,0,0,75
engine_execution,graph_sparse,100,99,13,710984,0,0,74
engine_execution,graph_sparse,100,99,14,716225,0,0,73
engine_execution,graph_sparse,100,99,15,715465,0,0,72
engine_execution,graph_sparse,100,99,16,709225,0,0,87
engine_execution,graph_sparse,100,99,17,711466,0,0,86
engine_execution,graph_sparse,100,99,18,712743,0,0,85
engine_execution,graph_sparse,100,99,19,713577,0,0,84
engine_execution,graph_sparse,100,99,20,720465,0,0,83
engine_execution,graph_sparse,100,99,21,711539,0,0,82
engine_execution,graph_sparse,100,99,22,708576,0,0,81
engine_execution,graph_sparse,100,99,23,715966,0,0,80
engine_execution,graph_sparse,100,99,24,732040,0,0,95
engine_execution,graph_sparse,100,99,25,711632,0,0,94
engine_execution,graph_sparse,100,99,26,719095,0,0,93
engine_execution,graph_sparse,100,99,27,709854,0,0,92
engine_execution,graph_sparse,100,99,28,712503,0,0,91
engine_execution,graph_sparse,100,99,29,710354,0,0,90
engine_execution,graph_sparse,100,99,30,711892,0,0,89
engine_execution,graph_sparse,100,99,31,718429,0,0,88
engine_execution,graph_sparse,100,99,32,711799,0,0,103
engine_execution,graph_sparse,100,99,33,711873,0,0,102
engine_execution,graph_sparse,100,99,34,711576,0,0,101
engine_execution,graph_sparse,100,99,35,711484,0,0,100
engine_execution,graph_sparse,100,99,36,709410,0,0,99
engine_execution,graph_sparse,100,99,37,720651,0,0,98
engine_execution,graph_sparse,100,99,38,713762,0,0,97
engine_execution,graph_sparse,100,99,39,713854,0,0,96
engine_execution_alloc,graph_sparse,100,99,0,0,5163,494233,23069
machine_state_setup,graph_sparse,100,99,0,39278,0,0,100
body_state_setup,graph_sparse,100,99,0,3537,0,0,0
machine_state_setup,graph_sparse,100,99,1,13074,0,0,100
body_state_setup,graph_sparse,100,99,1,3092,0,0,0
machine_state_setup,graph_sparse,100,99,2,12630,0,0,100
body_state_setup,graph_sparse,100,99,2,3129,0,0,0
machine_state_setup,graph_sparse,100,99,3,12593,0,0,100
body_state_setup,graph_sparse,100,99,3,3112,0,0,0
machine_state_setup,graph_sparse,100,99,4,12648,0,0,100
body_state_setup,graph_sparse,100,99,4,2944,0,0,0
machine_state_setup,graph_sparse,100,99,5,12649,0,0,100
body_state_setup,graph_sparse,100,99,5,2871,0,0,0
machine_state_setup,graph_sparse,100,99,6,12556,0,0,100
body_state_setup,graph_sparse,100,99,6,2963,0,0,0
machine_state_setup,graph_sparse,100,99,7,12593,0,0,100
body_state_setup,graph_sparse,100,99,7,2871,0,0,0
machine_state_setup,graph_sparse,100,99,8,12463,0,0,100
body_state_setup,graph_sparse,100,99,8,3518,0,0,0
machine_state_setup,graph_sparse,100,99,9,12574,0,0,100
body_state_setup,graph_sparse,100,99,9,2963,0,0,0
machine_state_setup,graph_sparse,100,99,10,12518,0,0,100
body_state_setup,graph_sparse,100,99,10,2889,0,0,0
machine_state_setup,graph_sparse,100,99,11,13148,0,0,100
body_state_setup,graph_sparse,100,99,11,2796,0,0,0
machine_state_setup,graph_sparse,100,99,12,12388,0,0,100
body_state_setup,graph_sparse,100,99,12,3000,0,0,0
machine_state_setup,graph_sparse,100,99,13,12482,0,0,100
body_state_setup,graph_sparse,100,99,13,4074,0,0,0
machine_state_setup,graph_sparse,100,99,14,12444,0,0,100
body_state_setup,graph_sparse,100,99,14,3092,0,0,0
machine_state_setup,graph_sparse,100,99,15,12518,0,0,100
body_state_setup,graph_sparse,100,99,15,3019,0,0,0
machine_state_setup,graph_sparse,100,99,16,12537,0,0,100
body_state_setup,graph_sparse,100,99,16,2926,0,0,0
machine_state_setup,graph_sparse,100,99,17,12482,0,0,100
body_state_setup,graph_sparse,100,99,17,3019,0,0,0
machine_state_setup,graph_sparse,100,99,18,12444,0,0,100
body_state_setup,graph_sparse,100,99,18,2981,0,0,0
machine_state_setup,graph_sparse,100,99,19,12408,0,0,100
body_state_setup,graph_sparse,100,99,19,2833,0,0,0
machine_state_setup,graph_sparse,100,99,20,12203,0,0,100
body_state_setup,graph_sparse,100,99,20,2889,0,0,0
machine_state_setup,graph_sparse,100,99,21,12407,0,0,100
body_state_setup,graph_sparse,100,99,21,2815,0,0,0
machine_state_setup,graph_sparse,100,99,22,12445,0,0,100
body_state_setup,graph_sparse,100,99,22,2870,0,0,0
machine_state_setup,graph_sparse,100,99,23,12333,0,0,100
body_state_setup,graph_sparse,100,99,23,2796,0,0,0
machine_state_setup,graph_sparse,100,99,24,12277,0,0,100
body_state_setup,graph_sparse,100,99,24,2944,0,0,0
machine_state_setup,graph_sparse,100,99,25,12296,0,0,100
body_state_setup,graph_sparse,100,99,25,2871,0,0,0
machine_state_setup,graph_sparse,100,99,26,12167,0,0,100
body_state_setup,graph_sparse,100,99,26,2982,0,0,0
machine_state_setup,graph_sparse,100,99,27,12296,0,0,100
body_state_setup,graph_sparse,100,99,27,2981,0,0,0
machine_state_setup,graph_sparse,100,99,28,12277,0,0,100
body_state_setup,graph_sparse,100,99,28,3148,0,0,0
machine_state_setup,graph_sparse,100,99,29,12240,0,0,100
body_state_setup,graph_sparse,100,99,29,3093,0,0,0
machine_state_setup,graph_sparse,100,99,30,12148,0,0,100
body_state_setup,graph_sparse,100,99,30,3186,0,0,0
machine_state_setup,graph_sparse,100,99,31,12204,0,0,100
body_state_setup,graph_sparse,100,99,31,3018,0,0,0
machine_state_setup,graph_sparse,100,99,32,12666,0,0,100
body_state_setup,graph_sparse,100,99,32,3074,0,0,0
machine_state_setup,graph_sparse,100,99,33,12185,0,0,100
body_state_setup,graph_sparse,100,99,33,3019,0,0,0
machine_state_setup,graph_sparse,100,99,34,12112,0,0,100
body_state_setup,graph_sparse,100,99,34,3000,0,0,0
machine_state_setup,graph_sparse,100,99,35,12204,0,0,100
body_state_setup,graph_sparse,100,99,35,2945,0,0,0
machine_state_setup,graph_sparse,100,99,36,12167,0,0,100
body_state_setup,graph_sparse,100,99,36,3592,0,0,0
machine_state_setup,graph_sparse,100,99,37,12241,0,0,100
body_state_setup,graph_sparse,100,99,37,2926,0,0,0
machine_state_setup,graph_sparse,100,99,38,12037,0,0,100
body_state_setup,graph_sparse,100,99,38,3055,0,0,0
machine_state_setup,graph_sparse,100,99,39,12056,0,0,100
body_state_setup,graph_sparse,100,99,39,2982,0,0,0
fixture_generation,graph_chain,1000,999,0,158667,0,0,5000
fixture_generation,graph_chain,1000,999,1,158241,0,0,5000
fixture_generation,graph_chain,1000,999,2,158204,0,0,5000
fixture_generation,graph_chain,1000,999,3,163019,0,0,5000
fixture_generation,graph_chain,1000,999,4,157797,0,0,5000
fixture_generation,graph_chain,1000,999,5,157982,0,0,5000
fixture_generation,graph_chain,1000,999,6,157667,0,0,5000
fixture_generation,graph_chain,1000,999,7,157594,0,0,5000
fixture_generation,graph_chain,1000,999,8,157575,0,0,5000
fixture_generation,graph_chain,1000,999,9,158500,0,0,5000
fixture_generation,graph_chain,1000,999,10,157371,0,0,5000
fixture_generation,graph_chain,1000,999,11,157482,0,0,5000
fixture_generation,graph_chain,1000,999,12,157408,0,0,5000
fixture_generation,graph_chain,1000,999,13,158149,0,0,5000
fixture_generation,graph_chain,1000,999,14,158297,0,0,5000
fixture_generation,graph_chain,1000,999,15,157519,0,0,5000
fixture_generation,graph_chain,1000,999,16,157463,0,0,5000
fixture_generation,graph_chain,1000,999,17,159556,0,0,5000
fixture_generation,graph_chain,1000,999,18,157149,0,0,5000
fixture_generation,graph_chain,1000,999,19,157241,0,0,5000
plan_build,graph_chain,1000,999,0,4398645,0,0,11
plan_build,graph_chain,1000,999,1,4458738,0,0,11
plan_build,graph_chain,1000,999,2,4385257,0,0,11
plan_build,graph_chain,1000,999,3,4333701,0,0,11
plan_build,graph_chain,1000,999,4,4331830,0,0,11
plan_build,graph_chain,1000,999,5,4358312,0,0,11
plan_build,graph_chain,1000,999,6,4340627,0,0,11
plan_build,graph_chain,1000,999,7,4332719,0,0,11
plan_build,graph_chain,1000,999,8,4355072,0,0,11
plan_build,graph_chain,1000,999,9,4376071,0,0,11
plan_build,graph_chain,1000,999,10,4346294,0,0,11
plan_build,graph_chain,1000,999,11,4319590,0,0,11
plan_build,graph_chain,1000,999,12,4374627,0,0,11
plan_build,graph_chain,1000,999,13,4345238,0,0,11
plan_build,graph_chain,1000,999,14,4355498,0,0,11
plan_build,graph_chain,1000,999,15,4314367,0,0,11
plan_build,graph_chain,1000,999,16,4345590,0,0,11
plan_build,graph_chain,1000,999,17,4335349,0,0,11
plan_build,graph_chain,1000,999,18,4320442,0,0,11
plan_build,graph_chain,1000,999,19,4308738,0,0,11
plan_build_alloc,graph_chain,1000,999,0,0,12096,2527259,11
engine_execution,graph_chain,1000,999,0,34870312,0,0,1
engine_execution,graph_chain,1000,999,1,34840477,0,0,0
engine_execution,graph_chain,1000,999,2,34896719,0,0,3
engine_execution,graph_chain,1000,999,3,34880071,0,0,2
engine_execution,graph_chain,1000,999,4,34826070,0,0,5
engine_execution,graph_chain,1000,999,5,35607166,0,0,4
engine_execution,graph_chain,1000,999,6,35225424,0,0,7
engine_execution,graph_chain,1000,999,7,35217739,0,0,6
engine_execution,graph_chain,1000,999,8,34963293,0,0,9
engine_execution,graph_chain,1000,999,9,34765459,0,0,8
engine_execution,graph_chain,1000,999,10,36730300,0,0,11
engine_execution,graph_chain,1000,999,11,35413276,0,0,10
engine_execution,graph_chain,1000,999,12,35335684,0,0,13
engine_execution,graph_chain,1000,999,13,34936034,0,0,12
engine_execution,graph_chain,1000,999,14,35842445,0,0,15
engine_execution,graph_chain,1000,999,15,35327536,0,0,14
engine_execution,graph_chain,1000,999,16,35313572,0,0,17
engine_execution,graph_chain,1000,999,17,35795074,0,0,16
engine_execution,graph_chain,1000,999,18,35117238,0,0,19
engine_execution,graph_chain,1000,999,19,35019664,0,0,18
engine_execution,graph_chain,1000,999,20,35062609,0,0,21
engine_execution,graph_chain,1000,999,21,35567129,0,0,20
engine_execution,graph_chain,1000,999,22,35464239,0,0,23
engine_execution,graph_chain,1000,999,23,35416702,0,0,22
engine_execution,graph_chain,1000,999,24,35517536,0,0,25
engine_execution,graph_chain,1000,999,25,35520944,0,0,24
engine_execution,graph_chain,1000,999,26,37315895,0,0,27
engine_execution,graph_chain,1000,999,27,35522795,0,0,26
engine_execution,graph_chain,1000,999,28,36158372,0,0,29
engine_execution,graph_chain,1000,999,29,36423280,0,0,28
engine_execution,graph_chain,1000,999,30,35750185,0,0,31
engine_execution,graph_chain,1000,999,31,35486832,0,0,30
engine_execution,graph_chain,1000,999,32,36396521,0,0,33
engine_execution,graph_chain,1000,999,33,36689688,0,0,32
engine_execution,graph_chain,1000,999,34,36251890,0,0,35
engine_execution,graph_chain,1000,999,35,36460206,0,0,34
engine_execution,graph_chain,1000,999,36,35831315,0,0,37
engine_execution,graph_chain,1000,999,37,36285316,0,0,36
engine_execution,graph_chain,1000,999,38,36153094,0,0,39
engine_execution,graph_chain,1000,999,39,36125667,0,0,38
engine_execution_alloc,graph_chain,1000,999,0,0,52066,19479016,23131
machine_state_setup,graph_chain,1000,999,0,192130,0,0,1000
body_state_setup,graph_chain,1000,999,0,4908,0,0,0
machine_state_setup,graph_chain,1000,999,1,146945,0,0,1000
body_state_setup,graph_chain,1000,999,1,2778,0,0,0
machine_state_setup,graph_chain,1000,999,2,138852,0,0,1000
body_state_setup,graph_chain,1000,999,2,2481,0,0,0
machine_state_setup,graph_chain,1000,999,3,137611,0,0,1000
body_state_setup,graph_chain,1000,999,3,2519,0,0,0
machine_state_setup,graph_chain,1000,999,4,139112,0,0,1000
body_state_setup,graph_chain,1000,999,4,2629,0,0,0
machine_state_setup,graph_chain,1000,999,5,139037,0,0,1000
body_state_setup,graph_chain,1000,999,5,2407,0,0,0
machine_state_setup,graph_chain,1000,999,6,138223,0,0,1000
body_state_setup,graph_chain,1000,999,6,2592,0,0,0
machine_state_setup,graph_chain,1000,999,7,139667,0,0,1000
body_state_setup,graph_chain,1000,999,7,2408,0,0,0
machine_state_setup,graph_chain,1000,999,8,138463,0,0,1000
body_state_setup,graph_chain,1000,999,8,2537,0,0,0
machine_state_setup,graph_chain,1000,999,9,138926,0,0,1000
body_state_setup,graph_chain,1000,999,9,2352,0,0,0
machine_state_setup,graph_chain,1000,999,10,137834,0,0,1000
body_state_setup,graph_chain,1000,999,10,2611,0,0,0
machine_state_setup,graph_chain,1000,999,11,138686,0,0,1000
body_state_setup,graph_chain,1000,999,11,2315,0,0,0
machine_state_setup,graph_chain,1000,999,12,138242,0,0,1000
body_state_setup,graph_chain,1000,999,12,2926,0,0,0
machine_state_setup,graph_chain,1000,999,13,138464,0,0,1000
body_state_setup,graph_chain,1000,999,13,2278,0,0,0
machine_state_setup,graph_chain,1000,999,14,139167,0,0,1000
body_state_setup,graph_chain,1000,999,14,2259,0,0,0
machine_state_setup,graph_chain,1000,999,15,138130,0,0,1000
body_state_setup,graph_chain,1000,999,15,2315,0,0,0
machine_state_setup,graph_chain,1000,999,16,138241,0,0,1000
body_state_setup,graph_chain,1000,999,16,2296,0,0,0
machine_state_setup,graph_chain,1000,999,17,138926,0,0,1000
body_state_setup,graph_chain,1000,999,17,2333,0,0,0
machine_state_setup,graph_chain,1000,999,18,138926,0,0,1000
body_state_setup,graph_chain,1000,999,18,2518,0,0,0
machine_state_setup,graph_chain,1000,999,19,138611,0,0,1000
body_state_setup,graph_chain,1000,999,19,2482,0,0,0
machine_state_setup,graph_chain,1000,999,20,139204,0,0,1000
body_state_setup,graph_chain,1000,999,20,2556,0,0,0
machine_state_setup,graph_chain,1000,999,21,138797,0,0,1000
body_state_setup,graph_chain,1000,999,21,2351,0,0,0
machine_state_setup,graph_chain,1000,999,22,139501,0,0,1000
body_state_setup,graph_chain,1000,999,22,2500,0,0,0
machine_state_setup,graph_chain,1000,999,23,147408,0,0,1000
body_state_setup,graph_chain,1000,999,23,2722,0,0,0
machine_state_setup,graph_chain,1000,999,24,139185,0,0,1000
body_state_setup,graph_chain,1000,999,24,2500,0,0,0
machine_state_setup,graph_chain,1000,999,25,139260,0,0,1000
body_state_setup,graph_chain,1000,999,25,2426,0,0,0
machine_state_setup,graph_chain,1000,999,26,136816,0,0,1000
body_state_setup,graph_chain,1000,999,26,2463,0,0,0
machine_state_setup,graph_chain,1000,999,27,138353,0,0,1000
body_state_setup,graph_chain,1000,999,27,2463,0,0,0
machine_state_setup,graph_chain,1000,999,28,146815,0,0,1000
body_state_setup,graph_chain,1000,999,28,2518,0,0,0
machine_state_setup,graph_chain,1000,999,29,145537,0,0,1000
body_state_setup,graph_chain,1000,999,29,2444,0,0,0
machine_state_setup,graph_chain,1000,999,30,140334,0,0,1000
body_state_setup,graph_chain,1000,999,30,2463,0,0,0
machine_state_setup,graph_chain,1000,999,31,139686,0,0,1000
body_state_setup,graph_chain,1000,999,31,3111,0,0,0
machine_state_setup,graph_chain,1000,999,32,139519,0,0,1000
body_state_setup,graph_chain,1000,999,32,2315,0,0,0
machine_state_setup,graph_chain,1000,999,33,139611,0,0,1000
body_state_setup,graph_chain,1000,999,33,2352,0,0,0
machine_state_setup,graph_chain,1000,999,34,138037,0,0,1000
body_state_setup,graph_chain,1000,999,34,2445,0,0,0
machine_state_setup,graph_chain,1000,999,35,138093,0,0,1000
body_state_setup,graph_chain,1000,999,35,2314,0,0,0
machine_state_setup,graph_chain,1000,999,36,137852,0,0,1000
body_state_setup,graph_chain,1000,999,36,2482,0,0,0
machine_state_setup,graph_chain,1000,999,37,138075,0,0,1000
body_state_setup,graph_chain,1000,999,37,2296,0,0,0
machine_state_setup,graph_chain,1000,999,38,138352,0,0,1000
body_state_setup,graph_chain,1000,999,38,2500,0,0,0
machine_state_setup,graph_chain,1000,999,39,137945,0,0,1000
body_state_setup,graph_chain,1000,999,39,2241,0,0,0
pure_machine_events_preseeded,graph_chain,1000,999,0,23511326,0,0,1001
pure_machine_events_preseeded,graph_chain,1000,999,1,23763475,0,0,1001
pure_machine_events_preseeded,graph_chain,1000,999,2,23553659,0,0,1001
pure_machine_events_preseeded,graph_chain,1000,999,3,23729549,0,0,1001
pure_machine_events_preseeded,graph_chain,1000,999,4,23584030,0,0,1001
pure_machine_events_preseeded,graph_chain,1000,999,5,23766827,0,0,1001
pure_machine_events_preseeded,graph_chain,1000,999,6,23861864,0,0,1001
pure_machine_events_preseeded,graph_chain,1000,999,7,23673900,0,0,1001
pure_machine_events_preseeded,graph_chain,1000,999,8,23708864,0,0,1001
pure_machine_events_preseeded,graph_chain,1000,999,9,24014235,0,0,1001
pure_machine_events_preseeded,graph_chain,1000,999,10,23801197,0,0,1001
pure_machine_events_preseeded,graph_chain,1000,999,11,24941109,0,0,1001
pure_machine_events_preseeded,graph_chain,1000,999,12,23993272,0,0,1001
pure_machine_events_preseeded,graph_chain,1000,999,13,23813568,0,0,1001
pure_machine_events_preseeded,graph_chain,1000,999,14,23770049,0,0,1001
pure_machine_events_preseeded,graph_chain,1000,999,15,23842068,0,0,1001
pure_machine_events_preseeded,graph_chain,1000,999,16,23785290,0,0,1001
pure_machine_events_preseeded,graph_chain,1000,999,17,23808216,0,0,1001
pure_machine_events_preseeded,graph_chain,1000,999,18,23656623,0,0,1001
pure_machine_events_preseeded,graph_chain,1000,999,19,23824586,0,0,1001
pure_machine_events_preseeded,graph_chain,1000,999,20,24146754,0,0,1001
pure_machine_events_preseeded,graph_chain,1000,999,21,23827957,0,0,1001
pure_machine_events_preseeded,graph_chain,1000,999,22,24000902,0,0,1001
pure_machine_events_preseeded,graph_chain,1000,999,23,23821197,0,0,1001
pure_machine_events_preseeded,graph_chain,1000,999,24,23793067,0,0,1001
pure_machine_events_preseeded,graph_chain,1000,999,25,23902345,0,0,1001
pure_machine_events_preseeded,graph_chain,1000,999,26,23758586,0,0,1001
pure_machine_events_preseeded,graph_chain,1000,999,27,23709920,0,0,1001
pure_machine_events_preseeded,graph_chain,1000,999,28,23732642,0,0,1001
pure_machine_events_preseeded,graph_chain,1000,999,29,23715808,0,0,1001
pure_machine_events_preseeded,graph_chain,1000,999,30,23831197,0,0,1001
pure_machine_events_preseeded,graph_chain,1000,999,31,23876698,0,0,1001
pure_machine_events_preseeded,graph_chain,1000,999,32,23710364,0,0,1001
pure_machine_events_preseeded,graph_chain,1000,999,33,23822364,0,0,1001
pure_machine_events_preseeded,graph_chain,1000,999,34,23849179,0,0,1001
pure_machine_events_preseeded,graph_chain,1000,999,35,23811827,0,0,1001
pure_machine_events_preseeded,graph_chain,1000,999,36,23761364,0,0,1001
pure_machine_events_preseeded,graph_chain,1000,999,37,23718678,0,0,1001
pure_machine_events_preseeded,graph_chain,1000,999,38,23633401,0,0,1001
pure_machine_events_preseeded,graph_chain,1000,999,39,23825105,0,0,1001
fixture_generation,graph_wide,1000,999,0,156686,0,0,5000
fixture_generation,graph_wide,1000,999,1,156482,0,0,5000
fixture_generation,graph_wide,1000,999,2,156316,0,0,5000
fixture_generation,graph_wide,1000,999,3,156353,0,0,5000
fixture_generation,graph_wide,1000,999,4,156427,0,0,5000
fixture_generation,graph_wide,1000,999,5,156204,0,0,5000
fixture_generation,graph_wide,1000,999,6,156575,0,0,5000
fixture_generation,graph_wide,1000,999,7,156260,0,0,5000
fixture_generation,graph_wide,1000,999,8,156427,0,0,5000
fixture_generation,graph_wide,1000,999,9,156315,0,0,5000
fixture_generation,graph_wide,1000,999,10,156464,0,0,5000
fixture_generation,graph_wide,1000,999,11,156427,0,0,5000
fixture_generation,graph_wide,1000,999,12,156482,0,0,5000
fixture_generation,graph_wide,1000,999,13,156834,0,0,5000
fixture_generation,graph_wide,1000,999,14,156889,0,0,5000
fixture_generation,graph_wide,1000,999,15,156223,0,0,5000
fixture_generation,graph_wide,1000,999,16,155742,0,0,5000
fixture_generation,graph_wide,1000,999,17,155852,0,0,5000
fixture_generation,graph_wide,1000,999,18,156371,0,0,5000
fixture_generation,graph_wide,1000,999,19,156260,0,0,5000
plan_build,graph_wide,1000,999,0,5258556,0,0,10
plan_build,graph_wide,1000,999,1,5145667,0,0,10
plan_build,graph_wide,1000,999,2,5095723,0,0,10
plan_build,graph_wide,1000,999,3,5162667,0,0,10
plan_build,graph_wide,1000,999,4,5102611,0,0,10
plan_build,graph_wide,1000,999,5,5101352,0,0,10
plan_build,graph_wide,1000,999,6,5122185,0,0,10
plan_build,graph_wide,1000,999,7,5101185,0,0,10
plan_build,graph_wide,1000,999,8,5088315,0,0,10
plan_build,graph_wide,1000,999,9,5092907,0,0,10
plan_build,graph_wide,1000,999,10,5337037,0,0,10
plan_build,graph_wide,1000,999,11,5128889,0,0,10
plan_build,graph_wide,1000,999,12,5108759,0,0,10
plan_build,graph_wide,1000,999,13,5109425,0,0,10
plan_build,graph_wide,1000,999,14,5199963,0,0,10
plan_build,graph_wide,1000,999,15,5241463,0,0,10
plan_build,graph_wide,1000,999,16,5272574,0,0,10
plan_build,graph_wide,1000,999,17,5162556,0,0,10
plan_build,graph_wide,1000,999,18,5121778,0,0,10
plan_build,graph_wide,1000,999,19,5110333,0,0,10
plan_build_alloc,graph_wide,1000,999,0,0,11106,2511641,10
engine_execution,graph_wide,1000,999,0,19360255,0,0,998
engine_execution,graph_wide,1000,999,1,19300015,0,0,999
engine_execution,graph_wide,1000,999,2,19159958,0,0,996
engine_execution,graph_wide,1000,999,3,19861924,0,0,997
engine_execution,graph_wide,1000,999,4,19724905,0,0,994
engine_execution,graph_wide,1000,999,5,19178959,0,0,995
engine_execution,graph_wide,1000,999,6,19188217,0,0,992
engine_execution,graph_wide,1000,999,7,19216792,0,0,993
engine_execution,graph_wide,1000,999,8,19146995,0,0,1006
engine_execution,graph_wide,1000,999,9,19212495,0,0,1007
engine_execution,graph_wide,1000,999,10,19212754,0,0,1004
engine_execution,graph_wide,1000,999,11,19199829,0,0,1005
engine_execution,graph_wide,1000,999,12,19124440,0,0,1002
engine_execution,graph_wide,1000,999,13,19094014,0,0,1003
engine_execution,graph_wide,1000,999,14,19113717,0,0,1000
engine_execution,graph_wide,1000,999,15,19301236,0,0,1001
engine_execution,graph_wide,1000,999,16,19801275,0,0,1014
engine_execution,graph_wide,1000,999,17,19176421,0,0,1015
engine_execution,graph_wide,1000,999,18,19562811,0,0,1012
engine_execution,graph_wide,1000,999,19,19395311,0,0,1013
engine_execution,graph_wide,1000,999,20,19128514,0,0,1010
engine_execution,graph_wide,1000,999,21,19055865,0,0,1011
engine_execution,graph_wide,1000,999,22,19199273,0,0,1008
engine_execution,graph_wide,1000,999,23,19273125,0,0,1009
engine_execution,graph_wide,1000,999,24,19149792,0,0,1022
engine_execution,graph_wide,1000,999,25,21155910,0,0,1023
engine_execution,graph_wide,1000,999,26,19585608,0,0,1020
engine_execution,graph_wide,1000,999,27,19097125,0,0,1021
engine_execution,graph_wide,1000,999,28,19789054,0,0,1018
engine_execution,graph_wide,1000,999,29,19851646,0,0,1019
engine_execution,graph_wide,1000,999,30,19114903,0,0,1016
engine_execution,graph_wide,1000,999,31,19687998,0,0,1017
engine_execution,graph_wide,1000,999,32,19230977,0,0,966
engine_execution,graph_wide,1000,999,33,19182681,0,0,967
engine_execution,graph_wide,1000,999,34,19251792,0,0,964
engine_execution,graph_wide,1000,999,35,19154606,0,0,965
engine_execution,graph_wide,1000,999,36,19227051,0,0,962
engine_execution,graph_wide,1000,999,37,19113680,0,0,963
engine_execution,graph_wide,1000,999,38,19324625,0,0,960
engine_execution,graph_wide,1000,999,39,19131384,0,0,961
engine_execution_alloc,graph_wide,1000,999,0,0,49161,11818551,22972
machine_state_setup,graph_wide,1000,999,0,197538,0,0,1000
body_state_setup,graph_wide,1000,999,0,4944,0,0,0
machine_state_setup,graph_wide,1000,999,1,150334,0,0,1000
body_state_setup,graph_wide,1000,999,1,2629,0,0,0
machine_state_setup,graph_wide,1000,999,2,140352,0,0,1000
body_state_setup,graph_wide,1000,999,2,2500,0,0,0
machine_state_setup,graph_wide,1000,999,3,138667,0,0,1000
body_state_setup,graph_wide,1000,999,3,2426,0,0,0
machine_state_setup,graph_wide,1000,999,4,140056,0,0,1000
body_state_setup,graph_wide,1000,999,4,2444,0,0,0
machine_state_setup,graph_wide,1000,999,5,139315,0,0,1000
body_state_setup,graph_wide,1000,999,5,2297,0,0,0
machine_state_setup,graph_wide,1000,999,6,138760,0,0,1000
body_state_setup,graph_wide,1000,999,6,2462,0,0,0
machine_state_setup,graph_wide,1000,999,7,137982,0,0,1000
body_state_setup,graph_wide,1000,999,7,2388,0,0,0
machine_state_setup,graph_wide,1000,999,8,140112,0,0,1000
body_state_setup,graph_wide,1000,999,8,2482,0,0,0
machine_state_setup,graph_wide,1000,999,9,139463,0,0,1000
body_state_setup,graph_wide,1000,999,9,2315,0,0,0
machine_state_setup,graph_wide,1000,999,10,137927,0,0,1000
body_state_setup,graph_wide,1000,999,10,2389,0,0,0
machine_state_setup,graph_wide,1000,999,11,138390,0,0,1000
body_state_setup,graph_wide,1000,999,11,2648,0,0,0
machine_state_setup,graph_wide,1000,999,12,137130,0,0,1000
body_state_setup,graph_wide,1000,999,12,2352,0,0,0
machine_state_setup,graph_wide,1000,999,13,138112,0,0,1000
body_state_setup,graph_wide,1000,999,13,2482,0,0,0
machine_state_setup,graph_wide,1000,999,14,137482,0,0,1000
body_state_setup,graph_wide,1000,999,14,2334,0,0,0
machine_state_setup,graph_wide,1000,999,15,137760,0,0,1000
body_state_setup,graph_wide,1000,999,15,2333,0,0,0
machine_state_setup,graph_wide,1000,999,16,137574,0,0,1000
body_state_setup,graph_wide,1000,999,16,2352,0,0,0
machine_state_setup,graph_wide,1000,999,17,138760,0,0,1000
body_state_setup,graph_wide,1000,999,17,2334,0,0,0
machine_state_setup,graph_wide,1000,999,18,137704,0,0,1000
body_state_setup,graph_wide,1000,999,18,2352,0,0,0
machine_state_setup,graph_wide,1000,999,19,137500,0,0,1000
body_state_setup,graph_wide,1000,999,19,2408,0,0,0
machine_state_setup,graph_wide,1000,999,20,146316,0,0,1000
body_state_setup,graph_wide,1000,999,20,2463,0,0,0
machine_state_setup,graph_wide,1000,999,21,137556,0,0,1000
body_state_setup,graph_wide,1000,999,21,2352,0,0,0
machine_state_setup,graph_wide,1000,999,22,137630,0,0,1000
body_state_setup,graph_wide,1000,999,22,2334,0,0,0
machine_state_setup,graph_wide,1000,999,23,137722,0,0,1000
body_state_setup,graph_wide,1000,999,23,2408,0,0,0
machine_state_setup,graph_wide,1000,999,24,137242,0,0,1000
body_state_setup,graph_wide,1000,999,24,2315,0,0,0
machine_state_setup,graph_wide,1000,999,25,137001,0,0,1000
body_state_setup,graph_wide,1000,999,25,2407,0,0,0
machine_state_setup,graph_wide,1000,999,26,137259,0,0,1000
body_state_setup,graph_wide,1000,999,26,2333,0,0,0
machine_state_setup,graph_wide,1000,999,27,137501,0,0,1000
body_state_setup,graph_wide,1000,999,27,3167,0,0,0
machine_state_setup,graph_wide,1000,999,28,137519,0,0,1000
body_state_setup,graph_wide,1000,999,28,2389,0,0,0
machine_state_setup,graph_wide,1000,999,29,136612,0,0,1000
body_state_setup,graph_wide,1000,999,29,2426,0,0,0
machine_state_setup,graph_wide,1000,999,30,137037,0,0,1000
body_state_setup,graph_wide,1000,999,30,2388,0,0,0
machine_state_setup,graph_wide,1000,999,31,136981,0,0,1000
body_state_setup,graph_wide,1000,999,31,2277,0,0,0
machine_state_setup,graph_wide,1000,999,32,137297,0,0,1000
body_state_setup,graph_wide,1000,999,32,2352,0,0,0
machine_state_setup,graph_wide,1000,999,33,137296,0,0,1000
body_state_setup,graph_wide,1000,999,33,2241,0,0,0
machine_state_setup,graph_wide,1000,999,34,136834,0,0,1000
body_state_setup,graph_wide,1000,999,34,3037,0,0,0
machine_state_setup,graph_wide,1000,999,35,136612,0,0,1000
body_state_setup,graph_wide,1000,999,35,2222,0,0,0
machine_state_setup,graph_wide,1000,999,36,137204,0,0,1000
body_state_setup,graph_wide,1000,999,36,2296,0,0,0
machine_state_setup,graph_wide,1000,999,37,137408,0,0,1000
body_state_setup,graph_wide,1000,999,37,2222,0,0,0
machine_state_setup,graph_wide,1000,999,38,137630,0,0,1000
body_state_setup,graph_wide,1000,999,38,2278,0,0,0
machine_state_setup,graph_wide,1000,999,39,136723,0,0,1000
body_state_setup,graph_wide,1000,999,39,2278,0,0,0
fixture_generation,graph_sparse,1000,999,0,158315,0,0,5000
fixture_generation,graph_sparse,1000,999,1,157926,0,0,5000
fixture_generation,graph_sparse,1000,999,2,157686,0,0,5000
fixture_generation,graph_sparse,1000,999,3,164038,0,0,5000
fixture_generation,graph_sparse,1000,999,4,158871,0,0,5000
fixture_generation,graph_sparse,1000,999,5,158297,0,0,5000
fixture_generation,graph_sparse,1000,999,6,157945,0,0,5000
fixture_generation,graph_sparse,1000,999,7,158093,0,0,5000
fixture_generation,graph_sparse,1000,999,8,158111,0,0,5000
fixture_generation,graph_sparse,1000,999,9,158148,0,0,5000
fixture_generation,graph_sparse,1000,999,10,158185,0,0,5000
fixture_generation,graph_sparse,1000,999,11,158334,0,0,5000
fixture_generation,graph_sparse,1000,999,12,157945,0,0,5000
fixture_generation,graph_sparse,1000,999,13,157926,0,0,5000
fixture_generation,graph_sparse,1000,999,14,158278,0,0,5000
fixture_generation,graph_sparse,1000,999,15,158279,0,0,5000
fixture_generation,graph_sparse,1000,999,16,157630,0,0,5000
fixture_generation,graph_sparse,1000,999,17,158204,0,0,5000
fixture_generation,graph_sparse,1000,999,18,158223,0,0,5000
fixture_generation,graph_sparse,1000,999,19,158204,0,0,5000
plan_build,graph_sparse,1000,999,0,4694962,0,0,12
plan_build,graph_sparse,1000,999,1,4650146,0,0,12
plan_build,graph_sparse,1000,999,2,4783240,0,0,12
plan_build,graph_sparse,1000,999,3,4758925,0,0,12
plan_build,graph_sparse,1000,999,4,4637239,0,0,12
plan_build,graph_sparse,1000,999,5,4637535,0,0,12
plan_build,graph_sparse,1000,999,6,4635220,0,0,12
plan_build,graph_sparse,1000,999,7,4613313,0,0,12
plan_build,graph_sparse,1000,999,8,4657313,0,0,12
plan_build,graph_sparse,1000,999,9,4611720,0,0,12
plan_build,graph_sparse,1000,999,10,4614035,0,0,12
plan_build,graph_sparse,1000,999,11,4614276,0,0,12
plan_build,graph_sparse,1000,999,12,4620794,0,0,12
plan_build,graph_sparse,1000,999,13,4615979,0,0,12
plan_build,graph_sparse,1000,999,14,4641017,0,0,12
plan_build,graph_sparse,1000,999,15,4621998,0,0,12
plan_build,graph_sparse,1000,999,16,4611239,0,0,12
plan_build,graph_sparse,1000,999,17,4600998,0,0,12
plan_build,graph_sparse,1000,999,18,4624183,0,0,12
plan_build,graph_sparse,1000,999,19,4600517,0,0,12
plan_build_alloc,graph_sparse,1000,999,0,0,11597,2511293,12
engine_execution,graph_sparse,1000,999,0,27309784,0,0,697
engine_execution,graph_sparse,1000,999,1,27239654,0,0,696
engine_execution,graph_sparse,1000,999,2,27287135,0,0,699
engine_execution,graph_sparse,1000,999,3,27370655,0,0,698
engine_execution,graph_sparse,1000,999,4,27773471,0,0,701
engine_execution,graph_sparse,1000,999,5,27245487,0,0,700
engine_execution,graph_sparse,1000,999,6,27386470,0,0,703
engine_execution,graph_sparse,1000,999,7,27897823,0,0,702
engine_execution,graph_sparse,1000,999,8,27338581,0,0,689
engine_execution,graph_sparse,1000,999,9,27246025,0,0,688
engine_execution,graph_sparse,1000,999,10,27166969,0,0,691
engine_execution,graph_sparse,1000,999,11,27198598,0,0,690
engine_execution,graph_sparse,1000,999,12,27160283,0,0,693
engine_execution,graph_sparse,1000,999,13,28553937,0,0,692
engine_execution,graph_sparse,1000,999,14,27353025,0,0,695
engine_execution,graph_sparse,1000,999,15,27356970,0,0,694
engine_execution,graph_sparse,1000,999,16,27966638,0,0,681
engine_execution,graph_sparse,1000,999,17,27871749,0,0,680
engine_execution,graph_sparse,1000,999,18,27385100,0,0,683
engine_execution,graph_sparse,1000,999,19,27286821,0,0,682
engine_execution,graph_sparse,1000,999,20,27312692,0,0,685
engine_execution,graph_sparse,1000,999,21,27317543,0,0,684
engine_execution,graph_sparse,1000,999,22,27554878,0,0,687
engine_execution,graph_sparse,1000,999,23,27436081,0,0,686
engine_execution,graph_sparse,1000,999,24,27375988,0,0,673
engine_execution,graph_sparse,1000,999,25,27899916,0,0,672
engine_execution,graph_sparse,1000,999,26,27420470,0,0,675
engine_execution,graph_sparse,1000,999,27,27328432,0,0,674
engine_execution,graph_sparse,1000,999,28,27298692,0,0,677
engine_execution,graph_sparse,1000,999,29,27409618,0,0,676
engine_execution,graph_sparse,1000,999,30,27301877,0,0,679
engine_execution,graph_sparse,1000,999,31,27441803,0,0,678
engine_execution,graph_sparse,1000,999,32,27869267,0,0,665
engine_execution,graph_sparse,1000,999,33,27350692,0,0,664
engine_execution,graph_sparse,1000,999,34,27951231,0,0,667
engine_execution,graph_sparse,1000,999,35,28059102,0,0,666
engine_execution,graph_sparse,1000,999,36,27519470,0,0,669
engine_execution,graph_sparse,1000,999,37,27364433,0,0,668
engine_execution,graph_sparse,1000,999,38,27288802,0,0,671
engine_execution,graph_sparse,1000,999,39,27137894,0,0,670
engine_execution_alloc,graph_sparse,1000,999,0,0,51106,15733193,22755
machine_state_setup,graph_sparse,1000,999,0,213482,0,0,1000
body_state_setup,graph_sparse,1000,999,0,6037,0,0,0
machine_state_setup,graph_sparse,1000,999,1,158000,0,0,1000
body_state_setup,graph_sparse,1000,999,1,3907,0,0,0
machine_state_setup,graph_sparse,1000,999,2,139667,0,0,1000
body_state_setup,graph_sparse,1000,999,2,2593,0,0,0
machine_state_setup,graph_sparse,1000,999,3,140260,0,0,1000
body_state_setup,graph_sparse,1000,999,3,2500,0,0,0
machine_state_setup,graph_sparse,1000,999,4,139408,0,0,1000
body_state_setup,graph_sparse,1000,999,4,2574,0,0,0
machine_state_setup,graph_sparse,1000,999,5,139982,0,0,1000
body_state_setup,graph_sparse,1000,999,5,2722,0,0,0
machine_state_setup,graph_sparse,1000,999,6,140371,0,0,1000
body_state_setup,graph_sparse,1000,999,6,2481,0,0,0
machine_state_setup,graph_sparse,1000,999,7,139111,0,0,1000
body_state_setup,graph_sparse,1000,999,7,2704,0,0,0
machine_state_setup,graph_sparse,1000,999,8,139704,0,0,1000
body_state_setup,graph_sparse,1000,999,8,2500,0,0,0
machine_state_setup,graph_sparse,1000,999,9,137649,0,0,1000
body_state_setup,graph_sparse,1000,999,9,2500,0,0,0
machine_state_setup,graph_sparse,1000,999,10,137611,0,0,1000
body_state_setup,graph_sparse,1000,999,10,2482,0,0,0
machine_state_setup,graph_sparse,1000,999,11,149796,0,0,1000
body_state_setup,graph_sparse,1000,999,11,2889,0,0,0
machine_state_setup,graph_sparse,1000,999,12,139889,0,0,1000
body_state_setup,graph_sparse,1000,999,12,2482,0,0,0
machine_state_setup,graph_sparse,1000,999,13,137982,0,0,1000
body_state_setup,graph_sparse,1000,999,13,2445,0,0,0
machine_state_setup,graph_sparse,1000,999,14,137778,0,0,1000
body_state_setup,graph_sparse,1000,999,14,2500,0,0,0
machine_state_setup,graph_sparse,1000,999,15,136704,0,0,1000
body_state_setup,graph_sparse,1000,999,15,2389,0,0,0
machine_state_setup,graph_sparse,1000,999,16,138519,0,0,1000
body_state_setup,graph_sparse,1000,999,16,2426,0,0,0
machine_state_setup,graph_sparse,1000,999,17,138463,0,0,1000
body_state_setup,graph_sparse,1000,999,17,2408,0,0,0
machine_state_setup,graph_sparse,1000,999,18,137630,0,0,1000
body_state_setup,graph_sparse,1000,999,18,2463,0,0,0
machine_state_setup,graph_sparse,1000,999,19,138297,0,0,1000
body_state_setup,graph_sparse,1000,999,19,2463,0,0,0
machine_state_setup,graph_sparse,1000,999,20,138538,0,0,1000
body_state_setup,graph_sparse,1000,999,20,2407,0,0,0
machine_state_setup,graph_sparse,1000,999,21,137964,0,0,1000
body_state_setup,graph_sparse,1000,999,21,2370,0,0,0
machine_state_setup,graph_sparse,1000,999,22,137704,0,0,1000
body_state_setup,graph_sparse,1000,999,22,2463,0,0,0
machine_state_setup,graph_sparse,1000,999,23,138389,0,0,1000
body_state_setup,graph_sparse,1000,999,23,2352,0,0,0
machine_state_setup,graph_sparse,1000,999,24,137297,0,0,1000
body_state_setup,graph_sparse,1000,999,24,2463,0,0,0
machine_state_setup,graph_sparse,1000,999,25,137278,0,0,1000
body_state_setup,graph_sparse,1000,999,25,2593,0,0,0
machine_state_setup,graph_sparse,1000,999,26,137704,0,0,1000
body_state_setup,graph_sparse,1000,999,26,2519,0,0,0
machine_state_setup,graph_sparse,1000,999,27,138185,0,0,1000
body_state_setup,graph_sparse,1000,999,27,2593,0,0,0
machine_state_setup,graph_sparse,1000,999,28,137223,0,0,1000
body_state_setup,graph_sparse,1000,999,28,3315,0,0,0
machine_state_setup,graph_sparse,1000,999,29,137037,0,0,1000
body_state_setup,graph_sparse,1000,999,29,2611,0,0,0
machine_state_setup,graph_sparse,1000,999,30,137612,0,0,1000
body_state_setup,graph_sparse,1000,999,30,2444,0,0,0
machine_state_setup,graph_sparse,1000,999,31,137630,0,0,1000
body_state_setup,graph_sparse,1000,999,31,2611,0,0,0
machine_state_setup,graph_sparse,1000,999,32,136704,0,0,1000
body_state_setup,graph_sparse,1000,999,32,2463,0,0,0
machine_state_setup,graph_sparse,1000,999,33,138371,0,0,1000
body_state_setup,graph_sparse,1000,999,33,2426,0,0,0
machine_state_setup,graph_sparse,1000,999,34,137685,0,0,1000
body_state_setup,graph_sparse,1000,999,34,2444,0,0,0
machine_state_setup,graph_sparse,1000,999,35,136685,0,0,1000
body_state_setup,graph_sparse,1000,999,35,2389,0,0,0
machine_state_setup,graph_sparse,1000,999,36,138000,0,0,1000
body_state_setup,graph_sparse,1000,999,36,2500,0,0,0
machine_state_setup,graph_sparse,1000,999,37,138149,0,0,1000
body_state_setup,graph_sparse,1000,999,37,2482,0,0,0
machine_state_setup,graph_sparse,1000,999,38,138001,0,0,1000
body_state_setup,graph_sparse,1000,999,38,2574,0,0,0
machine_state_setup,graph_sparse,1000,999,39,137927,0,0,1000
body_state_setup,graph_sparse,1000,999,39,2407,0,0,0
fixture_generation,tiny_yield_chain,1,0,0,1907,0,0,5
fixture_generation,tiny_yield_chain,1,0,1,370,0,0,5
fixture_generation,tiny_yield_chain,1,0,2,297,0,0,5
fixture_generation,tiny_yield_chain,1,0,3,482,0,0,5
fixture_generation,tiny_yield_chain,1,0,4,630,0,0,5
fixture_generation,tiny_yield_chain,1,0,5,260,0,0,5
fixture_generation,tiny_yield_chain,1,0,6,926,0,0,5
fixture_generation,tiny_yield_chain,1,0,7,203,0,0,5
fixture_generation,tiny_yield_chain,1,0,8,222,0,0,5
fixture_generation,tiny_yield_chain,1,0,9,333,0,0,5
fixture_generation,tiny_yield_chain,1,0,10,222,0,0,5
fixture_generation,tiny_yield_chain,1,0,11,204,0,0,5
fixture_generation,tiny_yield_chain,1,0,12,203,0,0,5
fixture_generation,tiny_yield_chain,1,0,13,222,0,0,5
fixture_generation,tiny_yield_chain,1,0,14,296,0,0,5
fixture_generation,tiny_yield_chain,1,0,15,203,0,0,5
fixture_generation,tiny_yield_chain,1,0,16,204,0,0,5
fixture_generation,tiny_yield_chain,1,0,17,240,0,0,5
fixture_generation,tiny_yield_chain,1,0,18,222,0,0,5
fixture_generation,tiny_yield_chain,1,0,19,259,0,0,5
plan_build,tiny_yield_chain,1,0,0,36018,0,0,11
plan_build,tiny_yield_chain,1,0,1,3203,0,0,11
plan_build,tiny_yield_chain,1,0,2,3167,0,0,11
plan_build,tiny_yield_chain,1,0,3,2500,0,0,11
plan_build,tiny_yield_chain,1,0,4,2500,0,0,11
plan_build,tiny_yield_chain,1,0,5,2463,0,0,11
plan_build,tiny_yield_chain,1,0,6,2537,0,0,11
plan_build,tiny_yield_chain,1,0,7,2518,0,0,11
plan_build,tiny_yield_chain,1,0,8,2556,0,0,11
plan_build,tiny_yield_chain,1,0,9,2519,0,0,11
plan_build,tiny_yield_chain,1,0,10,2667,0,0,11
plan_build,tiny_yield_chain,1,0,11,2686,0,0,11
plan_build,tiny_yield_chain,1,0,12,2611,0,0,11
plan_build,tiny_yield_chain,1,0,13,3296,0,0,11
plan_build,tiny_yield_chain,1,0,14,2537,0,0,11
plan_build,tiny_yield_chain,1,0,15,2463,0,0,11
plan_build,tiny_yield_chain,1,0,16,2482,0,0,11
plan_build,tiny_yield_chain,1,0,17,2481,0,0,11
plan_build,tiny_yield_chain,1,0,18,2518,0,0,11
plan_build,tiny_yield_chain,1,0,19,2463,0,0,11
plan_build_alloc,tiny_yield_chain,1,0,0,0,36,6722,11
engine_execution,tiny_yield_chain,1,0,0,10926,0,0,1
engine_execution,tiny_yield_chain,1,0,1,11074,0,0,0
engine_execution,tiny_yield_chain,1,0,2,10889,0,0,3
engine_execution,tiny_yield_chain,1,0,3,10889,0,0,2
engine_execution,tiny_yield_chain,1,0,4,10982,0,0,5
engine_execution,tiny_yield_chain,1,0,5,11111,0,0,4
engine_execution,tiny_yield_chain,1,0,6,11018,0,0,7
engine_execution,tiny_yield_chain,1,0,7,11130,0,0,6
engine_execution,tiny_yield_chain,1,0,8,11574,0,0,9
engine_execution,tiny_yield_chain,1,0,9,11482,0,0,8
engine_execution,tiny_yield_chain,1,0,10,11315,0,0,11
engine_execution,tiny_yield_chain,1,0,11,11167,0,0,10
engine_execution,tiny_yield_chain,1,0,12,11222,0,0,13
engine_execution,tiny_yield_chain,1,0,13,11334,0,0,12
engine_execution,tiny_yield_chain,1,0,14,11556,0,0,15
engine_execution,tiny_yield_chain,1,0,15,11112,0,0,14
engine_execution,tiny_yield_chain,1,0,16,11315,0,0,17
engine_execution,tiny_yield_chain,1,0,17,11259,0,0,16
engine_execution,tiny_yield_chain,1,0,18,11537,0,0,19
engine_execution,tiny_yield_chain,1,0,19,11203,0,0,18
engine_execution,tiny_yield_chain,1,0,20,11185,0,0,21
engine_execution,tiny_yield_chain,1,0,21,11315,0,0,20
engine_execution,tiny_yield_chain,1,0,22,11241,0,0,23
engine_execution,tiny_yield_chain,1,0,23,11093,0,0,22
engine_execution,tiny_yield_chain,1,0,24,11130,0,0,25
engine_execution,tiny_yield_chain,1,0,25,11260,0,0,24
engine_execution,tiny_yield_chain,1,0,26,11166,0,0,27
engine_execution,tiny_yield_chain,1,0,27,11333,0,0,26
engine_execution,tiny_yield_chain,1,0,28,11204,0,0,29
engine_execution,tiny_yield_chain,1,0,29,11297,0,0,28
engine_execution,tiny_yield_chain,1,0,30,11093,0,0,31
engine_execution,tiny_yield_chain,1,0,31,11204,0,0,30
engine_execution,tiny_yield_chain,1,0,32,11186,0,0,33
engine_execution,tiny_yield_chain,1,0,33,11222,0,0,32
engine_execution,tiny_yield_chain,1,0,34,11314,0,0,35
engine_execution,tiny_yield_chain,1,0,35,11592,0,0,34
engine_execution,tiny_yield_chain,1,0,36,11185,0,0,37
engine_execution,tiny_yield_chain,1,0,37,11167,0,0,36
engine_execution,tiny_yield_chain,1,0,38,11204,0,0,39
engine_execution,tiny_yield_chain,1,0,39,11166,0,0,38
engine_execution_alloc,tiny_yield_chain,1,0,0,0,99,11332,23131
machine_state_setup,tiny_yield_chain,1,0,0,722,0,0,1
body_state_setup,tiny_yield_chain,1,0,0,593,0,0,0
machine_state_setup,tiny_yield_chain,1,0,1,481,0,0,1
body_state_setup,tiny_yield_chain,1,0,1,501,0,0,0
machine_state_setup,tiny_yield_chain,1,0,2,426,0,0,1
body_state_setup,tiny_yield_chain,1,0,2,426,0,0,0
machine_state_setup,tiny_yield_chain,1,0,3,408,0,0,1
body_state_setup,tiny_yield_chain,1,0,3,500,0,0,0
machine_state_setup,tiny_yield_chain,1,0,4,389,0,0,1
body_state_setup,tiny_yield_chain,1,0,4,444,0,0,0
machine_state_setup,tiny_yield_chain,1,0,5,463,0,0,1
body_state_setup,tiny_yield_chain,1,0,5,481,0,0,0
machine_state_setup,tiny_yield_chain,1,0,6,426,0,0,1
body_state_setup,tiny_yield_chain,1,0,6,445,0,0,0
machine_state_setup,tiny_yield_chain,1,0,7,426,0,0,1
body_state_setup,tiny_yield_chain,1,0,7,445,0,0,0
machine_state_setup,tiny_yield_chain,1,0,8,407,0,0,1
body_state_setup,tiny_yield_chain,1,0,8,426,0,0,0
machine_state_setup,tiny_yield_chain,1,0,9,371,0,0,1
body_state_setup,tiny_yield_chain,1,0,9,463,0,0,0
machine_state_setup,tiny_yield_chain,1,0,10,370,0,0,1
body_state_setup,tiny_yield_chain,1,0,10,1111,0,0,0
machine_state_setup,tiny_yield_chain,1,0,11,371,0,0,1
body_state_setup,tiny_yield_chain,1,0,11,482,0,0,0
machine_state_setup,tiny_yield_chain,1,0,12,389,0,0,1
body_state_setup,tiny_yield_chain,1,0,12,518,0,0,0
machine_state_setup,tiny_yield_chain,1,0,13,463,0,0,1
body_state_setup,tiny_yield_chain,1,0,13,500,0,0,0
machine_state_setup,tiny_yield_chain,1,0,14,370,0,0,1
body_state_setup,tiny_yield_chain,1,0,14,407,0,0,0
machine_state_setup,tiny_yield_chain,1,0,15,351,0,0,1
body_state_setup,tiny_yield_chain,1,0,15,518,0,0,0
machine_state_setup,tiny_yield_chain,1,0,16,352,0,0,1
body_state_setup,tiny_yield_chain,1,0,16,389,0,0,0
machine_state_setup,tiny_yield_chain,1,0,17,315,0,0,1
body_state_setup,tiny_yield_chain,1,0,17,519,0,0,0
machine_state_setup,tiny_yield_chain,1,0,18,352,0,0,1
body_state_setup,tiny_yield_chain,1,0,18,371,0,0,0
machine_state_setup,tiny_yield_chain,1,0,19,315,0,0,1
body_state_setup,tiny_yield_chain,1,0,19,445,0,0,0
machine_state_setup,tiny_yield_chain,1,0,20,370,0,0,1
body_state_setup,tiny_yield_chain,1,0,20,426,0,0,0
machine_state_setup,tiny_yield_chain,1,0,21,315,0,0,1
body_state_setup,tiny_yield_chain,1,0,21,444,0,0,0
machine_state_setup,tiny_yield_chain,1,0,22,352,0,0,1
body_state_setup,tiny_yield_chain,1,0,22,371,0,0,0
machine_state_setup,tiny_yield_chain,1,0,23,315,0,0,1
body_state_setup,tiny_yield_chain,1,0,23,426,0,0,0
machine_state_setup,tiny_yield_chain,1,0,24,351,0,0,1
body_state_setup,tiny_yield_chain,1,0,24,407,0,0,0
machine_state_setup,tiny_yield_chain,1,0,25,315,0,0,1
body_state_setup,tiny_yield_chain,1,0,25,445,0,0,0
machine_state_setup,tiny_yield_chain,1,0,26,852,0,0,1
body_state_setup,tiny_yield_chain,1,0,26,389,0,0,0
machine_state_setup,tiny_yield_chain,1,0,27,315,0,0,1
body_state_setup,tiny_yield_chain,1,0,27,426,0,0,0
machine_state_setup,tiny_yield_chain,1,0,28,314,0,0,1
body_state_setup,tiny_yield_chain,1,0,28,407,0,0,0
machine_state_setup,tiny_yield_chain,1,0,29,315,0,0,1
body_state_setup,tiny_yield_chain,1,0,29,389,0,0,0
machine_state_setup,tiny_yield_chain,1,0,30,352,0,0,1
body_state_setup,tiny_yield_chain,1,0,30,389,0,0,0
machine_state_setup,tiny_yield_chain,1,0,31,351,0,0,1
body_state_setup,tiny_yield_chain,1,0,31,444,0,0,0
machine_state_setup,tiny_yield_chain,1,0,32,314,0,0,1
body_state_setup,tiny_yield_chain,1,0,32,371,0,0,0
machine_state_setup,tiny_yield_chain,1,0,33,315,0,0,1
body_state_setup,tiny_yield_chain,1,0,33,389,0,0,0
machine_state_setup,tiny_yield_chain,1,0,34,352,0,0,1
body_state_setup,tiny_yield_chain,1,0,34,370,0,0,0
machine_state_setup,tiny_yield_chain,1,0,35,314,0,0,1
body_state_setup,tiny_yield_chain,1,0,35,407,0,0,0
machine_state_setup,tiny_yield_chain,1,0,36,315,0,0,1
body_state_setup,tiny_yield_chain,1,0,36,370,0,0,0
machine_state_setup,tiny_yield_chain,1,0,37,315,0,0,1
body_state_setup,tiny_yield_chain,1,0,37,426,0,0,0
machine_state_setup,tiny_yield_chain,1,0,38,388,0,0,1
body_state_setup,tiny_yield_chain,1,0,38,407,0,0,0
machine_state_setup,tiny_yield_chain,1,0,39,315,0,0,1
body_state_setup,tiny_yield_chain,1,0,39,389,0,0,0
engine_execution,resource_normal,2,1,0,22167,0,0,0
engine_execution,resource_normal,2,1,1,22426,0,0,3
engine_execution,resource_normal,2,1,2,22333,0,0,2
engine_execution,resource_normal,2,1,3,22278,0,0,5
engine_execution,resource_normal,2,1,4,22537,0,0,4
engine_execution,resource_normal,2,1,5,22278,0,0,7
engine_execution,resource_normal,2,1,6,22297,0,0,6
engine_execution,resource_normal,2,1,7,22426,0,0,9
engine_execution,resource_normal,2,1,8,22704,0,0,8
engine_execution,resource_normal,2,1,9,22630,0,0,11
engine_execution,resource_normal,2,1,10,23000,0,0,10
engine_execution,resource_normal,2,1,11,22648,0,0,13
engine_execution,resource_normal,2,1,12,22667,0,0,12
engine_execution,resource_normal,2,1,13,22666,0,0,15
engine_execution,resource_normal,2,1,14,22482,0,0,14
engine_execution,resource_normal,2,1,15,22426,0,0,17
engine_execution,resource_normal,2,1,16,22500,0,0,16
engine_execution,resource_normal,2,1,17,22445,0,0,19
engine_execution,resource_normal,2,1,18,22296,0,0,18
engine_execution,resource_normal,2,1,19,22519,0,0,21
engine_execution,resource_normal,2,1,20,22278,0,0,20
engine_execution,resource_normal,2,1,21,22426,0,0,23
engine_execution,resource_normal,2,1,22,22296,0,0,22
engine_execution,resource_normal,2,1,23,22352,0,0,25
engine_execution,resource_normal,2,1,24,22241,0,0,24
engine_execution,resource_normal,2,1,25,22463,0,0,27
engine_execution,resource_normal,2,1,26,22500,0,0,26
engine_execution,resource_normal,2,1,27,22370,0,0,29
engine_execution,resource_normal,2,1,28,22481,0,0,28
engine_execution,resource_normal,2,1,29,22444,0,0,31
engine_execution,resource_normal,2,1,30,22204,0,0,30
engine_execution,resource_normal,2,1,31,22519,0,0,33
engine_execution,resource_normal,2,1,32,22352,0,0,32
engine_execution,resource_normal,2,1,33,22667,0,0,35
engine_execution,resource_normal,2,1,34,22296,0,0,34
engine_execution,resource_normal,2,1,35,22501,0,0,37
engine_execution,resource_normal,2,1,36,22129,0,0,36
engine_execution,resource_normal,2,1,37,22314,0,0,39
engine_execution,resource_normal,2,1,38,22204,0,0,38
engine_execution,resource_normal,2,1,39,22241,0,0,41
engine_execution_alloc,resource_normal,2,1,0,0,202,19130,23130
engine_execution,resource_release_failure,2,1,0,23648,0,0,1
engine_execution,resource_release_failure,2,1,1,23760,0,0,2
engine_execution,resource_release_failure,2,1,2,23852,0,0,3
engine_execution,resource_release_failure,2,1,3,23834,0,0,4
engine_execution,resource_release_failure,2,1,4,24000,0,0,5
engine_execution,resource_release_failure,2,1,5,23685,0,0,6
engine_execution,resource_release_failure,2,1,6,23870,0,0,7
engine_execution,resource_release_failure,2,1,7,23852,0,0,8
engine_execution,resource_release_failure,2,1,8,23741,0,0,9
engine_execution,resource_release_failure,2,1,9,23889,0,0,10
engine_execution,resource_release_failure,2,1,10,23833,0,0,11
engine_execution,resource_release_failure,2,1,11,23815,0,0,12
engine_execution,resource_release_failure,2,1,12,23982,0,0,13
engine_execution,resource_release_failure,2,1,13,23815,0,0,14
engine_execution,resource_release_failure,2,1,14,24315,0,0,15
engine_execution,resource_release_failure,2,1,15,23778,0,0,16
engine_execution,resource_release_failure,2,1,16,23852,0,0,17
engine_execution,resource_release_failure,2,1,17,23834,0,0,18
engine_execution,resource_release_failure,2,1,18,23667,0,0,19
engine_execution,resource_release_failure,2,1,19,23649,0,0,20
engine_execution,resource_release_failure,2,1,20,23833,0,0,21
engine_execution,resource_release_failure,2,1,21,23704,0,0,22
engine_execution,resource_release_failure,2,1,22,23556,0,0,23
engine_execution,resource_release_failure,2,1,23,23833,0,0,24
engine_execution,resource_release_failure,2,1,24,23482,0,0,25
engine_execution,resource_release_failure,2,1,25,23704,0,0,26
engine_execution,resource_release_failure,2,1,26,23685,0,0,27
engine_execution,resource_release_failure,2,1,27,23501,0,0,28
engine_execution,resource_release_failure,2,1,28,23666,0,0,29
engine_execution,resource_release_failure,2,1,29,23574,0,0,30
engine_execution,resource_release_failure,2,1,30,23685,0,0,31
engine_execution,resource_release_failure,2,1,31,23908,0,0,32
engine_execution,resource_release_failure,2,1,32,24500,0,0,33
engine_execution,resource_release_failure,2,1,33,23704,0,0,34
engine_execution,resource_release_failure,2,1,34,23907,0,0,35
engine_execution,resource_release_failure,2,1,35,23722,0,0,36
engine_execution,resource_release_failure,2,1,36,23982,0,0,37
engine_execution,resource_release_failure,2,1,37,23648,0,0,38
engine_execution,resource_release_failure,2,1,38,23704,0,0,39
engine_execution,resource_release_failure,2,1,39,23537,0,0,40
engine_execution_alloc,resource_release_failure,2,1,0,0,212,19873,23131
engine_execution,resource_startup_failure,2,1,0,23352,0,0,3
engine_execution,resource_startup_failure,2,1,1,23352,0,0,3
engine_execution,resource_startup_failure,2,1,2,23463,0,0,3
engine_execution,resource_startup_failure,2,1,3,23389,0,0,3
engine_execution,resource_startup_failure,2,1,4,23482,0,0,3
engine_execution,resource_startup_failure,2,1,5,23296,0,0,3
engine_execution,resource_startup_failure,2,1,6,23426,0,0,3
engine_execution,resource_startup_failure,2,1,7,23778,0,0,3
engine_execution,resource_startup_failure,2,1,8,24167,0,0,3
engine_execution,resource_startup_failure,2,1,9,23408,0,0,3
engine_execution,resource_startup_failure,2,1,10,23630,0,0,3
engine_execution,resource_startup_failure,2,1,11,23481,0,0,3
engine_execution,resource_startup_failure,2,1,12,23592,0,0,3
engine_execution,resource_startup_failure,2,1,13,35723,0,0,3
engine_execution,resource_startup_failure,2,1,14,23926,0,0,3
engine_execution,resource_startup_failure,2,1,15,23648,0,0,3
engine_execution,resource_startup_failure,2,1,16,23556,0,0,3
engine_execution,resource_startup_failure,2,1,17,23352,0,0,3
engine_execution,resource_startup_failure,2,1,18,23259,0,0,3
engine_execution,resource_startup_failure,2,1,19,23482,0,0,3
engine_execution,resource_startup_failure,2,1,20,23907,0,0,3
engine_execution,resource_startup_failure,2,1,21,23685,0,0,3
engine_execution,resource_startup_failure,2,1,22,23685,0,0,3
engine_execution,resource_startup_failure,2,1,23,23148,0,0,3
engine_execution,resource_startup_failure,2,1,24,23296,0,0,3
engine_execution,resource_startup_failure,2,1,25,24315,0,0,3
engine_execution,resource_startup_failure,2,1,26,23278,0,0,3
engine_execution,resource_startup_failure,2,1,27,23370,0,0,3
engine_execution,resource_startup_failure,2,1,28,23389,0,0,3
engine_execution,resource_startup_failure,2,1,29,23648,0,0,3
engine_execution,resource_startup_failure,2,1,30,23334,0,0,3
engine_execution,resource_startup_failure,2,1,31,23426,0,0,3
engine_execution,resource_startup_failure,2,1,32,23463,0,0,3
engine_execution,resource_startup_failure,2,1,33,23611,0,0,3
engine_execution,resource_startup_failure,2,1,34,23445,0,0,3
engine_execution,resource_startup_failure,2,1,35,23352,0,0,3
engine_execution,resource_startup_failure,2,1,36,23371,0,0,3
engine_execution,resource_startup_failure,2,1,37,23871,0,0,3
engine_execution,resource_startup_failure,2,1,38,23241,0,0,3
engine_execution,resource_startup_failure,2,1,39,23537,0,0,3
engine_execution_alloc,resource_startup_failure,2,1,0,0,209,20177,3
engine_execution,resource_cleanup_error_upstream,3,1,0,34870,0,0,0
engine_execution,resource_cleanup_error_upstream,3,1,1,34704,0,0,1
engine_execution,resource_cleanup_error_upstream,3,1,2,34723,0,0,2
engine_execution,resource_cleanup_error_upstream,3,1,3,35148,0,0,3
engine_execution,resource_cleanup_error_upstream,3,1,4,35074,0,0,4
engine_execution,resource_cleanup_error_upstream,3,1,5,34907,0,0,5
engine_execution,resource_cleanup_error_upstream,3,1,6,34612,0,0,6
engine_execution,resource_cleanup_error_upstream,3,1,7,35093,0,0,7
engine_execution,resource_cleanup_error_upstream,3,1,8,35908,0,0,8
engine_execution,resource_cleanup_error_upstream,3,1,9,35278,0,0,9
engine_execution,resource_cleanup_error_upstream,3,1,10,35722,0,0,10
engine_execution,resource_cleanup_error_upstream,3,1,11,34889,0,0,11
engine_execution,resource_cleanup_error_upstream,3,1,12,35389,0,0,12
engine_execution,resource_cleanup_error_upstream,3,1,13,34815,0,0,13
engine_execution,resource_cleanup_error_upstream,3,1,14,34648,0,0,14
engine_execution,resource_cleanup_error_upstream,3,1,15,34204,0,0,15
engine_execution,resource_cleanup_error_upstream,3,1,16,34167,0,0,16
engine_execution,resource_cleanup_error_upstream,3,1,17,34352,0,0,17
engine_execution,resource_cleanup_error_upstream,3,1,18,35000,0,0,18
engine_execution,resource_cleanup_error_upstream,3,1,19,34333,0,0,19
engine_execution,resource_cleanup_error_upstream,3,1,20,33926,0,0,20
engine_execution,resource_cleanup_error_upstream,3,1,21,34166,0,0,21
engine_execution,resource_cleanup_error_upstream,3,1,22,34204,0,0,22
engine_execution,resource_cleanup_error_upstream,3,1,23,34963,0,0,23
engine_execution,resource_cleanup_error_upstream,3,1,24,34482,0,0,24
engine_execution,resource_cleanup_error_upstream,3,1,25,34629,0,0,25
engine_execution,resource_cleanup_error_upstream,3,1,26,33982,0,0,26
engine_execution,resource_cleanup_error_upstream,3,1,27,34611,0,0,27
engine_execution,resource_cleanup_error_upstream,3,1,28,35111,0,0,28
engine_execution,resource_cleanup_error_upstream,3,1,29,34796,0,0,29
engine_execution,resource_cleanup_error_upstream,3,1,30,34667,0,0,30
engine_execution,resource_cleanup_error_upstream,3,1,31,34278,0,0,31
engine_execution,resource_cleanup_error_upstream,3,1,32,34630,0,0,32
engine_execution,resource_cleanup_error_upstream,3,1,33,34797,0,0,33
engine_execution,resource_cleanup_error_upstream,3,1,34,34444,0,0,34
engine_execution,resource_cleanup_error_upstream,3,1,35,34407,0,0,35
engine_execution,resource_cleanup_error_upstream,3,1,36,34796,0,0,36
engine_execution,resource_cleanup_error_upstream,3,1,37,35537,0,0,37
engine_execution,resource_cleanup_error_upstream,3,1,38,34278,0,0,38
engine_execution,resource_cleanup_error_upstream,3,1,39,34593,0,0,39
engine_execution_alloc,resource_cleanup_error_upstream,3,1,0,0,314,25903,23130
engine_execution,resource_cancel_after_acquire,1,0,0,30852,0,0,3
engine_execution,resource_cancel_after_acquire,1,0,1,21333,0,0,3
engine_execution,resource_cancel_after_acquire,1,0,2,20871,0,0,3
engine_execution,resource_cancel_after_acquire,1,0,3,19982,0,0,3
engine_execution,resource_cancel_after_acquire,1,0,4,19851,0,0,3
engine_execution,resource_cancel_after_acquire,1,0,5,19888,0,0,3
engine_execution,resource_cancel_after_acquire,1,0,6,19518,0,0,3
engine_execution,resource_cancel_after_acquire,1,0,7,19612,0,0,3
engine_execution,resource_cancel_after_acquire,1,0,8,19908,0,0,3
engine_execution,resource_cancel_after_acquire,1,0,9,19741,0,0,3
engine_execution,resource_cancel_after_acquire,1,0,10,19666,0,0,3
engine_execution,resource_cancel_after_acquire,1,0,11,19389,0,0,3
engine_execution,resource_cancel_after_acquire,1,0,12,19611,0,0,3
engine_execution,resource_cancel_after_acquire,1,0,13,19593,0,0,3
engine_execution,resource_cancel_after_acquire,1,0,14,19500,0,0,3
engine_execution,resource_cancel_after_acquire,1,0,15,19612,0,0,3
engine_execution,resource_cancel_after_acquire,1,0,16,19167,0,0,3
engine_execution,resource_cancel_after_acquire,1,0,17,19759,0,0,3
engine_execution,resource_cancel_after_acquire,1,0,18,19612,0,0,3
engine_execution,resource_cancel_after_acquire,1,0,19,19537,0,0,3
engine_execution,resource_cancel_after_acquire,1,0,20,19296,0,0,3
engine_execution,resource_cancel_after_acquire,1,0,21,19278,0,0,3
engine_execution,resource_cancel_after_acquire,1,0,22,19037,0,0,3
engine_execution,resource_cancel_after_acquire,1,0,23,19278,0,0,3
engine_execution,resource_cancel_after_acquire,1,0,24,19092,0,0,3
engine_execution,resource_cancel_after_acquire,1,0,25,19407,0,0,3
engine_execution,resource_cancel_after_acquire,1,0,26,20074,0,0,3
engine_execution,resource_cancel_after_acquire,1,0,27,19297,0,0,3
engine_execution,resource_cancel_after_acquire,1,0,28,19204,0,0,3
engine_execution,resource_cancel_after_acquire,1,0,29,19371,0,0,3
engine_execution,resource_cancel_after_acquire,1,0,30,19222,0,0,3
engine_execution,resource_cancel_after_acquire,1,0,31,19204,0,0,3
engine_execution,resource_cancel_after_acquire,1,0,32,18926,0,0,3
engine_execution,resource_cancel_after_acquire,1,0,33,19408,0,0,3
engine_execution,resource_cancel_after_acquire,1,0,34,19074,0,0,3
engine_execution,resource_cancel_after_acquire,1,0,35,19537,0,0,3
engine_execution,resource_cancel_after_acquire,1,0,36,19501,0,0,3
engine_execution,resource_cancel_after_acquire,1,0,37,19444,0,0,3
engine_execution,resource_cancel_after_acquire,1,0,38,19148,0,0,3
engine_execution,resource_cancel_after_acquire,1,0,39,19537,0,0,3
engine_execution,effect_known_receipt,1,0,0,16166,0,0,1
engine_execution,effect_known_receipt,1,0,1,16444,0,0,0
engine_execution,effect_known_receipt,1,0,2,16740,0,0,3
engine_execution,effect_known_receipt,1,0,3,17001,0,0,2
engine_execution,effect_known_receipt,1,0,4,16426,0,0,5
engine_execution,effect_known_receipt,1,0,5,16722,0,0,4
engine_execution,effect_known_receipt,1,0,6,16611,0,0,7
engine_execution,effect_known_receipt,1,0,7,16574,0,0,6
engine_execution,effect_known_receipt,1,0,8,16482,0,0,9
engine_execution,effect_known_receipt,1,0,9,16333,0,0,8
engine_execution,effect_known_receipt,1,0,10,16260,0,0,11
engine_execution,effect_known_receipt,1,0,11,16278,0,0,10
engine_execution,effect_known_receipt,1,0,12,16926,0,0,13
engine_execution,effect_known_receipt,1,0,13,16445,0,0,12
engine_execution,effect_known_receipt,1,0,14,16593,0,0,15
engine_execution,effect_known_receipt,1,0,15,17407,0,0,14
engine_execution,effect_known_receipt,1,0,16,16518,0,0,17
engine_execution,effect_known_receipt,1,0,17,16500,0,0,16
engine_execution,effect_known_receipt,1,0,18,16297,0,0,19
engine_execution,effect_known_receipt,1,0,19,16500,0,0,18
engine_execution,effect_known_receipt,1,0,20,16611,0,0,21
engine_execution,effect_known_receipt,1,0,21,16555,0,0,20
engine_execution,effect_known_receipt,1,0,22,16666,0,0,23
engine_execution,effect_known_receipt,1,0,23,16759,0,0,22
engine_execution,effect_known_receipt,1,0,24,16611,0,0,25
engine_execution,effect_known_receipt,1,0,25,16537,0,0,24
engine_execution,effect_known_receipt,1,0,26,16371,0,0,27
engine_execution,effect_known_receipt,1,0,27,16352,0,0,26
engine_execution,effect_known_receipt,1,0,28,16592,0,0,29
engine_execution,effect_known_receipt,1,0,29,16222,0,0,28
engine_execution,effect_known_receipt,1,0,30,16241,0,0,31
engine_execution,effect_known_receipt,1,0,31,16611,0,0,30
engine_execution,effect_known_receipt,1,0,32,16352,0,0,33
engine_execution,effect_known_receipt,1,0,33,16130,0,0,32
engine_execution,effect_known_receipt,1,0,34,16314,0,0,35
engine_execution,effect_known_receipt,1,0,35,16370,0,0,34
engine_execution,effect_known_receipt,1,0,36,16370,0,0,37
engine_execution,effect_known_receipt,1,0,37,16370,0,0,36
engine_execution,effect_known_receipt,1,0,38,20741,0,0,39
engine_execution,effect_known_receipt,1,0,39,16981,0,0,38
engine_execution_alloc,effect_known_receipt,1,0,0,0,149,14802,23131
engine_execution,retry_one_failure,1,0,0,16759,0,0,1
engine_execution,retry_one_failure,1,0,1,16981,0,0,0
engine_execution,retry_one_failure,1,0,2,16722,0,0,3
engine_execution,retry_one_failure,1,0,3,16741,0,0,2
engine_execution,retry_one_failure,1,0,4,16963,0,0,5
engine_execution,retry_one_failure,1,0,5,17148,0,0,4
engine_execution,retry_one_failure,1,0,6,16888,0,0,7
engine_execution,retry_one_failure,1,0,7,17111,0,0,6
engine_execution,retry_one_failure,1,0,8,16630,0,0,9
engine_execution,retry_one_failure,1,0,9,16796,0,0,8
engine_execution,retry_one_failure,1,0,10,16574,0,0,11
engine_execution,retry_one_failure,1,0,11,16574,0,0,10
engine_execution,retry_one_failure,1,0,12,16630,0,0,13
engine_execution,retry_one_failure,1,0,13,16834,0,0,12
engine_execution,retry_one_failure,1,0,14,16777,0,0,15
engine_execution,retry_one_failure,1,0,15,16500,0,0,14
engine_execution,retry_one_failure,1,0,16,16703,0,0,17
engine_execution,retry_one_failure,1,0,17,17000,0,0,16
engine_execution,retry_one_failure,1,0,18,16814,0,0,19
engine_execution,retry_one_failure,1,0,19,16796,0,0,18
engine_execution,retry_one_failure,1,0,20,16722,0,0,21
engine_execution,retry_one_failure,1,0,21,16741,0,0,20
engine_execution,retry_one_failure,1,0,22,16666,0,0,23
engine_execution,retry_one_failure,1,0,23,16815,0,0,22
engine_execution,retry_one_failure,1,0,24,16741,0,0,25
engine_execution,retry_one_failure,1,0,25,16685,0,0,24
engine_execution,retry_one_failure,1,0,26,16778,0,0,27
engine_execution,retry_one_failure,1,0,27,16870,0,0,26
engine_execution,retry_one_failure,1,0,28,16852,0,0,29
engine_execution,retry_one_failure,1,0,29,16852,0,0,28
engine_execution,retry_one_failure,1,0,30,16741,0,0,31
engine_execution,retry_one_failure,1,0,31,16833,0,0,30
engine_execution,retry_one_failure,1,0,32,16926,0,0,33
engine_execution,retry_one_failure,1,0,33,16519,0,0,32
engine_execution,retry_one_failure,1,0,34,16741,0,0,35
engine_execution,retry_one_failure,1,0,35,16611,0,0,34
engine_execution,retry_one_failure,1,0,36,16648,0,0,37
engine_execution,retry_one_failure,1,0,37,16667,0,0,36
engine_execution,retry_one_failure,1,0,38,16537,0,0,39
engine_execution,retry_one_failure,1,0,39,16574,0,0,38
engine_execution_alloc,retry_one_failure,1,0,0,0,152,14969,23131
engine_execution,component_flat,10,9,0,63000,0,0,0
engine_execution,component_flat,10,9,1,63037,0,0,1
engine_execution,component_flat,10,9,2,63278,0,0,2
engine_execution,component_flat,10,9,3,62945,0,0,3
engine_execution,component_flat,10,9,4,63463,0,0,4
engine_execution,component_flat,10,9,5,62352,0,0,5
engine_execution,component_flat,10,9,6,63130,0,0,6
engine_execution,component_flat,10,9,7,63093,0,0,7
engine_execution,component_flat,10,9,8,63018,0,0,8
engine_execution,component_flat,10,9,9,62981,0,0,9
engine_execution,component_flat,10,9,10,62000,0,0,10
engine_execution,component_flat,10,9,11,62704,0,0,11
engine_execution,component_flat,10,9,12,62889,0,0,12
engine_execution,component_flat,10,9,13,62685,0,0,13
engine_execution,component_flat,10,9,14,62167,0,0,14
engine_execution,component_flat,10,9,15,62686,0,0,15
engine_execution,component_flat,10,9,16,63019,0,0,16
engine_execution,component_flat,10,9,17,62519,0,0,17
engine_execution,component_flat,10,9,18,62389,0,0,18
engine_execution,component_flat,10,9,19,63056,0,0,19
engine_execution,component_flat,10,9,20,62445,0,0,20
engine_execution,component_flat,10,9,21,62519,0,0,21
engine_execution,component_flat,10,9,22,62075,0,0,22
engine_execution,component_flat,10,9,23,62538,0,0,23
engine_execution,component_flat,10,9,24,62223,0,0,24
engine_execution,component_flat,10,9,25,62611,0,0,25
engine_execution,component_flat,10,9,26,62371,0,0,26
engine_execution,component_flat,10,9,27,62111,0,0,27
engine_execution,component_flat,10,9,28,62074,0,0,28
engine_execution,component_flat,10,9,29,62982,0,0,29
engine_execution,component_flat,10,9,30,62370,0,0,30
engine_execution,component_flat,10,9,31,62241,0,0,31
engine_execution,component_flat,10,9,32,62130,0,0,32
engine_execution,component_flat,10,9,33,62426,0,0,33
engine_execution,component_flat,10,9,34,62815,0,0,34
engine_execution,component_flat,10,9,35,62686,0,0,35
engine_execution,component_flat,10,9,36,62352,0,0,36
engine_execution,component_flat,10,9,37,62556,0,0,37
engine_execution,component_flat,10,9,38,62852,0,0,38
engine_execution,component_flat,10,9,39,62445,0,0,39
engine_execution_alloc,component_flat,10,9,0,0,572,44888,23130
engine_execution,component_nested,13,12,0,90871,0,0,0
engine_execution,component_nested,13,12,1,91315,0,0,1
engine_execution,component_nested,13,12,2,92038,0,0,2
engine_execution,component_nested,13,12,3,91834,0,0,3
engine_execution,component_nested,13,12,4,91112,0,0,4
engine_execution,component_nested,13,12,5,90704,0,0,5
engine_execution,component_nested,13,12,6,90649,0,0,6
engine_execution,component_nested,13,12,7,90815,0,0,7
engine_execution,component_nested,13,12,8,90315,0,0,8
engine_execution,component_nested,13,12,9,90130,0,0,9
engine_execution,component_nested,13,12,10,90445,0,0,10
engine_execution,component_nested,13,12,11,90260,0,0,11
engine_execution,component_nested,13,12,12,90352,0,0,12
engine_execution,component_nested,13,12,13,90056,0,0,13
engine_execution,component_nested,13,12,14,90408,0,0,14
engine_execution,component_nested,13,12,15,90500,0,0,15
engine_execution,component_nested,13,12,16,90797,0,0,16
engine_execution,component_nested,13,12,17,91611,0,0,17
engine_execution,component_nested,13,12,18,90852,0,0,18
engine_execution,component_nested,13,12,19,89982,0,0,19
engine_execution,component_nested,13,12,20,90204,0,0,20
engine_execution,component_nested,13,12,21,90778,0,0,21
engine_execution,component_nested,13,12,22,90667,0,0,22
engine_execution,component_nested,13,12,23,90760,0,0,23
engine_execution,component_nested,13,12,24,90908,0,0,24
engine_execution,component_nested,13,12,25,90444,0,0,25
engine_execution,component_nested,13,12,26,90630,0,0,26
engine_execution,component_nested,13,12,27,90408,0,0,27
engine_execution,component_nested,13,12,28,90537,0,0,28
engine_execution,component_nested,13,12,29,90167,0,0,29
engine_execution,component_nested,13,12,30,90630,0,0,30
engine_execution,component_nested,13,12,31,90241,0,0,31
engine_execution,component_nested,13,12,32,90612,0,0,32
engine_execution,component_nested,13,12,33,90148,0,0,33
engine_execution,component_nested,13,12,34,89833,0,0,34
engine_execution,component_nested,13,12,35,97815,0,0,35
engine_execution,component_nested,13,12,36,90908,0,0,36
engine_execution,component_nested,13,12,37,89630,0,0,37
engine_execution,component_nested,13,12,38,90315,0,0,38
engine_execution,component_nested,13,12,39,90500,0,0,39
engine_execution_alloc,component_nested,13,12,0,0,855,59513,23130
engine_execution,component_flat,100,99,0,772132,0,0,1
engine_execution,component_flat,100,99,1,775817,0,0,0
engine_execution,component_flat,100,99,2,767873,0,0,3
engine_execution,component_flat,100,99,3,771281,0,0,2
engine_execution,component_flat,100,99,4,771521,0,0,5
engine_execution,component_flat,100,99,5,768966,0,0,4
engine_execution,component_flat,100,99,6,776855,0,0,7
engine_execution,component_flat,100,99,7,772799,0,0,6
engine_execution,component_flat,100,99,8,772299,0,0,9
engine_execution,component_flat,100,99,9,770262,0,0,8
engine_execution,component_flat,100,99,10,768800,0,0,11
engine_execution,component_flat,100,99,11,774188,0,0,10
engine_execution,component_flat,100,99,12,770651,0,0,13
engine_execution,component_flat,100,99,13,767780,0,0,12
engine_execution,component_flat,100,99,14,766207,0,0,15
engine_execution,component_flat,100,99,15,766762,0,0,14
engine_execution,component_flat,100,99,16,770132,0,0,17
engine_execution,component_flat,100,99,17,773466,0,0,16
engine_execution,component_flat,100,99,18,765688,0,0,19
engine_execution,component_flat,100,99,19,766577,0,0,18
engine_execution,component_flat,100,99,20,768151,0,0,21
engine_execution,component_flat,100,99,21,766891,0,0,20
engine_execution,component_flat,100,99,22,776077,0,0,23
engine_execution,component_flat,100,99,23,771762,0,0,22
engine_execution,component_flat,100,99,24,767281,0,0,25
engine_execution,component_flat,100,99,25,768595,0,0,24
engine_execution,component_flat,100,99,26,766984,0,0,27
engine_execution,component_flat,100,99,27,774410,0,0,26
engine_execution,component_flat,100,99,28,764392,0,0,29
engine_execution,component_flat,100,99,29,767577,0,0,28
engine_execution,component_flat,100,99,30,771411,0,0,31
engine_execution,component_flat,100,99,31,767521,0,0,30
engine_execution,component_flat,100,99,32,772244,0,0,33
engine_execution,component_flat,100,99,33,768947,0,0,32
engine_execution,component_flat,100,99,34,768040,0,0,35
engine_execution,component_flat,100,99,35,767855,0,0,34
engine_execution,component_flat,100,99,36,770040,0,0,37
engine_execution,component_flat,100,99,37,772874,0,0,36
engine_execution,component_flat,100,99,38,769151,0,0,39
engine_execution,component_flat,100,99,39,766855,0,0,38
engine_execution_alloc,component_flat,100,99,0,0,5259,513080,23131
engine_execution,component_nested,103,102,0,955855,0,0,1
engine_execution,component_nested,103,102,1,951578,0,0,0
engine_execution,component_nested,103,102,2,946911,0,0,3
engine_execution,component_nested,103,102,3,941671,0,0,2
engine_execution,component_nested,103,102,4,943948,0,0,5
engine_execution,component_nested,103,102,5,943948,0,0,4
engine_execution,component_nested,103,102,6,971466,0,0,7
engine_execution,component_nested,103,102,7,948744,0,0,6
engine_execution,component_nested,103,102,8,946355,0,0,9
engine_execution,component_nested,103,102,9,945133,0,0,8
engine_execution,component_nested,103,102,10,951133,0,0,11
engine_execution,component_nested,103,102,11,943318,0,0,10
engine_execution,component_nested,103,102,12,945744,0,0,13
engine_execution,component_nested,103,102,13,946226,0,0,12
engine_execution,component_nested,103,102,14,955059,0,0,15
engine_execution,component_nested,103,102,15,945633,0,0,14
engine_execution,component_nested,103,102,16,945282,0,0,17
engine_execution,component_nested,103,102,17,947485,0,0,16
engine_execution,component_nested,103,102,18,954799,0,0,19
engine_execution,component_nested,103,102,19,945596,0,0,18
engine_execution,component_nested,103,102,20,946744,0,0,21
engine_execution,component_nested,103,102,21,947818,0,0,20
engine_execution,component_nested,103,102,22,954207,0,0,23
engine_execution,component_nested,103,102,23,947004,0,0,22
engine_execution,component_nested,103,102,24,948096,0,0,25
engine_execution,component_nested,103,102,25,947059,0,0,24
engine_execution,component_nested,103,102,26,947800,0,0,27
engine_execution,component_nested,103,102,27,957633,0,0,26
engine_execution,component_nested,103,102,28,950800,0,0,29
engine_execution,component_nested,103,102,29,950911,0,0,28
engine_execution,component_nested,103,102,30,947948,0,0,31
engine_execution,component_nested,103,102,31,956578,0,0,30
engine_execution,component_nested,103,102,32,948540,0,0,33
engine_execution,component_nested,103,102,33,947189,0,0,32
engine_execution,component_nested,103,102,34,948115,0,0,35
engine_execution,component_nested,103,102,35,957836,0,0,34
engine_execution,component_nested,103,102,36,949151,0,0,37
engine_execution,component_nested,103,102,37,950781,0,0,36
engine_execution,component_nested,103,102,38,946874,0,0,39
engine_execution,component_nested,103,102,39,955670,0,0,38
engine_execution_alloc,component_nested,103,102,0,0,6532,645065,23131
plan_build,component_repeated_typed_2,2,2,0,34444,0,0,25
plan_build,component_repeated_typed_2,2,2,1,12278,0,0,25
plan_build,component_repeated_typed_2,2,2,2,10481,0,0,25
plan_build,component_repeated_typed_2,2,2,3,10648,0,0,25
plan_build,component_repeated_typed_2,2,2,4,9722,0,0,25
plan_build,component_repeated_typed_2,2,2,5,9500,0,0,25
plan_build,component_repeated_typed_2,2,2,6,9574,0,0,25
plan_build,component_repeated_typed_2,2,2,7,9352,0,0,25
plan_build,component_repeated_typed_2,2,2,8,9574,0,0,25
plan_build,component_repeated_typed_2,2,2,9,9426,0,0,25
plan_build,component_repeated_typed_2,2,2,10,9463,0,0,25
plan_build,component_repeated_typed_2,2,2,11,9426,0,0,25
plan_build,component_repeated_typed_2,2,2,12,10463,0,0,25
plan_build,component_repeated_typed_2,2,2,13,9296,0,0,25
plan_build,component_repeated_typed_2,2,2,14,9648,0,0,25
plan_build,component_repeated_typed_2,2,2,15,10389,0,0,25
plan_build,component_repeated_typed_2,2,2,16,9296,0,0,25
plan_build,component_repeated_typed_2,2,2,17,9389,0,0,25
plan_build,component_repeated_typed_2,2,2,18,9649,0,0,25
plan_build,component_repeated_typed_2,2,2,19,9981,0,0,25
plan_build_alloc,component_repeated_typed_2,2,2,0,0,134,19521,25
engine_execution,component_repeated_typed_2,2,2,0,29481,0,0,3
engine_execution,component_repeated_typed_2,2,2,1,29500,0,0,2
engine_execution,component_repeated_typed_2,2,2,2,29778,0,0,5
engine_execution,component_repeated_typed_2,2,2,3,29611,0,0,4
engine_execution,component_repeated_typed_2,2,2,4,29648,0,0,7
engine_execution,component_repeated_typed_2,2,2,5,29592,0,0,6
engine_execution,component_repeated_typed_2,2,2,6,28889,0,0,9
engine_execution,component_repeated_typed_2,2,2,7,29519,0,0,8
engine_execution,component_repeated_typed_2,2,2,8,29074,0,0,11
engine_execution,component_repeated_typed_2,2,2,9,29222,0,0,10
engine_execution,component_repeated_typed_2,2,2,10,28926,0,0,13
engine_execution,component_repeated_typed_2,2,2,11,29056,0,0,12
engine_execution,component_repeated_typed_2,2,2,12,29037,0,0,15
engine_execution,component_repeated_typed_2,2,2,13,29185,0,0,14
engine_execution,component_repeated_typed_2,2,2,14,29037,0,0,17
engine_execution,component_repeated_typed_2,2,2,15,29241,0,0,16
engine_execution,component_repeated_typed_2,2,2,16,29148,0,0,19
engine_execution,component_repeated_typed_2,2,2,17,29092,0,0,18
engine_execution,component_repeated_typed_2,2,2,18,29018,0,0,21
engine_execution,component_repeated_typed_2,2,2,19,29500,0,0,20
engine_execution,component_repeated_typed_2,2,2,20,28796,0,0,23
engine_execution,component_repeated_typed_2,2,2,21,29667,0,0,22
engine_execution,component_repeated_typed_2,2,2,22,29222,0,0,25
engine_execution,component_repeated_typed_2,2,2,23,29167,0,0,24
engine_execution,component_repeated_typed_2,2,2,24,28870,0,0,27
engine_execution,component_repeated_typed_2,2,2,25,29278,0,0,26
engine_execution,component_repeated_typed_2,2,2,26,29315,0,0,29
engine_execution,component_repeated_typed_2,2,2,27,29186,0,0,28
engine_execution,component_repeated_typed_2,2,2,28,28963,0,0,31
engine_execution,component_repeated_typed_2,2,2,29,29167,0,0,30
engine_execution,component_repeated_typed_2,2,2,30,28704,0,0,33
engine_execution,component_repeated_typed_2,2,2,31,28574,0,0,32
engine_execution,component_repeated_typed_2,2,2,32,28463,0,0,35
engine_execution,component_repeated_typed_2,2,2,33,28796,0,0,34
engine_execution,component_repeated_typed_2,2,2,34,28593,0,0,37
engine_execution,component_repeated_typed_2,2,2,35,28482,0,0,36
engine_execution,component_repeated_typed_2,2,2,36,28593,0,0,39
engine_execution,component_repeated_typed_2,2,2,37,28574,0,0,38
engine_execution,component_repeated_typed_2,2,2,38,28186,0,0,41
engine_execution,component_repeated_typed_2,2,2,39,28352,0,0,40
engine_execution_alloc,component_repeated_typed_2,2,2,0,0,303,24582,23133
plan_build,component_repeated_typed_10,10,10,0,50556,0,0,25
plan_build,component_repeated_typed_10,10,10,1,43815,0,0,25
plan_build,component_repeated_typed_10,10,10,2,42037,0,0,25
plan_build,component_repeated_typed_10,10,10,3,41259,0,0,25
plan_build,component_repeated_typed_10,10,10,4,40074,0,0,25
plan_build,component_repeated_typed_10,10,10,5,39833,0,0,25
plan_build,component_repeated_typed_10,10,10,6,40074,0,0,25
plan_build,component_repeated_typed_10,10,10,7,39574,0,0,25
plan_build,component_repeated_typed_10,10,10,8,39686,0,0,25
plan_build,component_repeated_typed_10,10,10,9,39222,0,0,25
plan_build,component_repeated_typed_10,10,10,10,38815,0,0,25
plan_build,component_repeated_typed_10,10,10,11,38334,0,0,25
plan_build,component_repeated_typed_10,10,10,12,38611,0,0,25
plan_build,component_repeated_typed_10,10,10,13,38463,0,0,25
plan_build,component_repeated_typed_10,10,10,14,38445,0,0,25
plan_build,component_repeated_typed_10,10,10,15,38704,0,0,25
plan_build,component_repeated_typed_10,10,10,16,38259,0,0,25
plan_build,component_repeated_typed_10,10,10,17,38149,0,0,25
plan_build,component_repeated_typed_10,10,10,18,38518,0,0,25
plan_build,component_repeated_typed_10,10,10,19,38148,0,0,25
plan_build_alloc,component_repeated_typed_10,10,10,0,0,460,93329,25
engine_execution,component_repeated_typed_10,10,10,0,143279,0,0,11
engine_execution,component_repeated_typed_10,10,10,1,142778,0,0,10
engine_execution,component_repeated_typed_10,10,10,2,142908,0,0,13
engine_execution,component_repeated_typed_10,10,10,3,142556,0,0,12
engine_execution,component_repeated_typed_10,10,10,4,142482,0,0,15
engine_execution,component_repeated_typed_10,10,10,5,141945,0,0,14
engine_execution,component_repeated_typed_10,10,10,6,143408,0,0,17
engine_execution,component_repeated_typed_10,10,10,7,142186,0,0,16
engine_execution,component_repeated_typed_10,10,10,8,142427,0,0,19
engine_execution,component_repeated_typed_10,10,10,9,142093,0,0,18
engine_execution,component_repeated_typed_10,10,10,10,142611,0,0,21
engine_execution,component_repeated_typed_10,10,10,11,141908,0,0,20
engine_execution,component_repeated_typed_10,10,10,12,141686,0,0,23
engine_execution,component_repeated_typed_10,10,10,13,141612,0,0,22
engine_execution,component_repeated_typed_10,10,10,14,140815,0,0,25
engine_execution,component_repeated_typed_10,10,10,15,142316,0,0,24
engine_execution,component_repeated_typed_10,10,10,16,141685,0,0,27
engine_execution,component_repeated_typed_10,10,10,17,141908,0,0,26
engine_execution,component_repeated_typed_10,10,10,18,142519,0,0,29
engine_execution,component_repeated_typed_10,10,10,19,147556,0,0,28
engine_execution,component_repeated_typed_10,10,10,20,141816,0,0,31
engine_execution,component_repeated_typed_10,10,10,21,142649,0,0,30
engine_execution,component_repeated_typed_10,10,10,22,142130,0,0,33
engine_execution,component_repeated_typed_10,10,10,23,141593,0,0,32
engine_execution,component_repeated_typed_10,10,10,24,140463,0,0,35
engine_execution,component_repeated_typed_10,10,10,25,140815,0,0,34
engine_execution,component_repeated_typed_10,10,10,26,142000,0,0,37
engine_execution,component_repeated_typed_10,10,10,27,142037,0,0,36
engine_execution,component_repeated_typed_10,10,10,28,141593,0,0,39
engine_execution,component_repeated_typed_10,10,10,29,141963,0,0,38
engine_execution,component_repeated_typed_10,10,10,30,141778,0,0,41
engine_execution,component_repeated_typed_10,10,10,31,140445,0,0,40
engine_execution,component_repeated_typed_10,10,10,32,141574,0,0,43
engine_execution,component_repeated_typed_10,10,10,33,142685,0,0,42
engine_execution,component_repeated_typed_10,10,10,34,141093,0,0,45
engine_execution,component_repeated_typed_10,10,10,35,141352,0,0,44
engine_execution,component_repeated_typed_10,10,10,36,142908,0,0,47
engine_execution,component_repeated_typed_10,10,10,37,141779,0,0,46
engine_execution,component_repeated_typed_10,10,10,38,141204,0,0,49
engine_execution,component_repeated_typed_10,10,10,39,141168,0,0,48
engine_execution_alloc,component_repeated_typed_10,10,10,0,0,1405,95550,23141
plan_build,component_repeated_typed_100,100,100,0,449242,0,0,25
plan_build,component_repeated_typed_100,100,100,1,406409,0,0,25
plan_build,component_repeated_typed_100,100,100,2,410520,0,0,25
plan_build,component_repeated_typed_100,100,100,3,400149,0,0,25
plan_build,component_repeated_typed_100,100,100,4,397946,0,0,25
plan_build,component_repeated_typed_100,100,100,5,396483,0,0,25
plan_build,component_repeated_typed_100,100,100,6,397835,0,0,25
plan_build,component_repeated_typed_100,100,100,7,395520,0,0,25
plan_build,component_repeated_typed_100,100,100,8,395594,0,0,25
plan_build,component_repeated_typed_100,100,100,9,396242,0,0,25
plan_build,component_repeated_typed_100,100,100,10,397113,0,0,25
plan_build,component_repeated_typed_100,100,100,11,394946,0,0,25
plan_build,component_repeated_typed_100,100,100,12,515225,0,0,25
plan_build,component_repeated_typed_100,100,100,13,400613,0,0,25
plan_build,component_repeated_typed_100,100,100,14,398816,0,0,25
plan_build,component_repeated_typed_100,100,100,15,396205,0,0,25
plan_build,component_repeated_typed_100,100,100,16,397372,0,0,25
plan_build,component_repeated_typed_100,100,100,17,394057,0,0,25
plan_build,component_repeated_typed_100,100,100,18,396057,0,0,25
plan_build,component_repeated_typed_100,100,100,19,404224,0,0,25
plan_build_alloc,component_repeated_typed_100,100,100,0,0,3876,807301,25
engine_execution,component_repeated_typed_100,100,100,0,2607065,0,0,101
engine_execution,component_repeated_typed_100,100,100,1,2601584,0,0,100
engine_execution,component_repeated_typed_100,100,100,2,2610565,0,0,103
engine_execution,component_repeated_typed_100,100,100,3,2595195,0,0,102
engine_execution,component_repeated_typed_100,100,100,4,2604399,0,0,105
engine_execution,component_repeated_typed_100,100,100,5,2606861,0,0,104
engine_execution,component_repeated_typed_100,100,100,6,2609453,0,0,107
engine_execution,component_repeated_typed_100,100,100,7,2618120,0,0,106
engine_execution,component_repeated_typed_100,100,100,8,2608824,0,0,109
engine_execution,component_repeated_typed_100,100,100,9,2616324,0,0,108
engine_execution,component_repeated_typed_100,100,100,10,2606251,0,0,111
engine_execution,component_repeated_typed_100,100,100,11,2608695,0,0,110
engine_execution,component_repeated_typed_100,100,100,12,2601639,0,0,113
engine_execution,component_repeated_typed_100,100,100,13,2608584,0,0,112
engine_execution,component_repeated_typed_100,100,100,14,2606343,0,0,115
engine_execution,component_repeated_typed_100,100,100,15,2600361,0,0,114
engine_execution,component_repeated_typed_100,100,100,16,2602620,0,0,117
engine_execution,component_repeated_typed_100,100,100,17,2604843,0,0,116
engine_execution,component_repeated_typed_100,100,100,18,2599213,0,0,119
engine_execution,component_repeated_typed_100,100,100,19,2612509,0,0,118
engine_execution,component_repeated_typed_100,100,100,20,2606972,0,0,121
engine_execution,component_repeated_typed_100,100,100,21,2603824,0,0,120
engine_execution,component_repeated_typed_100,100,100,22,2604695,0,0,123
engine_execution,component_repeated_typed_100,100,100,23,2602510,0,0,122
engine_execution,component_repeated_typed_100,100,100,24,2605842,0,0,125
engine_execution,component_repeated_typed_100,100,100,25,2605065,0,0,124
engine_execution,component_repeated_typed_100,100,100,26,2599250,0,0,127
engine_execution,component_repeated_typed_100,100,100,27,2610491,0,0,126
engine_execution,component_repeated_typed_100,100,100,28,2611399,0,0,129
engine_execution,component_repeated_typed_100,100,100,29,2603083,0,0,128
engine_execution,component_repeated_typed_100,100,100,30,2611935,0,0,131
engine_execution,component_repeated_typed_100,100,100,31,2620731,0,0,130
engine_execution,component_repeated_typed_100,100,100,32,2603102,0,0,133
engine_execution,component_repeated_typed_100,100,100,33,2668046,0,0,132
engine_execution,component_repeated_typed_100,100,100,34,2655491,0,0,135
engine_execution,component_repeated_typed_100,100,100,35,2686751,0,0,134
engine_execution,component_repeated_typed_100,100,100,36,2668547,0,0,137
engine_execution,component_repeated_typed_100,100,100,37,2626158,0,0,136
engine_execution,component_repeated_typed_100,100,100,38,2607065,0,0,139
engine_execution,component_repeated_typed_100,100,100,39,2615399,0,0,138
engine_execution_alloc,component_repeated_typed_100,100,100,0,0,22566,1456190,23231
engine_execution,resident_ready_shutdown,1,0,0,16408,0,0,1
engine_execution,resident_ready_shutdown,1,0,1,16833,0,0,1
engine_execution,resident_ready_shutdown,1,0,2,16759,0,0,1
engine_execution,resident_ready_shutdown,1,0,3,16778,0,0,1
engine_execution,resident_ready_shutdown,1,0,4,17019,0,0,1
engine_execution,resident_ready_shutdown,1,0,5,16945,0,0,1
engine_execution,resident_ready_shutdown,1,0,6,16981,0,0,1
engine_execution,resident_ready_shutdown,1,0,7,16852,0,0,1
engine_execution,resident_ready_shutdown,1,0,8,16889,0,0,1
engine_execution,resident_ready_shutdown,1,0,9,16889,0,0,1
engine_execution,resident_ready_shutdown,1,0,10,16981,0,0,1
engine_execution,resident_ready_shutdown,1,0,11,16963,0,0,1
engine_execution,resident_ready_shutdown,1,0,12,17111,0,0,1
engine_execution,resident_ready_shutdown,1,0,13,17611,0,0,1
engine_execution,resident_ready_shutdown,1,0,14,17111,0,0,1
engine_execution,resident_ready_shutdown,1,0,15,16964,0,0,1
engine_execution,resident_ready_shutdown,1,0,16,16907,0,0,1
engine_execution,resident_ready_shutdown,1,0,17,16852,0,0,1
engine_execution,resident_ready_shutdown,1,0,18,16740,0,0,1
engine_execution,resident_ready_shutdown,1,0,19,16982,0,0,1
engine_execution,resident_ready_shutdown,1,0,20,16889,0,0,1
engine_execution,resident_ready_shutdown,1,0,21,16907,0,0,1
engine_execution,resident_ready_shutdown,1,0,22,16981,0,0,1
engine_execution,resident_ready_shutdown,1,0,23,16963,0,0,1
engine_execution,resident_ready_shutdown,1,0,24,16797,0,0,1
engine_execution,resident_ready_shutdown,1,0,25,16834,0,0,1
engine_execution,resident_ready_shutdown,1,0,26,16815,0,0,1
engine_execution,resident_ready_shutdown,1,0,27,16963,0,0,1
engine_execution,resident_ready_shutdown,1,0,28,16797,0,0,1
engine_execution,resident_ready_shutdown,1,0,29,16907,0,0,1
engine_execution,resident_ready_shutdown,1,0,30,16815,0,0,1
engine_execution,resident_ready_shutdown,1,0,31,16740,0,0,1
engine_execution,resident_ready_shutdown,1,0,32,16981,0,0,1
engine_execution,resident_ready_shutdown,1,0,33,17093,0,0,1
engine_execution,resident_ready_shutdown,1,0,34,16889,0,0,1
engine_execution,resident_ready_shutdown,1,0,35,17148,0,0,1
engine_execution,resident_ready_shutdown,1,0,36,16723,0,0,1
engine_execution,resident_ready_shutdown,1,0,37,17204,0,0,1
engine_execution,resident_ready_shutdown,1,0,38,16889,0,0,1
engine_execution,resident_ready_shutdown,1,0,39,17203,0,0,1
engine_execution,service_restart_stable_handle,1,0,0,27037,0,0,27
engine_execution,service_restart_stable_handle,1,0,1,26740,0,0,30
engine_execution,service_restart_stable_handle,1,0,2,26834,0,0,33
engine_execution,service_restart_stable_handle,1,0,3,27223,0,0,36
engine_execution,service_restart_stable_handle,1,0,4,26815,0,0,39
engine_execution,service_restart_stable_handle,1,0,5,26778,0,0,42
engine_execution,service_restart_stable_handle,1,0,6,27000,0,0,45
engine_execution,service_restart_stable_handle,1,0,7,26575,0,0,48
engine_execution,service_restart_stable_handle,1,0,8,26370,0,0,51
engine_execution,service_restart_stable_handle,1,0,9,26611,0,0,54
engine_execution,service_restart_stable_handle,1,0,10,26296,0,0,57
engine_execution,service_restart_stable_handle,1,0,11,26093,0,0,60
engine_execution,service_restart_stable_handle,1,0,12,26166,0,0,63
engine_execution,service_restart_stable_handle,1,0,13,26963,0,0,66
engine_execution,service_restart_stable_handle,1,0,14,26814,0,0,69
engine_execution,service_restart_stable_handle,1,0,15,26667,0,0,72
engine_execution,service_restart_stable_handle,1,0,16,26408,0,0,75
engine_execution,service_restart_stable_handle,1,0,17,26445,0,0,78
engine_execution,service_restart_stable_handle,1,0,18,26666,0,0,81
engine_execution,service_restart_stable_handle,1,0,19,26593,0,0,84
engine_execution,service_restart_stable_handle,1,0,20,26352,0,0,87
engine_execution,service_restart_stable_handle,1,0,21,26667,0,0,90
engine_execution,service_restart_stable_handle,1,0,22,26501,0,0,93
engine_execution,service_restart_stable_handle,1,0,23,26518,0,0,96
engine_execution,service_restart_stable_handle,1,0,24,26352,0,0,99
engine_execution,service_restart_stable_handle,1,0,25,26463,0,0,102
engine_execution,service_restart_stable_handle,1,0,26,26315,0,0,105
engine_execution,service_restart_stable_handle,1,0,27,26278,0,0,108
engine_execution,service_restart_stable_handle,1,0,28,26796,0,0,111
engine_execution,service_restart_stable_handle,1,0,29,26259,0,0,114
engine_execution,service_restart_stable_handle,1,0,30,26555,0,0,117
engine_execution,service_restart_stable_handle,1,0,31,26796,0,0,120
engine_execution,service_restart_stable_handle,1,0,32,27000,0,0,123
engine_execution,service_restart_stable_handle,1,0,33,26723,0,0,126
engine_execution,service_restart_stable_handle,1,0,34,26482,0,0,129
engine_execution,service_restart_stable_handle,1,0,35,26667,0,0,132
engine_execution,service_restart_stable_handle,1,0,36,26408,0,0,135
engine_execution,service_restart_stable_handle,1,0,37,26815,0,0,138
engine_execution,service_restart_stable_handle,1,0,38,27334,0,0,141
engine_execution,service_restart_stable_handle,1,0,39,26797,0,0,144
engine_execution_alloc,service_restart_stable_handle,1,0,0,0,234,21996,147
engine_execution,service_restart_exhausted,1,0,0,19667,0,0,19
engine_execution,service_restart_exhausted,1,0,1,19481,0,0,21
engine_execution,service_restart_exhausted,1,0,2,19852,0,0,23
engine_execution,service_restart_exhausted,1,0,3,19759,0,0,25
engine_execution,service_restart_exhausted,1,0,4,19778,0,0,27
engine_execution,service_restart_exhausted,1,0,5,19833,0,0,29
engine_execution,service_restart_exhausted,1,0,6,19500,0,0,31
engine_execution,service_restart_exhausted,1,0,7,19463,0,0,33
engine_execution,service_restart_exhausted,1,0,8,19704,0,0,35
engine_execution,service_restart_exhausted,1,0,9,19704,0,0,37
engine_execution,service_restart_exhausted,1,0,10,19667,0,0,39
engine_execution,service_restart_exhausted,1,0,11,20148,0,0,41
engine_execution,service_restart_exhausted,1,0,12,19593,0,0,43
engine_execution,service_restart_exhausted,1,0,13,19463,0,0,45
engine_execution,service_restart_exhausted,1,0,14,19463,0,0,47
engine_execution,service_restart_exhausted,1,0,15,19723,0,0,49
engine_execution,service_restart_exhausted,1,0,16,19241,0,0,51
engine_execution,service_restart_exhausted,1,0,17,19908,0,0,53
engine_execution,service_restart_exhausted,1,0,18,19352,0,0,55
engine_execution,service_restart_exhausted,1,0,19,19222,0,0,57
engine_execution,service_restart_exhausted,1,0,20,19259,0,0,59
engine_execution,service_restart_exhausted,1,0,21,19556,0,0,61
engine_execution,service_restart_exhausted,1,0,22,19778,0,0,63
engine_execution,service_restart_exhausted,1,0,23,19593,0,0,65
engine_execution,service_restart_exhausted,1,0,24,19555,0,0,67
engine_execution,service_restart_exhausted,1,0,25,19592,0,0,69
engine_execution,service_restart_exhausted,1,0,26,19482,0,0,71
engine_execution,service_restart_exhausted,1,0,27,19352,0,0,73
engine_execution,service_restart_exhausted,1,0,28,19833,0,0,75
engine_execution,service_restart_exhausted,1,0,29,19611,0,0,77
engine_execution,service_restart_exhausted,1,0,30,19982,0,0,79
engine_execution,service_restart_exhausted,1,0,31,26778,0,0,81
engine_execution,service_restart_exhausted,1,0,32,20203,0,0,83
engine_execution,service_restart_exhausted,1,0,33,19444,0,0,85
engine_execution,service_restart_exhausted,1,0,34,19351,0,0,87
engine_execution,service_restart_exhausted,1,0,35,19222,0,0,89
engine_execution,service_restart_exhausted,1,0,36,19352,0,0,91
engine_execution,service_restart_exhausted,1,0,37,19908,0,0,93
engine_execution,service_restart_exhausted,1,0,38,19260,0,0,95
engine_execution,service_restart_exhausted,1,0,39,19796,0,0,97
engine_execution_alloc,service_restart_exhausted,1,0,0,0,182,17500,99
engine_execution,dynamic_live_instances_1,3,2,0,69482,0,0,0
engine_execution,dynamic_live_instances_1,3,2,1,68426,0,0,0
engine_execution,dynamic_live_instances_1,3,2,2,67648,0,0,0
engine_execution,dynamic_live_instances_1,3,2,3,68389,0,0,0
engine_execution,dynamic_live_instances_1,3,2,4,68278,0,0,0
engine_execution,dynamic_live_instances_1,3,2,5,67944,0,0,0
engine_execution,dynamic_live_instances_1,3,2,6,66944,0,0,0
engine_execution,dynamic_live_instances_1,3,2,7,67222,0,0,0
engine_execution,dynamic_live_instances_1,3,2,8,67111,0,0,0
engine_execution,dynamic_live_instances_1,3,2,9,67463,0,0,0
engine_execution,dynamic_live_instances_1,3,2,10,67482,0,0,0
engine_execution,dynamic_live_instances_1,3,2,11,67722,0,0,0
engine_execution,dynamic_live_instances_1,3,2,12,67833,0,0,0
engine_execution,dynamic_live_instances_1,3,2,13,67093,0,0,0
engine_execution,dynamic_live_instances_1,3,2,14,67537,0,0,0
engine_execution,dynamic_live_instances_1,3,2,15,67482,0,0,0
engine_execution,dynamic_live_instances_1,3,2,16,66870,0,0,0
engine_execution,dynamic_live_instances_1,3,2,17,66482,0,0,0
engine_execution,dynamic_live_instances_1,3,2,18,66963,0,0,0
engine_execution,dynamic_live_instances_1,3,2,19,66722,0,0,0
engine_execution,dynamic_live_instances_1,3,2,20,66852,0,0,0
engine_execution,dynamic_live_instances_1,3,2,21,67129,0,0,0
engine_execution,dynamic_live_instances_1,3,2,22,66685,0,0,0
engine_execution,dynamic_live_instances_1,3,2,23,66889,0,0,0
engine_execution,dynamic_live_instances_1,3,2,24,67093,0,0,0
engine_execution,dynamic_live_instances_1,3,2,25,66352,0,0,0
engine_execution,dynamic_live_instances_1,3,2,26,66982,0,0,0
engine_execution,dynamic_live_instances_1,3,2,27,66889,0,0,0
engine_execution,dynamic_live_instances_1,3,2,28,67130,0,0,0
engine_execution,dynamic_live_instances_1,3,2,29,66759,0,0,0
engine_execution,dynamic_live_instances_1,3,2,30,66222,0,0,0
engine_execution,dynamic_live_instances_1,3,2,31,66389,0,0,0
engine_execution,dynamic_live_instances_1,3,2,32,66963,0,0,0
engine_execution,dynamic_live_instances_1,3,2,33,66278,0,0,0
engine_execution,dynamic_live_instances_1,3,2,34,66519,0,0,0
engine_execution,dynamic_live_instances_1,3,2,35,66538,0,0,0
engine_execution,dynamic_live_instances_1,3,2,36,66112,0,0,0
engine_execution,dynamic_live_instances_1,3,2,37,65630,0,0,0
engine_execution,dynamic_live_instances_1,3,2,38,65852,0,0,0
engine_execution,dynamic_live_instances_1,3,2,39,66593,0,0,0
engine_execution_alloc,dynamic_live_instances_1,3,2,1,0,622,57965,0
engine_execution,dynamic_live_instances_10,3,2,0,522113,0,0,11
engine_execution,dynamic_live_instances_10,3,2,1,515298,0,0,11
engine_execution,dynamic_live_instances_10,3,2,2,514002,0,0,11
engine_execution,dynamic_live_instances_10,3,2,3,511780,0,0,11
engine_execution,dynamic_live_instances_10,3,2,4,511964,0,0,11
engine_execution,dynamic_live_instances_10,3,2,5,510872,0,0,11
engine_execution,dynamic_live_instances_10,3,2,6,511613,0,0,11
engine_execution,dynamic_live_instances_10,3,2,7,512576,0,0,11
engine_execution,dynamic_live_instances_10,3,2,8,520280,0,0,11
engine_execution,dynamic_live_instances_10,3,2,9,512187,0,0,11
engine_execution,dynamic_live_instances_10,3,2,10,509668,0,0,11
engine_execution,dynamic_live_instances_10,3,2,11,510964,0,0,11
engine_execution,dynamic_live_instances_10,3,2,12,511928,0,0,11
engine_execution,dynamic_live_instances_10,3,2,13,511928,0,0,11
engine_execution,dynamic_live_instances_10,3,2,14,512687,0,0,11
engine_execution,dynamic_live_instances_10,3,2,15,510873,0,0,11
engine_execution,dynamic_live_instances_10,3,2,16,519465,0,0,11
engine_execution,dynamic_live_instances_10,3,2,17,514946,0,0,11
engine_execution,dynamic_live_instances_10,3,2,18,512094,0,0,11
engine_execution,dynamic_live_instances_10,3,2,19,512131,0,0,11
engine_execution,dynamic_live_instances_10,3,2,20,511668,0,0,11
engine_execution,dynamic_live_instances_10,3,2,21,511502,0,0,11
engine_execution,dynamic_live_instances_10,3,2,22,514021,0,0,11
engine_execution,dynamic_live_instances_10,3,2,23,513965,0,0,11
engine_execution,dynamic_live_instances_10,3,2,24,513002,0,0,11
engine_execution,dynamic_live_instances_10,3,2,25,513483,0,0,11
engine_execution,dynamic_live_instances_10,3,2,26,511280,0,0,11
engine_execution,dynamic_live_instances_10,3,2,27,513039,0,0,11
engine_execution,dynamic_live_instances_10,3,2,28,510742,0,0,11
engine_execution,dynamic_live_instances_10,3,2,29,511520,0,0,11
engine_execution,dynamic_live_instances_10,3,2,30,511020,0,0,11
engine_execution,dynamic_live_instances_10,3,2,31,517354,0,0,11
engine_execution,dynamic_live_instances_10,3,2,32,510002,0,0,11
engine_execution,dynamic_live_instances_10,3,2,33,511020,0,0,11
engine_execution,dynamic_live_instances_10,3,2,34,509594,0,0,11
engine_execution,dynamic_live_instances_10,3,2,35,510557,0,0,11
engine_execution,dynamic_live_instances_10,3,2,36,510576,0,0,11
engine_execution,dynamic_live_instances_10,3,2,37,511372,0,0,11
engine_execution,dynamic_live_instances_10,3,2,38,509965,0,0,11
engine_execution,dynamic_live_instances_10,3,2,39,518891,0,0,11
engine_execution_alloc,dynamic_live_instances_10,3,2,10,0,4479,430711,11
engine_execution,dynamic_live_instances_100,3,2,0,10825965,0,0,101
engine_execution,dynamic_live_instances_100,3,2,1,10788557,0,0,101
engine_execution,dynamic_live_instances_100,3,2,2,10766576,0,0,101
engine_execution,dynamic_live_instances_100,3,2,3,10762150,0,0,101
engine_execution,dynamic_live_instances_100,3,2,4,10781891,0,0,101
engine_execution,dynamic_live_instances_100,3,2,5,10786687,0,0,101
engine_execution,dynamic_live_instances_100,3,2,6,10760595,0,0,101
engine_execution,dynamic_live_instances_100,3,2,7,10770391,0,0,101
engine_execution,dynamic_live_instances_100,3,2,8,10766095,0,0,101
engine_execution,dynamic_live_instances_100,3,2,9,10767187,0,0,101
engine_execution,dynamic_live_instances_100,3,2,10,10770409,0,0,101
engine_execution,dynamic_live_instances_100,3,2,11,10799428,0,0,101
engine_execution,dynamic_live_instances_100,3,2,12,10787039,0,0,101
engine_execution,dynamic_live_instances_100,3,2,13,10769113,0,0,101
engine_execution,dynamic_live_instances_100,3,2,14,10805891,0,0,101
engine_execution,dynamic_live_instances_100,3,2,15,10882243,0,0,101
engine_execution,dynamic_live_instances_100,3,2,16,10791909,0,0,101
engine_execution,dynamic_live_instances_100,3,2,17,10787724,0,0,101
engine_execution,dynamic_live_instances_100,3,2,18,11335467,0,0,101
engine_execution,dynamic_live_instances_100,3,2,19,10850169,0,0,101
engine_execution,dynamic_live_instances_100,3,2,20,10869021,0,0,101
engine_execution,dynamic_live_instances_100,3,2,21,10820947,0,0,101
engine_execution,dynamic_live_instances_100,3,2,22,10777872,0,0,101
engine_execution,dynamic_live_instances_100,3,2,23,10773705,0,0,101
engine_execution,dynamic_live_instances_100,3,2,24,14284144,0,0,101
engine_execution,dynamic_live_instances_100,3,2,25,10841243,0,0,101
engine_execution,dynamic_live_instances_100,3,2,26,10829169,0,0,101
engine_execution,dynamic_live_instances_100,3,2,27,10816521,0,0,101
engine_execution,dynamic_live_instances_100,3,2,28,10808447,0,0,101
engine_execution,dynamic_live_instances_100,3,2,29,10785206,0,0,101
engine_execution,dynamic_live_instances_100,3,2,30,10814873,0,0,101
engine_execution,dynamic_live_instances_100,3,2,31,10799021,0,0,101
engine_execution,dynamic_live_instances_100,3,2,32,10806742,0,0,101
engine_execution,dynamic_live_instances_100,3,2,33,10843132,0,0,101
engine_execution,dynamic_live_instances_100,3,2,34,10842317,0,0,101
engine_execution,dynamic_live_instances_100,3,2,35,10799039,0,0,101
engine_execution,dynamic_live_instances_100,3,2,36,10803632,0,0,101
engine_execution,dynamic_live_instances_100,3,2,37,10801521,0,0,101
engine_execution,dynamic_live_instances_100,3,2,38,10793558,0,0,101
engine_execution,dynamic_live_instances_100,3,2,39,10818428,0,0,101
engine_execution_alloc,dynamic_live_instances_100,3,2,100,0,69635,6293659,101
engine_execution,dynamic_sequential_churn_1,2,1,0,59982,0,0,9
engine_execution,dynamic_sequential_churn_1,2,1,1,60075,0,0,10
engine_execution,dynamic_sequential_churn_1,2,1,2,59704,0,0,11
engine_execution,dynamic_sequential_churn_1,2,1,3,59649,0,0,12
engine_execution,dynamic_sequential_churn_1,2,1,4,59296,0,0,13
engine_execution,dynamic_sequential_churn_1,2,1,5,58815,0,0,14
engine_execution,dynamic_sequential_churn_1,2,1,6,59297,0,0,15
engine_execution,dynamic_sequential_churn_1,2,1,7,59649,0,0,16
engine_execution,dynamic_sequential_churn_1,2,1,8,59019,0,0,17
engine_execution,dynamic_sequential_churn_1,2,1,9,59519,0,0,18
engine_execution,dynamic_sequential_churn_1,2,1,10,60055,0,0,19
engine_execution,dynamic_sequential_churn_1,2,1,11,58982,0,0,20
engine_execution,dynamic_sequential_churn_1,2,1,12,58519,0,0,21
engine_execution,dynamic_sequential_churn_1,2,1,13,58871,0,0,22
engine_execution,dynamic_sequential_churn_1,2,1,14,59241,0,0,23
engine_execution,dynamic_sequential_churn_1,2,1,15,58889,0,0,24
engine_execution,dynamic_sequential_churn_1,2,1,16,58704,0,0,25
engine_execution,dynamic_sequential_churn_1,2,1,17,59982,0,0,26
engine_execution,dynamic_sequential_churn_1,2,1,18,59426,0,0,27
engine_execution,dynamic_sequential_churn_1,2,1,19,58352,0,0,28
engine_execution,dynamic_sequential_churn_1,2,1,20,58445,0,0,29
engine_execution,dynamic_sequential_churn_1,2,1,21,58592,0,0,30
engine_execution,dynamic_sequential_churn_1,2,1,22,58297,0,0,31
engine_execution,dynamic_sequential_churn_1,2,1,23,58907,0,0,32
engine_execution,dynamic_sequential_churn_1,2,1,24,58574,0,0,33
engine_execution,dynamic_sequential_churn_1,2,1,25,58093,0,0,34
engine_execution,dynamic_sequential_churn_1,2,1,26,58426,0,0,35
engine_execution,dynamic_sequential_churn_1,2,1,27,58074,0,0,36
engine_execution,dynamic_sequential_churn_1,2,1,28,58278,0,0,37
engine_execution,dynamic_sequential_churn_1,2,1,29,58778,0,0,38
engine_execution,dynamic_sequential_churn_1,2,1,30,58741,0,0,39
engine_execution,dynamic_sequential_churn_1,2,1,31,58982,0,0,40
engine_execution,dynamic_sequential_churn_1,2,1,32,59296,0,0,41
engine_execution,dynamic_sequential_churn_1,2,1,33,58278,0,0,42
engine_execution,dynamic_sequential_churn_1,2,1,34,58315,0,0,43
engine_execution,dynamic_sequential_churn_1,2,1,35,58796,0,0,44
engine_execution,dynamic_sequential_churn_1,2,1,36,58408,0,0,45
engine_execution,dynamic_sequential_churn_1,2,1,37,58445,0,0,46
engine_execution,dynamic_sequential_churn_1,2,1,38,57685,0,0,47
engine_execution,dynamic_sequential_churn_1,2,1,39,58260,0,0,48
engine_execution_alloc,dynamic_sequential_churn_1,2,1,1,0,540,47451,49
engine_execution,dynamic_sequential_churn_10,2,1,0,396039,0,0,90
engine_execution,dynamic_sequential_churn_10,2,1,1,396557,0,0,100
engine_execution,dynamic_sequential_churn_10,2,1,2,397353,0,0,110
engine_execution,dynamic_sequential_churn_10,2,1,3,395539,0,0,120
engine_execution,dynamic_sequential_churn_10,2,1,4,395501,0,0,130
engine_execution,dynamic_sequential_churn_10,2,1,5,405020,0,0,140
engine_execution,dynamic_sequential_churn_10,2,1,6,394076,0,0,150
engine_execution,dynamic_sequential_churn_10,2,1,7,396038,0,0,160
engine_execution,dynamic_sequential_churn_10,2,1,8,395724,0,0,170
engine_execution,dynamic_sequential_churn_10,2,1,9,394891,0,0,180
engine_execution,dynamic_sequential_churn_10,2,1,10,395539,0,0,190
engine_execution,dynamic_sequential_churn_10,2,1,11,395668,0,0,200
engine_execution,dynamic_sequential_churn_10,2,1,12,394668,0,0,210
engine_execution,dynamic_sequential_churn_10,2,1,13,394260,0,0,220
engine_execution,dynamic_sequential_churn_10,2,1,14,395483,0,0,230
engine_execution,dynamic_sequential_churn_10,2,1,15,403001,0,0,240
engine_execution,dynamic_sequential_churn_10,2,1,16,395223,0,0,250
engine_execution,dynamic_sequential_churn_10,2,1,17,392946,0,0,260
engine_execution,dynamic_sequential_churn_10,2,1,18,393224,0,0,270
engine_execution,dynamic_sequential_churn_10,2,1,19,395927,0,0,280
engine_execution,dynamic_sequential_churn_10,2,1,20,393538,0,0,290
engine_execution,dynamic_sequential_churn_10,2,1,21,396483,0,0,300
engine_execution,dynamic_sequential_churn_10,2,1,22,394928,0,0,310
engine_execution,dynamic_sequential_churn_10,2,1,23,395001,0,0,320
engine_execution,dynamic_sequential_churn_10,2,1,24,392964,0,0,330
engine_execution,dynamic_sequential_churn_10,2,1,25,402354,0,0,340
engine_execution,dynamic_sequential_churn_10,2,1,26,395131,0,0,350
engine_execution,dynamic_sequential_churn_10,2,1,27,393872,0,0,360
engine_execution,dynamic_sequential_churn_10,2,1,28,393853,0,0,370
engine_execution,dynamic_sequential_churn_10,2,1,29,393261,0,0,380
engine_execution,dynamic_sequential_churn_10,2,1,30,394835,0,0,390
engine_execution,dynamic_sequential_churn_10,2,1,31,394798,0,0,400
engine_execution,dynamic_sequential_churn_10,2,1,32,394797,0,0,410
engine_execution,dynamic_sequential_churn_10,2,1,33,395890,0,0,420
engine_execution,dynamic_sequential_churn_10,2,1,34,394094,0,0,430
engine_execution,dynamic_sequential_churn_10,2,1,35,401983,0,0,440
engine_execution,dynamic_sequential_churn_10,2,1,36,393057,0,0,450
engine_execution,dynamic_sequential_churn_10,2,1,37,394835,0,0,460
engine_execution,dynamic_sequential_churn_10,2,1,38,393724,0,0,470
engine_execution,dynamic_sequential_churn_10,2,1,39,395557,0,0,480
engine_execution_alloc,dynamic_sequential_churn_10,2,1,10,0,3478,313175,490
engine_execution,dynamic_sequential_churn_100,2,1,0,4140108,0,0,900
engine_execution,dynamic_sequential_churn_100,2,1,1,4150811,0,0,1000
engine_execution,dynamic_sequential_churn_100,2,1,2,4164311,0,0,1100
engine_execution,dynamic_sequential_churn_100,2,1,3,4172793,0,0,1200
engine_execution,dynamic_sequential_churn_100,2,1,4,4149145,0,0,1300
engine_execution,dynamic_sequential_churn_100,2,1,5,4135663,0,0,1400
engine_execution,dynamic_sequential_churn_100,2,1,6,4141681,0,0,1500
engine_execution,dynamic_sequential_churn_100,2,1,7,4137700,0,0,1600
engine_execution,dynamic_sequential_churn_100,2,1,8,4136237,0,0,1700
engine_execution,dynamic_sequential_churn_100,2,1,9,4143830,0,0,1800
engine_execution,dynamic_sequential_churn_100,2,1,10,4145089,0,0,1900
engine_execution,dynamic_sequential_churn_100,2,1,11,4143997,0,0,2000
engine_execution,dynamic_sequential_churn_100,2,1,12,4152052,0,0,2100
engine_execution,dynamic_sequential_churn_100,2,1,13,4153219,0,0,2200
engine_execution,dynamic_sequential_churn_100,2,1,14,4141552,0,0,2300
engine_execution,dynamic_sequential_churn_100,2,1,15,4148293,0,0,2400
engine_execution,dynamic_sequential_churn_100,2,1,16,4148219,0,0,2500
engine_execution,dynamic_sequential_churn_100,2,1,17,4154737,0,0,2600
engine_execution,dynamic_sequential_churn_100,2,1,18,4141423,0,0,2700
engine_execution,dynamic_sequential_churn_100,2,1,19,4145219,0,0,2800
engine_execution,dynamic_sequential_churn_100,2,1,20,4155645,0,0,2900
engine_execution,dynamic_sequential_churn_100,2,1,21,4154385,0,0,3000
engine_execution,dynamic_sequential_churn_100,2,1,22,4173108,0,0,3100
engine_execution,dynamic_sequential_churn_100,2,1,23,4162330,0,0,3200
engine_execution,dynamic_sequential_churn_100,2,1,24,4149200,0,0,3300
engine_execution,dynamic_sequential_churn_100,2,1,25,4153663,0,0,3400
engine_execution,dynamic_sequential_churn_100,2,1,26,4154052,0,0,3500
engine_execution,dynamic_sequential_churn_100,2,1,27,4148885,0,0,3600
engine_execution,dynamic_sequential_churn_100,2,1,28,4153589,0,0,3700
engine_execution,dynamic_sequential_churn_100,2,1,29,4155441,0,0,3800
engine_execution,dynamic_sequential_churn_100,2,1,30,4150867,0,0,3900
engine_execution,dynamic_sequential_churn_100,2,1,31,4153275,0,0,4000
engine_execution,dynamic_sequential_churn_100,2,1,32,4152589,0,0,4100
engine_execution,dynamic_sequential_churn_100,2,1,33,4161034,0,0,4200
engine_execution,dynamic_sequential_churn_100,2,1,34,4165996,0,0,4300
engine_execution,dynamic_sequential_churn_100,2,1,35,4346109,0,0,4400
engine_execution,dynamic_sequential_churn_100,2,1,36,4186552,0,0,4500
engine_execution,dynamic_sequential_churn_100,2,1,37,4162756,0,0,4600
engine_execution,dynamic_sequential_churn_100,2,1,38,4153811,0,0,4700
engine_execution,dynamic_sequential_churn_100,2,1,39,4156182,0,0,4800
engine_execution_alloc,dynamic_sequential_churn_100,2,1,100,0,32600,3408711,4900
engine_execution,effect_unknown_recovery_resolved,1,0,0,16056,0,0,9
engine_execution,effect_unknown_recovery_resolved,1,0,1,16075,0,0,10
engine_execution,effect_unknown_recovery_resolved,1,0,2,16111,0,0,11
engine_execution,effect_unknown_recovery_resolved,1,0,3,16185,0,0,12
engine_execution,effect_unknown_recovery_resolved,1,0,4,16074,0,0,13
engine_execution,effect_unknown_recovery_resolved,1,0,5,16019,0,0,14
engine_execution,effect_unknown_recovery_resolved,1,0,6,16185,0,0,15
engine_execution,effect_unknown_recovery_resolved,1,0,7,15926,0,0,16
engine_execution,effect_unknown_recovery_resolved,1,0,8,16167,0,0,17
engine_execution,effect_unknown_recovery_resolved,1,0,9,15870,0,0,18
engine_execution,effect_unknown_recovery_resolved,1,0,10,16278,0,0,19
engine_execution,effect_unknown_recovery_resolved,1,0,11,16055,0,0,20
engine_execution,effect_unknown_recovery_resolved,1,0,12,16130,0,0,21
engine_execution,effect_unknown_recovery_resolved,1,0,13,16148,0,0,22
engine_execution,effect_unknown_recovery_resolved,1,0,14,16148,0,0,23
engine_execution,effect_unknown_recovery_resolved,1,0,15,16093,0,0,24
engine_execution,effect_unknown_recovery_resolved,1,0,16,16259,0,0,25
engine_execution,effect_unknown_recovery_resolved,1,0,17,15908,0,0,26
engine_execution,effect_unknown_recovery_resolved,1,0,18,16185,0,0,27
engine_execution,effect_unknown_recovery_resolved,1,0,19,15981,0,0,28
engine_execution,effect_unknown_recovery_resolved,1,0,20,16278,0,0,29
engine_execution,effect_unknown_recovery_resolved,1,0,21,15889,0,0,30
engine_execution,effect_unknown_recovery_resolved,1,0,22,15982,0,0,31
engine_execution,effect_unknown_recovery_resolved,1,0,23,16056,0,0,32
engine_execution,effect_unknown_recovery_resolved,1,0,24,15963,0,0,33
engine_execution,effect_unknown_recovery_resolved,1,0,25,16037,0,0,34
engine_execution,effect_unknown_recovery_resolved,1,0,26,16074,0,0,35
engine_execution,effect_unknown_recovery_resolved,1,0,27,16111,0,0,36
engine_execution,effect_unknown_recovery_resolved,1,0,28,16222,0,0,37
engine_execution,effect_unknown_recovery_resolved,1,0,29,16037,0,0,38
engine_execution,effect_unknown_recovery_resolved,1,0,30,16241,0,0,39
engine_execution,effect_unknown_recovery_resolved,1,0,31,15982,0,0,40
engine_execution,effect_unknown_recovery_resolved,1,0,32,16074,0,0,41
engine_execution,effect_unknown_recovery_resolved,1,0,33,15834,0,0,42
engine_execution,effect_unknown_recovery_resolved,1,0,34,15981,0,0,43
engine_execution,effect_unknown_recovery_resolved,1,0,35,16185,0,0,44
engine_execution,effect_unknown_recovery_resolved,1,0,36,16722,0,0,45
engine_execution,effect_unknown_recovery_resolved,1,0,37,16537,0,0,46
engine_execution,effect_unknown_recovery_resolved,1,0,38,16556,0,0,47
engine_execution,effect_unknown_recovery_resolved,1,0,39,16408,0,0,48
engine_execution_alloc,effect_unknown_recovery_resolved,1,0,0,0,144,14939,49
engine_execution,effect_unknown_recovery_failed,1,0,0,17278,0,0,11
engine_execution,effect_unknown_recovery_failed,1,0,1,17574,0,0,12
engine_execution,effect_unknown_recovery_failed,1,0,2,17574,0,0,13
engine_execution,effect_unknown_recovery_failed,1,0,3,17704,0,0,14
engine_execution,effect_unknown_recovery_failed,1,0,4,17722,0,0,15
engine_execution,effect_unknown_recovery_failed,1,0,5,17537,0,0,16
engine_execution,effect_unknown_recovery_failed,1,0,6,17482,0,0,17
engine_execution,effect_unknown_recovery_failed,1,0,7,17667,0,0,18
engine_execution,effect_unknown_recovery_failed,1,0,8,17500,0,0,19
engine_execution,effect_unknown_recovery_failed,1,0,9,17408,0,0,20
engine_execution,effect_unknown_recovery_failed,1,0,10,17759,0,0,21
engine_execution,effect_unknown_recovery_failed,1,0,11,17463,0,0,22
engine_execution,effect_unknown_recovery_failed,1,0,12,17482,0,0,23
engine_execution,effect_unknown_recovery_failed,1,0,13,17648,0,0,24
engine_execution,effect_unknown_recovery_failed,1,0,14,17500,0,0,25
engine_execution,effect_unknown_recovery_failed,1,0,15,17371,0,0,26
engine_execution,effect_unknown_recovery_failed,1,0,16,17556,0,0,27
engine_execution,effect_unknown_recovery_failed,1,0,17,17407,0,0,28
engine_execution,effect_unknown_recovery_failed,1,0,18,17574,0,0,29
engine_execution,effect_unknown_recovery_failed,1,0,19,17370,0,0,30
engine_execution,effect_unknown_recovery_failed,1,0,20,17500,0,0,31
engine_execution,effect_unknown_recovery_failed,1,0,21,17555,0,0,32
engine_execution,effect_unknown_recovery_failed,1,0,22,17537,0,0,33
engine_execution,effect_unknown_recovery_failed,1,0,23,17648,0,0,34
engine_execution,effect_unknown_recovery_failed,1,0,24,17519,0,0,35
engine_execution,effect_unknown_recovery_failed,1,0,25,17519,0,0,36
engine_execution,effect_unknown_recovery_failed,1,0,26,17537,0,0,37
engine_execution,effect_unknown_recovery_failed,1,0,27,17611,0,0,38
engine_execution,effect_unknown_recovery_failed,1,0,28,17685,0,0,39
engine_execution,effect_unknown_recovery_failed,1,0,29,17518,0,0,40
engine_execution,effect_unknown_recovery_failed,1,0,30,24759,0,0,41
engine_execution,effect_unknown_recovery_failed,1,0,31,18167,0,0,42
engine_execution,effect_unknown_recovery_failed,1,0,32,17592,0,0,43
engine_execution,effect_unknown_recovery_failed,1,0,33,17444,0,0,44
engine_execution,effect_unknown_recovery_failed,1,0,34,18426,0,0,45
engine_execution,effect_unknown_recovery_failed,1,0,35,17500,0,0,46
engine_execution,effect_unknown_recovery_failed,1,0,36,17537,0,0,47
engine_execution,effect_unknown_recovery_failed,1,0,37,17389,0,0,48
engine_execution,effect_unknown_recovery_failed,1,0,38,17463,0,0,49
engine_execution,effect_unknown_recovery_failed,1,0,39,18574,0,0,50
engine_execution_alloc,effect_unknown_recovery_failed,1,0,0,0,151,15627,51
engine_execution,trace_default,100,99,0,773447,0,0,1
engine_execution,trace_default,100,99,1,780743,0,0,0
engine_execution,trace_default,100,99,2,774725,0,0,3
engine_execution,trace_default,100,99,3,768484,0,0,2
engine_execution,trace_default,100,99,4,773355,0,0,5
engine_execution,trace_default,100,99,5,771466,0,0,4
engine_execution,trace_default,100,99,6,769613,0,0,7
engine_execution,trace_default,100,99,7,783985,0,0,6
engine_execution,trace_default,100,99,8,774207,0,0,9
engine_execution,trace_default,100,99,9,776059,0,0,8
engine_execution,trace_default,100,99,10,771429,0,0,11
engine_execution,trace_default,100,99,11,768596,0,0,10
engine_execution,trace_default,100,99,12,776428,0,0,13
engine_execution,trace_default,100,99,13,771947,0,0,12
engine_execution,trace_default,100,99,14,769077,0,0,15
engine_execution,trace_default,100,99,15,768744,0,0,14
engine_execution,trace_default,100,99,16,773837,0,0,17
engine_execution,trace_default,100,99,17,775447,0,0,16
engine_execution,trace_default,100,99,18,771558,0,0,19
engine_execution,trace_default,100,99,19,769411,0,0,18
engine_execution,trace_default,100,99,20,783780,0,0,21
engine_execution,trace_default,100,99,21,781114,0,0,20
engine_execution,trace_default,100,99,22,788466,0,0,23
engine_execution,trace_default,100,99,23,772929,0,0,22
engine_execution,trace_default,100,99,24,774132,0,0,25
engine_execution,trace_default,100,99,25,772355,0,0,24
engine_execution,trace_default,100,99,26,772484,0,0,27
engine_execution,trace_default,100,99,27,801743,0,0,26
engine_execution,trace_default,100,99,28,781929,0,0,29
engine_execution,trace_default,100,99,29,774854,0,0,28
engine_execution,trace_default,100,99,30,773984,0,0,31
engine_execution,trace_default,100,99,31,772225,0,0,30
engine_execution,trace_default,100,99,32,780170,0,0,33
engine_execution,trace_default,100,99,33,770706,0,0,32
engine_execution,trace_default,100,99,34,772151,0,0,35
engine_execution,trace_default,100,99,35,772113,0,0,34
engine_execution,trace_default,100,99,36,772336,0,0,37
engine_execution,trace_default,100,99,37,778799,0,0,36
engine_execution,trace_default,100,99,38,777911,0,0,39
engine_execution,trace_default,100,99,39,777170,0,0,38
engine_execution_alloc,trace_default,100,99,0,0,5259,513080,23131
engine_execution,trace_observer,100,99,0,774873,0,0,1
engine_execution,trace_observer,100,99,1,775021,0,0,0
engine_execution,trace_observer,100,99,2,772744,0,0,3
engine_execution,trace_observer,100,99,3,776058,0,0,2
engine_execution,trace_observer,100,99,4,784039,0,0,5
engine_execution,trace_observer,100,99,5,773911,0,0,4
engine_execution,trace_observer,100,99,6,772799,0,0,7
engine_execution,trace_observer,100,99,7,775892,0,0,6
engine_execution,trace_observer,100,99,8,772410,0,0,9
engine_execution,trace_observer,100,99,9,779318,0,0,8
engine_execution,trace_observer,100,99,10,773799,0,0,11
engine_execution,trace_observer,100,99,11,774151,0,0,10
engine_execution,trace_observer,100,99,12,776003,0,0,13
engine_execution,trace_observer,100,99,13,773873,0,0,12
engine_execution,trace_observer,100,99,14,782076,0,0,15
engine_execution,trace_observer,100,99,15,775818,0,0,14
engine_execution,trace_observer,100,99,16,775373,0,0,17
engine_execution,trace_observer,100,99,17,775280,0,0,16
engine_execution,trace_observer,100,99,18,775688,0,0,19
engine_execution,trace_observer,100,99,19,779244,0,0,18
engine_execution,trace_observer,100,99,20,776725,0,0,21
engine_execution,trace_observer,100,99,21,773873,0,0,20
engine_execution,trace_observer,100,99,22,773966,0,0,23
engine_execution,trace_observer,100,99,23,776725,0,0,22
engine_execution,trace_observer,100,99,24,858984,0,0,25
engine_execution,trace_observer,100,99,25,782836,0,0,24
engine_execution,trace_observer,100,99,26,777003,0,0,27
engine_execution,trace_observer,100,99,27,775966,0,0,26
engine_execution,trace_observer,100,99,28,776373,0,0,29
engine_execution,trace_observer,100,99,29,776021,0,0,28
engine_execution,trace_observer,100,99,30,784929,0,0,31
engine_execution,trace_observer,100,99,31,776558,0,0,30
engine_execution,trace_observer,100,99,32,777225,0,0,33
engine_execution,trace_observer,100,99,33,776595,0,0,32
engine_execution,trace_observer,100,99,34,790817,0,0,35
engine_execution,trace_observer,100,99,35,783503,0,0,34
engine_execution,trace_observer,100,99,36,773596,0,0,37
engine_execution,trace_observer,100,99,37,776521,0,0,36
engine_execution,trace_observer,100,99,38,776928,0,0,39
engine_execution,trace_observer,100,99,39,773355,0,0,38
engine_execution_alloc,trace_observer,100,99,0,0,5259,513080,23131
representative_application,application_hash_sdax,10,9,0,64648,0,0,8827501768403342007
representative_application,application_hash_sdax,10,9,1,64445,0,0,8951258580674472749
representative_application,application_hash_sdax,10,9,2,64778,0,0,18157584738022301124
representative_application,application_hash_sdax,10,9,3,63704,0,0,16093298964628915617
representative_application,application_hash_sdax,10,9,4,64000,0,0,4338024545885762412
representative_application,application_hash_sdax,10,9,5,64982,0,0,4989613096480112062
representative_application,application_hash_sdax,10,9,6,64019,0,0,14756605482753659039
representative_application,application_hash_sdax,10,9,7,64167,0,0,48615153832195890
representative_application,application_hash_sdax,10,9,8,64204,0,0,12897547982939568865
representative_application,application_hash_sdax,10,9,9,64315,0,0,6455468052857312123
representative_application,application_hash_sdax,10,9,10,64297,0,0,7461994257773924098
representative_application,application_hash_sdax,10,9,11,63723,0,0,3636896381673253623
representative_application,application_hash_sdax,10,9,12,63852,0,0,6793413810667899076
representative_application,application_hash_sdax,10,9,13,64389,0,0,12277190981714708308
representative_application,application_hash_sdax,10,9,14,64167,0,0,9683030269895486545
representative_application,application_hash_sdax,10,9,15,63889,0,0,9383150768291419922
representative_application,application_hash_sdax,10,9,16,63926,0,0,11312423361794011584
representative_application,application_hash_sdax,10,9,17,63741,0,0,18128183083347417488
representative_application,application_hash_sdax,10,9,18,63759,0,0,12087555839788357172
representative_application,application_hash_sdax,10,9,19,63315,0,0,13041129334982073488
representative_application,application_hash_sdax,10,9,20,63500,0,0,8384464984104957687
representative_application,application_hash_sdax,10,9,21,64037,0,0,10868783110269989825
representative_application,application_hash_sdax,10,9,22,63667,0,0,15668235844036064711
representative_application,application_hash_sdax,10,9,23,64537,0,0,4013874171971043560
representative_application,application_hash_sdax,10,9,24,64038,0,0,4203571749175062306
representative_application,application_hash_sdax,10,9,25,63871,0,0,10926854856726577928
representative_application,application_hash_sdax,10,9,26,63871,0,0,16212662351989052772
representative_application,application_hash_sdax,10,9,27,63593,0,0,11560519827294593319
representative_application,application_hash_sdax,10,9,28,63241,0,0,7617103062409141563
representative_application,application_hash_sdax,10,9,29,63556,0,0,15838086077383948403
representative_application,application_hash_sdax,10,9,30,63630,0,0,8116776606867456652
representative_application,application_hash_sdax,10,9,31,62797,0,0,11359474695907197805
representative_application,application_hash_sdax,10,9,32,62908,0,0,9168736860549268637
representative_application,application_hash_sdax,10,9,33,64482,0,0,16764612828771598240
representative_application,application_hash_sdax,10,9,34,63241,0,0,14255204493723425259
representative_application,application_hash_sdax,10,9,35,63278,0,0,3518369773145393400
representative_application,application_hash_sdax,10,9,36,63667,0,0,8965317550446050729
representative_application,application_hash_sdax,10,9,37,62667,0,0,16665962306655849748
representative_application,application_hash_sdax,10,9,38,63556,0,0,13342058531664200426
representative_application,application_hash_sdax,10,9,39,63185,0,0,18112928529687244317
representative_application_alloc,application_hash_sdax,10,9,0,0,572,45165,17601881740522758837
representative_application,application_hash_handwritten,10,9,0,1407,0,0,8827501768403342006
representative_application,application_hash_handwritten,10,9,1,1241,0,0,8951258580674472748
representative_application,application_hash_handwritten,10,9,2,1240,0,0,18157584738022301125
representative_application,application_hash_handwritten,10,9,3,1240,0,0,16093298964628915616
representative_application,application_hash_handwritten,10,9,4,1241,0,0,4338024545885762413
representative_application,application_hash_handwritten,10,9,5,1222,0,0,4989613096480112063
representative_application,application_hash_handwritten,10,9,6,1223,0,0,14756605482753659038
representative_application,application_hash_handwritten,10,9,7,1240,0,0,48615153832195891
representative_application,application_hash_handwritten,10,9,8,1241,0,0,12897547982939568864
representative_application,application_hash_handwritten,10,9,9,1241,0,0,6455468052857312122
representative_application,application_hash_handwritten,10,9,10,1222,0,0,7461994257773924099
representative_application,application_hash_handwritten,10,9,11,1222,0,0,3636896381673253622
representative_application,application_hash_handwritten,10,9,12,1241,0,0,6793413810667899077
representative_application,application_hash_handwritten,10,9,13,1241,0,0,12277190981714708309
representative_application,application_hash_handwritten,10,9,14,1241,0,0,9683030269895486544
representative_application,application_hash_handwritten,10,9,15,1222,0,0,9383150768291419923
representative_application,application_hash_handwritten,10,9,16,1240,0,0,11312423361794011585
representative_application,application_hash_handwritten,10,9,17,1241,0,0,18128183083347417489
representative_application,application_hash_handwritten,10,9,18,1241,0,0,12087555839788357173
representative_application,application_hash_handwritten,10,9,19,1241,0,0,13041129334982073489
representative_application,application_hash_handwritten,10,9,20,1241,0,0,8384464984104957686
representative_application,application_hash_handwritten,10,9,21,1241,0,0,10868783110269989824
representative_application,application_hash_handwritten,10,9,22,1223,0,0,15668235844036064710
representative_application,application_hash_handwritten,10,9,23,1500,0,0,4013874171971043561
representative_application,application_hash_handwritten,10,9,24,1241,0,0,4203571749175062307
representative_application,application_hash_handwritten,10,9,25,1241,0,0,10926854856726577929
representative_application,application_hash_handwritten,10,9,26,1241,0,0,16212662351989052773
representative_application,application_hash_handwritten,10,9,27,1222,0,0,11560519827294593318
representative_application,application_hash_handwritten,10,9,28,1241,0,0,7617103062409141562
representative_application,application_hash_handwritten,10,9,29,1241,0,0,15838086077383948402
representative_application,application_hash_handwritten,10,9,30,1241,0,0,8116776606867456653
representative_application,application_hash_handwritten,10,9,31,1241,0,0,11359474695907197804
representative_application,application_hash_handwritten,10,9,32,1222,0,0,9168736860549268636
representative_application,application_hash_handwritten,10,9,33,1241,0,0,16764612828771598241
representative_application,application_hash_handwritten,10,9,34,1593,0,0,14255204493723425258
representative_application,application_hash_handwritten,10,9,35,1223,0,0,3518369773145393401
representative_application,application_hash_handwritten,10,9,36,1241,0,0,8965317550446050728
representative_application,application_hash_handwritten,10,9,37,1240,0,0,16665962306655849749
representative_application,application_hash_handwritten,10,9,38,1241,0,0,13342058531664200427
representative_application,application_hash_handwritten,10,9,39,1241,0,0,18112928529687244316
representative_application,application_hash_sdax,100,99,0,791763,0,0,11698499080773063169
representative_application,application_hash_sdax,100,99,1,788447,0,0,1167273700599470746
representative_application,application_hash_sdax,100,99,2,796113,0,0,230717062559681466
representative_application,application_hash_sdax,100,99,3,785910,0,0,13461277124864170951
representative_application,application_hash_sdax,100,99,4,913856,0,0,1843089491647656604
representative_application,application_hash_sdax,100,99,5,932355,0,0,1884400405866327554
representative_application,application_hash_sdax,100,99,6,856262,0,0,15657071968087079792
representative_application,application_hash_sdax,100,99,7,945485,0,0,8136226820520416651
representative_application,application_hash_sdax,100,99,8,830114,0,0,9211086410723557827
representative_application,application_hash_sdax,100,99,9,803151,0,0,3206438314367023030
representative_application,application_hash_sdax,100,99,10,793299,0,0,5368241661201366769
representative_application,application_hash_sdax,100,99,11,821614,0,0,6168939717596367288
representative_application,application_hash_sdax,100,99,12,791855,0,0,14206662131410471245
representative_application,application_hash_sdax,100,99,13,784614,0,0,13119166869922341979
representative_application,application_hash_sdax,100,99,14,786614,0,0,13832537443924736586
representative_application,application_hash_sdax,100,99,15,836947,0,0,10215951684877506974
representative_application,application_hash_sdax,100,99,16,915559,0,0,5034229283543529572
representative_application,application_hash_sdax,100,99,17,814707,0,0,14677823012927430832
representative_application,application_hash_sdax,100,99,18,858522,0,0,13894612964717701903
representative_application,application_hash_sdax,100,99,19,797021,0,0,15583721593309401490
representative_application,application_hash_sdax,100,99,20,794503,0,0,6418842662590208827
representative_application,application_hash_sdax,100,99,21,811966,0,0,13631435880641776915
representative_application,application_hash_sdax,100,99,22,789410,0,0,17183653852698357092
representative_application,application_hash_sdax,100,99,23,802559,0,0,9274972455216937604
representative_application,application_hash_sdax,100,99,24,795744,0,0,9355792106790873694
representative_application,application_hash_sdax,100,99,25,785577,0,0,6870977820890846112
representative_application,application_hash_sdax,100,99,26,798836,0,0,7356228651156183227
representative_application,application_hash_sdax,100,99,27,788040,0,0,6496560239278517594
representative_application,application_hash_sdax,100,99,28,784429,0,0,1600470374967907333
representative_application,application_hash_sdax,100,99,29,786929,0,0,7749396622089507156
representative_application,application_hash_sdax,100,99,30,785984,0,0,5914597544721144955
representative_application,application_hash_sdax,100,99,31,796336,0,0,8593148281290798141
representative_application,application_hash_sdax,100,99,32,791114,0,0,17312262507819578044
representative_application,application_hash_sdax,100,99,33,785114,0,0,8449402800832754809
representative_application,application_hash_sdax,100,99,34,786762,0,0,3614604414420252231
representative_application,application_hash_sdax,100,99,35,787947,0,0,2366660716473973819
representative_application,application_hash_sdax,100,99,36,796799,0,0,8524431054321544385
representative_application,application_hash_sdax,100,99,37,787447,0,0,11652126080490940143
representative_application,application_hash_sdax,100,99,38,788336,0,0,7153169922785203679
representative_application,application_hash_sdax,100,99,39,785818,0,0,6082470906507506695
representative_application_alloc,application_hash_sdax,100,99,0,0,5259,516237,4889995614244325387
representative_application,application_hash_handwritten,100,99,0,13481,0,0,11698499080773063168
representative_application,application_hash_handwritten,100,99,1,13315,0,0,1167273700599470747
representative_application,application_hash_handwritten,100,99,2,13315,0,0,230717062559681467
representative_application,application_hash_handwritten,100,99,3,13314,0,0,13461277124864170950
representative_application,application_hash_handwritten,100,99,4,13315,0,0,1843089491647656605
representative_application,application_hash_handwritten,100,99,5,13704,0,0,1884400405866327555
representative_application,application_hash_handwritten,100,99,6,13315,0,0,15657071968087079793
representative_application,application_hash_handwritten,100,99,7,13315,0,0,8136226820520416650
representative_application,application_hash_handwritten,100,99,8,13296,0,0,9211086410723557826
representative_application,application_hash_handwritten,100,99,9,13296,0,0,3206438314367023031
representative_application,application_hash_handwritten,100,99,10,13315,0,0,5368241661201366768
representative_application,application_hash_handwritten,100,99,11,13315,0,0,6168939717596367289
representative_application,application_hash_handwritten,100,99,12,13315,0,0,14206662131410471244
representative_application,application_hash_handwritten,100,99,13,13315,0,0,13119166869922341978
representative_application,application_hash_handwritten,100,99,14,13314,0,0,13832537443924736587
representative_application,application_hash_handwritten,100,99,15,13296,0,0,10215951684877506975
representative_application,application_hash_handwritten,100,99,16,13314,0,0,5034229283543529573
representative_application,application_hash_handwritten,100,99,17,13315,0,0,14677823012927430833
representative_application,application_hash_handwritten,100,99,18,13315,0,0,13894612964717701902
representative_application,application_hash_handwritten,100,99,19,13315,0,0,15583721593309401491
representative_application,application_hash_handwritten,100,99,20,13297,0,0,6418842662590208826
representative_application,application_hash_handwritten,100,99,21,13314,0,0,13631435880641776914
representative_application,application_hash_handwritten,100,99,22,17463,0,0,17183653852698357093
representative_application,application_hash_handwritten,100,99,23,13315,0,0,9274972455216937605
representative_application,application_hash_handwritten,100,99,24,13314,0,0,9355792106790873695
representative_application,application_hash_handwritten,100,99,25,13315,0,0,6870977820890846113
representative_application,application_hash_handwritten,100,99,26,13315,0,0,7356228651156183226
representative_application,application_hash_handwritten,100,99,27,13315,0,0,6496560239278517595
representative_application,application_hash_handwritten,100,99,28,13297,0,0,1600470374967907332
representative_application,application_hash_handwritten,100,99,29,13296,0,0,7749396622089507157
representative_application,application_hash_handwritten,100,99,30,13314,0,0,5914597544721144954
representative_application,application_hash_handwritten,100,99,31,13315,0,0,8593148281290798140
representative_application,application_hash_handwritten,100,99,32,13314,0,0,17312262507819578045
representative_application,application_hash_handwritten,100,99,33,13315,0,0,8449402800832754808
representative_application,application_hash_handwritten,100,99,34,13297,0,0,3614604414420252230
representative_application,application_hash_handwritten,100,99,35,13296,0,0,2366660716473973818
representative_application,application_hash_handwritten,100,99,36,13315,0,0,8524431054321544384
representative_application,application_hash_handwritten,100,99,37,13315,0,0,11652126080490940142
representative_application,application_hash_handwritten,100,99,38,13314,0,0,7153169922785203678
representative_application,application_hash_handwritten,100,99,39,13537,0,0,6082470906507506694
