phase,workload,nodes,edges,sample,nanos,allocations,allocated_bytes,checksum
adapter_setup,current_thread_runtime,0,0,0,7125,0,0,0
adapter_setup,current_thread_runtime,0,0,1,5167,0,0,0
adapter_setup,current_thread_runtime,0,0,2,2833,0,0,0
adapter_setup,current_thread_runtime,0,0,3,2625,0,0,0
adapter_setup,current_thread_runtime,0,0,4,2417,0,0,0
adapter_setup,current_thread_runtime,0,0,5,2833,0,0,0
adapter_setup,current_thread_runtime,0,0,6,2375,0,0,0
adapter_setup,current_thread_runtime,0,0,7,4583,0,0,0
adapter_setup,current_thread_runtime,0,0,8,2625,0,0,0
adapter_setup,current_thread_runtime,0,0,9,2708,0,0,0
adapter_setup,current_thread_runtime,0,0,10,2500,0,0,0
adapter_setup,current_thread_runtime,0,0,11,6334,0,0,0
adapter_setup,current_thread_runtime,0,0,12,4833,0,0,0
adapter_setup,current_thread_runtime,0,0,13,2708,0,0,0
adapter_setup,current_thread_runtime,0,0,14,2458,0,0,0
adapter_setup,current_thread_runtime,0,0,15,2333,0,0,0
adapter_setup,current_thread_runtime,0,0,16,2375,0,0,0
adapter_setup,current_thread_runtime,0,0,17,4333,0,0,0
adapter_setup,current_thread_runtime,0,0,18,2625,0,0,0
adapter_setup,current_thread_runtime,0,0,19,2542,0,0,0
adapter_setup,current_thread_runtime,0,0,20,2292,0,0,0
adapter_setup,current_thread_runtime,0,0,21,2417,0,0,0
adapter_setup,current_thread_runtime,0,0,22,2334,0,0,0
adapter_setup,current_thread_runtime,0,0,23,2375,0,0,0
adapter_setup,current_thread_runtime,0,0,24,2375,0,0,0
adapter_setup,current_thread_runtime,0,0,25,2250,0,0,0
adapter_setup,current_thread_runtime,0,0,26,2291,0,0,0
adapter_setup,current_thread_runtime,0,0,27,2333,0,0,0
adapter_setup,current_thread_runtime,0,0,28,2333,0,0,0
adapter_setup,current_thread_runtime,0,0,29,4375,0,0,0
adapter_setup,current_thread_runtime,0,0,30,2542,0,0,0
adapter_setup,current_thread_runtime,0,0,31,2333,0,0,0
adapter_setup,current_thread_runtime,0,0,32,2209,0,0,0
adapter_setup,current_thread_runtime,0,0,33,2292,0,0,0
adapter_setup,current_thread_runtime,0,0,34,2375,0,0,0
adapter_setup,current_thread_runtime,0,0,35,2208,0,0,0
adapter_setup,current_thread_runtime,0,0,36,2292,0,0,0
adapter_setup,current_thread_runtime,0,0,37,2250,0,0,0
adapter_setup,current_thread_runtime,0,0,38,2375,0,0,0
adapter_setup,current_thread_runtime,0,0,39,2292,0,0,0
fixture_generation,graph_chain,1,0,0,584,0,0,5
fixture_generation,graph_chain,1,0,1,291,0,0,5
fixture_generation,graph_chain,1,0,2,333,0,0,5
fixture_generation,graph_chain,1,0,3,291,0,0,5
fixture_generation,graph_chain,1,0,4,292,0,0,5
fixture_generation,graph_chain,1,0,5,250,0,0,5
fixture_generation,graph_chain,1,0,6,250,0,0,5
fixture_generation,graph_chain,1,0,7,250,0,0,5
fixture_generation,graph_chain,1,0,8,292,0,0,5
fixture_generation,graph_chain,1,0,9,292,0,0,5
fixture_generation,graph_chain,1,0,10,1958,0,0,5
fixture_generation,graph_chain,1,0,11,458,0,0,5
fixture_generation,graph_chain,1,0,12,334,0,0,5
fixture_generation,graph_chain,1,0,13,292,0,0,5
fixture_generation,graph_chain,1,0,14,250,0,0,5
fixture_generation,graph_chain,1,0,15,250,0,0,5
fixture_generation,graph_chain,1,0,16,250,0,0,5
fixture_generation,graph_chain,1,0,17,250,0,0,5
fixture_generation,graph_chain,1,0,18,250,0,0,5
fixture_generation,graph_chain,1,0,19,250,0,0,5
plan_build,graph_chain,1,0,0,4209,0,0,11
plan_build,graph_chain,1,0,1,1500,0,0,11
plan_build,graph_chain,1,0,2,1084,0,0,11
plan_build,graph_chain,1,0,3,1042,0,0,11
plan_build,graph_chain,1,0,4,1000,0,0,11
plan_build,graph_chain,1,0,5,1125,0,0,11
plan_build,graph_chain,1,0,6,1000,0,0,11
plan_build,graph_chain,1,0,7,1000,0,0,11
plan_build,graph_chain,1,0,8,1042,0,0,11
plan_build,graph_chain,1,0,9,1042,0,0,11
plan_build,graph_chain,1,0,10,1042,0,0,11
plan_build,graph_chain,1,0,11,1000,0,0,11
plan_build,graph_chain,1,0,12,958,0,0,11
plan_build,graph_chain,1,0,13,958,0,0,11
plan_build,graph_chain,1,0,14,1000,0,0,11
plan_build,graph_chain,1,0,15,1000,0,0,11
plan_build,graph_chain,1,0,16,1000,0,0,11
plan_build,graph_chain,1,0,17,958,0,0,11
plan_build,graph_chain,1,0,18,958,0,0,11
plan_build,graph_chain,1,0,19,958,0,0,11
plan_build_alloc,graph_chain,1,0,0,0,13,2317,11
engine_execution,graph_chain,1,0,0,5125,0,0,1
engine_execution,graph_chain,1,0,1,5083,0,0,0
engine_execution,graph_chain,1,0,2,6208,0,0,3
engine_execution,graph_chain,1,0,3,5208,0,0,2
engine_execution,graph_chain,1,0,4,5000,0,0,5
engine_execution,graph_chain,1,0,5,5000,0,0,4
engine_execution,graph_chain,1,0,6,4917,0,0,7
engine_execution,graph_chain,1,0,7,4916,0,0,6
engine_execution,graph_chain,1,0,8,5042,0,0,9
engine_execution,graph_chain,1,0,9,5000,0,0,8
engine_execution,graph_chain,1,0,10,4833,0,0,11
engine_execution,graph_chain,1,0,11,4833,0,0,10
engine_execution,graph_chain,1,0,12,4834,0,0,13
engine_execution,graph_chain,1,0,13,4959,0,0,12
engine_execution,graph_chain,1,0,14,4959,0,0,15
engine_execution,graph_chain,1,0,15,4916,0,0,14
engine_execution,graph_chain,1,0,16,4792,0,0,17
engine_execution,graph_chain,1,0,17,4834,0,0,16
engine_execution,graph_chain,1,0,18,5000,0,0,19
engine_execution,graph_chain,1,0,19,4833,0,0,18
engine_execution,graph_chain,1,0,20,4875,0,0,21
engine_execution,graph_chain,1,0,21,4833,0,0,20
engine_execution,graph_chain,1,0,22,4958,0,0,23
engine_execution,graph_chain,1,0,23,4834,0,0,22
engine_execution,graph_chain,1,0,24,4833,0,0,25
engine_execution,graph_chain,1,0,25,4833,0,0,24
engine_execution,graph_chain,1,0,26,4833,0,0,27
engine_execution,graph_chain,1,0,27,5000,0,0,26
engine_execution,graph_chain,1,0,28,4875,0,0,29
engine_execution,graph_chain,1,0,29,4792,0,0,28
engine_execution,graph_chain,1,0,30,5000,0,0,31
engine_execution,graph_chain,1,0,31,4833,0,0,30
engine_execution,graph_chain,1,0,32,5000,0,0,33
engine_execution,graph_chain,1,0,33,4833,0,0,32
engine_execution,graph_chain,1,0,34,4791,0,0,35
engine_execution,graph_chain,1,0,35,5000,0,0,34
engine_execution,graph_chain,1,0,36,4750,0,0,37
engine_execution,graph_chain,1,0,37,4916,0,0,36
engine_execution,graph_chain,1,0,38,4958,0,0,39
engine_execution,graph_chain,1,0,39,5000,0,0,38
engine_execution_alloc,graph_chain,1,0,0,0,118,15764,23131
machine_state_setup,graph_chain,1,0,0,792,0,0,1
body_state_setup,graph_chain,1,0,0,375,0,0,0
machine_state_setup,graph_chain,1,0,1,584,0,0,1
body_state_setup,graph_chain,1,0,1,250,0,0,0
machine_state_setup,graph_chain,1,0,2,500,0,0,1
body_state_setup,graph_chain,1,0,2,208,0,0,0
machine_state_setup,graph_chain,1,0,3,500,0,0,1
body_state_setup,graph_chain,1,0,3,250,0,0,0
machine_state_setup,graph_chain,1,0,4,541,0,0,1
body_state_setup,graph_chain,1,0,4,208,0,0,0
machine_state_setup,graph_chain,1,0,5,458,0,0,1
body_state_setup,graph_chain,1,0,5,208,0,0,0
machine_state_setup,graph_chain,1,0,6,542,0,0,1
body_state_setup,graph_chain,1,0,6,291,0,0,0
machine_state_setup,graph_chain,1,0,7,542,0,0,1
body_state_setup,graph_chain,1,0,7,250,0,0,0
machine_state_setup,graph_chain,1,0,8,500,0,0,1
body_state_setup,graph_chain,1,0,8,250,0,0,0
machine_state_setup,graph_chain,1,0,9,500,0,0,1
body_state_setup,graph_chain,1,0,9,250,0,0,0
machine_state_setup,graph_chain,1,0,10,500,0,0,1
body_state_setup,graph_chain,1,0,10,250,0,0,0
machine_state_setup,graph_chain,1,0,11,459,0,0,1
body_state_setup,graph_chain,1,0,11,209,0,0,0
machine_state_setup,graph_chain,1,0,12,500,0,0,1
body_state_setup,graph_chain,1,0,12,291,0,0,0
machine_state_setup,graph_chain,1,0,13,500,0,0,1
body_state_setup,graph_chain,1,0,13,208,0,0,0
machine_state_setup,graph_chain,1,0,14,500,0,0,1
body_state_setup,graph_chain,1,0,14,208,0,0,0
machine_state_setup,graph_chain,1,0,15,583,0,0,1
body_state_setup,graph_chain,1,0,15,250,0,0,0
machine_state_setup,graph_chain,1,0,16,500,0,0,1
body_state_setup,graph_chain,1,0,16,208,0,0,0
machine_state_setup,graph_chain,1,0,17,500,0,0,1
body_state_setup,graph_chain,1,0,17,250,0,0,0
machine_state_setup,graph_chain,1,0,18,500,0,0,1
body_state_setup,graph_chain,1,0,18,209,0,0,0
machine_state_setup,graph_chain,1,0,19,459,0,0,1
body_state_setup,graph_chain,1,0,19,250,0,0,0
machine_state_setup,graph_chain,1,0,20,500,0,0,1
body_state_setup,graph_chain,1,0,20,250,0,0,0
machine_state_setup,graph_chain,1,0,21,500,0,0,1
body_state_setup,graph_chain,1,0,21,250,0,0,0
machine_state_setup,graph_chain,1,0,22,500,0,0,1
body_state_setup,graph_chain,1,0,22,250,0,0,0
machine_state_setup,graph_chain,1,0,23,500,0,0,1
body_state_setup,graph_chain,1,0,23,250,0,0,0
machine_state_setup,graph_chain,1,0,24,500,0,0,1
body_state_setup,graph_chain,1,0,24,250,0,0,0
machine_state_setup,graph_chain,1,0,25,500,0,0,1
body_state_setup,graph_chain,1,0,25,250,0,0,0
machine_state_setup,graph_chain,1,0,26,541,0,0,1
body_state_setup,graph_chain,1,0,26,250,0,0,0
machine_state_setup,graph_chain,1,0,27,541,0,0,1
body_state_setup,graph_chain,1,0,27,250,0,0,0
machine_state_setup,graph_chain,1,0,28,541,0,0,1
body_state_setup,graph_chain,1,0,28,250,0,0,0
machine_state_setup,graph_chain,1,0,29,500,0,0,1
body_state_setup,graph_chain,1,0,29,208,0,0,0
machine_state_setup,graph_chain,1,0,30,500,0,0,1
body_state_setup,graph_chain,1,0,30,250,0,0,0
machine_state_setup,graph_chain,1,0,31,458,0,0,1
body_state_setup,graph_chain,1,0,31,250,0,0,0
machine_state_setup,graph_chain,1,0,32,458,0,0,1
body_state_setup,graph_chain,1,0,32,208,0,0,0
machine_state_setup,graph_chain,1,0,33,458,0,0,1
body_state_setup,graph_chain,1,0,33,208,0,0,0
machine_state_setup,graph_chain,1,0,34,500,0,0,1
body_state_setup,graph_chain,1,0,34,209,0,0,0
machine_state_setup,graph_chain,1,0,35,459,0,0,1
body_state_setup,graph_chain,1,0,35,208,0,0,0
machine_state_setup,graph_chain,1,0,36,458,0,0,1
body_state_setup,graph_chain,1,0,36,208,0,0,0
machine_state_setup,graph_chain,1,0,37,458,0,0,1
body_state_setup,graph_chain,1,0,37,208,0,0,0
machine_state_setup,graph_chain,1,0,38,459,0,0,1
body_state_setup,graph_chain,1,0,38,292,0,0,0
machine_state_setup,graph_chain,1,0,39,458,0,0,1
body_state_setup,graph_chain,1,0,39,208,0,0,0
pure_machine_events_preseeded,graph_chain,1,0,0,1708,0,0,1
pure_machine_events_preseeded,graph_chain,1,0,1,1125,0,0,1
pure_machine_events_preseeded,graph_chain,1,0,2,1000,0,0,1
pure_machine_events_preseeded,graph_chain,1,0,3,1000,0,0,1
pure_machine_events_preseeded,graph_chain,1,0,4,959,0,0,1
pure_machine_events_preseeded,graph_chain,1,0,5,1000,0,0,1
pure_machine_events_preseeded,graph_chain,1,0,6,1000,0,0,1
pure_machine_events_preseeded,graph_chain,1,0,7,1000,0,0,1
pure_machine_events_preseeded,graph_chain,1,0,8,958,0,0,1
pure_machine_events_preseeded,graph_chain,1,0,9,1084,0,0,1
pure_machine_events_preseeded,graph_chain,1,0,10,1042,0,0,1
pure_machine_events_preseeded,graph_chain,1,0,11,1041,0,0,1
pure_machine_events_preseeded,graph_chain,1,0,12,1000,0,0,1
pure_machine_events_preseeded,graph_chain,1,0,13,959,0,0,1
pure_machine_events_preseeded,graph_chain,1,0,14,1000,0,0,1
pure_machine_events_preseeded,graph_chain,1,0,15,959,0,0,1
pure_machine_events_preseeded,graph_chain,1,0,16,959,0,0,1
pure_machine_events_preseeded,graph_chain,1,0,17,958,0,0,1
pure_machine_events_preseeded,graph_chain,1,0,18,1125,0,0,1
pure_machine_events_preseeded,graph_chain,1,0,19,958,0,0,1
pure_machine_events_preseeded,graph_chain,1,0,20,1000,0,0,1
pure_machine_events_preseeded,graph_chain,1,0,21,959,0,0,1
pure_machine_events_preseeded,graph_chain,1,0,22,959,0,0,1
pure_machine_events_preseeded,graph_chain,1,0,23,1000,0,0,1
pure_machine_events_preseeded,graph_chain,1,0,24,958,0,0,1
pure_machine_events_preseeded,graph_chain,1,0,25,958,0,0,1
pure_machine_events_preseeded,graph_chain,1,0,26,1083,0,0,1
pure_machine_events_preseeded,graph_chain,1,0,27,1000,0,0,1
pure_machine_events_preseeded,graph_chain,1,0,28,958,0,0,1
pure_machine_events_preseeded,graph_chain,1,0,29,1000,0,0,1
pure_machine_events_preseeded,graph_chain,1,0,30,959,0,0,1
pure_machine_events_preseeded,graph_chain,1,0,31,959,0,0,1
pure_machine_events_preseeded,graph_chain,1,0,32,959,0,0,1
pure_machine_events_preseeded,graph_chain,1,0,33,1000,0,0,1
pure_machine_events_preseeded,graph_chain,1,0,34,958,0,0,1
pure_machine_events_preseeded,graph_chain,1,0,35,1000,0,0,1
pure_machine_events_preseeded,graph_chain,1,0,36,958,0,0,1
pure_machine_events_preseeded,graph_chain,1,0,37,916,0,0,1
pure_machine_events_preseeded,graph_chain,1,0,38,1042,0,0,1
pure_machine_events_preseeded,graph_chain,1,0,39,959,0,0,1
fixture_generation,graph_wide,1,0,0,208,0,0,5
fixture_generation,graph_wide,1,0,1,83,0,0,5
fixture_generation,graph_wide,1,0,2,83,0,0,5
fixture_generation,graph_wide,1,0,3,83,0,0,5
fixture_generation,graph_wide,1,0,4,83,0,0,5
fixture_generation,graph_wide,1,0,5,125,0,0,5
fixture_generation,graph_wide,1,0,6,125,0,0,5
fixture_generation,graph_wide,1,0,7,83,0,0,5
fixture_generation,graph_wide,1,0,8,83,0,0,5
fixture_generation,graph_wide,1,0,9,83,0,0,5
fixture_generation,graph_wide,1,0,10,83,0,0,5
fixture_generation,graph_wide,1,0,11,83,0,0,5
fixture_generation,graph_wide,1,0,12,83,0,0,5
fixture_generation,graph_wide,1,0,13,83,0,0,5
fixture_generation,graph_wide,1,0,14,125,0,0,5
fixture_generation,graph_wide,1,0,15,167,0,0,5
fixture_generation,graph_wide,1,0,16,84,0,0,5
fixture_generation,graph_wide,1,0,17,84,0,0,5
fixture_generation,graph_wide,1,0,18,84,0,0,5
fixture_generation,graph_wide,1,0,19,125,0,0,5
plan_build,graph_wide,1,0,0,666,0,0,10
plan_build,graph_wide,1,0,1,458,0,0,10
plan_build,graph_wide,1,0,2,417,0,0,10
plan_build,graph_wide,1,0,3,375,0,0,10
plan_build,graph_wide,1,0,4,417,0,0,10
plan_build,graph_wide,1,0,5,416,0,0,10
plan_build,graph_wide,1,0,6,375,0,0,10
plan_build,graph_wide,1,0,7,417,0,0,10
plan_build,graph_wide,1,0,8,417,0,0,10
plan_build,graph_wide,1,0,9,416,0,0,10
plan_build,graph_wide,1,0,10,417,0,0,10
plan_build,graph_wide,1,0,11,375,0,0,10
plan_build,graph_wide,1,0,12,417,0,0,10
plan_build,graph_wide,1,0,13,375,0,0,10
plan_build,graph_wide,1,0,14,417,0,0,10
plan_build,graph_wide,1,0,15,458,0,0,10
plan_build,graph_wide,1,0,16,417,0,0,10
plan_build,graph_wide,1,0,17,416,0,0,10
plan_build,graph_wide,1,0,18,417,0,0,10
plan_build,graph_wide,1,0,19,375,0,0,10
plan_build_alloc,graph_wide,1,0,0,0,13,2316,10
engine_execution,graph_wide,1,0,0,4709,0,0,1
engine_execution,graph_wide,1,0,1,4792,0,0,0
engine_execution,graph_wide,1,0,2,4625,0,0,3
engine_execution,graph_wide,1,0,3,4792,0,0,2
engine_execution,graph_wide,1,0,4,4625,0,0,5
engine_execution,graph_wide,1,0,5,4875,0,0,4
engine_execution,graph_wide,1,0,6,4667,0,0,7
engine_execution,graph_wide,1,0,7,4708,0,0,6
engine_execution,graph_wide,1,0,8,4666,0,0,9
engine_execution,graph_wide,1,0,9,4750,0,0,8
engine_execution,graph_wide,1,0,10,4750,0,0,11
engine_execution,graph_wide,1,0,11,4791,0,0,10
engine_execution,graph_wide,1,0,12,4750,0,0,13
engine_execution,graph_wide,1,0,13,4708,0,0,12
engine_execution,graph_wide,1,0,14,4625,0,0,15
engine_execution,graph_wide,1,0,15,4625,0,0,14
engine_execution,graph_wide,1,0,16,4708,0,0,17
engine_execution,graph_wide,1,0,17,4583,0,0,16
engine_execution,graph_wide,1,0,18,4792,0,0,19
engine_execution,graph_wide,1,0,19,4875,0,0,18
engine_execution,graph_wide,1,0,20,4583,0,0,21
engine_execution,graph_wide,1,0,21,4666,0,0,20
engine_execution,graph_wide,1,0,22,4750,0,0,23
engine_execution,graph_wide,1,0,23,9583,0,0,22
engine_execution,graph_wide,1,0,24,11292,0,0,25
engine_execution,graph_wide,1,0,25,11125,0,0,24
engine_execution,graph_wide,1,0,26,11500,0,0,27
engine_execution,graph_wide,1,0,27,11500,0,0,26
engine_execution,graph_wide,1,0,28,11042,0,0,29
engine_execution,graph_wide,1,0,29,11250,0,0,28
engine_execution,graph_wide,1,0,30,11375,0,0,31
engine_execution,graph_wide,1,0,31,11250,0,0,30
engine_execution,graph_wide,1,0,32,11250,0,0,33
engine_execution,graph_wide,1,0,33,11500,0,0,32
engine_execution,graph_wide,1,0,34,11291,0,0,35
engine_execution,graph_wide,1,0,35,10958,0,0,34
engine_execution,graph_wide,1,0,36,11166,0,0,37
engine_execution,graph_wide,1,0,37,11208,0,0,36
engine_execution,graph_wide,1,0,38,11417,0,0,39
engine_execution,graph_wide,1,0,39,11208,0,0,38
engine_execution_alloc,graph_wide,1,0,0,0,118,15762,23131
machine_state_setup,graph_wide,1,0,0,1334,0,0,1
body_state_setup,graph_wide,1,0,0,541,0,0,0
machine_state_setup,graph_wide,1,0,1,1208,0,0,1
body_state_setup,graph_wide,1,0,1,625,0,0,0
machine_state_setup,graph_wide,1,0,2,1208,0,0,1
body_state_setup,graph_wide,1,0,2,583,0,0,0
machine_state_setup,graph_wide,1,0,3,1167,0,0,1
body_state_setup,graph_wide,1,0,3,625,0,0,0
machine_state_setup,graph_wide,1,0,4,1125,0,0,1
body_state_setup,graph_wide,1,0,4,625,0,0,0
machine_state_setup,graph_wide,1,0,5,1125,0,0,1
body_state_setup,graph_wide,1,0,5,625,0,0,0
machine_state_setup,graph_wide,1,0,6,1125,0,0,1
body_state_setup,graph_wide,1,0,6,500,0,0,0
machine_state_setup,graph_wide,1,0,7,1125,0,0,1
body_state_setup,graph_wide,1,0,7,625,0,0,0
machine_state_setup,graph_wide,1,0,8,1125,0,0,1
body_state_setup,graph_wide,1,0,8,500,0,0,0
machine_state_setup,graph_wide,1,0,9,1125,0,0,1
body_state_setup,graph_wide,1,0,9,500,0,0,0
machine_state_setup,graph_wide,1,0,10,1125,0,0,1
body_state_setup,graph_wide,1,0,10,500,0,0,0
machine_state_setup,graph_wide,1,0,11,1125,0,0,1
body_state_setup,graph_wide,1,0,11,500,0,0,0
machine_state_setup,graph_wide,1,0,12,1166,0,0,1
body_state_setup,graph_wide,1,0,12,583,0,0,0
machine_state_setup,graph_wide,1,0,13,1125,0,0,1
body_state_setup,graph_wide,1,0,13,584,0,0,0
machine_state_setup,graph_wide,1,0,14,1125,0,0,1
body_state_setup,graph_wide,1,0,14,500,0,0,0
machine_state_setup,graph_wide,1,0,15,1125,0,0,1
body_state_setup,graph_wide,1,0,15,500,0,0,0
machine_state_setup,graph_wide,1,0,16,1125,0,0,1
body_state_setup,graph_wide,1,0,16,625,0,0,0
machine_state_setup,graph_wide,1,0,17,1125,0,0,1
body_state_setup,graph_wide,1,0,17,583,0,0,0
machine_state_setup,graph_wide,1,0,18,1167,0,0,1
body_state_setup,graph_wide,1,0,18,584,0,0,0
machine_state_setup,graph_wide,1,0,19,1125,0,0,1
body_state_setup,graph_wide,1,0,19,500,0,0,0
machine_state_setup,graph_wide,1,0,20,1083,0,0,1
body_state_setup,graph_wide,1,0,20,584,0,0,0
machine_state_setup,graph_wide,1,0,21,1083,0,0,1
body_state_setup,graph_wide,1,0,21,583,0,0,0
machine_state_setup,graph_wide,1,0,22,1125,0,0,1
body_state_setup,graph_wide,1,0,22,583,0,0,0
machine_state_setup,graph_wide,1,0,23,1125,0,0,1
body_state_setup,graph_wide,1,0,23,500,0,0,0
machine_state_setup,graph_wide,1,0,24,1125,0,0,1
body_state_setup,graph_wide,1,0,24,583,0,0,0
machine_state_setup,graph_wide,1,0,25,1125,0,0,1
body_state_setup,graph_wide,1,0,25,500,0,0,0
machine_state_setup,graph_wide,1,0,26,1166,0,0,1
body_state_setup,graph_wide,1,0,26,625,0,0,0
machine_state_setup,graph_wide,1,0,27,1084,0,0,1
body_state_setup,graph_wide,1,0,27,542,0,0,0
machine_state_setup,graph_wide,1,0,28,1083,0,0,1
body_state_setup,graph_wide,1,0,28,541,0,0,0
machine_state_setup,graph_wide,1,0,29,1125,0,0,1
body_state_setup,graph_wide,1,0,29,541,0,0,0
machine_state_setup,graph_wide,1,0,30,1167,0,0,1
body_state_setup,graph_wide,1,0,30,583,0,0,0
machine_state_setup,graph_wide,1,0,31,1125,0,0,1
body_state_setup,graph_wide,1,0,31,541,0,0,0
machine_state_setup,graph_wide,1,0,32,1083,0,0,1
body_state_setup,graph_wide,1,0,32,584,0,0,0
machine_state_setup,graph_wide,1,0,33,1209,0,0,1
body_state_setup,graph_wide,1,0,33,542,0,0,0
machine_state_setup,graph_wide,1,0,34,1167,0,0,1
body_state_setup,graph_wide,1,0,34,500,0,0,0
machine_state_setup,graph_wide,1,0,35,1084,0,0,1
body_state_setup,graph_wide,1,0,35,625,0,0,0
machine_state_setup,graph_wide,1,0,36,1125,0,0,1
body_state_setup,graph_wide,1,0,36,625,0,0,0
machine_state_setup,graph_wide,1,0,37,1166,0,0,1
body_state_setup,graph_wide,1,0,37,542,0,0,0
machine_state_setup,graph_wide,1,0,38,1125,0,0,1
body_state_setup,graph_wide,1,0,38,583,0,0,0
machine_state_setup,graph_wide,1,0,39,1250,0,0,1
body_state_setup,graph_wide,1,0,39,500,0,0,0
fixture_generation,graph_sparse,1,0,0,292,0,0,5
fixture_generation,graph_sparse,1,0,1,250,0,0,5
fixture_generation,graph_sparse,1,0,2,250,0,0,5
fixture_generation,graph_sparse,1,0,3,250,0,0,5
fixture_generation,graph_sparse,1,0,4,250,0,0,5
fixture_generation,graph_sparse,1,0,5,250,0,0,5
fixture_generation,graph_sparse,1,0,6,208,0,0,5
fixture_generation,graph_sparse,1,0,7,250,0,0,5
fixture_generation,graph_sparse,1,0,8,250,0,0,5
fixture_generation,graph_sparse,1,0,9,250,0,0,5
fixture_generation,graph_sparse,1,0,10,250,0,0,5
fixture_generation,graph_sparse,1,0,11,250,0,0,5
fixture_generation,graph_sparse,1,0,12,208,0,0,5
fixture_generation,graph_sparse,1,0,13,209,0,0,5
fixture_generation,graph_sparse,1,0,14,250,0,0,5
fixture_generation,graph_sparse,1,0,15,250,0,0,5
fixture_generation,graph_sparse,1,0,16,250,0,0,5
fixture_generation,graph_sparse,1,0,17,250,0,0,5
fixture_generation,graph_sparse,1,0,18,209,0,0,5
fixture_generation,graph_sparse,1,0,19,208,0,0,5
plan_build,graph_sparse,1,0,0,1542,0,0,12
plan_build,graph_sparse,1,0,1,1084,0,0,12
plan_build,graph_sparse,1,0,2,1042,0,0,12
plan_build,graph_sparse,1,0,3,1042,0,0,12
plan_build,graph_sparse,1,0,4,1000,0,0,12
plan_build,graph_sparse,1,0,5,1000,0,0,12
plan_build,graph_sparse,1,0,6,1000,0,0,12
plan_build,graph_sparse,1,0,7,1042,0,0,12
plan_build,graph_sparse,1,0,8,1000,0,0,12
plan_build,graph_sparse,1,0,9,1042,0,0,12
plan_build,graph_sparse,1,0,10,1000,0,0,12
plan_build,graph_sparse,1,0,11,1000,0,0,12
plan_build,graph_sparse,1,0,12,1000,0,0,12
plan_build,graph_sparse,1,0,13,1041,0,0,12
plan_build,graph_sparse,1,0,14,1000,0,0,12
plan_build,graph_sparse,1,0,15,1042,0,0,12
plan_build,graph_sparse,1,0,16,1042,0,0,12
plan_build,graph_sparse,1,0,17,1041,0,0,12
plan_build,graph_sparse,1,0,18,1000,0,0,12
plan_build,graph_sparse,1,0,19,1000,0,0,12
plan_build_alloc,graph_sparse,1,0,0,0,13,2318,12
engine_execution,graph_sparse,1,0,0,11292,0,0,1
engine_execution,graph_sparse,1,0,1,11208,0,0,0
engine_execution,graph_sparse,1,0,2,11458,0,0,3
engine_execution,graph_sparse,1,0,3,11375,0,0,2
engine_execution,graph_sparse,1,0,4,11666,0,0,5
engine_execution,graph_sparse,1,0,5,11375,0,0,4
engine_execution,graph_sparse,1,0,6,11375,0,0,7
engine_execution,graph_sparse,1,0,7,11292,0,0,6
engine_execution,graph_sparse,1,0,8,11417,0,0,9
engine_execution,graph_sparse,1,0,9,11417,0,0,8
engine_execution,graph_sparse,1,0,10,11375,0,0,11
engine_execution,graph_sparse,1,0,11,11167,0,0,10
engine_execution,graph_sparse,1,0,12,11792,0,0,13
engine_execution,graph_sparse,1,0,13,11459,0,0,12
engine_execution,graph_sparse,1,0,14,11167,0,0,15
engine_execution,graph_sparse,1,0,15,11500,0,0,14
engine_execution,graph_sparse,1,0,16,11416,0,0,17
engine_execution,graph_sparse,1,0,17,11333,0,0,16
engine_execution,graph_sparse,1,0,18,11458,0,0,19
engine_execution,graph_sparse,1,0,19,11250,0,0,18
engine_execution,graph_sparse,1,0,20,11292,0,0,21
engine_execution,graph_sparse,1,0,21,11459,0,0,20
engine_execution,graph_sparse,1,0,22,11375,0,0,23
engine_execution,graph_sparse,1,0,23,11458,0,0,22
engine_execution,graph_sparse,1,0,24,11583,0,0,25
engine_execution,graph_sparse,1,0,25,11334,0,0,24
engine_execution,graph_sparse,1,0,26,11834,0,0,27
engine_execution,graph_sparse,1,0,27,11459,0,0,26
engine_execution,graph_sparse,1,0,28,11584,0,0,29
engine_execution,graph_sparse,1,0,29,11458,0,0,28
engine_execution,graph_sparse,1,0,30,11500,0,0,31
engine_execution,graph_sparse,1,0,31,11334,0,0,30
engine_execution,graph_sparse,1,0,32,11417,0,0,33
engine_execution,graph_sparse,1,0,33,11209,0,0,32
engine_execution,graph_sparse,1,0,34,11250,0,0,35
engine_execution,graph_sparse,1,0,35,11209,0,0,34
engine_execution,graph_sparse,1,0,36,11417,0,0,37
engine_execution,graph_sparse,1,0,37,11166,0,0,36
engine_execution,graph_sparse,1,0,38,11458,0,0,39
engine_execution,graph_sparse,1,0,39,11334,0,0,38
engine_execution_alloc,graph_sparse,1,0,0,0,118,15766,23131
machine_state_setup,graph_sparse,1,0,0,1375,0,0,1
body_state_setup,graph_sparse,1,0,0,584,0,0,0
machine_state_setup,graph_sparse,1,0,1,1250,0,0,1
body_state_setup,graph_sparse,1,0,1,583,0,0,0
machine_state_setup,graph_sparse,1,0,2,1166,0,0,1
body_state_setup,graph_sparse,1,0,2,625,0,0,0
machine_state_setup,graph_sparse,1,0,3,1167,0,0,1
body_state_setup,graph_sparse,1,0,3,583,0,0,0
machine_state_setup,graph_sparse,1,0,4,1125,0,0,1
body_state_setup,graph_sparse,1,0,4,542,0,0,0
machine_state_setup,graph_sparse,1,0,5,1125,0,0,1
body_state_setup,graph_sparse,1,0,5,666,0,0,0
machine_state_setup,graph_sparse,1,0,6,1125,0,0,1
body_state_setup,graph_sparse,1,0,6,542,0,0,0
machine_state_setup,graph_sparse,1,0,7,1167,0,0,1
body_state_setup,graph_sparse,1,0,7,542,0,0,0
machine_state_setup,graph_sparse,1,0,8,1125,0,0,1
body_state_setup,graph_sparse,1,0,8,583,0,0,0
machine_state_setup,graph_sparse,1,0,9,1125,0,0,1
body_state_setup,graph_sparse,1,0,9,458,0,0,0
machine_state_setup,graph_sparse,1,0,10,1083,0,0,1
body_state_setup,graph_sparse,1,0,10,542,0,0,0
machine_state_setup,graph_sparse,1,0,11,1125,0,0,1
body_state_setup,graph_sparse,1,0,11,583,0,0,0
machine_state_setup,graph_sparse,1,0,12,1125,0,0,1
body_state_setup,graph_sparse,1,0,12,500,0,0,0
machine_state_setup,graph_sparse,1,0,13,1125,0,0,1
body_state_setup,graph_sparse,1,0,13,500,0,0,0
machine_state_setup,graph_sparse,1,0,14,1125,0,0,1
body_state_setup,graph_sparse,1,0,14,541,0,0,0
machine_state_setup,graph_sparse,1,0,15,1125,0,0,1
body_state_setup,graph_sparse,1,0,15,500,0,0,0
machine_state_setup,graph_sparse,1,0,16,1166,0,0,1
body_state_setup,graph_sparse,1,0,16,500,0,0,0
machine_state_setup,graph_sparse,1,0,17,1209,0,0,1
body_state_setup,graph_sparse,1,0,17,458,0,0,0
machine_state_setup,graph_sparse,1,0,18,1125,0,0,1
body_state_setup,graph_sparse,1,0,18,541,0,0,0
machine_state_setup,graph_sparse,1,0,19,1125,0,0,1
body_state_setup,graph_sparse,1,0,19,500,0,0,0
machine_state_setup,graph_sparse,1,0,20,1125,0,0,1
body_state_setup,graph_sparse,1,0,20,542,0,0,0
machine_state_setup,graph_sparse,1,0,21,1125,0,0,1
body_state_setup,graph_sparse,1,0,21,500,0,0,0
machine_state_setup,graph_sparse,1,0,22,1125,0,0,1
body_state_setup,graph_sparse,1,0,22,542,0,0,0
machine_state_setup,graph_sparse,1,0,23,1084,0,0,1
body_state_setup,graph_sparse,1,0,23,542,0,0,0
machine_state_setup,graph_sparse,1,0,24,1083,0,0,1
body_state_setup,graph_sparse,1,0,24,541,0,0,0
machine_state_setup,graph_sparse,1,0,25,1125,0,0,1
body_state_setup,graph_sparse,1,0,25,541,0,0,0
machine_state_setup,graph_sparse,1,0,26,1167,0,0,1
body_state_setup,graph_sparse,1,0,26,500,0,0,0
machine_state_setup,graph_sparse,1,0,27,1083,0,0,1
body_state_setup,graph_sparse,1,0,27,625,0,0,0
machine_state_setup,graph_sparse,1,0,28,1166,0,0,1
body_state_setup,graph_sparse,1,0,28,583,0,0,0
machine_state_setup,graph_sparse,1,0,29,1125,0,0,1
body_state_setup,graph_sparse,1,0,29,542,0,0,0
machine_state_setup,graph_sparse,1,0,30,1125,0,0,1
body_state_setup,graph_sparse,1,0,30,458,0,0,0
machine_state_setup,graph_sparse,1,0,31,1125,0,0,1
body_state_setup,graph_sparse,1,0,31,500,0,0,0
machine_state_setup,graph_sparse,1,0,32,1125,0,0,1
body_state_setup,graph_sparse,1,0,32,500,0,0,0
machine_state_setup,graph_sparse,1,0,33,1125,0,0,1
body_state_setup,graph_sparse,1,0,33,584,0,0,0
machine_state_setup,graph_sparse,1,0,34,1083,0,0,1
body_state_setup,graph_sparse,1,0,34,583,0,0,0
machine_state_setup,graph_sparse,1,0,35,1125,0,0,1
body_state_setup,graph_sparse,1,0,35,500,0,0,0
machine_state_setup,graph_sparse,1,0,36,1125,0,0,1
body_state_setup,graph_sparse,1,0,36,541,0,0,0
machine_state_setup,graph_sparse,1,0,37,1125,0,0,1
body_state_setup,graph_sparse,1,0,37,541,0,0,0
machine_state_setup,graph_sparse,1,0,38,1125,0,0,1
body_state_setup,graph_sparse,1,0,38,583,0,0,0
machine_state_setup,graph_sparse,1,0,39,1125,0,0,1
body_state_setup,graph_sparse,1,0,39,584,0,0,0
fixture_generation,graph_chain,10,9,0,1792,0,0,50
fixture_generation,graph_chain,10,9,1,1625,0,0,50
fixture_generation,graph_chain,10,9,2,1542,0,0,50
fixture_generation,graph_chain,10,9,3,4292,0,0,50
fixture_generation,graph_chain,10,9,4,1708,0,0,50
fixture_generation,graph_chain,10,9,5,3208,0,0,50
fixture_generation,graph_chain,10,9,6,1625,0,0,50
fixture_generation,graph_chain,10,9,7,1542,0,0,50
fixture_generation,graph_chain,10,9,8,1417,0,0,50
fixture_generation,graph_chain,10,9,9,1417,0,0,50
fixture_generation,graph_chain,10,9,10,1417,0,0,50
fixture_generation,graph_chain,10,9,11,1417,0,0,50
fixture_generation,graph_chain,10,9,12,1417,0,0,50
fixture_generation,graph_chain,10,9,13,1416,0,0,50
fixture_generation,graph_chain,10,9,14,1417,0,0,50
fixture_generation,graph_chain,10,9,15,1417,0,0,50
fixture_generation,graph_chain,10,9,16,1417,0,0,50
fixture_generation,graph_chain,10,9,17,1416,0,0,50
fixture_generation,graph_chain,10,9,18,1416,0,0,50
fixture_generation,graph_chain,10,9,19,1417,0,0,50
plan_build,graph_chain,10,9,0,7834,0,0,11
plan_build,graph_chain,10,9,1,7958,0,0,11
plan_build,graph_chain,10,9,2,5000,0,0,11
plan_build,graph_chain,10,9,3,5000,0,0,11
plan_build,graph_chain,10,9,4,4750,0,0,11
plan_build,graph_chain,10,9,5,4625,0,0,11
plan_build,graph_chain,10,9,6,5084,0,0,11
plan_build,graph_chain,10,9,7,4875,0,0,11
plan_build,graph_chain,10,9,8,4625,0,0,11
plan_build,graph_chain,10,9,9,4667,0,0,11
plan_build,graph_chain,10,9,10,4667,0,0,11
plan_build,graph_chain,10,9,11,4625,0,0,11
plan_build,graph_chain,10,9,12,4583,0,0,11
plan_build,graph_chain,10,9,13,4583,0,0,11
plan_build,graph_chain,10,9,14,4708,0,0,11
plan_build,graph_chain,10,9,15,4791,0,0,11
plan_build,graph_chain,10,9,16,4625,0,0,11
plan_build,graph_chain,10,9,17,4625,0,0,11
plan_build,graph_chain,10,9,18,4625,0,0,11
plan_build,graph_chain,10,9,19,4583,0,0,11
plan_build_alloc,graph_chain,10,9,0,0,57,14266,11
engine_execution,graph_chain,10,9,0,26750,0,0,0
engine_execution,graph_chain,10,9,1,26917,0,0,1
engine_execution,graph_chain,10,9,2,26708,0,0,2
engine_execution,graph_chain,10,9,3,26709,0,0,3
engine_execution,graph_chain,10,9,4,29042,0,0,4
engine_execution,graph_chain,10,9,5,27208,0,0,5
engine_execution,graph_chain,10,9,6,27625,0,0,6
engine_execution,graph_chain,10,9,7,27000,0,0,7
engine_execution,graph_chain,10,9,8,27042,0,0,8
engine_execution,graph_chain,10,9,9,27500,0,0,9
engine_execution,graph_chain,10,9,10,27625,0,0,10
engine_execution,graph_chain,10,9,11,27333,0,0,11
engine_execution,graph_chain,10,9,12,33292,0,0,12
engine_execution,graph_chain,10,9,13,29875,0,0,13
engine_execution,graph_chain,10,9,14,32584,0,0,14
engine_execution,graph_chain,10,9,15,29875,0,0,15
engine_execution,graph_chain,10,9,16,30125,0,0,16
engine_execution,graph_chain,10,9,17,30333,0,0,17
engine_execution,graph_chain,10,9,18,30250,0,0,18
engine_execution,graph_chain,10,9,19,33417,0,0,19
engine_execution,graph_chain,10,9,20,30250,0,0,20
engine_execution,graph_chain,10,9,21,30084,0,0,21
engine_execution,graph_chain,10,9,22,30417,0,0,22
engine_execution,graph_chain,10,9,23,29875,0,0,23
engine_execution,graph_chain,10,9,24,30125,0,0,24
engine_execution,graph_chain,10,9,25,30042,0,0,25
engine_execution,graph_chain,10,9,26,30458,0,0,26
engine_execution,graph_chain,10,9,27,30333,0,0,27
engine_execution,graph_chain,10,9,28,29833,0,0,28
engine_execution,graph_chain,10,9,29,29209,0,0,29
engine_execution,graph_chain,10,9,30,29250,0,0,30
engine_execution,graph_chain,10,9,31,32917,0,0,31
engine_execution,graph_chain,10,9,32,29625,0,0,32
engine_execution,graph_chain,10,9,33,29375,0,0,33
engine_execution,graph_chain,10,9,34,29000,0,0,34
engine_execution,graph_chain,10,9,35,29334,0,0,35
engine_execution,graph_chain,10,9,36,29166,0,0,36
engine_execution,graph_chain,10,9,37,29208,0,0,37
engine_execution,graph_chain,10,9,38,29542,0,0,38
engine_execution,graph_chain,10,9,39,29167,0,0,39
engine_execution_alloc,graph_chain,10,9,0,0,671,67725,23130
machine_state_setup,graph_chain,10,9,0,3334,0,0,10
body_state_setup,graph_chain,10,9,0,417,0,0,0
machine_state_setup,graph_chain,10,9,1,3000,0,0,10
body_state_setup,graph_chain,10,9,1,375,0,0,0
machine_state_setup,graph_chain,10,9,2,2875,0,0,10
body_state_setup,graph_chain,10,9,2,250,0,0,0
machine_state_setup,graph_chain,10,9,3,2917,0,0,10
body_state_setup,graph_chain,10,9,3,333,0,0,0
machine_state_setup,graph_chain,10,9,4,2917,0,0,10
body_state_setup,graph_chain,10,9,4,209,0,0,0
machine_state_setup,graph_chain,10,9,5,2917,0,0,10
body_state_setup,graph_chain,10,9,5,208,0,0,0
machine_state_setup,graph_chain,10,9,6,2875,0,0,10
body_state_setup,graph_chain,10,9,6,250,0,0,0
machine_state_setup,graph_chain,10,9,7,2875,0,0,10
body_state_setup,graph_chain,10,9,7,250,0,0,0
machine_state_setup,graph_chain,10,9,8,2875,0,0,10
body_state_setup,graph_chain,10,9,8,250,0,0,0
machine_state_setup,graph_chain,10,9,9,2833,0,0,10
body_state_setup,graph_chain,10,9,9,291,0,0,0
machine_state_setup,graph_chain,10,9,10,2875,0,0,10
body_state_setup,graph_chain,10,9,10,250,0,0,0
machine_state_setup,graph_chain,10,9,11,3000,0,0,10
body_state_setup,graph_chain,10,9,11,292,0,0,0
machine_state_setup,graph_chain,10,9,12,2875,0,0,10
body_state_setup,graph_chain,10,9,12,292,0,0,0
machine_state_setup,graph_chain,10,9,13,2833,0,0,10
body_state_setup,graph_chain,10,9,13,250,0,0,0
machine_state_setup,graph_chain,10,9,14,3000,0,0,10
body_state_setup,graph_chain,10,9,14,292,0,0,0
machine_state_setup,graph_chain,10,9,15,2875,0,0,10
body_state_setup,graph_chain,10,9,15,250,0,0,0
machine_state_setup,graph_chain,10,9,16,2875,0,0,10
body_state_setup,graph_chain,10,9,16,333,0,0,0
machine_state_setup,graph_chain,10,9,17,2875,0,0,10
body_state_setup,graph_chain,10,9,17,292,0,0,0
machine_state_setup,graph_chain,10,9,18,2875,0,0,10
body_state_setup,graph_chain,10,9,18,292,0,0,0
machine_state_setup,graph_chain,10,9,19,2875,0,0,10
body_state_setup,graph_chain,10,9,19,209,0,0,0
machine_state_setup,graph_chain,10,9,20,3125,0,0,10
body_state_setup,graph_chain,10,9,20,250,0,0,0
machine_state_setup,graph_chain,10,9,21,6458,0,0,10
body_state_setup,graph_chain,10,9,21,584,0,0,0
machine_state_setup,graph_chain,10,9,22,6750,0,0,10
body_state_setup,graph_chain,10,9,22,666,0,0,0
machine_state_setup,graph_chain,10,9,23,6875,0,0,10
body_state_setup,graph_chain,10,9,23,500,0,0,0
machine_state_setup,graph_chain,10,9,24,7000,0,0,10
body_state_setup,graph_chain,10,9,24,583,0,0,0
machine_state_setup,graph_chain,10,9,25,6791,0,0,10
body_state_setup,graph_chain,10,9,25,541,0,0,0
machine_state_setup,graph_chain,10,9,26,6875,0,0,10
body_state_setup,graph_chain,10,9,26,583,0,0,0
machine_state_setup,graph_chain,10,9,27,6750,0,0,10
body_state_setup,graph_chain,10,9,27,625,0,0,0
machine_state_setup,graph_chain,10,9,28,6792,0,0,10
body_state_setup,graph_chain,10,9,28,542,0,0,0
machine_state_setup,graph_chain,10,9,29,6833,0,0,10
body_state_setup,graph_chain,10,9,29,666,0,0,0
machine_state_setup,graph_chain,10,9,30,6875,0,0,10
body_state_setup,graph_chain,10,9,30,709,0,0,0
machine_state_setup,graph_chain,10,9,31,6833,0,0,10
body_state_setup,graph_chain,10,9,31,583,0,0,0
machine_state_setup,graph_chain,10,9,32,6708,0,0,10
body_state_setup,graph_chain,10,9,32,584,0,0,0
machine_state_setup,graph_chain,10,9,33,6875,0,0,10
body_state_setup,graph_chain,10,9,33,541,0,0,0
machine_state_setup,graph_chain,10,9,34,6750,0,0,10
body_state_setup,graph_chain,10,9,34,541,0,0,0
machine_state_setup,graph_chain,10,9,35,6833,0,0,10
body_state_setup,graph_chain,10,9,35,667,0,0,0
machine_state_setup,graph_chain,10,9,36,6834,0,0,10
body_state_setup,graph_chain,10,9,36,709,0,0,0
machine_state_setup,graph_chain,10,9,37,6750,0,0,10
body_state_setup,graph_chain,10,9,37,666,0,0,0
machine_state_setup,graph_chain,10,9,38,6708,0,0,10
body_state_setup,graph_chain,10,9,38,500,0,0,0
machine_state_setup,graph_chain,10,9,39,7166,0,0,10
body_state_setup,graph_chain,10,9,39,583,0,0,0
pure_machine_events_preseeded,graph_chain,10,9,0,22500,0,0,10
pure_machine_events_preseeded,graph_chain,10,9,1,20958,0,0,10
pure_machine_events_preseeded,graph_chain,10,9,2,20417,0,0,10
pure_machine_events_preseeded,graph_chain,10,9,3,20333,0,0,10
pure_machine_events_preseeded,graph_chain,10,9,4,20792,0,0,10
pure_machine_events_preseeded,graph_chain,10,9,5,20084,0,0,10
pure_machine_events_preseeded,graph_chain,10,9,6,20042,0,0,10
pure_machine_events_preseeded,graph_chain,10,9,7,20209,0,0,10
pure_machine_events_preseeded,graph_chain,10,9,8,20416,0,0,10
pure_machine_events_preseeded,graph_chain,10,9,9,20209,0,0,10
pure_machine_events_preseeded,graph_chain,10,9,10,20708,0,0,10
pure_machine_events_preseeded,graph_chain,10,9,11,20417,0,0,10
pure_machine_events_preseeded,graph_chain,10,9,12,20041,0,0,10
pure_machine_events_preseeded,graph_chain,10,9,13,20209,0,0,10
pure_machine_events_preseeded,graph_chain,10,9,14,20125,0,0,10
pure_machine_events_preseeded,graph_chain,10,9,15,20166,0,0,10
pure_machine_events_preseeded,graph_chain,10,9,16,20333,0,0,10
pure_machine_events_preseeded,graph_chain,10,9,17,20500,0,0,10
pure_machine_events_preseeded,graph_chain,10,9,18,20375,0,0,10
pure_machine_events_preseeded,graph_chain,10,9,19,20292,0,0,10
pure_machine_events_preseeded,graph_chain,10,9,20,20375,0,0,10
pure_machine_events_preseeded,graph_chain,10,9,21,20000,0,0,10
pure_machine_events_preseeded,graph_chain,10,9,22,20375,0,0,10
pure_machine_events_preseeded,graph_chain,10,9,23,20458,0,0,10
pure_machine_events_preseeded,graph_chain,10,9,24,20333,0,0,10
pure_machine_events_preseeded,graph_chain,10,9,25,20250,0,0,10
pure_machine_events_preseeded,graph_chain,10,9,26,20125,0,0,10
pure_machine_events_preseeded,graph_chain,10,9,27,20083,0,0,10
pure_machine_events_preseeded,graph_chain,10,9,28,20083,0,0,10
pure_machine_events_preseeded,graph_chain,10,9,29,20083,0,0,10
pure_machine_events_preseeded,graph_chain,10,9,30,20000,0,0,10
pure_machine_events_preseeded,graph_chain,10,9,31,20125,0,0,10
pure_machine_events_preseeded,graph_chain,10,9,32,20250,0,0,10
pure_machine_events_preseeded,graph_chain,10,9,33,20000,0,0,10
pure_machine_events_preseeded,graph_chain,10,9,34,20583,0,0,10
pure_machine_events_preseeded,graph_chain,10,9,35,20625,0,0,10
pure_machine_events_preseeded,graph_chain,10,9,36,20375,0,0,10
pure_machine_events_preseeded,graph_chain,10,9,37,16333,0,0,10
pure_machine_events_preseeded,graph_chain,10,9,38,8583,0,0,10
pure_machine_events_preseeded,graph_chain,10,9,39,8875,0,0,10
fixture_generation,graph_wide,10,9,0,667,0,0,50
fixture_generation,graph_wide,10,9,1,625,0,0,50
fixture_generation,graph_wide,10,9,2,625,0,0,50
fixture_generation,graph_wide,10,9,3,583,0,0,50
fixture_generation,graph_wide,10,9,4,583,0,0,50
fixture_generation,graph_wide,10,9,5,625,0,0,50
fixture_generation,graph_wide,10,9,6,625,0,0,50
fixture_generation,graph_wide,10,9,7,625,0,0,50
fixture_generation,graph_wide,10,9,8,667,0,0,50
fixture_generation,graph_wide,10,9,9,625,0,0,50
fixture_generation,graph_wide,10,9,10,625,0,0,50
fixture_generation,graph_wide,10,9,11,625,0,0,50
fixture_generation,graph_wide,10,9,12,667,0,0,50
fixture_generation,graph_wide,10,9,13,625,0,0,50
fixture_generation,graph_wide,10,9,14,625,0,0,50
fixture_generation,graph_wide,10,9,15,625,0,0,50
fixture_generation,graph_wide,10,9,16,625,0,0,50
fixture_generation,graph_wide,10,9,17,625,0,0,50
fixture_generation,graph_wide,10,9,18,625,0,0,50
fixture_generation,graph_wide,10,9,19,625,0,0,50
plan_build,graph_wide,10,9,0,3042,0,0,10
plan_build,graph_wide,10,9,1,2291,0,0,10
plan_build,graph_wide,10,9,2,2042,0,0,10
plan_build,graph_wide,10,9,3,2000,0,0,10
plan_build,graph_wide,10,9,4,2208,0,0,10
plan_build,graph_wide,10,9,5,1958,0,0,10
plan_build,graph_wide,10,9,6,2084,0,0,10
plan_build,graph_wide,10,9,7,1959,0,0,10
plan_build,graph_wide,10,9,8,2000,0,0,10
plan_build,graph_wide,10,9,9,2000,0,0,10
plan_build,graph_wide,10,9,10,2042,0,0,10
plan_build,graph_wide,10,9,11,1959,0,0,10
plan_build,graph_wide,10,9,12,2000,0,0,10
plan_build,graph_wide,10,9,13,2000,0,0,10
plan_build,graph_wide,10,9,14,2000,0,0,10
plan_build,graph_wide,10,9,15,1958,0,0,10
plan_build,graph_wide,10,9,16,2083,0,0,10
plan_build,graph_wide,10,9,17,1958,0,0,10
plan_build,graph_wide,10,9,18,2208,0,0,10
plan_build,graph_wide,10,9,19,2000,0,0,10
plan_build_alloc,graph_wide,10,9,0,0,57,14265,10
engine_execution,graph_wide,10,9,0,27500,0,0,8
engine_execution,graph_wide,10,9,1,32458,0,0,9
engine_execution,graph_wide,10,9,2,28167,0,0,10
engine_execution,graph_wide,10,9,3,28250,0,0,11
engine_execution,graph_wide,10,9,4,27959,0,0,12
engine_execution,graph_wide,10,9,5,28667,0,0,13
engine_execution,graph_wide,10,9,6,28167,0,0,14
engine_execution,graph_wide,10,9,7,28958,0,0,15
engine_execution,graph_wide,10,9,8,28416,0,0,0
engine_execution,graph_wide,10,9,9,28542,0,0,1
engine_execution,graph_wide,10,9,10,28083,0,0,2
engine_execution,graph_wide,10,9,11,27750,0,0,3
engine_execution,graph_wide,10,9,12,41792,0,0,4
engine_execution,graph_wide,10,9,13,56125,0,0,5
engine_execution,graph_wide,10,9,14,56375,0,0,6
engine_execution,graph_wide,10,9,15,56208,0,0,7
engine_execution,graph_wide,10,9,16,55375,0,0,24
engine_execution,graph_wide,10,9,17,56041,0,0,25
engine_execution,graph_wide,10,9,18,55166,0,0,26
engine_execution,graph_wide,10,9,19,55833,0,0,27
engine_execution,graph_wide,10,9,20,55916,0,0,28
engine_execution,graph_wide,10,9,21,56458,0,0,29
engine_execution,graph_wide,10,9,22,55625,0,0,30
engine_execution,graph_wide,10,9,23,56708,0,0,31
engine_execution,graph_wide,10,9,24,56750,0,0,16
engine_execution,graph_wide,10,9,25,56041,0,0,17
engine_execution,graph_wide,10,9,26,56375,0,0,18
engine_execution,graph_wide,10,9,27,56541,0,0,19
engine_execution,graph_wide,10,9,28,56042,0,0,20
engine_execution,graph_wide,10,9,29,56250,0,0,21
engine_execution,graph_wide,10,9,30,55625,0,0,22
engine_execution,graph_wide,10,9,31,55292,0,0,23
engine_execution,graph_wide,10,9,32,56667,0,0,40
engine_execution,graph_wide,10,9,33,56583,0,0,41
engine_execution,graph_wide,10,9,34,56334,0,0,42
engine_execution,graph_wide,10,9,35,55625,0,0,43
engine_execution,graph_wide,10,9,36,56500,0,0,44
engine_execution,graph_wide,10,9,37,55792,0,0,45
engine_execution,graph_wide,10,9,38,55792,0,0,46
engine_execution,graph_wide,10,9,39,56042,0,0,47
engine_execution_alloc,graph_wide,10,9,0,0,648,69579,23122
machine_state_setup,graph_wide,10,9,0,6250,0,0,10
body_state_setup,graph_wide,10,9,0,708,0,0,0
machine_state_setup,graph_wide,10,9,1,5959,0,0,10
body_state_setup,graph_wide,10,9,1,542,0,0,0
machine_state_setup,graph_wide,10,9,2,5833,0,0,10
body_state_setup,graph_wide,10,9,2,583,0,0,0
machine_state_setup,graph_wide,10,9,3,5916,0,0,10
body_state_setup,graph_wide,10,9,3,667,0,0,0
machine_state_setup,graph_wide,10,9,4,5834,0,0,10
body_state_setup,graph_wide,10,9,4,500,0,0,0
machine_state_setup,graph_wide,10,9,5,5833,0,0,10
body_state_setup,graph_wide,10,9,5,500,0,0,0
machine_state_setup,graph_wide,10,9,6,5833,0,0,10
body_state_setup,graph_wide,10,9,6,583,0,0,0
machine_state_setup,graph_wide,10,9,7,5750,0,0,10
body_state_setup,graph_wide,10,9,7,500,0,0,0
machine_state_setup,graph_wide,10,9,8,5791,0,0,10
body_state_setup,graph_wide,10,9,8,500,0,0,0
machine_state_setup,graph_wide,10,9,9,5834,0,0,10
body_state_setup,graph_wide,10,9,9,458,0,0,0
machine_state_setup,graph_wide,10,9,10,5750,0,0,10
body_state_setup,graph_wide,10,9,10,500,0,0,0
machine_state_setup,graph_wide,10,9,11,5583,0,0,10
body_state_setup,graph_wide,10,9,11,625,0,0,0
machine_state_setup,graph_wide,10,9,12,5625,0,0,10
body_state_setup,graph_wide,10,9,12,500,0,0,0
machine_state_setup,graph_wide,10,9,13,5667,0,0,10
body_state_setup,graph_wide,10,9,13,500,0,0,0
machine_state_setup,graph_wide,10,9,14,10500,0,0,10
body_state_setup,graph_wide,10,9,14,500,0,0,0
machine_state_setup,graph_wide,10,9,15,5750,0,0,10
body_state_setup,graph_wide,10,9,15,459,0,0,0
machine_state_setup,graph_wide,10,9,16,5709,0,0,10
body_state_setup,graph_wide,10,9,16,500,0,0,0
machine_state_setup,graph_wide,10,9,17,5750,0,0,10
body_state_setup,graph_wide,10,9,17,542,0,0,0
machine_state_setup,graph_wide,10,9,18,5583,0,0,10
body_state_setup,graph_wide,10,9,18,459,0,0,0
machine_state_setup,graph_wide,10,9,19,5709,0,0,10
body_state_setup,graph_wide,10,9,19,500,0,0,0
machine_state_setup,graph_wide,10,9,20,5708,0,0,10
body_state_setup,graph_wide,10,9,20,458,0,0,0
machine_state_setup,graph_wide,10,9,21,5792,0,0,10
body_state_setup,graph_wide,10,9,21,542,0,0,0
machine_state_setup,graph_wide,10,9,22,5667,0,0,10
body_state_setup,graph_wide,10,9,22,584,0,0,0
machine_state_setup,graph_wide,10,9,23,5625,0,0,10
body_state_setup,graph_wide,10,9,23,541,0,0,0
machine_state_setup,graph_wide,10,9,24,5750,0,0,10
body_state_setup,graph_wide,10,9,24,417,0,0,0
machine_state_setup,graph_wide,10,9,25,5833,0,0,10
body_state_setup,graph_wide,10,9,25,458,0,0,0
machine_state_setup,graph_wide,10,9,26,5709,0,0,10
body_state_setup,graph_wide,10,9,26,584,0,0,0
machine_state_setup,graph_wide,10,9,27,5709,0,0,10
body_state_setup,graph_wide,10,9,27,542,0,0,0
machine_state_setup,graph_wide,10,9,28,5791,0,0,10
body_state_setup,graph_wide,10,9,28,542,0,0,0
machine_state_setup,graph_wide,10,9,29,5667,0,0,10
body_state_setup,graph_wide,10,9,29,541,0,0,0
machine_state_setup,graph_wide,10,9,30,5666,0,0,10
body_state_setup,graph_wide,10,9,30,583,0,0,0
machine_state_setup,graph_wide,10,9,31,5959,0,0,10
body_state_setup,graph_wide,10,9,31,459,0,0,0
machine_state_setup,graph_wide,10,9,32,5750,0,0,10
body_state_setup,graph_wide,10,9,32,542,0,0,0
machine_state_setup,graph_wide,10,9,33,5750,0,0,10
body_state_setup,graph_wide,10,9,33,500,0,0,0
machine_state_setup,graph_wide,10,9,34,5750,0,0,10
body_state_setup,graph_wide,10,9,34,542,0,0,0
machine_state_setup,graph_wide,10,9,35,5667,0,0,10
body_state_setup,graph_wide,10,9,35,500,0,0,0
machine_state_setup,graph_wide,10,9,36,5708,0,0,10
body_state_setup,graph_wide,10,9,36,500,0,0,0
machine_state_setup,graph_wide,10,9,37,5625,0,0,10
body_state_setup,graph_wide,10,9,37,542,0,0,0
machine_state_setup,graph_wide,10,9,38,5750,0,0,10
body_state_setup,graph_wide,10,9,38,458,0,0,0
machine_state_setup,graph_wide,10,9,39,5791,0,0,10
body_state_setup,graph_wide,10,9,39,500,0,0,0
fixture_generation,graph_sparse,10,9,0,1375,0,0,50
fixture_generation,graph_sparse,10,9,1,1208,0,0,50
fixture_generation,graph_sparse,10,9,2,1291,0,0,50
fixture_generation,graph_sparse,10,9,3,1250,0,0,50
fixture_generation,graph_sparse,10,9,4,1209,0,0,50
fixture_generation,graph_sparse,10,9,5,1209,0,0,50
fixture_generation,graph_sparse,10,9,6,1250,0,0,50
fixture_generation,graph_sparse,10,9,7,1250,0,0,50
fixture_generation,graph_sparse,10,9,8,1208,0,0,50
fixture_generation,graph_sparse,10,9,9,1208,0,0,50
fixture_generation,graph_sparse,10,9,10,1208,0,0,50
fixture_generation,graph_sparse,10,9,11,1167,0,0,50
fixture_generation,graph_sparse,10,9,12,1292,0,0,50
fixture_generation,graph_sparse,10,9,13,1250,0,0,50
fixture_generation,graph_sparse,10,9,14,1250,0,0,50
fixture_generation,graph_sparse,10,9,15,1208,0,0,50
fixture_generation,graph_sparse,10,9,16,1208,0,0,50
fixture_generation,graph_sparse,10,9,17,1208,0,0,50
fixture_generation,graph_sparse,10,9,18,1250,0,0,50
fixture_generation,graph_sparse,10,9,19,1209,0,0,50
plan_build,graph_sparse,10,9,0,5375,0,0,12
plan_build,graph_sparse,10,9,1,4291,0,0,12
plan_build,graph_sparse,10,9,2,4041,0,0,12
plan_build,graph_sparse,10,9,3,4000,0,0,12
plan_build,graph_sparse,10,9,4,4041,0,0,12
plan_build,graph_sparse,10,9,5,4000,0,0,12
plan_build,graph_sparse,10,9,6,4000,0,0,12
plan_build,graph_sparse,10,9,7,3875,0,0,12
plan_build,graph_sparse,10,9,8,3958,0,0,12
plan_build,graph_sparse,10,9,9,3958,0,0,12
plan_build,graph_sparse,10,9,10,3875,0,0,12
plan_build,graph_sparse,10,9,11,4042,0,0,12
plan_build,graph_sparse,10,9,12,3875,0,0,12
plan_build,graph_sparse,10,9,13,4042,0,0,12
plan_build,graph_sparse,10,9,14,3875,0,0,12
plan_build,graph_sparse,10,9,15,3875,0,0,12
plan_build,graph_sparse,10,9,16,3875,0,0,12
plan_build,graph_sparse,10,9,17,3916,0,0,12
plan_build,graph_sparse,10,9,18,3917,0,0,12
plan_build,graph_sparse,10,9,19,3875,0,0,12
plan_build_alloc,graph_sparse,10,9,0,0,57,14267,12
engine_execution,graph_sparse,10,9,0,58000,0,0,13
engine_execution,graph_sparse,10,9,1,57250,0,0,12
engine_execution,graph_sparse,10,9,2,58834,0,0,15
engine_execution,graph_sparse,10,9,3,51542,0,0,14
engine_execution,graph_sparse,10,9,4,29125,0,0,9
engine_execution,graph_sparse,10,9,5,29041,0,0,8
engine_execution,graph_sparse,10,9,6,29167,0,0,11
engine_execution,graph_sparse,10,9,7,28792,0,0,10
engine_execution,graph_sparse,10,9,8,29541,0,0,5
engine_execution,graph_sparse,10,9,9,29208,0,0,4
engine_execution,graph_sparse,10,9,10,29125,0,0,7
engine_execution,graph_sparse,10,9,11,29333,0,0,6
engine_execution,graph_sparse,10,9,12,29375,0,0,1
engine_execution,graph_sparse,10,9,13,28833,0,0,0
engine_execution,graph_sparse,10,9,14,29042,0,0,3
engine_execution,graph_sparse,10,9,15,29167,0,0,2
engine_execution,graph_sparse,10,9,16,29083,0,0,29
engine_execution,graph_sparse,10,9,17,28833,0,0,28
engine_execution,graph_sparse,10,9,18,29041,0,0,31
engine_execution,graph_sparse,10,9,19,28958,0,0,30
engine_execution,graph_sparse,10,9,20,29125,0,0,25
engine_execution,graph_sparse,10,9,21,28916,0,0,24
engine_execution,graph_sparse,10,9,22,29042,0,0,27
engine_execution,graph_sparse,10,9,23,29458,0,0,26
engine_execution,graph_sparse,10,9,24,29333,0,0,21
engine_execution,graph_sparse,10,9,25,28708,0,0,20
engine_execution,graph_sparse,10,9,26,29333,0,0,23
engine_execution,graph_sparse,10,9,27,29292,0,0,22
engine_execution,graph_sparse,10,9,28,46125,0,0,17
engine_execution,graph_sparse,10,9,29,57583,0,0,16
engine_execution,graph_sparse,10,9,30,58333,0,0,19
engine_execution,graph_sparse,10,9,31,58250,0,0,18
engine_execution,graph_sparse,10,9,32,58542,0,0,45
engine_execution,graph_sparse,10,9,33,57333,0,0,44
engine_execution,graph_sparse,10,9,34,58500,0,0,47
engine_execution,graph_sparse,10,9,35,58458,0,0,46
engine_execution,graph_sparse,10,9,36,57625,0,0,41
engine_execution,graph_sparse,10,9,37,58000,0,0,40
engine_execution,graph_sparse,10,9,38,59125,0,0,43
engine_execution,graph_sparse,10,9,39,57416,0,0,42
engine_execution_alloc,graph_sparse,10,9,0,0,659,68559,23127
machine_state_setup,graph_sparse,10,9,0,6083,0,0,10
body_state_setup,graph_sparse,10,9,0,584,0,0,0
machine_state_setup,graph_sparse,10,9,1,5875,0,0,10
body_state_setup,graph_sparse,10,9,1,500,0,0,0
machine_state_setup,graph_sparse,10,9,2,5959,0,0,10
body_state_setup,graph_sparse,10,9,2,583,0,0,0
machine_state_setup,graph_sparse,10,9,3,5833,0,0,10
body_state_setup,graph_sparse,10,9,3,541,0,0,0
machine_state_setup,graph_sparse,10,9,4,5708,0,0,10
body_state_setup,graph_sparse,10,9,4,500,0,0,0
machine_state_setup,graph_sparse,10,9,5,5709,0,0,10
body_state_setup,graph_sparse,10,9,5,500,0,0,0
machine_state_setup,graph_sparse,10,9,6,5792,0,0,10
body_state_setup,graph_sparse,10,9,6,667,0,0,0
machine_state_setup,graph_sparse,10,9,7,5959,0,0,10
body_state_setup,graph_sparse,10,9,7,459,0,0,0
machine_state_setup,graph_sparse,10,9,8,5708,0,0,10
body_state_setup,graph_sparse,10,9,8,500,0,0,0
machine_state_setup,graph_sparse,10,9,9,5666,0,0,10
body_state_setup,graph_sparse,10,9,9,542,0,0,0
machine_state_setup,graph_sparse,10,9,10,5792,0,0,10
body_state_setup,graph_sparse,10,9,10,458,0,0,0
machine_state_setup,graph_sparse,10,9,11,5709,0,0,10
body_state_setup,graph_sparse,10,9,11,500,0,0,0
machine_state_setup,graph_sparse,10,9,12,5875,0,0,10
body_state_setup,graph_sparse,10,9,12,459,0,0,0
machine_state_setup,graph_sparse,10,9,13,5667,0,0,10
body_state_setup,graph_sparse,10,9,13,625,0,0,0
machine_state_setup,graph_sparse,10,9,14,5625,0,0,10
body_state_setup,graph_sparse,10,9,14,459,0,0,0
machine_state_setup,graph_sparse,10,9,15,5709,0,0,10
body_state_setup,graph_sparse,10,9,15,584,0,0,0
machine_state_setup,graph_sparse,10,9,16,5834,0,0,10
body_state_setup,graph_sparse,10,9,16,459,0,0,0
machine_state_setup,graph_sparse,10,9,17,5625,0,0,10
body_state_setup,graph_sparse,10,9,17,458,0,0,0
machine_state_setup,graph_sparse,10,9,18,5666,0,0,10
body_state_setup,graph_sparse,10,9,18,458,0,0,0
machine_state_setup,graph_sparse,10,9,19,5833,0,0,10
body_state_setup,graph_sparse,10,9,19,417,0,0,0
machine_state_setup,graph_sparse,10,9,20,5667,0,0,10
body_state_setup,graph_sparse,10,9,20,500,0,0,0
machine_state_setup,graph_sparse,10,9,21,5667,0,0,10
body_state_setup,graph_sparse,10,9,21,542,0,0,0
machine_state_setup,graph_sparse,10,9,22,5792,0,0,10
body_state_setup,graph_sparse,10,9,22,541,0,0,0
machine_state_setup,graph_sparse,10,9,23,5750,0,0,10
body_state_setup,graph_sparse,10,9,23,500,0,0,0
machine_state_setup,graph_sparse,10,9,24,5708,0,0,10
body_state_setup,graph_sparse,10,9,24,458,0,0,0
machine_state_setup,graph_sparse,10,9,25,5708,0,0,10
body_state_setup,graph_sparse,10,9,25,458,0,0,0
machine_state_setup,graph_sparse,10,9,26,5625,0,0,10
body_state_setup,graph_sparse,10,9,26,584,0,0,0
machine_state_setup,graph_sparse,10,9,27,5709,0,0,10
body_state_setup,graph_sparse,10,9,27,500,0,0,0
machine_state_setup,graph_sparse,10,9,28,5791,0,0,10
body_state_setup,graph_sparse,10,9,28,416,0,0,0
machine_state_setup,graph_sparse,10,9,29,5708,0,0,10
body_state_setup,graph_sparse,10,9,29,500,0,0,0
machine_state_setup,graph_sparse,10,9,30,5750,0,0,10
body_state_setup,graph_sparse,10,9,30,542,0,0,0
machine_state_setup,graph_sparse,10,9,31,5625,0,0,10
body_state_setup,graph_sparse,10,9,31,584,0,0,0
machine_state_setup,graph_sparse,10,9,32,5708,0,0,10
body_state_setup,graph_sparse,10,9,32,416,0,0,0
machine_state_setup,graph_sparse,10,9,33,5916,0,0,10
body_state_setup,graph_sparse,10,9,33,542,0,0,0
machine_state_setup,graph_sparse,10,9,34,5709,0,0,10
body_state_setup,graph_sparse,10,9,34,500,0,0,0
machine_state_setup,graph_sparse,10,9,35,5667,0,0,10
body_state_setup,graph_sparse,10,9,35,500,0,0,0
machine_state_setup,graph_sparse,10,9,36,5708,0,0,10
body_state_setup,graph_sparse,10,9,36,458,0,0,0
machine_state_setup,graph_sparse,10,9,37,5708,0,0,10
body_state_setup,graph_sparse,10,9,37,500,0,0,0
machine_state_setup,graph_sparse,10,9,38,5625,0,0,10
body_state_setup,graph_sparse,10,9,38,500,0,0,0
machine_state_setup,graph_sparse,10,9,39,5583,0,0,10
body_state_setup,graph_sparse,10,9,39,583,0,0,0
fixture_generation,graph_chain,100,99,0,13459,0,0,500
fixture_generation,graph_chain,100,99,1,11167,0,0,500
fixture_generation,graph_chain,100,99,2,10959,0,0,500
fixture_generation,graph_chain,100,99,3,12792,0,0,500
fixture_generation,graph_chain,100,99,4,11042,0,0,500
fixture_generation,graph_chain,100,99,5,10958,0,0,500
fixture_generation,graph_chain,100,99,6,10916,0,0,500
fixture_generation,graph_chain,100,99,7,11042,0,0,500
fixture_generation,graph_chain,100,99,8,10875,0,0,500
fixture_generation,graph_chain,100,99,9,11000,0,0,500
fixture_generation,graph_chain,100,99,10,10917,0,0,500
fixture_generation,graph_chain,100,99,11,10916,0,0,500
fixture_generation,graph_chain,100,99,12,10958,0,0,500
fixture_generation,graph_chain,100,99,13,11000,0,0,500
fixture_generation,graph_chain,100,99,14,11084,0,0,500
fixture_generation,graph_chain,100,99,15,11000,0,0,500
fixture_generation,graph_chain,100,99,16,10917,0,0,500
fixture_generation,graph_chain,100,99,17,10833,0,0,500
fixture_generation,graph_chain,100,99,18,11000,0,0,500
fixture_generation,graph_chain,100,99,19,10917,0,0,500
plan_build,graph_chain,100,99,0,61208,0,0,11
plan_build,graph_chain,100,99,1,61875,0,0,11
plan_build,graph_chain,100,99,2,56750,0,0,11
plan_build,graph_chain,100,99,3,54625,0,0,11
plan_build,graph_chain,100,99,4,52125,0,0,11
plan_build,graph_chain,100,99,5,41083,0,0,11
plan_build,graph_chain,100,99,6,26625,0,0,11
plan_build,graph_chain,100,99,7,26834,0,0,11
plan_build,graph_chain,100,99,8,26625,0,0,11
plan_build,graph_chain,100,99,9,26667,0,0,11
plan_build,graph_chain,100,99,10,26709,0,0,11
plan_build,graph_chain,100,99,11,26667,0,0,11
plan_build,graph_chain,100,99,12,26833,0,0,11
plan_build,graph_chain,100,99,13,26917,0,0,11
plan_build,graph_chain,100,99,14,26541,0,0,11
plan_build,graph_chain,100,99,15,26708,0,0,11
plan_build,graph_chain,100,99,16,26417,0,0,11
plan_build,graph_chain,100,99,17,26666,0,0,11
plan_build,graph_chain,100,99,18,26708,0,0,11
plan_build,graph_chain,100,99,19,26625,0,0,11
plan_build_alloc,graph_chain,100,99,0,0,429,126588,11
engine_execution,graph_chain,100,99,0,354417,0,0,1
engine_execution,graph_chain,100,99,1,365584,0,0,0
engine_execution,graph_chain,100,99,2,339125,0,0,3
engine_execution,graph_chain,100,99,3,344792,0,0,2
engine_execution,graph_chain,100,99,4,342667,0,0,5
engine_execution,graph_chain,100,99,5,568417,0,0,4
engine_execution,graph_chain,100,99,6,382458,0,0,7
engine_execution,graph_chain,100,99,7,349250,0,0,6
engine_execution,graph_chain,100,99,8,394083,0,0,9
engine_execution,graph_chain,100,99,9,363750,0,0,8
engine_execution,graph_chain,100,99,10,340000,0,0,11
engine_execution,graph_chain,100,99,11,335083,0,0,10
engine_execution,graph_chain,100,99,12,335042,0,0,13
engine_execution,graph_chain,100,99,13,335541,0,0,12
engine_execution,graph_chain,100,99,14,406709,0,0,15
engine_execution,graph_chain,100,99,15,372542,0,0,14
engine_execution,graph_chain,100,99,16,477625,0,0,17
engine_execution,graph_chain,100,99,17,525083,0,0,16
engine_execution,graph_chain,100,99,18,523209,0,0,19
engine_execution,graph_chain,100,99,19,465833,0,0,18
engine_execution,graph_chain,100,99,20,374292,0,0,21
engine_execution,graph_chain,100,99,21,523000,0,0,20
engine_execution,graph_chain,100,99,22,510500,0,0,23
engine_execution,graph_chain,100,99,23,367833,0,0,22
engine_execution,graph_chain,100,99,24,407500,0,0,25
engine_execution,graph_chain,100,99,25,483958,0,0,24
engine_execution,graph_chain,100,99,26,483042,0,0,27
engine_execution,graph_chain,100,99,27,480584,0,0,26
engine_execution,graph_chain,100,99,28,404500,0,0,29
engine_execution,graph_chain,100,99,29,426542,0,0,28
engine_execution,graph_chain,100,99,30,479792,0,0,31
engine_execution,graph_chain,100,99,31,474834,0,0,30
engine_execution,graph_chain,100,99,32,381208,0,0,33
engine_execution,graph_chain,100,99,33,393375,0,0,32
engine_execution,graph_chain,100,99,34,370792,0,0,35
engine_execution,graph_chain,100,99,35,333166,0,0,34
engine_execution,graph_chain,100,99,36,359250,0,0,37
engine_execution,graph_chain,100,99,37,406292,0,0,36
engine_execution,graph_chain,100,99,38,365792,0,0,39
engine_execution,graph_chain,100,99,39,360084,0,0,38
engine_execution_alloc,graph_chain,100,99,0,0,6090,781647,23131
machine_state_setup,graph_chain,100,99,0,27834,0,0,100
body_state_setup,graph_chain,100,99,0,583,0,0,0
machine_state_setup,graph_chain,100,99,1,27250,0,0,100
body_state_setup,graph_chain,100,99,1,583,0,0,0
machine_state_setup,graph_chain,100,99,2,26958,0,0,100
body_state_setup,graph_chain,100,99,2,500,0,0,0
machine_state_setup,graph_chain,100,99,3,27125,0,0,100
body_state_setup,graph_chain,100,99,3,416,0,0,0
machine_state_setup,graph_chain,100,99,4,27083,0,0,100
body_state_setup,graph_chain,100,99,4,459,0,0,0
machine_state_setup,graph_chain,100,99,5,27000,0,0,100
body_state_setup,graph_chain,100,99,5,417,0,0,0
machine_state_setup,graph_chain,100,99,6,26958,0,0,100
body_state_setup,graph_chain,100,99,6,458,0,0,0
machine_state_setup,graph_chain,100,99,7,27042,0,0,100
body_state_setup,graph_chain,100,99,7,459,0,0,0
machine_state_setup,graph_chain,100,99,8,26917,0,0,100
body_state_setup,graph_chain,100,99,8,416,0,0,0
machine_state_setup,graph_chain,100,99,9,27625,0,0,100
body_state_setup,graph_chain,100,99,9,458,0,0,0
machine_state_setup,graph_chain,100,99,10,27041,0,0,100
body_state_setup,graph_chain,100,99,10,417,0,0,0
machine_state_setup,graph_chain,100,99,11,26958,0,0,100
body_state_setup,graph_chain,100,99,11,500,0,0,0
machine_state_setup,graph_chain,100,99,12,26959,0,0,100
body_state_setup,graph_chain,100,99,12,459,0,0,0
machine_state_setup,graph_chain,100,99,13,26917,0,0,100
body_state_setup,graph_chain,100,99,13,416,0,0,0
machine_state_setup,graph_chain,100,99,14,27000,0,0,100
body_state_setup,graph_chain,100,99,14,416,0,0,0
machine_state_setup,graph_chain,100,99,15,26917,0,0,100
body_state_setup,graph_chain,100,99,15,417,0,0,0
machine_state_setup,graph_chain,100,99,16,27000,0,0,100
body_state_setup,graph_chain,100,99,16,500,0,0,0
machine_state_setup,graph_chain,100,99,17,27084,0,0,100
body_state_setup,graph_chain,100,99,17,416,0,0,0
machine_state_setup,graph_chain,100,99,18,26792,0,0,100
body_state_setup,graph_chain,100,99,18,458,0,0,0
machine_state_setup,graph_chain,100,99,19,26958,0,0,100
body_state_setup,graph_chain,100,99,19,417,0,0,0
machine_state_setup,graph_chain,100,99,20,27084,0,0,100
body_state_setup,graph_chain,100,99,20,417,0,0,0
machine_state_setup,graph_chain,100,99,21,27041,0,0,100
body_state_setup,graph_chain,100,99,21,375,0,0,0
machine_state_setup,graph_chain,100,99,22,27083,0,0,100
body_state_setup,graph_chain,100,99,22,416,0,0,0
machine_state_setup,graph_chain,100,99,23,26750,0,0,100
body_state_setup,graph_chain,100,99,23,500,0,0,0
machine_state_setup,graph_chain,100,99,24,26875,0,0,100
body_state_setup,graph_chain,100,99,24,500,0,0,0
machine_state_setup,graph_chain,100,99,25,27125,0,0,100
body_state_setup,graph_chain,100,99,25,416,0,0,0
machine_state_setup,graph_chain,100,99,26,26958,0,0,100
body_state_setup,graph_chain,100,99,26,459,0,0,0
machine_state_setup,graph_chain,100,99,27,27209,0,0,100
body_state_setup,graph_chain,100,99,27,459,0,0,0
machine_state_setup,graph_chain,100,99,28,27000,0,0,100
body_state_setup,graph_chain,100,99,28,500,0,0,0
machine_state_setup,graph_chain,100,99,29,27084,0,0,100
body_state_setup,graph_chain,100,99,29,500,0,0,0
machine_state_setup,graph_chain,100,99,30,27000,0,0,100
body_state_setup,graph_chain,100,99,30,417,0,0,0
machine_state_setup,graph_chain,100,99,31,27291,0,0,100
body_state_setup,graph_chain,100,99,31,458,0,0,0
machine_state_setup,graph_chain,100,99,32,27209,0,0,100
body_state_setup,graph_chain,100,99,32,459,0,0,0
machine_state_setup,graph_chain,100,99,33,26875,0,0,100
body_state_setup,graph_chain,100,99,33,417,0,0,0
machine_state_setup,graph_chain,100,99,34,27250,0,0,100
body_state_setup,graph_chain,100,99,34,416,0,0,0
machine_state_setup,graph_chain,100,99,35,27125,0,0,100
body_state_setup,graph_chain,100,99,35,458,0,0,0
machine_state_setup,graph_chain,100,99,36,27000,0,0,100
body_state_setup,graph_chain,100,99,36,500,0,0,0
machine_state_setup,graph_chain,100,99,37,26959,0,0,100
body_state_setup,graph_chain,100,99,37,416,0,0,0
machine_state_setup,graph_chain,100,99,38,27000,0,0,100
body_state_setup,graph_chain,100,99,38,458,0,0,0
machine_state_setup,graph_chain,100,99,39,27292,0,0,100
body_state_setup,graph_chain,100,99,39,458,0,0,0
pure_machine_events_preseeded,graph_chain,100,99,0,164750,0,0,101
pure_machine_events_preseeded,graph_chain,100,99,1,165208,0,0,101
pure_machine_events_preseeded,graph_chain,100,99,2,165084,0,0,101
pure_machine_events_preseeded,graph_chain,100,99,3,165084,0,0,101
pure_machine_events_preseeded,graph_chain,100,99,4,164542,0,0,101
pure_machine_events_preseeded,graph_chain,100,99,5,163916,0,0,101
pure_machine_events_preseeded,graph_chain,100,99,6,163583,0,0,101
pure_machine_events_preseeded,graph_chain,100,99,7,163958,0,0,101
pure_machine_events_preseeded,graph_chain,100,99,8,163709,0,0,101
pure_machine_events_preseeded,graph_chain,100,99,9,163500,0,0,101
pure_machine_events_preseeded,graph_chain,100,99,10,188916,0,0,101
pure_machine_events_preseeded,graph_chain,100,99,11,191625,0,0,101
pure_machine_events_preseeded,graph_chain,100,99,12,191209,0,0,101
pure_machine_events_preseeded,graph_chain,100,99,13,192083,0,0,101
pure_machine_events_preseeded,graph_chain,100,99,14,192042,0,0,101
pure_machine_events_preseeded,graph_chain,100,99,15,192375,0,0,101
pure_machine_events_preseeded,graph_chain,100,99,16,191625,0,0,101
pure_machine_events_preseeded,graph_chain,100,99,17,184167,0,0,101
pure_machine_events_preseeded,graph_chain,100,99,18,180167,0,0,101
pure_machine_events_preseeded,graph_chain,100,99,19,180500,0,0,101
pure_machine_events_preseeded,graph_chain,100,99,20,180208,0,0,101
pure_machine_events_preseeded,graph_chain,100,99,21,180250,0,0,101
pure_machine_events_preseeded,graph_chain,100,99,22,177791,0,0,101
pure_machine_events_preseeded,graph_chain,100,99,23,171750,0,0,101
pure_machine_events_preseeded,graph_chain,100,99,24,172167,0,0,101
pure_machine_events_preseeded,graph_chain,100,99,25,171333,0,0,101
pure_machine_events_preseeded,graph_chain,100,99,26,170875,0,0,101
pure_machine_events_preseeded,graph_chain,100,99,27,178958,0,0,101
pure_machine_events_preseeded,graph_chain,100,99,28,180500,0,0,101
pure_machine_events_preseeded,graph_chain,100,99,29,180000,0,0,101
pure_machine_events_preseeded,graph_chain,100,99,30,180209,0,0,101
pure_machine_events_preseeded,graph_chain,100,99,31,180167,0,0,101
pure_machine_events_preseeded,graph_chain,100,99,32,180666,0,0,101
pure_machine_events_preseeded,graph_chain,100,99,33,180916,0,0,101
pure_machine_events_preseeded,graph_chain,100,99,34,181208,0,0,101
pure_machine_events_preseeded,graph_chain,100,99,35,181459,0,0,101
pure_machine_events_preseeded,graph_chain,100,99,36,185000,0,0,101
pure_machine_events_preseeded,graph_chain,100,99,37,182334,0,0,101
pure_machine_events_preseeded,graph_chain,100,99,38,181625,0,0,101
pure_machine_events_preseeded,graph_chain,100,99,39,183166,0,0,101
fixture_generation,graph_wide,100,99,0,6792,0,0,500
fixture_generation,graph_wide,100,99,1,6500,0,0,500
fixture_generation,graph_wide,100,99,2,6416,0,0,500
fixture_generation,graph_wide,100,99,3,6875,0,0,500
fixture_generation,graph_wide,100,99,4,6416,0,0,500
fixture_generation,graph_wide,100,99,5,6375,0,0,500
fixture_generation,graph_wide,100,99,6,6458,0,0,500
fixture_generation,graph_wide,100,99,7,6458,0,0,500
fixture_generation,graph_wide,100,99,8,6416,0,0,500
fixture_generation,graph_wide,100,99,9,6417,0,0,500
fixture_generation,graph_wide,100,99,10,6417,0,0,500
fixture_generation,graph_wide,100,99,11,6375,0,0,500
fixture_generation,graph_wide,100,99,12,6417,0,0,500
fixture_generation,graph_wide,100,99,13,6416,0,0,500
fixture_generation,graph_wide,100,99,14,6417,0,0,500
fixture_generation,graph_wide,100,99,15,6500,0,0,500
fixture_generation,graph_wide,100,99,16,6542,0,0,500
fixture_generation,graph_wide,100,99,17,6833,0,0,500
fixture_generation,graph_wide,100,99,18,6417,0,0,500
fixture_generation,graph_wide,100,99,19,6542,0,0,500
plan_build,graph_wide,100,99,0,41917,0,0,10
plan_build,graph_wide,100,99,1,33417,0,0,10
plan_build,graph_wide,100,99,2,31500,0,0,10
plan_build,graph_wide,100,99,3,31292,0,0,10
plan_build,graph_wide,100,99,4,30916,0,0,10
plan_build,graph_wide,100,99,5,31083,0,0,10
plan_build,graph_wide,100,99,6,30541,0,0,10
plan_build,graph_wide,100,99,7,31125,0,0,10
plan_build,graph_wide,100,99,8,30541,0,0,10
plan_build,graph_wide,100,99,9,30708,0,0,10
plan_build,graph_wide,100,99,10,30958,0,0,10
plan_build,graph_wide,100,99,11,31041,0,0,10
plan_build,graph_wide,100,99,12,31000,0,0,10
plan_build,graph_wide,100,99,13,30833,0,0,10
plan_build,graph_wide,100,99,14,30708,0,0,10
plan_build,graph_wide,100,99,15,30917,0,0,10
plan_build,graph_wide,100,99,16,30875,0,0,10
plan_build,graph_wide,100,99,17,30917,0,0,10
plan_build,graph_wide,100,99,18,30959,0,0,10
plan_build,graph_wide,100,99,19,31584,0,0,10
plan_build_alloc,graph_wide,100,99,0,0,429,126587,10
engine_execution,graph_wide,100,99,0,341666,0,0,98
engine_execution,graph_wide,100,99,1,341250,0,0,99
engine_execution,graph_wide,100,99,2,344208,0,0,96
engine_execution,graph_wide,100,99,3,346291,0,0,97
engine_execution,graph_wide,100,99,4,303833,0,0,102
engine_execution,graph_wide,100,99,5,298917,0,0,103
engine_execution,graph_wide,100,99,6,289417,0,0,100
engine_execution,graph_wide,100,99,7,293166,0,0,101
engine_execution,graph_wide,100,99,8,299000,0,0,106
engine_execution,graph_wide,100,99,9,295958,0,0,107
engine_execution,graph_wide,100,99,10,303958,0,0,104
engine_execution,graph_wide,100,99,11,326291,0,0,105
engine_execution,graph_wide,100,99,12,308250,0,0,110
engine_execution,graph_wide,100,99,13,297916,0,0,111
engine_execution,graph_wide,100,99,14,302083,0,0,108
engine_execution,graph_wide,100,99,15,290500,0,0,109
engine_execution,graph_wide,100,99,16,297208,0,0,114
engine_execution,graph_wide,100,99,17,287250,0,0,115
engine_execution,graph_wide,100,99,18,311292,0,0,112
engine_execution,graph_wide,100,99,19,331500,0,0,113
engine_execution,graph_wide,100,99,20,301791,0,0,118
engine_execution,graph_wide,100,99,21,285250,0,0,119
engine_execution,graph_wide,100,99,22,326708,0,0,116
engine_execution,graph_wide,100,99,23,332458,0,0,117
engine_execution,graph_wide,100,99,24,306250,0,0,122
engine_execution,graph_wide,100,99,25,298833,0,0,123
engine_execution,graph_wide,100,99,26,314167,0,0,120
engine_execution,graph_wide,100,99,27,313709,0,0,121
engine_execution,graph_wide,100,99,28,312584,0,0,126
engine_execution,graph_wide,100,99,29,306292,0,0,127
engine_execution,graph_wide,100,99,30,296208,0,0,124
engine_execution,graph_wide,100,99,31,283542,0,0,125
engine_execution,graph_wide,100,99,32,288709,0,0,66
engine_execution,graph_wide,100,99,33,285167,0,0,67
engine_execution,graph_wide,100,99,34,284500,0,0,64
engine_execution,graph_wide,100,99,35,284417,0,0,65
engine_execution,graph_wide,100,99,36,281875,0,0,70
engine_execution,graph_wide,100,99,37,301541,0,0,71
engine_execution,graph_wide,100,99,38,316042,0,0,68
engine_execution,graph_wide,100,99,39,316542,0,0,69
engine_execution_alloc,graph_wide,100,99,0,0,5725,735725,23096
machine_state_setup,graph_wide,100,99,0,28416,0,0,100
body_state_setup,graph_wide,100,99,0,542,0,0,0
machine_state_setup,graph_wide,100,99,1,27334,0,0,100
body_state_setup,graph_wide,100,99,1,417,0,0,0
machine_state_setup,graph_wide,100,99,2,27291,0,0,100
body_state_setup,graph_wide,100,99,2,458,0,0,0
machine_state_setup,graph_wide,100,99,3,27292,0,0,100
body_state_setup,graph_wide,100,99,3,500,0,0,0
machine_state_setup,graph_wide,100,99,4,27042,0,0,100
body_state_setup,graph_wide,100,99,4,458,0,0,0
machine_state_setup,graph_wide,100,99,5,27250,0,0,100
body_state_setup,graph_wide,100,99,5,417,0,0,0
machine_state_setup,graph_wide,100,99,6,27083,0,0,100
body_state_setup,graph_wide,100,99,6,458,0,0,0
machine_state_setup,graph_wide,100,99,7,27542,0,0,100
body_state_setup,graph_wide,100,99,7,417,0,0,0
machine_state_setup,graph_wide,100,99,8,27333,0,0,100
body_state_setup,graph_wide,100,99,8,500,0,0,0
machine_state_setup,graph_wide,100,99,9,27167,0,0,100
body_state_setup,graph_wide,100,99,9,459,0,0,0
machine_state_setup,graph_wide,100,99,10,27000,0,0,100
body_state_setup,graph_wide,100,99,10,375,0,0,0
machine_state_setup,graph_wide,100,99,11,27042,0,0,100
body_state_setup,graph_wide,100,99,11,334,0,0,0
machine_state_setup,graph_wide,100,99,12,26875,0,0,100
body_state_setup,graph_wide,100,99,12,500,0,0,0
machine_state_setup,graph_wide,100,99,13,27208,0,0,100
body_state_setup,graph_wide,100,99,13,417,0,0,0
machine_state_setup,graph_wide,100,99,14,26917,0,0,100
body_state_setup,graph_wide,100,99,14,417,0,0,0
machine_state_setup,graph_wide,100,99,15,27500,0,0,100
body_state_setup,graph_wide,100,99,15,417,0,0,0
machine_state_setup,graph_wide,100,99,16,27167,0,0,100
body_state_setup,graph_wide,100,99,16,458,0,0,0
machine_state_setup,graph_wide,100,99,17,27208,0,0,100
body_state_setup,graph_wide,100,99,17,459,0,0,0
machine_state_setup,graph_wide,100,99,18,27125,0,0,100
body_state_setup,graph_wide,100,99,18,417,0,0,0
machine_state_setup,graph_wide,100,99,19,27166,0,0,100
body_state_setup,graph_wide,100,99,19,417,0,0,0
machine_state_setup,graph_wide,100,99,20,27334,0,0,100
body_state_setup,graph_wide,100,99,20,500,0,0,0
machine_state_setup,graph_wide,100,99,21,27125,0,0,100
body_state_setup,graph_wide,100,99,21,458,0,0,0
machine_state_setup,graph_wide,100,99,22,27250,0,0,100
body_state_setup,graph_wide,100,99,22,458,0,0,0
machine_state_setup,graph_wide,100,99,23,27125,0,0,100
body_state_setup,graph_wide,100,99,23,417,0,0,0
machine_state_setup,graph_wide,100,99,24,27042,0,0,100
body_state_setup,graph_wide,100,99,24,500,0,0,0
machine_state_setup,graph_wide,100,99,25,27375,0,0,100
body_state_setup,graph_wide,100,99,25,417,0,0,0
machine_state_setup,graph_wide,100,99,26,27125,0,0,100
body_state_setup,graph_wide,100,99,26,417,0,0,0
machine_state_setup,graph_wide,100,99,27,27583,0,0,100
body_state_setup,graph_wide,100,99,27,458,0,0,0
machine_state_setup,graph_wide,100,99,28,27208,0,0,100
body_state_setup,graph_wide,100,99,28,500,0,0,0
machine_state_setup,graph_wide,100,99,29,27458,0,0,100
body_state_setup,graph_wide,100,99,29,500,0,0,0
machine_state_setup,graph_wide,100,99,30,27125,0,0,100
body_state_setup,graph_wide,100,99,30,416,0,0,0
machine_state_setup,graph_wide,100,99,31,27500,0,0,100
body_state_setup,graph_wide,100,99,31,416,0,0,0
machine_state_setup,graph_wide,100,99,32,27416,0,0,100
body_state_setup,graph_wide,100,99,32,459,0,0,0
machine_state_setup,graph_wide,100,99,33,27292,0,0,100
body_state_setup,graph_wide,100,99,33,458,0,0,0
machine_state_setup,graph_wide,100,99,34,27083,0,0,100
body_state_setup,graph_wide,100,99,34,416,0,0,0
machine_state_setup,graph_wide,100,99,35,27375,0,0,100
body_state_setup,graph_wide,100,99,35,416,0,0,0
machine_state_setup,graph_wide,100,99,36,27292,0,0,100
body_state_setup,graph_wide,100,99,36,458,0,0,0
machine_state_setup,graph_wide,100,99,37,27167,0,0,100
body_state_setup,graph_wide,100,99,37,417,0,0,0
machine_state_setup,graph_wide,100,99,38,27416,0,0,100
body_state_setup,graph_wide,100,99,38,458,0,0,0
machine_state_setup,graph_wide,100,99,39,26042,0,0,100
body_state_setup,graph_wide,100,99,39,375,0,0,0
fixture_generation,graph_sparse,100,99,0,8416,0,0,500
fixture_generation,graph_sparse,100,99,1,5833,0,0,500
fixture_generation,graph_sparse,100,99,2,5875,0,0,500
fixture_generation,graph_sparse,100,99,3,5750,0,0,500
fixture_generation,graph_sparse,100,99,4,5750,0,0,500
fixture_generation,graph_sparse,100,99,5,5709,0,0,500
fixture_generation,graph_sparse,100,99,6,5750,0,0,500
fixture_generation,graph_sparse,100,99,7,5750,0,0,500
fixture_generation,graph_sparse,100,99,8,5708,0,0,500
fixture_generation,graph_sparse,100,99,9,5750,0,0,500
fixture_generation,graph_sparse,100,99,10,5791,0,0,500
fixture_generation,graph_sparse,100,99,11,5750,0,0,500
fixture_generation,graph_sparse,100,99,12,5750,0,0,500
fixture_generation,graph_sparse,100,99,13,5750,0,0,500
fixture_generation,graph_sparse,100,99,14,5833,0,0,500
fixture_generation,graph_sparse,100,99,15,5708,0,0,500
fixture_generation,graph_sparse,100,99,16,5708,0,0,500
fixture_generation,graph_sparse,100,99,17,5833,0,0,500
fixture_generation,graph_sparse,100,99,18,5750,0,0,500
fixture_generation,graph_sparse,100,99,19,5750,0,0,500
plan_build,graph_sparse,100,99,0,32542,0,0,12
plan_build,graph_sparse,100,99,1,27958,0,0,12
plan_build,graph_sparse,100,99,2,27916,0,0,12
plan_build,graph_sparse,100,99,3,27750,0,0,12
plan_build,graph_sparse,100,99,4,27500,0,0,12
plan_build,graph_sparse,100,99,5,27583,0,0,12
plan_build,graph_sparse,100,99,6,27250,0,0,12
plan_build,graph_sparse,100,99,7,27416,0,0,12
plan_build,graph_sparse,100,99,8,27584,0,0,12
plan_build,graph_sparse,100,99,9,27583,0,0,12
plan_build,graph_sparse,100,99,10,27666,0,0,12
plan_build,graph_sparse,100,99,11,27042,0,0,12
plan_build,graph_sparse,100,99,12,27167,0,0,12
plan_build,graph_sparse,100,99,13,27708,0,0,12
plan_build,graph_sparse,100,99,14,27500,0,0,12
plan_build,graph_sparse,100,99,15,27709,0,0,12
plan_build,graph_sparse,100,99,16,27208,0,0,12
plan_build,graph_sparse,100,99,17,27417,0,0,12
plan_build,graph_sparse,100,99,18,26791,0,0,12
plan_build,graph_sparse,100,99,19,26875,0,0,12
plan_build_alloc,graph_sparse,100,99,0,0,429,126589,12
engine_execution,graph_sparse,100,99,0,312709,0,0,71
engine_execution,graph_sparse,100,99,1,321125,0,0,70
engine_execution,graph_sparse,100,99,2,328083,0,0,69
engine_execution,graph_sparse,100,99,3,310792,0,0,68
engine_execution,graph_sparse,100,99,4,319334,0,0,67
engine_execution,graph_sparse,100,99,5,335042,0,0,66
engine_execution,graph_sparse,100,99,6,393125,0,0,65
engine_execution,graph_sparse,100,99,7,334458,0,0,64
engine_execution,graph_sparse,100,99,8,336750,0,0,79
engine_execution,graph_sparse,100,99,9,330708,0,0,78
engine_execution,graph_sparse,100,99,10,330542,0,0,77
engine_execution,graph_sparse,100,99,11,334042,0,0,76
engine_execution,graph_sparse,100,99,12,319666,0,0,75
engine_execution,graph_sparse,100,99,13,335875,0,0,74
engine_execution,graph_sparse,100,99,14,319375,0,0,73
engine_execution,graph_sparse,100,99,15,331375,0,0,72
engine_execution,graph_sparse,100,99,16,331084,0,0,87
engine_execution,graph_sparse,100,99,17,331000,0,0,86
engine_execution,graph_sparse,100,99,18,329625,0,0,85
engine_execution,graph_sparse,100,99,19,329167,0,0,84
engine_execution,graph_sparse,100,99,20,321792,0,0,83
engine_execution,graph_sparse,100,99,21,322000,0,0,82
engine_execution,graph_sparse,100,99,22,323542,0,0,81
engine_execution,graph_sparse,100,99,23,324417,0,0,80
engine_execution,graph_sparse,100,99,24,328000,0,0,95
engine_execution,graph_sparse,100,99,25,330167,0,0,94
engine_execution,graph_sparse,100,99,26,323791,0,0,93
engine_execution,graph_sparse,100,99,27,321625,0,0,92
engine_execution,graph_sparse,100,99,28,321916,0,0,91
engine_execution,graph_sparse,100,99,29,328042,0,0,90
engine_execution,graph_sparse,100,99,30,322375,0,0,89
engine_execution,graph_sparse,100,99,31,326416,0,0,88
engine_execution,graph_sparse,100,99,32,326292,0,0,103
engine_execution,graph_sparse,100,99,33,331584,0,0,102
engine_execution,graph_sparse,100,99,34,325167,0,0,101
engine_execution,graph_sparse,100,99,35,328750,0,0,100
engine_execution,graph_sparse,100,99,36,326833,0,0,99
engine_execution,graph_sparse,100,99,37,328250,0,0,98
engine_execution,graph_sparse,100,99,38,318417,0,0,97
engine_execution,graph_sparse,100,99,39,324833,0,0,96
engine_execution_alloc,graph_sparse,100,99,0,0,5945,761233,23069
machine_state_setup,graph_sparse,100,99,0,24458,0,0,100
body_state_setup,graph_sparse,100,99,0,500,0,0,0
machine_state_setup,graph_sparse,100,99,1,24208,0,0,100
body_state_setup,graph_sparse,100,99,1,458,0,0,0
machine_state_setup,graph_sparse,100,99,2,24292,0,0,100
body_state_setup,graph_sparse,100,99,2,417,0,0,0
machine_state_setup,graph_sparse,100,99,3,24208,0,0,100
body_state_setup,graph_sparse,100,99,3,375,0,0,0
machine_state_setup,graph_sparse,100,99,4,24042,0,0,100
body_state_setup,graph_sparse,100,99,4,375,0,0,0
machine_state_setup,graph_sparse,100,99,5,24000,0,0,100
body_state_setup,graph_sparse,100,99,5,375,0,0,0
machine_state_setup,graph_sparse,100,99,6,24041,0,0,100
body_state_setup,graph_sparse,100,99,6,375,0,0,0
machine_state_setup,graph_sparse,100,99,7,24000,0,0,100
body_state_setup,graph_sparse,100,99,7,416,0,0,0
machine_state_setup,graph_sparse,100,99,8,23875,0,0,100
body_state_setup,graph_sparse,100,99,8,417,0,0,0
machine_state_setup,graph_sparse,100,99,9,27542,0,0,100
body_state_setup,graph_sparse,100,99,9,500,0,0,0
machine_state_setup,graph_sparse,100,99,10,25417,0,0,100
body_state_setup,graph_sparse,100,99,10,375,0,0,0
machine_state_setup,graph_sparse,100,99,11,24084,0,0,100
body_state_setup,graph_sparse,100,99,11,417,0,0,0
machine_state_setup,graph_sparse,100,99,12,23833,0,0,100
body_state_setup,graph_sparse,100,99,12,416,0,0,0
machine_state_setup,graph_sparse,100,99,13,24000,0,0,100
body_state_setup,graph_sparse,100,99,13,417,0,0,0
machine_state_setup,graph_sparse,100,99,14,26042,0,0,100
body_state_setup,graph_sparse,100,99,14,500,0,0,0
machine_state_setup,graph_sparse,100,99,15,26958,0,0,100
body_state_setup,graph_sparse,100,99,15,458,0,0,0
machine_state_setup,graph_sparse,100,99,16,23875,0,0,100
body_state_setup,graph_sparse,100,99,16,416,0,0,0
machine_state_setup,graph_sparse,100,99,17,24125,0,0,100
body_state_setup,graph_sparse,100,99,17,375,0,0,0
machine_state_setup,graph_sparse,100,99,18,24000,0,0,100
body_state_setup,graph_sparse,100,99,18,459,0,0,0
machine_state_setup,graph_sparse,100,99,19,24083,0,0,100
body_state_setup,graph_sparse,100,99,19,416,0,0,0
machine_state_setup,graph_sparse,100,99,20,24458,0,0,100
body_state_setup,graph_sparse,100,99,20,417,0,0,0
machine_state_setup,graph_sparse,100,99,21,24250,0,0,100
body_state_setup,graph_sparse,100,99,21,417,0,0,0
machine_state_setup,graph_sparse,100,99,22,24416,0,0,100
body_state_setup,graph_sparse,100,99,22,375,0,0,0
machine_state_setup,graph_sparse,100,99,23,24208,0,0,100
body_state_setup,graph_sparse,100,99,23,500,0,0,0
machine_state_setup,graph_sparse,100,99,24,24042,0,0,100
body_state_setup,graph_sparse,100,99,24,375,0,0,0
machine_state_setup,graph_sparse,100,99,25,25375,0,0,100
body_state_setup,graph_sparse,100,99,25,500,0,0,0
machine_state_setup,graph_sparse,100,99,26,27250,0,0,100
body_state_setup,graph_sparse,100,99,26,541,0,0,0
machine_state_setup,graph_sparse,100,99,27,24625,0,0,100
body_state_setup,graph_sparse,100,99,27,417,0,0,0
machine_state_setup,graph_sparse,100,99,28,23916,0,0,100
body_state_setup,graph_sparse,100,99,28,375,0,0,0
machine_state_setup,graph_sparse,100,99,29,23791,0,0,100
body_state_setup,graph_sparse,100,99,29,375,0,0,0
machine_state_setup,graph_sparse,100,99,30,23917,0,0,100
body_state_setup,graph_sparse,100,99,30,334,0,0,0
machine_state_setup,graph_sparse,100,99,31,24250,0,0,100
body_state_setup,graph_sparse,100,99,31,417,0,0,0
machine_state_setup,graph_sparse,100,99,32,24459,0,0,100
body_state_setup,graph_sparse,100,99,32,375,0,0,0
machine_state_setup,graph_sparse,100,99,33,24083,0,0,100
body_state_setup,graph_sparse,100,99,33,417,0,0,0
machine_state_setup,graph_sparse,100,99,34,24209,0,0,100
body_state_setup,graph_sparse,100,99,34,375,0,0,0
machine_state_setup,graph_sparse,100,99,35,24167,0,0,100
body_state_setup,graph_sparse,100,99,35,459,0,0,0
machine_state_setup,graph_sparse,100,99,36,24208,0,0,100
body_state_setup,graph_sparse,100,99,36,375,0,0,0
machine_state_setup,graph_sparse,100,99,37,24292,0,0,100
body_state_setup,graph_sparse,100,99,37,375,0,0,0
machine_state_setup,graph_sparse,100,99,38,24250,0,0,100
body_state_setup,graph_sparse,100,99,38,417,0,0,0
machine_state_setup,graph_sparse,100,99,39,28250,0,0,100
body_state_setup,graph_sparse,100,99,39,375,0,0,0
fixture_generation,graph_chain,1000,999,0,52833,0,0,5000
fixture_generation,graph_chain,1000,999,1,52667,0,0,5000
fixture_generation,graph_chain,1000,999,2,52500,0,0,5000
fixture_generation,graph_chain,1000,999,3,52584,0,0,5000
fixture_generation,graph_chain,1000,999,4,52584,0,0,5000
fixture_generation,graph_chain,1000,999,5,52542,0,0,5000
fixture_generation,graph_chain,1000,999,6,52500,0,0,5000
fixture_generation,graph_chain,1000,999,7,52583,0,0,5000
fixture_generation,graph_chain,1000,999,8,52500,0,0,5000
fixture_generation,graph_chain,1000,999,9,52458,0,0,5000
fixture_generation,graph_chain,1000,999,10,52458,0,0,5000
fixture_generation,graph_chain,1000,999,11,52416,0,0,5000
fixture_generation,graph_chain,1000,999,12,52584,0,0,5000
fixture_generation,graph_chain,1000,999,13,57208,0,0,5000
fixture_generation,graph_chain,1000,999,14,53541,0,0,5000
fixture_generation,graph_chain,1000,999,15,53042,0,0,5000
fixture_generation,graph_chain,1000,999,16,52500,0,0,5000
fixture_generation,graph_chain,1000,999,17,52500,0,0,5000
fixture_generation,graph_chain,1000,999,18,52541,0,0,5000
fixture_generation,graph_chain,1000,999,19,52542,0,0,5000
plan_build,graph_chain,1000,999,0,1249917,0,0,11
plan_build,graph_chain,1000,999,1,1263542,0,0,11
plan_build,graph_chain,1000,999,2,1227625,0,0,11
plan_build,graph_chain,1000,999,3,1249833,0,0,11
plan_build,graph_chain,1000,999,4,1207834,0,0,11
plan_build,graph_chain,1000,999,5,1207792,0,0,11
plan_build,graph_chain,1000,999,6,1206208,0,0,11
plan_build,graph_chain,1000,999,7,1198500,0,0,11
plan_build,graph_chain,1000,999,8,1212167,0,0,11
plan_build,graph_chain,1000,999,9,1206834,0,0,11
plan_build,graph_chain,1000,999,10,1191709,0,0,11
plan_build,graph_chain,1000,999,11,1207375,0,0,11
plan_build,graph_chain,1000,999,12,1194667,0,0,11
plan_build,graph_chain,1000,999,13,1193084,0,0,11
plan_build,graph_chain,1000,999,14,1193208,0,0,11
plan_build,graph_chain,1000,999,15,1198625,0,0,11
plan_build,graph_chain,1000,999,16,1331958,0,0,11
plan_build,graph_chain,1000,999,17,1252625,0,0,11
plan_build,graph_chain,1000,999,18,1192792,0,0,11
plan_build,graph_chain,1000,999,19,1190750,0,0,11
plan_build_alloc,graph_chain,1000,999,0,0,4041,1049104,11
engine_execution,graph_chain,1000,999,0,15242458,0,0,1
engine_execution,graph_chain,1000,999,1,15004250,0,0,0
engine_execution,graph_chain,1000,999,2,14241750,0,0,3
engine_execution,graph_chain,1000,999,3,15823167,0,0,2
engine_execution,graph_chain,1000,999,4,17103375,0,0,5
engine_execution,graph_chain,1000,999,5,16744125,0,0,4
engine_execution,graph_chain,1000,999,6,16499083,0,0,7
engine_execution,graph_chain,1000,999,7,15481333,0,0,6
engine_execution,graph_chain,1000,999,8,15120959,0,0,9
engine_execution,graph_chain,1000,999,9,15252667,0,0,8
engine_execution,graph_chain,1000,999,10,14879000,0,0,11
engine_execution,graph_chain,1000,999,11,15435917,0,0,10
engine_execution,graph_chain,1000,999,12,15028916,0,0,13
engine_execution,graph_chain,1000,999,13,15747375,0,0,12
engine_execution,graph_chain,1000,999,14,14870750,0,0,15
engine_execution,graph_chain,1000,999,15,15249917,0,0,14
engine_execution,graph_chain,1000,999,16,15935583,0,0,17
engine_execution,graph_chain,1000,999,17,15325458,0,0,16
engine_execution,graph_chain,1000,999,18,17031792,0,0,19
engine_execution,graph_chain,1000,999,19,16042958,0,0,18
engine_execution,graph_chain,1000,999,20,17578791,0,0,21
engine_execution,graph_chain,1000,999,21,14946834,0,0,20
engine_execution,graph_chain,1000,999,22,14945666,0,0,23
engine_execution,graph_chain,1000,999,23,15028416,0,0,22
engine_execution,graph_chain,1000,999,24,14925458,0,0,25
engine_execution,graph_chain,1000,999,25,14747333,0,0,24
engine_execution,graph_chain,1000,999,26,14758625,0,0,27
engine_execution,graph_chain,1000,999,27,15648459,0,0,26
engine_execution,graph_chain,1000,999,28,15245708,0,0,29
engine_execution,graph_chain,1000,999,29,15168917,0,0,28
engine_execution,graph_chain,1000,999,30,15781458,0,0,31
engine_execution,graph_chain,1000,999,31,15747500,0,0,30
engine_execution,graph_chain,1000,999,32,14843167,0,0,33
engine_execution,graph_chain,1000,999,33,15790000,0,0,32
engine_execution,graph_chain,1000,999,34,15862542,0,0,35
engine_execution,graph_chain,1000,999,35,15940500,0,0,34
engine_execution,graph_chain,1000,999,36,15157000,0,0,37
engine_execution,graph_chain,1000,999,37,14890792,0,0,36
engine_execution,graph_chain,1000,999,38,15463542,0,0,39
engine_execution,graph_chain,1000,999,39,15491708,0,0,38
engine_execution_alloc,graph_chain,1000,999,0,0,60109,29096851,23131
machine_state_setup,graph_chain,1000,999,0,244542,0,0,1000
body_state_setup,graph_chain,1000,999,0,2875,0,0,0
machine_state_setup,graph_chain,1000,999,1,227667,0,0,1000
body_state_setup,graph_chain,1000,999,1,1959,0,0,0
machine_state_setup,graph_chain,1000,999,2,258375,0,0,1000
body_state_setup,graph_chain,1000,999,2,2083,0,0,0
machine_state_setup,graph_chain,1000,999,3,219875,0,0,1000
body_state_setup,graph_chain,1000,999,3,2125,0,0,0
machine_state_setup,graph_chain,1000,999,4,228667,0,0,1000
body_state_setup,graph_chain,1000,999,4,1875,0,0,0
machine_state_setup,graph_chain,1000,999,5,220334,0,0,1000
body_state_setup,graph_chain,1000,999,5,1917,0,0,0
machine_state_setup,graph_chain,1000,999,6,221875,0,0,1000
body_state_setup,graph_chain,1000,999,6,1917,0,0,0
machine_state_setup,graph_chain,1000,999,7,232917,0,0,1000
body_state_setup,graph_chain,1000,999,7,2125,0,0,0
machine_state_setup,graph_chain,1000,999,8,222834,0,0,1000
body_state_setup,graph_chain,1000,999,8,1750,0,0,0
machine_state_setup,graph_chain,1000,999,9,216458,0,0,1000
body_state_setup,graph_chain,1000,999,9,1917,0,0,0
machine_state_setup,graph_chain,1000,999,10,220375,0,0,1000
body_state_setup,graph_chain,1000,999,10,1917,0,0,0
machine_state_setup,graph_chain,1000,999,11,220125,0,0,1000
body_state_setup,graph_chain,1000,999,11,1834,0,0,0
machine_state_setup,graph_chain,1000,999,12,226917,0,0,1000
body_state_setup,graph_chain,1000,999,12,2208,0,0,0
machine_state_setup,graph_chain,1000,999,13,224333,0,0,1000
body_state_setup,graph_chain,1000,999,13,1917,0,0,0
machine_state_setup,graph_chain,1000,999,14,226792,0,0,1000
body_state_setup,graph_chain,1000,999,14,1875,0,0,0
machine_state_setup,graph_chain,1000,999,15,222459,0,0,1000
body_state_setup,graph_chain,1000,999,15,1917,0,0,0
machine_state_setup,graph_chain,1000,999,16,215584,0,0,1000
body_state_setup,graph_chain,1000,999,16,1792,0,0,0
machine_state_setup,graph_chain,1000,999,17,215333,0,0,1000
body_state_setup,graph_chain,1000,999,17,1792,0,0,0
machine_state_setup,graph_chain,1000,999,18,225541,0,0,1000
body_state_setup,graph_chain,1000,999,18,1958,0,0,0
machine_state_setup,graph_chain,1000,999,19,224708,0,0,1000
body_state_setup,graph_chain,1000,999,19,2042,0,0,0
machine_state_setup,graph_chain,1000,999,20,225584,0,0,1000
body_state_setup,graph_chain,1000,999,20,2292,0,0,0
machine_state_setup,graph_chain,1000,999,21,224583,0,0,1000
body_state_setup,graph_chain,1000,999,21,1959,0,0,0
machine_state_setup,graph_chain,1000,999,22,224792,0,0,1000
body_state_setup,graph_chain,1000,999,22,2166,0,0,0
machine_state_setup,graph_chain,1000,999,23,229333,0,0,1000
body_state_setup,graph_chain,1000,999,23,2208,0,0,0
machine_state_setup,graph_chain,1000,999,24,223542,0,0,1000
body_state_setup,graph_chain,1000,999,24,2000,0,0,0
machine_state_setup,graph_chain,1000,999,25,224208,0,0,1000
body_state_setup,graph_chain,1000,999,25,2167,0,0,0
machine_state_setup,graph_chain,1000,999,26,222542,0,0,1000
body_state_setup,graph_chain,1000,999,26,2041,0,0,0
machine_state_setup,graph_chain,1000,999,27,225208,0,0,1000
body_state_setup,graph_chain,1000,999,27,2083,0,0,0
machine_state_setup,graph_chain,1000,999,28,222500,0,0,1000
body_state_setup,graph_chain,1000,999,28,1875,0,0,0
machine_state_setup,graph_chain,1000,999,29,219709,0,0,1000
body_state_setup,graph_chain,1000,999,29,1750,0,0,0
machine_state_setup,graph_chain,1000,999,30,213625,0,0,1000
body_state_setup,graph_chain,1000,999,30,1791,0,0,0
machine_state_setup,graph_chain,1000,999,31,214750,0,0,1000
body_state_setup,graph_chain,1000,999,31,1875,0,0,0
machine_state_setup,graph_chain,1000,999,32,226167,0,0,1000
body_state_setup,graph_chain,1000,999,32,1833,0,0,0
machine_state_setup,graph_chain,1000,999,33,221541,0,0,1000
body_state_setup,graph_chain,1000,999,33,1833,0,0,0
machine_state_setup,graph_chain,1000,999,34,217875,0,0,1000
body_state_setup,graph_chain,1000,999,34,1750,0,0,0
machine_state_setup,graph_chain,1000,999,35,214334,0,0,1000
body_state_setup,graph_chain,1000,999,35,1834,0,0,0
machine_state_setup,graph_chain,1000,999,36,213875,0,0,1000
body_state_setup,graph_chain,1000,999,36,1833,0,0,0
machine_state_setup,graph_chain,1000,999,37,214083,0,0,1000
body_state_setup,graph_chain,1000,999,37,1750,0,0,0
machine_state_setup,graph_chain,1000,999,38,219959,0,0,1000
body_state_setup,graph_chain,1000,999,38,1750,0,0,0
machine_state_setup,graph_chain,1000,999,39,218291,0,0,1000
body_state_setup,graph_chain,1000,999,39,1917,0,0,0
pure_machine_events_preseeded,graph_chain,1000,999,0,9419000,0,0,1001
pure_machine_events_preseeded,graph_chain,1000,999,1,8859916,0,0,1001
pure_machine_events_preseeded,graph_chain,1000,999,2,9652417,0,0,1001
pure_machine_events_preseeded,graph_chain,1000,999,3,9735875,0,0,1001
pure_machine_events_preseeded,graph_chain,1000,999,4,10030708,0,0,1001
pure_machine_events_preseeded,graph_chain,1000,999,5,10611333,0,0,1001
pure_machine_events_preseeded,graph_chain,1000,999,6,9711333,0,0,1001
pure_machine_events_preseeded,graph_chain,1000,999,7,9618500,0,0,1001
pure_machine_events_preseeded,graph_chain,1000,999,8,10306625,0,0,1001
pure_machine_events_preseeded,graph_chain,1000,999,9,10204208,0,0,1001
pure_machine_events_preseeded,graph_chain,1000,999,10,10281292,0,0,1001
pure_machine_events_preseeded,graph_chain,1000,999,11,10436333,0,0,1001
pure_machine_events_preseeded,graph_chain,1000,999,12,10171375,0,0,1001
pure_machine_events_preseeded,graph_chain,1000,999,13,10352375,0,0,1001
pure_machine_events_preseeded,graph_chain,1000,999,14,10403958,0,0,1001
pure_machine_events_preseeded,graph_chain,1000,999,15,10357792,0,0,1001
pure_machine_events_preseeded,graph_chain,1000,999,16,9332333,0,0,1001
pure_machine_events_preseeded,graph_chain,1000,999,17,9842000,0,0,1001
pure_machine_events_preseeded,graph_chain,1000,999,18,9473458,0,0,1001
pure_machine_events_preseeded,graph_chain,1000,999,19,10397917,0,0,1001
pure_machine_events_preseeded,graph_chain,1000,999,20,10024333,0,0,1001
pure_machine_events_preseeded,graph_chain,1000,999,21,9620250,0,0,1001
pure_machine_events_preseeded,graph_chain,1000,999,22,9991291,0,0,1001
pure_machine_events_preseeded,graph_chain,1000,999,23,9655834,0,0,1001
pure_machine_events_preseeded,graph_chain,1000,999,24,10110583,0,0,1001
pure_machine_events_preseeded,graph_chain,1000,999,25,10327333,0,0,1001
pure_machine_events_preseeded,graph_chain,1000,999,26,9019459,0,0,1001
pure_machine_events_preseeded,graph_chain,1000,999,27,9493750,0,0,1001
pure_machine_events_preseeded,graph_chain,1000,999,28,10378625,0,0,1001
pure_machine_events_preseeded,graph_chain,1000,999,29,10184458,0,0,1001
pure_machine_events_preseeded,graph_chain,1000,999,30,10008292,0,0,1001
pure_machine_events_preseeded,graph_chain,1000,999,31,9666541,0,0,1001
pure_machine_events_preseeded,graph_chain,1000,999,32,10165750,0,0,1001
pure_machine_events_preseeded,graph_chain,1000,999,33,9620000,0,0,1001
pure_machine_events_preseeded,graph_chain,1000,999,34,9390792,0,0,1001
pure_machine_events_preseeded,graph_chain,1000,999,35,10230166,0,0,1001
pure_machine_events_preseeded,graph_chain,1000,999,36,9179333,0,0,1001
pure_machine_events_preseeded,graph_chain,1000,999,37,10287583,0,0,1001
pure_machine_events_preseeded,graph_chain,1000,999,38,10507166,0,0,1001
pure_machine_events_preseeded,graph_chain,1000,999,39,8752000,0,0,1001
fixture_generation,graph_wide,1000,999,0,53166,0,0,5000
fixture_generation,graph_wide,1000,999,1,52875,0,0,5000
fixture_generation,graph_wide,1000,999,2,53583,0,0,5000
fixture_generation,graph_wide,1000,999,3,55792,0,0,5000
fixture_generation,graph_wide,1000,999,4,58667,0,0,5000
fixture_generation,graph_wide,1000,999,5,53458,0,0,5000
fixture_generation,graph_wide,1000,999,6,53542,0,0,5000
fixture_generation,graph_wide,1000,999,7,58417,0,0,5000
fixture_generation,graph_wide,1000,999,8,54166,0,0,5000
fixture_generation,graph_wide,1000,999,9,60917,0,0,5000
fixture_generation,graph_wide,1000,999,10,53791,0,0,5000
fixture_generation,graph_wide,1000,999,11,53542,0,0,5000
fixture_generation,graph_wide,1000,999,12,53375,0,0,5000
fixture_generation,graph_wide,1000,999,13,53417,0,0,5000
fixture_generation,graph_wide,1000,999,14,53458,0,0,5000
fixture_generation,graph_wide,1000,999,15,53625,0,0,5000
fixture_generation,graph_wide,1000,999,16,53291,0,0,5000
fixture_generation,graph_wide,1000,999,17,53292,0,0,5000
fixture_generation,graph_wide,1000,999,18,53500,0,0,5000
fixture_generation,graph_wide,1000,999,19,53500,0,0,5000
plan_build,graph_wide,1000,999,0,1254542,0,0,10
plan_build,graph_wide,1000,999,1,1253417,0,0,10
plan_build,graph_wide,1000,999,2,1228667,0,0,10
plan_build,graph_wide,1000,999,3,1198167,0,0,10
plan_build,graph_wide,1000,999,4,1209209,0,0,10
plan_build,graph_wide,1000,999,5,1254750,0,0,10
plan_build,graph_wide,1000,999,6,1231833,0,0,10
plan_build,graph_wide,1000,999,7,1237041,0,0,10
plan_build,graph_wide,1000,999,8,1204583,0,0,10
plan_build,graph_wide,1000,999,9,1208041,0,0,10
plan_build,graph_wide,1000,999,10,1199167,0,0,10
plan_build,graph_wide,1000,999,11,1190792,0,0,10
plan_build,graph_wide,1000,999,12,1190416,0,0,10
plan_build,graph_wide,1000,999,13,1189375,0,0,10
plan_build,graph_wide,1000,999,14,1187625,0,0,10
plan_build,graph_wide,1000,999,15,1193500,0,0,10
plan_build,graph_wide,1000,999,16,1192666,0,0,10
plan_build,graph_wide,1000,999,17,1189625,0,0,10
plan_build,graph_wide,1000,999,18,1195041,0,0,10
plan_build,graph_wide,1000,999,19,1254583,0,0,10
plan_build_alloc,graph_wide,1000,999,0,0,4041,1049103,10
engine_execution,graph_wide,1000,999,0,11568458,0,0,998
engine_execution,graph_wide,1000,999,1,12668584,0,0,999
engine_execution,graph_wide,1000,999,2,11282375,0,0,996
engine_execution,graph_wide,1000,999,3,11429834,0,0,997
engine_execution,graph_wide,1000,999,4,11730000,0,0,994
engine_execution,graph_wide,1000,999,5,11269083,0,0,995
engine_execution,graph_wide,1000,999,6,11286083,0,0,992
engine_execution,graph_wide,1000,999,7,12363125,0,0,993
engine_execution,graph_wide,1000,999,8,11061625,0,0,1006
engine_execution,graph_wide,1000,999,9,11702542,0,0,1007
engine_execution,graph_wide,1000,999,10,11496750,0,0,1004
engine_execution,graph_wide,1000,999,11,11258875,0,0,1005
engine_execution,graph_wide,1000,999,12,12481959,0,0,1002
engine_execution,graph_wide,1000,999,13,11926209,0,0,1003
engine_execution,graph_wide,1000,999,14,12259375,0,0,1000
engine_execution,graph_wide,1000,999,15,12775833,0,0,1001
engine_execution,graph_wide,1000,999,16,12132333,0,0,1014
engine_execution,graph_wide,1000,999,17,11550417,0,0,1015
engine_execution,graph_wide,1000,999,18,12485625,0,0,1012
engine_execution,graph_wide,1000,999,19,26786333,0,0,1013
engine_execution,graph_wide,1000,999,20,13553000,0,0,1010
engine_execution,graph_wide,1000,999,21,10437834,0,0,1011
engine_execution,graph_wide,1000,999,22,10392500,0,0,1008
engine_execution,graph_wide,1000,999,23,11043625,0,0,1009
engine_execution,graph_wide,1000,999,24,10839875,0,0,1022
engine_execution,graph_wide,1000,999,25,11399542,0,0,1023
engine_execution,graph_wide,1000,999,26,11754042,0,0,1020
engine_execution,graph_wide,1000,999,27,11837583,0,0,1021
engine_execution,graph_wide,1000,999,28,11349333,0,0,1018
engine_execution,graph_wide,1000,999,29,10909458,0,0,1019
engine_execution,graph_wide,1000,999,30,11827750,0,0,1016
engine_execution,graph_wide,1000,999,31,11354417,0,0,1017
engine_execution,graph_wide,1000,999,32,11646458,0,0,966
engine_execution,graph_wide,1000,999,33,10523750,0,0,967
engine_execution,graph_wide,1000,999,34,10809750,0,0,964
engine_execution,graph_wide,1000,999,35,9707875,0,0,965
engine_execution,graph_wide,1000,999,36,10727333,0,0,962
engine_execution,graph_wide,1000,999,37,10360875,0,0,963
engine_execution,graph_wide,1000,999,38,9326792,0,0,960
engine_execution,graph_wide,1000,999,39,9657625,0,0,961
engine_execution_alloc,graph_wide,1000,999,0,0,56214,21420769,22972
machine_state_setup,graph_wide,1000,999,0,499458,0,0,1000
body_state_setup,graph_wide,1000,999,0,3000,0,0,0
machine_state_setup,graph_wide,1000,999,1,559792,0,0,1000
body_state_setup,graph_wide,1000,999,1,4500,0,0,0
machine_state_setup,graph_wide,1000,999,2,524542,0,0,1000
body_state_setup,graph_wide,1000,999,2,4250,0,0,0
machine_state_setup,graph_wide,1000,999,3,486500,0,0,1000
body_state_setup,graph_wide,1000,999,3,2542,0,0,0
machine_state_setup,graph_wide,1000,999,4,472291,0,0,1000
body_state_setup,graph_wide,1000,999,4,2042,0,0,0
machine_state_setup,graph_wide,1000,999,5,449625,0,0,1000
body_state_setup,graph_wide,1000,999,5,1750,0,0,0
machine_state_setup,graph_wide,1000,999,6,473250,0,0,1000
body_state_setup,graph_wide,1000,999,6,1958,0,0,0
machine_state_setup,graph_wide,1000,999,7,448875,0,0,1000
body_state_setup,graph_wide,1000,999,7,1792,0,0,0
machine_state_setup,graph_wide,1000,999,8,454959,0,0,1000
body_state_setup,graph_wide,1000,999,8,1750,0,0,0
machine_state_setup,graph_wide,1000,999,9,448750,0,0,1000
body_state_setup,graph_wide,1000,999,9,1708,0,0,0
machine_state_setup,graph_wide,1000,999,10,448916,0,0,1000
body_state_setup,graph_wide,1000,999,10,1917,0,0,0
machine_state_setup,graph_wide,1000,999,11,449167,0,0,1000
body_state_setup,graph_wide,1000,999,11,1833,0,0,0
machine_state_setup,graph_wide,1000,999,12,450000,0,0,1000
body_state_setup,graph_wide,1000,999,12,1750,0,0,0
machine_state_setup,graph_wide,1000,999,13,454750,0,0,1000
body_state_setup,graph_wide,1000,999,13,1833,0,0,0
machine_state_setup,graph_wide,1000,999,14,458833,0,0,1000
body_state_setup,graph_wide,1000,999,14,1792,0,0,0
machine_state_setup,graph_wide,1000,999,15,449916,0,0,1000
body_state_setup,graph_wide,1000,999,15,1750,0,0,0
machine_state_setup,graph_wide,1000,999,16,448375,0,0,1000
body_state_setup,graph_wide,1000,999,16,1750,0,0,0
machine_state_setup,graph_wide,1000,999,17,453042,0,0,1000
body_state_setup,graph_wide,1000,999,17,1875,0,0,0
machine_state_setup,graph_wide,1000,999,18,450792,0,0,1000
body_state_setup,graph_wide,1000,999,18,1750,0,0,0
machine_state_setup,graph_wide,1000,999,19,448792,0,0,1000
body_state_setup,graph_wide,1000,999,19,1750,0,0,0
machine_state_setup,graph_wide,1000,999,20,448667,0,0,1000
body_state_setup,graph_wide,1000,999,20,1792,0,0,0
machine_state_setup,graph_wide,1000,999,21,448875,0,0,1000
body_state_setup,graph_wide,1000,999,21,1750,0,0,0
machine_state_setup,graph_wide,1000,999,22,457125,0,0,1000
body_state_setup,graph_wide,1000,999,22,1875,0,0,0
machine_state_setup,graph_wide,1000,999,23,448958,0,0,1000
body_state_setup,graph_wide,1000,999,23,1709,0,0,0
machine_state_setup,graph_wide,1000,999,24,453209,0,0,1000
body_state_setup,graph_wide,1000,999,24,1750,0,0,0
machine_state_setup,graph_wide,1000,999,25,457250,0,0,1000
body_state_setup,graph_wide,1000,999,25,1791,0,0,0
machine_state_setup,graph_wide,1000,999,26,448417,0,0,1000
body_state_setup,graph_wide,1000,999,26,1792,0,0,0
machine_state_setup,graph_wide,1000,999,27,448166,0,0,1000
body_state_setup,graph_wide,1000,999,27,1792,0,0,0
machine_state_setup,graph_wide,1000,999,28,454125,0,0,1000
body_state_setup,graph_wide,1000,999,28,1875,0,0,0
machine_state_setup,graph_wide,1000,999,29,455166,0,0,1000
body_state_setup,graph_wide,1000,999,29,1750,0,0,0
machine_state_setup,graph_wide,1000,999,30,449333,0,0,1000
body_state_setup,graph_wide,1000,999,30,1791,0,0,0
machine_state_setup,graph_wide,1000,999,31,449584,0,0,1000
body_state_setup,graph_wide,1000,999,31,1709,0,0,0
machine_state_setup,graph_wide,1000,999,32,449584,0,0,1000
body_state_setup,graph_wide,1000,999,32,1709,0,0,0
machine_state_setup,graph_wide,1000,999,33,450125,0,0,1000
body_state_setup,graph_wide,1000,999,33,1875,0,0,0
machine_state_setup,graph_wide,1000,999,34,449666,0,0,1000
body_state_setup,graph_wide,1000,999,34,1792,0,0,0
machine_state_setup,graph_wide,1000,999,35,472125,0,0,1000
body_state_setup,graph_wide,1000,999,35,1875,0,0,0
machine_state_setup,graph_wide,1000,999,36,474458,0,0,1000
body_state_setup,graph_wide,1000,999,36,1833,0,0,0
machine_state_setup,graph_wide,1000,999,37,459375,0,0,1000
body_state_setup,graph_wide,1000,999,37,1916,0,0,0
machine_state_setup,graph_wide,1000,999,38,465917,0,0,1000
body_state_setup,graph_wide,1000,999,38,1917,0,0,0
machine_state_setup,graph_wide,1000,999,39,465916,0,0,1000
body_state_setup,graph_wide,1000,999,39,2000,0,0,0
fixture_generation,graph_sparse,1000,999,0,56334,0,0,5000
fixture_generation,graph_sparse,1000,999,1,60750,0,0,5000
fixture_generation,graph_sparse,1000,999,2,55458,0,0,5000
fixture_generation,graph_sparse,1000,999,3,54083,0,0,5000
fixture_generation,graph_sparse,1000,999,4,54833,0,0,5000
fixture_generation,graph_sparse,1000,999,5,53167,0,0,5000
fixture_generation,graph_sparse,1000,999,6,51625,0,0,5000
fixture_generation,graph_sparse,1000,999,7,63250,0,0,5000
fixture_generation,graph_sparse,1000,999,8,52709,0,0,5000
fixture_generation,graph_sparse,1000,999,9,52542,0,0,5000
fixture_generation,graph_sparse,1000,999,10,52625,0,0,5000
fixture_generation,graph_sparse,1000,999,11,59792,0,0,5000
fixture_generation,graph_sparse,1000,999,12,52583,0,0,5000
fixture_generation,graph_sparse,1000,999,13,52583,0,0,5000
fixture_generation,graph_sparse,1000,999,14,52583,0,0,5000
fixture_generation,graph_sparse,1000,999,15,52583,0,0,5000
fixture_generation,graph_sparse,1000,999,16,52625,0,0,5000
fixture_generation,graph_sparse,1000,999,17,64208,0,0,5000
fixture_generation,graph_sparse,1000,999,18,55541,0,0,5000
fixture_generation,graph_sparse,1000,999,19,51542,0,0,5000
plan_build,graph_sparse,1000,999,0,1227125,0,0,12
plan_build,graph_sparse,1000,999,1,1202375,0,0,12
plan_build,graph_sparse,1000,999,2,1209500,0,0,12
plan_build,graph_sparse,1000,999,3,1196667,0,0,12
plan_build,graph_sparse,1000,999,4,1189166,0,0,12
plan_build,graph_sparse,1000,999,5,1188958,0,0,12
plan_build,graph_sparse,1000,999,6,1193125,0,0,12
plan_build,graph_sparse,1000,999,7,1192500,0,0,12
plan_build,graph_sparse,1000,999,8,1204084,0,0,12
plan_build,graph_sparse,1000,999,9,1191584,0,0,12
plan_build,graph_sparse,1000,999,10,1188959,0,0,12
plan_build,graph_sparse,1000,999,11,1221958,0,0,12
plan_build,graph_sparse,1000,999,12,1265417,0,0,12
plan_build,graph_sparse,1000,999,13,1209666,0,0,12
plan_build,graph_sparse,1000,999,14,1189625,0,0,12
plan_build,graph_sparse,1000,999,15,1189167,0,0,12
plan_build,graph_sparse,1000,999,16,1188042,0,0,12
plan_build,graph_sparse,1000,999,17,1193167,0,0,12
plan_build,graph_sparse,1000,999,18,1190125,0,0,12
plan_build,graph_sparse,1000,999,19,1205792,0,0,12
plan_build_alloc,graph_sparse,1000,999,0,0,4041,1049105,12
engine_execution,graph_sparse,1000,999,0,13711458,0,0,697
engine_execution,graph_sparse,1000,999,1,13062500,0,0,696
engine_execution,graph_sparse,1000,999,2,14068125,0,0,699
engine_execution,graph_sparse,1000,999,3,13362708,0,0,698
engine_execution,graph_sparse,1000,999,4,13284459,0,0,701
engine_execution,graph_sparse,1000,999,5,13554666,0,0,700
engine_execution,graph_sparse,1000,999,6,13738500,0,0,703
engine_execution,graph_sparse,1000,999,7,14001750,0,0,702
engine_execution,graph_sparse,1000,999,8,14067708,0,0,689
engine_execution,graph_sparse,1000,999,9,14159708,0,0,688
engine_execution,graph_sparse,1000,999,10,13502625,0,0,691
engine_execution,graph_sparse,1000,999,11,13438208,0,0,690
engine_execution,graph_sparse,1000,999,12,13632416,0,0,693
engine_execution,graph_sparse,1000,999,13,13707708,0,0,692
engine_execution,graph_sparse,1000,999,14,13616084,0,0,695
engine_execution,graph_sparse,1000,999,15,13348625,0,0,694
engine_execution,graph_sparse,1000,999,16,13736833,0,0,681
engine_execution,graph_sparse,1000,999,17,13703750,0,0,680
engine_execution,graph_sparse,1000,999,18,13120625,0,0,683
engine_execution,graph_sparse,1000,999,19,13463250,0,0,682
engine_execution,graph_sparse,1000,999,20,13129792,0,0,685
engine_execution,graph_sparse,1000,999,21,13490667,0,0,684
engine_execution,graph_sparse,1000,999,22,13893750,0,0,687
engine_execution,graph_sparse,1000,999,23,13574791,0,0,686
engine_execution,graph_sparse,1000,999,24,13944333,0,0,673
engine_execution,graph_sparse,1000,999,25,13764666,0,0,672
engine_execution,graph_sparse,1000,999,26,14186542,0,0,675
engine_execution,graph_sparse,1000,999,27,14150416,0,0,674
engine_execution,graph_sparse,1000,999,28,14309875,0,0,677
engine_execution,graph_sparse,1000,999,29,14184875,0,0,676
engine_execution,graph_sparse,1000,999,30,14062333,0,0,679
engine_execution,graph_sparse,1000,999,31,14136708,0,0,678
engine_execution,graph_sparse,1000,999,32,13446791,0,0,665
engine_execution,graph_sparse,1000,999,33,13516042,0,0,664
engine_execution,graph_sparse,1000,999,34,13542208,0,0,667
engine_execution,graph_sparse,1000,999,35,13469208,0,0,666
engine_execution,graph_sparse,1000,999,36,14222583,0,0,669
engine_execution,graph_sparse,1000,999,37,14381750,0,0,668
engine_execution,graph_sparse,1000,999,38,13877833,0,0,671
engine_execution,graph_sparse,1000,999,39,13543917,0,0,670
engine_execution_alloc,graph_sparse,1000,999,0,0,58650,25335061,22755
machine_state_setup,graph_sparse,1000,999,0,491375,0,0,1000
body_state_setup,graph_sparse,1000,999,0,2292,0,0,0
machine_state_setup,graph_sparse,1000,999,1,324542,0,0,1000
body_state_setup,graph_sparse,1000,999,1,2041,0,0,0
machine_state_setup,graph_sparse,1000,999,2,321667,0,0,1000
body_state_setup,graph_sparse,1000,999,2,2209,0,0,0
machine_state_setup,graph_sparse,1000,999,3,318500,0,0,1000
body_state_setup,graph_sparse,1000,999,3,1875,0,0,0
machine_state_setup,graph_sparse,1000,999,4,326333,0,0,1000
body_state_setup,graph_sparse,1000,999,4,2000,0,0,0
machine_state_setup,graph_sparse,1000,999,5,320833,0,0,1000
body_state_setup,graph_sparse,1000,999,5,1833,0,0,0
machine_state_setup,graph_sparse,1000,999,6,327167,0,0,1000
body_state_setup,graph_sparse,1000,999,6,2042,0,0,0
machine_state_setup,graph_sparse,1000,999,7,337250,0,0,1000
body_state_setup,graph_sparse,1000,999,7,2042,0,0,0
machine_state_setup,graph_sparse,1000,999,8,320041,0,0,1000
body_state_setup,graph_sparse,1000,999,8,1750,0,0,0
machine_state_setup,graph_sparse,1000,999,9,322250,0,0,1000
body_state_setup,graph_sparse,1000,999,9,1875,0,0,0
machine_state_setup,graph_sparse,1000,999,10,314625,0,0,1000
body_state_setup,graph_sparse,1000,999,10,1750,0,0,0
machine_state_setup,graph_sparse,1000,999,11,319375,0,0,1000
body_state_setup,graph_sparse,1000,999,11,1875,0,0,0
machine_state_setup,graph_sparse,1000,999,12,337791,0,0,1000
body_state_setup,graph_sparse,1000,999,12,1750,0,0,0
machine_state_setup,graph_sparse,1000,999,13,315083,0,0,1000
body_state_setup,graph_sparse,1000,999,13,1708,0,0,0
machine_state_setup,graph_sparse,1000,999,14,314208,0,0,1000
body_state_setup,graph_sparse,1000,999,14,1750,0,0,0
machine_state_setup,graph_sparse,1000,999,15,312375,0,0,1000
body_state_setup,graph_sparse,1000,999,15,1791,0,0,0
machine_state_setup,graph_sparse,1000,999,16,326292,0,0,1000
body_state_setup,graph_sparse,1000,999,16,1750,0,0,0
machine_state_setup,graph_sparse,1000,999,17,312666,0,0,1000
body_state_setup,graph_sparse,1000,999,17,1708,0,0,0
machine_state_setup,graph_sparse,1000,999,18,313292,0,0,1000
body_state_setup,graph_sparse,1000,999,18,1834,0,0,0
machine_state_setup,graph_sparse,1000,999,19,313042,0,0,1000
body_state_setup,graph_sparse,1000,999,19,1750,0,0,0
machine_state_setup,graph_sparse,1000,999,20,313208,0,0,1000
body_state_setup,graph_sparse,1000,999,20,1750,0,0,0
machine_state_setup,graph_sparse,1000,999,21,319959,0,0,1000
body_state_setup,graph_sparse,1000,999,21,1792,0,0,0
machine_state_setup,graph_sparse,1000,999,22,313875,0,0,1000
body_state_setup,graph_sparse,1000,999,22,1709,0,0,0
machine_state_setup,graph_sparse,1000,999,23,313084,0,0,1000
body_state_setup,graph_sparse,1000,999,23,1791,0,0,0
machine_state_setup,graph_sparse,1000,999,24,312833,0,0,1000
body_state_setup,graph_sparse,1000,999,24,1792,0,0,0
machine_state_setup,graph_sparse,1000,999,25,313416,0,0,1000
body_state_setup,graph_sparse,1000,999,25,1750,0,0,0
machine_state_setup,graph_sparse,1000,999,26,312791,0,0,1000
body_state_setup,graph_sparse,1000,999,26,1792,0,0,0
machine_state_setup,graph_sparse,1000,999,27,315125,0,0,1000
body_state_setup,graph_sparse,1000,999,27,1750,0,0,0
machine_state_setup,graph_sparse,1000,999,28,312416,0,0,1000
body_state_setup,graph_sparse,1000,999,28,1750,0,0,0
machine_state_setup,graph_sparse,1000,999,29,312833,0,0,1000
body_state_setup,graph_sparse,1000,999,29,1750,0,0,0
machine_state_setup,graph_sparse,1000,999,30,313291,0,0,1000
body_state_setup,graph_sparse,1000,999,30,1834,0,0,0
machine_state_setup,graph_sparse,1000,999,31,313792,0,0,1000
body_state_setup,graph_sparse,1000,999,31,1708,0,0,0
machine_state_setup,graph_sparse,1000,999,32,312541,0,0,1000
body_state_setup,graph_sparse,1000,999,32,1750,0,0,0
machine_state_setup,graph_sparse,1000,999,33,312791,0,0,1000
body_state_setup,graph_sparse,1000,999,33,1750,0,0,0
machine_state_setup,graph_sparse,1000,999,34,313333,0,0,1000
body_state_setup,graph_sparse,1000,999,34,1750,0,0,0
machine_state_setup,graph_sparse,1000,999,35,313417,0,0,1000
body_state_setup,graph_sparse,1000,999,35,1833,0,0,0
machine_state_setup,graph_sparse,1000,999,36,313083,0,0,1000
body_state_setup,graph_sparse,1000,999,36,1750,0,0,0
machine_state_setup,graph_sparse,1000,999,37,313459,0,0,1000
body_state_setup,graph_sparse,1000,999,37,1709,0,0,0
machine_state_setup,graph_sparse,1000,999,38,313417,0,0,1000
body_state_setup,graph_sparse,1000,999,38,1708,0,0,0
machine_state_setup,graph_sparse,1000,999,39,313583,0,0,1000
body_state_setup,graph_sparse,1000,999,39,1708,0,0,0
fixture_generation,tiny_yield_chain,1,0,0,750,0,0,5
fixture_generation,tiny_yield_chain,1,0,1,292,0,0,5
fixture_generation,tiny_yield_chain,1,0,2,125,0,0,5
fixture_generation,tiny_yield_chain,1,0,3,125,0,0,5
fixture_generation,tiny_yield_chain,1,0,4,84,0,0,5
fixture_generation,tiny_yield_chain,1,0,5,84,0,0,5
fixture_generation,tiny_yield_chain,1,0,6,84,0,0,5
fixture_generation,tiny_yield_chain,1,0,7,84,0,0,5
fixture_generation,tiny_yield_chain,1,0,8,84,0,0,5
fixture_generation,tiny_yield_chain,1,0,9,84,0,0,5
fixture_generation,tiny_yield_chain,1,0,10,84,0,0,5
fixture_generation,tiny_yield_chain,1,0,11,125,0,0,5
fixture_generation,tiny_yield_chain,1,0,12,125,0,0,5
fixture_generation,tiny_yield_chain,1,0,13,125,0,0,5
fixture_generation,tiny_yield_chain,1,0,14,83,0,0,5
fixture_generation,tiny_yield_chain,1,0,15,83,0,0,5
fixture_generation,tiny_yield_chain,1,0,16,83,0,0,5
fixture_generation,tiny_yield_chain,1,0,17,83,0,0,5
fixture_generation,tiny_yield_chain,1,0,18,83,0,0,5
fixture_generation,tiny_yield_chain,1,0,19,83,0,0,5
plan_build,tiny_yield_chain,1,0,0,4708,0,0,11
plan_build,tiny_yield_chain,1,0,1,625,0,0,11
plan_build,tiny_yield_chain,1,0,2,458,0,0,11
plan_build,tiny_yield_chain,1,0,3,458,0,0,11
plan_build,tiny_yield_chain,1,0,4,417,0,0,11
plan_build,tiny_yield_chain,1,0,5,417,0,0,11
plan_build,tiny_yield_chain,1,0,6,416,0,0,11
plan_build,tiny_yield_chain,1,0,7,375,0,0,11
plan_build,tiny_yield_chain,1,0,8,416,0,0,11
plan_build,tiny_yield_chain,1,0,9,417,0,0,11
plan_build,tiny_yield_chain,1,0,10,417,0,0,11
plan_build,tiny_yield_chain,1,0,11,416,0,0,11
plan_build,tiny_yield_chain,1,0,12,417,0,0,11
plan_build,tiny_yield_chain,1,0,13,375,0,0,11
plan_build,tiny_yield_chain,1,0,14,417,0,0,11
plan_build,tiny_yield_chain,1,0,15,417,0,0,11
plan_build,tiny_yield_chain,1,0,16,375,0,0,11
plan_build,tiny_yield_chain,1,0,17,375,0,0,11
plan_build,tiny_yield_chain,1,0,18,416,0,0,11
plan_build,tiny_yield_chain,1,0,19,417,0,0,11
plan_build_alloc,tiny_yield_chain,1,0,0,0,13,2317,11
engine_execution,tiny_yield_chain,1,0,0,5208,0,0,1
engine_execution,tiny_yield_chain,1,0,1,5208,0,0,0
engine_execution,tiny_yield_chain,1,0,2,5541,0,0,3
engine_execution,tiny_yield_chain,1,0,3,5917,0,0,2
engine_execution,tiny_yield_chain,1,0,4,6125,0,0,5
engine_execution,tiny_yield_chain,1,0,5,6167,0,0,4
engine_execution,tiny_yield_chain,1,0,6,6250,0,0,7
engine_execution,tiny_yield_chain,1,0,7,6208,0,0,6
engine_execution,tiny_yield_chain,1,0,8,6000,0,0,9
engine_execution,tiny_yield_chain,1,0,9,6084,0,0,8
engine_execution,tiny_yield_chain,1,0,10,6000,0,0,11
engine_execution,tiny_yield_chain,1,0,11,5958,0,0,10
engine_execution,tiny_yield_chain,1,0,12,5875,0,0,13
engine_execution,tiny_yield_chain,1,0,13,6125,0,0,12
engine_execution,tiny_yield_chain,1,0,14,5959,0,0,15
engine_execution,tiny_yield_chain,1,0,15,5875,0,0,14
engine_execution,tiny_yield_chain,1,0,16,5875,0,0,17
engine_execution,tiny_yield_chain,1,0,17,5958,0,0,16
engine_execution,tiny_yield_chain,1,0,18,5959,0,0,19
engine_execution,tiny_yield_chain,1,0,19,5792,0,0,18
engine_execution,tiny_yield_chain,1,0,20,5667,0,0,21
engine_execution,tiny_yield_chain,1,0,21,5709,0,0,20
engine_execution,tiny_yield_chain,1,0,22,5875,0,0,23
engine_execution,tiny_yield_chain,1,0,23,5833,0,0,22
engine_execution,tiny_yield_chain,1,0,24,5917,0,0,25
engine_execution,tiny_yield_chain,1,0,25,5625,0,0,24
engine_execution,tiny_yield_chain,1,0,26,5792,0,0,27
engine_execution,tiny_yield_chain,1,0,27,5917,0,0,26
engine_execution,tiny_yield_chain,1,0,28,5667,0,0,29
engine_execution,tiny_yield_chain,1,0,29,5750,0,0,28
engine_execution,tiny_yield_chain,1,0,30,6042,0,0,31
engine_execution,tiny_yield_chain,1,0,31,5958,0,0,30
engine_execution,tiny_yield_chain,1,0,32,6208,0,0,33
engine_execution,tiny_yield_chain,1,0,33,6334,0,0,32
engine_execution,tiny_yield_chain,1,0,34,7625,0,0,35
engine_execution,tiny_yield_chain,1,0,35,7292,0,0,34
engine_execution,tiny_yield_chain,1,0,36,7625,0,0,37
engine_execution,tiny_yield_chain,1,0,37,7417,0,0,36
engine_execution,tiny_yield_chain,1,0,38,6000,0,0,39
engine_execution,tiny_yield_chain,1,0,39,5667,0,0,38
engine_execution_alloc,tiny_yield_chain,1,0,0,0,118,15764,23131
machine_state_setup,tiny_yield_chain,1,0,0,875,0,0,1
body_state_setup,tiny_yield_chain,1,0,0,333,0,0,0
machine_state_setup,tiny_yield_chain,1,0,1,542,0,0,1
body_state_setup,tiny_yield_chain,1,0,1,292,0,0,0
machine_state_setup,tiny_yield_chain,1,0,2,500,0,0,1
body_state_setup,tiny_yield_chain,1,0,2,250,0,0,0
machine_state_setup,tiny_yield_chain,1,0,3,542,0,0,1
body_state_setup,tiny_yield_chain,1,0,3,292,0,0,0
machine_state_setup,tiny_yield_chain,1,0,4,500,0,0,1
body_state_setup,tiny_yield_chain,1,0,4,292,0,0,0
machine_state_setup,tiny_yield_chain,1,0,5,459,0,0,1
body_state_setup,tiny_yield_chain,1,0,5,209,0,0,0
machine_state_setup,tiny_yield_chain,1,0,6,542,0,0,1
body_state_setup,tiny_yield_chain,1,0,6,250,0,0,0
machine_state_setup,tiny_yield_chain,1,0,7,541,0,0,1
body_state_setup,tiny_yield_chain,1,0,7,334,0,0,0
machine_state_setup,tiny_yield_chain,1,0,8,500,0,0,1
body_state_setup,tiny_yield_chain,1,0,8,292,0,0,0
machine_state_setup,tiny_yield_chain,1,0,9,500,0,0,1
body_state_setup,tiny_yield_chain,1,0,9,208,0,0,0
machine_state_setup,tiny_yield_chain,1,0,10,500,0,0,1
body_state_setup,tiny_yield_chain,1,0,10,250,0,0,0
machine_state_setup,tiny_yield_chain,1,0,11,500,0,0,1
body_state_setup,tiny_yield_chain,1,0,11,208,0,0,0
machine_state_setup,tiny_yield_chain,1,0,12,500,0,0,1
body_state_setup,tiny_yield_chain,1,0,12,208,0,0,0
machine_state_setup,tiny_yield_chain,1,0,13,500,0,0,1
body_state_setup,tiny_yield_chain,1,0,13,250,0,0,0
machine_state_setup,tiny_yield_chain,1,0,14,500,0,0,1
body_state_setup,tiny_yield_chain,1,0,14,250,0,0,0
machine_state_setup,tiny_yield_chain,1,0,15,500,0,0,1
body_state_setup,tiny_yield_chain,1,0,15,209,0,0,0
machine_state_setup,tiny_yield_chain,1,0,16,500,0,0,1
body_state_setup,tiny_yield_chain,1,0,16,250,0,0,0
machine_state_setup,tiny_yield_chain,1,0,17,500,0,0,1
body_state_setup,tiny_yield_chain,1,0,17,292,0,0,0
machine_state_setup,tiny_yield_chain,1,0,18,459,0,0,1
body_state_setup,tiny_yield_chain,1,0,18,209,0,0,0
machine_state_setup,tiny_yield_chain,1,0,19,500,0,0,1
body_state_setup,tiny_yield_chain,1,0,19,250,0,0,0
machine_state_setup,tiny_yield_chain,1,0,20,500,0,0,1
body_state_setup,tiny_yield_chain,1,0,20,333,0,0,0
machine_state_setup,tiny_yield_chain,1,0,21,500,0,0,1
body_state_setup,tiny_yield_chain,1,0,21,333,0,0,0
machine_state_setup,tiny_yield_chain,1,0,22,500,0,0,1
body_state_setup,tiny_yield_chain,1,0,22,333,0,0,0
machine_state_setup,tiny_yield_chain,1,0,23,500,0,0,1
body_state_setup,tiny_yield_chain,1,0,23,333,0,0,0
machine_state_setup,tiny_yield_chain,1,0,24,542,0,0,1
body_state_setup,tiny_yield_chain,1,0,24,333,0,0,0
machine_state_setup,tiny_yield_chain,1,0,25,458,0,0,1
body_state_setup,tiny_yield_chain,1,0,25,250,0,0,0
machine_state_setup,tiny_yield_chain,1,0,26,500,0,0,1
body_state_setup,tiny_yield_chain,1,0,26,291,0,0,0
machine_state_setup,tiny_yield_chain,1,0,27,500,0,0,1
body_state_setup,tiny_yield_chain,1,0,27,250,0,0,0
machine_state_setup,tiny_yield_chain,1,0,28,500,0,0,1
body_state_setup,tiny_yield_chain,1,0,28,375,0,0,0
machine_state_setup,tiny_yield_chain,1,0,29,500,0,0,1
body_state_setup,tiny_yield_chain,1,0,29,250,0,0,0
machine_state_setup,tiny_yield_chain,1,0,30,500,0,0,1
body_state_setup,tiny_yield_chain,1,0,30,375,0,0,0
machine_state_setup,tiny_yield_chain,1,0,31,500,0,0,1
body_state_setup,tiny_yield_chain,1,0,31,292,0,0,0
machine_state_setup,tiny_yield_chain,1,0,32,500,0,0,1
body_state_setup,tiny_yield_chain,1,0,32,250,0,0,0
machine_state_setup,tiny_yield_chain,1,0,33,500,0,0,1
body_state_setup,tiny_yield_chain,1,0,33,250,0,0,0
machine_state_setup,tiny_yield_chain,1,0,34,500,0,0,1
body_state_setup,tiny_yield_chain,1,0,34,208,0,0,0
machine_state_setup,tiny_yield_chain,1,0,35,500,0,0,1
body_state_setup,tiny_yield_chain,1,0,35,208,0,0,0
machine_state_setup,tiny_yield_chain,1,0,36,458,0,0,1
body_state_setup,tiny_yield_chain,1,0,36,250,0,0,0
machine_state_setup,tiny_yield_chain,1,0,37,500,0,0,1
body_state_setup,tiny_yield_chain,1,0,37,208,0,0,0
machine_state_setup,tiny_yield_chain,1,0,38,458,0,0,1
body_state_setup,tiny_yield_chain,1,0,38,333,0,0,0
machine_state_setup,tiny_yield_chain,1,0,39,458,0,0,1
body_state_setup,tiny_yield_chain,1,0,39,208,0,0,0
engine_execution,resource_normal,2,1,0,10167,0,0,0
engine_execution,resource_normal,2,1,1,10292,0,0,3
engine_execution,resource_normal,2,1,2,10459,0,0,2
engine_execution,resource_normal,2,1,3,11416,0,0,5
engine_execution,resource_normal,2,1,4,11625,0,0,4
engine_execution,resource_normal,2,1,5,12958,0,0,7
engine_execution,resource_normal,2,1,6,14041,0,0,6
engine_execution,resource_normal,2,1,7,11542,0,0,9
engine_execution,resource_normal,2,1,8,11459,0,0,8
engine_execution,resource_normal,2,1,9,11375,0,0,11
engine_execution,resource_normal,2,1,10,11209,0,0,10
engine_execution,resource_normal,2,1,11,11417,0,0,13
engine_execution,resource_normal,2,1,12,11417,0,0,12
engine_execution,resource_normal,2,1,13,11709,0,0,15
engine_execution,resource_normal,2,1,14,12041,0,0,14
engine_execution,resource_normal,2,1,15,11292,0,0,17
engine_execution,resource_normal,2,1,16,11250,0,0,16
engine_execution,resource_normal,2,1,17,11250,0,0,19
engine_execution,resource_normal,2,1,18,11416,0,0,18
engine_execution,resource_normal,2,1,19,11542,0,0,21
engine_execution,resource_normal,2,1,20,11917,0,0,20
engine_execution,resource_normal,2,1,21,11417,0,0,23
engine_execution,resource_normal,2,1,22,11750,0,0,22
engine_execution,resource_normal,2,1,23,11125,0,0,25
engine_execution,resource_normal,2,1,24,11625,0,0,24
engine_execution,resource_normal,2,1,25,11917,0,0,27
engine_execution,resource_normal,2,1,26,11875,0,0,26
engine_execution,resource_normal,2,1,27,11709,0,0,29
engine_execution,resource_normal,2,1,28,11375,0,0,28
engine_execution,resource_normal,2,1,29,11667,0,0,31
engine_execution,resource_normal,2,1,30,11667,0,0,30
engine_execution,resource_normal,2,1,31,11625,0,0,33
engine_execution,resource_normal,2,1,32,11667,0,0,32
engine_execution,resource_normal,2,1,33,11416,0,0,35
engine_execution,resource_normal,2,1,34,11583,0,0,34
engine_execution,resource_normal,2,1,35,11500,0,0,37
engine_execution,resource_normal,2,1,36,11666,0,0,36
engine_execution,resource_normal,2,1,37,11833,0,0,39
engine_execution,resource_normal,2,1,38,11542,0,0,38
engine_execution,resource_normal,2,1,39,11500,0,0,41
engine_execution_alloc,resource_normal,2,1,0,0,229,23914,23130
engine_execution,resource_release_failure,2,1,0,12167,0,0,1
engine_execution,resource_release_failure,2,1,1,12167,0,0,2
engine_execution,resource_release_failure,2,1,2,11458,0,0,3
engine_execution,resource_release_failure,2,1,3,12375,0,0,4
engine_execution,resource_release_failure,2,1,4,12250,0,0,5
engine_execution,resource_release_failure,2,1,5,11792,0,0,6
engine_execution,resource_release_failure,2,1,6,12041,0,0,7
engine_execution,resource_release_failure,2,1,7,11792,0,0,8
engine_execution,resource_release_failure,2,1,8,11708,0,0,9
engine_execution,resource_release_failure,2,1,9,12042,0,0,10
engine_execution,resource_release_failure,2,1,10,12083,0,0,11
engine_execution,resource_release_failure,2,1,11,12250,0,0,12
engine_execution,resource_release_failure,2,1,12,12333,0,0,13
engine_execution,resource_release_failure,2,1,13,11791,0,0,14
engine_execution,resource_release_failure,2,1,14,11792,0,0,15
engine_execution,resource_release_failure,2,1,15,12417,0,0,16
engine_execution,resource_release_failure,2,1,16,11750,0,0,17
engine_execution,resource_release_failure,2,1,17,12416,0,0,18
engine_execution,resource_release_failure,2,1,18,12167,0,0,19
engine_execution,resource_release_failure,2,1,19,12250,0,0,20
engine_execution,resource_release_failure,2,1,20,13875,0,0,21
engine_execution,resource_release_failure,2,1,21,15500,0,0,22
engine_execution,resource_release_failure,2,1,22,12750,0,0,23
engine_execution,resource_release_failure,2,1,23,11833,0,0,24
engine_execution,resource_release_failure,2,1,24,12000,0,0,25
engine_execution,resource_release_failure,2,1,25,12334,0,0,26
engine_execution,resource_release_failure,2,1,26,11875,0,0,27
engine_execution,resource_release_failure,2,1,27,11959,0,0,28
engine_execution,resource_release_failure,2,1,28,13000,0,0,29
engine_execution,resource_release_failure,2,1,29,14833,0,0,30
engine_execution,resource_release_failure,2,1,30,12250,0,0,31
engine_execution,resource_release_failure,2,1,31,12208,0,0,32
engine_execution,resource_release_failure,2,1,32,12166,0,0,33
engine_execution,resource_release_failure,2,1,33,12333,0,0,34
engine_execution,resource_release_failure,2,1,34,11750,0,0,35
engine_execution,resource_release_failure,2,1,35,12708,0,0,36
engine_execution,resource_release_failure,2,1,36,11833,0,0,37
engine_execution,resource_release_failure,2,1,37,12000,0,0,38
engine_execution,resource_release_failure,2,1,38,12209,0,0,39
engine_execution,resource_release_failure,2,1,39,12166,0,0,40
engine_execution_alloc,resource_release_failure,2,1,0,0,239,24657,23131
engine_execution,resource_startup_failure,2,1,0,11833,0,0,3
engine_execution,resource_startup_failure,2,1,1,11667,0,0,3
engine_execution,resource_startup_failure,2,1,2,11791,0,0,3
engine_execution,resource_startup_failure,2,1,3,11584,0,0,3
engine_execution,resource_startup_failure,2,1,4,11666,0,0,3
engine_execution,resource_startup_failure,2,1,5,11875,0,0,3
engine_execution,resource_startup_failure,2,1,6,11916,0,0,3
engine_execution,resource_startup_failure,2,1,7,12042,0,0,3
engine_execution,resource_startup_failure,2,1,8,11833,0,0,3
engine_execution,resource_startup_failure,2,1,9,11458,0,0,3
engine_execution,resource_startup_failure,2,1,10,12333,0,0,3
engine_execution,resource_startup_failure,2,1,11,11667,0,0,3
engine_execution,resource_startup_failure,2,1,12,11750,0,0,3
engine_execution,resource_startup_failure,2,1,13,11708,0,0,3
engine_execution,resource_startup_failure,2,1,14,11833,0,0,3
engine_execution,resource_startup_failure,2,1,15,12167,0,0,3
engine_execution,resource_startup_failure,2,1,16,11958,0,0,3
engine_execution,resource_startup_failure,2,1,17,11459,0,0,3
engine_execution,resource_startup_failure,2,1,18,11541,0,0,3
engine_execution,resource_startup_failure,2,1,19,11750,0,0,3
engine_execution,resource_startup_failure,2,1,20,11792,0,0,3
engine_execution,resource_startup_failure,2,1,21,11667,0,0,3
engine_execution,resource_startup_failure,2,1,22,12083,0,0,3
engine_execution,resource_startup_failure,2,1,23,11708,0,0,3
engine_execution,resource_startup_failure,2,1,24,11917,0,0,3
engine_execution,resource_startup_failure,2,1,25,11958,0,0,3
engine_execution,resource_startup_failure,2,1,26,11667,0,0,3
engine_execution,resource_startup_failure,2,1,27,11666,0,0,3
engine_execution,resource_startup_failure,2,1,28,12167,0,0,3
engine_execution,resource_startup_failure,2,1,29,11625,0,0,3
engine_execution,resource_startup_failure,2,1,30,11458,0,0,3
engine_execution,resource_startup_failure,2,1,31,11542,0,0,3
engine_execution,resource_startup_failure,2,1,32,11709,0,0,3
engine_execution,resource_startup_failure,2,1,33,11459,0,0,3
engine_execution,resource_startup_failure,2,1,34,11750,0,0,3
engine_execution,resource_startup_failure,2,1,35,11500,0,0,3
engine_execution,resource_startup_failure,2,1,36,11917,0,0,3
engine_execution,resource_startup_failure,2,1,37,11708,0,0,3
engine_execution,resource_startup_failure,2,1,38,11750,0,0,3
engine_execution,resource_startup_failure,2,1,39,11958,0,0,3
engine_execution_alloc,resource_startup_failure,2,1,0,0,236,24950,3
engine_execution,resource_cleanup_error_upstream,3,1,0,15792,0,0,0
engine_execution,resource_cleanup_error_upstream,3,1,1,15708,0,0,1
engine_execution,resource_cleanup_error_upstream,3,1,2,15500,0,0,2
engine_execution,resource_cleanup_error_upstream,3,1,3,15667,0,0,3
engine_execution,resource_cleanup_error_upstream,3,1,4,15791,0,0,4
engine_execution,resource_cleanup_error_upstream,3,1,5,15542,0,0,5
engine_execution,resource_cleanup_error_upstream,3,1,6,15792,0,0,6
engine_execution,resource_cleanup_error_upstream,3,1,7,15833,0,0,7
engine_execution,resource_cleanup_error_upstream,3,1,8,15708,0,0,8
engine_execution,resource_cleanup_error_upstream,3,1,9,15459,0,0,9
engine_execution,resource_cleanup_error_upstream,3,1,10,15792,0,0,10
engine_execution,resource_cleanup_error_upstream,3,1,11,15750,0,0,11
engine_execution,resource_cleanup_error_upstream,3,1,12,15750,0,0,12
engine_execution,resource_cleanup_error_upstream,3,1,13,15750,0,0,13
engine_execution,resource_cleanup_error_upstream,3,1,14,15667,0,0,14
engine_execution,resource_cleanup_error_upstream,3,1,15,15875,0,0,15
engine_execution,resource_cleanup_error_upstream,3,1,16,15792,0,0,16
engine_execution,resource_cleanup_error_upstream,3,1,17,15333,0,0,17
engine_execution,resource_cleanup_error_upstream,3,1,18,15583,0,0,18
engine_execution,resource_cleanup_error_upstream,3,1,19,15500,0,0,19
engine_execution,resource_cleanup_error_upstream,3,1,20,15625,0,0,20
engine_execution,resource_cleanup_error_upstream,3,1,21,15625,0,0,21
engine_execution,resource_cleanup_error_upstream,3,1,22,15833,0,0,22
engine_execution,resource_cleanup_error_upstream,3,1,23,15667,0,0,23
engine_execution,resource_cleanup_error_upstream,3,1,24,15542,0,0,24
engine_execution,resource_cleanup_error_upstream,3,1,25,15625,0,0,25
engine_execution,resource_cleanup_error_upstream,3,1,26,16041,0,0,26
engine_execution,resource_cleanup_error_upstream,3,1,27,15833,0,0,27
engine_execution,resource_cleanup_error_upstream,3,1,28,15625,0,0,28
engine_execution,resource_cleanup_error_upstream,3,1,29,15667,0,0,29
engine_execution,resource_cleanup_error_upstream,3,1,30,15708,0,0,30
engine_execution,resource_cleanup_error_upstream,3,1,31,15708,0,0,31
engine_execution,resource_cleanup_error_upstream,3,1,32,15792,0,0,32
engine_execution,resource_cleanup_error_upstream,3,1,33,15708,0,0,33
engine_execution,resource_cleanup_error_upstream,3,1,34,15916,0,0,34
engine_execution,resource_cleanup_error_upstream,3,1,35,15542,0,0,35
engine_execution,resource_cleanup_error_upstream,3,1,36,15750,0,0,36
engine_execution,resource_cleanup_error_upstream,3,1,37,15708,0,0,37
engine_execution,resource_cleanup_error_upstream,3,1,38,15542,0,0,38
engine_execution,resource_cleanup_error_upstream,3,1,39,15708,0,0,39
engine_execution_alloc,resource_cleanup_error_upstream,3,1,0,0,349,31202,23130
engine_execution,resource_cancel_after_acquire,1,0,0,14583,0,0,3
engine_execution,resource_cancel_after_acquire,1,0,1,9000,0,0,3
engine_execution,resource_cancel_after_acquire,1,0,2,8458,0,0,3
engine_execution,resource_cancel_after_acquire,1,0,3,8333,0,0,3
engine_execution,resource_cancel_after_acquire,1,0,4,8667,0,0,3
engine_execution,resource_cancel_after_acquire,1,0,5,9167,0,0,3
engine_execution,resource_cancel_after_acquire,1,0,6,9166,0,0,3
engine_execution,resource_cancel_after_acquire,1,0,7,8959,0,0,3
engine_execution,resource_cancel_after_acquire,1,0,8,8792,0,0,3
engine_execution,resource_cancel_after_acquire,1,0,9,8125,0,0,3
engine_execution,resource_cancel_after_acquire,1,0,10,8125,0,0,3
engine_execution,resource_cancel_after_acquire,1,0,11,8125,0,0,3
engine_execution,resource_cancel_after_acquire,1,0,12,7916,0,0,3
engine_execution,resource_cancel_after_acquire,1,0,13,7958,0,0,3
engine_execution,resource_cancel_after_acquire,1,0,14,8083,0,0,3
engine_execution,resource_cancel_after_acquire,1,0,15,7833,0,0,3
engine_execution,resource_cancel_after_acquire,1,0,16,8125,0,0,3
engine_execution,resource_cancel_after_acquire,1,0,17,8291,0,0,3
engine_execution,resource_cancel_after_acquire,1,0,18,8292,0,0,3
engine_execution,resource_cancel_after_acquire,1,0,19,8125,0,0,3
engine_execution,resource_cancel_after_acquire,1,0,20,8084,0,0,3
engine_execution,resource_cancel_after_acquire,1,0,21,8084,0,0,3
engine_execution,resource_cancel_after_acquire,1,0,22,8042,0,0,3
engine_execution,resource_cancel_after_acquire,1,0,23,8083,0,0,3
engine_execution,resource_cancel_after_acquire,1,0,24,8000,0,0,3
engine_execution,resource_cancel_after_acquire,1,0,25,7959,0,0,3
engine_execution,resource_cancel_after_acquire,1,0,26,8041,0,0,3
engine_execution,resource_cancel_after_acquire,1,0,27,8042,0,0,3
engine_execution,resource_cancel_after_acquire,1,0,28,8084,0,0,3
engine_execution,resource_cancel_after_acquire,1,0,29,8166,0,0,3
engine_execution,resource_cancel_after_acquire,1,0,30,8167,0,0,3
engine_execution,resource_cancel_after_acquire,1,0,31,8041,0,0,3
engine_execution,resource_cancel_after_acquire,1,0,32,8125,0,0,3
engine_execution,resource_cancel_after_acquire,1,0,33,8167,0,0,3
engine_execution,resource_cancel_after_acquire,1,0,34,7875,0,0,3
engine_execution,resource_cancel_after_acquire,1,0,35,8000,0,0,3
engine_execution,resource_cancel_after_acquire,1,0,36,8042,0,0,3
engine_execution,resource_cancel_after_acquire,1,0,37,7917,0,0,3
engine_execution,resource_cancel_after_acquire,1,0,38,8083,0,0,3
engine_execution,resource_cancel_after_acquire,1,0,39,8084,0,0,3
engine_execution,effect_known_receipt,1,0,0,7458,0,0,1
engine_execution,effect_known_receipt,1,0,1,7584,0,0,0
engine_execution,effect_known_receipt,1,0,2,7500,0,0,3
engine_execution,effect_known_receipt,1,0,3,7500,0,0,2
engine_execution,effect_known_receipt,1,0,4,7500,0,0,5
engine_execution,effect_known_receipt,1,0,5,7458,0,0,4
engine_execution,effect_known_receipt,1,0,6,7542,0,0,7
engine_execution,effect_known_receipt,1,0,7,7458,0,0,6
engine_execution,effect_known_receipt,1,0,8,7542,0,0,9
engine_execution,effect_known_receipt,1,0,9,7666,0,0,8
engine_execution,effect_known_receipt,1,0,10,7625,0,0,11
engine_execution,effect_known_receipt,1,0,11,7458,0,0,10
engine_execution,effect_known_receipt,1,0,12,7500,0,0,13
engine_execution,effect_known_receipt,1,0,13,7375,0,0,12
engine_execution,effect_known_receipt,1,0,14,7542,0,0,15
engine_execution,effect_known_receipt,1,0,15,7500,0,0,14
engine_execution,effect_known_receipt,1,0,16,7375,0,0,17
engine_execution,effect_known_receipt,1,0,17,7375,0,0,16
engine_execution,effect_known_receipt,1,0,18,7583,0,0,19
engine_execution,effect_known_receipt,1,0,19,7250,0,0,18
engine_execution,effect_known_receipt,1,0,20,7459,0,0,21
engine_execution,effect_known_receipt,1,0,21,7459,0,0,20
engine_execution,effect_known_receipt,1,0,22,7625,0,0,23
engine_execution,effect_known_receipt,1,0,23,7708,0,0,22
engine_execution,effect_known_receipt,1,0,24,7708,0,0,25
engine_execution,effect_known_receipt,1,0,25,7375,0,0,24
engine_execution,effect_known_receipt,1,0,26,7458,0,0,27
engine_execution,effect_known_receipt,1,0,27,7250,0,0,26
engine_execution,effect_known_receipt,1,0,28,7291,0,0,29
engine_execution,effect_known_receipt,1,0,29,7292,0,0,28
engine_execution,effect_known_receipt,1,0,30,7625,0,0,31
engine_execution,effect_known_receipt,1,0,31,7375,0,0,30
engine_execution,effect_known_receipt,1,0,32,7583,0,0,33
engine_execution,effect_known_receipt,1,0,33,7542,0,0,32
engine_execution,effect_known_receipt,1,0,34,7416,0,0,35
engine_execution,effect_known_receipt,1,0,35,7417,0,0,34
engine_execution,effect_known_receipt,1,0,36,7500,0,0,37
engine_execution,effect_known_receipt,1,0,37,7458,0,0,36
engine_execution,effect_known_receipt,1,0,38,7583,0,0,39
engine_execution,effect_known_receipt,1,0,39,7416,0,0,38
engine_execution_alloc,effect_known_receipt,1,0,0,0,169,19229,23131
engine_execution,retry_one_failure,1,0,0,7750,0,0,1
engine_execution,retry_one_failure,1,0,1,9375,0,0,0
engine_execution,retry_one_failure,1,0,2,8250,0,0,3
engine_execution,retry_one_failure,1,0,3,7792,0,0,2
engine_execution,retry_one_failure,1,0,4,7541,0,0,5
engine_execution,retry_one_failure,1,0,5,7625,0,0,4
engine_execution,retry_one_failure,1,0,6,7583,0,0,7
engine_execution,retry_one_failure,1,0,7,8042,0,0,6
engine_execution,retry_one_failure,1,0,8,7458,0,0,9
engine_execution,retry_one_failure,1,0,9,9833,0,0,8
engine_execution,retry_one_failure,1,0,10,9708,0,0,11
engine_execution,retry_one_failure,1,0,11,10291,0,0,10
engine_execution,retry_one_failure,1,0,12,8083,0,0,13
engine_execution,retry_one_failure,1,0,13,7667,0,0,12
engine_execution,retry_one_failure,1,0,14,7542,0,0,15
engine_execution,retry_one_failure,1,0,15,7750,0,0,14
engine_execution,retry_one_failure,1,0,16,7583,0,0,17
engine_execution,retry_one_failure,1,0,17,7583,0,0,16
engine_execution,retry_one_failure,1,0,18,7708,0,0,19
engine_execution,retry_one_failure,1,0,19,7917,0,0,18
engine_execution,retry_one_failure,1,0,20,7666,0,0,21
engine_execution,retry_one_failure,1,0,21,7792,0,0,20
engine_execution,retry_one_failure,1,0,22,7792,0,0,23
engine_execution,retry_one_failure,1,0,23,7708,0,0,22
engine_execution,retry_one_failure,1,0,24,7625,0,0,25
engine_execution,retry_one_failure,1,0,25,7750,0,0,24
engine_execution,retry_one_failure,1,0,26,7625,0,0,27
engine_execution,retry_one_failure,1,0,27,7583,0,0,26
engine_execution,retry_one_failure,1,0,28,7750,0,0,29
engine_execution,retry_one_failure,1,0,29,7667,0,0,28
engine_execution,retry_one_failure,1,0,30,7584,0,0,31
engine_execution,retry_one_failure,1,0,31,7834,0,0,30
engine_execution,retry_one_failure,1,0,32,7584,0,0,33
engine_execution,retry_one_failure,1,0,33,7625,0,0,32
engine_execution,retry_one_failure,1,0,34,7750,0,0,35
engine_execution,retry_one_failure,1,0,35,7792,0,0,34
engine_execution,retry_one_failure,1,0,36,7750,0,0,37
engine_execution,retry_one_failure,1,0,37,7584,0,0,36
engine_execution,retry_one_failure,1,0,38,7791,0,0,39
engine_execution,retry_one_failure,1,0,39,7834,0,0,38
engine_execution_alloc,retry_one_failure,1,0,0,0,174,19592,23131
engine_execution,component_flat,10,9,0,29917,0,0,0
engine_execution,component_flat,10,9,1,29541,0,0,1
engine_execution,component_flat,10,9,2,29750,0,0,2
engine_execution,component_flat,10,9,3,29750,0,0,3
engine_execution,component_flat,10,9,4,29833,0,0,4
engine_execution,component_flat,10,9,5,30250,0,0,5
engine_execution,component_flat,10,9,6,29875,0,0,6
engine_execution,component_flat,10,9,7,29792,0,0,7
engine_execution,component_flat,10,9,8,32208,0,0,8
engine_execution,component_flat,10,9,9,32000,0,0,9
engine_execution,component_flat,10,9,10,34125,0,0,10
engine_execution,component_flat,10,9,11,38875,0,0,11
engine_execution,component_flat,10,9,12,32708,0,0,12
engine_execution,component_flat,10,9,13,34083,0,0,13
engine_execution,component_flat,10,9,14,30958,0,0,14
engine_execution,component_flat,10,9,15,30333,0,0,15
engine_execution,component_flat,10,9,16,34541,0,0,16
engine_execution,component_flat,10,9,17,30833,0,0,17
engine_execution,component_flat,10,9,18,31458,0,0,18
engine_execution,component_flat,10,9,19,55792,0,0,19
engine_execution,component_flat,10,9,20,34917,0,0,20
engine_execution,component_flat,10,9,21,32416,0,0,21
engine_execution,component_flat,10,9,22,36583,0,0,22
engine_execution,component_flat,10,9,23,32000,0,0,23
engine_execution,component_flat,10,9,24,30166,0,0,24
engine_execution,component_flat,10,9,25,30458,0,0,25
engine_execution,component_flat,10,9,26,30833,0,0,26
engine_execution,component_flat,10,9,27,29667,0,0,27
engine_execution,component_flat,10,9,28,29791,0,0,28
engine_execution,component_flat,10,9,29,33375,0,0,29
engine_execution,component_flat,10,9,30,31125,0,0,30
engine_execution,component_flat,10,9,31,30625,0,0,31
engine_execution,component_flat,10,9,32,29541,0,0,32
engine_execution,component_flat,10,9,33,30000,0,0,33
engine_execution,component_flat,10,9,34,29917,0,0,34
engine_execution,component_flat,10,9,35,29541,0,0,35
engine_execution,component_flat,10,9,36,29833,0,0,36
engine_execution,component_flat,10,9,37,33750,0,0,37
engine_execution,component_flat,10,9,38,30333,0,0,38
engine_execution,component_flat,10,9,39,30167,0,0,39
engine_execution_alloc,component_flat,10,9,0,0,671,67725,23130
engine_execution,component_nested,13,12,0,41125,0,0,0
engine_execution,component_nested,13,12,1,41042,0,0,1
engine_execution,component_nested,13,12,2,41000,0,0,2
engine_execution,component_nested,13,12,3,41292,0,0,3
engine_execution,component_nested,13,12,4,41041,0,0,4
engine_execution,component_nested,13,12,5,41125,0,0,5
engine_execution,component_nested,13,12,6,41209,0,0,6
engine_execution,component_nested,13,12,7,41459,0,0,7
engine_execution,component_nested,13,12,8,41208,0,0,8
engine_execution,component_nested,13,12,9,41500,0,0,9
engine_execution,component_nested,13,12,10,41542,0,0,10
engine_execution,component_nested,13,12,11,41000,0,0,11
engine_execution,component_nested,13,12,12,40833,0,0,12
engine_execution,component_nested,13,12,13,40833,0,0,13
engine_execution,component_nested,13,12,14,41125,0,0,14
engine_execution,component_nested,13,12,15,41167,0,0,15
engine_execution,component_nested,13,12,16,40584,0,0,16
engine_execution,component_nested,13,12,17,41042,0,0,17
engine_execution,component_nested,13,12,18,41000,0,0,18
engine_execution,component_nested,13,12,19,40958,0,0,19
engine_execution,component_nested,13,12,20,41250,0,0,20
engine_execution,component_nested,13,12,21,40875,0,0,21
engine_execution,component_nested,13,12,22,41125,0,0,22
engine_execution,component_nested,13,12,23,40583,0,0,23
engine_execution,component_nested,13,12,24,41292,0,0,24
engine_execution,component_nested,13,12,25,41250,0,0,25
engine_execution,component_nested,13,12,26,40875,0,0,26
engine_execution,component_nested,13,12,27,41458,0,0,27
engine_execution,component_nested,13,12,28,41042,0,0,28
engine_execution,component_nested,13,12,29,40834,0,0,29
engine_execution,component_nested,13,12,30,41625,0,0,30
engine_execution,component_nested,13,12,31,41209,0,0,31
engine_execution,component_nested,13,12,32,41250,0,0,32
engine_execution,component_nested,13,12,33,40833,0,0,33
engine_execution,component_nested,13,12,34,41458,0,0,34
engine_execution,component_nested,13,12,35,41042,0,0,35
engine_execution,component_nested,13,12,36,41292,0,0,36
engine_execution,component_nested,13,12,37,40833,0,0,37
engine_execution,component_nested,13,12,38,41333,0,0,38
engine_execution,component_nested,13,12,39,40792,0,0,39
engine_execution_alloc,component_nested,13,12,0,0,1003,84371,23130
engine_execution,component_flat,100,99,0,362625,0,0,1
engine_execution,component_flat,100,99,1,368084,0,0,0
engine_execution,component_flat,100,99,2,348584,0,0,3
engine_execution,component_flat,100,99,3,361667,0,0,2
engine_execution,component_flat,100,99,4,376500,0,0,5
engine_execution,component_flat,100,99,5,361792,0,0,4
engine_execution,component_flat,100,99,6,361875,0,0,7
engine_execution,component_flat,100,99,7,361542,0,0,6
engine_execution,component_flat,100,99,8,388625,0,0,9
engine_execution,component_flat,100,99,9,359250,0,0,8
engine_execution,component_flat,100,99,10,357375,0,0,11
engine_execution,component_flat,100,99,11,360334,0,0,10
engine_execution,component_flat,100,99,12,358834,0,0,13
engine_execution,component_flat,100,99,13,359750,0,0,12
engine_execution,component_flat,100,99,14,370333,0,0,15
engine_execution,component_flat,100,99,15,363000,0,0,14
engine_execution,component_flat,100,99,16,346750,0,0,17
engine_execution,component_flat,100,99,17,375000,0,0,16
engine_execution,component_flat,100,99,18,365292,0,0,19
engine_execution,component_flat,100,99,19,359792,0,0,18
engine_execution,component_flat,100,99,20,338250,0,0,21
engine_execution,component_flat,100,99,21,345458,0,0,20
engine_execution,component_flat,100,99,22,366875,0,0,23
engine_execution,component_flat,100,99,23,355291,0,0,22
engine_execution,component_flat,100,99,24,358792,0,0,25
engine_execution,component_flat,100,99,25,362334,0,0,24
engine_execution,component_flat,100,99,26,362500,0,0,27
engine_execution,component_flat,100,99,27,360083,0,0,26
engine_execution,component_flat,100,99,28,352041,0,0,29
engine_execution,component_flat,100,99,29,342958,0,0,28
engine_execution,component_flat,100,99,30,339250,0,0,31
engine_execution,component_flat,100,99,31,347792,0,0,30
engine_execution,component_flat,100,99,32,341750,0,0,33
engine_execution,component_flat,100,99,33,364834,0,0,32
engine_execution,component_flat,100,99,34,366750,0,0,35
engine_execution,component_flat,100,99,35,341750,0,0,34
engine_execution,component_flat,100,99,36,347084,0,0,37
engine_execution,component_flat,100,99,37,336834,0,0,36
engine_execution,component_flat,100,99,38,331917,0,0,39
engine_execution,component_flat,100,99,39,339958,0,0,38
engine_execution_alloc,component_flat,100,99,0,0,6090,781647,23131
engine_execution,component_nested,103,102,0,372375,0,0,1
engine_execution,component_nested,103,102,1,370458,0,0,0
engine_execution,component_nested,103,102,2,370791,0,0,3
engine_execution,component_nested,103,102,3,370583,0,0,2
engine_execution,component_nested,103,102,4,369209,0,0,5
engine_execution,component_nested,103,102,5,370167,0,0,4
engine_execution,component_nested,103,102,6,371250,0,0,7
engine_execution,component_nested,103,102,7,371625,0,0,6
engine_execution,component_nested,103,102,8,372375,0,0,9
engine_execution,component_nested,103,102,9,370583,0,0,8
engine_execution,component_nested,103,102,10,369250,0,0,11
engine_execution,component_nested,103,102,11,371375,0,0,10
engine_execution,component_nested,103,102,12,371750,0,0,13
engine_execution,component_nested,103,102,13,372166,0,0,12
engine_execution,component_nested,103,102,14,370709,0,0,15
engine_execution,component_nested,103,102,15,369959,0,0,14
engine_execution,component_nested,103,102,16,371709,0,0,17
engine_execution,component_nested,103,102,17,373167,0,0,16
engine_execution,component_nested,103,102,18,379417,0,0,19
engine_execution,component_nested,103,102,19,370666,0,0,18
engine_execution,component_nested,103,102,20,372500,0,0,21
engine_execution,component_nested,103,102,21,371000,0,0,20
engine_execution,component_nested,103,102,22,374042,0,0,23
engine_execution,component_nested,103,102,23,382958,0,0,22
engine_execution,component_nested,103,102,24,376041,0,0,25
engine_execution,component_nested,103,102,25,380292,0,0,24
engine_execution,component_nested,103,102,26,451833,0,0,27
engine_execution,component_nested,103,102,27,408208,0,0,26
engine_execution,component_nested,103,102,28,381166,0,0,29
engine_execution,component_nested,103,102,29,366708,0,0,28
engine_execution,component_nested,103,102,30,368417,0,0,31
engine_execution,component_nested,103,102,31,380166,0,0,30
engine_execution,component_nested,103,102,32,366958,0,0,33
engine_execution,component_nested,103,102,33,365917,0,0,32
engine_execution,component_nested,103,102,34,368000,0,0,35
engine_execution,component_nested,103,102,35,366792,0,0,34
engine_execution,component_nested,103,102,36,365875,0,0,37
engine_execution,component_nested,103,102,37,372791,0,0,36
engine_execution,component_nested,103,102,38,368542,0,0,39
engine_execution,component_nested,103,102,39,365917,0,0,38
engine_execution_alloc,component_nested,103,102,0,0,7592,851213,23131
engine_execution,resident_ready_shutdown,1,0,0,7125,0,0,1
engine_execution,resident_ready_shutdown,1,0,1,7166,0,0,1
engine_execution,resident_ready_shutdown,1,0,2,7209,0,0,1
engine_execution,resident_ready_shutdown,1,0,3,7166,0,0,1
engine_execution,resident_ready_shutdown,1,0,4,7208,0,0,1
engine_execution,resident_ready_shutdown,1,0,5,7208,0,0,1
engine_execution,resident_ready_shutdown,1,0,6,7167,0,0,1
engine_execution,resident_ready_shutdown,1,0,7,7042,0,0,1
engine_execution,resident_ready_shutdown,1,0,8,7042,0,0,1
engine_execution,resident_ready_shutdown,1,0,9,7042,0,0,1
engine_execution,resident_ready_shutdown,1,0,10,7000,0,0,1
engine_execution,resident_ready_shutdown,1,0,11,7125,0,0,1
engine_execution,resident_ready_shutdown,1,0,12,7125,0,0,1
engine_execution,resident_ready_shutdown,1,0,13,6958,0,0,1
engine_execution,resident_ready_shutdown,1,0,14,7000,0,0,1
engine_execution,resident_ready_shutdown,1,0,15,7167,0,0,1
engine_execution,resident_ready_shutdown,1,0,16,7208,0,0,1
engine_execution,resident_ready_shutdown,1,0,17,7042,0,0,1
engine_execution,resident_ready_shutdown,1,0,18,6958,0,0,1
engine_execution,resident_ready_shutdown,1,0,19,7000,0,0,1
engine_execution,resident_ready_shutdown,1,0,20,7084,0,0,1
engine_execution,resident_ready_shutdown,1,0,21,7125,0,0,1
engine_execution,resident_ready_shutdown,1,0,22,7209,0,0,1
engine_execution,resident_ready_shutdown,1,0,23,7041,0,0,1
engine_execution,resident_ready_shutdown,1,0,24,7083,0,0,1
engine_execution,resident_ready_shutdown,1,0,25,7167,0,0,1
engine_execution,resident_ready_shutdown,1,0,26,6959,0,0,1
engine_execution,resident_ready_shutdown,1,0,27,7084,0,0,1
engine_execution,resident_ready_shutdown,1,0,28,7042,0,0,1
engine_execution,resident_ready_shutdown,1,0,29,7041,0,0,1
engine_execution,resident_ready_shutdown,1,0,30,7167,0,0,1
engine_execution,resident_ready_shutdown,1,0,31,7083,0,0,1
engine_execution,resident_ready_shutdown,1,0,32,7125,0,0,1
engine_execution,resident_ready_shutdown,1,0,33,7083,0,0,1
engine_execution,resident_ready_shutdown,1,0,34,7000,0,0,1
engine_execution,resident_ready_shutdown,1,0,35,6875,0,0,1
engine_execution,resident_ready_shutdown,1,0,36,7083,0,0,1
engine_execution,resident_ready_shutdown,1,0,37,7000,0,0,1
engine_execution,resident_ready_shutdown,1,0,38,6917,0,0,1
engine_execution,resident_ready_shutdown,1,0,39,7041,0,0,1
engine_execution,dynamic_live_instances_1,3,2,0,26250,0,0,0
engine_execution,dynamic_live_instances_1,3,2,1,25958,0,0,0
engine_execution,dynamic_live_instances_1,3,2,2,25666,0,0,0
engine_execution,dynamic_live_instances_1,3,2,3,28583,0,0,0
engine_execution,dynamic_live_instances_1,3,2,4,26125,0,0,0
engine_execution,dynamic_live_instances_1,3,2,5,25708,0,0,0
engine_execution,dynamic_live_instances_1,3,2,6,25333,0,0,0
engine_execution,dynamic_live_instances_1,3,2,7,25833,0,0,0
engine_execution,dynamic_live_instances_1,3,2,8,25791,0,0,0
engine_execution,dynamic_live_instances_1,3,2,9,25750,0,0,0
engine_execution,dynamic_live_instances_1,3,2,10,25667,0,0,0
engine_execution,dynamic_live_instances_1,3,2,11,25792,0,0,0
engine_execution,dynamic_live_instances_1,3,2,12,25750,0,0,0
engine_execution,dynamic_live_instances_1,3,2,13,25750,0,0,0
engine_execution,dynamic_live_instances_1,3,2,14,25583,0,0,0
engine_execution,dynamic_live_instances_1,3,2,15,25708,0,0,0
engine_execution,dynamic_live_instances_1,3,2,16,25542,0,0,0
engine_execution,dynamic_live_instances_1,3,2,17,25500,0,0,0
engine_execution,dynamic_live_instances_1,3,2,18,25625,0,0,0
engine_execution,dynamic_live_instances_1,3,2,19,25542,0,0,0
engine_execution,dynamic_live_instances_1,3,2,20,25625,0,0,0
engine_execution,dynamic_live_instances_1,3,2,21,25750,0,0,0
engine_execution,dynamic_live_instances_1,3,2,22,25792,0,0,0
engine_execution,dynamic_live_instances_1,3,2,23,25541,0,0,0
engine_execution,dynamic_live_instances_1,3,2,24,25625,0,0,0
engine_execution,dynamic_live_instances_1,3,2,25,25666,0,0,0
engine_execution,dynamic_live_instances_1,3,2,26,25292,0,0,0
engine_execution,dynamic_live_instances_1,3,2,27,25583,0,0,0
engine_execution,dynamic_live_instances_1,3,2,28,25750,0,0,0
engine_execution,dynamic_live_instances_1,3,2,29,25416,0,0,0
engine_execution,dynamic_live_instances_1,3,2,30,25500,0,0,0
engine_execution,dynamic_live_instances_1,3,2,31,25333,0,0,0
engine_execution,dynamic_live_instances_1,3,2,32,25625,0,0,0
engine_execution,dynamic_live_instances_1,3,2,33,25667,0,0,0
engine_execution,dynamic_live_instances_1,3,2,34,25584,0,0,0
engine_execution,dynamic_live_instances_1,3,2,35,25708,0,0,0
engine_execution,dynamic_live_instances_1,3,2,36,25500,0,0,0
engine_execution,dynamic_live_instances_1,3,2,37,25834,0,0,0
engine_execution,dynamic_live_instances_1,3,2,38,25583,0,0,0
engine_execution,dynamic_live_instances_1,3,2,39,25750,0,0,0
engine_execution_alloc,dynamic_live_instances_1,3,2,1,0,626,57837,0
engine_execution,dynamic_live_instances_10,3,2,0,193500,0,0,11
engine_execution,dynamic_live_instances_10,3,2,1,194000,0,0,11
engine_execution,dynamic_live_instances_10,3,2,2,191083,0,0,11
engine_execution,dynamic_live_instances_10,3,2,3,191500,0,0,11
engine_execution,dynamic_live_instances_10,3,2,4,191792,0,0,11
engine_execution,dynamic_live_instances_10,3,2,5,192209,0,0,11
engine_execution,dynamic_live_instances_10,3,2,6,191750,0,0,11
engine_execution,dynamic_live_instances_10,3,2,7,195084,0,0,11
engine_execution,dynamic_live_instances_10,3,2,8,192666,0,0,11
engine_execution,dynamic_live_instances_10,3,2,9,191792,0,0,11
engine_execution,dynamic_live_instances_10,3,2,10,191792,0,0,11
engine_execution,dynamic_live_instances_10,3,2,11,191833,0,0,11
engine_execution,dynamic_live_instances_10,3,2,12,191583,0,0,11
engine_execution,dynamic_live_instances_10,3,2,13,192167,0,0,11
engine_execution,dynamic_live_instances_10,3,2,14,192166,0,0,11
engine_execution,dynamic_live_instances_10,3,2,15,191042,0,0,11
engine_execution,dynamic_live_instances_10,3,2,16,191375,0,0,11
engine_execution,dynamic_live_instances_10,3,2,17,191583,0,0,11
engine_execution,dynamic_live_instances_10,3,2,18,191250,0,0,11
engine_execution,dynamic_live_instances_10,3,2,19,194167,0,0,11
engine_execution,dynamic_live_instances_10,3,2,20,191709,0,0,11
engine_execution,dynamic_live_instances_10,3,2,21,191917,0,0,11
engine_execution,dynamic_live_instances_10,3,2,22,192125,0,0,11
engine_execution,dynamic_live_instances_10,3,2,23,192875,0,0,11
engine_execution,dynamic_live_instances_10,3,2,24,192833,0,0,11
engine_execution,dynamic_live_instances_10,3,2,25,191916,0,0,11
engine_execution,dynamic_live_instances_10,3,2,26,192208,0,0,11
engine_execution,dynamic_live_instances_10,3,2,27,191917,0,0,11
engine_execution,dynamic_live_instances_10,3,2,28,191333,0,0,11
engine_execution,dynamic_live_instances_10,3,2,29,191250,0,0,11
engine_execution,dynamic_live_instances_10,3,2,30,192041,0,0,11
engine_execution,dynamic_live_instances_10,3,2,31,192125,0,0,11
engine_execution,dynamic_live_instances_10,3,2,32,191375,0,0,11
engine_execution,dynamic_live_instances_10,3,2,33,192209,0,0,11
engine_execution,dynamic_live_instances_10,3,2,34,190709,0,0,11
engine_execution,dynamic_live_instances_10,3,2,35,195042,0,0,11
engine_execution,dynamic_live_instances_10,3,2,36,212333,0,0,11
engine_execution,dynamic_live_instances_10,3,2,37,197333,0,0,11
engine_execution,dynamic_live_instances_10,3,2,38,195083,0,0,11
engine_execution,dynamic_live_instances_10,3,2,39,194875,0,0,11
engine_execution_alloc,dynamic_live_instances_10,3,2,10,0,4464,409440,11
engine_execution,dynamic_live_instances_100,3,2,0,4480334,0,0,101
engine_execution,dynamic_live_instances_100,3,2,1,4471708,0,0,101
engine_execution,dynamic_live_instances_100,3,2,2,4496250,0,0,101
engine_execution,dynamic_live_instances_100,3,2,3,4497083,0,0,101
engine_execution,dynamic_live_instances_100,3,2,4,4445958,0,0,101
engine_execution,dynamic_live_instances_100,3,2,5,4563959,0,0,101
engine_execution,dynamic_live_instances_100,3,2,6,4784667,0,0,101
engine_execution,dynamic_live_instances_100,3,2,7,4374917,0,0,101
engine_execution,dynamic_live_instances_100,3,2,8,4845625,0,0,101
engine_execution,dynamic_live_instances_100,3,2,9,4964500,0,0,101
engine_execution,dynamic_live_instances_100,3,2,10,5996042,0,0,101
engine_execution,dynamic_live_instances_100,3,2,11,5149583,0,0,101
engine_execution,dynamic_live_instances_100,3,2,12,4885750,0,0,101
engine_execution,dynamic_live_instances_100,3,2,13,5309167,0,0,101
engine_execution,dynamic_live_instances_100,3,2,14,4972167,0,0,101
engine_execution,dynamic_live_instances_100,3,2,15,4861625,0,0,101
engine_execution,dynamic_live_instances_100,3,2,16,5471500,0,0,101
engine_execution,dynamic_live_instances_100,3,2,17,4838125,0,0,101
engine_execution,dynamic_live_instances_100,3,2,18,4738667,0,0,101
engine_execution,dynamic_live_instances_100,3,2,19,4878666,0,0,101
engine_execution,dynamic_live_instances_100,3,2,20,4938500,0,0,101
engine_execution,dynamic_live_instances_100,3,2,21,4831667,0,0,101
engine_execution,dynamic_live_instances_100,3,2,22,4959375,0,0,101
engine_execution,dynamic_live_instances_100,3,2,23,5366458,0,0,101
engine_execution,dynamic_live_instances_100,3,2,24,4890167,0,0,101
engine_execution,dynamic_live_instances_100,3,2,25,4920834,0,0,101
engine_execution,dynamic_live_instances_100,3,2,26,4953084,0,0,101
engine_execution,dynamic_live_instances_100,3,2,27,5057708,0,0,101
engine_execution,dynamic_live_instances_100,3,2,28,4810167,0,0,101
engine_execution,dynamic_live_instances_100,3,2,29,5493959,0,0,101
engine_execution,dynamic_live_instances_100,3,2,30,5064125,0,0,101
engine_execution,dynamic_live_instances_100,3,2,31,5062875,0,0,101
engine_execution,dynamic_live_instances_100,3,2,32,4881750,0,0,101
engine_execution,dynamic_live_instances_100,3,2,33,4787750,0,0,101
engine_execution,dynamic_live_instances_100,3,2,34,4731666,0,0,101
engine_execution,dynamic_live_instances_100,3,2,35,4466666,0,0,101
engine_execution,dynamic_live_instances_100,3,2,36,5297583,0,0,101
engine_execution,dynamic_live_instances_100,3,2,37,5112375,0,0,101
engine_execution,dynamic_live_instances_100,3,2,38,5129625,0,0,101
engine_execution,dynamic_live_instances_100,3,2,39,5055209,0,0,101
engine_execution_alloc,dynamic_live_instances_100,3,2,100,0,69425,6321790,101
engine_execution,trace_default,100,99,0,369250,0,0,1
engine_execution,trace_default,100,99,1,356708,0,0,0
engine_execution,trace_default,100,99,2,369417,0,0,3
engine_execution,trace_default,100,99,3,372000,0,0,2
engine_execution,trace_default,100,99,4,377167,0,0,5
engine_execution,trace_default,100,99,5,377125,0,0,4
engine_execution,trace_default,100,99,6,370708,0,0,7
engine_execution,trace_default,100,99,7,360125,0,0,6
engine_execution,trace_default,100,99,8,360375,0,0,9
engine_execution,trace_default,100,99,9,356667,0,0,8
engine_execution,trace_default,100,99,10,355750,0,0,11
engine_execution,trace_default,100,99,11,364500,0,0,10
engine_execution,trace_default,100,99,12,360250,0,0,13
engine_execution,trace_default,100,99,13,338917,0,0,12
engine_execution,trace_default,100,99,14,374583,0,0,15
engine_execution,trace_default,100,99,15,352917,0,0,14
engine_execution,trace_default,100,99,16,378417,0,0,17
engine_execution,trace_default,100,99,17,388583,0,0,16
engine_execution,trace_default,100,99,18,379541,0,0,19
engine_execution,trace_default,100,99,19,376666,0,0,18
engine_execution,trace_default,100,99,20,366750,0,0,21
engine_execution,trace_default,100,99,21,394042,0,0,20
engine_execution,trace_default,100,99,22,973166,0,0,23
engine_execution,trace_default,100,99,23,452334,0,0,22
engine_execution,trace_default,100,99,24,402458,0,0,25
engine_execution,trace_default,100,99,25,385458,0,0,24
engine_execution,trace_default,100,99,26,339083,0,0,27
engine_execution,trace_default,100,99,27,418041,0,0,26
engine_execution,trace_default,100,99,28,352625,0,0,29
engine_execution,trace_default,100,99,29,400000,0,0,28
engine_execution,trace_default,100,99,30,340500,0,0,31
engine_execution,trace_default,100,99,31,415292,0,0,30
engine_execution,trace_default,100,99,32,366916,0,0,33
engine_execution,trace_default,100,99,33,388333,0,0,32
engine_execution,trace_default,100,99,34,410667,0,0,35
engine_execution,trace_default,100,99,35,352916,0,0,34
engine_execution,trace_default,100,99,36,386917,0,0,37
engine_execution,trace_default,100,99,37,390375,0,0,36
engine_execution,trace_default,100,99,38,358542,0,0,39
engine_execution,trace_default,100,99,39,396208,0,0,38
engine_execution_alloc,trace_default,100,99,0,0,6090,781647,23131
engine_execution,trace_observer,100,99,0,406834,0,0,1
engine_execution,trace_observer,100,99,1,396625,0,0,0
engine_execution,trace_observer,100,99,2,363875,0,0,3
engine_execution,trace_observer,100,99,3,400083,0,0,2
engine_execution,trace_observer,100,99,4,402000,0,0,5
engine_execution,trace_observer,100,99,5,394750,0,0,4
engine_execution,trace_observer,100,99,6,407000,0,0,7
engine_execution,trace_observer,100,99,7,397166,0,0,6
engine_execution,trace_observer,100,99,8,396000,0,0,9
engine_execution,trace_observer,100,99,9,354750,0,0,8
engine_execution,trace_observer,100,99,10,397667,0,0,11
engine_execution,trace_observer,100,99,11,349583,0,0,10
engine_execution,trace_observer,100,99,12,420375,0,0,13
engine_execution,trace_observer,100,99,13,425125,0,0,12
engine_execution,trace_observer,100,99,14,404500,0,0,15
engine_execution,trace_observer,100,99,15,415625,0,0,14
engine_execution,trace_observer,100,99,16,412250,0,0,17
engine_execution,trace_observer,100,99,17,407625,0,0,16
engine_execution,trace_observer,100,99,18,368208,0,0,19
engine_execution,trace_observer,100,99,19,411792,0,0,18
engine_execution,trace_observer,100,99,20,446584,0,0,21
engine_execution,trace_observer,100,99,21,411375,0,0,20
engine_execution,trace_observer,100,99,22,400833,0,0,23
engine_execution,trace_observer,100,99,23,436500,0,0,22
engine_execution,trace_observer,100,99,24,417458,0,0,25
engine_execution,trace_observer,100,99,25,389667,0,0,24
engine_execution,trace_observer,100,99,26,353875,0,0,27
engine_execution,trace_observer,100,99,27,396417,0,0,26
engine_execution,trace_observer,100,99,28,357833,0,0,29
engine_execution,trace_observer,100,99,29,377708,0,0,28
engine_execution,trace_observer,100,99,30,389041,0,0,31
engine_execution,trace_observer,100,99,31,345000,0,0,30
engine_execution,trace_observer,100,99,32,391792,0,0,33
engine_execution,trace_observer,100,99,33,385292,0,0,32
engine_execution,trace_observer,100,99,34,403958,0,0,35
engine_execution,trace_observer,100,99,35,379750,0,0,34
engine_execution,trace_observer,100,99,36,401292,0,0,37
engine_execution,trace_observer,100,99,37,372041,0,0,36
engine_execution,trace_observer,100,99,38,406959,0,0,39
engine_execution,trace_observer,100,99,39,364875,0,0,38
engine_execution_alloc,trace_observer,100,99,0,0,6090,781647,23131
representative_application,application_hash_sdax,10,9,0,31375,0,0,8827501768403342007
representative_application,application_hash_sdax,10,9,1,29708,0,0,8951258580674472749
representative_application,application_hash_sdax,10,9,2,29750,0,0,18157584738022301124
representative_application,application_hash_sdax,10,9,3,29416,0,0,16093298964628915617
representative_application,application_hash_sdax,10,9,4,29584,0,0,4338024545885762412
representative_application,application_hash_sdax,10,9,5,29416,0,0,4989613096480112062
representative_application,application_hash_sdax,10,9,6,29625,0,0,14756605482753659039
representative_application,application_hash_sdax,10,9,7,29333,0,0,48615153832195890
representative_application,application_hash_sdax,10,9,8,29708,0,0,12897547982939568865
representative_application,application_hash_sdax,10,9,9,37667,0,0,6455468052857312123
representative_application,application_hash_sdax,10,9,10,37916,0,0,7461994257773924098
representative_application,application_hash_sdax,10,9,11,36458,0,0,3636896381673253623
representative_application,application_hash_sdax,10,9,12,35583,0,0,6793413810667899076
representative_application,application_hash_sdax,10,9,13,34000,0,0,12277190981714708308
representative_application,application_hash_sdax,10,9,14,39875,0,0,9683030269895486545
representative_application,application_hash_sdax,10,9,15,39125,0,0,9383150768291419922
representative_application,application_hash_sdax,10,9,16,37584,0,0,11312423361794011584
representative_application,application_hash_sdax,10,9,17,35042,0,0,18128183083347417488
representative_application,application_hash_sdax,10,9,18,39583,0,0,12087555839788357172
representative_application,application_hash_sdax,10,9,19,34791,0,0,13041129334982073488
representative_application,application_hash_sdax,10,9,20,29750,0,0,8384464984104957687
representative_application,application_hash_sdax,10,9,21,30042,0,0,10868783110269989825
representative_application,application_hash_sdax,10,9,22,29708,0,0,15668235844036064711
representative_application,application_hash_sdax,10,9,23,29417,0,0,4013874171971043560
representative_application,application_hash_sdax,10,9,24,29750,0,0,4203571749175062306
representative_application,application_hash_sdax,10,9,25,29916,0,0,10926854856726577928
representative_application,application_hash_sdax,10,9,26,32625,0,0,16212662351989052772
representative_application,application_hash_sdax,10,9,27,35875,0,0,11560519827294593319
representative_application,application_hash_sdax,10,9,28,37750,0,0,7617103062409141563
representative_application,application_hash_sdax,10,9,29,38875,0,0,15838086077383948403
representative_application,application_hash_sdax,10,9,30,39417,0,0,8116776606867456652
representative_application,application_hash_sdax,10,9,31,38666,0,0,11359474695907197805
representative_application,application_hash_sdax,10,9,32,38500,0,0,9168736860549268637
representative_application,application_hash_sdax,10,9,33,38333,0,0,16764612828771598240
representative_application,application_hash_sdax,10,9,34,39458,0,0,14255204493723425259
representative_application,application_hash_sdax,10,9,35,39750,0,0,3518369773145393400
representative_application,application_hash_sdax,10,9,36,39750,0,0,8965317550446050729
representative_application,application_hash_sdax,10,9,37,29834,0,0,16665962306655849748
representative_application,application_hash_sdax,10,9,38,30541,0,0,13342058531664200426
representative_application,application_hash_sdax,10,9,39,29625,0,0,18112928529687244317
representative_application_alloc,application_hash_sdax,10,9,0,0,671,68034,17601881740522758837
representative_application,application_hash_handwritten,10,9,0,834,0,0,8827501768403342006
representative_application,application_hash_handwritten,10,9,1,792,0,0,8951258580674472748
representative_application,application_hash_handwritten,10,9,2,750,0,0,18157584738022301125
representative_application,application_hash_handwritten,10,9,3,792,0,0,16093298964628915616
representative_application,application_hash_handwritten,10,9,4,792,0,0,4338024545885762413
representative_application,application_hash_handwritten,10,9,5,750,0,0,4989613096480112063
representative_application,application_hash_handwritten,10,9,6,750,0,0,14756605482753659038
representative_application,application_hash_handwritten,10,9,7,750,0,0,48615153832195891
representative_application,application_hash_handwritten,10,9,8,750,0,0,12897547982939568864
representative_application,application_hash_handwritten,10,9,9,750,0,0,6455468052857312122
representative_application,application_hash_handwritten,10,9,10,750,0,0,7461994257773924099
representative_application,application_hash_handwritten,10,9,11,709,0,0,3636896381673253622
representative_application,application_hash_handwritten,10,9,12,750,0,0,6793413810667899077
representative_application,application_hash_handwritten,10,9,13,750,0,0,12277190981714708309
representative_application,application_hash_handwritten,10,9,14,750,0,0,9683030269895486544
representative_application,application_hash_handwritten,10,9,15,750,0,0,9383150768291419923
representative_application,application_hash_handwritten,10,9,16,750,0,0,11312423361794011585
representative_application,application_hash_handwritten,10,9,17,750,0,0,18128183083347417489
representative_application,application_hash_handwritten,10,9,18,750,0,0,12087555839788357173
representative_application,application_hash_handwritten,10,9,19,750,0,0,13041129334982073489
representative_application,application_hash_handwritten,10,9,20,708,0,0,8384464984104957686
representative_application,application_hash_handwritten,10,9,21,750,0,0,10868783110269989824
representative_application,application_hash_handwritten,10,9,22,750,0,0,15668235844036064710
representative_application,application_hash_handwritten,10,9,23,750,0,0,4013874171971043561
representative_application,application_hash_handwritten,10,9,24,750,0,0,4203571749175062307
representative_application,application_hash_handwritten,10,9,25,709,0,0,10926854856726577929
representative_application,application_hash_handwritten,10,9,26,750,0,0,16212662351989052773
representative_application,application_hash_handwritten,10,9,27,708,0,0,11560519827294593318
representative_application,application_hash_handwritten,10,9,28,750,0,0,7617103062409141562
representative_application,application_hash_handwritten,10,9,29,750,0,0,15838086077383948402
representative_application,application_hash_handwritten,10,9,30,750,0,0,8116776606867456653
representative_application,application_hash_handwritten,10,9,31,750,0,0,11359474695907197804
representative_application,application_hash_handwritten,10,9,32,750,0,0,9168736860549268636
representative_application,application_hash_handwritten,10,9,33,750,0,0,16764612828771598241
representative_application,application_hash_handwritten,10,9,34,750,0,0,14255204493723425258
representative_application,application_hash_handwritten,10,9,35,709,0,0,3518369773145393401
representative_application,application_hash_handwritten,10,9,36,750,0,0,8965317550446050728
representative_application,application_hash_handwritten,10,9,37,708,0,0,16665962306655849749
representative_application,application_hash_handwritten,10,9,38,750,0,0,13342058531664200427
representative_application,application_hash_handwritten,10,9,39,750,0,0,18112928529687244316
representative_application,application_hash_sdax,100,99,0,429333,0,0,11698499080773063169
representative_application,application_hash_sdax,100,99,1,527750,0,0,1167273700599470746
representative_application,application_hash_sdax,100,99,2,534083,0,0,230717062559681466
representative_application,application_hash_sdax,100,99,3,683333,0,0,13461277124864170951
representative_application,application_hash_sdax,100,99,4,364542,0,0,1843089491647656604
representative_application,application_hash_sdax,100,99,5,365000,0,0,1884400405866327554
representative_application,application_hash_sdax,100,99,6,350042,0,0,15657071968087079792
representative_application,application_hash_sdax,100,99,7,350334,0,0,8136226820520416651
representative_application,application_hash_sdax,100,99,8,339667,0,0,9211086410723557827
representative_application,application_hash_sdax,100,99,9,341708,0,0,3206438314367023030
representative_application,application_hash_sdax,100,99,10,339833,0,0,5368241661201366769
representative_application,application_hash_sdax,100,99,11,343291,0,0,6168939717596367288
representative_application,application_hash_sdax,100,99,12,347000,0,0,14206662131410471245
representative_application,application_hash_sdax,100,99,13,341041,0,0,13119166869922341979
representative_application,application_hash_sdax,100,99,14,340292,0,0,13832537443924736586
representative_application,application_hash_sdax,100,99,15,342625,0,0,10215951684877506974
representative_application,application_hash_sdax,100,99,16,341458,0,0,5034229283543529572
representative_application,application_hash_sdax,100,99,17,344792,0,0,14677823012927430832
representative_application,application_hash_sdax,100,99,18,348334,0,0,13894612964717701903
representative_application,application_hash_sdax,100,99,19,354250,0,0,15583721593309401490
representative_application,application_hash_sdax,100,99,20,342875,0,0,6418842662590208827
representative_application,application_hash_sdax,100,99,21,343708,0,0,13631435880641776915
representative_application,application_hash_sdax,100,99,22,340083,0,0,17183653852698357092
representative_application,application_hash_sdax,100,99,23,341375,0,0,9274972455216937604
representative_application,application_hash_sdax,100,99,24,345959,0,0,9355792106790873694
representative_application,application_hash_sdax,100,99,25,342834,0,0,6870977820890846112
representative_application,application_hash_sdax,100,99,26,339167,0,0,7356228651156183227
representative_application,application_hash_sdax,100,99,27,342833,0,0,6496560239278517594
representative_application,application_hash_sdax,100,99,28,341625,0,0,1600470374967907333
representative_application,application_hash_sdax,100,99,29,342458,0,0,7749396622089507156
representative_application,application_hash_sdax,100,99,30,340625,0,0,5914597544721144955
representative_application,application_hash_sdax,100,99,31,362750,0,0,8593148281290798141
representative_application,application_hash_sdax,100,99,32,356583,0,0,17312262507819578044
representative_application,application_hash_sdax,100,99,33,360417,0,0,8449402800832754809
representative_application,application_hash_sdax,100,99,34,362000,0,0,3614604414420252231
representative_application,application_hash_sdax,100,99,35,360459,0,0,2366660716473973819
representative_application,application_hash_sdax,100,99,36,360291,0,0,8524431054321544385
representative_application,application_hash_sdax,100,99,37,348458,0,0,11652126080490940143
representative_application,application_hash_sdax,100,99,38,349167,0,0,7153169922785203679
representative_application,application_hash_sdax,100,99,39,360625,0,0,6082470906507506695
representative_application_alloc,application_hash_sdax,100,99,0,0,6090,785196,4889995614244325387
representative_application,application_hash_handwritten,100,99,0,8542,0,0,11698499080773063168
representative_application,application_hash_handwritten,100,99,1,8375,0,0,1167273700599470747
representative_application,application_hash_handwritten,100,99,2,8375,0,0,230717062559681467
representative_application,application_hash_handwritten,100,99,3,8375,0,0,13461277124864170950
representative_application,application_hash_handwritten,100,99,4,8375,0,0,1843089491647656605
representative_application,application_hash_handwritten,100,99,5,8416,0,0,1884400405866327555
representative_application,application_hash_handwritten,100,99,6,8417,0,0,15657071968087079793
representative_application,application_hash_handwritten,100,99,7,8375,0,0,8136226820520416650
representative_application,application_hash_handwritten,100,99,8,8375,0,0,9211086410723557826
representative_application,application_hash_handwritten,100,99,9,8375,0,0,3206438314367023031
representative_application,application_hash_handwritten,100,99,10,8375,0,0,5368241661201366768
representative_application,application_hash_handwritten,100,99,11,8375,0,0,6168939717596367289
representative_application,application_hash_handwritten,100,99,12,8416,0,0,14206662131410471244
representative_application,application_hash_handwritten,100,99,13,8375,0,0,13119166869922341978
representative_application,application_hash_handwritten,100,99,14,8417,0,0,13832537443924736587
representative_application,application_hash_handwritten,100,99,15,8416,0,0,10215951684877506975
representative_application,application_hash_handwritten,100,99,16,8417,0,0,5034229283543529573
representative_application,application_hash_handwritten,100,99,17,8417,0,0,14677823012927430833
representative_application,application_hash_handwritten,100,99,18,8375,0,0,13894612964717701902
representative_application,application_hash_handwritten,100,99,19,8375,0,0,15583721593309401491
representative_application,application_hash_handwritten,100,99,20,8375,0,0,6418842662590208826
representative_application,application_hash_handwritten,100,99,21,12333,0,0,13631435880641776914
representative_application,application_hash_handwritten,100,99,22,8416,0,0,17183653852698357093
representative_application,application_hash_handwritten,100,99,23,8417,0,0,9274972455216937605
representative_application,application_hash_handwritten,100,99,24,8375,0,0,9355792106790873695
representative_application,application_hash_handwritten,100,99,25,8375,0,0,6870977820890846113
representative_application,application_hash_handwritten,100,99,26,8375,0,0,7356228651156183226
representative_application,application_hash_handwritten,100,99,27,8375,0,0,6496560239278517595
representative_application,application_hash_handwritten,100,99,28,8375,0,0,1600470374967907332
representative_application,application_hash_handwritten,100,99,29,8416,0,0,7749396622089507157
representative_application,application_hash_handwritten,100,99,30,8417,0,0,5914597544721144954
representative_application,application_hash_handwritten,100,99,31,8375,0,0,8593148281290798140
representative_application,application_hash_handwritten,100,99,32,8416,0,0,17312262507819578045
representative_application,application_hash_handwritten,100,99,33,8375,0,0,8449402800832754808
representative_application,application_hash_handwritten,100,99,34,8375,0,0,3614604414420252230
representative_application,application_hash_handwritten,100,99,35,8375,0,0,2366660716473973818
representative_application,application_hash_handwritten,100,99,36,8375,0,0,8524431054321544384
representative_application,application_hash_handwritten,100,99,37,8375,0,0,11652126080490940142
representative_application,application_hash_handwritten,100,99,38,8417,0,0,7153169922785203678
representative_application,application_hash_handwritten,100,99,39,8416,0,0,6082470906507506694
