phase,workload,nodes,edges,sample,nanos,allocations,allocated_bytes,checksum
adapter_setup,current_thread_runtime,0,0,0,6291,0,0,0
adapter_setup,current_thread_runtime,0,0,1,3834,0,0,0
adapter_setup,current_thread_runtime,0,0,2,3208,0,0,0
adapter_setup,current_thread_runtime,0,0,3,2917,0,0,0
adapter_setup,current_thread_runtime,0,0,4,3041,0,0,0
adapter_setup,current_thread_runtime,0,0,5,2959,0,0,0
adapter_setup,current_thread_runtime,0,0,6,6292,0,0,0
adapter_setup,current_thread_runtime,0,0,7,3208,0,0,0
adapter_setup,current_thread_runtime,0,0,8,5583,0,0,0
adapter_setup,current_thread_runtime,0,0,9,3209,0,0,0
adapter_setup,current_thread_runtime,0,0,10,3125,0,0,0
adapter_setup,current_thread_runtime,0,0,11,5333,0,0,0
adapter_setup,current_thread_runtime,0,0,12,2875,0,0,0
adapter_setup,current_thread_runtime,0,0,13,2792,0,0,0
adapter_setup,current_thread_runtime,0,0,14,3084,0,0,0
adapter_setup,current_thread_runtime,0,0,15,2667,0,0,0
adapter_setup,current_thread_runtime,0,0,16,2916,0,0,0
adapter_setup,current_thread_runtime,0,0,17,2958,0,0,0
adapter_setup,current_thread_runtime,0,0,18,2833,0,0,0
adapter_setup,current_thread_runtime,0,0,19,2916,0,0,0
adapter_setup,current_thread_runtime,0,0,20,2791,0,0,0
adapter_setup,current_thread_runtime,0,0,21,2833,0,0,0
adapter_setup,current_thread_runtime,0,0,22,3041,0,0,0
adapter_setup,current_thread_runtime,0,0,23,2750,0,0,0
adapter_setup,current_thread_runtime,0,0,24,2750,0,0,0
adapter_setup,current_thread_runtime,0,0,25,2958,0,0,0
adapter_setup,current_thread_runtime,0,0,26,2833,0,0,0
adapter_setup,current_thread_runtime,0,0,27,2667,0,0,0
adapter_setup,current_thread_runtime,0,0,28,2792,0,0,0
adapter_setup,current_thread_runtime,0,0,29,2875,0,0,0
adapter_setup,current_thread_runtime,0,0,30,2750,0,0,0
adapter_setup,current_thread_runtime,0,0,31,2792,0,0,0
adapter_setup,current_thread_runtime,0,0,32,2792,0,0,0
adapter_setup,current_thread_runtime,0,0,33,3250,0,0,0
adapter_setup,current_thread_runtime,0,0,34,2708,0,0,0
adapter_setup,current_thread_runtime,0,0,35,2708,0,0,0
adapter_setup,current_thread_runtime,0,0,36,3000,0,0,0
adapter_setup,current_thread_runtime,0,0,37,2959,0,0,0
adapter_setup,current_thread_runtime,0,0,38,2708,0,0,0
adapter_setup,current_thread_runtime,0,0,39,2583,0,0,0
fixture_generation,graph_chain,1,0,0,625,0,0,5
fixture_generation,graph_chain,1,0,1,334,0,0,5
fixture_generation,graph_chain,1,0,2,375,0,0,5
fixture_generation,graph_chain,1,0,3,334,0,0,5
fixture_generation,graph_chain,1,0,4,292,0,0,5
fixture_generation,graph_chain,1,0,5,292,0,0,5
fixture_generation,graph_chain,1,0,6,250,0,0,5
fixture_generation,graph_chain,1,0,7,333,0,0,5
fixture_generation,graph_chain,1,0,8,292,0,0,5
fixture_generation,graph_chain,1,0,9,250,0,0,5
fixture_generation,graph_chain,1,0,10,292,0,0,5
fixture_generation,graph_chain,1,0,11,292,0,0,5
fixture_generation,graph_chain,1,0,12,250,0,0,5
fixture_generation,graph_chain,1,0,13,291,0,0,5
fixture_generation,graph_chain,1,0,14,292,0,0,5
fixture_generation,graph_chain,1,0,15,292,0,0,5
fixture_generation,graph_chain,1,0,16,292,0,0,5
fixture_generation,graph_chain,1,0,17,292,0,0,5
fixture_generation,graph_chain,1,0,18,291,0,0,5
fixture_generation,graph_chain,1,0,19,291,0,0,5
plan_build,graph_chain,1,0,0,7458,0,0,11
plan_build,graph_chain,1,0,1,4333,0,0,11
plan_build,graph_chain,1,0,2,3500,0,0,11
plan_build,graph_chain,1,0,3,3125,0,0,11
plan_build,graph_chain,1,0,4,3250,0,0,11
plan_build,graph_chain,1,0,5,3458,0,0,11
plan_build,graph_chain,1,0,6,3084,0,0,11
plan_build,graph_chain,1,0,7,3000,0,0,11
plan_build,graph_chain,1,0,8,3125,0,0,11
plan_build,graph_chain,1,0,9,3125,0,0,11
plan_build,graph_chain,1,0,10,3042,0,0,11
plan_build,graph_chain,1,0,11,3125,0,0,11
plan_build,graph_chain,1,0,12,3208,0,0,11
plan_build,graph_chain,1,0,13,3084,0,0,11
plan_build,graph_chain,1,0,14,3167,0,0,11
plan_build,graph_chain,1,0,15,3083,0,0,11
plan_build,graph_chain,1,0,16,3083,0,0,11
plan_build,graph_chain,1,0,17,3000,0,0,11
plan_build,graph_chain,1,0,18,3292,0,0,11
plan_build,graph_chain,1,0,19,3000,0,0,11
plan_build_alloc,graph_chain,1,0,0,0,36,6722,11
engine_execution,graph_chain,1,0,0,13167,0,0,1
engine_execution,graph_chain,1,0,1,13500,0,0,0
engine_execution,graph_chain,1,0,2,13250,0,0,3
engine_execution,graph_chain,1,0,3,13625,0,0,2
engine_execution,graph_chain,1,0,4,13625,0,0,5
engine_execution,graph_chain,1,0,5,13542,0,0,4
engine_execution,graph_chain,1,0,6,13750,0,0,7
engine_execution,graph_chain,1,0,7,12750,0,0,6
engine_execution,graph_chain,1,0,8,13041,0,0,9
engine_execution,graph_chain,1,0,9,13083,0,0,8
engine_execution,graph_chain,1,0,10,13791,0,0,11
engine_execution,graph_chain,1,0,11,12833,0,0,10
engine_execution,graph_chain,1,0,12,13209,0,0,13
engine_execution,graph_chain,1,0,13,12917,0,0,12
engine_execution,graph_chain,1,0,14,13417,0,0,15
engine_execution,graph_chain,1,0,15,12791,0,0,14
engine_execution,graph_chain,1,0,16,13416,0,0,17
engine_execution,graph_chain,1,0,17,12791,0,0,16
engine_execution,graph_chain,1,0,18,12750,0,0,19
engine_execution,graph_chain,1,0,19,13084,0,0,18
engine_execution,graph_chain,1,0,20,13625,0,0,21
engine_execution,graph_chain,1,0,21,12959,0,0,20
engine_execution,graph_chain,1,0,22,12792,0,0,23
engine_execution,graph_chain,1,0,23,12875,0,0,22
engine_execution,graph_chain,1,0,24,13250,0,0,25
engine_execution,graph_chain,1,0,25,13208,0,0,24
engine_execution,graph_chain,1,0,26,13166,0,0,27
engine_execution,graph_chain,1,0,27,12958,0,0,26
engine_execution,graph_chain,1,0,28,12917,0,0,29
engine_execution,graph_chain,1,0,29,12792,0,0,28
engine_execution,graph_chain,1,0,30,13041,0,0,31
engine_execution,graph_chain,1,0,31,12958,0,0,30
engine_execution,graph_chain,1,0,32,13250,0,0,33
engine_execution,graph_chain,1,0,33,13041,0,0,32
engine_execution,graph_chain,1,0,34,12958,0,0,35
engine_execution,graph_chain,1,0,35,13000,0,0,34
engine_execution,graph_chain,1,0,36,12833,0,0,37
engine_execution,graph_chain,1,0,37,12834,0,0,36
engine_execution,graph_chain,1,0,38,13292,0,0,39
engine_execution,graph_chain,1,0,39,12667,0,0,38
engine_execution_alloc,graph_chain,1,0,0,0,107,11948,23131
machine_state_setup,graph_chain,1,0,0,1042,0,0,1
body_state_setup,graph_chain,1,0,0,875,0,0,0
machine_state_setup,graph_chain,1,0,1,542,0,0,1
body_state_setup,graph_chain,1,0,1,542,0,0,0
machine_state_setup,graph_chain,1,0,2,583,0,0,1
body_state_setup,graph_chain,1,0,2,542,0,0,0
machine_state_setup,graph_chain,1,0,3,542,0,0,1
body_state_setup,graph_chain,1,0,3,583,0,0,0
machine_state_setup,graph_chain,1,0,4,541,0,0,1
body_state_setup,graph_chain,1,0,4,584,0,0,0
machine_state_setup,graph_chain,1,0,5,542,0,0,1
body_state_setup,graph_chain,1,0,5,542,0,0,0
machine_state_setup,graph_chain,1,0,6,500,0,0,1
body_state_setup,graph_chain,1,0,6,542,0,0,0
machine_state_setup,graph_chain,1,0,7,500,0,0,1
body_state_setup,graph_chain,1,0,7,542,0,0,0
machine_state_setup,graph_chain,1,0,8,500,0,0,1
body_state_setup,graph_chain,1,0,8,500,0,0,0
machine_state_setup,graph_chain,1,0,9,541,0,0,1
body_state_setup,graph_chain,1,0,9,500,0,0,0
machine_state_setup,graph_chain,1,0,10,458,0,0,1
body_state_setup,graph_chain,1,0,10,500,0,0,0
machine_state_setup,graph_chain,1,0,11,500,0,0,1
body_state_setup,graph_chain,1,0,11,541,0,0,0
machine_state_setup,graph_chain,1,0,12,500,0,0,1
body_state_setup,graph_chain,1,0,12,583,0,0,0
machine_state_setup,graph_chain,1,0,13,500,0,0,1
body_state_setup,graph_chain,1,0,13,584,0,0,0
machine_state_setup,graph_chain,1,0,14,500,0,0,1
body_state_setup,graph_chain,1,0,14,500,0,0,0
machine_state_setup,graph_chain,1,0,15,500,0,0,1
body_state_setup,graph_chain,1,0,15,541,0,0,0
machine_state_setup,graph_chain,1,0,16,500,0,0,1
body_state_setup,graph_chain,1,0,16,500,0,0,0
machine_state_setup,graph_chain,1,0,17,542,0,0,1
body_state_setup,graph_chain,1,0,17,500,0,0,0
machine_state_setup,graph_chain,1,0,18,584,0,0,1
body_state_setup,graph_chain,1,0,18,542,0,0,0
machine_state_setup,graph_chain,1,0,19,459,0,0,1
body_state_setup,graph_chain,1,0,19,500,0,0,0
machine_state_setup,graph_chain,1,0,20,542,0,0,1
body_state_setup,graph_chain,1,0,20,500,0,0,0
machine_state_setup,graph_chain,1,0,21,583,0,0,1
body_state_setup,graph_chain,1,0,21,500,0,0,0
machine_state_setup,graph_chain,1,0,22,625,0,0,1
body_state_setup,graph_chain,1,0,22,500,0,0,0
machine_state_setup,graph_chain,1,0,23,417,0,0,1
body_state_setup,graph_chain,1,0,23,542,0,0,0
machine_state_setup,graph_chain,1,0,24,459,0,0,1
body_state_setup,graph_chain,1,0,24,500,0,0,0
machine_state_setup,graph_chain,1,0,25,500,0,0,1
body_state_setup,graph_chain,1,0,25,541,0,0,0
machine_state_setup,graph_chain,1,0,26,500,0,0,1
body_state_setup,graph_chain,1,0,26,583,0,0,0
machine_state_setup,graph_chain,1,0,27,583,0,0,1
body_state_setup,graph_chain,1,0,27,541,0,0,0
machine_state_setup,graph_chain,1,0,28,500,0,0,1
body_state_setup,graph_chain,1,0,28,542,0,0,0
machine_state_setup,graph_chain,1,0,29,500,0,0,1
body_state_setup,graph_chain,1,0,29,500,0,0,0
machine_state_setup,graph_chain,1,0,30,500,0,0,1
body_state_setup,graph_chain,1,0,30,500,0,0,0
machine_state_setup,graph_chain,1,0,31,542,0,0,1
body_state_setup,graph_chain,1,0,31,500,0,0,0
machine_state_setup,graph_chain,1,0,32,459,0,0,1
body_state_setup,graph_chain,1,0,32,542,0,0,0
machine_state_setup,graph_chain,1,0,33,500,0,0,1
body_state_setup,graph_chain,1,0,33,500,0,0,0
machine_state_setup,graph_chain,1,0,34,500,0,0,1
body_state_setup,graph_chain,1,0,34,542,0,0,0
machine_state_setup,graph_chain,1,0,35,541,0,0,1
body_state_setup,graph_chain,1,0,35,541,0,0,0
machine_state_setup,graph_chain,1,0,36,500,0,0,1
body_state_setup,graph_chain,1,0,36,500,0,0,0
machine_state_setup,graph_chain,1,0,37,458,0,0,1
body_state_setup,graph_chain,1,0,37,542,0,0,0
machine_state_setup,graph_chain,1,0,38,459,0,0,1
body_state_setup,graph_chain,1,0,38,500,0,0,0
machine_state_setup,graph_chain,1,0,39,542,0,0,1
body_state_setup,graph_chain,1,0,39,583,0,0,0
pure_machine_events_preseeded,graph_chain,1,0,0,4792,0,0,1
pure_machine_events_preseeded,graph_chain,1,0,1,3000,0,0,1
pure_machine_events_preseeded,graph_chain,1,0,2,3000,0,0,1
pure_machine_events_preseeded,graph_chain,1,0,3,2792,0,0,1
pure_machine_events_preseeded,graph_chain,1,0,4,2875,0,0,1
pure_machine_events_preseeded,graph_chain,1,0,5,2875,0,0,1
pure_machine_events_preseeded,graph_chain,1,0,6,2791,0,0,1
pure_machine_events_preseeded,graph_chain,1,0,7,2750,0,0,1
pure_machine_events_preseeded,graph_chain,1,0,8,2834,0,0,1
pure_machine_events_preseeded,graph_chain,1,0,9,2708,0,0,1
pure_machine_events_preseeded,graph_chain,1,0,10,2792,0,0,1
pure_machine_events_preseeded,graph_chain,1,0,11,2750,0,0,1
pure_machine_events_preseeded,graph_chain,1,0,12,2708,0,0,1
pure_machine_events_preseeded,graph_chain,1,0,13,2791,0,0,1
pure_machine_events_preseeded,graph_chain,1,0,14,2708,0,0,1
pure_machine_events_preseeded,graph_chain,1,0,15,2709,0,0,1
pure_machine_events_preseeded,graph_chain,1,0,16,2708,0,0,1
pure_machine_events_preseeded,graph_chain,1,0,17,2834,0,0,1
pure_machine_events_preseeded,graph_chain,1,0,18,2834,0,0,1
pure_machine_events_preseeded,graph_chain,1,0,19,2750,0,0,1
pure_machine_events_preseeded,graph_chain,1,0,20,2750,0,0,1
pure_machine_events_preseeded,graph_chain,1,0,21,2791,0,0,1
pure_machine_events_preseeded,graph_chain,1,0,22,2792,0,0,1
pure_machine_events_preseeded,graph_chain,1,0,23,2917,0,0,1
pure_machine_events_preseeded,graph_chain,1,0,24,2708,0,0,1
pure_machine_events_preseeded,graph_chain,1,0,25,2750,0,0,1
pure_machine_events_preseeded,graph_chain,1,0,26,2667,0,0,1
pure_machine_events_preseeded,graph_chain,1,0,27,2708,0,0,1
pure_machine_events_preseeded,graph_chain,1,0,28,2750,0,0,1
pure_machine_events_preseeded,graph_chain,1,0,29,2708,0,0,1
pure_machine_events_preseeded,graph_chain,1,0,30,2709,0,0,1
pure_machine_events_preseeded,graph_chain,1,0,31,2708,0,0,1
pure_machine_events_preseeded,graph_chain,1,0,32,2708,0,0,1
pure_machine_events_preseeded,graph_chain,1,0,33,2792,0,0,1
pure_machine_events_preseeded,graph_chain,1,0,34,2666,0,0,1
pure_machine_events_preseeded,graph_chain,1,0,35,2792,0,0,1
pure_machine_events_preseeded,graph_chain,1,0,36,2709,0,0,1
pure_machine_events_preseeded,graph_chain,1,0,37,2666,0,0,1
pure_machine_events_preseeded,graph_chain,1,0,38,2750,0,0,1
pure_machine_events_preseeded,graph_chain,1,0,39,2708,0,0,1
fixture_generation,graph_wide,1,0,0,375,0,0,5
fixture_generation,graph_wide,1,0,1,292,0,0,5
fixture_generation,graph_wide,1,0,2,291,0,0,5
fixture_generation,graph_wide,1,0,3,292,0,0,5
fixture_generation,graph_wide,1,0,4,292,0,0,5
fixture_generation,graph_wide,1,0,5,292,0,0,5
fixture_generation,graph_wide,1,0,6,209,0,0,5
fixture_generation,graph_wide,1,0,7,417,0,0,5
fixture_generation,graph_wide,1,0,8,250,0,0,5
fixture_generation,graph_wide,1,0,9,250,0,0,5
fixture_generation,graph_wide,1,0,10,250,0,0,5
fixture_generation,graph_wide,1,0,11,292,0,0,5
fixture_generation,graph_wide,1,0,12,250,0,0,5
fixture_generation,graph_wide,1,0,13,250,0,0,5
fixture_generation,graph_wide,1,0,14,250,0,0,5
fixture_generation,graph_wide,1,0,15,459,0,0,5
fixture_generation,graph_wide,1,0,16,250,0,0,5
fixture_generation,graph_wide,1,0,17,250,0,0,5
fixture_generation,graph_wide,1,0,18,209,0,0,5
fixture_generation,graph_wide,1,0,19,250,0,0,5
plan_build,graph_wide,1,0,0,4000,0,0,10
plan_build,graph_wide,1,0,1,2833,0,0,10
plan_build,graph_wide,1,0,2,2750,0,0,10
plan_build,graph_wide,1,0,3,2834,0,0,10
plan_build,graph_wide,1,0,4,2792,0,0,10
plan_build,graph_wide,1,0,5,2667,0,0,10
plan_build,graph_wide,1,0,6,2709,0,0,10
plan_build,graph_wide,1,0,7,2709,0,0,10
plan_build,graph_wide,1,0,8,2834,0,0,10
plan_build,graph_wide,1,0,9,2708,0,0,10
plan_build,graph_wide,1,0,10,2708,0,0,10
plan_build,graph_wide,1,0,11,2625,0,0,10
plan_build,graph_wide,1,0,12,2708,0,0,10
plan_build,graph_wide,1,0,13,2625,0,0,10
plan_build,graph_wide,1,0,14,2625,0,0,10
plan_build,graph_wide,1,0,15,2708,0,0,10
plan_build,graph_wide,1,0,16,2667,0,0,10
plan_build,graph_wide,1,0,17,2750,0,0,10
plan_build,graph_wide,1,0,18,2708,0,0,10
plan_build,graph_wide,1,0,19,2792,0,0,10
plan_build_alloc,graph_wide,1,0,0,0,36,6720,10
engine_execution,graph_wide,1,0,0,11042,0,0,1
engine_execution,graph_wide,1,0,1,10875,0,0,0
engine_execution,graph_wide,1,0,2,11042,0,0,3
engine_execution,graph_wide,1,0,3,10959,0,0,2
engine_execution,graph_wide,1,0,4,10875,0,0,5
engine_execution,graph_wide,1,0,5,11000,0,0,4
engine_execution,graph_wide,1,0,6,10666,0,0,7
engine_execution,graph_wide,1,0,7,10833,0,0,6
engine_execution,graph_wide,1,0,8,11291,0,0,9
engine_execution,graph_wide,1,0,9,11292,0,0,8
engine_execution,graph_wide,1,0,10,11250,0,0,11
engine_execution,graph_wide,1,0,11,11250,0,0,10
engine_execution,graph_wide,1,0,12,11542,0,0,13
engine_execution,graph_wide,1,0,13,11041,0,0,12
engine_execution,graph_wide,1,0,14,10625,0,0,15
engine_execution,graph_wide,1,0,15,10875,0,0,14
engine_execution,graph_wide,1,0,16,11125,0,0,17
engine_execution,graph_wide,1,0,17,11250,0,0,16
engine_execution,graph_wide,1,0,18,10708,0,0,19
engine_execution,graph_wide,1,0,19,11042,0,0,18
engine_execution,graph_wide,1,0,20,10792,0,0,21
engine_execution,graph_wide,1,0,21,10792,0,0,20
engine_execution,graph_wide,1,0,22,10625,0,0,23
engine_execution,graph_wide,1,0,23,10833,0,0,22
engine_execution,graph_wide,1,0,24,10750,0,0,25
engine_execution,graph_wide,1,0,25,10792,0,0,24
engine_execution,graph_wide,1,0,26,10667,0,0,27
engine_execution,graph_wide,1,0,27,10625,0,0,26
engine_execution,graph_wide,1,0,28,10834,0,0,29
engine_execution,graph_wide,1,0,29,10917,0,0,28
engine_execution,graph_wide,1,0,30,10708,0,0,31
engine_execution,graph_wide,1,0,31,11208,0,0,30
engine_execution,graph_wide,1,0,32,10875,0,0,33
engine_execution,graph_wide,1,0,33,10916,0,0,32
engine_execution,graph_wide,1,0,34,10875,0,0,35
engine_execution,graph_wide,1,0,35,11000,0,0,34
engine_execution,graph_wide,1,0,36,10792,0,0,37
engine_execution,graph_wide,1,0,37,11208,0,0,36
engine_execution,graph_wide,1,0,38,10916,0,0,39
engine_execution,graph_wide,1,0,39,11375,0,0,38
engine_execution_alloc,graph_wide,1,0,0,0,107,11947,23131
machine_state_setup,graph_wide,1,0,0,542,0,0,1
body_state_setup,graph_wide,1,0,0,542,0,0,0
machine_state_setup,graph_wide,1,0,1,500,0,0,1
body_state_setup,graph_wide,1,0,1,500,0,0,0
machine_state_setup,graph_wide,1,0,2,542,0,0,1
body_state_setup,graph_wide,1,0,2,500,0,0,0
machine_state_setup,graph_wide,1,0,3,458,0,0,1
body_state_setup,graph_wide,1,0,3,666,0,0,0
machine_state_setup,graph_wide,1,0,4,416,0,0,1
body_state_setup,graph_wide,1,0,4,458,0,0,0
machine_state_setup,graph_wide,1,0,5,416,0,0,1
body_state_setup,graph_wide,1,0,5,458,0,0,0
machine_state_setup,graph_wide,1,0,6,417,0,0,1
body_state_setup,graph_wide,1,0,6,417,0,0,0
machine_state_setup,graph_wide,1,0,7,375,0,0,1
body_state_setup,graph_wide,1,0,7,500,0,0,0
machine_state_setup,graph_wide,1,0,8,417,0,0,1
body_state_setup,graph_wide,1,0,8,458,0,0,0
machine_state_setup,graph_wide,1,0,9,416,0,0,1
body_state_setup,graph_wide,1,0,9,417,0,0,0
machine_state_setup,graph_wide,1,0,10,417,0,0,1
body_state_setup,graph_wide,1,0,10,458,0,0,0
machine_state_setup,graph_wide,1,0,11,417,0,0,1
body_state_setup,graph_wide,1,0,11,458,0,0,0
machine_state_setup,graph_wide,1,0,12,417,0,0,1
body_state_setup,graph_wide,1,0,12,458,0,0,0
machine_state_setup,graph_wide,1,0,13,458,0,0,1
body_state_setup,graph_wide,1,0,13,416,0,0,0
machine_state_setup,graph_wide,1,0,14,416,0,0,1
body_state_setup,graph_wide,1,0,14,458,0,0,0
machine_state_setup,graph_wide,1,0,15,541,0,0,1
body_state_setup,graph_wide,1,0,15,416,0,0,0
machine_state_setup,graph_wide,1,0,16,417,0,0,1
body_state_setup,graph_wide,1,0,16,458,0,0,0
machine_state_setup,graph_wide,1,0,17,458,0,0,1
body_state_setup,graph_wide,1,0,17,458,0,0,0
machine_state_setup,graph_wide,1,0,18,416,0,0,1
body_state_setup,graph_wide,1,0,18,458,0,0,0
machine_state_setup,graph_wide,1,0,19,416,0,0,1
body_state_setup,graph_wide,1,0,19,458,0,0,0
machine_state_setup,graph_wide,1,0,20,416,0,0,1
body_state_setup,graph_wide,1,0,20,458,0,0,0
machine_state_setup,graph_wide,1,0,21,375,0,0,1
body_state_setup,graph_wide,1,0,21,458,0,0,0
machine_state_setup,graph_wide,1,0,22,458,0,0,1
body_state_setup,graph_wide,1,0,22,417,0,0,0
machine_state_setup,graph_wide,1,0,23,458,0,0,1
body_state_setup,graph_wide,1,0,23,416,0,0,0
machine_state_setup,graph_wide,1,0,24,416,0,0,1
body_state_setup,graph_wide,1,0,24,458,0,0,0
machine_state_setup,graph_wide,1,0,25,416,0,0,1
body_state_setup,graph_wide,1,0,25,500,0,0,0
machine_state_setup,graph_wide,1,0,26,458,0,0,1
body_state_setup,graph_wide,1,0,26,417,0,0,0
machine_state_setup,graph_wide,1,0,27,417,0,0,1
body_state_setup,graph_wide,1,0,27,458,0,0,0
machine_state_setup,graph_wide,1,0,28,416,0,0,1
body_state_setup,graph_wide,1,0,28,416,0,0,0
machine_state_setup,graph_wide,1,0,29,417,0,0,1
body_state_setup,graph_wide,1,0,29,417,0,0,0
machine_state_setup,graph_wide,1,0,30,459,0,0,1
body_state_setup,graph_wide,1,0,30,417,0,0,0
machine_state_setup,graph_wide,1,0,31,417,0,0,1
body_state_setup,graph_wide,1,0,31,459,0,0,0
machine_state_setup,graph_wide,1,0,32,417,0,0,1
body_state_setup,graph_wide,1,0,32,458,0,0,0
machine_state_setup,graph_wide,1,0,33,500,0,0,1
body_state_setup,graph_wide,1,0,33,458,0,0,0
machine_state_setup,graph_wide,1,0,34,417,0,0,1
body_state_setup,graph_wide,1,0,34,458,0,0,0
machine_state_setup,graph_wide,1,0,35,417,0,0,1
body_state_setup,graph_wide,1,0,35,500,0,0,0
machine_state_setup,graph_wide,1,0,36,417,0,0,1
body_state_setup,graph_wide,1,0,36,458,0,0,0
machine_state_setup,graph_wide,1,0,37,417,0,0,1
body_state_setup,graph_wide,1,0,37,458,0,0,0
machine_state_setup,graph_wide,1,0,38,458,0,0,1
body_state_setup,graph_wide,1,0,38,458,0,0,0
machine_state_setup,graph_wide,1,0,39,500,0,0,1
body_state_setup,graph_wide,1,0,39,500,0,0,0
fixture_generation,graph_sparse,1,0,0,291,0,0,5
fixture_generation,graph_sparse,1,0,1,250,0,0,5
fixture_generation,graph_sparse,1,0,2,250,0,0,5
fixture_generation,graph_sparse,1,0,3,250,0,0,5
fixture_generation,graph_sparse,1,0,4,250,0,0,5
fixture_generation,graph_sparse,1,0,5,250,0,0,5
fixture_generation,graph_sparse,1,0,6,250,0,0,5
fixture_generation,graph_sparse,1,0,7,250,0,0,5
fixture_generation,graph_sparse,1,0,8,250,0,0,5
fixture_generation,graph_sparse,1,0,9,208,0,0,5
fixture_generation,graph_sparse,1,0,10,209,0,0,5
fixture_generation,graph_sparse,1,0,11,208,0,0,5
fixture_generation,graph_sparse,1,0,12,250,0,0,5
fixture_generation,graph_sparse,1,0,13,250,0,0,5
fixture_generation,graph_sparse,1,0,14,250,0,0,5
fixture_generation,graph_sparse,1,0,15,250,0,0,5
fixture_generation,graph_sparse,1,0,16,250,0,0,5
fixture_generation,graph_sparse,1,0,17,250,0,0,5
fixture_generation,graph_sparse,1,0,18,250,0,0,5
fixture_generation,graph_sparse,1,0,19,208,0,0,5
plan_build,graph_sparse,1,0,0,3583,0,0,12
plan_build,graph_sparse,1,0,1,2833,0,0,12
plan_build,graph_sparse,1,0,2,2709,0,0,12
plan_build,graph_sparse,1,0,3,2834,0,0,12
plan_build,graph_sparse,1,0,4,2584,0,0,12
plan_build,graph_sparse,1,0,5,2667,0,0,12
plan_build,graph_sparse,1,0,6,2625,0,0,12
plan_build,graph_sparse,1,0,7,2708,0,0,12
plan_build,graph_sparse,1,0,8,2666,0,0,12
plan_build,graph_sparse,1,0,9,2708,0,0,12
plan_build,graph_sparse,1,0,10,2625,0,0,12
plan_build,graph_sparse,1,0,11,2625,0,0,12
plan_build,graph_sparse,1,0,12,2625,0,0,12
plan_build,graph_sparse,1,0,13,2583,0,0,12
plan_build,graph_sparse,1,0,14,2500,0,0,12
plan_build,graph_sparse,1,0,15,2833,0,0,12
plan_build,graph_sparse,1,0,16,2541,0,0,12
plan_build,graph_sparse,1,0,17,2541,0,0,12
plan_build,graph_sparse,1,0,18,2625,0,0,12
plan_build,graph_sparse,1,0,19,2625,0,0,12
plan_build_alloc,graph_sparse,1,0,0,0,36,6724,12
engine_execution,graph_sparse,1,0,0,11125,0,0,1
engine_execution,graph_sparse,1,0,1,10958,0,0,0
engine_execution,graph_sparse,1,0,2,11208,0,0,3
engine_execution,graph_sparse,1,0,3,10916,0,0,2
engine_execution,graph_sparse,1,0,4,11125,0,0,5
engine_execution,graph_sparse,1,0,5,11292,0,0,4
engine_execution,graph_sparse,1,0,6,11167,0,0,7
engine_execution,graph_sparse,1,0,7,11084,0,0,6
engine_execution,graph_sparse,1,0,8,11375,0,0,9
engine_execution,graph_sparse,1,0,9,10625,0,0,8
engine_execution,graph_sparse,1,0,10,10667,0,0,11
engine_execution,graph_sparse,1,0,11,10709,0,0,10
engine_execution,graph_sparse,1,0,12,11042,0,0,13
engine_execution,graph_sparse,1,0,13,10792,0,0,12
engine_execution,graph_sparse,1,0,14,11042,0,0,15
engine_execution,graph_sparse,1,0,15,10458,0,0,14
engine_execution,graph_sparse,1,0,16,11458,0,0,17
engine_execution,graph_sparse,1,0,17,11333,0,0,16
engine_execution,graph_sparse,1,0,18,10958,0,0,19
engine_execution,graph_sparse,1,0,19,10875,0,0,18
engine_execution,graph_sparse,1,0,20,11125,0,0,21
engine_execution,graph_sparse,1,0,21,11000,0,0,20
engine_execution,graph_sparse,1,0,22,11083,0,0,23
engine_execution,graph_sparse,1,0,23,11000,0,0,22
engine_execution,graph_sparse,1,0,24,11292,0,0,25
engine_execution,graph_sparse,1,0,25,10959,0,0,24
engine_execution,graph_sparse,1,0,26,10917,0,0,27
engine_execution,graph_sparse,1,0,27,10959,0,0,26
engine_execution,graph_sparse,1,0,28,10750,0,0,29
engine_execution,graph_sparse,1,0,29,10833,0,0,28
engine_execution,graph_sparse,1,0,30,11541,0,0,31
engine_execution,graph_sparse,1,0,31,10958,0,0,30
engine_execution,graph_sparse,1,0,32,10958,0,0,33
engine_execution,graph_sparse,1,0,33,10750,0,0,32
engine_execution,graph_sparse,1,0,34,11125,0,0,35
engine_execution,graph_sparse,1,0,35,11041,0,0,34
engine_execution,graph_sparse,1,0,36,10958,0,0,37
engine_execution,graph_sparse,1,0,37,11125,0,0,36
engine_execution,graph_sparse,1,0,38,11000,0,0,39
engine_execution,graph_sparse,1,0,39,11041,0,0,38
engine_execution_alloc,graph_sparse,1,0,0,0,107,11949,23131
machine_state_setup,graph_sparse,1,0,0,500,0,0,1
body_state_setup,graph_sparse,1,0,0,500,0,0,0
machine_state_setup,graph_sparse,1,0,1,500,0,0,1
body_state_setup,graph_sparse,1,0,1,500,0,0,0
machine_state_setup,graph_sparse,1,0,2,459,0,0,1
body_state_setup,graph_sparse,1,0,2,500,0,0,0
machine_state_setup,graph_sparse,1,0,3,375,0,0,1
body_state_setup,graph_sparse,1,0,3,458,0,0,0
machine_state_setup,graph_sparse,1,0,4,458,0,0,1
body_state_setup,graph_sparse,1,0,4,458,0,0,0
machine_state_setup,graph_sparse,1,0,5,458,0,0,1
body_state_setup,graph_sparse,1,0,5,500,0,0,0
machine_state_setup,graph_sparse,1,0,6,458,0,0,1
body_state_setup,graph_sparse,1,0,6,500,0,0,0
machine_state_setup,graph_sparse,1,0,7,416,0,0,1
body_state_setup,graph_sparse,1,0,7,458,0,0,0
machine_state_setup,graph_sparse,1,0,8,417,0,0,1
body_state_setup,graph_sparse,1,0,8,459,0,0,0
machine_state_setup,graph_sparse,1,0,9,417,0,0,1
body_state_setup,graph_sparse,1,0,9,459,0,0,0
machine_state_setup,graph_sparse,1,0,10,459,0,0,1
body_state_setup,graph_sparse,1,0,10,458,0,0,0
machine_state_setup,graph_sparse,1,0,11,417,0,0,1
body_state_setup,graph_sparse,1,0,11,500,0,0,0
machine_state_setup,graph_sparse,1,0,12,416,0,0,1
body_state_setup,graph_sparse,1,0,12,500,0,0,0
machine_state_setup,graph_sparse,1,0,13,416,0,0,1
body_state_setup,graph_sparse,1,0,13,458,0,0,0
machine_state_setup,graph_sparse,1,0,14,458,0,0,1
body_state_setup,graph_sparse,1,0,14,458,0,0,0
machine_state_setup,graph_sparse,1,0,15,417,0,0,1
body_state_setup,graph_sparse,1,0,15,459,0,0,0
machine_state_setup,graph_sparse,1,0,16,375,0,0,1
body_state_setup,graph_sparse,1,0,16,459,0,0,0
machine_state_setup,graph_sparse,1,0,17,417,0,0,1
body_state_setup,graph_sparse,1,0,17,458,0,0,0
machine_state_setup,graph_sparse,1,0,18,500,0,0,1
body_state_setup,graph_sparse,1,0,18,500,0,0,0
machine_state_setup,graph_sparse,1,0,19,500,0,0,1
body_state_setup,graph_sparse,1,0,19,458,0,0,0
machine_state_setup,graph_sparse,1,0,20,500,0,0,1
body_state_setup,graph_sparse,1,0,20,416,0,0,0
machine_state_setup,graph_sparse,1,0,21,458,0,0,1
body_state_setup,graph_sparse,1,0,21,417,0,0,0
machine_state_setup,graph_sparse,1,0,22,417,0,0,1
body_state_setup,graph_sparse,1,0,22,500,0,0,0
machine_state_setup,graph_sparse,1,0,23,416,0,0,1
body_state_setup,graph_sparse,1,0,23,500,0,0,0
machine_state_setup,graph_sparse,1,0,24,416,0,0,1
body_state_setup,graph_sparse,1,0,24,458,0,0,0
machine_state_setup,graph_sparse,1,0,25,458,0,0,1
body_state_setup,graph_sparse,1,0,25,500,0,0,0
machine_state_setup,graph_sparse,1,0,26,583,0,0,1
body_state_setup,graph_sparse,1,0,26,458,0,0,0
machine_state_setup,graph_sparse,1,0,27,458,0,0,1
body_state_setup,graph_sparse,1,0,27,500,0,0,0
machine_state_setup,graph_sparse,1,0,28,417,0,0,1
body_state_setup,graph_sparse,1,0,28,500,0,0,0
machine_state_setup,graph_sparse,1,0,29,417,0,0,1
body_state_setup,graph_sparse,1,0,29,500,0,0,0
machine_state_setup,graph_sparse,1,0,30,417,0,0,1
body_state_setup,graph_sparse,1,0,30,459,0,0,0
machine_state_setup,graph_sparse,1,0,31,417,0,0,1
body_state_setup,graph_sparse,1,0,31,583,0,0,0
machine_state_setup,graph_sparse,1,0,32,625,0,0,1
body_state_setup,graph_sparse,1,0,32,458,0,0,0
machine_state_setup,graph_sparse,1,0,33,416,0,0,1
body_state_setup,graph_sparse,1,0,33,416,0,0,0
machine_state_setup,graph_sparse,1,0,34,416,0,0,1
body_state_setup,graph_sparse,1,0,34,458,0,0,0
machine_state_setup,graph_sparse,1,0,35,500,0,0,1
body_state_setup,graph_sparse,1,0,35,459,0,0,0
machine_state_setup,graph_sparse,1,0,36,417,0,0,1
body_state_setup,graph_sparse,1,0,36,750,0,0,0
machine_state_setup,graph_sparse,1,0,37,500,0,0,1
body_state_setup,graph_sparse,1,0,37,459,0,0,0
machine_state_setup,graph_sparse,1,0,38,417,0,0,1
body_state_setup,graph_sparse,1,0,38,500,0,0,0
machine_state_setup,graph_sparse,1,0,39,417,0,0,1
body_state_setup,graph_sparse,1,0,39,500,0,0,0
fixture_generation,graph_chain,10,9,0,1666,0,0,50
fixture_generation,graph_chain,10,9,1,1583,0,0,50
fixture_generation,graph_chain,10,9,2,1708,0,0,50
fixture_generation,graph_chain,10,9,3,1583,0,0,50
fixture_generation,graph_chain,10,9,4,4291,0,0,50
fixture_generation,graph_chain,10,9,5,1625,0,0,50
fixture_generation,graph_chain,10,9,6,1458,0,0,50
fixture_generation,graph_chain,10,9,7,1459,0,0,50
fixture_generation,graph_chain,10,9,8,1459,0,0,50
fixture_generation,graph_chain,10,9,9,1500,0,0,50
fixture_generation,graph_chain,10,9,10,1458,0,0,50
fixture_generation,graph_chain,10,9,11,1458,0,0,50
fixture_generation,graph_chain,10,9,12,1458,0,0,50
fixture_generation,graph_chain,10,9,13,1458,0,0,50
fixture_generation,graph_chain,10,9,14,1458,0,0,50
fixture_generation,graph_chain,10,9,15,1667,0,0,50
fixture_generation,graph_chain,10,9,16,1459,0,0,50
fixture_generation,graph_chain,10,9,17,1459,0,0,50
fixture_generation,graph_chain,10,9,18,1500,0,0,50
fixture_generation,graph_chain,10,9,19,1500,0,0,50
plan_build,graph_chain,10,9,0,18167,0,0,11
plan_build,graph_chain,10,9,1,15750,0,0,11
plan_build,graph_chain,10,9,2,14000,0,0,11
plan_build,graph_chain,10,9,3,13458,0,0,11
plan_build,graph_chain,10,9,4,13125,0,0,11
plan_build,graph_chain,10,9,5,13334,0,0,11
plan_build,graph_chain,10,9,6,13084,0,0,11
plan_build,graph_chain,10,9,7,13125,0,0,11
plan_build,graph_chain,10,9,8,13417,0,0,11
plan_build,graph_chain,10,9,9,13416,0,0,11
plan_build,graph_chain,10,9,10,13125,0,0,11
plan_build,graph_chain,10,9,11,12917,0,0,11
plan_build,graph_chain,10,9,12,13167,0,0,11
plan_build,graph_chain,10,9,13,13208,0,0,11
plan_build,graph_chain,10,9,14,13042,0,0,11
plan_build,graph_chain,10,9,15,12916,0,0,11
plan_build,graph_chain,10,9,16,12875,0,0,11
plan_build,graph_chain,10,9,17,13125,0,0,11
plan_build,graph_chain,10,9,18,13250,0,0,11
plan_build,graph_chain,10,9,19,13166,0,0,11
plan_build_alloc,graph_chain,10,9,0,0,162,35321,11
engine_execution,graph_chain,10,9,0,34375,0,0,0
engine_execution,graph_chain,10,9,1,34667,0,0,1
engine_execution,graph_chain,10,9,2,35166,0,0,2
engine_execution,graph_chain,10,9,3,34041,0,0,3
engine_execution,graph_chain,10,9,4,35292,0,0,4
engine_execution,graph_chain,10,9,5,34459,0,0,5
engine_execution,graph_chain,10,9,6,35125,0,0,6
engine_execution,graph_chain,10,9,7,34583,0,0,7
engine_execution,graph_chain,10,9,8,34375,0,0,8
engine_execution,graph_chain,10,9,9,34125,0,0,9
engine_execution,graph_chain,10,9,10,34542,0,0,10
engine_execution,graph_chain,10,9,11,37666,0,0,11
engine_execution,graph_chain,10,9,12,34000,0,0,12
engine_execution,graph_chain,10,9,13,34542,0,0,13
engine_execution,graph_chain,10,9,14,35083,0,0,14
engine_execution,graph_chain,10,9,15,61875,0,0,15
engine_execution,graph_chain,10,9,16,64583,0,0,16
engine_execution,graph_chain,10,9,17,63416,0,0,17
engine_execution,graph_chain,10,9,18,63833,0,0,18
engine_execution,graph_chain,10,9,19,64334,0,0,19
engine_execution,graph_chain,10,9,20,63917,0,0,20
engine_execution,graph_chain,10,9,21,63917,0,0,21
engine_execution,graph_chain,10,9,22,64334,0,0,22
engine_execution,graph_chain,10,9,23,64292,0,0,23
engine_execution,graph_chain,10,9,24,64750,0,0,24
engine_execution,graph_chain,10,9,25,67750,0,0,25
engine_execution,graph_chain,10,9,26,63667,0,0,26
engine_execution,graph_chain,10,9,27,63875,0,0,27
engine_execution,graph_chain,10,9,28,64834,0,0,28
engine_execution,graph_chain,10,9,29,64583,0,0,29
engine_execution,graph_chain,10,9,30,65458,0,0,30
engine_execution,graph_chain,10,9,31,64042,0,0,31
engine_execution,graph_chain,10,9,32,64583,0,0,32
engine_execution,graph_chain,10,9,33,64459,0,0,33
engine_execution,graph_chain,10,9,34,64417,0,0,34
engine_execution,graph_chain,10,9,35,64292,0,0,35
engine_execution,graph_chain,10,9,36,64125,0,0,36
engine_execution,graph_chain,10,9,37,63417,0,0,37
engine_execution,graph_chain,10,9,38,66000,0,0,38
engine_execution,graph_chain,10,9,39,64166,0,0,39
engine_execution_alloc,graph_chain,10,9,0,0,589,46368,23130
machine_state_setup,graph_chain,10,9,0,2041,0,0,10
body_state_setup,graph_chain,10,9,0,875,0,0,0
machine_state_setup,graph_chain,10,9,1,1583,0,0,10
body_state_setup,graph_chain,10,9,1,625,0,0,0
machine_state_setup,graph_chain,10,9,2,1542,0,0,10
body_state_setup,graph_chain,10,9,2,500,0,0,0
machine_state_setup,graph_chain,10,9,3,1458,0,0,10
body_state_setup,graph_chain,10,9,3,459,0,0,0
machine_state_setup,graph_chain,10,9,4,1458,0,0,10
body_state_setup,graph_chain,10,9,4,541,0,0,0
machine_state_setup,graph_chain,10,9,5,1458,0,0,10
body_state_setup,graph_chain,10,9,5,500,0,0,0
machine_state_setup,graph_chain,10,9,6,1459,0,0,10
body_state_setup,graph_chain,10,9,6,542,0,0,0
machine_state_setup,graph_chain,10,9,7,1458,0,0,10
body_state_setup,graph_chain,10,9,7,500,0,0,0
machine_state_setup,graph_chain,10,9,8,1458,0,0,10
body_state_setup,graph_chain,10,9,8,500,0,0,0
machine_state_setup,graph_chain,10,9,9,1458,0,0,10
body_state_setup,graph_chain,10,9,9,500,0,0,0
machine_state_setup,graph_chain,10,9,10,1458,0,0,10
body_state_setup,graph_chain,10,9,10,500,0,0,0
machine_state_setup,graph_chain,10,9,11,1458,0,0,10
body_state_setup,graph_chain,10,9,11,542,0,0,0
machine_state_setup,graph_chain,10,9,12,1417,0,0,10
body_state_setup,graph_chain,10,9,12,459,0,0,0
machine_state_setup,graph_chain,10,9,13,1458,0,0,10
body_state_setup,graph_chain,10,9,13,500,0,0,0
machine_state_setup,graph_chain,10,9,14,1458,0,0,10
body_state_setup,graph_chain,10,9,14,500,0,0,0
machine_state_setup,graph_chain,10,9,15,1458,0,0,10
body_state_setup,graph_chain,10,9,15,500,0,0,0
machine_state_setup,graph_chain,10,9,16,1459,0,0,10
body_state_setup,graph_chain,10,9,16,542,0,0,0
machine_state_setup,graph_chain,10,9,17,1416,0,0,10
body_state_setup,graph_chain,10,9,17,500,0,0,0
machine_state_setup,graph_chain,10,9,18,1584,0,0,10
body_state_setup,graph_chain,10,9,18,459,0,0,0
machine_state_setup,graph_chain,10,9,19,1417,0,0,10
body_state_setup,graph_chain,10,9,19,500,0,0,0
machine_state_setup,graph_chain,10,9,20,1458,0,0,10
body_state_setup,graph_chain,10,9,20,458,0,0,0
machine_state_setup,graph_chain,10,9,21,1417,0,0,10
body_state_setup,graph_chain,10,9,21,500,0,0,0
machine_state_setup,graph_chain,10,9,22,1458,0,0,10
body_state_setup,graph_chain,10,9,22,500,0,0,0
machine_state_setup,graph_chain,10,9,23,1417,0,0,10
body_state_setup,graph_chain,10,9,23,500,0,0,0
machine_state_setup,graph_chain,10,9,24,1458,0,0,10
body_state_setup,graph_chain,10,9,24,458,0,0,0
machine_state_setup,graph_chain,10,9,25,1416,0,0,10
body_state_setup,graph_chain,10,9,25,500,0,0,0
machine_state_setup,graph_chain,10,9,26,1458,0,0,10
body_state_setup,graph_chain,10,9,26,500,0,0,0
machine_state_setup,graph_chain,10,9,27,1417,0,0,10
body_state_setup,graph_chain,10,9,27,458,0,0,0
machine_state_setup,graph_chain,10,9,28,1458,0,0,10
body_state_setup,graph_chain,10,9,28,458,0,0,0
machine_state_setup,graph_chain,10,9,29,1416,0,0,10
body_state_setup,graph_chain,10,9,29,583,0,0,0
machine_state_setup,graph_chain,10,9,30,1458,0,0,10
body_state_setup,graph_chain,10,9,30,459,0,0,0
machine_state_setup,graph_chain,10,9,31,1667,0,0,10
body_state_setup,graph_chain,10,9,31,500,0,0,0
machine_state_setup,graph_chain,10,9,32,1583,0,0,10
body_state_setup,graph_chain,10,9,32,459,0,0,0
machine_state_setup,graph_chain,10,9,33,1417,0,0,10
body_state_setup,graph_chain,10,9,33,500,0,0,0
machine_state_setup,graph_chain,10,9,34,1458,0,0,10
body_state_setup,graph_chain,10,9,34,500,0,0,0
machine_state_setup,graph_chain,10,9,35,1417,0,0,10
body_state_setup,graph_chain,10,9,35,459,0,0,0
machine_state_setup,graph_chain,10,9,36,1542,0,0,10
body_state_setup,graph_chain,10,9,36,500,0,0,0
machine_state_setup,graph_chain,10,9,37,1459,0,0,10
body_state_setup,graph_chain,10,9,37,500,0,0,0
machine_state_setup,graph_chain,10,9,38,1375,0,0,10
body_state_setup,graph_chain,10,9,38,500,0,0,0
machine_state_setup,graph_chain,10,9,39,1416,0,0,10
body_state_setup,graph_chain,10,9,39,500,0,0,0
pure_machine_events_preseeded,graph_chain,10,9,0,21209,0,0,10
pure_machine_events_preseeded,graph_chain,10,9,1,19459,0,0,10
pure_machine_events_preseeded,graph_chain,10,9,2,19125,0,0,10
pure_machine_events_preseeded,graph_chain,10,9,3,18875,0,0,10
pure_machine_events_preseeded,graph_chain,10,9,4,19084,0,0,10
pure_machine_events_preseeded,graph_chain,10,9,5,18917,0,0,10
pure_machine_events_preseeded,graph_chain,10,9,6,18750,0,0,10
pure_machine_events_preseeded,graph_chain,10,9,7,19125,0,0,10
pure_machine_events_preseeded,graph_chain,10,9,8,19041,0,0,10
pure_machine_events_preseeded,graph_chain,10,9,9,18833,0,0,10
pure_machine_events_preseeded,graph_chain,10,9,10,18667,0,0,10
pure_machine_events_preseeded,graph_chain,10,9,11,18667,0,0,10
pure_machine_events_preseeded,graph_chain,10,9,12,18750,0,0,10
pure_machine_events_preseeded,graph_chain,10,9,13,18584,0,0,10
pure_machine_events_preseeded,graph_chain,10,9,14,19042,0,0,10
pure_machine_events_preseeded,graph_chain,10,9,15,18791,0,0,10
pure_machine_events_preseeded,graph_chain,10,9,16,18875,0,0,10
pure_machine_events_preseeded,graph_chain,10,9,17,19042,0,0,10
pure_machine_events_preseeded,graph_chain,10,9,18,21292,0,0,10
pure_machine_events_preseeded,graph_chain,10,9,19,18959,0,0,10
pure_machine_events_preseeded,graph_chain,10,9,20,19292,0,0,10
pure_machine_events_preseeded,graph_chain,10,9,21,10625,0,0,10
pure_machine_events_preseeded,graph_chain,10,9,22,10042,0,0,10
pure_machine_events_preseeded,graph_chain,10,9,23,9958,0,0,10
pure_machine_events_preseeded,graph_chain,10,9,24,10083,0,0,10
pure_machine_events_preseeded,graph_chain,10,9,25,9959,0,0,10
pure_machine_events_preseeded,graph_chain,10,9,26,10083,0,0,10
pure_machine_events_preseeded,graph_chain,10,9,27,10084,0,0,10
pure_machine_events_preseeded,graph_chain,10,9,28,10125,0,0,10
pure_machine_events_preseeded,graph_chain,10,9,29,12042,0,0,10
pure_machine_events_preseeded,graph_chain,10,9,30,10292,0,0,10
pure_machine_events_preseeded,graph_chain,10,9,31,10209,0,0,10
pure_machine_events_preseeded,graph_chain,10,9,32,10041,0,0,10
pure_machine_events_preseeded,graph_chain,10,9,33,11334,0,0,10
pure_machine_events_preseeded,graph_chain,10,9,34,10000,0,0,10
pure_machine_events_preseeded,graph_chain,10,9,35,10125,0,0,10
pure_machine_events_preseeded,graph_chain,10,9,36,10000,0,0,10
pure_machine_events_preseeded,graph_chain,10,9,37,10041,0,0,10
pure_machine_events_preseeded,graph_chain,10,9,38,10000,0,0,10
pure_machine_events_preseeded,graph_chain,10,9,39,24125,0,0,10
fixture_generation,graph_wide,10,9,0,959,0,0,50
fixture_generation,graph_wide,10,9,1,833,0,0,50
fixture_generation,graph_wide,10,9,2,792,0,0,50
fixture_generation,graph_wide,10,9,3,709,0,0,50
fixture_generation,graph_wide,10,9,4,750,0,0,50
fixture_generation,graph_wide,10,9,5,750,0,0,50
fixture_generation,graph_wide,10,9,6,750,0,0,50
fixture_generation,graph_wide,10,9,7,709,0,0,50
fixture_generation,graph_wide,10,9,8,750,0,0,50
fixture_generation,graph_wide,10,9,9,708,0,0,50
fixture_generation,graph_wide,10,9,10,750,0,0,50
fixture_generation,graph_wide,10,9,11,750,0,0,50
fixture_generation,graph_wide,10,9,12,709,0,0,50
fixture_generation,graph_wide,10,9,13,750,0,0,50
fixture_generation,graph_wide,10,9,14,750,0,0,50
fixture_generation,graph_wide,10,9,15,750,0,0,50
fixture_generation,graph_wide,10,9,16,750,0,0,50
fixture_generation,graph_wide,10,9,17,750,0,0,50
fixture_generation,graph_wide,10,9,18,750,0,0,50
fixture_generation,graph_wide,10,9,19,917,0,0,50
plan_build,graph_wide,10,9,0,15375,0,0,10
plan_build,graph_wide,10,9,1,16125,0,0,10
plan_build,graph_wide,10,9,2,13417,0,0,10
plan_build,graph_wide,10,9,3,8292,0,0,10
plan_build,graph_wide,10,9,4,7166,0,0,10
plan_build,graph_wide,10,9,5,6917,0,0,10
plan_build,graph_wide,10,9,6,6917,0,0,10
plan_build,graph_wide,10,9,7,7000,0,0,10
plan_build,graph_wide,10,9,8,6916,0,0,10
plan_build,graph_wide,10,9,9,7125,0,0,10
plan_build,graph_wide,10,9,10,7125,0,0,10
plan_build,graph_wide,10,9,11,7166,0,0,10
plan_build,graph_wide,10,9,12,6958,0,0,10
plan_build,graph_wide,10,9,13,6958,0,0,10
plan_build,graph_wide,10,9,14,6875,0,0,10
plan_build,graph_wide,10,9,15,8000,0,0,10
plan_build,graph_wide,10,9,16,8209,0,0,10
plan_build,graph_wide,10,9,17,6958,0,0,10
plan_build,graph_wide,10,9,18,7250,0,0,10
plan_build,graph_wide,10,9,19,7083,0,0,10
plan_build_alloc,graph_wide,10,9,0,0,156,35255,10
engine_execution,graph_wide,10,9,0,33000,0,0,8
engine_execution,graph_wide,10,9,1,32958,0,0,9
engine_execution,graph_wide,10,9,2,32917,0,0,10
engine_execution,graph_wide,10,9,3,32959,0,0,11
engine_execution,graph_wide,10,9,4,32542,0,0,12
engine_execution,graph_wide,10,9,5,33291,0,0,13
engine_execution,graph_wide,10,9,6,32750,0,0,14
engine_execution,graph_wide,10,9,7,32958,0,0,15
engine_execution,graph_wide,10,9,8,33000,0,0,0
engine_execution,graph_wide,10,9,9,34167,0,0,1
engine_execution,graph_wide,10,9,10,33167,0,0,2
engine_execution,graph_wide,10,9,11,33167,0,0,3
engine_execution,graph_wide,10,9,12,32792,0,0,4
engine_execution,graph_wide,10,9,13,33583,0,0,5
engine_execution,graph_wide,10,9,14,34083,0,0,6
engine_execution,graph_wide,10,9,15,33583,0,0,7
engine_execution,graph_wide,10,9,16,33291,0,0,24
engine_execution,graph_wide,10,9,17,33708,0,0,25
engine_execution,graph_wide,10,9,18,32833,0,0,26
engine_execution,graph_wide,10,9,19,33167,0,0,27
engine_execution,graph_wide,10,9,20,33125,0,0,28
engine_execution,graph_wide,10,9,21,33583,0,0,29
engine_execution,graph_wide,10,9,22,33167,0,0,30
engine_execution,graph_wide,10,9,23,33500,0,0,31
engine_execution,graph_wide,10,9,24,35250,0,0,16
engine_execution,graph_wide,10,9,25,35500,0,0,17
engine_execution,graph_wide,10,9,26,35334,0,0,18
engine_execution,graph_wide,10,9,27,35167,0,0,19
engine_execution,graph_wide,10,9,28,35583,0,0,20
engine_execution,graph_wide,10,9,29,35625,0,0,21
engine_execution,graph_wide,10,9,30,35042,0,0,22
engine_execution,graph_wide,10,9,31,36333,0,0,23
engine_execution,graph_wide,10,9,32,35833,0,0,40
engine_execution,graph_wide,10,9,33,35958,0,0,41
engine_execution,graph_wide,10,9,34,35541,0,0,42
engine_execution,graph_wide,10,9,35,35375,0,0,43
engine_execution,graph_wide,10,9,36,35416,0,0,44
engine_execution,graph_wide,10,9,37,35667,0,0,45
engine_execution,graph_wide,10,9,38,34959,0,0,46
engine_execution,graph_wide,10,9,39,34959,0,0,47
engine_execution_alloc,graph_wide,10,9,0,0,572,48287,23122
machine_state_setup,graph_wide,10,9,0,1125,0,0,10
body_state_setup,graph_wide,10,9,0,584,0,0,0
machine_state_setup,graph_wide,10,9,1,875,0,0,10
body_state_setup,graph_wide,10,9,1,333,0,0,0
machine_state_setup,graph_wide,10,9,2,875,0,0,10
body_state_setup,graph_wide,10,9,2,291,0,0,0
machine_state_setup,graph_wide,10,9,3,833,0,0,10
body_state_setup,graph_wide,10,9,3,333,0,0,0
machine_state_setup,graph_wide,10,9,4,833,0,0,10
body_state_setup,graph_wide,10,9,4,250,0,0,0
machine_state_setup,graph_wide,10,9,5,833,0,0,10
body_state_setup,graph_wide,10,9,5,250,0,0,0
machine_state_setup,graph_wide,10,9,6,834,0,0,10
body_state_setup,graph_wide,10,9,6,250,0,0,0
machine_state_setup,graph_wide,10,9,7,875,0,0,10
body_state_setup,graph_wide,10,9,7,291,0,0,0
machine_state_setup,graph_wide,10,9,8,833,0,0,10
body_state_setup,graph_wide,10,9,8,292,0,0,0
machine_state_setup,graph_wide,10,9,9,834,0,0,10
body_state_setup,graph_wide,10,9,9,334,0,0,0
machine_state_setup,graph_wide,10,9,10,833,0,0,10
body_state_setup,graph_wide,10,9,10,291,0,0,0
machine_state_setup,graph_wide,10,9,11,833,0,0,10
body_state_setup,graph_wide,10,9,11,292,0,0,0
machine_state_setup,graph_wide,10,9,12,875,0,0,10
body_state_setup,graph_wide,10,9,12,250,0,0,0
machine_state_setup,graph_wide,10,9,13,875,0,0,10
body_state_setup,graph_wide,10,9,13,292,0,0,0
machine_state_setup,graph_wide,10,9,14,834,0,0,10
body_state_setup,graph_wide,10,9,14,334,0,0,0
machine_state_setup,graph_wide,10,9,15,792,0,0,10
body_state_setup,graph_wide,10,9,15,291,0,0,0
machine_state_setup,graph_wide,10,9,16,792,0,0,10
body_state_setup,graph_wide,10,9,16,250,0,0,0
machine_state_setup,graph_wide,10,9,17,833,0,0,10
body_state_setup,graph_wide,10,9,17,250,0,0,0
machine_state_setup,graph_wide,10,9,18,791,0,0,10
body_state_setup,graph_wide,10,9,18,292,0,0,0
machine_state_setup,graph_wide,10,9,19,875,0,0,10
body_state_setup,graph_wide,10,9,19,250,0,0,0
machine_state_setup,graph_wide,10,9,20,792,0,0,10
body_state_setup,graph_wide,10,9,20,292,0,0,0
machine_state_setup,graph_wide,10,9,21,791,0,0,10
body_state_setup,graph_wide,10,9,21,292,0,0,0
machine_state_setup,graph_wide,10,9,22,833,0,0,10
body_state_setup,graph_wide,10,9,22,250,0,0,0
machine_state_setup,graph_wide,10,9,23,875,0,0,10
body_state_setup,graph_wide,10,9,23,292,0,0,0
machine_state_setup,graph_wide,10,9,24,791,0,0,10
body_state_setup,graph_wide,10,9,24,250,0,0,0
machine_state_setup,graph_wide,10,9,25,916,0,0,10
body_state_setup,graph_wide,10,9,25,292,0,0,0
machine_state_setup,graph_wide,10,9,26,959,0,0,10
body_state_setup,graph_wide,10,9,26,250,0,0,0
machine_state_setup,graph_wide,10,9,27,792,0,0,10
body_state_setup,graph_wide,10,9,27,292,0,0,0
machine_state_setup,graph_wide,10,9,28,791,0,0,10
body_state_setup,graph_wide,10,9,28,250,0,0,0
machine_state_setup,graph_wide,10,9,29,791,0,0,10
body_state_setup,graph_wide,10,9,29,250,0,0,0
machine_state_setup,graph_wide,10,9,30,834,0,0,10
body_state_setup,graph_wide,10,9,30,292,0,0,0
machine_state_setup,graph_wide,10,9,31,791,0,0,10
body_state_setup,graph_wide,10,9,31,292,0,0,0
machine_state_setup,graph_wide,10,9,32,834,0,0,10
body_state_setup,graph_wide,10,9,32,250,0,0,0
machine_state_setup,graph_wide,10,9,33,833,0,0,10
body_state_setup,graph_wide,10,9,33,250,0,0,0
machine_state_setup,graph_wide,10,9,34,833,0,0,10
body_state_setup,graph_wide,10,9,34,291,0,0,0
machine_state_setup,graph_wide,10,9,35,834,0,0,10
body_state_setup,graph_wide,10,9,35,250,0,0,0
machine_state_setup,graph_wide,10,9,36,833,0,0,10
body_state_setup,graph_wide,10,9,36,250,0,0,0
machine_state_setup,graph_wide,10,9,37,833,0,0,10
body_state_setup,graph_wide,10,9,37,333,0,0,0
machine_state_setup,graph_wide,10,9,38,833,0,0,10
body_state_setup,graph_wide,10,9,38,250,0,0,0
machine_state_setup,graph_wide,10,9,39,792,0,0,10
body_state_setup,graph_wide,10,9,39,250,0,0,0
fixture_generation,graph_sparse,10,9,0,1000,0,0,50
fixture_generation,graph_sparse,10,9,1,875,0,0,50
fixture_generation,graph_sparse,10,9,2,834,0,0,50
fixture_generation,graph_sparse,10,9,3,792,0,0,50
fixture_generation,graph_sparse,10,9,4,791,0,0,50
fixture_generation,graph_sparse,10,9,5,792,0,0,50
fixture_generation,graph_sparse,10,9,6,792,0,0,50
fixture_generation,graph_sparse,10,9,7,833,0,0,50
fixture_generation,graph_sparse,10,9,8,792,0,0,50
fixture_generation,graph_sparse,10,9,9,792,0,0,50
fixture_generation,graph_sparse,10,9,10,791,0,0,50
fixture_generation,graph_sparse,10,9,11,792,0,0,50
fixture_generation,graph_sparse,10,9,12,792,0,0,50
fixture_generation,graph_sparse,10,9,13,833,0,0,50
fixture_generation,graph_sparse,10,9,14,792,0,0,50
fixture_generation,graph_sparse,10,9,15,834,0,0,50
fixture_generation,graph_sparse,10,9,16,792,0,0,50
fixture_generation,graph_sparse,10,9,17,833,0,0,50
fixture_generation,graph_sparse,10,9,18,792,0,0,50
fixture_generation,graph_sparse,10,9,19,833,0,0,50
plan_build,graph_sparse,10,9,0,11500,0,0,12
plan_build,graph_sparse,10,9,1,8291,0,0,12
plan_build,graph_sparse,10,9,2,7583,0,0,12
plan_build,graph_sparse,10,9,3,7375,0,0,12
plan_build,graph_sparse,10,9,4,7375,0,0,12
plan_build,graph_sparse,10,9,5,7542,0,0,12
plan_build,graph_sparse,10,9,6,7541,0,0,12
plan_build,graph_sparse,10,9,7,7417,0,0,12
plan_build,graph_sparse,10,9,8,7459,0,0,12
plan_build,graph_sparse,10,9,9,7500,0,0,12
plan_build,graph_sparse,10,9,10,7458,0,0,12
plan_build,graph_sparse,10,9,11,7250,0,0,12
plan_build,graph_sparse,10,9,12,7291,0,0,12
plan_build,graph_sparse,10,9,13,7333,0,0,12
plan_build,graph_sparse,10,9,14,7417,0,0,12
plan_build,graph_sparse,10,9,15,7209,0,0,12
plan_build,graph_sparse,10,9,16,7375,0,0,12
plan_build,graph_sparse,10,9,17,7292,0,0,12
plan_build,graph_sparse,10,9,18,7292,0,0,12
plan_build,graph_sparse,10,9,19,7375,0,0,12
plan_build_alloc,graph_sparse,10,9,0,0,158,35195,12
engine_execution,graph_sparse,10,9,0,55000,0,0,13
engine_execution,graph_sparse,10,9,1,55875,0,0,12
engine_execution,graph_sparse,10,9,2,54500,0,0,15
engine_execution,graph_sparse,10,9,3,54666,0,0,14
engine_execution,graph_sparse,10,9,4,54583,0,0,9
engine_execution,graph_sparse,10,9,5,55500,0,0,8
engine_execution,graph_sparse,10,9,6,54625,0,0,11
engine_execution,graph_sparse,10,9,7,54208,0,0,10
engine_execution,graph_sparse,10,9,8,54333,0,0,5
engine_execution,graph_sparse,10,9,9,54750,0,0,4
engine_execution,graph_sparse,10,9,10,54792,0,0,7
engine_execution,graph_sparse,10,9,11,54500,0,0,6
engine_execution,graph_sparse,10,9,12,54083,0,0,1
engine_execution,graph_sparse,10,9,13,54041,0,0,0
engine_execution,graph_sparse,10,9,14,54458,0,0,3
engine_execution,graph_sparse,10,9,15,54000,0,0,2
engine_execution,graph_sparse,10,9,16,54125,0,0,29
engine_execution,graph_sparse,10,9,17,54291,0,0,28
engine_execution,graph_sparse,10,9,18,54083,0,0,31
engine_execution,graph_sparse,10,9,19,54166,0,0,30
engine_execution,graph_sparse,10,9,20,54458,0,0,25
engine_execution,graph_sparse,10,9,21,54584,0,0,24
engine_execution,graph_sparse,10,9,22,53625,0,0,27
engine_execution,graph_sparse,10,9,23,54333,0,0,26
engine_execution,graph_sparse,10,9,24,53833,0,0,21
engine_execution,graph_sparse,10,9,25,54333,0,0,20
engine_execution,graph_sparse,10,9,26,54250,0,0,23
engine_execution,graph_sparse,10,9,27,53750,0,0,22
engine_execution,graph_sparse,10,9,28,54334,0,0,17
engine_execution,graph_sparse,10,9,29,53208,0,0,16
engine_execution,graph_sparse,10,9,30,54875,0,0,19
engine_execution,graph_sparse,10,9,31,54208,0,0,18
engine_execution,graph_sparse,10,9,32,54125,0,0,45
engine_execution,graph_sparse,10,9,33,53958,0,0,44
engine_execution,graph_sparse,10,9,34,55083,0,0,47
engine_execution,graph_sparse,10,9,35,53708,0,0,46
engine_execution,graph_sparse,10,9,36,53792,0,0,41
engine_execution,graph_sparse,10,9,37,53125,0,0,40
engine_execution,graph_sparse,10,9,38,53875,0,0,43
engine_execution,graph_sparse,10,9,39,54750,0,0,42
engine_execution_alloc,graph_sparse,10,9,0,0,581,47329,23127
machine_state_setup,graph_sparse,10,9,0,1291,0,0,10
body_state_setup,graph_sparse,10,9,0,708,0,0,0
machine_state_setup,graph_sparse,10,9,1,1250,0,0,10
body_state_setup,graph_sparse,10,9,1,458,0,0,0
machine_state_setup,graph_sparse,10,9,2,1250,0,0,10
body_state_setup,graph_sparse,10,9,2,459,0,0,0
machine_state_setup,graph_sparse,10,9,3,1250,0,0,10
body_state_setup,graph_sparse,10,9,3,458,0,0,0
machine_state_setup,graph_sparse,10,9,4,1250,0,0,10
body_state_setup,graph_sparse,10,9,4,458,0,0,0
machine_state_setup,graph_sparse,10,9,5,1208,0,0,10
body_state_setup,graph_sparse,10,9,5,416,0,0,0
machine_state_setup,graph_sparse,10,9,6,1250,0,0,10
body_state_setup,graph_sparse,10,9,6,500,0,0,0
machine_state_setup,graph_sparse,10,9,7,1208,0,0,10
body_state_setup,graph_sparse,10,9,7,416,0,0,0
machine_state_setup,graph_sparse,10,9,8,1250,0,0,10
body_state_setup,graph_sparse,10,9,8,417,0,0,0
machine_state_setup,graph_sparse,10,9,9,1167,0,0,10
body_state_setup,graph_sparse,10,9,9,417,0,0,0
machine_state_setup,graph_sparse,10,9,10,1250,0,0,10
body_state_setup,graph_sparse,10,9,10,375,0,0,0
machine_state_setup,graph_sparse,10,9,11,1208,0,0,10
body_state_setup,graph_sparse,10,9,11,417,0,0,0
machine_state_setup,graph_sparse,10,9,12,1250,0,0,10
body_state_setup,graph_sparse,10,9,12,417,0,0,0
machine_state_setup,graph_sparse,10,9,13,1208,0,0,10
body_state_setup,graph_sparse,10,9,13,417,0,0,0
machine_state_setup,graph_sparse,10,9,14,1208,0,0,10
body_state_setup,graph_sparse,10,9,14,500,0,0,0
machine_state_setup,graph_sparse,10,9,15,1209,0,0,10
body_state_setup,graph_sparse,10,9,15,417,0,0,0
machine_state_setup,graph_sparse,10,9,16,1208,0,0,10
body_state_setup,graph_sparse,10,9,16,458,0,0,0
machine_state_setup,graph_sparse,10,9,17,1208,0,0,10
body_state_setup,graph_sparse,10,9,17,417,0,0,0
machine_state_setup,graph_sparse,10,9,18,1208,0,0,10
body_state_setup,graph_sparse,10,9,18,458,0,0,0
machine_state_setup,graph_sparse,10,9,19,1208,0,0,10
body_state_setup,graph_sparse,10,9,19,416,0,0,0
machine_state_setup,graph_sparse,10,9,20,1208,0,0,10
body_state_setup,graph_sparse,10,9,20,416,0,0,0
machine_state_setup,graph_sparse,10,9,21,1208,0,0,10
body_state_setup,graph_sparse,10,9,21,458,0,0,0
machine_state_setup,graph_sparse,10,9,22,1166,0,0,10
body_state_setup,graph_sparse,10,9,22,458,0,0,0
machine_state_setup,graph_sparse,10,9,23,1208,0,0,10
body_state_setup,graph_sparse,10,9,23,416,0,0,0
machine_state_setup,graph_sparse,10,9,24,1208,0,0,10
body_state_setup,graph_sparse,10,9,24,417,0,0,0
machine_state_setup,graph_sparse,10,9,25,1250,0,0,10
body_state_setup,graph_sparse,10,9,25,458,0,0,0
machine_state_setup,graph_sparse,10,9,26,1208,0,0,10
body_state_setup,graph_sparse,10,9,26,417,0,0,0
machine_state_setup,graph_sparse,10,9,27,1250,0,0,10
body_state_setup,graph_sparse,10,9,27,417,0,0,0
machine_state_setup,graph_sparse,10,9,28,1250,0,0,10
body_state_setup,graph_sparse,10,9,28,417,0,0,0
machine_state_setup,graph_sparse,10,9,29,1250,0,0,10
body_state_setup,graph_sparse,10,9,29,416,0,0,0
machine_state_setup,graph_sparse,10,9,30,1208,0,0,10
body_state_setup,graph_sparse,10,9,30,416,0,0,0
machine_state_setup,graph_sparse,10,9,31,1250,0,0,10
body_state_setup,graph_sparse,10,9,31,416,0,0,0
machine_state_setup,graph_sparse,10,9,32,1208,0,0,10
body_state_setup,graph_sparse,10,9,32,500,0,0,0
machine_state_setup,graph_sparse,10,9,33,1250,0,0,10
body_state_setup,graph_sparse,10,9,33,417,0,0,0
machine_state_setup,graph_sparse,10,9,34,1250,0,0,10
body_state_setup,graph_sparse,10,9,34,417,0,0,0
machine_state_setup,graph_sparse,10,9,35,1208,0,0,10
body_state_setup,graph_sparse,10,9,35,417,0,0,0
machine_state_setup,graph_sparse,10,9,36,1208,0,0,10
body_state_setup,graph_sparse,10,9,36,416,0,0,0
machine_state_setup,graph_sparse,10,9,37,1250,0,0,10
body_state_setup,graph_sparse,10,9,37,416,0,0,0
machine_state_setup,graph_sparse,10,9,38,1208,0,0,10
body_state_setup,graph_sparse,10,9,38,417,0,0,0
machine_state_setup,graph_sparse,10,9,39,1250,0,0,10
body_state_setup,graph_sparse,10,9,39,458,0,0,0
fixture_generation,graph_chain,100,99,0,11709,0,0,500
fixture_generation,graph_chain,100,99,1,11375,0,0,500
fixture_generation,graph_chain,100,99,2,11083,0,0,500
fixture_generation,graph_chain,100,99,3,11208,0,0,500
fixture_generation,graph_chain,100,99,4,11291,0,0,500
fixture_generation,graph_chain,100,99,5,12083,0,0,500
fixture_generation,graph_chain,100,99,6,11625,0,0,500
fixture_generation,graph_chain,100,99,7,11542,0,0,500
fixture_generation,graph_chain,100,99,8,11167,0,0,500
fixture_generation,graph_chain,100,99,9,11209,0,0,500
fixture_generation,graph_chain,100,99,10,11375,0,0,500
fixture_generation,graph_chain,100,99,11,11208,0,0,500
fixture_generation,graph_chain,100,99,12,11125,0,0,500
fixture_generation,graph_chain,100,99,13,11333,0,0,500
fixture_generation,graph_chain,100,99,14,11208,0,0,500
fixture_generation,graph_chain,100,99,15,11125,0,0,500
fixture_generation,graph_chain,100,99,16,11291,0,0,500
fixture_generation,graph_chain,100,99,17,11333,0,0,500
fixture_generation,graph_chain,100,99,18,11208,0,0,500
fixture_generation,graph_chain,100,99,19,11375,0,0,500
plan_build,graph_chain,100,99,0,141375,0,0,11
plan_build,graph_chain,100,99,1,117917,0,0,11
plan_build,graph_chain,100,99,2,107542,0,0,11
plan_build,graph_chain,100,99,3,106041,0,0,11
plan_build,graph_chain,100,99,4,110542,0,0,11
plan_build,graph_chain,100,99,5,105458,0,0,11
plan_build,graph_chain,100,99,6,105792,0,0,11
plan_build,graph_chain,100,99,7,105667,0,0,11
plan_build,graph_chain,100,99,8,106417,0,0,11
plan_build,graph_chain,100,99,9,104500,0,0,11
plan_build,graph_chain,100,99,10,106417,0,0,11
plan_build,graph_chain,100,99,11,106250,0,0,11
plan_build,graph_chain,100,99,12,109791,0,0,11
plan_build,graph_chain,100,99,13,105333,0,0,11
plan_build,graph_chain,100,99,14,106083,0,0,11
plan_build,graph_chain,100,99,15,92959,0,0,11
plan_build,graph_chain,100,99,16,92584,0,0,11
plan_build,graph_chain,100,99,17,91750,0,0,11
plan_build,graph_chain,100,99,18,93083,0,0,11
plan_build,graph_chain,100,99,19,92125,0,0,11
plan_build_alloc,graph_chain,100,99,0,0,1269,304543,11
engine_execution,graph_chain,100,99,0,515917,0,0,1
engine_execution,graph_chain,100,99,1,507125,0,0,0
engine_execution,graph_chain,100,99,2,431625,0,0,3
engine_execution,graph_chain,100,99,3,467584,0,0,2
engine_execution,graph_chain,100,99,4,458250,0,0,5
engine_execution,graph_chain,100,99,5,465667,0,0,4
engine_execution,graph_chain,100,99,6,455291,0,0,7
engine_execution,graph_chain,100,99,7,432917,0,0,6
engine_execution,graph_chain,100,99,8,463209,0,0,9
engine_execution,graph_chain,100,99,9,466750,0,0,8
engine_execution,graph_chain,100,99,10,460250,0,0,11
engine_execution,graph_chain,100,99,11,465875,0,0,10
engine_execution,graph_chain,100,99,12,462666,0,0,13
engine_execution,graph_chain,100,99,13,469292,0,0,12
engine_execution,graph_chain,100,99,14,462917,0,0,15
engine_execution,graph_chain,100,99,15,436792,0,0,14
engine_execution,graph_chain,100,99,16,427375,0,0,17
engine_execution,graph_chain,100,99,17,430750,0,0,16
engine_execution,graph_chain,100,99,18,429583,0,0,19
engine_execution,graph_chain,100,99,19,431334,0,0,18
engine_execution,graph_chain,100,99,20,426125,0,0,21
engine_execution,graph_chain,100,99,21,429292,0,0,20
engine_execution,graph_chain,100,99,22,426542,0,0,23
engine_execution,graph_chain,100,99,23,430584,0,0,22
engine_execution,graph_chain,100,99,24,431500,0,0,25
engine_execution,graph_chain,100,99,25,430125,0,0,24
engine_execution,graph_chain,100,99,26,429333,0,0,27
engine_execution,graph_chain,100,99,27,434250,0,0,26
engine_execution,graph_chain,100,99,28,426084,0,0,29
engine_execution,graph_chain,100,99,29,405958,0,0,28
engine_execution,graph_chain,100,99,30,397833,0,0,31
engine_execution,graph_chain,100,99,31,401625,0,0,30
engine_execution,graph_chain,100,99,32,397083,0,0,33
engine_execution,graph_chain,100,99,33,404042,0,0,32
engine_execution,graph_chain,100,99,34,401166,0,0,35
engine_execution,graph_chain,100,99,35,403417,0,0,34
engine_execution,graph_chain,100,99,36,399708,0,0,37
engine_execution,graph_chain,100,99,37,400625,0,0,36
engine_execution,graph_chain,100,99,38,404458,0,0,39
engine_execution,graph_chain,100,99,39,402333,0,0,38
engine_execution_alloc,graph_chain,100,99,0,0,5366,523200,23131
machine_state_setup,graph_chain,100,99,0,6583,0,0,100
body_state_setup,graph_chain,100,99,0,542,0,0,0
machine_state_setup,graph_chain,100,99,1,6417,0,0,100
body_state_setup,graph_chain,100,99,1,500,0,0,0
machine_state_setup,graph_chain,100,99,2,6417,0,0,100
body_state_setup,graph_chain,100,99,2,375,0,0,0
machine_state_setup,graph_chain,100,99,3,6417,0,0,100
body_state_setup,graph_chain,100,99,3,417,0,0,0
machine_state_setup,graph_chain,100,99,4,6542,0,0,100
body_state_setup,graph_chain,100,99,4,375,0,0,0
machine_state_setup,graph_chain,100,99,5,6417,0,0,100
body_state_setup,graph_chain,100,99,5,416,0,0,0
machine_state_setup,graph_chain,100,99,6,6333,0,0,100
body_state_setup,graph_chain,100,99,6,458,0,0,0
machine_state_setup,graph_chain,100,99,7,6334,0,0,100
body_state_setup,graph_chain,100,99,7,375,0,0,0
machine_state_setup,graph_chain,100,99,8,6333,0,0,100
body_state_setup,graph_chain,100,99,8,625,0,0,0
machine_state_setup,graph_chain,100,99,9,6292,0,0,100
body_state_setup,graph_chain,100,99,9,375,0,0,0
machine_state_setup,graph_chain,100,99,10,6292,0,0,100
body_state_setup,graph_chain,100,99,10,416,0,0,0
machine_state_setup,graph_chain,100,99,11,6334,0,0,100
body_state_setup,graph_chain,100,99,11,375,0,0,0
machine_state_setup,graph_chain,100,99,12,6334,0,0,100
body_state_setup,graph_chain,100,99,12,625,0,0,0
machine_state_setup,graph_chain,100,99,13,6333,0,0,100
body_state_setup,graph_chain,100,99,13,417,0,0,0
machine_state_setup,graph_chain,100,99,14,6291,0,0,100
body_state_setup,graph_chain,100,99,14,375,0,0,0
machine_state_setup,graph_chain,100,99,15,6333,0,0,100
body_state_setup,graph_chain,100,99,15,416,0,0,0
machine_state_setup,graph_chain,100,99,16,6375,0,0,100
body_state_setup,graph_chain,100,99,16,375,0,0,0
machine_state_setup,graph_chain,100,99,17,6334,0,0,100
body_state_setup,graph_chain,100,99,17,375,0,0,0
machine_state_setup,graph_chain,100,99,18,6333,0,0,100
body_state_setup,graph_chain,100,99,18,375,0,0,0
machine_state_setup,graph_chain,100,99,19,6292,0,0,100
body_state_setup,graph_chain,100,99,19,375,0,0,0
machine_state_setup,graph_chain,100,99,20,6334,0,0,100
body_state_setup,graph_chain,100,99,20,375,0,0,0
machine_state_setup,graph_chain,100,99,21,6333,0,0,100
body_state_setup,graph_chain,100,99,21,375,0,0,0
machine_state_setup,graph_chain,100,99,22,6333,0,0,100
body_state_setup,graph_chain,100,99,22,417,0,0,0
machine_state_setup,graph_chain,100,99,23,6375,0,0,100
body_state_setup,graph_chain,100,99,23,375,0,0,0
machine_state_setup,graph_chain,100,99,24,6375,0,0,100
body_state_setup,graph_chain,100,99,24,375,0,0,0
machine_state_setup,graph_chain,100,99,25,6334,0,0,100
body_state_setup,graph_chain,100,99,25,375,0,0,0
machine_state_setup,graph_chain,100,99,26,6291,0,0,100
body_state_setup,graph_chain,100,99,26,375,0,0,0
machine_state_setup,graph_chain,100,99,27,6333,0,0,100
body_state_setup,graph_chain,100,99,27,375,0,0,0
machine_state_setup,graph_chain,100,99,28,6417,0,0,100
body_state_setup,graph_chain,100,99,28,333,0,0,0
machine_state_setup,graph_chain,100,99,29,6291,0,0,100
body_state_setup,graph_chain,100,99,29,417,0,0,0
machine_state_setup,graph_chain,100,99,30,6292,0,0,100
body_state_setup,graph_chain,100,99,30,792,0,0,0
machine_state_setup,graph_chain,100,99,31,6458,0,0,100
body_state_setup,graph_chain,100,99,31,375,0,0,0
machine_state_setup,graph_chain,100,99,32,6417,0,0,100
body_state_setup,graph_chain,100,99,32,416,0,0,0
machine_state_setup,graph_chain,100,99,33,6333,0,0,100
body_state_setup,graph_chain,100,99,33,375,0,0,0
machine_state_setup,graph_chain,100,99,34,6291,0,0,100
body_state_setup,graph_chain,100,99,34,375,0,0,0
machine_state_setup,graph_chain,100,99,35,6292,0,0,100
body_state_setup,graph_chain,100,99,35,375,0,0,0
machine_state_setup,graph_chain,100,99,36,6416,0,0,100
body_state_setup,graph_chain,100,99,36,333,0,0,0
machine_state_setup,graph_chain,100,99,37,6417,0,0,100
body_state_setup,graph_chain,100,99,37,375,0,0,0
machine_state_setup,graph_chain,100,99,38,6500,0,0,100
body_state_setup,graph_chain,100,99,38,375,0,0,0
machine_state_setup,graph_chain,100,99,39,6334,0,0,100
body_state_setup,graph_chain,100,99,39,375,0,0,0
pure_machine_events_preseeded,graph_chain,100,99,0,160541,0,0,101
pure_machine_events_preseeded,graph_chain,100,99,1,159709,0,0,101
pure_machine_events_preseeded,graph_chain,100,99,2,156709,0,0,101
pure_machine_events_preseeded,graph_chain,100,99,3,157500,0,0,101
pure_machine_events_preseeded,graph_chain,100,99,4,153625,0,0,101
pure_machine_events_preseeded,graph_chain,100,99,5,147583,0,0,101
pure_machine_events_preseeded,graph_chain,100,99,6,149292,0,0,101
pure_machine_events_preseeded,graph_chain,100,99,7,147834,0,0,101
pure_machine_events_preseeded,graph_chain,100,99,8,147292,0,0,101
pure_machine_events_preseeded,graph_chain,100,99,9,147209,0,0,101
pure_machine_events_preseeded,graph_chain,100,99,10,147625,0,0,101
pure_machine_events_preseeded,graph_chain,100,99,11,148209,0,0,101
pure_machine_events_preseeded,graph_chain,100,99,12,147458,0,0,101
pure_machine_events_preseeded,graph_chain,100,99,13,147250,0,0,101
pure_machine_events_preseeded,graph_chain,100,99,14,147917,0,0,101
pure_machine_events_preseeded,graph_chain,100,99,15,146625,0,0,101
pure_machine_events_preseeded,graph_chain,100,99,16,145875,0,0,101
pure_machine_events_preseeded,graph_chain,100,99,17,146625,0,0,101
pure_machine_events_preseeded,graph_chain,100,99,18,146209,0,0,101
pure_machine_events_preseeded,graph_chain,100,99,19,146542,0,0,101
pure_machine_events_preseeded,graph_chain,100,99,20,146875,0,0,101
pure_machine_events_preseeded,graph_chain,100,99,21,151667,0,0,101
pure_machine_events_preseeded,graph_chain,100,99,22,152625,0,0,101
pure_machine_events_preseeded,graph_chain,100,99,23,147250,0,0,101
pure_machine_events_preseeded,graph_chain,100,99,24,172500,0,0,101
pure_machine_events_preseeded,graph_chain,100,99,25,157083,0,0,101
pure_machine_events_preseeded,graph_chain,100,99,26,155083,0,0,101
pure_machine_events_preseeded,graph_chain,100,99,27,154750,0,0,101
pure_machine_events_preseeded,graph_chain,100,99,28,150667,0,0,101
pure_machine_events_preseeded,graph_chain,100,99,29,148583,0,0,101
pure_machine_events_preseeded,graph_chain,100,99,30,148584,0,0,101
pure_machine_events_preseeded,graph_chain,100,99,31,149166,0,0,101
pure_machine_events_preseeded,graph_chain,100,99,32,148667,0,0,101
pure_machine_events_preseeded,graph_chain,100,99,33,148459,0,0,101
pure_machine_events_preseeded,graph_chain,100,99,34,148792,0,0,101
pure_machine_events_preseeded,graph_chain,100,99,35,148542,0,0,101
pure_machine_events_preseeded,graph_chain,100,99,36,149167,0,0,101
pure_machine_events_preseeded,graph_chain,100,99,37,149542,0,0,101
pure_machine_events_preseeded,graph_chain,100,99,38,148875,0,0,101
pure_machine_events_preseeded,graph_chain,100,99,39,148667,0,0,101
fixture_generation,graph_wide,100,99,0,7000,0,0,500
fixture_generation,graph_wide,100,99,1,6959,0,0,500
fixture_generation,graph_wide,100,99,2,6875,0,0,500
fixture_generation,graph_wide,100,99,3,6875,0,0,500
fixture_generation,graph_wide,100,99,4,6917,0,0,500
fixture_generation,graph_wide,100,99,5,6875,0,0,500
fixture_generation,graph_wide,100,99,6,6875,0,0,500
fixture_generation,graph_wide,100,99,7,6917,0,0,500
fixture_generation,graph_wide,100,99,8,6917,0,0,500
fixture_generation,graph_wide,100,99,9,6875,0,0,500
fixture_generation,graph_wide,100,99,10,6917,0,0,500
fixture_generation,graph_wide,100,99,11,6875,0,0,500
fixture_generation,graph_wide,100,99,12,6875,0,0,500
fixture_generation,graph_wide,100,99,13,6917,0,0,500
fixture_generation,graph_wide,100,99,14,6875,0,0,500
fixture_generation,graph_wide,100,99,15,6917,0,0,500
fixture_generation,graph_wide,100,99,16,6875,0,0,500
fixture_generation,graph_wide,100,99,17,6875,0,0,500
fixture_generation,graph_wide,100,99,18,6875,0,0,500
fixture_generation,graph_wide,100,99,19,6875,0,0,500
plan_build,graph_wide,100,99,0,93583,0,0,10
plan_build,graph_wide,100,99,1,71833,0,0,10
plan_build,graph_wide,100,99,2,70416,0,0,10
plan_build,graph_wide,100,99,3,69417,0,0,10
plan_build,graph_wide,100,99,4,69375,0,0,10
plan_build,graph_wide,100,99,5,68417,0,0,10
plan_build,graph_wide,100,99,6,66291,0,0,10
plan_build,graph_wide,100,99,7,64917,0,0,10
plan_build,graph_wide,100,99,8,65708,0,0,10
plan_build,graph_wide,100,99,9,65208,0,0,10
plan_build,graph_wide,100,99,10,68208,0,0,10
plan_build,graph_wide,100,99,11,64625,0,0,10
plan_build,graph_wide,100,99,12,65667,0,0,10
plan_build,graph_wide,100,99,13,64791,0,0,10
plan_build,graph_wide,100,99,14,65750,0,0,10
plan_build,graph_wide,100,99,15,64458,0,0,10
plan_build,graph_wide,100,99,16,65541,0,0,10
plan_build,graph_wide,100,99,17,64292,0,0,10
plan_build,graph_wide,100,99,18,65167,0,0,10
plan_build,graph_wide,100,99,19,64458,0,0,10
plan_build_alloc,graph_wide,100,99,0,0,1176,303389,10
engine_execution,graph_wide,100,99,0,298916,0,0,98
engine_execution,graph_wide,100,99,1,301958,0,0,99
engine_execution,graph_wide,100,99,2,300167,0,0,96
engine_execution,graph_wide,100,99,3,297542,0,0,97
engine_execution,graph_wide,100,99,4,301083,0,0,102
engine_execution,graph_wide,100,99,5,300167,0,0,103
engine_execution,graph_wide,100,99,6,298458,0,0,100
engine_execution,graph_wide,100,99,7,304541,0,0,101
engine_execution,graph_wide,100,99,8,287667,0,0,106
engine_execution,graph_wide,100,99,9,288125,0,0,107
engine_execution,graph_wide,100,99,10,284625,0,0,104
engine_execution,graph_wide,100,99,11,293000,0,0,105
engine_execution,graph_wide,100,99,12,285708,0,0,110
engine_execution,graph_wide,100,99,13,286500,0,0,111
engine_execution,graph_wide,100,99,14,286125,0,0,108
engine_execution,graph_wide,100,99,15,284833,0,0,109
engine_execution,graph_wide,100,99,16,284458,0,0,114
engine_execution,graph_wide,100,99,17,286125,0,0,115
engine_execution,graph_wide,100,99,18,285041,0,0,112
engine_execution,graph_wide,100,99,19,288208,0,0,113
engine_execution,graph_wide,100,99,20,282125,0,0,118
engine_execution,graph_wide,100,99,21,284292,0,0,119
engine_execution,graph_wide,100,99,22,272583,0,0,116
engine_execution,graph_wide,100,99,23,272916,0,0,117
engine_execution,graph_wide,100,99,24,274417,0,0,122
engine_execution,graph_wide,100,99,25,276084,0,0,123
engine_execution,graph_wide,100,99,26,276209,0,0,120
engine_execution,graph_wide,100,99,27,274667,0,0,121
engine_execution,graph_wide,100,99,28,272791,0,0,126
engine_execution,graph_wide,100,99,29,274500,0,0,127
engine_execution,graph_wide,100,99,30,274208,0,0,124
engine_execution,graph_wide,100,99,31,291583,0,0,125
engine_execution,graph_wide,100,99,32,274875,0,0,66
engine_execution,graph_wide,100,99,33,274667,0,0,67
engine_execution,graph_wide,100,99,34,273416,0,0,64
engine_execution,graph_wide,100,99,35,273583,0,0,65
engine_execution,graph_wide,100,99,36,276458,0,0,70
engine_execution,graph_wide,100,99,37,274292,0,0,71
engine_execution,graph_wide,100,99,38,275458,0,0,68
engine_execution,graph_wide,100,99,39,278125,0,0,69
engine_execution_alloc,graph_wide,100,99,0,0,5094,478431,23096
machine_state_setup,graph_wide,100,99,0,5875,0,0,100
body_state_setup,graph_wide,100,99,0,625,0,0,0
machine_state_setup,graph_wide,100,99,1,5292,0,0,100
body_state_setup,graph_wide,100,99,1,416,0,0,0
machine_state_setup,graph_wide,100,99,2,5667,0,0,100
body_state_setup,graph_wide,100,99,2,375,0,0,0
machine_state_setup,graph_wide,100,99,3,5167,0,0,100
body_state_setup,graph_wide,100,99,3,375,0,0,0
machine_state_setup,graph_wide,100,99,4,5208,0,0,100
body_state_setup,graph_wide,100,99,4,416,0,0,0
machine_state_setup,graph_wide,100,99,5,5208,0,0,100
body_state_setup,graph_wide,100,99,5,375,0,0,0
machine_state_setup,graph_wide,100,99,6,5250,0,0,100
body_state_setup,graph_wide,100,99,6,291,0,0,0
machine_state_setup,graph_wide,100,99,7,5292,0,0,100
body_state_setup,graph_wide,100,99,7,458,0,0,0
machine_state_setup,graph_wide,100,99,8,5292,0,0,100
body_state_setup,graph_wide,100,99,8,292,0,0,0
machine_state_setup,graph_wide,100,99,9,5625,0,0,100
body_state_setup,graph_wide,100,99,9,333,0,0,0
machine_state_setup,graph_wide,100,99,10,5375,0,0,100
body_state_setup,graph_wide,100,99,10,291,0,0,0
machine_state_setup,graph_wide,100,99,11,5250,0,0,100
body_state_setup,graph_wide,100,99,11,250,0,0,0
machine_state_setup,graph_wide,100,99,12,5250,0,0,100
body_state_setup,graph_wide,100,99,12,333,0,0,0
machine_state_setup,graph_wide,100,99,13,5417,0,0,100
body_state_setup,graph_wide,100,99,13,292,0,0,0
machine_state_setup,graph_wide,100,99,14,5291,0,0,100
body_state_setup,graph_wide,100,99,14,292,0,0,0
machine_state_setup,graph_wide,100,99,15,5291,0,0,100
body_state_setup,graph_wide,100,99,15,292,0,0,0
machine_state_setup,graph_wide,100,99,16,5250,0,0,100
body_state_setup,graph_wide,100,99,16,291,0,0,0
machine_state_setup,graph_wide,100,99,17,5333,0,0,100
body_state_setup,graph_wide,100,99,17,292,0,0,0
machine_state_setup,graph_wide,100,99,18,5250,0,0,100
body_state_setup,graph_wide,100,99,18,250,0,0,0
machine_state_setup,graph_wide,100,99,19,5250,0,0,100
body_state_setup,graph_wide,100,99,19,292,0,0,0
machine_state_setup,graph_wide,100,99,20,5250,0,0,100
body_state_setup,graph_wide,100,99,20,333,0,0,0
machine_state_setup,graph_wide,100,99,21,5291,0,0,100
body_state_setup,graph_wide,100,99,21,250,0,0,0
machine_state_setup,graph_wide,100,99,22,5291,0,0,100
body_state_setup,graph_wide,100,99,22,334,0,0,0
machine_state_setup,graph_wide,100,99,23,5292,0,0,100
body_state_setup,graph_wide,100,99,23,291,0,0,0
machine_state_setup,graph_wide,100,99,24,5250,0,0,100
body_state_setup,graph_wide,100,99,24,291,0,0,0
machine_state_setup,graph_wide,100,99,25,5375,0,0,100
body_state_setup,graph_wide,100,99,25,333,0,0,0
machine_state_setup,graph_wide,100,99,26,5292,0,0,100
body_state_setup,graph_wide,100,99,26,292,0,0,0
machine_state_setup,graph_wide,100,99,27,5250,0,0,100
body_state_setup,graph_wide,100,99,27,375,0,0,0
machine_state_setup,graph_wide,100,99,28,5250,0,0,100
body_state_setup,graph_wide,100,99,28,291,0,0,0
machine_state_setup,graph_wide,100,99,29,5250,0,0,100
body_state_setup,graph_wide,100,99,29,291,0,0,0
machine_state_setup,graph_wide,100,99,30,5250,0,0,100
body_state_setup,graph_wide,100,99,30,375,0,0,0
machine_state_setup,graph_wide,100,99,31,5333,0,0,100
body_state_setup,graph_wide,100,99,31,250,0,0,0
machine_state_setup,graph_wide,100,99,32,5208,0,0,100
body_state_setup,graph_wide,100,99,32,291,0,0,0
machine_state_setup,graph_wide,100,99,33,5333,0,0,100
body_state_setup,graph_wide,100,99,33,292,0,0,0
machine_state_setup,graph_wide,100,99,34,5250,0,0,100
body_state_setup,graph_wide,100,99,34,250,0,0,0
machine_state_setup,graph_wide,100,99,35,5583,0,0,100
body_state_setup,graph_wide,100,99,35,292,0,0,0
machine_state_setup,graph_wide,100,99,36,5292,0,0,100
body_state_setup,graph_wide,100,99,36,333,0,0,0
machine_state_setup,graph_wide,100,99,37,5250,0,0,100
body_state_setup,graph_wide,100,99,37,333,0,0,0
machine_state_setup,graph_wide,100,99,38,5250,0,0,100
body_state_setup,graph_wide,100,99,38,292,0,0,0
machine_state_setup,graph_wide,100,99,39,5250,0,0,100
body_state_setup,graph_wide,100,99,39,333,0,0,0
fixture_generation,graph_sparse,100,99,0,6375,0,0,500
fixture_generation,graph_sparse,100,99,1,6500,0,0,500
fixture_generation,graph_sparse,100,99,2,6375,0,0,500
fixture_generation,graph_sparse,100,99,3,6375,0,0,500
fixture_generation,graph_sparse,100,99,4,6250,0,0,500
fixture_generation,graph_sparse,100,99,5,6333,0,0,500
fixture_generation,graph_sparse,100,99,6,6250,0,0,500
fixture_generation,graph_sparse,100,99,7,6291,0,0,500
fixture_generation,graph_sparse,100,99,8,6292,0,0,500
fixture_generation,graph_sparse,100,99,9,6375,0,0,500
fixture_generation,graph_sparse,100,99,10,6250,0,0,500
fixture_generation,graph_sparse,100,99,11,6250,0,0,500
fixture_generation,graph_sparse,100,99,12,6250,0,0,500
fixture_generation,graph_sparse,100,99,13,6458,0,0,500
fixture_generation,graph_sparse,100,99,14,6375,0,0,500
fixture_generation,graph_sparse,100,99,15,6416,0,0,500
fixture_generation,graph_sparse,100,99,16,6250,0,0,500
fixture_generation,graph_sparse,100,99,17,6375,0,0,500
fixture_generation,graph_sparse,100,99,18,6417,0,0,500
fixture_generation,graph_sparse,100,99,19,6375,0,0,500
plan_build,graph_sparse,100,99,0,69583,0,0,12
plan_build,graph_sparse,100,99,1,61166,0,0,12
plan_build,graph_sparse,100,99,2,57083,0,0,12
plan_build,graph_sparse,100,99,3,56208,0,0,12
plan_build,graph_sparse,100,99,4,56958,0,0,12
plan_build,graph_sparse,100,99,5,57000,0,0,12
plan_build,graph_sparse,100,99,6,56875,0,0,12
plan_build,graph_sparse,100,99,7,56500,0,0,12
plan_build,graph_sparse,100,99,8,57458,0,0,12
plan_build,graph_sparse,100,99,9,56583,0,0,12
plan_build,graph_sparse,100,99,10,56917,0,0,12
plan_build,graph_sparse,100,99,11,56875,0,0,12
plan_build,graph_sparse,100,99,12,56708,0,0,12
plan_build,graph_sparse,100,99,13,56625,0,0,12
plan_build,graph_sparse,100,99,14,57125,0,0,12
plan_build,graph_sparse,100,99,15,57417,0,0,12
plan_build,graph_sparse,100,99,16,57375,0,0,12
plan_build,graph_sparse,100,99,17,56334,0,0,12
plan_build,graph_sparse,100,99,18,56334,0,0,12
plan_build,graph_sparse,100,99,19,56541,0,0,12
plan_build_alloc,graph_sparse,100,99,0,0,1220,302977,12
engine_execution,graph_sparse,100,99,0,286958,0,0,71
engine_execution,graph_sparse,100,99,1,291584,0,0,70
engine_execution,graph_sparse,100,99,2,290500,0,0,69
engine_execution,graph_sparse,100,99,3,290083,0,0,68
engine_execution,graph_sparse,100,99,4,288750,0,0,67
engine_execution,graph_sparse,100,99,5,289833,0,0,66
engine_execution,graph_sparse,100,99,6,292917,0,0,65
engine_execution,graph_sparse,100,99,7,291875,0,0,64
engine_execution,graph_sparse,100,99,8,287083,0,0,79
engine_execution,graph_sparse,100,99,9,284708,0,0,78
engine_execution,graph_sparse,100,99,10,285458,0,0,77
engine_execution,graph_sparse,100,99,11,285125,0,0,76
engine_execution,graph_sparse,100,99,12,286625,0,0,75
engine_execution,graph_sparse,100,99,13,288042,0,0,74
engine_execution,graph_sparse,100,99,14,285333,0,0,73
engine_execution,graph_sparse,100,99,15,287459,0,0,72
engine_execution,graph_sparse,100,99,16,286292,0,0,87
engine_execution,graph_sparse,100,99,17,287708,0,0,86
engine_execution,graph_sparse,100,99,18,284375,0,0,85
engine_execution,graph_sparse,100,99,19,285959,0,0,84
engine_execution,graph_sparse,100,99,20,287500,0,0,83
engine_execution,graph_sparse,100,99,21,287583,0,0,82
engine_execution,graph_sparse,100,99,22,281500,0,0,81
engine_execution,graph_sparse,100,99,23,296250,0,0,80
engine_execution,graph_sparse,100,99,24,280292,0,0,95
engine_execution,graph_sparse,100,99,25,279500,0,0,94
engine_execution,graph_sparse,100,99,26,278667,0,0,93
engine_execution,graph_sparse,100,99,27,285542,0,0,92
engine_execution,graph_sparse,100,99,28,278375,0,0,91
engine_execution,graph_sparse,100,99,29,280125,0,0,90
engine_execution,graph_sparse,100,99,30,279666,0,0,89
engine_execution,graph_sparse,100,99,31,280583,0,0,88
engine_execution,graph_sparse,100,99,32,286625,0,0,103
engine_execution,graph_sparse,100,99,33,279958,0,0,102
engine_execution,graph_sparse,100,99,34,278708,0,0,101
engine_execution,graph_sparse,100,99,35,279459,0,0,100
engine_execution,graph_sparse,100,99,36,275834,0,0,99
engine_execution,graph_sparse,100,99,37,296292,0,0,98
engine_execution,graph_sparse,100,99,38,390916,0,0,97
engine_execution,graph_sparse,100,99,39,294250,0,0,96
engine_execution_alloc,graph_sparse,100,99,0,0,5270,504353,23069
machine_state_setup,graph_sparse,100,99,0,5292,0,0,100
body_state_setup,graph_sparse,100,99,0,459,0,0,0
machine_state_setup,graph_sparse,100,99,1,5167,0,0,100
body_state_setup,graph_sparse,100,99,1,375,0,0,0
machine_state_setup,graph_sparse,100,99,2,5125,0,0,100
body_state_setup,graph_sparse,100,99,2,333,0,0,0
machine_state_setup,graph_sparse,100,99,3,5041,0,0,100
body_state_setup,graph_sparse,100,99,3,292,0,0,0
machine_state_setup,graph_sparse,100,99,4,4959,0,0,100
body_state_setup,graph_sparse,100,99,4,292,0,0,0
machine_state_setup,graph_sparse,100,99,5,5125,0,0,100
body_state_setup,graph_sparse,100,99,5,291,0,0,0
machine_state_setup,graph_sparse,100,99,6,5042,0,0,100
body_state_setup,graph_sparse,100,99,6,292,0,0,0
machine_state_setup,graph_sparse,100,99,7,5000,0,0,100
body_state_setup,graph_sparse,100,99,7,292,0,0,0
machine_state_setup,graph_sparse,100,99,8,5041,0,0,100
body_state_setup,graph_sparse,100,99,8,292,0,0,0
machine_state_setup,graph_sparse,100,99,9,4959,0,0,100
body_state_setup,graph_sparse,100,99,9,250,0,0,0
machine_state_setup,graph_sparse,100,99,10,5125,0,0,100
body_state_setup,graph_sparse,100,99,10,333,0,0,0
machine_state_setup,graph_sparse,100,99,11,5084,0,0,100
body_state_setup,graph_sparse,100,99,11,250,0,0,0
machine_state_setup,graph_sparse,100,99,12,5083,0,0,100
body_state_setup,graph_sparse,100,99,12,250,0,0,0
machine_state_setup,graph_sparse,100,99,13,5083,0,0,100
body_state_setup,graph_sparse,100,99,13,291,0,0,0
machine_state_setup,graph_sparse,100,99,14,5042,0,0,100
body_state_setup,graph_sparse,100,99,14,292,0,0,0
machine_state_setup,graph_sparse,100,99,15,5125,0,0,100
body_state_setup,graph_sparse,100,99,15,250,0,0,0
machine_state_setup,graph_sparse,100,99,16,5084,0,0,100
body_state_setup,graph_sparse,100,99,16,292,0,0,0
machine_state_setup,graph_sparse,100,99,17,5083,0,0,100
body_state_setup,graph_sparse,100,99,17,333,0,0,0
machine_state_setup,graph_sparse,100,99,18,5084,0,0,100
body_state_setup,graph_sparse,100,99,18,292,0,0,0
machine_state_setup,graph_sparse,100,99,19,5125,0,0,100
body_state_setup,graph_sparse,100,99,19,292,0,0,0
machine_state_setup,graph_sparse,100,99,20,5083,0,0,100
body_state_setup,graph_sparse,100,99,20,250,0,0,0
machine_state_setup,graph_sparse,100,99,21,5084,0,0,100
body_state_setup,graph_sparse,100,99,21,291,0,0,0
machine_state_setup,graph_sparse,100,99,22,5042,0,0,100
body_state_setup,graph_sparse,100,99,22,250,0,0,0
machine_state_setup,graph_sparse,100,99,23,5083,0,0,100
body_state_setup,graph_sparse,100,99,23,334,0,0,0
machine_state_setup,graph_sparse,100,99,24,5084,0,0,100
body_state_setup,graph_sparse,100,99,24,292,0,0,0
machine_state_setup,graph_sparse,100,99,25,5083,0,0,100
body_state_setup,graph_sparse,100,99,25,250,0,0,0
machine_state_setup,graph_sparse,100,99,26,5041,0,0,100
body_state_setup,graph_sparse,100,99,26,334,0,0,0
machine_state_setup,graph_sparse,100,99,27,5083,0,0,100
body_state_setup,graph_sparse,100,99,27,291,0,0,0
machine_state_setup,graph_sparse,100,99,28,5083,0,0,100
body_state_setup,graph_sparse,100,99,28,292,0,0,0
machine_state_setup,graph_sparse,100,99,29,16417,0,0,100
body_state_setup,graph_sparse,100,99,29,333,0,0,0
machine_state_setup,graph_sparse,100,99,30,4917,0,0,100
body_state_setup,graph_sparse,100,99,30,292,0,0,0
machine_state_setup,graph_sparse,100,99,31,5041,0,0,100
body_state_setup,graph_sparse,100,99,31,292,0,0,0
machine_state_setup,graph_sparse,100,99,32,4916,0,0,100
body_state_setup,graph_sparse,100,99,32,250,0,0,0
machine_state_setup,graph_sparse,100,99,33,4916,0,0,100
body_state_setup,graph_sparse,100,99,33,292,0,0,0
machine_state_setup,graph_sparse,100,99,34,4916,0,0,100
body_state_setup,graph_sparse,100,99,34,292,0,0,0
machine_state_setup,graph_sparse,100,99,35,5000,0,0,100
body_state_setup,graph_sparse,100,99,35,250,0,0,0
machine_state_setup,graph_sparse,100,99,36,6500,0,0,100
body_state_setup,graph_sparse,100,99,36,292,0,0,0
machine_state_setup,graph_sparse,100,99,37,5041,0,0,100
body_state_setup,graph_sparse,100,99,37,250,0,0,0
machine_state_setup,graph_sparse,100,99,38,5166,0,0,100
body_state_setup,graph_sparse,100,99,38,334,0,0,0
machine_state_setup,graph_sparse,100,99,39,5041,0,0,100
body_state_setup,graph_sparse,100,99,39,292,0,0,0
fixture_generation,graph_chain,1000,999,0,56583,0,0,5000
fixture_generation,graph_chain,1000,999,1,57166,0,0,5000
fixture_generation,graph_chain,1000,999,2,57416,0,0,5000
fixture_generation,graph_chain,1000,999,3,59875,0,0,5000
fixture_generation,graph_chain,1000,999,4,62958,0,0,5000
fixture_generation,graph_chain,1000,999,5,56875,0,0,5000
fixture_generation,graph_chain,1000,999,6,55667,0,0,5000
fixture_generation,graph_chain,1000,999,7,55625,0,0,5000
fixture_generation,graph_chain,1000,999,8,55125,0,0,5000
fixture_generation,graph_chain,1000,999,9,55500,0,0,5000
fixture_generation,graph_chain,1000,999,10,55791,0,0,5000
fixture_generation,graph_chain,1000,999,11,55500,0,0,5000
fixture_generation,graph_chain,1000,999,12,53791,0,0,5000
fixture_generation,graph_chain,1000,999,13,53667,0,0,5000
fixture_generation,graph_chain,1000,999,14,54541,0,0,5000
fixture_generation,graph_chain,1000,999,15,54500,0,0,5000
fixture_generation,graph_chain,1000,999,16,54583,0,0,5000
fixture_generation,graph_chain,1000,999,17,54542,0,0,5000
fixture_generation,graph_chain,1000,999,18,54541,0,0,5000
fixture_generation,graph_chain,1000,999,19,54500,0,0,5000
plan_build,graph_chain,1000,999,0,1569417,0,0,11
plan_build,graph_chain,1000,999,1,1402792,0,0,11
plan_build,graph_chain,1000,999,2,1415458,0,0,11
plan_build,graph_chain,1000,999,3,1402375,0,0,11
plan_build,graph_chain,1000,999,4,1397750,0,0,11
plan_build,graph_chain,1000,999,5,1423167,0,0,11
plan_build,graph_chain,1000,999,6,1431209,0,0,11
plan_build,graph_chain,1000,999,7,1430584,0,0,11
plan_build,graph_chain,1000,999,8,1440459,0,0,11
plan_build,graph_chain,1000,999,9,1477250,0,0,11
plan_build,graph_chain,1000,999,10,1525875,0,0,11
plan_build,graph_chain,1000,999,11,1441834,0,0,11
plan_build,graph_chain,1000,999,12,1445875,0,0,11
plan_build,graph_chain,1000,999,13,1440083,0,0,11
plan_build,graph_chain,1000,999,14,1442042,0,0,11
plan_build,graph_chain,1000,999,15,1432750,0,0,11
plan_build,graph_chain,1000,999,16,1430292,0,0,11
plan_build,graph_chain,1000,999,17,1433208,0,0,11
plan_build,graph_chain,1000,999,18,1437625,0,0,11
plan_build,graph_chain,1000,999,19,1474750,0,0,11
plan_build_alloc,graph_chain,1000,999,0,0,12096,2527259,11
engine_execution,graph_chain,1000,999,0,13869667,0,0,1
engine_execution,graph_chain,1000,999,1,13486042,0,0,0
engine_execution,graph_chain,1000,999,2,13987833,0,0,3
engine_execution,graph_chain,1000,999,3,13760833,0,0,2
engine_execution,graph_chain,1000,999,4,13453250,0,0,5
engine_execution,graph_chain,1000,999,5,12994875,0,0,4
engine_execution,graph_chain,1000,999,6,13047000,0,0,7
engine_execution,graph_chain,1000,999,7,13214750,0,0,6
engine_execution,graph_chain,1000,999,8,13217000,0,0,9
engine_execution,graph_chain,1000,999,9,12172000,0,0,8
engine_execution,graph_chain,1000,999,10,12215083,0,0,11
engine_execution,graph_chain,1000,999,11,12328917,0,0,10
engine_execution,graph_chain,1000,999,12,12221459,0,0,13
engine_execution,graph_chain,1000,999,13,12012875,0,0,12
engine_execution,graph_chain,1000,999,14,12070792,0,0,15
engine_execution,graph_chain,1000,999,15,12439875,0,0,14
engine_execution,graph_chain,1000,999,16,12728917,0,0,17
engine_execution,graph_chain,1000,999,17,12668000,0,0,16
engine_execution,graph_chain,1000,999,18,12674583,0,0,19
engine_execution,graph_chain,1000,999,19,12868666,0,0,18
engine_execution,graph_chain,1000,999,20,12908416,0,0,21
engine_execution,graph_chain,1000,999,21,12122500,0,0,20
engine_execution,graph_chain,1000,999,22,11871917,0,0,23
engine_execution,graph_chain,1000,999,23,11827208,0,0,22
engine_execution,graph_chain,1000,999,24,11988292,0,0,25
engine_execution,graph_chain,1000,999,25,11935125,0,0,24
engine_execution,graph_chain,1000,999,26,11835000,0,0,27
engine_execution,graph_chain,1000,999,27,12409625,0,0,26
engine_execution,graph_chain,1000,999,28,12272625,0,0,29
engine_execution,graph_chain,1000,999,29,11859125,0,0,28
engine_execution,graph_chain,1000,999,30,12150083,0,0,31
engine_execution,graph_chain,1000,999,31,12276834,0,0,30
engine_execution,graph_chain,1000,999,32,12209542,0,0,33
engine_execution,graph_chain,1000,999,33,12071000,0,0,32
engine_execution,graph_chain,1000,999,34,12558458,0,0,35
engine_execution,graph_chain,1000,999,35,12786083,0,0,34
engine_execution,graph_chain,1000,999,36,12605916,0,0,37
engine_execution,graph_chain,1000,999,37,12530417,0,0,36
engine_execution,graph_chain,1000,999,38,12723125,0,0,39
engine_execution,graph_chain,1000,999,39,12635875,0,0,38
engine_execution_alloc,graph_chain,1000,999,0,0,53073,19575536,23131
machine_state_setup,graph_chain,1000,999,0,51083,0,0,1000
body_state_setup,graph_chain,1000,999,0,1375,0,0,0
machine_state_setup,graph_chain,1000,999,1,47834,0,0,1000
body_state_setup,graph_chain,1000,999,1,1000,0,0,0
machine_state_setup,graph_chain,1000,999,2,47667,0,0,1000
body_state_setup,graph_chain,1000,999,2,875,0,0,0
machine_state_setup,graph_chain,1000,999,3,47542,0,0,1000
body_state_setup,graph_chain,1000,999,3,791,0,0,0
machine_state_setup,graph_chain,1000,999,4,47542,0,0,1000
body_state_setup,graph_chain,1000,999,4,834,0,0,0
machine_state_setup,graph_chain,1000,999,5,47541,0,0,1000
body_state_setup,graph_chain,1000,999,5,833,0,0,0
machine_state_setup,graph_chain,1000,999,6,47417,0,0,1000
body_state_setup,graph_chain,1000,999,6,750,0,0,0
machine_state_setup,graph_chain,1000,999,7,47542,0,0,1000
body_state_setup,graph_chain,1000,999,7,833,0,0,0
machine_state_setup,graph_chain,1000,999,8,47583,0,0,1000
body_state_setup,graph_chain,1000,999,8,833,0,0,0
machine_state_setup,graph_chain,1000,999,9,47625,0,0,1000
body_state_setup,graph_chain,1000,999,9,833,0,0,0
machine_state_setup,graph_chain,1000,999,10,47625,0,0,1000
body_state_setup,graph_chain,1000,999,10,833,0,0,0
machine_state_setup,graph_chain,1000,999,11,47792,0,0,1000
body_state_setup,graph_chain,1000,999,11,833,0,0,0
machine_state_setup,graph_chain,1000,999,12,47542,0,0,1000
body_state_setup,graph_chain,1000,999,12,792,0,0,0
machine_state_setup,graph_chain,1000,999,13,47542,0,0,1000
body_state_setup,graph_chain,1000,999,13,834,0,0,0
machine_state_setup,graph_chain,1000,999,14,47500,0,0,1000
body_state_setup,graph_chain,1000,999,14,833,0,0,0
machine_state_setup,graph_chain,1000,999,15,47750,0,0,1000
body_state_setup,graph_chain,1000,999,15,833,0,0,0
machine_state_setup,graph_chain,1000,999,16,47625,0,0,1000
body_state_setup,graph_chain,1000,999,16,875,0,0,0
machine_state_setup,graph_chain,1000,999,17,47541,0,0,1000
body_state_setup,graph_chain,1000,999,17,833,0,0,0
machine_state_setup,graph_chain,1000,999,18,47708,0,0,1000
body_state_setup,graph_chain,1000,999,18,792,0,0,0
machine_state_setup,graph_chain,1000,999,19,47625,0,0,1000
body_state_setup,graph_chain,1000,999,19,792,0,0,0
machine_state_setup,graph_chain,1000,999,20,47625,0,0,1000
body_state_setup,graph_chain,1000,999,20,833,0,0,0
machine_state_setup,graph_chain,1000,999,21,47708,0,0,1000
body_state_setup,graph_chain,1000,999,21,833,0,0,0
machine_state_setup,graph_chain,1000,999,22,47625,0,0,1000
body_state_setup,graph_chain,1000,999,22,875,0,0,0
machine_state_setup,graph_chain,1000,999,23,47708,0,0,1000
body_state_setup,graph_chain,1000,999,23,792,0,0,0
machine_state_setup,graph_chain,1000,999,24,47791,0,0,1000
body_state_setup,graph_chain,1000,999,24,792,0,0,0
machine_state_setup,graph_chain,1000,999,25,47625,0,0,1000
body_state_setup,graph_chain,1000,999,25,792,0,0,0
machine_state_setup,graph_chain,1000,999,26,47416,0,0,1000
body_state_setup,graph_chain,1000,999,26,792,0,0,0
machine_state_setup,graph_chain,1000,999,27,47500,0,0,1000
body_state_setup,graph_chain,1000,999,27,792,0,0,0
machine_state_setup,graph_chain,1000,999,28,47625,0,0,1000
body_state_setup,graph_chain,1000,999,28,833,0,0,0
machine_state_setup,graph_chain,1000,999,29,47542,0,0,1000
body_state_setup,graph_chain,1000,999,29,833,0,0,0
machine_state_setup,graph_chain,1000,999,30,47583,0,0,1000
body_state_setup,graph_chain,1000,999,30,833,0,0,0
machine_state_setup,graph_chain,1000,999,31,47500,0,0,1000
body_state_setup,graph_chain,1000,999,31,791,0,0,0
machine_state_setup,graph_chain,1000,999,32,47500,0,0,1000
body_state_setup,graph_chain,1000,999,32,875,0,0,0
machine_state_setup,graph_chain,1000,999,33,47584,0,0,1000
body_state_setup,graph_chain,1000,999,33,792,0,0,0
machine_state_setup,graph_chain,1000,999,34,47542,0,0,1000
body_state_setup,graph_chain,1000,999,34,792,0,0,0
machine_state_setup,graph_chain,1000,999,35,47375,0,0,1000
body_state_setup,graph_chain,1000,999,35,792,0,0,0
machine_state_setup,graph_chain,1000,999,36,47500,0,0,1000
body_state_setup,graph_chain,1000,999,36,875,0,0,0
machine_state_setup,graph_chain,1000,999,37,47542,0,0,1000
body_state_setup,graph_chain,1000,999,37,791,0,0,0
machine_state_setup,graph_chain,1000,999,38,47542,0,0,1000
body_state_setup,graph_chain,1000,999,38,834,0,0,0
machine_state_setup,graph_chain,1000,999,39,47708,0,0,1000
body_state_setup,graph_chain,1000,999,39,833,0,0,0
pure_machine_events_preseeded,graph_chain,1000,999,0,7633500,0,0,1001
pure_machine_events_preseeded,graph_chain,1000,999,1,8096500,0,0,1001
pure_machine_events_preseeded,graph_chain,1000,999,2,8229542,0,0,1001
pure_machine_events_preseeded,graph_chain,1000,999,3,8216417,0,0,1001
pure_machine_events_preseeded,graph_chain,1000,999,4,8088583,0,0,1001
pure_machine_events_preseeded,graph_chain,1000,999,5,8073292,0,0,1001
pure_machine_events_preseeded,graph_chain,1000,999,6,8003000,0,0,1001
pure_machine_events_preseeded,graph_chain,1000,999,7,8072125,0,0,1001
pure_machine_events_preseeded,graph_chain,1000,999,8,7931750,0,0,1001
pure_machine_events_preseeded,graph_chain,1000,999,9,7936750,0,0,1001
pure_machine_events_preseeded,graph_chain,1000,999,10,8262708,0,0,1001
pure_machine_events_preseeded,graph_chain,1000,999,11,8468500,0,0,1001
pure_machine_events_preseeded,graph_chain,1000,999,12,8379875,0,0,1001
pure_machine_events_preseeded,graph_chain,1000,999,13,8588541,0,0,1001
pure_machine_events_preseeded,graph_chain,1000,999,14,8373083,0,0,1001
pure_machine_events_preseeded,graph_chain,1000,999,15,8355375,0,0,1001
pure_machine_events_preseeded,graph_chain,1000,999,16,7916042,0,0,1001
pure_machine_events_preseeded,graph_chain,1000,999,17,7965292,0,0,1001
pure_machine_events_preseeded,graph_chain,1000,999,18,8000500,0,0,1001
pure_machine_events_preseeded,graph_chain,1000,999,19,8085250,0,0,1001
pure_machine_events_preseeded,graph_chain,1000,999,20,9296375,0,0,1001
pure_machine_events_preseeded,graph_chain,1000,999,21,8615458,0,0,1001
pure_machine_events_preseeded,graph_chain,1000,999,22,7855666,0,0,1001
pure_machine_events_preseeded,graph_chain,1000,999,23,8273208,0,0,1001
pure_machine_events_preseeded,graph_chain,1000,999,24,7340167,0,0,1001
pure_machine_events_preseeded,graph_chain,1000,999,25,7726458,0,0,1001
pure_machine_events_preseeded,graph_chain,1000,999,26,8715500,0,0,1001
pure_machine_events_preseeded,graph_chain,1000,999,27,8287042,0,0,1001
pure_machine_events_preseeded,graph_chain,1000,999,28,8402042,0,0,1001
pure_machine_events_preseeded,graph_chain,1000,999,29,8934250,0,0,1001
pure_machine_events_preseeded,graph_chain,1000,999,30,8150500,0,0,1001
pure_machine_events_preseeded,graph_chain,1000,999,31,8750125,0,0,1001
pure_machine_events_preseeded,graph_chain,1000,999,32,8629583,0,0,1001
pure_machine_events_preseeded,graph_chain,1000,999,33,8842666,0,0,1001
pure_machine_events_preseeded,graph_chain,1000,999,34,8051875,0,0,1001
pure_machine_events_preseeded,graph_chain,1000,999,35,8576292,0,0,1001
pure_machine_events_preseeded,graph_chain,1000,999,36,9018375,0,0,1001
pure_machine_events_preseeded,graph_chain,1000,999,37,8556250,0,0,1001
pure_machine_events_preseeded,graph_chain,1000,999,38,7355667,0,0,1001
pure_machine_events_preseeded,graph_chain,1000,999,39,7723333,0,0,1001
fixture_generation,graph_wide,1000,999,0,65000,0,0,5000
fixture_generation,graph_wide,1000,999,1,56667,0,0,5000
fixture_generation,graph_wide,1000,999,2,59083,0,0,5000
fixture_generation,graph_wide,1000,999,3,56791,0,0,5000
fixture_generation,graph_wide,1000,999,4,56125,0,0,5000
fixture_generation,graph_wide,1000,999,5,74334,0,0,5000
fixture_generation,graph_wide,1000,999,6,51292,0,0,5000
fixture_generation,graph_wide,1000,999,7,61500,0,0,5000
fixture_generation,graph_wide,1000,999,8,56958,0,0,5000
fixture_generation,graph_wide,1000,999,9,54875,0,0,5000
fixture_generation,graph_wide,1000,999,10,51292,0,0,5000
fixture_generation,graph_wide,1000,999,11,51125,0,0,5000
fixture_generation,graph_wide,1000,999,12,51166,0,0,5000
fixture_generation,graph_wide,1000,999,13,51208,0,0,5000
fixture_generation,graph_wide,1000,999,14,51250,0,0,5000
fixture_generation,graph_wide,1000,999,15,51250,0,0,5000
fixture_generation,graph_wide,1000,999,16,51250,0,0,5000
fixture_generation,graph_wide,1000,999,17,54125,0,0,5000
fixture_generation,graph_wide,1000,999,18,51083,0,0,5000
fixture_generation,graph_wide,1000,999,19,51208,0,0,5000
plan_build,graph_wide,1000,999,0,1713166,0,0,10
plan_build,graph_wide,1000,999,1,1682791,0,0,10
plan_build,graph_wide,1000,999,2,1670458,0,0,10
plan_build,graph_wide,1000,999,3,1675625,0,0,10
plan_build,graph_wide,1000,999,4,1676833,0,0,10
plan_build,graph_wide,1000,999,5,1673375,0,0,10
plan_build,graph_wide,1000,999,6,1682584,0,0,10
plan_build,graph_wide,1000,999,7,1680042,0,0,10
plan_build,graph_wide,1000,999,8,1930834,0,0,10
plan_build,graph_wide,1000,999,9,1675584,0,0,10
plan_build,graph_wide,1000,999,10,1670917,0,0,10
plan_build,graph_wide,1000,999,11,1680709,0,0,10
plan_build,graph_wide,1000,999,12,1661709,0,0,10
plan_build,graph_wide,1000,999,13,1669875,0,0,10
plan_build,graph_wide,1000,999,14,1686125,0,0,10
plan_build,graph_wide,1000,999,15,1661417,0,0,10
plan_build,graph_wide,1000,999,16,1665916,0,0,10
plan_build,graph_wide,1000,999,17,1726000,0,0,10
plan_build,graph_wide,1000,999,18,1756375,0,0,10
plan_build,graph_wide,1000,999,19,1701291,0,0,10
plan_build_alloc,graph_wide,1000,999,0,0,11106,2511641,10
engine_execution,graph_wide,1000,999,0,7240250,0,0,998
engine_execution,graph_wide,1000,999,1,7232459,0,0,999
engine_execution,graph_wide,1000,999,2,8028958,0,0,996
engine_execution,graph_wide,1000,999,3,7342291,0,0,997
engine_execution,graph_wide,1000,999,4,7464334,0,0,994
engine_execution,graph_wide,1000,999,5,7646625,0,0,995
engine_execution,graph_wide,1000,999,6,8056500,0,0,992
engine_execution,graph_wide,1000,999,7,8218417,0,0,993
engine_execution,graph_wide,1000,999,8,7839250,0,0,1006
engine_execution,graph_wide,1000,999,9,7822417,0,0,1007
engine_execution,graph_wide,1000,999,10,7327583,0,0,1004
engine_execution,graph_wide,1000,999,11,7318125,0,0,1005
engine_execution,graph_wide,1000,999,12,7102708,0,0,1002
engine_execution,graph_wide,1000,999,13,7601542,0,0,1003
engine_execution,graph_wide,1000,999,14,6984875,0,0,1000
engine_execution,graph_wide,1000,999,15,7064167,0,0,1001
engine_execution,graph_wide,1000,999,16,7926833,0,0,1014
engine_execution,graph_wide,1000,999,17,7599666,0,0,1015
engine_execution,graph_wide,1000,999,18,7597833,0,0,1012
engine_execution,graph_wide,1000,999,19,7554667,0,0,1013
engine_execution,graph_wide,1000,999,20,7307417,0,0,1010
engine_execution,graph_wide,1000,999,21,7007500,0,0,1011
engine_execution,graph_wide,1000,999,22,7606083,0,0,1008
engine_execution,graph_wide,1000,999,23,7199500,0,0,1009
engine_execution,graph_wide,1000,999,24,7068916,0,0,1022
engine_execution,graph_wide,1000,999,25,6488208,0,0,1023
engine_execution,graph_wide,1000,999,26,6829583,0,0,1020
engine_execution,graph_wide,1000,999,27,6986541,0,0,1021
engine_execution,graph_wide,1000,999,28,6863750,0,0,1018
engine_execution,graph_wide,1000,999,29,7023458,0,0,1019
engine_execution,graph_wide,1000,999,30,6900458,0,0,1016
engine_execution,graph_wide,1000,999,31,6796083,0,0,1017
engine_execution,graph_wide,1000,999,32,7042667,0,0,966
engine_execution,graph_wide,1000,999,33,6909458,0,0,967
engine_execution,graph_wide,1000,999,34,6803541,0,0,964
engine_execution,graph_wide,1000,999,35,6845541,0,0,965
engine_execution,graph_wide,1000,999,36,10543333,0,0,962
engine_execution,graph_wide,1000,999,37,17237750,0,0,963
engine_execution,graph_wide,1000,999,38,10630584,0,0,960
engine_execution,graph_wide,1000,999,39,7333833,0,0,961
engine_execution_alloc,graph_wide,1000,999,0,0,50168,11915071,22972
machine_state_setup,graph_wide,1000,999,0,49250,0,0,1000
body_state_setup,graph_wide,1000,999,0,1625,0,0,0
machine_state_setup,graph_wide,1000,999,1,48458,0,0,1000
body_state_setup,graph_wide,1000,999,1,1041,0,0,0
machine_state_setup,graph_wide,1000,999,2,47542,0,0,1000
body_state_setup,graph_wide,1000,999,2,917,0,0,0
machine_state_setup,graph_wide,1000,999,3,47417,0,0,1000
body_state_setup,graph_wide,1000,999,3,875,0,0,0
machine_state_setup,graph_wide,1000,999,4,47542,0,0,1000
body_state_setup,graph_wide,1000,999,4,833,0,0,0
machine_state_setup,graph_wide,1000,999,5,47583,0,0,1000
body_state_setup,graph_wide,1000,999,5,875,0,0,0
machine_state_setup,graph_wide,1000,999,6,47666,0,0,1000
body_state_setup,graph_wide,1000,999,6,834,0,0,0
machine_state_setup,graph_wide,1000,999,7,47459,0,0,1000
body_state_setup,graph_wide,1000,999,7,792,0,0,0
machine_state_setup,graph_wide,1000,999,8,52292,0,0,1000
body_state_setup,graph_wide,1000,999,8,792,0,0,0
machine_state_setup,graph_wide,1000,999,9,47500,0,0,1000
body_state_setup,graph_wide,1000,999,9,834,0,0,0
machine_state_setup,graph_wide,1000,999,10,47458,0,0,1000
body_state_setup,graph_wide,1000,999,10,791,0,0,0
machine_state_setup,graph_wide,1000,999,11,47500,0,0,1000
body_state_setup,graph_wide,1000,999,11,875,0,0,0
machine_state_setup,graph_wide,1000,999,12,47667,0,0,1000
body_state_setup,graph_wide,1000,999,12,792,0,0,0
machine_state_setup,graph_wide,1000,999,13,47541,0,0,1000
body_state_setup,graph_wide,1000,999,13,833,0,0,0
machine_state_setup,graph_wide,1000,999,14,47625,0,0,1000
body_state_setup,graph_wide,1000,999,14,833,0,0,0
machine_state_setup,graph_wide,1000,999,15,50458,0,0,1000
body_state_setup,graph_wide,1000,999,15,833,0,0,0
machine_state_setup,graph_wide,1000,999,16,47584,0,0,1000
body_state_setup,graph_wide,1000,999,16,792,0,0,0
machine_state_setup,graph_wide,1000,999,17,47583,0,0,1000
body_state_setup,graph_wide,1000,999,17,791,0,0,0
machine_state_setup,graph_wide,1000,999,18,47583,0,0,1000
body_state_setup,graph_wide,1000,999,18,792,0,0,0
machine_state_setup,graph_wide,1000,999,19,47459,0,0,1000
body_state_setup,graph_wide,1000,999,19,792,0,0,0
machine_state_setup,graph_wide,1000,999,20,47500,0,0,1000
body_state_setup,graph_wide,1000,999,20,834,0,0,0
machine_state_setup,graph_wide,1000,999,21,47459,0,0,1000
body_state_setup,graph_wide,1000,999,21,875,0,0,0
machine_state_setup,graph_wide,1000,999,22,47584,0,0,1000
body_state_setup,graph_wide,1000,999,22,792,0,0,0
machine_state_setup,graph_wide,1000,999,23,47417,0,0,1000
body_state_setup,graph_wide,1000,999,23,833,0,0,0
machine_state_setup,graph_wide,1000,999,24,52416,0,0,1000
body_state_setup,graph_wide,1000,999,24,917,0,0,0
machine_state_setup,graph_wide,1000,999,25,48500,0,0,1000
body_state_setup,graph_wide,1000,999,25,833,0,0,0
machine_state_setup,graph_wide,1000,999,26,47584,0,0,1000
body_state_setup,graph_wide,1000,999,26,834,0,0,0
machine_state_setup,graph_wide,1000,999,27,47958,0,0,1000
body_state_setup,graph_wide,1000,999,27,1041,0,0,0
machine_state_setup,graph_wide,1000,999,28,50375,0,0,1000
body_state_setup,graph_wide,1000,999,28,833,0,0,0
machine_state_setup,graph_wide,1000,999,29,47500,0,0,1000
body_state_setup,graph_wide,1000,999,29,791,0,0,0
machine_state_setup,graph_wide,1000,999,30,47583,0,0,1000
body_state_setup,graph_wide,1000,999,30,833,0,0,0
machine_state_setup,graph_wide,1000,999,31,47417,0,0,1000
body_state_setup,graph_wide,1000,999,31,875,0,0,0
machine_state_setup,graph_wide,1000,999,32,47458,0,0,1000
body_state_setup,graph_wide,1000,999,32,833,0,0,0
machine_state_setup,graph_wide,1000,999,33,47458,0,0,1000
body_state_setup,graph_wide,1000,999,33,833,0,0,0
machine_state_setup,graph_wide,1000,999,34,47667,0,0,1000
body_state_setup,graph_wide,1000,999,34,834,0,0,0
machine_state_setup,graph_wide,1000,999,35,47542,0,0,1000
body_state_setup,graph_wide,1000,999,35,833,0,0,0
machine_state_setup,graph_wide,1000,999,36,47458,0,0,1000
body_state_setup,graph_wide,1000,999,36,791,0,0,0
machine_state_setup,graph_wide,1000,999,37,47667,0,0,1000
body_state_setup,graph_wide,1000,999,37,834,0,0,0
machine_state_setup,graph_wide,1000,999,38,47834,0,0,1000
body_state_setup,graph_wide,1000,999,38,833,0,0,0
machine_state_setup,graph_wide,1000,999,39,47583,0,0,1000
body_state_setup,graph_wide,1000,999,39,833,0,0,0
fixture_generation,graph_sparse,1000,999,0,59500,0,0,5000
fixture_generation,graph_sparse,1000,999,1,53833,0,0,5000
fixture_generation,graph_sparse,1000,999,2,53458,0,0,5000
fixture_generation,graph_sparse,1000,999,3,53208,0,0,5000
fixture_generation,graph_sparse,1000,999,4,53250,0,0,5000
fixture_generation,graph_sparse,1000,999,5,53250,0,0,5000
fixture_generation,graph_sparse,1000,999,6,53167,0,0,5000
fixture_generation,graph_sparse,1000,999,7,53166,0,0,5000
fixture_generation,graph_sparse,1000,999,8,53250,0,0,5000
fixture_generation,graph_sparse,1000,999,9,53250,0,0,5000
fixture_generation,graph_sparse,1000,999,10,53291,0,0,5000
fixture_generation,graph_sparse,1000,999,11,56333,0,0,5000
fixture_generation,graph_sparse,1000,999,12,53250,0,0,5000
fixture_generation,graph_sparse,1000,999,13,53250,0,0,5000
fixture_generation,graph_sparse,1000,999,14,53250,0,0,5000
fixture_generation,graph_sparse,1000,999,15,53250,0,0,5000
fixture_generation,graph_sparse,1000,999,16,53250,0,0,5000
fixture_generation,graph_sparse,1000,999,17,53250,0,0,5000
fixture_generation,graph_sparse,1000,999,18,53250,0,0,5000
fixture_generation,graph_sparse,1000,999,19,53250,0,0,5000
plan_build,graph_sparse,1000,999,0,1721709,0,0,12
plan_build,graph_sparse,1000,999,1,1586084,0,0,12
plan_build,graph_sparse,1000,999,2,1622375,0,0,12
plan_build,graph_sparse,1000,999,3,1535750,0,0,12
plan_build,graph_sparse,1000,999,4,1530709,0,0,12
plan_build,graph_sparse,1000,999,5,1548875,0,0,12
plan_build,graph_sparse,1000,999,6,1548375,0,0,12
plan_build,graph_sparse,1000,999,7,1527583,0,0,12
plan_build,graph_sparse,1000,999,8,1534625,0,0,12
plan_build,graph_sparse,1000,999,9,1543375,0,0,12
plan_build,graph_sparse,1000,999,10,1605792,0,0,12
plan_build,graph_sparse,1000,999,11,1607583,0,0,12
plan_build,graph_sparse,1000,999,12,1545500,0,0,12
plan_build,graph_sparse,1000,999,13,1542084,0,0,12
plan_build,graph_sparse,1000,999,14,1534584,0,0,12
plan_build,graph_sparse,1000,999,15,1537292,0,0,12
plan_build,graph_sparse,1000,999,16,1548375,0,0,12
plan_build,graph_sparse,1000,999,17,1530542,0,0,12
plan_build,graph_sparse,1000,999,18,1531417,0,0,12
plan_build,graph_sparse,1000,999,19,1548250,0,0,12
plan_build_alloc,graph_sparse,1000,999,0,0,11597,2511293,12
engine_execution,graph_sparse,1000,999,0,10232125,0,0,697
engine_execution,graph_sparse,1000,999,1,10462958,0,0,696
engine_execution,graph_sparse,1000,999,2,10126042,0,0,699
engine_execution,graph_sparse,1000,999,3,10243083,0,0,698
engine_execution,graph_sparse,1000,999,4,9916000,0,0,701
engine_execution,graph_sparse,1000,999,5,9926541,0,0,700
engine_execution,graph_sparse,1000,999,6,10064333,0,0,703
engine_execution,graph_sparse,1000,999,7,9975625,0,0,702
engine_execution,graph_sparse,1000,999,8,9985625,0,0,689
engine_execution,graph_sparse,1000,999,9,9846958,0,0,688
engine_execution,graph_sparse,1000,999,10,10194083,0,0,691
engine_execution,graph_sparse,1000,999,11,10138750,0,0,690
engine_execution,graph_sparse,1000,999,12,10003000,0,0,693
engine_execution,graph_sparse,1000,999,13,10193583,0,0,692
engine_execution,graph_sparse,1000,999,14,9898000,0,0,695
engine_execution,graph_sparse,1000,999,15,10298375,0,0,694
engine_execution,graph_sparse,1000,999,16,10229417,0,0,681
engine_execution,graph_sparse,1000,999,17,9954083,0,0,680
engine_execution,graph_sparse,1000,999,18,9919916,0,0,683
engine_execution,graph_sparse,1000,999,19,9898083,0,0,682
engine_execution,graph_sparse,1000,999,20,10103750,0,0,685
engine_execution,graph_sparse,1000,999,21,10190750,0,0,684
engine_execution,graph_sparse,1000,999,22,10019833,0,0,687
engine_execution,graph_sparse,1000,999,23,10311334,0,0,686
engine_execution,graph_sparse,1000,999,24,10133166,0,0,673
engine_execution,graph_sparse,1000,999,25,10130625,0,0,672
engine_execution,graph_sparse,1000,999,26,10114125,0,0,675
engine_execution,graph_sparse,1000,999,27,10029041,0,0,674
engine_execution,graph_sparse,1000,999,28,10060708,0,0,677
engine_execution,graph_sparse,1000,999,29,10537875,0,0,676
engine_execution,graph_sparse,1000,999,30,10231500,0,0,679
engine_execution,graph_sparse,1000,999,31,10123709,0,0,678
engine_execution,graph_sparse,1000,999,32,9962875,0,0,665
engine_execution,graph_sparse,1000,999,33,10005333,0,0,664
engine_execution,graph_sparse,1000,999,34,9861208,0,0,667
engine_execution,graph_sparse,1000,999,35,10010500,0,0,666
engine_execution,graph_sparse,1000,999,36,10229042,0,0,669
engine_execution,graph_sparse,1000,999,37,10087208,0,0,668
engine_execution,graph_sparse,1000,999,38,10092875,0,0,671
engine_execution,graph_sparse,1000,999,39,10368542,0,0,670
engine_execution_alloc,graph_sparse,1000,999,0,0,52113,15829713,22755
machine_state_setup,graph_sparse,1000,999,0,48459,0,0,1000
body_state_setup,graph_sparse,1000,999,0,1167,0,0,0
machine_state_setup,graph_sparse,1000,999,1,47750,0,0,1000
body_state_setup,graph_sparse,1000,999,1,958,0,0,0
machine_state_setup,graph_sparse,1000,999,2,47750,0,0,1000
body_state_setup,graph_sparse,1000,999,2,833,0,0,0
machine_state_setup,graph_sparse,1000,999,3,47500,0,0,1000
body_state_setup,graph_sparse,1000,999,3,834,0,0,0
machine_state_setup,graph_sparse,1000,999,4,47708,0,0,1000
body_state_setup,graph_sparse,1000,999,4,833,0,0,0
machine_state_setup,graph_sparse,1000,999,5,47666,0,0,1000
body_state_setup,graph_sparse,1000,999,5,792,0,0,0
machine_state_setup,graph_sparse,1000,999,6,47458,0,0,1000
body_state_setup,graph_sparse,1000,999,6,875,0,0,0
machine_state_setup,graph_sparse,1000,999,7,47625,0,0,1000
body_state_setup,graph_sparse,1000,999,7,792,0,0,0
machine_state_setup,graph_sparse,1000,999,8,47416,0,0,1000
body_state_setup,graph_sparse,1000,999,8,792,0,0,0
machine_state_setup,graph_sparse,1000,999,9,47667,0,0,1000
body_state_setup,graph_sparse,1000,999,9,791,0,0,0
machine_state_setup,graph_sparse,1000,999,10,47500,0,0,1000
body_state_setup,graph_sparse,1000,999,10,833,0,0,0
machine_state_setup,graph_sparse,1000,999,11,47583,0,0,1000
body_state_setup,graph_sparse,1000,999,11,792,0,0,0
machine_state_setup,graph_sparse,1000,999,12,47500,0,0,1000
body_state_setup,graph_sparse,1000,999,12,791,0,0,0
machine_state_setup,graph_sparse,1000,999,13,47542,0,0,1000
body_state_setup,graph_sparse,1000,999,13,791,0,0,0
machine_state_setup,graph_sparse,1000,999,14,47625,0,0,1000
body_state_setup,graph_sparse,1000,999,14,791,0,0,0
machine_state_setup,graph_sparse,1000,999,15,47500,0,0,1000
body_state_setup,graph_sparse,1000,999,15,792,0,0,0
machine_state_setup,graph_sparse,1000,999,16,47459,0,0,1000
body_state_setup,graph_sparse,1000,999,16,833,0,0,0
machine_state_setup,graph_sparse,1000,999,17,47583,0,0,1000
body_state_setup,graph_sparse,1000,999,17,791,0,0,0
machine_state_setup,graph_sparse,1000,999,18,47375,0,0,1000
body_state_setup,graph_sparse,1000,999,18,791,0,0,0
machine_state_setup,graph_sparse,1000,999,19,47584,0,0,1000
body_state_setup,graph_sparse,1000,999,19,834,0,0,0
machine_state_setup,graph_sparse,1000,999,20,47500,0,0,1000
body_state_setup,graph_sparse,1000,999,20,792,0,0,0
machine_state_setup,graph_sparse,1000,999,21,47459,0,0,1000
body_state_setup,graph_sparse,1000,999,21,834,0,0,0
machine_state_setup,graph_sparse,1000,999,22,47500,0,0,1000
body_state_setup,graph_sparse,1000,999,22,750,0,0,0
machine_state_setup,graph_sparse,1000,999,23,47583,0,0,1000
body_state_setup,graph_sparse,1000,999,23,833,0,0,0
machine_state_setup,graph_sparse,1000,999,24,47708,0,0,1000
body_state_setup,graph_sparse,1000,999,24,833,0,0,0
machine_state_setup,graph_sparse,1000,999,25,47542,0,0,1000
body_state_setup,graph_sparse,1000,999,25,792,0,0,0
machine_state_setup,graph_sparse,1000,999,26,47667,0,0,1000
body_state_setup,graph_sparse,1000,999,26,834,0,0,0
machine_state_setup,graph_sparse,1000,999,27,47500,0,0,1000
body_state_setup,graph_sparse,1000,999,27,834,0,0,0
machine_state_setup,graph_sparse,1000,999,28,47500,0,0,1000
body_state_setup,graph_sparse,1000,999,28,792,0,0,0
machine_state_setup,graph_sparse,1000,999,29,47458,0,0,1000
body_state_setup,graph_sparse,1000,999,29,833,0,0,0
machine_state_setup,graph_sparse,1000,999,30,47500,0,0,1000
body_state_setup,graph_sparse,1000,999,30,834,0,0,0
machine_state_setup,graph_sparse,1000,999,31,47334,0,0,1000
body_state_setup,graph_sparse,1000,999,31,792,0,0,0
machine_state_setup,graph_sparse,1000,999,32,47459,0,0,1000
body_state_setup,graph_sparse,1000,999,32,792,0,0,0
machine_state_setup,graph_sparse,1000,999,33,47542,0,0,1000
body_state_setup,graph_sparse,1000,999,33,833,0,0,0
machine_state_setup,graph_sparse,1000,999,34,47542,0,0,1000
body_state_setup,graph_sparse,1000,999,34,834,0,0,0
machine_state_setup,graph_sparse,1000,999,35,47583,0,0,1000
body_state_setup,graph_sparse,1000,999,35,833,0,0,0
machine_state_setup,graph_sparse,1000,999,36,47625,0,0,1000
body_state_setup,graph_sparse,1000,999,36,875,0,0,0
machine_state_setup,graph_sparse,1000,999,37,47792,0,0,1000
body_state_setup,graph_sparse,1000,999,37,791,0,0,0
machine_state_setup,graph_sparse,1000,999,38,47500,0,0,1000
body_state_setup,graph_sparse,1000,999,38,791,0,0,0
machine_state_setup,graph_sparse,1000,999,39,47583,0,0,1000
body_state_setup,graph_sparse,1000,999,39,791,0,0,0
fixture_generation,tiny_yield_chain,1,0,0,875,0,0,5
fixture_generation,tiny_yield_chain,1,0,1,167,0,0,5
fixture_generation,tiny_yield_chain,1,0,2,84,0,0,5
fixture_generation,tiny_yield_chain,1,0,3,84,0,0,5
fixture_generation,tiny_yield_chain,1,0,4,125,0,0,5
fixture_generation,tiny_yield_chain,1,0,5,83,0,0,5
fixture_generation,tiny_yield_chain,1,0,6,125,0,0,5
fixture_generation,tiny_yield_chain,1,0,7,84,0,0,5
fixture_generation,tiny_yield_chain,1,0,8,84,0,0,5
fixture_generation,tiny_yield_chain,1,0,9,84,0,0,5
fixture_generation,tiny_yield_chain,1,0,10,84,0,0,5
fixture_generation,tiny_yield_chain,1,0,11,125,0,0,5
fixture_generation,tiny_yield_chain,1,0,12,125,0,0,5
fixture_generation,tiny_yield_chain,1,0,13,83,0,0,5
fixture_generation,tiny_yield_chain,1,0,14,83,0,0,5
fixture_generation,tiny_yield_chain,1,0,15,83,0,0,5
fixture_generation,tiny_yield_chain,1,0,16,83,0,0,5
fixture_generation,tiny_yield_chain,1,0,17,83,0,0,5
fixture_generation,tiny_yield_chain,1,0,18,125,0,0,5
fixture_generation,tiny_yield_chain,1,0,19,83,0,0,5
plan_build,tiny_yield_chain,1,0,0,8209,0,0,11
plan_build,tiny_yield_chain,1,0,1,1625,0,0,11
plan_build,tiny_yield_chain,1,0,2,1375,0,0,11
plan_build,tiny_yield_chain,1,0,3,1125,0,0,11
plan_build,tiny_yield_chain,1,0,4,1125,0,0,11
plan_build,tiny_yield_chain,1,0,5,1125,0,0,11
plan_build,tiny_yield_chain,1,0,6,1125,0,0,11
plan_build,tiny_yield_chain,1,0,7,1125,0,0,11
plan_build,tiny_yield_chain,1,0,8,1166,0,0,11
plan_build,tiny_yield_chain,1,0,9,1125,0,0,11
plan_build,tiny_yield_chain,1,0,10,1125,0,0,11
plan_build,tiny_yield_chain,1,0,11,1125,0,0,11
plan_build,tiny_yield_chain,1,0,12,1084,0,0,11
plan_build,tiny_yield_chain,1,0,13,1166,0,0,11
plan_build,tiny_yield_chain,1,0,14,1084,0,0,11
plan_build,tiny_yield_chain,1,0,15,1000,0,0,11
plan_build,tiny_yield_chain,1,0,16,1083,0,0,11
plan_build,tiny_yield_chain,1,0,17,1084,0,0,11
plan_build,tiny_yield_chain,1,0,18,1125,0,0,11
plan_build,tiny_yield_chain,1,0,19,1084,0,0,11
plan_build_alloc,tiny_yield_chain,1,0,0,0,36,6722,11
engine_execution,tiny_yield_chain,1,0,0,4791,0,0,1
engine_execution,tiny_yield_chain,1,0,1,4792,0,0,0
engine_execution,tiny_yield_chain,1,0,2,4959,0,0,3
engine_execution,tiny_yield_chain,1,0,3,4833,0,0,2
engine_execution,tiny_yield_chain,1,0,4,4833,0,0,5
engine_execution,tiny_yield_chain,1,0,5,4917,0,0,4
engine_execution,tiny_yield_chain,1,0,6,4750,0,0,7
engine_execution,tiny_yield_chain,1,0,7,4875,0,0,6
engine_execution,tiny_yield_chain,1,0,8,4917,0,0,9
engine_execution,tiny_yield_chain,1,0,9,4917,0,0,8
engine_execution,tiny_yield_chain,1,0,10,4791,0,0,11
engine_execution,tiny_yield_chain,1,0,11,4792,0,0,10
engine_execution,tiny_yield_chain,1,0,12,4750,0,0,13
engine_execution,tiny_yield_chain,1,0,13,4750,0,0,12
engine_execution,tiny_yield_chain,1,0,14,4833,0,0,15
engine_execution,tiny_yield_chain,1,0,15,4792,0,0,14
engine_execution,tiny_yield_chain,1,0,16,4834,0,0,17
engine_execution,tiny_yield_chain,1,0,17,4875,0,0,16
engine_execution,tiny_yield_chain,1,0,18,4792,0,0,19
engine_execution,tiny_yield_chain,1,0,19,4833,0,0,18
engine_execution,tiny_yield_chain,1,0,20,4708,0,0,21
engine_execution,tiny_yield_chain,1,0,21,4792,0,0,20
engine_execution,tiny_yield_chain,1,0,22,4792,0,0,23
engine_execution,tiny_yield_chain,1,0,23,4791,0,0,22
engine_execution,tiny_yield_chain,1,0,24,4917,0,0,25
engine_execution,tiny_yield_chain,1,0,25,4958,0,0,24
engine_execution,tiny_yield_chain,1,0,26,4875,0,0,27
engine_execution,tiny_yield_chain,1,0,27,4791,0,0,26
engine_execution,tiny_yield_chain,1,0,28,4958,0,0,29
engine_execution,tiny_yield_chain,1,0,29,4792,0,0,28
engine_execution,tiny_yield_chain,1,0,30,4791,0,0,31
engine_execution,tiny_yield_chain,1,0,31,4834,0,0,30
engine_execution,tiny_yield_chain,1,0,32,4875,0,0,33
engine_execution,tiny_yield_chain,1,0,33,4833,0,0,32
engine_execution,tiny_yield_chain,1,0,34,4917,0,0,35
engine_execution,tiny_yield_chain,1,0,35,4917,0,0,34
engine_execution,tiny_yield_chain,1,0,36,4834,0,0,37
engine_execution,tiny_yield_chain,1,0,37,4916,0,0,36
engine_execution,tiny_yield_chain,1,0,38,5000,0,0,39
engine_execution,tiny_yield_chain,1,0,39,5000,0,0,38
engine_execution_alloc,tiny_yield_chain,1,0,0,0,107,11948,23131
machine_state_setup,tiny_yield_chain,1,0,0,375,0,0,1
body_state_setup,tiny_yield_chain,1,0,0,292,0,0,0
machine_state_setup,tiny_yield_chain,1,0,1,333,0,0,1
body_state_setup,tiny_yield_chain,1,0,1,208,0,0,0
machine_state_setup,tiny_yield_chain,1,0,2,167,0,0,1
body_state_setup,tiny_yield_chain,1,0,2,209,0,0,0
machine_state_setup,tiny_yield_chain,1,0,3,208,0,0,1
body_state_setup,tiny_yield_chain,1,0,3,208,0,0,0
machine_state_setup,tiny_yield_chain,1,0,4,167,0,0,1
body_state_setup,tiny_yield_chain,1,0,4,167,0,0,0
machine_state_setup,tiny_yield_chain,1,0,5,166,0,0,1
body_state_setup,tiny_yield_chain,1,0,5,167,0,0,0
machine_state_setup,tiny_yield_chain,1,0,6,167,0,0,1
body_state_setup,tiny_yield_chain,1,0,6,166,0,0,0
machine_state_setup,tiny_yield_chain,1,0,7,208,0,0,1
body_state_setup,tiny_yield_chain,1,0,7,209,0,0,0
machine_state_setup,tiny_yield_chain,1,0,8,167,0,0,1
body_state_setup,tiny_yield_chain,1,0,8,208,0,0,0
machine_state_setup,tiny_yield_chain,1,0,9,208,0,0,1
body_state_setup,tiny_yield_chain,1,0,9,209,0,0,0
machine_state_setup,tiny_yield_chain,1,0,10,166,0,0,1
body_state_setup,tiny_yield_chain,1,0,10,208,0,0,0
machine_state_setup,tiny_yield_chain,1,0,11,167,0,0,1
body_state_setup,tiny_yield_chain,1,0,11,208,0,0,0
machine_state_setup,tiny_yield_chain,1,0,12,209,0,0,1
body_state_setup,tiny_yield_chain,1,0,12,292,0,0,0
machine_state_setup,tiny_yield_chain,1,0,13,166,0,0,1
body_state_setup,tiny_yield_chain,1,0,13,250,0,0,0
machine_state_setup,tiny_yield_chain,1,0,14,208,0,0,1
body_state_setup,tiny_yield_chain,1,0,14,167,0,0,0
machine_state_setup,tiny_yield_chain,1,0,15,167,0,0,1
body_state_setup,tiny_yield_chain,1,0,15,166,0,0,0
machine_state_setup,tiny_yield_chain,1,0,16,167,0,0,1
body_state_setup,tiny_yield_chain,1,0,16,209,0,0,0
machine_state_setup,tiny_yield_chain,1,0,17,208,0,0,1
body_state_setup,tiny_yield_chain,1,0,17,166,0,0,0
machine_state_setup,tiny_yield_chain,1,0,18,167,0,0,1
body_state_setup,tiny_yield_chain,1,0,18,167,0,0,0
machine_state_setup,tiny_yield_chain,1,0,19,166,0,0,1
body_state_setup,tiny_yield_chain,1,0,19,167,0,0,0
machine_state_setup,tiny_yield_chain,1,0,20,167,0,0,1
body_state_setup,tiny_yield_chain,1,0,20,166,0,0,0
machine_state_setup,tiny_yield_chain,1,0,21,167,0,0,1
body_state_setup,tiny_yield_chain,1,0,21,167,0,0,0
machine_state_setup,tiny_yield_chain,1,0,22,166,0,0,1
body_state_setup,tiny_yield_chain,1,0,22,209,0,0,0
machine_state_setup,tiny_yield_chain,1,0,23,208,0,0,1
body_state_setup,tiny_yield_chain,1,0,23,208,0,0,0
machine_state_setup,tiny_yield_chain,1,0,24,167,0,0,1
body_state_setup,tiny_yield_chain,1,0,24,208,0,0,0
machine_state_setup,tiny_yield_chain,1,0,25,167,0,0,1
body_state_setup,tiny_yield_chain,1,0,25,209,0,0,0
machine_state_setup,tiny_yield_chain,1,0,26,208,0,0,1
body_state_setup,tiny_yield_chain,1,0,26,208,0,0,0
machine_state_setup,tiny_yield_chain,1,0,27,167,0,0,1
body_state_setup,tiny_yield_chain,1,0,27,208,0,0,0
machine_state_setup,tiny_yield_chain,1,0,28,167,0,0,1
body_state_setup,tiny_yield_chain,1,0,28,167,0,0,0
machine_state_setup,tiny_yield_chain,1,0,29,166,0,0,1
body_state_setup,tiny_yield_chain,1,0,29,167,0,0,0
machine_state_setup,tiny_yield_chain,1,0,30,167,0,0,1
body_state_setup,tiny_yield_chain,1,0,30,166,0,0,0
machine_state_setup,tiny_yield_chain,1,0,31,167,0,0,1
body_state_setup,tiny_yield_chain,1,0,31,208,0,0,0
machine_state_setup,tiny_yield_chain,1,0,32,167,0,0,1
body_state_setup,tiny_yield_chain,1,0,32,167,0,0,0
machine_state_setup,tiny_yield_chain,1,0,33,208,0,0,1
body_state_setup,tiny_yield_chain,1,0,33,166,0,0,0
machine_state_setup,tiny_yield_chain,1,0,34,167,0,0,1
body_state_setup,tiny_yield_chain,1,0,34,167,0,0,0
machine_state_setup,tiny_yield_chain,1,0,35,166,0,0,1
body_state_setup,tiny_yield_chain,1,0,35,167,0,0,0
machine_state_setup,tiny_yield_chain,1,0,36,167,0,0,1
body_state_setup,tiny_yield_chain,1,0,36,208,0,0,0
machine_state_setup,tiny_yield_chain,1,0,37,167,0,0,1
body_state_setup,tiny_yield_chain,1,0,37,208,0,0,0
machine_state_setup,tiny_yield_chain,1,0,38,167,0,0,1
body_state_setup,tiny_yield_chain,1,0,38,209,0,0,0
machine_state_setup,tiny_yield_chain,1,0,39,208,0,0,1
body_state_setup,tiny_yield_chain,1,0,39,166,0,0,0
engine_execution,resource_normal,2,1,0,9291,0,0,0
engine_execution,resource_normal,2,1,1,9417,0,0,3
engine_execution,resource_normal,2,1,2,9375,0,0,2
engine_execution,resource_normal,2,1,3,9250,0,0,5
engine_execution,resource_normal,2,1,4,9583,0,0,4
engine_execution,resource_normal,2,1,5,9292,0,0,7
engine_execution,resource_normal,2,1,6,9583,0,0,6
engine_execution,resource_normal,2,1,7,9416,0,0,9
engine_execution,resource_normal,2,1,8,9583,0,0,8
engine_execution,resource_normal,2,1,9,9333,0,0,11
engine_execution,resource_normal,2,1,10,9583,0,0,10
engine_execution,resource_normal,2,1,11,9375,0,0,13
engine_execution,resource_normal,2,1,12,9458,0,0,12
engine_execution,resource_normal,2,1,13,9417,0,0,15
engine_execution,resource_normal,2,1,14,9459,0,0,14
engine_execution,resource_normal,2,1,15,9334,0,0,17
engine_execution,resource_normal,2,1,16,9417,0,0,16
engine_execution,resource_normal,2,1,17,9291,0,0,19
engine_execution,resource_normal,2,1,18,9167,0,0,18
engine_execution,resource_normal,2,1,19,9375,0,0,21
engine_execution,resource_normal,2,1,20,9459,0,0,20
engine_execution,resource_normal,2,1,21,9416,0,0,23
engine_execution,resource_normal,2,1,22,9667,0,0,22
engine_execution,resource_normal,2,1,23,9417,0,0,25
engine_execution,resource_normal,2,1,24,9333,0,0,24
engine_execution,resource_normal,2,1,25,9584,0,0,27
engine_execution,resource_normal,2,1,26,9334,0,0,26
engine_execution,resource_normal,2,1,27,9375,0,0,29
engine_execution,resource_normal,2,1,28,9625,0,0,28
engine_execution,resource_normal,2,1,29,9208,0,0,31
engine_execution,resource_normal,2,1,30,9459,0,0,30
engine_execution,resource_normal,2,1,31,9250,0,0,33
engine_execution,resource_normal,2,1,32,9375,0,0,32
engine_execution,resource_normal,2,1,33,9208,0,0,35
engine_execution,resource_normal,2,1,34,9292,0,0,34
engine_execution,resource_normal,2,1,35,9500,0,0,37
engine_execution,resource_normal,2,1,36,9417,0,0,36
engine_execution,resource_normal,2,1,37,9375,0,0,39
engine_execution,resource_normal,2,1,38,9417,0,0,38
engine_execution,resource_normal,2,1,39,9375,0,0,41
engine_execution_alloc,resource_normal,2,1,0,0,212,19946,23130
engine_execution,resource_release_failure,2,1,0,9750,0,0,1
engine_execution,resource_release_failure,2,1,1,9792,0,0,2
engine_execution,resource_release_failure,2,1,2,10041,0,0,3
engine_execution,resource_release_failure,2,1,3,9834,0,0,4
engine_execution,resource_release_failure,2,1,4,9750,0,0,5
engine_execution,resource_release_failure,2,1,5,9833,0,0,6
engine_execution,resource_release_failure,2,1,6,9750,0,0,7
engine_execution,resource_release_failure,2,1,7,9958,0,0,8
engine_execution,resource_release_failure,2,1,8,9750,0,0,9
engine_execution,resource_release_failure,2,1,9,9750,0,0,10
engine_execution,resource_release_failure,2,1,10,9834,0,0,11
engine_execution,resource_release_failure,2,1,11,9791,0,0,12
engine_execution,resource_release_failure,2,1,12,9750,0,0,13
engine_execution,resource_release_failure,2,1,13,9750,0,0,14
engine_execution,resource_release_failure,2,1,14,9750,0,0,15
engine_execution,resource_release_failure,2,1,15,9709,0,0,16
engine_execution,resource_release_failure,2,1,16,9791,0,0,17
engine_execution,resource_release_failure,2,1,17,9792,0,0,18
engine_execution,resource_release_failure,2,1,18,9792,0,0,19
engine_execution,resource_release_failure,2,1,19,9791,0,0,20
engine_execution,resource_release_failure,2,1,20,9792,0,0,21
engine_execution,resource_release_failure,2,1,21,10166,0,0,22
engine_execution,resource_release_failure,2,1,22,9958,0,0,23
engine_execution,resource_release_failure,2,1,23,10042,0,0,24
engine_execution,resource_release_failure,2,1,24,9917,0,0,25
engine_execution,resource_release_failure,2,1,25,9625,0,0,26
engine_execution,resource_release_failure,2,1,26,10000,0,0,27
engine_execution,resource_release_failure,2,1,27,10042,0,0,28
engine_execution,resource_release_failure,2,1,28,9625,0,0,29
engine_execution,resource_release_failure,2,1,29,9833,0,0,30
engine_execution,resource_release_failure,2,1,30,9916,0,0,31
engine_execution,resource_release_failure,2,1,31,9875,0,0,32
engine_execution,resource_release_failure,2,1,32,9583,0,0,33
engine_execution,resource_release_failure,2,1,33,10209,0,0,34
engine_execution,resource_release_failure,2,1,34,11833,0,0,35
engine_execution,resource_release_failure,2,1,35,12916,0,0,36
engine_execution,resource_release_failure,2,1,36,12625,0,0,37
engine_execution,resource_release_failure,2,1,37,10291,0,0,38
engine_execution,resource_release_failure,2,1,38,10125,0,0,39
engine_execution,resource_release_failure,2,1,39,9917,0,0,40
engine_execution_alloc,resource_release_failure,2,1,0,0,222,20689,23131
engine_execution,resource_startup_failure,2,1,0,9542,0,0,3
engine_execution,resource_startup_failure,2,1,1,9667,0,0,3
engine_execution,resource_startup_failure,2,1,2,9583,0,0,3
engine_execution,resource_startup_failure,2,1,3,9708,0,0,3
engine_execution,resource_startup_failure,2,1,4,9917,0,0,3
engine_execution,resource_startup_failure,2,1,5,9875,0,0,3
engine_execution,resource_startup_failure,2,1,6,9667,0,0,3
engine_execution,resource_startup_failure,2,1,7,9666,0,0,3
engine_execution,resource_startup_failure,2,1,8,9625,0,0,3
engine_execution,resource_startup_failure,2,1,9,9541,0,0,3
engine_execution,resource_startup_failure,2,1,10,9792,0,0,3
engine_execution,resource_startup_failure,2,1,11,9666,0,0,3
engine_execution,resource_startup_failure,2,1,12,9792,0,0,3
engine_execution,resource_startup_failure,2,1,13,9834,0,0,3
engine_execution,resource_startup_failure,2,1,14,9667,0,0,3
engine_execution,resource_startup_failure,2,1,15,9625,0,0,3
engine_execution,resource_startup_failure,2,1,16,9708,0,0,3
engine_execution,resource_startup_failure,2,1,17,9666,0,0,3
engine_execution,resource_startup_failure,2,1,18,9667,0,0,3
engine_execution,resource_startup_failure,2,1,19,9417,0,0,3
engine_execution,resource_startup_failure,2,1,20,9542,0,0,3
engine_execution,resource_startup_failure,2,1,21,10125,0,0,3
engine_execution,resource_startup_failure,2,1,22,9834,0,0,3
engine_execution,resource_startup_failure,2,1,23,9792,0,0,3
engine_execution,resource_startup_failure,2,1,24,9833,0,0,3
engine_execution,resource_startup_failure,2,1,25,9625,0,0,3
engine_execution,resource_startup_failure,2,1,26,9792,0,0,3
engine_execution,resource_startup_failure,2,1,27,9666,0,0,3
engine_execution,resource_startup_failure,2,1,28,9709,0,0,3
engine_execution,resource_startup_failure,2,1,29,9750,0,0,3
engine_execution,resource_startup_failure,2,1,30,9625,0,0,3
engine_execution,resource_startup_failure,2,1,31,9708,0,0,3
engine_execution,resource_startup_failure,2,1,32,9834,0,0,3
engine_execution,resource_startup_failure,2,1,33,9584,0,0,3
engine_execution,resource_startup_failure,2,1,34,9584,0,0,3
engine_execution,resource_startup_failure,2,1,35,9709,0,0,3
engine_execution,resource_startup_failure,2,1,36,9833,0,0,3
engine_execution,resource_startup_failure,2,1,37,9833,0,0,3
engine_execution,resource_startup_failure,2,1,38,9750,0,0,3
engine_execution,resource_startup_failure,2,1,39,9792,0,0,3
engine_execution_alloc,resource_startup_failure,2,1,0,0,219,20993,3
engine_execution,resource_cleanup_error_upstream,3,1,0,14500,0,0,0
engine_execution,resource_cleanup_error_upstream,3,1,1,14333,0,0,1
engine_execution,resource_cleanup_error_upstream,3,1,2,14583,0,0,2
engine_execution,resource_cleanup_error_upstream,3,1,3,14541,0,0,3
engine_execution,resource_cleanup_error_upstream,3,1,4,14542,0,0,4
engine_execution,resource_cleanup_error_upstream,3,1,5,14458,0,0,5
engine_execution,resource_cleanup_error_upstream,3,1,6,14750,0,0,6
engine_execution,resource_cleanup_error_upstream,3,1,7,14541,0,0,7
engine_execution,resource_cleanup_error_upstream,3,1,8,14417,0,0,8
engine_execution,resource_cleanup_error_upstream,3,1,9,14209,0,0,9
engine_execution,resource_cleanup_error_upstream,3,1,10,14250,0,0,10
engine_execution,resource_cleanup_error_upstream,3,1,11,14417,0,0,11
engine_execution,resource_cleanup_error_upstream,3,1,12,14625,0,0,12
engine_execution,resource_cleanup_error_upstream,3,1,13,14417,0,0,13
engine_execution,resource_cleanup_error_upstream,3,1,14,14375,0,0,14
engine_execution,resource_cleanup_error_upstream,3,1,15,14292,0,0,15
engine_execution,resource_cleanup_error_upstream,3,1,16,14625,0,0,16
engine_execution,resource_cleanup_error_upstream,3,1,17,14458,0,0,17
engine_execution,resource_cleanup_error_upstream,3,1,18,14542,0,0,18
engine_execution,resource_cleanup_error_upstream,3,1,19,14666,0,0,19
engine_execution,resource_cleanup_error_upstream,3,1,20,14208,0,0,20
engine_execution,resource_cleanup_error_upstream,3,1,21,14417,0,0,21
engine_execution,resource_cleanup_error_upstream,3,1,22,14416,0,0,22
engine_execution,resource_cleanup_error_upstream,3,1,23,14417,0,0,23
engine_execution,resource_cleanup_error_upstream,3,1,24,14417,0,0,24
engine_execution,resource_cleanup_error_upstream,3,1,25,15625,0,0,25
engine_execution,resource_cleanup_error_upstream,3,1,26,18292,0,0,26
engine_execution,resource_cleanup_error_upstream,3,1,27,14708,0,0,27
engine_execution,resource_cleanup_error_upstream,3,1,28,14750,0,0,28
engine_execution,resource_cleanup_error_upstream,3,1,29,17667,0,0,29
engine_execution,resource_cleanup_error_upstream,3,1,30,16167,0,0,30
engine_execution,resource_cleanup_error_upstream,3,1,31,15584,0,0,31
engine_execution,resource_cleanup_error_upstream,3,1,32,15000,0,0,32
engine_execution,resource_cleanup_error_upstream,3,1,33,14625,0,0,33
engine_execution,resource_cleanup_error_upstream,3,1,34,16000,0,0,34
engine_execution,resource_cleanup_error_upstream,3,1,35,18042,0,0,35
engine_execution,resource_cleanup_error_upstream,3,1,36,15417,0,0,36
engine_execution,resource_cleanup_error_upstream,3,1,37,15041,0,0,37
engine_execution,resource_cleanup_error_upstream,3,1,38,14625,0,0,38
engine_execution,resource_cleanup_error_upstream,3,1,39,14417,0,0,39
engine_execution_alloc,resource_cleanup_error_upstream,3,1,0,0,326,26919,23130
engine_execution,resource_cancel_after_acquire,1,0,0,13917,0,0,3
engine_execution,resource_cancel_after_acquire,1,0,1,8792,0,0,3
engine_execution,resource_cancel_after_acquire,1,0,2,8417,0,0,3
engine_execution,resource_cancel_after_acquire,1,0,3,7917,0,0,3
engine_execution,resource_cancel_after_acquire,1,0,4,8167,0,0,3
engine_execution,resource_cancel_after_acquire,1,0,5,7875,0,0,3
engine_execution,resource_cancel_after_acquire,1,0,6,9875,0,0,3
engine_execution,resource_cancel_after_acquire,1,0,7,8292,0,0,3
engine_execution,resource_cancel_after_acquire,1,0,8,8041,0,0,3
engine_execution,resource_cancel_after_acquire,1,0,9,7917,0,0,3
engine_execution,resource_cancel_after_acquire,1,0,10,7750,0,0,3
engine_execution,resource_cancel_after_acquire,1,0,11,8000,0,0,3
engine_execution,resource_cancel_after_acquire,1,0,12,8125,0,0,3
engine_execution,resource_cancel_after_acquire,1,0,13,8084,0,0,3
engine_execution,resource_cancel_after_acquire,1,0,14,8000,0,0,3
engine_execution,resource_cancel_after_acquire,1,0,15,8000,0,0,3
engine_execution,resource_cancel_after_acquire,1,0,16,8000,0,0,3
engine_execution,resource_cancel_after_acquire,1,0,17,8084,0,0,3
engine_execution,resource_cancel_after_acquire,1,0,18,7875,0,0,3
engine_execution,resource_cancel_after_acquire,1,0,19,7958,0,0,3
engine_execution,resource_cancel_after_acquire,1,0,20,7959,0,0,3
engine_execution,resource_cancel_after_acquire,1,0,21,7834,0,0,3
engine_execution,resource_cancel_after_acquire,1,0,22,8000,0,0,3
engine_execution,resource_cancel_after_acquire,1,0,23,8000,0,0,3
engine_execution,resource_cancel_after_acquire,1,0,24,7875,0,0,3
engine_execution,resource_cancel_after_acquire,1,0,25,7750,0,0,3
engine_execution,resource_cancel_after_acquire,1,0,26,7875,0,0,3
engine_execution,resource_cancel_after_acquire,1,0,27,7792,0,0,3
engine_execution,resource_cancel_after_acquire,1,0,28,8000,0,0,3
engine_execution,resource_cancel_after_acquire,1,0,29,7792,0,0,3
engine_execution,resource_cancel_after_acquire,1,0,30,8167,0,0,3
engine_execution,resource_cancel_after_acquire,1,0,31,7792,0,0,3
engine_execution,resource_cancel_after_acquire,1,0,32,7958,0,0,3
engine_execution,resource_cancel_after_acquire,1,0,33,8041,0,0,3
engine_execution,resource_cancel_after_acquire,1,0,34,7875,0,0,3
engine_execution,resource_cancel_after_acquire,1,0,35,8083,0,0,3
engine_execution,resource_cancel_after_acquire,1,0,36,8292,0,0,3
engine_execution,resource_cancel_after_acquire,1,0,37,7833,0,0,3
engine_execution,resource_cancel_after_acquire,1,0,38,8417,0,0,3
engine_execution,resource_cancel_after_acquire,1,0,39,8042,0,0,3
engine_execution,effect_known_receipt,1,0,0,6958,0,0,1
engine_execution,effect_known_receipt,1,0,1,6833,0,0,0
engine_execution,effect_known_receipt,1,0,2,7042,0,0,3
engine_execution,effect_known_receipt,1,0,3,7292,0,0,2
engine_execution,effect_known_receipt,1,0,4,7000,0,0,5
engine_execution,effect_known_receipt,1,0,5,6750,0,0,4
engine_execution,effect_known_receipt,1,0,6,7000,0,0,7
engine_execution,effect_known_receipt,1,0,7,6958,0,0,6
engine_execution,effect_known_receipt,1,0,8,7000,0,0,9
engine_execution,effect_known_receipt,1,0,9,6833,0,0,8
engine_execution,effect_known_receipt,1,0,10,7000,0,0,11
engine_execution,effect_known_receipt,1,0,11,7000,0,0,10
engine_execution,effect_known_receipt,1,0,12,7208,0,0,13
engine_execution,effect_known_receipt,1,0,13,6709,0,0,12
engine_execution,effect_known_receipt,1,0,14,7042,0,0,15
engine_execution,effect_known_receipt,1,0,15,6875,0,0,14
engine_execution,effect_known_receipt,1,0,16,7000,0,0,17
engine_execution,effect_known_receipt,1,0,17,6917,0,0,16
engine_execution,effect_known_receipt,1,0,18,6791,0,0,19
engine_execution,effect_known_receipt,1,0,19,7000,0,0,18
engine_execution,effect_known_receipt,1,0,20,7125,0,0,21
engine_execution,effect_known_receipt,1,0,21,6875,0,0,20
engine_execution,effect_known_receipt,1,0,22,6875,0,0,23
engine_execution,effect_known_receipt,1,0,23,6791,0,0,22
engine_execution,effect_known_receipt,1,0,24,6833,0,0,25
engine_execution,effect_known_receipt,1,0,25,6875,0,0,24
engine_execution,effect_known_receipt,1,0,26,7541,0,0,27
engine_execution,effect_known_receipt,1,0,27,8583,0,0,26
engine_execution,effect_known_receipt,1,0,28,8583,0,0,29
engine_execution,effect_known_receipt,1,0,29,6875,0,0,28
engine_execution,effect_known_receipt,1,0,30,7125,0,0,31
engine_execution,effect_known_receipt,1,0,31,6958,0,0,30
engine_execution,effect_known_receipt,1,0,32,7125,0,0,33
engine_execution,effect_known_receipt,1,0,33,7041,0,0,32
engine_execution,effect_known_receipt,1,0,34,7084,0,0,35
engine_execution,effect_known_receipt,1,0,35,7041,0,0,34
engine_execution,effect_known_receipt,1,0,36,7125,0,0,37
engine_execution,effect_known_receipt,1,0,37,7250,0,0,36
engine_execution,effect_known_receipt,1,0,38,7041,0,0,39
engine_execution,effect_known_receipt,1,0,39,7459,0,0,38
engine_execution_alloc,effect_known_receipt,1,0,0,0,158,15522,23131
engine_execution,retry_one_failure,1,0,0,6792,0,0,1
engine_execution,retry_one_failure,1,0,1,6834,0,0,0
engine_execution,retry_one_failure,1,0,2,6667,0,0,3
engine_execution,retry_one_failure,1,0,3,6750,0,0,2
engine_execution,retry_one_failure,1,0,4,6708,0,0,5
engine_execution,retry_one_failure,1,0,5,6875,0,0,4
engine_execution,retry_one_failure,1,0,6,6917,0,0,7
engine_execution,retry_one_failure,1,0,7,6667,0,0,6
engine_execution,retry_one_failure,1,0,8,6959,0,0,9
engine_execution,retry_one_failure,1,0,9,6709,0,0,8
engine_execution,retry_one_failure,1,0,10,6708,0,0,11
engine_execution,retry_one_failure,1,0,11,6750,0,0,10
engine_execution,retry_one_failure,1,0,12,6750,0,0,13
engine_execution,retry_one_failure,1,0,13,6834,0,0,12
engine_execution,retry_one_failure,1,0,14,6666,0,0,15
engine_execution,retry_one_failure,1,0,15,6958,0,0,14
engine_execution,retry_one_failure,1,0,16,6875,0,0,17
engine_execution,retry_one_failure,1,0,17,6625,0,0,16
engine_execution,retry_one_failure,1,0,18,6959,0,0,19
engine_execution,retry_one_failure,1,0,19,6750,0,0,18
engine_execution,retry_one_failure,1,0,20,7000,0,0,21
engine_execution,retry_one_failure,1,0,21,6958,0,0,20
engine_execution,retry_one_failure,1,0,22,6917,0,0,23
engine_execution,retry_one_failure,1,0,23,6791,0,0,22
engine_execution,retry_one_failure,1,0,24,9000,0,0,25
engine_execution,retry_one_failure,1,0,25,8750,0,0,24
engine_execution,retry_one_failure,1,0,26,7167,0,0,27
engine_execution,retry_one_failure,1,0,27,6792,0,0,26
engine_execution,retry_one_failure,1,0,28,7000,0,0,29
engine_execution,retry_one_failure,1,0,29,6917,0,0,28
engine_execution,retry_one_failure,1,0,30,7041,0,0,31
engine_execution,retry_one_failure,1,0,31,8500,0,0,30
engine_execution,retry_one_failure,1,0,32,8667,0,0,33
engine_execution,retry_one_failure,1,0,33,8334,0,0,32
engine_execution,retry_one_failure,1,0,34,6959,0,0,35
engine_execution,retry_one_failure,1,0,35,7417,0,0,34
engine_execution,retry_one_failure,1,0,36,6875,0,0,37
engine_execution,retry_one_failure,1,0,37,7166,0,0,36
engine_execution,retry_one_failure,1,0,38,6833,0,0,39
engine_execution,retry_one_failure,1,0,39,6708,0,0,38
engine_execution_alloc,retry_one_failure,1,0,0,0,161,15681,23131
engine_execution,component_flat,10,9,0,25625,0,0,0
engine_execution,component_flat,10,9,1,25667,0,0,1
engine_execution,component_flat,10,9,2,26042,0,0,2
engine_execution,component_flat,10,9,3,25625,0,0,3
engine_execution,component_flat,10,9,4,25500,0,0,4
engine_execution,component_flat,10,9,5,25292,0,0,5
engine_execution,component_flat,10,9,6,25625,0,0,6
engine_execution,component_flat,10,9,7,25250,0,0,7
engine_execution,component_flat,10,9,8,25750,0,0,8
engine_execution,component_flat,10,9,9,25292,0,0,9
engine_execution,component_flat,10,9,10,25167,0,0,10
engine_execution,component_flat,10,9,11,25333,0,0,11
engine_execution,component_flat,10,9,12,26000,0,0,12
engine_execution,component_flat,10,9,13,26084,0,0,13
engine_execution,component_flat,10,9,14,25834,0,0,14
engine_execution,component_flat,10,9,15,25167,0,0,15
engine_execution,component_flat,10,9,16,25916,0,0,16
engine_execution,component_flat,10,9,17,25708,0,0,17
engine_execution,component_flat,10,9,18,25792,0,0,18
engine_execution,component_flat,10,9,19,25416,0,0,19
engine_execution,component_flat,10,9,20,25917,0,0,20
engine_execution,component_flat,10,9,21,25500,0,0,21
engine_execution,component_flat,10,9,22,25542,0,0,22
engine_execution,component_flat,10,9,23,25167,0,0,23
engine_execution,component_flat,10,9,24,25458,0,0,24
engine_execution,component_flat,10,9,25,25250,0,0,25
engine_execution,component_flat,10,9,26,25292,0,0,26
engine_execution,component_flat,10,9,27,25333,0,0,27
engine_execution,component_flat,10,9,28,25625,0,0,28
engine_execution,component_flat,10,9,29,25583,0,0,29
engine_execution,component_flat,10,9,30,25958,0,0,30
engine_execution,component_flat,10,9,31,25333,0,0,31
engine_execution,component_flat,10,9,32,25458,0,0,32
engine_execution,component_flat,10,9,33,25167,0,0,33
engine_execution,component_flat,10,9,34,25625,0,0,34
engine_execution,component_flat,10,9,35,25500,0,0,35
engine_execution,component_flat,10,9,36,25833,0,0,36
engine_execution,component_flat,10,9,37,25333,0,0,37
engine_execution,component_flat,10,9,38,25458,0,0,38
engine_execution,component_flat,10,9,39,25375,0,0,39
engine_execution_alloc,component_flat,10,9,0,0,589,46368,23130
engine_execution,component_nested,13,12,0,34875,0,0,0
engine_execution,component_nested,13,12,1,34625,0,0,1
engine_execution,component_nested,13,12,2,34791,0,0,2
engine_execution,component_nested,13,12,3,35375,0,0,3
engine_execution,component_nested,13,12,4,35375,0,0,4
engine_execution,component_nested,13,12,5,34875,0,0,5
engine_execution,component_nested,13,12,6,35042,0,0,6
engine_execution,component_nested,13,12,7,35042,0,0,7
engine_execution,component_nested,13,12,8,35208,0,0,8
engine_execution,component_nested,13,12,9,34875,0,0,9
engine_execution,component_nested,13,12,10,34833,0,0,10
engine_execution,component_nested,13,12,11,35208,0,0,11
engine_execution,component_nested,13,12,12,35500,0,0,12
engine_execution,component_nested,13,12,13,35875,0,0,13
engine_execution,component_nested,13,12,14,35416,0,0,14
engine_execution,component_nested,13,12,15,35459,0,0,15
engine_execution,component_nested,13,12,16,37459,0,0,16
engine_execution,component_nested,13,12,17,35417,0,0,17
engine_execution,component_nested,13,12,18,35416,0,0,18
engine_execution,component_nested,13,12,19,35125,0,0,19
engine_execution,component_nested,13,12,20,39208,0,0,20
engine_execution,component_nested,13,12,21,36458,0,0,21
engine_execution,component_nested,13,12,22,35459,0,0,22
engine_execution,component_nested,13,12,23,35042,0,0,23
engine_execution,component_nested,13,12,24,34708,0,0,24
engine_execution,component_nested,13,12,25,35125,0,0,25
engine_execution,component_nested,13,12,26,35084,0,0,26
engine_execution,component_nested,13,12,27,35375,0,0,27
engine_execution,component_nested,13,12,28,35125,0,0,28
engine_execution,component_nested,13,12,29,35542,0,0,29
engine_execution,component_nested,13,12,30,34959,0,0,30
engine_execution,component_nested,13,12,31,35041,0,0,31
engine_execution,component_nested,13,12,32,35125,0,0,32
engine_execution,component_nested,13,12,33,34958,0,0,33
engine_execution,component_nested,13,12,34,35042,0,0,34
engine_execution,component_nested,13,12,35,35125,0,0,35
engine_execution,component_nested,13,12,36,34875,0,0,36
engine_execution,component_nested,13,12,37,35042,0,0,37
engine_execution,component_nested,13,12,38,35250,0,0,38
engine_execution,component_nested,13,12,39,35292,0,0,39
engine_execution_alloc,component_nested,13,12,0,0,875,61257,23130
engine_execution,component_flat,100,99,0,276542,0,0,1
engine_execution,component_flat,100,99,1,275792,0,0,0
engine_execution,component_flat,100,99,2,276916,0,0,3
engine_execution,component_flat,100,99,3,276542,0,0,2
engine_execution,component_flat,100,99,4,275459,0,0,5
engine_execution,component_flat,100,99,5,277917,0,0,4
engine_execution,component_flat,100,99,6,277250,0,0,7
engine_execution,component_flat,100,99,7,277334,0,0,6
engine_execution,component_flat,100,99,8,274750,0,0,9
engine_execution,component_flat,100,99,9,274666,0,0,8
engine_execution,component_flat,100,99,10,275792,0,0,11
engine_execution,component_flat,100,99,11,274334,0,0,10
engine_execution,component_flat,100,99,12,276375,0,0,13
engine_execution,component_flat,100,99,13,278875,0,0,12
engine_execution,component_flat,100,99,14,275000,0,0,15
engine_execution,component_flat,100,99,15,275834,0,0,14
engine_execution,component_flat,100,99,16,276875,0,0,17
engine_execution,component_flat,100,99,17,274667,0,0,16
engine_execution,component_flat,100,99,18,273875,0,0,19
engine_execution,component_flat,100,99,19,274000,0,0,18
engine_execution,component_flat,100,99,20,275250,0,0,21
engine_execution,component_flat,100,99,21,274625,0,0,20
engine_execution,component_flat,100,99,22,273875,0,0,23
engine_execution,component_flat,100,99,23,273833,0,0,22
engine_execution,component_flat,100,99,24,277333,0,0,25
engine_execution,component_flat,100,99,25,274416,0,0,24
engine_execution,component_flat,100,99,26,275750,0,0,27
engine_execution,component_flat,100,99,27,276417,0,0,26
engine_execution,component_flat,100,99,28,275791,0,0,29
engine_execution,component_flat,100,99,29,276750,0,0,28
engine_execution,component_flat,100,99,30,276041,0,0,31
engine_execution,component_flat,100,99,31,277000,0,0,30
engine_execution,component_flat,100,99,32,282500,0,0,33
engine_execution,component_flat,100,99,33,293750,0,0,32
engine_execution,component_flat,100,99,34,281958,0,0,35
engine_execution,component_flat,100,99,35,281708,0,0,34
engine_execution,component_flat,100,99,36,290292,0,0,37
engine_execution,component_flat,100,99,37,297333,0,0,36
engine_execution,component_flat,100,99,38,288208,0,0,39
engine_execution,component_flat,100,99,39,298916,0,0,38
engine_execution_alloc,component_flat,100,99,0,0,5366,523200,23131
engine_execution,component_nested,103,102,0,340750,0,0,1
engine_execution,component_nested,103,102,1,339166,0,0,0
engine_execution,component_nested,103,102,2,339833,0,0,3
engine_execution,component_nested,103,102,3,338625,0,0,2
engine_execution,component_nested,103,102,4,340375,0,0,5
engine_execution,component_nested,103,102,5,340166,0,0,4
engine_execution,component_nested,103,102,6,340125,0,0,7
engine_execution,component_nested,103,102,7,343083,0,0,6
engine_execution,component_nested,103,102,8,346125,0,0,9
engine_execution,component_nested,103,102,9,339750,0,0,8
engine_execution,component_nested,103,102,10,338625,0,0,11
engine_execution,component_nested,103,102,11,339375,0,0,10
engine_execution,component_nested,103,102,12,339375,0,0,13
engine_execution,component_nested,103,102,13,340125,0,0,12
engine_execution,component_nested,103,102,14,343458,0,0,15
engine_execution,component_nested,103,102,15,339833,0,0,14
engine_execution,component_nested,103,102,16,341458,0,0,17
engine_execution,component_nested,103,102,17,342333,0,0,16
engine_execution,component_nested,103,102,18,339541,0,0,19
engine_execution,component_nested,103,102,19,339542,0,0,18
engine_execution,component_nested,103,102,20,340125,0,0,21
engine_execution,component_nested,103,102,21,340375,0,0,20
engine_execution,component_nested,103,102,22,352125,0,0,23
engine_execution,component_nested,103,102,23,352250,0,0,22
engine_execution,component_nested,103,102,24,347083,0,0,25
engine_execution,component_nested,103,102,25,338833,0,0,24
engine_execution,component_nested,103,102,26,364708,0,0,27
engine_execution,component_nested,103,102,27,350875,0,0,26
engine_execution,component_nested,103,102,28,335417,0,0,29
engine_execution,component_nested,103,102,29,334209,0,0,28
engine_execution,component_nested,103,102,30,335125,0,0,31
engine_execution,component_nested,103,102,31,332959,0,0,30
engine_execution,component_nested,103,102,32,333834,0,0,33
engine_execution,component_nested,103,102,33,341292,0,0,32
engine_execution,component_nested,103,102,34,333541,0,0,35
engine_execution,component_nested,103,102,35,335833,0,0,34
engine_execution,component_nested,103,102,36,359667,0,0,37
engine_execution,component_nested,103,102,37,340750,0,0,36
engine_execution,component_nested,103,102,38,342083,0,0,39
engine_execution,component_nested,103,102,39,349458,0,0,38
engine_execution_alloc,component_nested,103,102,0,0,6642,655449,23131
plan_build,component_repeated_typed_2,2,2,0,12625,0,0,25
plan_build,component_repeated_typed_2,2,2,1,5459,0,0,25
plan_build,component_repeated_typed_2,2,2,2,4542,0,0,25
plan_build,component_repeated_typed_2,2,2,3,4458,0,0,25
plan_build,component_repeated_typed_2,2,2,4,4292,0,0,25
plan_build,component_repeated_typed_2,2,2,5,4209,0,0,25
plan_build,component_repeated_typed_2,2,2,6,4292,0,0,25
plan_build,component_repeated_typed_2,2,2,7,4250,0,0,25
plan_build,component_repeated_typed_2,2,2,8,4292,0,0,25
plan_build,component_repeated_typed_2,2,2,9,4250,0,0,25
plan_build,component_repeated_typed_2,2,2,10,4333,0,0,25
plan_build,component_repeated_typed_2,2,2,11,4208,0,0,25
plan_build,component_repeated_typed_2,2,2,12,4250,0,0,25
plan_build,component_repeated_typed_2,2,2,13,4208,0,0,25
plan_build,component_repeated_typed_2,2,2,14,4250,0,0,25
plan_build,component_repeated_typed_2,2,2,15,4333,0,0,25
plan_build,component_repeated_typed_2,2,2,16,4209,0,0,25
plan_build,component_repeated_typed_2,2,2,17,4291,0,0,25
plan_build,component_repeated_typed_2,2,2,18,4292,0,0,25
plan_build,component_repeated_typed_2,2,2,19,4209,0,0,25
plan_build_alloc,component_repeated_typed_2,2,2,0,0,134,19521,25
engine_execution,component_repeated_typed_2,2,2,0,12250,0,0,3
engine_execution,component_repeated_typed_2,2,2,1,12917,0,0,2
engine_execution,component_repeated_typed_2,2,2,2,12334,0,0,5
engine_execution,component_repeated_typed_2,2,2,3,11958,0,0,4
engine_execution,component_repeated_typed_2,2,2,4,12458,0,0,7
engine_execution,component_repeated_typed_2,2,2,5,12042,0,0,6
engine_execution,component_repeated_typed_2,2,2,6,12125,0,0,9
engine_execution,component_repeated_typed_2,2,2,7,12292,0,0,8
engine_execution,component_repeated_typed_2,2,2,8,12167,0,0,11
engine_execution,component_repeated_typed_2,2,2,9,12125,0,0,10
engine_execution,component_repeated_typed_2,2,2,10,12166,0,0,13
engine_execution,component_repeated_typed_2,2,2,11,12167,0,0,12
engine_execution,component_repeated_typed_2,2,2,12,12250,0,0,15
engine_execution,component_repeated_typed_2,2,2,13,12042,0,0,14
engine_execution,component_repeated_typed_2,2,2,14,12292,0,0,17
engine_execution,component_repeated_typed_2,2,2,15,12125,0,0,16
engine_execution,component_repeated_typed_2,2,2,16,12333,0,0,19
engine_execution,component_repeated_typed_2,2,2,17,12041,0,0,18
engine_execution,component_repeated_typed_2,2,2,18,12375,0,0,21
engine_execution,component_repeated_typed_2,2,2,19,12167,0,0,20
engine_execution,component_repeated_typed_2,2,2,20,12416,0,0,23
engine_execution,component_repeated_typed_2,2,2,21,11917,0,0,22
engine_execution,component_repeated_typed_2,2,2,22,12125,0,0,25
engine_execution,component_repeated_typed_2,2,2,23,12083,0,0,24
engine_execution,component_repeated_typed_2,2,2,24,12167,0,0,27
engine_execution,component_repeated_typed_2,2,2,25,12084,0,0,26
engine_execution,component_repeated_typed_2,2,2,26,12209,0,0,29
engine_execution,component_repeated_typed_2,2,2,27,12375,0,0,28
engine_execution,component_repeated_typed_2,2,2,28,12209,0,0,31
engine_execution,component_repeated_typed_2,2,2,29,12291,0,0,30
engine_execution,component_repeated_typed_2,2,2,30,12125,0,0,33
engine_execution,component_repeated_typed_2,2,2,31,12083,0,0,32
engine_execution,component_repeated_typed_2,2,2,32,12250,0,0,35
engine_execution,component_repeated_typed_2,2,2,33,12042,0,0,34
engine_execution,component_repeated_typed_2,2,2,34,12208,0,0,37
engine_execution,component_repeated_typed_2,2,2,35,12083,0,0,36
engine_execution,component_repeated_typed_2,2,2,36,12291,0,0,39
engine_execution,component_repeated_typed_2,2,2,37,12000,0,0,38
engine_execution,component_repeated_typed_2,2,2,38,12041,0,0,41
engine_execution,component_repeated_typed_2,2,2,39,11917,0,0,40
engine_execution_alloc,component_repeated_typed_2,2,2,0,0,314,25438,23133
plan_build,component_repeated_typed_10,10,10,0,22542,0,0,25
plan_build,component_repeated_typed_10,10,10,1,17625,0,0,25
plan_build,component_repeated_typed_10,10,10,2,16209,0,0,25
plan_build,component_repeated_typed_10,10,10,3,15959,0,0,25
plan_build,component_repeated_typed_10,10,10,4,15750,0,0,25
plan_build,component_repeated_typed_10,10,10,5,15667,0,0,25
plan_build,component_repeated_typed_10,10,10,6,15666,0,0,25
plan_build,component_repeated_typed_10,10,10,7,15792,0,0,25
plan_build,component_repeated_typed_10,10,10,8,15416,0,0,25
plan_build,component_repeated_typed_10,10,10,9,15708,0,0,25
plan_build,component_repeated_typed_10,10,10,10,15542,0,0,25
plan_build,component_repeated_typed_10,10,10,11,15709,0,0,25
plan_build,component_repeated_typed_10,10,10,12,15541,0,0,25
plan_build,component_repeated_typed_10,10,10,13,15834,0,0,25
plan_build,component_repeated_typed_10,10,10,14,15334,0,0,25
plan_build,component_repeated_typed_10,10,10,15,15625,0,0,25
plan_build,component_repeated_typed_10,10,10,16,15750,0,0,25
plan_build,component_repeated_typed_10,10,10,17,15541,0,0,25
plan_build,component_repeated_typed_10,10,10,18,15625,0,0,25
plan_build,component_repeated_typed_10,10,10,19,15792,0,0,25
plan_build_alloc,component_repeated_typed_10,10,10,0,0,460,93329,25
engine_execution,component_repeated_typed_10,10,10,0,55375,0,0,11
engine_execution,component_repeated_typed_10,10,10,1,55250,0,0,10
engine_execution,component_repeated_typed_10,10,10,2,54834,0,0,13
engine_execution,component_repeated_typed_10,10,10,3,55042,0,0,12
engine_execution,component_repeated_typed_10,10,10,4,55500,0,0,15
engine_execution,component_repeated_typed_10,10,10,5,54791,0,0,14
engine_execution,component_repeated_typed_10,10,10,6,56250,0,0,17
engine_execution,component_repeated_typed_10,10,10,7,55292,0,0,16
engine_execution,component_repeated_typed_10,10,10,8,55209,0,0,19
engine_execution,component_repeated_typed_10,10,10,9,55041,0,0,18
engine_execution,component_repeated_typed_10,10,10,10,55083,0,0,21
engine_execution,component_repeated_typed_10,10,10,11,55250,0,0,20
engine_execution,component_repeated_typed_10,10,10,12,55000,0,0,23
engine_execution,component_repeated_typed_10,10,10,13,61083,0,0,22
engine_execution,component_repeated_typed_10,10,10,14,60625,0,0,25
engine_execution,component_repeated_typed_10,10,10,15,55166,0,0,24
engine_execution,component_repeated_typed_10,10,10,16,55333,0,0,27
engine_execution,component_repeated_typed_10,10,10,17,55125,0,0,26
engine_execution,component_repeated_typed_10,10,10,18,55125,0,0,29
engine_execution,component_repeated_typed_10,10,10,19,55084,0,0,28
engine_execution,component_repeated_typed_10,10,10,20,55167,0,0,31
engine_execution,component_repeated_typed_10,10,10,21,55333,0,0,30
engine_execution,component_repeated_typed_10,10,10,22,60333,0,0,33
engine_execution,component_repeated_typed_10,10,10,23,56250,0,0,32
engine_execution,component_repeated_typed_10,10,10,24,55416,0,0,35
engine_execution,component_repeated_typed_10,10,10,25,54875,0,0,34
engine_execution,component_repeated_typed_10,10,10,26,55125,0,0,37
engine_execution,component_repeated_typed_10,10,10,27,55291,0,0,36
engine_execution,component_repeated_typed_10,10,10,28,55208,0,0,39
engine_execution,component_repeated_typed_10,10,10,29,55375,0,0,38
engine_execution,component_repeated_typed_10,10,10,30,54792,0,0,41
engine_execution,component_repeated_typed_10,10,10,31,55083,0,0,40
engine_execution,component_repeated_typed_10,10,10,32,55208,0,0,43
engine_execution,component_repeated_typed_10,10,10,33,55000,0,0,42
engine_execution,component_repeated_typed_10,10,10,34,55250,0,0,45
engine_execution,component_repeated_typed_10,10,10,35,54917,0,0,44
engine_execution,component_repeated_typed_10,10,10,36,55750,0,0,47
engine_execution,component_repeated_typed_10,10,10,37,55625,0,0,46
engine_execution,component_repeated_typed_10,10,10,38,54917,0,0,49
engine_execution,component_repeated_typed_10,10,10,39,55167,0,0,48
engine_execution_alloc,component_repeated_typed_10,10,10,0,0,1432,97750,23141
plan_build,component_repeated_typed_100,100,100,0,163334,0,0,25
plan_build,component_repeated_typed_100,100,100,1,149500,0,0,25
plan_build,component_repeated_typed_100,100,100,2,143875,0,0,25
plan_build,component_repeated_typed_100,100,100,3,143041,0,0,25
plan_build,component_repeated_typed_100,100,100,4,142417,0,0,25
plan_build,component_repeated_typed_100,100,100,5,142250,0,0,25
plan_build,component_repeated_typed_100,100,100,6,142417,0,0,25
plan_build,component_repeated_typed_100,100,100,7,142167,0,0,25
plan_build,component_repeated_typed_100,100,100,8,142208,0,0,25
plan_build,component_repeated_typed_100,100,100,9,142791,0,0,25
plan_build,component_repeated_typed_100,100,100,10,142167,0,0,25
plan_build,component_repeated_typed_100,100,100,11,142584,0,0,25
plan_build,component_repeated_typed_100,100,100,12,142750,0,0,25
plan_build,component_repeated_typed_100,100,100,13,142875,0,0,25
plan_build,component_repeated_typed_100,100,100,14,142583,0,0,25
plan_build,component_repeated_typed_100,100,100,15,142584,0,0,25
plan_build,component_repeated_typed_100,100,100,16,142292,0,0,25
plan_build,component_repeated_typed_100,100,100,17,143125,0,0,25
plan_build,component_repeated_typed_100,100,100,18,142541,0,0,25
plan_build,component_repeated_typed_100,100,100,19,142042,0,0,25
plan_build_alloc,component_repeated_typed_100,100,100,0,0,3876,807301,25
engine_execution,component_repeated_typed_100,100,100,0,1185584,0,0,101
engine_execution,component_repeated_typed_100,100,100,1,1203667,0,0,100
engine_execution,component_repeated_typed_100,100,100,2,1137292,0,0,103
engine_execution,component_repeated_typed_100,100,100,3,1182500,0,0,102
engine_execution,component_repeated_typed_100,100,100,4,1120583,0,0,105
engine_execution,component_repeated_typed_100,100,100,5,1133709,0,0,104
engine_execution,component_repeated_typed_100,100,100,6,1106458,0,0,107
engine_execution,component_repeated_typed_100,100,100,7,1159875,0,0,106
engine_execution,component_repeated_typed_100,100,100,8,1135791,0,0,109
engine_execution,component_repeated_typed_100,100,100,9,1135625,0,0,108
engine_execution,component_repeated_typed_100,100,100,10,1157542,0,0,111
engine_execution,component_repeated_typed_100,100,100,11,1119917,0,0,110
engine_execution,component_repeated_typed_100,100,100,12,1165292,0,0,113
engine_execution,component_repeated_typed_100,100,100,13,1628833,0,0,112
engine_execution,component_repeated_typed_100,100,100,14,1177792,0,0,115
engine_execution,component_repeated_typed_100,100,100,15,1142375,0,0,114
engine_execution,component_repeated_typed_100,100,100,16,1100125,0,0,117
engine_execution,component_repeated_typed_100,100,100,17,1210333,0,0,116
engine_execution,component_repeated_typed_100,100,100,18,1167583,0,0,119
engine_execution,component_repeated_typed_100,100,100,19,1159292,0,0,118
engine_execution,component_repeated_typed_100,100,100,20,1163541,0,0,121
engine_execution,component_repeated_typed_100,100,100,21,1150833,0,0,120
engine_execution,component_repeated_typed_100,100,100,22,1140500,0,0,123
engine_execution,component_repeated_typed_100,100,100,23,1149125,0,0,122
engine_execution,component_repeated_typed_100,100,100,24,1164584,0,0,125
engine_execution,component_repeated_typed_100,100,100,25,1210042,0,0,124
engine_execution,component_repeated_typed_100,100,100,26,1161333,0,0,127
engine_execution,component_repeated_typed_100,100,100,27,1157708,0,0,126
engine_execution,component_repeated_typed_100,100,100,28,1203750,0,0,129
engine_execution,component_repeated_typed_100,100,100,29,1144375,0,0,128
engine_execution,component_repeated_typed_100,100,100,30,1137083,0,0,131
engine_execution,component_repeated_typed_100,100,100,31,1139000,0,0,130
engine_execution,component_repeated_typed_100,100,100,32,1149042,0,0,133
engine_execution,component_repeated_typed_100,100,100,33,1168458,0,0,132
engine_execution,component_repeated_typed_100,100,100,34,1145291,0,0,135
engine_execution,component_repeated_typed_100,100,100,35,1124250,0,0,134
engine_execution,component_repeated_typed_100,100,100,36,1110250,0,0,137
engine_execution,component_repeated_typed_100,100,100,37,1212250,0,0,136
engine_execution,component_repeated_typed_100,100,100,38,1397125,0,0,139
engine_execution,component_repeated_typed_100,100,100,39,1213667,0,0,138
engine_execution_alloc,component_repeated_typed_100,100,100,0,0,22773,1473510,23231
engine_execution,resident_ready_shutdown,1,0,0,9208,0,0,1
engine_execution,resident_ready_shutdown,1,0,1,8292,0,0,1
engine_execution,resident_ready_shutdown,1,0,2,7917,0,0,1
engine_execution,resident_ready_shutdown,1,0,3,7333,0,0,1
engine_execution,resident_ready_shutdown,1,0,4,7333,0,0,1
engine_execution,resident_ready_shutdown,1,0,5,8166,0,0,1
engine_execution,resident_ready_shutdown,1,0,6,9167,0,0,1
engine_execution,resident_ready_shutdown,1,0,7,9375,0,0,1
engine_execution,resident_ready_shutdown,1,0,8,7209,0,0,1
engine_execution,resident_ready_shutdown,1,0,9,8708,0,0,1
engine_execution,resident_ready_shutdown,1,0,10,9041,0,0,1
engine_execution,resident_ready_shutdown,1,0,11,9042,0,0,1
engine_execution,resident_ready_shutdown,1,0,12,8917,0,0,1
engine_execution,resident_ready_shutdown,1,0,13,8584,0,0,1
engine_execution,resident_ready_shutdown,1,0,14,7125,0,0,1
engine_execution,resident_ready_shutdown,1,0,15,7291,0,0,1
engine_execution,resident_ready_shutdown,1,0,16,7125,0,0,1
engine_execution,resident_ready_shutdown,1,0,17,7125,0,0,1
engine_execution,resident_ready_shutdown,1,0,18,7250,0,0,1
engine_execution,resident_ready_shutdown,1,0,19,7167,0,0,1
engine_execution,resident_ready_shutdown,1,0,20,6958,0,0,1
engine_execution,resident_ready_shutdown,1,0,21,7041,0,0,1
engine_execution,resident_ready_shutdown,1,0,22,7125,0,0,1
engine_execution,resident_ready_shutdown,1,0,23,7084,0,0,1
engine_execution,resident_ready_shutdown,1,0,24,7083,0,0,1
engine_execution,resident_ready_shutdown,1,0,25,7000,0,0,1
engine_execution,resident_ready_shutdown,1,0,26,6916,0,0,1
engine_execution,resident_ready_shutdown,1,0,27,7000,0,0,1
engine_execution,resident_ready_shutdown,1,0,28,6917,0,0,1
engine_execution,resident_ready_shutdown,1,0,29,7125,0,0,1
engine_execution,resident_ready_shutdown,1,0,30,6916,0,0,1
engine_execution,resident_ready_shutdown,1,0,31,7167,0,0,1
engine_execution,resident_ready_shutdown,1,0,32,7042,0,0,1
engine_execution,resident_ready_shutdown,1,0,33,7167,0,0,1
engine_execution,resident_ready_shutdown,1,0,34,7167,0,0,1
engine_execution,resident_ready_shutdown,1,0,35,7084,0,0,1
engine_execution,resident_ready_shutdown,1,0,36,6959,0,0,1
engine_execution,resident_ready_shutdown,1,0,37,7167,0,0,1
engine_execution,resident_ready_shutdown,1,0,38,6917,0,0,1
engine_execution,resident_ready_shutdown,1,0,39,7209,0,0,1
engine_execution,service_restart_stable_handle,1,0,0,11334,0,0,27
engine_execution,service_restart_stable_handle,1,0,1,11625,0,0,30
engine_execution,service_restart_stable_handle,1,0,2,11500,0,0,33
engine_execution,service_restart_stable_handle,1,0,3,13584,0,0,36
engine_execution,service_restart_stable_handle,1,0,4,12084,0,0,39
engine_execution,service_restart_stable_handle,1,0,5,14500,0,0,42
engine_execution,service_restart_stable_handle,1,0,6,14000,0,0,45
engine_execution,service_restart_stable_handle,1,0,7,14166,0,0,48
engine_execution,service_restart_stable_handle,1,0,8,14500,0,0,51
engine_execution,service_restart_stable_handle,1,0,9,14458,0,0,54
engine_execution,service_restart_stable_handle,1,0,10,14792,0,0,57
engine_execution,service_restart_stable_handle,1,0,11,14334,0,0,60
engine_execution,service_restart_stable_handle,1,0,12,14250,0,0,63
engine_execution,service_restart_stable_handle,1,0,13,14750,0,0,66
engine_execution,service_restart_stable_handle,1,0,14,12542,0,0,69
engine_execution,service_restart_stable_handle,1,0,15,11875,0,0,72
engine_execution,service_restart_stable_handle,1,0,16,11625,0,0,75
engine_execution,service_restart_stable_handle,1,0,17,11958,0,0,78
engine_execution,service_restart_stable_handle,1,0,18,11500,0,0,81
engine_execution,service_restart_stable_handle,1,0,19,13708,0,0,84
engine_execution,service_restart_stable_handle,1,0,20,13625,0,0,87
engine_execution,service_restart_stable_handle,1,0,21,14500,0,0,90
engine_execution,service_restart_stable_handle,1,0,22,13208,0,0,93
engine_execution,service_restart_stable_handle,1,0,23,13667,0,0,96
engine_execution,service_restart_stable_handle,1,0,24,11666,0,0,99
engine_execution,service_restart_stable_handle,1,0,25,11625,0,0,102
engine_execution,service_restart_stable_handle,1,0,26,11292,0,0,105
engine_execution,service_restart_stable_handle,1,0,27,10416,0,0,108
engine_execution,service_restart_stable_handle,1,0,28,10292,0,0,111
engine_execution,service_restart_stable_handle,1,0,29,10458,0,0,114
engine_execution,service_restart_stable_handle,1,0,30,10250,0,0,117
engine_execution,service_restart_stable_handle,1,0,31,10166,0,0,120
engine_execution,service_restart_stable_handle,1,0,32,10167,0,0,123
engine_execution,service_restart_stable_handle,1,0,33,10250,0,0,126
engine_execution,service_restart_stable_handle,1,0,34,10208,0,0,129
engine_execution,service_restart_stable_handle,1,0,35,10208,0,0,132
engine_execution,service_restart_stable_handle,1,0,36,12542,0,0,135
engine_execution,service_restart_stable_handle,1,0,37,14250,0,0,138
engine_execution,service_restart_stable_handle,1,0,38,12625,0,0,141
engine_execution,service_restart_stable_handle,1,0,39,11542,0,0,144
engine_execution_alloc,service_restart_stable_handle,1,0,0,0,243,22772,147
engine_execution,service_restart_exhausted,1,0,0,106125,0,0,19
engine_execution,service_restart_exhausted,1,0,1,74334,0,0,21
engine_execution,service_restart_exhausted,1,0,2,15042,0,0,23
engine_execution,service_restart_exhausted,1,0,3,26958,0,0,25
engine_execution,service_restart_exhausted,1,0,4,78750,0,0,27
engine_execution,service_restart_exhausted,1,0,5,40375,0,0,29
engine_execution,service_restart_exhausted,1,0,6,89208,0,0,31
engine_execution,service_restart_exhausted,1,0,7,56500,0,0,33
engine_execution,service_restart_exhausted,1,0,8,71042,0,0,35
engine_execution,service_restart_exhausted,1,0,9,15584,0,0,37
engine_execution,service_restart_exhausted,1,0,10,12250,0,0,39
engine_execution,service_restart_exhausted,1,0,11,11709,0,0,41
engine_execution,service_restart_exhausted,1,0,12,11750,0,0,43
engine_execution,service_restart_exhausted,1,0,13,8500,0,0,45
engine_execution,service_restart_exhausted,1,0,14,8500,0,0,47
engine_execution,service_restart_exhausted,1,0,15,8625,0,0,49
engine_execution,service_restart_exhausted,1,0,16,8125,0,0,51
engine_execution,service_restart_exhausted,1,0,17,8000,0,0,53
engine_execution,service_restart_exhausted,1,0,18,10584,0,0,55
engine_execution,service_restart_exhausted,1,0,19,10625,0,0,57
engine_execution,service_restart_exhausted,1,0,20,10792,0,0,59
engine_execution,service_restart_exhausted,1,0,21,9750,0,0,61
engine_execution,service_restart_exhausted,1,0,22,7834,0,0,63
engine_execution,service_restart_exhausted,1,0,23,8000,0,0,65
engine_execution,service_restart_exhausted,1,0,24,7958,0,0,67
engine_execution,service_restart_exhausted,1,0,25,7917,0,0,69
engine_execution,service_restart_exhausted,1,0,26,8000,0,0,71
engine_execution,service_restart_exhausted,1,0,27,7916,0,0,73
engine_execution,service_restart_exhausted,1,0,28,7875,0,0,75
engine_execution,service_restart_exhausted,1,0,29,7792,0,0,77
engine_execution,service_restart_exhausted,1,0,30,8167,0,0,79
engine_execution,service_restart_exhausted,1,0,31,8625,0,0,81
engine_execution,service_restart_exhausted,1,0,32,8500,0,0,83
engine_execution,service_restart_exhausted,1,0,33,8375,0,0,85
engine_execution,service_restart_exhausted,1,0,34,8416,0,0,87
engine_execution,service_restart_exhausted,1,0,35,8583,0,0,89
engine_execution,service_restart_exhausted,1,0,36,8542,0,0,91
engine_execution,service_restart_exhausted,1,0,37,8417,0,0,93
engine_execution,service_restart_exhausted,1,0,38,8166,0,0,95
engine_execution,service_restart_exhausted,1,0,39,8417,0,0,97
engine_execution_alloc,service_restart_exhausted,1,0,0,0,190,18180,99
engine_execution,dynamic_live_instances_1,3,2,0,31458,0,0,0
engine_execution,dynamic_live_instances_1,3,2,1,28208,0,0,0
engine_execution,dynamic_live_instances_1,3,2,2,28583,0,0,0
engine_execution,dynamic_live_instances_1,3,2,3,28000,0,0,0
engine_execution,dynamic_live_instances_1,3,2,4,28708,0,0,0
engine_execution,dynamic_live_instances_1,3,2,5,27417,0,0,0
engine_execution,dynamic_live_instances_1,3,2,6,26875,0,0,0
engine_execution,dynamic_live_instances_1,3,2,7,26750,0,0,0
engine_execution,dynamic_live_instances_1,3,2,8,27084,0,0,0
engine_execution,dynamic_live_instances_1,3,2,9,26792,0,0,0
engine_execution,dynamic_live_instances_1,3,2,10,26541,0,0,0
engine_execution,dynamic_live_instances_1,3,2,11,31125,0,0,0
engine_execution,dynamic_live_instances_1,3,2,12,27333,0,0,0
engine_execution,dynamic_live_instances_1,3,2,13,27625,0,0,0
engine_execution,dynamic_live_instances_1,3,2,14,27041,0,0,0
engine_execution,dynamic_live_instances_1,3,2,15,26625,0,0,0
engine_execution,dynamic_live_instances_1,3,2,16,26750,0,0,0
engine_execution,dynamic_live_instances_1,3,2,17,26542,0,0,0
engine_execution,dynamic_live_instances_1,3,2,18,27083,0,0,0
engine_execution,dynamic_live_instances_1,3,2,19,26708,0,0,0
engine_execution,dynamic_live_instances_1,3,2,20,26750,0,0,0
engine_execution,dynamic_live_instances_1,3,2,21,26833,0,0,0
engine_execution,dynamic_live_instances_1,3,2,22,27167,0,0,0
engine_execution,dynamic_live_instances_1,3,2,23,26667,0,0,0
engine_execution,dynamic_live_instances_1,3,2,24,26958,0,0,0
engine_execution,dynamic_live_instances_1,3,2,25,26625,0,0,0
engine_execution,dynamic_live_instances_1,3,2,26,29250,0,0,0
engine_execution,dynamic_live_instances_1,3,2,27,29166,0,0,0
engine_execution,dynamic_live_instances_1,3,2,28,27667,0,0,0
engine_execution,dynamic_live_instances_1,3,2,29,31500,0,0,0
engine_execution,dynamic_live_instances_1,3,2,30,27167,0,0,0
engine_execution,dynamic_live_instances_1,3,2,31,27042,0,0,0
engine_execution,dynamic_live_instances_1,3,2,32,27083,0,0,0
engine_execution,dynamic_live_instances_1,3,2,33,27166,0,0,0
engine_execution,dynamic_live_instances_1,3,2,34,27417,0,0,0
engine_execution,dynamic_live_instances_1,3,2,35,27042,0,0,0
engine_execution,dynamic_live_instances_1,3,2,36,27208,0,0,0
engine_execution,dynamic_live_instances_1,3,2,37,27125,0,0,0
engine_execution,dynamic_live_instances_1,3,2,38,27292,0,0,0
engine_execution,dynamic_live_instances_1,3,2,39,27500,0,0,0
engine_execution_alloc,dynamic_live_instances_1,3,2,1,0,642,59565,0
engine_execution,dynamic_live_instances_10,3,2,0,198750,0,0,11
engine_execution,dynamic_live_instances_10,3,2,1,206333,0,0,11
engine_execution,dynamic_live_instances_10,3,2,2,207375,0,0,11
engine_execution,dynamic_live_instances_10,3,2,3,198125,0,0,11
engine_execution,dynamic_live_instances_10,3,2,4,198166,0,0,11
engine_execution,dynamic_live_instances_10,3,2,5,198208,0,0,11
engine_execution,dynamic_live_instances_10,3,2,6,198250,0,0,11
engine_execution,dynamic_live_instances_10,3,2,7,198542,0,0,11
engine_execution,dynamic_live_instances_10,3,2,8,198084,0,0,11
engine_execution,dynamic_live_instances_10,3,2,9,198750,0,0,11
engine_execution,dynamic_live_instances_10,3,2,10,198333,0,0,11
engine_execution,dynamic_live_instances_10,3,2,11,210792,0,0,11
engine_execution,dynamic_live_instances_10,3,2,12,223625,0,0,11
engine_execution,dynamic_live_instances_10,3,2,13,210625,0,0,11
engine_execution,dynamic_live_instances_10,3,2,14,201417,0,0,11
engine_execution,dynamic_live_instances_10,3,2,15,199333,0,0,11
engine_execution,dynamic_live_instances_10,3,2,16,198625,0,0,11
engine_execution,dynamic_live_instances_10,3,2,17,205458,0,0,11
engine_execution,dynamic_live_instances_10,3,2,18,201833,0,0,11
engine_execution,dynamic_live_instances_10,3,2,19,198458,0,0,11
engine_execution,dynamic_live_instances_10,3,2,20,199417,0,0,11
engine_execution,dynamic_live_instances_10,3,2,21,199583,0,0,11
engine_execution,dynamic_live_instances_10,3,2,22,198708,0,0,11
engine_execution,dynamic_live_instances_10,3,2,23,198708,0,0,11
engine_execution,dynamic_live_instances_10,3,2,24,198958,0,0,11
engine_execution,dynamic_live_instances_10,3,2,25,199167,0,0,11
engine_execution,dynamic_live_instances_10,3,2,26,206459,0,0,11
engine_execution,dynamic_live_instances_10,3,2,27,201042,0,0,11
engine_execution,dynamic_live_instances_10,3,2,28,199916,0,0,11
engine_execution,dynamic_live_instances_10,3,2,29,198958,0,0,11
engine_execution,dynamic_live_instances_10,3,2,30,198667,0,0,11
engine_execution,dynamic_live_instances_10,3,2,31,199042,0,0,11
engine_execution,dynamic_live_instances_10,3,2,32,198500,0,0,11
engine_execution,dynamic_live_instances_10,3,2,33,206666,0,0,11
engine_execution,dynamic_live_instances_10,3,2,34,197875,0,0,11
engine_execution,dynamic_live_instances_10,3,2,35,198000,0,0,11
engine_execution,dynamic_live_instances_10,3,2,36,205542,0,0,11
engine_execution,dynamic_live_instances_10,3,2,37,200375,0,0,11
engine_execution,dynamic_live_instances_10,3,2,38,200292,0,0,11
engine_execution,dynamic_live_instances_10,3,2,39,197916,0,0,11
engine_execution_alloc,dynamic_live_instances_10,3,2,10,0,4571,438575,11
engine_execution,dynamic_live_instances_100,3,2,0,4476041,0,0,101
engine_execution,dynamic_live_instances_100,3,2,1,4365541,0,0,101
engine_execution,dynamic_live_instances_100,3,2,2,4402958,0,0,101
engine_execution,dynamic_live_instances_100,3,2,3,4446750,0,0,101
engine_execution,dynamic_live_instances_100,3,2,4,4525208,0,0,101
engine_execution,dynamic_live_instances_100,3,2,5,4420000,0,0,101
engine_execution,dynamic_live_instances_100,3,2,6,4328334,0,0,101
engine_execution,dynamic_live_instances_100,3,2,7,4444459,0,0,101
engine_execution,dynamic_live_instances_100,3,2,8,4423667,0,0,101
engine_execution,dynamic_live_instances_100,3,2,9,4370458,0,0,101
engine_execution,dynamic_live_instances_100,3,2,10,4338584,0,0,101
engine_execution,dynamic_live_instances_100,3,2,11,4392042,0,0,101
engine_execution,dynamic_live_instances_100,3,2,12,4353000,0,0,101
engine_execution,dynamic_live_instances_100,3,2,13,4337167,0,0,101
engine_execution,dynamic_live_instances_100,3,2,14,4362333,0,0,101
engine_execution,dynamic_live_instances_100,3,2,15,4469834,0,0,101
engine_execution,dynamic_live_instances_100,3,2,16,4367959,0,0,101
engine_execution,dynamic_live_instances_100,3,2,17,4355584,0,0,101
engine_execution,dynamic_live_instances_100,3,2,18,4363625,0,0,101
engine_execution,dynamic_live_instances_100,3,2,19,4400167,0,0,101
engine_execution,dynamic_live_instances_100,3,2,20,4360750,0,0,101
engine_execution,dynamic_live_instances_100,3,2,21,4340458,0,0,101
engine_execution,dynamic_live_instances_100,3,2,22,4378000,0,0,101
engine_execution,dynamic_live_instances_100,3,2,23,4630250,0,0,101
engine_execution,dynamic_live_instances_100,3,2,24,4370042,0,0,101
engine_execution,dynamic_live_instances_100,3,2,25,4357250,0,0,101
engine_execution,dynamic_live_instances_100,3,2,26,4348166,0,0,101
engine_execution,dynamic_live_instances_100,3,2,27,4331292,0,0,101
engine_execution,dynamic_live_instances_100,3,2,28,4373750,0,0,101
engine_execution,dynamic_live_instances_100,3,2,29,4317834,0,0,101
engine_execution,dynamic_live_instances_100,3,2,30,4443459,0,0,101
engine_execution,dynamic_live_instances_100,3,2,31,4340125,0,0,101
engine_execution,dynamic_live_instances_100,3,2,32,4316666,0,0,101
engine_execution,dynamic_live_instances_100,3,2,33,4318709,0,0,101
engine_execution,dynamic_live_instances_100,3,2,34,4400250,0,0,101
engine_execution,dynamic_live_instances_100,3,2,35,4432833,0,0,101
engine_execution,dynamic_live_instances_100,3,2,36,4484541,0,0,101
engine_execution,dynamic_live_instances_100,3,2,37,4335542,0,0,101
engine_execution,dynamic_live_instances_100,3,2,38,4461542,0,0,101
engine_execution,dynamic_live_instances_100,3,2,39,4353500,0,0,101
engine_execution_alloc,dynamic_live_instances_100,3,2,100,0,70447,6364163,101
engine_execution,dynamic_sequential_churn_1,2,1,0,24000,0,0,9
engine_execution,dynamic_sequential_churn_1,2,1,1,23583,0,0,10
engine_execution,dynamic_sequential_churn_1,2,1,2,24083,0,0,11
engine_execution,dynamic_sequential_churn_1,2,1,3,24125,0,0,12
engine_execution,dynamic_sequential_churn_1,2,1,4,24041,0,0,13
engine_execution,dynamic_sequential_churn_1,2,1,5,23833,0,0,14
engine_execution,dynamic_sequential_churn_1,2,1,6,23792,0,0,15
engine_execution,dynamic_sequential_churn_1,2,1,7,23583,0,0,16
engine_execution,dynamic_sequential_churn_1,2,1,8,23791,0,0,17
engine_execution,dynamic_sequential_churn_1,2,1,9,24125,0,0,18
engine_execution,dynamic_sequential_churn_1,2,1,10,23500,0,0,19
engine_execution,dynamic_sequential_churn_1,2,1,11,23708,0,0,20
engine_execution,dynamic_sequential_churn_1,2,1,12,23541,0,0,21
engine_execution,dynamic_sequential_churn_1,2,1,13,23750,0,0,22
engine_execution,dynamic_sequential_churn_1,2,1,14,23541,0,0,23
engine_execution,dynamic_sequential_churn_1,2,1,15,23458,0,0,24
engine_execution,dynamic_sequential_churn_1,2,1,16,23792,0,0,25
engine_execution,dynamic_sequential_churn_1,2,1,17,23833,0,0,26
engine_execution,dynamic_sequential_churn_1,2,1,18,24125,0,0,27
engine_execution,dynamic_sequential_churn_1,2,1,19,23625,0,0,28
engine_execution,dynamic_sequential_churn_1,2,1,20,23750,0,0,29
engine_execution,dynamic_sequential_churn_1,2,1,21,23833,0,0,30
engine_execution,dynamic_sequential_churn_1,2,1,22,24084,0,0,31
engine_execution,dynamic_sequential_churn_1,2,1,23,23792,0,0,32
engine_execution,dynamic_sequential_churn_1,2,1,24,23625,0,0,33
engine_execution,dynamic_sequential_churn_1,2,1,25,23625,0,0,34
engine_execution,dynamic_sequential_churn_1,2,1,26,23750,0,0,35
engine_execution,dynamic_sequential_churn_1,2,1,27,23958,0,0,36
engine_execution,dynamic_sequential_churn_1,2,1,28,23708,0,0,37
engine_execution,dynamic_sequential_churn_1,2,1,29,23667,0,0,38
engine_execution,dynamic_sequential_churn_1,2,1,30,23792,0,0,39
engine_execution,dynamic_sequential_churn_1,2,1,31,23917,0,0,40
engine_execution,dynamic_sequential_churn_1,2,1,32,23667,0,0,41
engine_execution,dynamic_sequential_churn_1,2,1,33,23666,0,0,42
engine_execution,dynamic_sequential_churn_1,2,1,34,23375,0,0,43
engine_execution,dynamic_sequential_churn_1,2,1,35,23291,0,0,44
engine_execution,dynamic_sequential_churn_1,2,1,36,23583,0,0,45
engine_execution,dynamic_sequential_churn_1,2,1,37,23458,0,0,46
engine_execution,dynamic_sequential_churn_1,2,1,38,23125,0,0,47
engine_execution,dynamic_sequential_churn_1,2,1,39,23416,0,0,48
engine_execution_alloc,dynamic_sequential_churn_1,2,1,1,0,559,48963,49
engine_execution,dynamic_sequential_churn_10,2,1,0,154292,0,0,90
engine_execution,dynamic_sequential_churn_10,2,1,1,155000,0,0,100
engine_execution,dynamic_sequential_churn_10,2,1,2,155042,0,0,110
engine_execution,dynamic_sequential_churn_10,2,1,3,154583,0,0,120
engine_execution,dynamic_sequential_churn_10,2,1,4,154458,0,0,130
engine_execution,dynamic_sequential_churn_10,2,1,5,154042,0,0,140
engine_execution,dynamic_sequential_churn_10,2,1,6,160875,0,0,150
engine_execution,dynamic_sequential_churn_10,2,1,7,154833,0,0,160
engine_execution,dynamic_sequential_churn_10,2,1,8,154500,0,0,170
engine_execution,dynamic_sequential_churn_10,2,1,9,154292,0,0,180
engine_execution,dynamic_sequential_churn_10,2,1,10,161041,0,0,190
engine_execution,dynamic_sequential_churn_10,2,1,11,159583,0,0,200
engine_execution,dynamic_sequential_churn_10,2,1,12,163083,0,0,210
engine_execution,dynamic_sequential_churn_10,2,1,13,165625,0,0,220
engine_execution,dynamic_sequential_churn_10,2,1,14,161375,0,0,230
engine_execution,dynamic_sequential_churn_10,2,1,15,154042,0,0,240
engine_execution,dynamic_sequential_churn_10,2,1,16,154625,0,0,250
engine_execution,dynamic_sequential_churn_10,2,1,17,154167,0,0,260
engine_execution,dynamic_sequential_churn_10,2,1,18,153708,0,0,270
engine_execution,dynamic_sequential_churn_10,2,1,19,153875,0,0,280
engine_execution,dynamic_sequential_churn_10,2,1,20,154459,0,0,290
engine_execution,dynamic_sequential_churn_10,2,1,21,153125,0,0,300
engine_execution,dynamic_sequential_churn_10,2,1,22,154500,0,0,310
engine_execution,dynamic_sequential_churn_10,2,1,23,152708,0,0,320
engine_execution,dynamic_sequential_churn_10,2,1,24,153208,0,0,330
engine_execution,dynamic_sequential_churn_10,2,1,25,153958,0,0,340
engine_execution,dynamic_sequential_churn_10,2,1,26,154458,0,0,350
engine_execution,dynamic_sequential_churn_10,2,1,27,153542,0,0,360
engine_execution,dynamic_sequential_churn_10,2,1,28,153041,0,0,370
engine_execution,dynamic_sequential_churn_10,2,1,29,153167,0,0,380
engine_execution,dynamic_sequential_churn_10,2,1,30,153875,0,0,390
engine_execution,dynamic_sequential_churn_10,2,1,31,165417,0,0,400
engine_execution,dynamic_sequential_churn_10,2,1,32,159875,0,0,410
engine_execution,dynamic_sequential_churn_10,2,1,33,154542,0,0,420
engine_execution,dynamic_sequential_churn_10,2,1,34,181792,0,0,430
engine_execution,dynamic_sequential_churn_10,2,1,35,172083,0,0,440
engine_execution,dynamic_sequential_churn_10,2,1,36,157417,0,0,450
engine_execution,dynamic_sequential_churn_10,2,1,37,171209,0,0,460
engine_execution,dynamic_sequential_churn_10,2,1,38,166417,0,0,470
engine_execution,dynamic_sequential_churn_10,2,1,39,157875,0,0,480
engine_execution_alloc,dynamic_sequential_churn_10,2,1,10,0,3560,320159,490
engine_execution,dynamic_sequential_churn_100,2,1,0,1691042,0,0,900
engine_execution,dynamic_sequential_churn_100,2,1,1,1673250,0,0,1000
engine_execution,dynamic_sequential_churn_100,2,1,2,1675250,0,0,1100
engine_execution,dynamic_sequential_churn_100,2,1,3,1672792,0,0,1200
engine_execution,dynamic_sequential_churn_100,2,1,4,1668250,0,0,1300
engine_execution,dynamic_sequential_churn_100,2,1,5,1664792,0,0,1400
engine_execution,dynamic_sequential_churn_100,2,1,6,1673917,0,0,1500
engine_execution,dynamic_sequential_churn_100,2,1,7,1666625,0,0,1600
engine_execution,dynamic_sequential_churn_100,2,1,8,1701167,0,0,1700
engine_execution,dynamic_sequential_churn_100,2,1,9,1697750,0,0,1800
engine_execution,dynamic_sequential_churn_100,2,1,10,1808000,0,0,1900
engine_execution,dynamic_sequential_churn_100,2,1,11,1837959,0,0,2000
engine_execution,dynamic_sequential_churn_100,2,1,12,1849292,0,0,2100
engine_execution,dynamic_sequential_churn_100,2,1,13,1803875,0,0,2200
engine_execution,dynamic_sequential_churn_100,2,1,14,1818125,0,0,2300
engine_execution,dynamic_sequential_churn_100,2,1,15,1788250,0,0,2400
engine_execution,dynamic_sequential_churn_100,2,1,16,1780958,0,0,2500
engine_execution,dynamic_sequential_churn_100,2,1,17,1827292,0,0,2600
engine_execution,dynamic_sequential_churn_100,2,1,18,1926750,0,0,2700
engine_execution,dynamic_sequential_churn_100,2,1,19,1774709,0,0,2800
engine_execution,dynamic_sequential_churn_100,2,1,20,1674709,0,0,2900
engine_execution,dynamic_sequential_churn_100,2,1,21,1689917,0,0,3000
engine_execution,dynamic_sequential_churn_100,2,1,22,1669083,0,0,3100
engine_execution,dynamic_sequential_churn_100,2,1,23,1672375,0,0,3200
engine_execution,dynamic_sequential_churn_100,2,1,24,1673375,0,0,3300
engine_execution,dynamic_sequential_churn_100,2,1,25,1668917,0,0,3400
engine_execution,dynamic_sequential_churn_100,2,1,26,1673292,0,0,3500
engine_execution,dynamic_sequential_churn_100,2,1,27,1715083,0,0,3600
engine_execution,dynamic_sequential_churn_100,2,1,28,1673750,0,0,3700
engine_execution,dynamic_sequential_churn_100,2,1,29,1815292,0,0,3800
engine_execution,dynamic_sequential_churn_100,2,1,30,1809333,0,0,3900
engine_execution,dynamic_sequential_churn_100,2,1,31,1750166,0,0,4000
engine_execution,dynamic_sequential_churn_100,2,1,32,1700167,0,0,4100
engine_execution,dynamic_sequential_churn_100,2,1,33,1699792,0,0,4200
engine_execution,dynamic_sequential_churn_100,2,1,34,1730041,0,0,4300
engine_execution,dynamic_sequential_churn_100,2,1,35,1680958,0,0,4400
engine_execution,dynamic_sequential_churn_100,2,1,36,1678708,0,0,4500
engine_execution,dynamic_sequential_churn_100,2,1,37,1741167,0,0,4600
engine_execution,dynamic_sequential_churn_100,2,1,38,1690625,0,0,4700
engine_execution,dynamic_sequential_churn_100,2,1,39,1664083,0,0,4800
engine_execution_alloc,dynamic_sequential_churn_100,2,1,100,0,33312,3470415,4900
engine_execution,effect_unknown_recovery_resolved,1,0,0,6958,0,0,9
engine_execution,effect_unknown_recovery_resolved,1,0,1,7000,0,0,10
engine_execution,effect_unknown_recovery_resolved,1,0,2,6917,0,0,11
engine_execution,effect_unknown_recovery_resolved,1,0,3,6917,0,0,12
engine_execution,effect_unknown_recovery_resolved,1,0,4,7042,0,0,13
engine_execution,effect_unknown_recovery_resolved,1,0,5,6875,0,0,14
engine_execution,effect_unknown_recovery_resolved,1,0,6,6750,0,0,15
engine_execution,effect_unknown_recovery_resolved,1,0,7,6958,0,0,16
engine_execution,effect_unknown_recovery_resolved,1,0,8,7042,0,0,17
engine_execution,effect_unknown_recovery_resolved,1,0,9,7084,0,0,18
engine_execution,effect_unknown_recovery_resolved,1,0,10,6833,0,0,19
engine_execution,effect_unknown_recovery_resolved,1,0,11,6958,0,0,20
engine_execution,effect_unknown_recovery_resolved,1,0,12,6916,0,0,21
engine_execution,effect_unknown_recovery_resolved,1,0,13,6917,0,0,22
engine_execution,effect_unknown_recovery_resolved,1,0,14,6875,0,0,23
engine_execution,effect_unknown_recovery_resolved,1,0,15,6917,0,0,24
engine_execution,effect_unknown_recovery_resolved,1,0,16,6958,0,0,25
engine_execution,effect_unknown_recovery_resolved,1,0,17,6792,0,0,26
engine_execution,effect_unknown_recovery_resolved,1,0,18,6833,0,0,27
engine_execution,effect_unknown_recovery_resolved,1,0,19,6791,0,0,28
engine_execution,effect_unknown_recovery_resolved,1,0,20,6834,0,0,29
engine_execution,effect_unknown_recovery_resolved,1,0,21,6917,0,0,30
engine_execution,effect_unknown_recovery_resolved,1,0,22,6958,0,0,31
engine_execution,effect_unknown_recovery_resolved,1,0,23,6917,0,0,32
engine_execution,effect_unknown_recovery_resolved,1,0,24,6834,0,0,33
engine_execution,effect_unknown_recovery_resolved,1,0,25,7041,0,0,34
engine_execution,effect_unknown_recovery_resolved,1,0,26,7083,0,0,35
engine_execution,effect_unknown_recovery_resolved,1,0,27,6917,0,0,36
engine_execution,effect_unknown_recovery_resolved,1,0,28,6875,0,0,37
engine_execution,effect_unknown_recovery_resolved,1,0,29,6834,0,0,38
engine_execution,effect_unknown_recovery_resolved,1,0,30,6958,0,0,39
engine_execution,effect_unknown_recovery_resolved,1,0,31,6958,0,0,40
engine_execution,effect_unknown_recovery_resolved,1,0,32,6833,0,0,41
engine_execution,effect_unknown_recovery_resolved,1,0,33,6917,0,0,42
engine_execution,effect_unknown_recovery_resolved,1,0,34,6958,0,0,43
engine_execution,effect_unknown_recovery_resolved,1,0,35,6625,0,0,44
engine_execution,effect_unknown_recovery_resolved,1,0,36,6916,0,0,45
engine_execution,effect_unknown_recovery_resolved,1,0,37,6875,0,0,46
engine_execution,effect_unknown_recovery_resolved,1,0,38,6917,0,0,47
engine_execution,effect_unknown_recovery_resolved,1,0,39,6792,0,0,48
engine_execution_alloc,effect_unknown_recovery_resolved,1,0,0,0,153,15667,49
engine_execution,effect_unknown_recovery_failed,1,0,0,7542,0,0,11
engine_execution,effect_unknown_recovery_failed,1,0,1,7250,0,0,12
engine_execution,effect_unknown_recovery_failed,1,0,2,7084,0,0,13
engine_execution,effect_unknown_recovery_failed,1,0,3,7458,0,0,14
engine_execution,effect_unknown_recovery_failed,1,0,4,7375,0,0,15
engine_execution,effect_unknown_recovery_failed,1,0,5,7542,0,0,16
engine_execution,effect_unknown_recovery_failed,1,0,6,7583,0,0,17
engine_execution,effect_unknown_recovery_failed,1,0,7,7500,0,0,18
engine_execution,effect_unknown_recovery_failed,1,0,8,7417,0,0,19
engine_execution,effect_unknown_recovery_failed,1,0,9,7333,0,0,20
engine_execution,effect_unknown_recovery_failed,1,0,10,7375,0,0,21
engine_execution,effect_unknown_recovery_failed,1,0,11,7542,0,0,22
engine_execution,effect_unknown_recovery_failed,1,0,12,7166,0,0,23
engine_execution,effect_unknown_recovery_failed,1,0,13,7083,0,0,24
engine_execution,effect_unknown_recovery_failed,1,0,14,7250,0,0,25
engine_execution,effect_unknown_recovery_failed,1,0,15,7458,0,0,26
engine_execution,effect_unknown_recovery_failed,1,0,16,7250,0,0,27
engine_execution,effect_unknown_recovery_failed,1,0,17,7167,0,0,28
engine_execution,effect_unknown_recovery_failed,1,0,18,7542,0,0,29
engine_execution,effect_unknown_recovery_failed,1,0,19,7167,0,0,30
engine_execution,effect_unknown_recovery_failed,1,0,20,7333,0,0,31
engine_execution,effect_unknown_recovery_failed,1,0,21,7333,0,0,32
engine_execution,effect_unknown_recovery_failed,1,0,22,7292,0,0,33
engine_execution,effect_unknown_recovery_failed,1,0,23,7208,0,0,34
engine_execution,effect_unknown_recovery_failed,1,0,24,7333,0,0,35
engine_execution,effect_unknown_recovery_failed,1,0,25,7250,0,0,36
engine_execution,effect_unknown_recovery_failed,1,0,26,7375,0,0,37
engine_execution,effect_unknown_recovery_failed,1,0,27,7167,0,0,38
engine_execution,effect_unknown_recovery_failed,1,0,28,7250,0,0,39
engine_execution,effect_unknown_recovery_failed,1,0,29,7250,0,0,40
engine_execution,effect_unknown_recovery_failed,1,0,30,7167,0,0,41
engine_execution,effect_unknown_recovery_failed,1,0,31,7167,0,0,42
engine_execution,effect_unknown_recovery_failed,1,0,32,7208,0,0,43
engine_execution,effect_unknown_recovery_failed,1,0,33,7458,0,0,44
engine_execution,effect_unknown_recovery_failed,1,0,34,7458,0,0,45
engine_execution,effect_unknown_recovery_failed,1,0,35,7292,0,0,46
engine_execution,effect_unknown_recovery_failed,1,0,36,7292,0,0,47
engine_execution,effect_unknown_recovery_failed,1,0,37,7000,0,0,48
engine_execution,effect_unknown_recovery_failed,1,0,38,7333,0,0,49
engine_execution,effect_unknown_recovery_failed,1,0,39,7291,0,0,50
engine_execution_alloc,effect_unknown_recovery_failed,1,0,0,0,160,16355,51
engine_execution,trace_default,100,99,0,282084,0,0,1
engine_execution,trace_default,100,99,1,282667,0,0,0
engine_execution,trace_default,100,99,2,278041,0,0,3
engine_execution,trace_default,100,99,3,280833,0,0,2
engine_execution,trace_default,100,99,4,284125,0,0,5
engine_execution,trace_default,100,99,5,284042,0,0,4
engine_execution,trace_default,100,99,6,279416,0,0,7
engine_execution,trace_default,100,99,7,278875,0,0,6
engine_execution,trace_default,100,99,8,277084,0,0,9
engine_execution,trace_default,100,99,9,281292,0,0,8
engine_execution,trace_default,100,99,10,277542,0,0,11
engine_execution,trace_default,100,99,11,276333,0,0,10
engine_execution,trace_default,100,99,12,280625,0,0,13
engine_execution,trace_default,100,99,13,278500,0,0,12
engine_execution,trace_default,100,99,14,280500,0,0,15
engine_execution,trace_default,100,99,15,280125,0,0,14
engine_execution,trace_default,100,99,16,279917,0,0,17
engine_execution,trace_default,100,99,17,278166,0,0,16
engine_execution,trace_default,100,99,18,276458,0,0,19
engine_execution,trace_default,100,99,19,277083,0,0,18
engine_execution,trace_default,100,99,20,275833,0,0,21
engine_execution,trace_default,100,99,21,280292,0,0,20
engine_execution,trace_default,100,99,22,279125,0,0,23
engine_execution,trace_default,100,99,23,289166,0,0,22
engine_execution,trace_default,100,99,24,278625,0,0,25
engine_execution,trace_default,100,99,25,278209,0,0,24
engine_execution,trace_default,100,99,26,277292,0,0,27
engine_execution,trace_default,100,99,27,298375,0,0,26
engine_execution,trace_default,100,99,28,283000,0,0,29
engine_execution,trace_default,100,99,29,299416,0,0,28
engine_execution,trace_default,100,99,30,278917,0,0,31
engine_execution,trace_default,100,99,31,277084,0,0,30
engine_execution,trace_default,100,99,32,278250,0,0,33
engine_execution,trace_default,100,99,33,286250,0,0,32
engine_execution,trace_default,100,99,34,277000,0,0,35
engine_execution,trace_default,100,99,35,277459,0,0,34
engine_execution,trace_default,100,99,36,277750,0,0,37
engine_execution,trace_default,100,99,37,281500,0,0,36
engine_execution,trace_default,100,99,38,277208,0,0,39
engine_execution,trace_default,100,99,39,280000,0,0,38
engine_execution_alloc,trace_default,100,99,0,0,5366,523200,23131
engine_execution,trace_observer,100,99,0,287750,0,0,1
engine_execution,trace_observer,100,99,1,286250,0,0,0
engine_execution,trace_observer,100,99,2,284875,0,0,3
engine_execution,trace_observer,100,99,3,286208,0,0,2
engine_execution,trace_observer,100,99,4,287542,0,0,5
engine_execution,trace_observer,100,99,5,285250,0,0,4
engine_execution,trace_observer,100,99,6,285916,0,0,7
engine_execution,trace_observer,100,99,7,285625,0,0,6
engine_execution,trace_observer,100,99,8,288375,0,0,9
engine_execution,trace_observer,100,99,9,291208,0,0,8
engine_execution,trace_observer,100,99,10,297833,0,0,11
engine_execution,trace_observer,100,99,11,288875,0,0,10
engine_execution,trace_observer,100,99,12,288125,0,0,13
engine_execution,trace_observer,100,99,13,286167,0,0,12
engine_execution,trace_observer,100,99,14,290167,0,0,15
engine_execution,trace_observer,100,99,15,286375,0,0,14
engine_execution,trace_observer,100,99,16,285875,0,0,17
engine_execution,trace_observer,100,99,17,285708,0,0,16
engine_execution,trace_observer,100,99,18,290458,0,0,19
engine_execution,trace_observer,100,99,19,283208,0,0,18
engine_execution,trace_observer,100,99,20,288833,0,0,21
engine_execution,trace_observer,100,99,21,285292,0,0,20
engine_execution,trace_observer,100,99,22,285000,0,0,23
engine_execution,trace_observer,100,99,23,287042,0,0,22
engine_execution,trace_observer,100,99,24,284875,0,0,25
engine_execution,trace_observer,100,99,25,284458,0,0,24
engine_execution,trace_observer,100,99,26,283708,0,0,27
engine_execution,trace_observer,100,99,27,282875,0,0,26
engine_execution,trace_observer,100,99,28,286458,0,0,29
engine_execution,trace_observer,100,99,29,293833,0,0,28
engine_execution,trace_observer,100,99,30,290667,0,0,31
engine_execution,trace_observer,100,99,31,289292,0,0,30
engine_execution,trace_observer,100,99,32,294416,0,0,33
engine_execution,trace_observer,100,99,33,283208,0,0,32
engine_execution,trace_observer,100,99,34,308583,0,0,35
engine_execution,trace_observer,100,99,35,298666,0,0,34
engine_execution,trace_observer,100,99,36,283875,0,0,37
engine_execution,trace_observer,100,99,37,293875,0,0,36
engine_execution,trace_observer,100,99,38,284250,0,0,39
engine_execution,trace_observer,100,99,39,301209,0,0,38
engine_execution_alloc,trace_observer,100,99,0,0,5366,523200,23131
representative_application,application_hash_sdax,10,9,0,25792,0,0,8827501768403342007
representative_application,application_hash_sdax,10,9,1,25667,0,0,8951258580674472749
representative_application,application_hash_sdax,10,9,2,25875,0,0,18157584738022301124
representative_application,application_hash_sdax,10,9,3,25500,0,0,16093298964628915617
representative_application,application_hash_sdax,10,9,4,25834,0,0,4338024545885762412
representative_application,application_hash_sdax,10,9,5,25958,0,0,4989613096480112062
representative_application,application_hash_sdax,10,9,6,25833,0,0,14756605482753659039
representative_application,application_hash_sdax,10,9,7,26125,0,0,48615153832195890
representative_application,application_hash_sdax,10,9,8,25917,0,0,12897547982939568865
representative_application,application_hash_sdax,10,9,9,30750,0,0,6455468052857312123
representative_application,application_hash_sdax,10,9,10,32875,0,0,7461994257773924098
representative_application,application_hash_sdax,10,9,11,30708,0,0,3636896381673253623
representative_application,application_hash_sdax,10,9,12,25916,0,0,6793413810667899076
representative_application,application_hash_sdax,10,9,13,25750,0,0,12277190981714708308
representative_application,application_hash_sdax,10,9,14,26208,0,0,9683030269895486545
representative_application,application_hash_sdax,10,9,15,25958,0,0,9383150768291419922
representative_application,application_hash_sdax,10,9,16,25458,0,0,11312423361794011584
representative_application,application_hash_sdax,10,9,17,25792,0,0,18128183083347417488
representative_application,application_hash_sdax,10,9,18,26084,0,0,12087555839788357172
representative_application,application_hash_sdax,10,9,19,25667,0,0,13041129334982073488
representative_application,application_hash_sdax,10,9,20,26125,0,0,8384464984104957687
representative_application,application_hash_sdax,10,9,21,25625,0,0,10868783110269989825
representative_application,application_hash_sdax,10,9,22,25500,0,0,15668235844036064711
representative_application,application_hash_sdax,10,9,23,26375,0,0,4013874171971043560
representative_application,application_hash_sdax,10,9,24,25791,0,0,4203571749175062306
representative_application,application_hash_sdax,10,9,25,25750,0,0,10926854856726577928
representative_application,application_hash_sdax,10,9,26,25667,0,0,16212662351989052772
representative_application,application_hash_sdax,10,9,27,26000,0,0,11560519827294593319
representative_application,application_hash_sdax,10,9,28,26125,0,0,7617103062409141563
representative_application,application_hash_sdax,10,9,29,25792,0,0,15838086077383948403
representative_application,application_hash_sdax,10,9,30,25792,0,0,8116776606867456652
representative_application,application_hash_sdax,10,9,31,26083,0,0,11359474695907197805
representative_application,application_hash_sdax,10,9,32,25875,0,0,9168736860549268637
representative_application,application_hash_sdax,10,9,33,25791,0,0,16764612828771598240
representative_application,application_hash_sdax,10,9,34,30417,0,0,14255204493723425259
representative_application,application_hash_sdax,10,9,35,26708,0,0,3518369773145393400
representative_application,application_hash_sdax,10,9,36,26333,0,0,8965317550446050729
representative_application,application_hash_sdax,10,9,37,25958,0,0,16665962306655849748
representative_application,application_hash_sdax,10,9,38,25458,0,0,13342058531664200426
representative_application,application_hash_sdax,10,9,39,25917,0,0,18112928529687244317
representative_application_alloc,application_hash_sdax,10,9,0,0,589,46645,17601881740522758837
representative_application,application_hash_handwritten,10,9,0,792,0,0,8827501768403342006
representative_application,application_hash_handwritten,10,9,1,750,0,0,8951258580674472748
representative_application,application_hash_handwritten,10,9,2,750,0,0,18157584738022301125
representative_application,application_hash_handwritten,10,9,3,708,0,0,16093298964628915616
representative_application,application_hash_handwritten,10,9,4,750,0,0,4338024545885762413
representative_application,application_hash_handwritten,10,9,5,750,0,0,4989613096480112063
representative_application,application_hash_handwritten,10,9,6,750,0,0,14756605482753659038
representative_application,application_hash_handwritten,10,9,7,750,0,0,48615153832195891
representative_application,application_hash_handwritten,10,9,8,750,0,0,12897547982939568864
representative_application,application_hash_handwritten,10,9,9,750,0,0,6455468052857312122
representative_application,application_hash_handwritten,10,9,10,750,0,0,7461994257773924099
representative_application,application_hash_handwritten,10,9,11,750,0,0,3636896381673253622
representative_application,application_hash_handwritten,10,9,12,750,0,0,6793413810667899077
representative_application,application_hash_handwritten,10,9,13,750,0,0,12277190981714708309
representative_application,application_hash_handwritten,10,9,14,750,0,0,9683030269895486544
representative_application,application_hash_handwritten,10,9,15,750,0,0,9383150768291419923
representative_application,application_hash_handwritten,10,9,16,750,0,0,11312423361794011585
representative_application,application_hash_handwritten,10,9,17,750,0,0,18128183083347417489
representative_application,application_hash_handwritten,10,9,18,750,0,0,12087555839788357173
representative_application,application_hash_handwritten,10,9,19,750,0,0,13041129334982073489
representative_application,application_hash_handwritten,10,9,20,750,0,0,8384464984104957686
representative_application,application_hash_handwritten,10,9,21,750,0,0,10868783110269989824
representative_application,application_hash_handwritten,10,9,22,750,0,0,15668235844036064710
representative_application,application_hash_handwritten,10,9,23,750,0,0,4013874171971043561
representative_application,application_hash_handwritten,10,9,24,750,0,0,4203571749175062307
representative_application,application_hash_handwritten,10,9,25,750,0,0,10926854856726577929
representative_application,application_hash_handwritten,10,9,26,708,0,0,16212662351989052773
representative_application,application_hash_handwritten,10,9,27,750,0,0,11560519827294593318
representative_application,application_hash_handwritten,10,9,28,708,0,0,7617103062409141562
representative_application,application_hash_handwritten,10,9,29,750,0,0,15838086077383948402
representative_application,application_hash_handwritten,10,9,30,750,0,0,8116776606867456653
representative_application,application_hash_handwritten,10,9,31,750,0,0,11359474695907197804
representative_application,application_hash_handwritten,10,9,32,750,0,0,9168736860549268636
representative_application,application_hash_handwritten,10,9,33,750,0,0,16764612828771598241
representative_application,application_hash_handwritten,10,9,34,750,0,0,14255204493723425258
representative_application,application_hash_handwritten,10,9,35,750,0,0,3518369773145393401
representative_application,application_hash_handwritten,10,9,36,750,0,0,8965317550446050728
representative_application,application_hash_handwritten,10,9,37,750,0,0,16665962306655849749
representative_application,application_hash_handwritten,10,9,38,708,0,0,13342058531664200427
representative_application,application_hash_handwritten,10,9,39,750,0,0,18112928529687244316
representative_application,application_hash_sdax,100,99,0,287084,0,0,11698499080773063169
representative_application,application_hash_sdax,100,99,1,286084,0,0,1167273700599470746
representative_application,application_hash_sdax,100,99,2,286042,0,0,230717062559681466
representative_application,application_hash_sdax,100,99,3,287500,0,0,13461277124864170951
representative_application,application_hash_sdax,100,99,4,289167,0,0,1843089491647656604
representative_application,application_hash_sdax,100,99,5,288667,0,0,1884400405866327554
representative_application,application_hash_sdax,100,99,6,284667,0,0,15657071968087079792
representative_application,application_hash_sdax,100,99,7,288916,0,0,8136226820520416651
representative_application,application_hash_sdax,100,99,8,286792,0,0,9211086410723557827
representative_application,application_hash_sdax,100,99,9,288834,0,0,3206438314367023030
representative_application,application_hash_sdax,100,99,10,299667,0,0,5368241661201366769
representative_application,application_hash_sdax,100,99,11,287083,0,0,6168939717596367288
representative_application,application_hash_sdax,100,99,12,288333,0,0,14206662131410471245
representative_application,application_hash_sdax,100,99,13,288667,0,0,13119166869922341979
representative_application,application_hash_sdax,100,99,14,287084,0,0,13832537443924736586
representative_application,application_hash_sdax,100,99,15,283958,0,0,10215951684877506974
representative_application,application_hash_sdax,100,99,16,285041,0,0,5034229283543529572
representative_application,application_hash_sdax,100,99,17,285750,0,0,14677823012927430832
representative_application,application_hash_sdax,100,99,18,286666,0,0,13894612964717701903
representative_application,application_hash_sdax,100,99,19,286375,0,0,15583721593309401490
representative_application,application_hash_sdax,100,99,20,287750,0,0,6418842662590208827
representative_application,application_hash_sdax,100,99,21,288792,0,0,13631435880641776915
representative_application,application_hash_sdax,100,99,22,285500,0,0,17183653852698357092
representative_application,application_hash_sdax,100,99,23,287459,0,0,9274972455216937604
representative_application,application_hash_sdax,100,99,24,287417,0,0,9355792106790873694
representative_application,application_hash_sdax,100,99,25,284750,0,0,6870977820890846112
representative_application,application_hash_sdax,100,99,26,285833,0,0,7356228651156183227
representative_application,application_hash_sdax,100,99,27,288792,0,0,6496560239278517594
representative_application,application_hash_sdax,100,99,28,288500,0,0,1600470374967907333
representative_application,application_hash_sdax,100,99,29,292958,0,0,7749396622089507156
representative_application,application_hash_sdax,100,99,30,284750,0,0,5914597544721144955
representative_application,application_hash_sdax,100,99,31,311791,0,0,8593148281290798141
representative_application,application_hash_sdax,100,99,32,288250,0,0,17312262507819578044
representative_application,application_hash_sdax,100,99,33,286625,0,0,8449402800832754809
representative_application,application_hash_sdax,100,99,34,286250,0,0,3614604414420252231
representative_application,application_hash_sdax,100,99,35,285083,0,0,2366660716473973819
representative_application,application_hash_sdax,100,99,36,295958,0,0,8524431054321544385
representative_application,application_hash_sdax,100,99,37,285292,0,0,11652126080490940143
representative_application,application_hash_sdax,100,99,38,286667,0,0,7153169922785203679
representative_application,application_hash_sdax,100,99,39,283375,0,0,6082470906507506695
representative_application_alloc,application_hash_sdax,100,99,0,0,5366,526357,4889995614244325387
representative_application,application_hash_handwritten,100,99,0,8625,0,0,11698499080773063168
representative_application,application_hash_handwritten,100,99,1,8375,0,0,1167273700599470747
representative_application,application_hash_handwritten,100,99,2,8375,0,0,230717062559681467
representative_application,application_hash_handwritten,100,99,3,8375,0,0,13461277124864170950
representative_application,application_hash_handwritten,100,99,4,8375,0,0,1843089491647656605
representative_application,application_hash_handwritten,100,99,5,8417,0,0,1884400405866327555
representative_application,application_hash_handwritten,100,99,6,8375,0,0,15657071968087079793
representative_application,application_hash_handwritten,100,99,7,8416,0,0,8136226820520416650
representative_application,application_hash_handwritten,100,99,8,8375,0,0,9211086410723557826
representative_application,application_hash_handwritten,100,99,9,8375,0,0,3206438314367023031
representative_application,application_hash_handwritten,100,99,10,8416,0,0,5368241661201366768
representative_application,application_hash_handwritten,100,99,11,8375,0,0,6168939717596367289
representative_application,application_hash_handwritten,100,99,12,8417,0,0,14206662131410471244
representative_application,application_hash_handwritten,100,99,13,8416,0,0,13119166869922341978
representative_application,application_hash_handwritten,100,99,14,8375,0,0,13832537443924736587
representative_application,application_hash_handwritten,100,99,15,8375,0,0,10215951684877506975
representative_application,application_hash_handwritten,100,99,16,8375,0,0,5034229283543529573
representative_application,application_hash_handwritten,100,99,17,8375,0,0,14677823012927430833
representative_application,application_hash_handwritten,100,99,18,8417,0,0,13894612964717701902
representative_application,application_hash_handwritten,100,99,19,8416,0,0,15583721593309401491
representative_application,application_hash_handwritten,100,99,20,8417,0,0,6418842662590208826
representative_application,application_hash_handwritten,100,99,21,8375,0,0,13631435880641776914
representative_application,application_hash_handwritten,100,99,22,8417,0,0,17183653852698357093
representative_application,application_hash_handwritten,100,99,23,8375,0,0,9274972455216937605
representative_application,application_hash_handwritten,100,99,24,8375,0,0,9355792106790873695
representative_application,application_hash_handwritten,100,99,25,8375,0,0,6870977820890846113
representative_application,application_hash_handwritten,100,99,26,8417,0,0,7356228651156183226
representative_application,application_hash_handwritten,100,99,27,8416,0,0,6496560239278517595
representative_application,application_hash_handwritten,100,99,28,8333,0,0,1600470374967907332
representative_application,application_hash_handwritten,100,99,29,8417,0,0,7749396622089507157
representative_application,application_hash_handwritten,100,99,30,8416,0,0,5914597544721144954
representative_application,application_hash_handwritten,100,99,31,8417,0,0,8593148281290798140
representative_application,application_hash_handwritten,100,99,32,8417,0,0,17312262507819578045
representative_application,application_hash_handwritten,100,99,33,8416,0,0,8449402800832754808
representative_application,application_hash_handwritten,100,99,34,8417,0,0,3614604414420252230
representative_application,application_hash_handwritten,100,99,35,8417,0,0,2366660716473973818
representative_application,application_hash_handwritten,100,99,36,8375,0,0,8524431054321544384
representative_application,application_hash_handwritten,100,99,37,8375,0,0,11652126080490940142
representative_application,application_hash_handwritten,100,99,38,8417,0,0,7153169922785203678
representative_application,application_hash_handwritten,100,99,39,8375,0,0,6082470906507506694
