phase,workload,nodes,edges,sample,nanos,allocations,allocated_bytes,checksum
adapter_setup,current_thread_runtime,0,0,0,16352,0,0,0
adapter_setup,current_thread_runtime,0,0,1,2111,0,0,0
adapter_setup,current_thread_runtime,0,0,2,2019,0,0,0
adapter_setup,current_thread_runtime,0,0,3,1908,0,0,0
adapter_setup,current_thread_runtime,0,0,4,1908,0,0,0
adapter_setup,current_thread_runtime,0,0,5,1889,0,0,0
adapter_setup,current_thread_runtime,0,0,6,1871,0,0,0
adapter_setup,current_thread_runtime,0,0,7,1926,0,0,0
adapter_setup,current_thread_runtime,0,0,8,1944,0,0,0
adapter_setup,current_thread_runtime,0,0,9,2167,0,0,0
adapter_setup,current_thread_runtime,0,0,10,2315,0,0,0
adapter_setup,current_thread_runtime,0,0,11,2222,0,0,0
adapter_setup,current_thread_runtime,0,0,12,2203,0,0,0
adapter_setup,current_thread_runtime,0,0,13,2185,0,0,0
adapter_setup,current_thread_runtime,0,0,14,2537,0,0,0
adapter_setup,current_thread_runtime,0,0,15,2722,0,0,0
adapter_setup,current_thread_runtime,0,0,16,2129,0,0,0
adapter_setup,current_thread_runtime,0,0,17,2055,0,0,0
adapter_setup,current_thread_runtime,0,0,18,2092,0,0,0
adapter_setup,current_thread_runtime,0,0,19,2130,0,0,0
adapter_setup,current_thread_runtime,0,0,20,2056,0,0,0
adapter_setup,current_thread_runtime,0,0,21,2074,0,0,0
adapter_setup,current_thread_runtime,0,0,22,2093,0,0,0
adapter_setup,current_thread_runtime,0,0,23,2056,0,0,0
adapter_setup,current_thread_runtime,0,0,24,2056,0,0,0
adapter_setup,current_thread_runtime,0,0,25,2093,0,0,0
adapter_setup,current_thread_runtime,0,0,26,2055,0,0,0
adapter_setup,current_thread_runtime,0,0,27,2685,0,0,0
adapter_setup,current_thread_runtime,0,0,28,2185,0,0,0
adapter_setup,current_thread_runtime,0,0,29,2111,0,0,0
adapter_setup,current_thread_runtime,0,0,30,2204,0,0,0
adapter_setup,current_thread_runtime,0,0,31,2055,0,0,0
adapter_setup,current_thread_runtime,0,0,32,2075,0,0,0
adapter_setup,current_thread_runtime,0,0,33,2019,0,0,0
adapter_setup,current_thread_runtime,0,0,34,2111,0,0,0
adapter_setup,current_thread_runtime,0,0,35,2093,0,0,0
adapter_setup,current_thread_runtime,0,0,36,2167,0,0,0
adapter_setup,current_thread_runtime,0,0,37,2056,0,0,0
adapter_setup,current_thread_runtime,0,0,38,2074,0,0,0
adapter_setup,current_thread_runtime,0,0,39,2074,0,0,0
fixture_generation,graph_chain,1,0,0,482,0,0,5
fixture_generation,graph_chain,1,0,1,277,0,0,5
fixture_generation,graph_chain,1,0,2,241,0,0,5
fixture_generation,graph_chain,1,0,3,240,0,0,5
fixture_generation,graph_chain,1,0,4,259,0,0,5
fixture_generation,graph_chain,1,0,5,241,0,0,5
fixture_generation,graph_chain,1,0,6,259,0,0,5
fixture_generation,graph_chain,1,0,7,241,0,0,5
fixture_generation,graph_chain,1,0,8,259,0,0,5
fixture_generation,graph_chain,1,0,9,241,0,0,5
fixture_generation,graph_chain,1,0,10,223,0,0,5
fixture_generation,graph_chain,1,0,11,259,0,0,5
fixture_generation,graph_chain,1,0,12,315,0,0,5
fixture_generation,graph_chain,1,0,13,241,0,0,5
fixture_generation,graph_chain,1,0,14,259,0,0,5
fixture_generation,graph_chain,1,0,15,278,0,0,5
fixture_generation,graph_chain,1,0,16,222,0,0,5
fixture_generation,graph_chain,1,0,17,241,0,0,5
fixture_generation,graph_chain,1,0,18,241,0,0,5
fixture_generation,graph_chain,1,0,19,222,0,0,5
plan_build,graph_chain,1,0,0,2889,0,0,11
plan_build,graph_chain,1,0,1,1315,0,0,11
plan_build,graph_chain,1,0,2,1278,0,0,11
plan_build,graph_chain,1,0,3,1130,0,0,11
plan_build,graph_chain,1,0,4,1055,0,0,11
plan_build,graph_chain,1,0,5,1204,0,0,11
plan_build,graph_chain,1,0,6,1074,0,0,11
plan_build,graph_chain,1,0,7,1074,0,0,11
plan_build,graph_chain,1,0,8,1037,0,0,11
plan_build,graph_chain,1,0,9,1130,0,0,11
plan_build,graph_chain,1,0,10,1037,0,0,11
plan_build,graph_chain,1,0,11,1112,0,0,11
plan_build,graph_chain,1,0,12,1037,0,0,11
plan_build,graph_chain,1,0,13,1037,0,0,11
plan_build,graph_chain,1,0,14,1074,0,0,11
plan_build,graph_chain,1,0,15,1018,0,0,11
plan_build,graph_chain,1,0,16,1092,0,0,11
plan_build,graph_chain,1,0,17,1074,0,0,11
plan_build,graph_chain,1,0,18,1037,0,0,11
plan_build,graph_chain,1,0,19,1037,0,0,11
plan_build_alloc,graph_chain,1,0,0,0,13,2317,11
engine_execution,graph_chain,1,0,0,12074,0,0,1
engine_execution,graph_chain,1,0,1,12055,0,0,0
engine_execution,graph_chain,1,0,2,12167,0,0,3
engine_execution,graph_chain,1,0,3,11982,0,0,2
engine_execution,graph_chain,1,0,4,12000,0,0,5
engine_execution,graph_chain,1,0,5,11834,0,0,4
engine_execution,graph_chain,1,0,6,11778,0,0,7
engine_execution,graph_chain,1,0,7,12370,0,0,6
engine_execution,graph_chain,1,0,8,12518,0,0,9
engine_execution,graph_chain,1,0,9,12166,0,0,8
engine_execution,graph_chain,1,0,10,12222,0,0,11
engine_execution,graph_chain,1,0,11,12018,0,0,10
engine_execution,graph_chain,1,0,12,11945,0,0,13
engine_execution,graph_chain,1,0,13,12038,0,0,12
engine_execution,graph_chain,1,0,14,12222,0,0,15
engine_execution,graph_chain,1,0,15,11944,0,0,14
engine_execution,graph_chain,1,0,16,12148,0,0,17
engine_execution,graph_chain,1,0,17,11944,0,0,16
engine_execution,graph_chain,1,0,18,11963,0,0,19
engine_execution,graph_chain,1,0,19,12130,0,0,18
engine_execution,graph_chain,1,0,20,12092,0,0,21
engine_execution,graph_chain,1,0,21,11870,0,0,20
engine_execution,graph_chain,1,0,22,12129,0,0,23
engine_execution,graph_chain,1,0,23,11907,0,0,22
engine_execution,graph_chain,1,0,24,12185,0,0,25
engine_execution,graph_chain,1,0,25,11815,0,0,24
engine_execution,graph_chain,1,0,26,12185,0,0,27
engine_execution,graph_chain,1,0,27,11908,0,0,26
engine_execution,graph_chain,1,0,28,12019,0,0,29
engine_execution,graph_chain,1,0,29,12000,0,0,28
engine_execution,graph_chain,1,0,30,11741,0,0,31
engine_execution,graph_chain,1,0,31,11685,0,0,30
engine_execution,graph_chain,1,0,32,11889,0,0,33
engine_execution,graph_chain,1,0,33,11648,0,0,32
engine_execution,graph_chain,1,0,34,11796,0,0,35
engine_execution,graph_chain,1,0,35,12111,0,0,34
engine_execution,graph_chain,1,0,36,11685,0,0,37
engine_execution,graph_chain,1,0,37,11538,0,0,36
engine_execution,graph_chain,1,0,38,11945,0,0,39
engine_execution,graph_chain,1,0,39,11574,0,0,38
engine_execution_alloc,graph_chain,1,0,0,0,110,15124,23131
machine_state_setup,graph_chain,1,0,0,2148,0,0,1
body_state_setup,graph_chain,1,0,0,556,0,0,0
machine_state_setup,graph_chain,1,0,1,1037,0,0,1
body_state_setup,graph_chain,1,0,1,370,0,0,0
machine_state_setup,graph_chain,1,0,2,1352,0,0,1
body_state_setup,graph_chain,1,0,2,426,0,0,0
machine_state_setup,graph_chain,1,0,3,1203,0,0,1
body_state_setup,graph_chain,1,0,3,518,0,0,0
machine_state_setup,graph_chain,1,0,4,1185,0,0,1
body_state_setup,graph_chain,1,0,4,389,0,0,0
machine_state_setup,graph_chain,1,0,5,1185,0,0,1
body_state_setup,graph_chain,1,0,5,389,0,0,0
machine_state_setup,graph_chain,1,0,6,1241,0,0,1
body_state_setup,graph_chain,1,0,6,445,0,0,0
machine_state_setup,graph_chain,1,0,7,1129,0,0,1
body_state_setup,graph_chain,1,0,7,389,0,0,0
machine_state_setup,graph_chain,1,0,8,1204,0,0,1
body_state_setup,graph_chain,1,0,8,407,0,0,0
machine_state_setup,graph_chain,1,0,9,1093,0,0,1
body_state_setup,graph_chain,1,0,9,389,0,0,0
machine_state_setup,graph_chain,1,0,10,1204,0,0,1
body_state_setup,graph_chain,1,0,10,408,0,0,0
machine_state_setup,graph_chain,1,0,11,1111,0,0,1
body_state_setup,graph_chain,1,0,11,389,0,0,0
machine_state_setup,graph_chain,1,0,12,1278,0,0,1
body_state_setup,graph_chain,1,0,12,408,0,0,0
machine_state_setup,graph_chain,1,0,13,1074,0,0,1
body_state_setup,graph_chain,1,0,13,407,0,0,0
machine_state_setup,graph_chain,1,0,14,1203,0,0,1
body_state_setup,graph_chain,1,0,14,407,0,0,0
machine_state_setup,graph_chain,1,0,15,1129,0,0,1
body_state_setup,graph_chain,1,0,15,426,0,0,0
machine_state_setup,graph_chain,1,0,16,1204,0,0,1
body_state_setup,graph_chain,1,0,16,371,0,0,0
machine_state_setup,graph_chain,1,0,17,1074,0,0,1
body_state_setup,graph_chain,1,0,17,407,0,0,0
machine_state_setup,graph_chain,1,0,18,1185,0,0,1
body_state_setup,graph_chain,1,0,18,352,0,0,0
machine_state_setup,graph_chain,1,0,19,1111,0,0,1
body_state_setup,graph_chain,1,0,19,426,0,0,0
machine_state_setup,graph_chain,1,0,20,1167,0,0,1
body_state_setup,graph_chain,1,0,20,408,0,0,0
machine_state_setup,graph_chain,1,0,21,1185,0,0,1
body_state_setup,graph_chain,1,0,21,352,0,0,0
machine_state_setup,graph_chain,1,0,22,1093,0,0,1
body_state_setup,graph_chain,1,0,22,408,0,0,0
machine_state_setup,graph_chain,1,0,23,1148,0,0,1
body_state_setup,graph_chain,1,0,23,426,0,0,0
machine_state_setup,graph_chain,1,0,24,1185,0,0,1
body_state_setup,graph_chain,1,0,24,408,0,0,0
machine_state_setup,graph_chain,1,0,25,1223,0,0,1
body_state_setup,graph_chain,1,0,25,315,0,0,0
machine_state_setup,graph_chain,1,0,26,1037,0,0,1
body_state_setup,graph_chain,1,0,26,407,0,0,0
machine_state_setup,graph_chain,1,0,27,1129,0,0,1
body_state_setup,graph_chain,1,0,27,389,0,0,0
machine_state_setup,graph_chain,1,0,28,1148,0,0,1
body_state_setup,graph_chain,1,0,28,426,0,0,0
machine_state_setup,graph_chain,1,0,29,1149,0,0,1
body_state_setup,graph_chain,1,0,29,352,0,0,0
machine_state_setup,graph_chain,1,0,30,1055,0,0,1
body_state_setup,graph_chain,1,0,30,389,0,0,0
machine_state_setup,graph_chain,1,0,31,1130,0,0,1
body_state_setup,graph_chain,1,0,31,389,0,0,0
machine_state_setup,graph_chain,1,0,32,1148,0,0,1
body_state_setup,graph_chain,1,0,32,389,0,0,0
machine_state_setup,graph_chain,1,0,33,1167,0,0,1
body_state_setup,graph_chain,1,0,33,370,0,0,0
machine_state_setup,graph_chain,1,0,34,1148,0,0,1
body_state_setup,graph_chain,1,0,34,371,0,0,0
machine_state_setup,graph_chain,1,0,35,1074,0,0,1
body_state_setup,graph_chain,1,0,35,389,0,0,0
machine_state_setup,graph_chain,1,0,36,1074,0,0,1
body_state_setup,graph_chain,1,0,36,370,0,0,0
machine_state_setup,graph_chain,1,0,37,1204,0,0,1
body_state_setup,graph_chain,1,0,37,426,0,0,0
machine_state_setup,graph_chain,1,0,38,1148,0,0,1
body_state_setup,graph_chain,1,0,38,352,0,0,0
machine_state_setup,graph_chain,1,0,39,1055,0,0,1
body_state_setup,graph_chain,1,0,39,370,0,0,0
pure_machine_events_preseeded,graph_chain,1,0,0,3740,0,0,1
pure_machine_events_preseeded,graph_chain,1,0,1,2407,0,0,1
pure_machine_events_preseeded,graph_chain,1,0,2,2204,0,0,1
pure_machine_events_preseeded,graph_chain,1,0,3,2148,0,0,1
pure_machine_events_preseeded,graph_chain,1,0,4,2055,0,0,1
pure_machine_events_preseeded,graph_chain,1,0,5,2056,0,0,1
pure_machine_events_preseeded,graph_chain,1,0,6,2037,0,0,1
pure_machine_events_preseeded,graph_chain,1,0,7,2074,0,0,1
pure_machine_events_preseeded,graph_chain,1,0,8,2278,0,0,1
pure_machine_events_preseeded,graph_chain,1,0,9,2204,0,0,1
pure_machine_events_preseeded,graph_chain,1,0,10,2185,0,0,1
pure_machine_events_preseeded,graph_chain,1,0,11,2204,0,0,1
pure_machine_events_preseeded,graph_chain,1,0,12,2129,0,0,1
pure_machine_events_preseeded,graph_chain,1,0,13,2111,0,0,1
pure_machine_events_preseeded,graph_chain,1,0,14,2111,0,0,1
pure_machine_events_preseeded,graph_chain,1,0,15,2129,0,0,1
pure_machine_events_preseeded,graph_chain,1,0,16,2186,0,0,1
pure_machine_events_preseeded,graph_chain,1,0,17,2130,0,0,1
pure_machine_events_preseeded,graph_chain,1,0,18,2129,0,0,1
pure_machine_events_preseeded,graph_chain,1,0,19,2130,0,0,1
pure_machine_events_preseeded,graph_chain,1,0,20,2111,0,0,1
pure_machine_events_preseeded,graph_chain,1,0,21,2093,0,0,1
pure_machine_events_preseeded,graph_chain,1,0,22,2092,0,0,1
pure_machine_events_preseeded,graph_chain,1,0,23,2092,0,0,1
pure_machine_events_preseeded,graph_chain,1,0,24,2111,0,0,1
pure_machine_events_preseeded,graph_chain,1,0,25,2111,0,0,1
pure_machine_events_preseeded,graph_chain,1,0,26,2185,0,0,1
pure_machine_events_preseeded,graph_chain,1,0,27,2389,0,0,1
pure_machine_events_preseeded,graph_chain,1,0,28,2204,0,0,1
pure_machine_events_preseeded,graph_chain,1,0,29,2426,0,0,1
pure_machine_events_preseeded,graph_chain,1,0,30,2203,0,0,1
pure_machine_events_preseeded,graph_chain,1,0,31,2241,0,0,1
pure_machine_events_preseeded,graph_chain,1,0,32,2296,0,0,1
pure_machine_events_preseeded,graph_chain,1,0,33,2204,0,0,1
pure_machine_events_preseeded,graph_chain,1,0,34,2167,0,0,1
pure_machine_events_preseeded,graph_chain,1,0,35,2130,0,0,1
pure_machine_events_preseeded,graph_chain,1,0,36,2129,0,0,1
pure_machine_events_preseeded,graph_chain,1,0,37,2092,0,0,1
pure_machine_events_preseeded,graph_chain,1,0,38,2074,0,0,1
pure_machine_events_preseeded,graph_chain,1,0,39,2111,0,0,1
fixture_generation,graph_wide,1,0,0,241,0,0,5
fixture_generation,graph_wide,1,0,1,223,0,0,5
fixture_generation,graph_wide,1,0,2,204,0,0,5
fixture_generation,graph_wide,1,0,3,204,0,0,5
fixture_generation,graph_wide,1,0,4,241,0,0,5
fixture_generation,graph_wide,1,0,5,203,0,0,5
fixture_generation,graph_wide,1,0,6,371,0,0,5
fixture_generation,graph_wide,1,0,7,241,0,0,5
fixture_generation,graph_wide,1,0,8,222,0,0,5
fixture_generation,graph_wide,1,0,9,222,0,0,5
fixture_generation,graph_wide,1,0,10,259,0,0,5
fixture_generation,graph_wide,1,0,11,315,0,0,5
fixture_generation,graph_wide,1,0,12,222,0,0,5
fixture_generation,graph_wide,1,0,13,222,0,0,5
fixture_generation,graph_wide,1,0,14,223,0,0,5
fixture_generation,graph_wide,1,0,15,389,0,0,5
fixture_generation,graph_wide,1,0,16,315,0,0,5
fixture_generation,graph_wide,1,0,17,352,0,0,5
fixture_generation,graph_wide,1,0,18,296,0,0,5
fixture_generation,graph_wide,1,0,19,278,0,0,5
plan_build,graph_wide,1,0,0,1944,0,0,10
plan_build,graph_wide,1,0,1,1149,0,0,10
plan_build,graph_wide,1,0,2,1148,0,0,10
plan_build,graph_wide,1,0,3,1093,0,0,10
plan_build,graph_wide,1,0,4,1093,0,0,10
plan_build,graph_wide,1,0,5,1037,0,0,10
plan_build,graph_wide,1,0,6,1037,0,0,10
plan_build,graph_wide,1,0,7,1018,0,0,10
plan_build,graph_wide,1,0,8,1074,0,0,10
plan_build,graph_wide,1,0,9,1037,0,0,10
plan_build,graph_wide,1,0,10,1112,0,0,10
plan_build,graph_wide,1,0,11,1037,0,0,10
plan_build,graph_wide,1,0,12,1130,0,0,10
plan_build,graph_wide,1,0,13,1074,0,0,10
plan_build,graph_wide,1,0,14,1056,0,0,10
plan_build,graph_wide,1,0,15,1056,0,0,10
plan_build,graph_wide,1,0,16,1056,0,0,10
plan_build,graph_wide,1,0,17,1093,0,0,10
plan_build,graph_wide,1,0,18,1018,0,0,10
plan_build,graph_wide,1,0,19,1037,0,0,10
plan_build_alloc,graph_wide,1,0,0,0,13,2316,10
engine_execution,graph_wide,1,0,0,11592,0,0,1
engine_execution,graph_wide,1,0,1,11945,0,0,0
engine_execution,graph_wide,1,0,2,11908,0,0,3
engine_execution,graph_wide,1,0,3,11815,0,0,2
engine_execution,graph_wide,1,0,4,11815,0,0,5
engine_execution,graph_wide,1,0,5,11889,0,0,4
engine_execution,graph_wide,1,0,6,11629,0,0,7
engine_execution,graph_wide,1,0,7,11833,0,0,6
engine_execution,graph_wide,1,0,8,11611,0,0,9
engine_execution,graph_wide,1,0,9,11666,0,0,8
engine_execution,graph_wide,1,0,10,12055,0,0,11
engine_execution,graph_wide,1,0,11,11778,0,0,10
engine_execution,graph_wide,1,0,12,12056,0,0,13
engine_execution,graph_wide,1,0,13,11759,0,0,12
engine_execution,graph_wide,1,0,14,11871,0,0,15
engine_execution,graph_wide,1,0,15,12074,0,0,14
engine_execution,graph_wide,1,0,16,11778,0,0,17
engine_execution,graph_wide,1,0,17,11556,0,0,16
engine_execution,graph_wide,1,0,18,11833,0,0,19
engine_execution,graph_wide,1,0,19,11389,0,0,18
engine_execution,graph_wide,1,0,20,11797,0,0,21
engine_execution,graph_wide,1,0,21,11834,0,0,20
engine_execution,graph_wide,1,0,22,11574,0,0,23
engine_execution,graph_wide,1,0,23,11556,0,0,22
engine_execution,graph_wide,1,0,24,11611,0,0,25
engine_execution,graph_wide,1,0,25,11630,0,0,24
engine_execution,graph_wide,1,0,26,11574,0,0,27
engine_execution,graph_wide,1,0,27,11704,0,0,26
engine_execution,graph_wide,1,0,28,11703,0,0,29
engine_execution,graph_wide,1,0,29,11815,0,0,28
engine_execution,graph_wide,1,0,30,11778,0,0,31
engine_execution,graph_wide,1,0,31,11685,0,0,30
engine_execution,graph_wide,1,0,32,12019,0,0,33
engine_execution,graph_wide,1,0,33,12296,0,0,32
engine_execution,graph_wide,1,0,34,11852,0,0,35
engine_execution,graph_wide,1,0,35,11704,0,0,34
engine_execution,graph_wide,1,0,36,11703,0,0,37
engine_execution,graph_wide,1,0,37,11926,0,0,36
engine_execution,graph_wide,1,0,38,11611,0,0,39
engine_execution,graph_wide,1,0,39,11445,0,0,38
engine_execution_alloc,graph_wide,1,0,0,0,110,15122,23131
machine_state_setup,graph_wide,1,0,0,1611,0,0,1
body_state_setup,graph_wide,1,0,0,426,0,0,0
machine_state_setup,graph_wide,1,0,1,1259,0,0,1
body_state_setup,graph_wide,1,0,1,389,0,0,0
machine_state_setup,graph_wide,1,0,2,1055,0,0,1
body_state_setup,graph_wide,1,0,2,333,0,0,0
machine_state_setup,graph_wide,1,0,3,1130,0,0,1
body_state_setup,graph_wide,1,0,3,445,0,0,0
machine_state_setup,graph_wide,1,0,4,1167,0,0,1
body_state_setup,graph_wide,1,0,4,426,0,0,0
machine_state_setup,graph_wide,1,0,5,1167,0,0,1
body_state_setup,graph_wide,1,0,5,407,0,0,0
machine_state_setup,graph_wide,1,0,6,1167,0,0,1
body_state_setup,graph_wide,1,0,6,407,0,0,0
machine_state_setup,graph_wide,1,0,7,1166,0,0,1
body_state_setup,graph_wide,1,0,7,389,0,0,0
machine_state_setup,graph_wide,1,0,8,1093,0,0,1
body_state_setup,graph_wide,1,0,8,407,0,0,0
machine_state_setup,graph_wide,1,0,9,1241,0,0,1
body_state_setup,graph_wide,1,0,9,408,0,0,0
machine_state_setup,graph_wide,1,0,10,1093,0,0,1
body_state_setup,graph_wide,1,0,10,426,0,0,0
machine_state_setup,graph_wide,1,0,11,1185,0,0,1
body_state_setup,graph_wide,1,0,11,408,0,0,0
machine_state_setup,graph_wide,1,0,12,1074,0,0,1
body_state_setup,graph_wide,1,0,12,408,0,0,0
machine_state_setup,graph_wide,1,0,13,1204,0,0,1
body_state_setup,graph_wide,1,0,13,389,0,0,0
machine_state_setup,graph_wide,1,0,14,1074,0,0,1
body_state_setup,graph_wide,1,0,14,407,0,0,0
machine_state_setup,graph_wide,1,0,15,1296,0,0,1
body_state_setup,graph_wide,1,0,15,408,0,0,0
machine_state_setup,graph_wide,1,0,16,1092,0,0,1
body_state_setup,graph_wide,1,0,16,444,0,0,0
machine_state_setup,graph_wide,1,0,17,1185,0,0,1
body_state_setup,graph_wide,1,0,17,389,0,0,0
machine_state_setup,graph_wide,1,0,18,1092,0,0,1
body_state_setup,graph_wide,1,0,18,407,0,0,0
machine_state_setup,graph_wide,1,0,19,1278,0,0,1
body_state_setup,graph_wide,1,0,19,389,0,0,0
machine_state_setup,graph_wide,1,0,20,1055,0,0,1
body_state_setup,graph_wide,1,0,20,426,0,0,0
machine_state_setup,graph_wide,1,0,21,1204,0,0,1
body_state_setup,graph_wide,1,0,21,370,0,0,0
machine_state_setup,graph_wide,1,0,22,1037,0,0,1
body_state_setup,graph_wide,1,0,22,426,0,0,0
machine_state_setup,graph_wide,1,0,23,1204,0,0,1
body_state_setup,graph_wide,1,0,23,408,0,0,0
machine_state_setup,graph_wide,1,0,24,1112,0,0,1
body_state_setup,graph_wide,1,0,24,389,0,0,0
machine_state_setup,graph_wide,1,0,25,1185,0,0,1
body_state_setup,graph_wide,1,0,25,371,0,0,0
machine_state_setup,graph_wide,1,0,26,1056,0,0,1
body_state_setup,graph_wide,1,0,26,408,0,0,0
machine_state_setup,graph_wide,1,0,27,1111,0,0,1
body_state_setup,graph_wide,1,0,27,333,0,0,0
machine_state_setup,graph_wide,1,0,28,1055,0,0,1
body_state_setup,graph_wide,1,0,28,407,0,0,0
machine_state_setup,graph_wide,1,0,29,1111,0,0,1
body_state_setup,graph_wide,1,0,29,407,0,0,0
machine_state_setup,graph_wide,1,0,30,1129,0,0,1
body_state_setup,graph_wide,1,0,30,389,0,0,0
machine_state_setup,graph_wide,1,0,31,1093,0,0,1
body_state_setup,graph_wide,1,0,31,370,0,0,0
machine_state_setup,graph_wide,1,0,32,1167,0,0,1
body_state_setup,graph_wide,1,0,32,389,0,0,0
machine_state_setup,graph_wide,1,0,33,1074,0,0,1
body_state_setup,graph_wide,1,0,33,426,0,0,0
machine_state_setup,graph_wide,1,0,34,1092,0,0,1
body_state_setup,graph_wide,1,0,34,352,0,0,0
machine_state_setup,graph_wide,1,0,35,1037,0,0,1
body_state_setup,graph_wide,1,0,35,407,0,0,0
machine_state_setup,graph_wide,1,0,36,1074,0,0,1
body_state_setup,graph_wide,1,0,36,370,0,0,0
machine_state_setup,graph_wide,1,0,37,1111,0,0,1
body_state_setup,graph_wide,1,0,37,408,0,0,0
machine_state_setup,graph_wide,1,0,38,1130,0,0,1
body_state_setup,graph_wide,1,0,38,371,0,0,0
machine_state_setup,graph_wide,1,0,39,1037,0,0,1
body_state_setup,graph_wide,1,0,39,389,0,0,0
fixture_generation,graph_sparse,1,0,0,278,0,0,5
fixture_generation,graph_sparse,1,0,1,222,0,0,5
fixture_generation,graph_sparse,1,0,2,333,0,0,5
fixture_generation,graph_sparse,1,0,3,297,0,0,5
fixture_generation,graph_sparse,1,0,4,315,0,0,5
fixture_generation,graph_sparse,1,0,5,352,0,0,5
fixture_generation,graph_sparse,1,0,6,222,0,0,5
fixture_generation,graph_sparse,1,0,7,223,0,0,5
fixture_generation,graph_sparse,1,0,8,222,0,0,5
fixture_generation,graph_sparse,1,0,9,241,0,0,5
fixture_generation,graph_sparse,1,0,10,222,0,0,5
fixture_generation,graph_sparse,1,0,11,259,0,0,5
fixture_generation,graph_sparse,1,0,12,278,0,0,5
fixture_generation,graph_sparse,1,0,13,222,0,0,5
fixture_generation,graph_sparse,1,0,14,223,0,0,5
fixture_generation,graph_sparse,1,0,15,222,0,0,5
fixture_generation,graph_sparse,1,0,16,222,0,0,5
fixture_generation,graph_sparse,1,0,17,222,0,0,5
fixture_generation,graph_sparse,1,0,18,259,0,0,5
fixture_generation,graph_sparse,1,0,19,260,0,0,5
plan_build,graph_sparse,1,0,0,1852,0,0,12
plan_build,graph_sparse,1,0,1,1093,0,0,12
plan_build,graph_sparse,1,0,2,1130,0,0,12
plan_build,graph_sparse,1,0,3,1074,0,0,12
plan_build,graph_sparse,1,0,4,1037,0,0,12
plan_build,graph_sparse,1,0,5,1056,0,0,12
plan_build,graph_sparse,1,0,6,1037,0,0,12
plan_build,graph_sparse,1,0,7,1019,0,0,12
plan_build,graph_sparse,1,0,8,1000,0,0,12
plan_build,graph_sparse,1,0,9,1019,0,0,12
plan_build,graph_sparse,1,0,10,1111,0,0,12
plan_build,graph_sparse,1,0,11,1056,0,0,12
plan_build,graph_sparse,1,0,12,1055,0,0,12
plan_build,graph_sparse,1,0,13,1055,0,0,12
plan_build,graph_sparse,1,0,14,1056,0,0,12
plan_build,graph_sparse,1,0,15,1000,0,0,12
plan_build,graph_sparse,1,0,16,1056,0,0,12
plan_build,graph_sparse,1,0,17,1019,0,0,12
plan_build,graph_sparse,1,0,18,1129,0,0,12
plan_build,graph_sparse,1,0,19,1019,0,0,12
plan_build_alloc,graph_sparse,1,0,0,0,13,2318,12
engine_execution,graph_sparse,1,0,0,11629,0,0,1
engine_execution,graph_sparse,1,0,1,11592,0,0,0
engine_execution,graph_sparse,1,0,2,11667,0,0,3
engine_execution,graph_sparse,1,0,3,11981,0,0,2
engine_execution,graph_sparse,1,0,4,11963,0,0,5
engine_execution,graph_sparse,1,0,5,11834,0,0,4
engine_execution,graph_sparse,1,0,6,11834,0,0,7
engine_execution,graph_sparse,1,0,7,11519,0,0,6
engine_execution,graph_sparse,1,0,8,11481,0,0,9
engine_execution,graph_sparse,1,0,9,11685,0,0,8
engine_execution,graph_sparse,1,0,10,11592,0,0,11
engine_execution,graph_sparse,1,0,11,11796,0,0,10
engine_execution,graph_sparse,1,0,12,11722,0,0,13
engine_execution,graph_sparse,1,0,13,11629,0,0,12
engine_execution,graph_sparse,1,0,14,11778,0,0,15
engine_execution,graph_sparse,1,0,15,11629,0,0,14
engine_execution,graph_sparse,1,0,16,11740,0,0,17
engine_execution,graph_sparse,1,0,17,11833,0,0,16
engine_execution,graph_sparse,1,0,18,11778,0,0,19
engine_execution,graph_sparse,1,0,19,11685,0,0,18
engine_execution,graph_sparse,1,0,20,11759,0,0,21
engine_execution,graph_sparse,1,0,21,12092,0,0,20
engine_execution,graph_sparse,1,0,22,11815,0,0,23
engine_execution,graph_sparse,1,0,23,11537,0,0,22
engine_execution,graph_sparse,1,0,24,11926,0,0,25
engine_execution,graph_sparse,1,0,25,12018,0,0,24
engine_execution,graph_sparse,1,0,26,11815,0,0,27
engine_execution,graph_sparse,1,0,27,11500,0,0,26
engine_execution,graph_sparse,1,0,28,11629,0,0,29
engine_execution,graph_sparse,1,0,29,11463,0,0,28
engine_execution,graph_sparse,1,0,30,11889,0,0,31
engine_execution,graph_sparse,1,0,31,11982,0,0,30
engine_execution,graph_sparse,1,0,32,11703,0,0,33
engine_execution,graph_sparse,1,0,33,11685,0,0,32
engine_execution,graph_sparse,1,0,34,11574,0,0,35
engine_execution,graph_sparse,1,0,35,11760,0,0,34
engine_execution,graph_sparse,1,0,36,11759,0,0,37
engine_execution,graph_sparse,1,0,37,11574,0,0,36
engine_execution,graph_sparse,1,0,38,11648,0,0,39
engine_execution,graph_sparse,1,0,39,11759,0,0,38
engine_execution_alloc,graph_sparse,1,0,0,0,110,15126,23131
machine_state_setup,graph_sparse,1,0,0,1592,0,0,1
body_state_setup,graph_sparse,1,0,0,426,0,0,0
machine_state_setup,graph_sparse,1,0,1,1148,0,0,1
body_state_setup,graph_sparse,1,0,1,352,0,0,0
machine_state_setup,graph_sparse,1,0,2,1074,0,0,1
body_state_setup,graph_sparse,1,0,2,408,0,0,0
machine_state_setup,graph_sparse,1,0,3,1149,0,0,1
body_state_setup,graph_sparse,1,0,3,445,0,0,0
machine_state_setup,graph_sparse,1,0,4,1148,0,0,1
body_state_setup,graph_sparse,1,0,4,408,0,0,0
machine_state_setup,graph_sparse,1,0,5,1167,0,0,1
body_state_setup,graph_sparse,1,0,5,389,0,0,0
machine_state_setup,graph_sparse,1,0,6,1093,0,0,1
body_state_setup,graph_sparse,1,0,6,407,0,0,0
machine_state_setup,graph_sparse,1,0,7,1185,0,0,1
body_state_setup,graph_sparse,1,0,7,351,0,0,0
machine_state_setup,graph_sparse,1,0,8,1074,0,0,1
body_state_setup,graph_sparse,1,0,8,426,0,0,0
machine_state_setup,graph_sparse,1,0,9,1148,0,0,1
body_state_setup,graph_sparse,1,0,9,426,0,0,0
machine_state_setup,graph_sparse,1,0,10,1111,0,0,1
body_state_setup,graph_sparse,1,0,10,407,0,0,0
machine_state_setup,graph_sparse,1,0,11,1074,0,0,1
body_state_setup,graph_sparse,1,0,11,389,0,0,0
machine_state_setup,graph_sparse,1,0,12,1203,0,0,1
body_state_setup,graph_sparse,1,0,12,370,0,0,0
machine_state_setup,graph_sparse,1,0,13,1074,0,0,1
body_state_setup,graph_sparse,1,0,13,463,0,0,0
machine_state_setup,graph_sparse,1,0,14,1185,0,0,1
body_state_setup,graph_sparse,1,0,14,370,0,0,0
machine_state_setup,graph_sparse,1,0,15,1037,0,0,1
body_state_setup,graph_sparse,1,0,15,426,0,0,0
machine_state_setup,graph_sparse,1,0,16,1223,0,0,1
body_state_setup,graph_sparse,1,0,16,352,0,0,0
machine_state_setup,graph_sparse,1,0,17,1055,0,0,1
body_state_setup,graph_sparse,1,0,17,407,0,0,0
machine_state_setup,graph_sparse,1,0,18,1130,0,0,1
body_state_setup,graph_sparse,1,0,18,408,0,0,0
machine_state_setup,graph_sparse,1,0,19,1148,0,0,1
body_state_setup,graph_sparse,1,0,19,351,0,0,0
machine_state_setup,graph_sparse,1,0,20,1056,0,0,1
body_state_setup,graph_sparse,1,0,20,445,0,0,0
machine_state_setup,graph_sparse,1,0,21,1092,0,0,1
body_state_setup,graph_sparse,1,0,21,333,0,0,0
machine_state_setup,graph_sparse,1,0,22,1037,0,0,1
body_state_setup,graph_sparse,1,0,22,426,0,0,0
machine_state_setup,graph_sparse,1,0,23,1129,0,0,1
body_state_setup,graph_sparse,1,0,23,407,0,0,0
machine_state_setup,graph_sparse,1,0,24,1093,0,0,1
body_state_setup,graph_sparse,1,0,24,408,0,0,0
machine_state_setup,graph_sparse,1,0,25,1074,0,0,1
body_state_setup,graph_sparse,1,0,25,370,0,0,0
machine_state_setup,graph_sparse,1,0,26,1074,0,0,1
body_state_setup,graph_sparse,1,0,26,389,0,0,0
machine_state_setup,graph_sparse,1,0,27,1056,0,0,1
body_state_setup,graph_sparse,1,0,27,407,0,0,0
machine_state_setup,graph_sparse,1,0,28,1093,0,0,1
body_state_setup,graph_sparse,1,0,28,371,0,0,0
machine_state_setup,graph_sparse,1,0,29,1056,0,0,1
body_state_setup,graph_sparse,1,0,29,408,0,0,0
machine_state_setup,graph_sparse,1,0,30,1074,0,0,1
body_state_setup,graph_sparse,1,0,30,389,0,0,0
machine_state_setup,graph_sparse,1,0,31,1055,0,0,1
body_state_setup,graph_sparse,1,0,31,426,0,0,0
machine_state_setup,graph_sparse,1,0,32,1074,0,0,1
body_state_setup,graph_sparse,1,0,32,351,0,0,0
machine_state_setup,graph_sparse,1,0,33,1019,0,0,1
body_state_setup,graph_sparse,1,0,33,426,0,0,0
machine_state_setup,graph_sparse,1,0,34,1055,0,0,1
body_state_setup,graph_sparse,1,0,34,407,0,0,0
machine_state_setup,graph_sparse,1,0,35,1148,0,0,1
body_state_setup,graph_sparse,1,0,35,426,0,0,0
machine_state_setup,graph_sparse,1,0,36,1148,0,0,1
body_state_setup,graph_sparse,1,0,36,351,0,0,0
machine_state_setup,graph_sparse,1,0,37,1037,0,0,1
body_state_setup,graph_sparse,1,0,37,388,0,0,0
machine_state_setup,graph_sparse,1,0,38,1056,0,0,1
body_state_setup,graph_sparse,1,0,38,445,0,0,0
machine_state_setup,graph_sparse,1,0,39,1167,0,0,1
body_state_setup,graph_sparse,1,0,39,408,0,0,0
fixture_generation,graph_chain,10,9,0,1500,0,0,50
fixture_generation,graph_chain,10,9,1,1334,0,0,50
fixture_generation,graph_chain,10,9,2,1297,0,0,50
fixture_generation,graph_chain,10,9,3,1277,0,0,50
fixture_generation,graph_chain,10,9,4,1296,0,0,50
fixture_generation,graph_chain,10,9,5,1278,0,0,50
fixture_generation,graph_chain,10,9,6,1278,0,0,50
fixture_generation,graph_chain,10,9,7,1297,0,0,50
fixture_generation,graph_chain,10,9,8,1260,0,0,50
fixture_generation,graph_chain,10,9,9,1259,0,0,50
fixture_generation,graph_chain,10,9,10,1278,0,0,50
fixture_generation,graph_chain,10,9,11,1260,0,0,50
fixture_generation,graph_chain,10,9,12,1296,0,0,50
fixture_generation,graph_chain,10,9,13,1259,0,0,50
fixture_generation,graph_chain,10,9,14,1278,0,0,50
fixture_generation,graph_chain,10,9,15,1259,0,0,50
fixture_generation,graph_chain,10,9,16,1296,0,0,50
fixture_generation,graph_chain,10,9,17,1259,0,0,50
fixture_generation,graph_chain,10,9,18,1277,0,0,50
fixture_generation,graph_chain,10,9,19,1296,0,0,50
plan_build,graph_chain,10,9,0,6703,0,0,11
plan_build,graph_chain,10,9,1,6315,0,0,11
plan_build,graph_chain,10,9,2,5111,0,0,11
plan_build,graph_chain,10,9,3,4851,0,0,11
plan_build,graph_chain,10,9,4,4500,0,0,11
plan_build,graph_chain,10,9,5,4555,0,0,11
plan_build,graph_chain,10,9,6,4629,0,0,11
plan_build,graph_chain,10,9,7,4667,0,0,11
plan_build,graph_chain,10,9,8,4630,0,0,11
plan_build,graph_chain,10,9,9,4593,0,0,11
plan_build,graph_chain,10,9,10,4556,0,0,11
plan_build,graph_chain,10,9,11,4463,0,0,11
plan_build,graph_chain,10,9,12,4593,0,0,11
plan_build,graph_chain,10,9,13,4445,0,0,11
plan_build,graph_chain,10,9,14,4408,0,0,11
plan_build,graph_chain,10,9,15,4482,0,0,11
plan_build,graph_chain,10,9,16,4408,0,0,11
plan_build,graph_chain,10,9,17,4334,0,0,11
plan_build,graph_chain,10,9,18,4519,0,0,11
plan_build,graph_chain,10,9,19,4426,0,0,11
plan_build_alloc,graph_chain,10,9,0,0,57,14266,11
engine_execution,graph_chain,10,9,0,72001,0,0,0
engine_execution,graph_chain,10,9,1,79500,0,0,1
engine_execution,graph_chain,10,9,2,72907,0,0,2
engine_execution,graph_chain,10,9,3,71241,0,0,3
engine_execution,graph_chain,10,9,4,71334,0,0,4
engine_execution,graph_chain,10,9,5,71223,0,0,5
engine_execution,graph_chain,10,9,6,70760,0,0,6
engine_execution,graph_chain,10,9,7,71723,0,0,7
engine_execution,graph_chain,10,9,8,71907,0,0,8
engine_execution,graph_chain,10,9,9,71963,0,0,9
engine_execution,graph_chain,10,9,10,71630,0,0,10
engine_execution,graph_chain,10,9,11,71315,0,0,11
engine_execution,graph_chain,10,9,12,72463,0,0,12
engine_execution,graph_chain,10,9,13,70963,0,0,13
engine_execution,graph_chain,10,9,14,71464,0,0,14
engine_execution,graph_chain,10,9,15,70352,0,0,15
engine_execution,graph_chain,10,9,16,70908,0,0,16
engine_execution,graph_chain,10,9,17,71463,0,0,17
engine_execution,graph_chain,10,9,18,70815,0,0,18
engine_execution,graph_chain,10,9,19,70778,0,0,19
engine_execution,graph_chain,10,9,20,69852,0,0,20
engine_execution,graph_chain,10,9,21,69463,0,0,21
engine_execution,graph_chain,10,9,22,71444,0,0,22
engine_execution,graph_chain,10,9,23,70371,0,0,23
engine_execution,graph_chain,10,9,24,70907,0,0,24
engine_execution,graph_chain,10,9,25,70815,0,0,25
engine_execution,graph_chain,10,9,26,70038,0,0,26
engine_execution,graph_chain,10,9,27,71296,0,0,27
engine_execution,graph_chain,10,9,28,70889,0,0,28
engine_execution,graph_chain,10,9,29,70537,0,0,29
engine_execution,graph_chain,10,9,30,70630,0,0,30
engine_execution,graph_chain,10,9,31,70407,0,0,31
engine_execution,graph_chain,10,9,32,70463,0,0,32
engine_execution,graph_chain,10,9,33,70315,0,0,33
engine_execution,graph_chain,10,9,34,70185,0,0,34
engine_execution,graph_chain,10,9,35,71223,0,0,35
engine_execution,graph_chain,10,9,36,69945,0,0,36
engine_execution,graph_chain,10,9,37,70093,0,0,37
engine_execution,graph_chain,10,9,38,70019,0,0,38
engine_execution,graph_chain,10,9,39,71000,0,0,39
engine_execution_alloc,graph_chain,10,9,0,0,654,66005,23130
machine_state_setup,graph_chain,10,9,0,10907,0,0,10
body_state_setup,graph_chain,10,9,0,555,0,0,0
machine_state_setup,graph_chain,10,9,1,7555,0,0,10
body_state_setup,graph_chain,10,9,1,370,0,0,0
machine_state_setup,graph_chain,10,9,2,7019,0,0,10
body_state_setup,graph_chain,10,9,2,371,0,0,0
machine_state_setup,graph_chain,10,9,3,6926,0,0,10
body_state_setup,graph_chain,10,9,3,389,0,0,0
machine_state_setup,graph_chain,10,9,4,6963,0,0,10
body_state_setup,graph_chain,10,9,4,333,0,0,0
machine_state_setup,graph_chain,10,9,5,6870,0,0,10
body_state_setup,graph_chain,10,9,5,352,0,0,0
machine_state_setup,graph_chain,10,9,6,6889,0,0,10
body_state_setup,graph_chain,10,9,6,352,0,0,0
machine_state_setup,graph_chain,10,9,7,6945,0,0,10
body_state_setup,graph_chain,10,9,7,389,0,0,0
machine_state_setup,graph_chain,10,9,8,6778,0,0,10
body_state_setup,graph_chain,10,9,8,352,0,0,0
machine_state_setup,graph_chain,10,9,9,6833,0,0,10
body_state_setup,graph_chain,10,9,9,371,0,0,0
machine_state_setup,graph_chain,10,9,10,6797,0,0,10
body_state_setup,graph_chain,10,9,10,352,0,0,0
machine_state_setup,graph_chain,10,9,11,6722,0,0,10
body_state_setup,graph_chain,10,9,11,352,0,0,0
machine_state_setup,graph_chain,10,9,12,6778,0,0,10
body_state_setup,graph_chain,10,9,12,352,0,0,0
machine_state_setup,graph_chain,10,9,13,6648,0,0,10
body_state_setup,graph_chain,10,9,13,333,0,0,0
machine_state_setup,graph_chain,10,9,14,6889,0,0,10
body_state_setup,graph_chain,10,9,14,371,0,0,0
machine_state_setup,graph_chain,10,9,15,6667,0,0,10
body_state_setup,graph_chain,10,9,15,371,0,0,0
machine_state_setup,graph_chain,10,9,16,6722,0,0,10
body_state_setup,graph_chain,10,9,16,389,0,0,0
machine_state_setup,graph_chain,10,9,17,6611,0,0,10
body_state_setup,graph_chain,10,9,17,352,0,0,0
machine_state_setup,graph_chain,10,9,18,6556,0,0,10
body_state_setup,graph_chain,10,9,18,352,0,0,0
machine_state_setup,graph_chain,10,9,19,6518,0,0,10
body_state_setup,graph_chain,10,9,19,370,0,0,0
machine_state_setup,graph_chain,10,9,20,6555,0,0,10
body_state_setup,graph_chain,10,9,20,370,0,0,0
machine_state_setup,graph_chain,10,9,21,6408,0,0,10
body_state_setup,graph_chain,10,9,21,371,0,0,0
machine_state_setup,graph_chain,10,9,22,6445,0,0,10
body_state_setup,graph_chain,10,9,22,389,0,0,0
machine_state_setup,graph_chain,10,9,23,6593,0,0,10
body_state_setup,graph_chain,10,9,23,352,0,0,0
machine_state_setup,graph_chain,10,9,24,6556,0,0,10
body_state_setup,graph_chain,10,9,24,333,0,0,0
machine_state_setup,graph_chain,10,9,25,6537,0,0,10
body_state_setup,graph_chain,10,9,25,351,0,0,0
machine_state_setup,graph_chain,10,9,26,6575,0,0,10
body_state_setup,graph_chain,10,9,26,389,0,0,0
machine_state_setup,graph_chain,10,9,27,6703,0,0,10
body_state_setup,graph_chain,10,9,27,370,0,0,0
machine_state_setup,graph_chain,10,9,28,6519,0,0,10
body_state_setup,graph_chain,10,9,28,352,0,0,0
machine_state_setup,graph_chain,10,9,29,6704,0,0,10
body_state_setup,graph_chain,10,9,29,352,0,0,0
machine_state_setup,graph_chain,10,9,30,6740,0,0,10
body_state_setup,graph_chain,10,9,30,352,0,0,0
machine_state_setup,graph_chain,10,9,31,6500,0,0,10
body_state_setup,graph_chain,10,9,31,371,0,0,0
machine_state_setup,graph_chain,10,9,32,6833,0,0,10
body_state_setup,graph_chain,10,9,32,407,0,0,0
machine_state_setup,graph_chain,10,9,33,6630,0,0,10
body_state_setup,graph_chain,10,9,33,371,0,0,0
machine_state_setup,graph_chain,10,9,34,6612,0,0,10
body_state_setup,graph_chain,10,9,34,352,0,0,0
machine_state_setup,graph_chain,10,9,35,6741,0,0,10
body_state_setup,graph_chain,10,9,35,371,0,0,0
machine_state_setup,graph_chain,10,9,36,6611,0,0,10
body_state_setup,graph_chain,10,9,36,352,0,0,0
machine_state_setup,graph_chain,10,9,37,6612,0,0,10
body_state_setup,graph_chain,10,9,37,370,0,0,0
machine_state_setup,graph_chain,10,9,38,6741,0,0,10
body_state_setup,graph_chain,10,9,38,352,0,0,0
machine_state_setup,graph_chain,10,9,39,6574,0,0,10
body_state_setup,graph_chain,10,9,39,334,0,0,0
pure_machine_events_preseeded,graph_chain,10,9,0,18463,0,0,10
pure_machine_events_preseeded,graph_chain,10,9,1,17204,0,0,10
pure_machine_events_preseeded,graph_chain,10,9,2,16611,0,0,10
pure_machine_events_preseeded,graph_chain,10,9,3,16445,0,0,10
pure_machine_events_preseeded,graph_chain,10,9,4,16296,0,0,10
pure_machine_events_preseeded,graph_chain,10,9,5,16111,0,0,10
pure_machine_events_preseeded,graph_chain,10,9,6,16093,0,0,10
pure_machine_events_preseeded,graph_chain,10,9,7,16018,0,0,10
pure_machine_events_preseeded,graph_chain,10,9,8,15889,0,0,10
pure_machine_events_preseeded,graph_chain,10,9,9,16148,0,0,10
pure_machine_events_preseeded,graph_chain,10,9,10,16278,0,0,10
pure_machine_events_preseeded,graph_chain,10,9,11,15851,0,0,10
pure_machine_events_preseeded,graph_chain,10,9,12,16093,0,0,10
pure_machine_events_preseeded,graph_chain,10,9,13,15982,0,0,10
pure_machine_events_preseeded,graph_chain,10,9,14,16278,0,0,10
pure_machine_events_preseeded,graph_chain,10,9,15,16501,0,0,10
pure_machine_events_preseeded,graph_chain,10,9,16,16389,0,0,10
pure_machine_events_preseeded,graph_chain,10,9,17,16112,0,0,10
pure_machine_events_preseeded,graph_chain,10,9,18,16667,0,0,10
pure_machine_events_preseeded,graph_chain,10,9,19,16889,0,0,10
pure_machine_events_preseeded,graph_chain,10,9,20,16278,0,0,10
pure_machine_events_preseeded,graph_chain,10,9,21,16852,0,0,10
pure_machine_events_preseeded,graph_chain,10,9,22,16666,0,0,10
pure_machine_events_preseeded,graph_chain,10,9,23,16000,0,0,10
pure_machine_events_preseeded,graph_chain,10,9,24,16426,0,0,10
pure_machine_events_preseeded,graph_chain,10,9,25,16019,0,0,10
pure_machine_events_preseeded,graph_chain,10,9,26,16593,0,0,10
pure_machine_events_preseeded,graph_chain,10,9,27,16426,0,0,10
pure_machine_events_preseeded,graph_chain,10,9,28,16741,0,0,10
pure_machine_events_preseeded,graph_chain,10,9,29,16593,0,0,10
pure_machine_events_preseeded,graph_chain,10,9,30,16259,0,0,10
pure_machine_events_preseeded,graph_chain,10,9,31,16407,0,0,10
pure_machine_events_preseeded,graph_chain,10,9,32,16445,0,0,10
pure_machine_events_preseeded,graph_chain,10,9,33,17111,0,0,10
pure_machine_events_preseeded,graph_chain,10,9,34,16204,0,0,10
pure_machine_events_preseeded,graph_chain,10,9,35,16222,0,0,10
pure_machine_events_preseeded,graph_chain,10,9,36,16093,0,0,10
pure_machine_events_preseeded,graph_chain,10,9,37,16074,0,0,10
pure_machine_events_preseeded,graph_chain,10,9,38,16481,0,0,10
pure_machine_events_preseeded,graph_chain,10,9,39,16408,0,0,10
fixture_generation,graph_wide,10,9,0,1371,0,0,50
fixture_generation,graph_wide,10,9,1,1315,0,0,50
fixture_generation,graph_wide,10,9,2,1259,0,0,50
fixture_generation,graph_wide,10,9,3,1296,0,0,50
fixture_generation,graph_wide,10,9,4,1259,0,0,50
fixture_generation,graph_wide,10,9,5,1351,0,0,50
fixture_generation,graph_wide,10,9,6,1259,0,0,50
fixture_generation,graph_wide,10,9,7,1259,0,0,50
fixture_generation,graph_wide,10,9,8,1259,0,0,50
fixture_generation,graph_wide,10,9,9,1260,0,0,50
fixture_generation,graph_wide,10,9,10,1241,0,0,50
fixture_generation,graph_wide,10,9,11,1259,0,0,50
fixture_generation,graph_wide,10,9,12,1278,0,0,50
fixture_generation,graph_wide,10,9,13,115778,0,0,50
fixture_generation,graph_wide,10,9,14,1333,0,0,50
fixture_generation,graph_wide,10,9,15,1278,0,0,50
fixture_generation,graph_wide,10,9,16,1334,0,0,50
fixture_generation,graph_wide,10,9,17,1259,0,0,50
fixture_generation,graph_wide,10,9,18,1277,0,0,50
fixture_generation,graph_wide,10,9,19,1278,0,0,50
plan_build,graph_wide,10,9,0,9649,0,0,10
plan_build,graph_wide,10,9,1,4982,0,0,10
plan_build,graph_wide,10,9,2,4556,0,0,10
plan_build,graph_wide,10,9,3,4593,0,0,10
plan_build,graph_wide,10,9,4,4667,0,0,10
plan_build,graph_wide,10,9,5,4759,0,0,10
plan_build,graph_wide,10,9,6,4482,0,0,10
plan_build,graph_wide,10,9,7,4426,0,0,10
plan_build,graph_wide,10,9,8,4482,0,0,10
plan_build,graph_wide,10,9,9,4518,0,0,10
plan_build,graph_wide,10,9,10,4388,0,0,10
plan_build,graph_wide,10,9,11,4463,0,0,10
plan_build,graph_wide,10,9,12,4388,0,0,10
plan_build,graph_wide,10,9,13,4593,0,0,10
plan_build,graph_wide,10,9,14,4537,0,0,10
plan_build,graph_wide,10,9,15,4444,0,0,10
plan_build,graph_wide,10,9,16,4463,0,0,10
plan_build,graph_wide,10,9,17,4519,0,0,10
plan_build,graph_wide,10,9,18,4500,0,0,10
plan_build,graph_wide,10,9,19,4574,0,0,10
plan_build_alloc,graph_wide,10,9,0,0,57,14265,10
engine_execution,graph_wide,10,9,0,69778,0,0,8
engine_execution,graph_wide,10,9,1,70185,0,0,9
engine_execution,graph_wide,10,9,2,68796,0,0,10
engine_execution,graph_wide,10,9,3,68389,0,0,11
engine_execution,graph_wide,10,9,4,68223,0,0,12
engine_execution,graph_wide,10,9,5,67852,0,0,13
engine_execution,graph_wide,10,9,6,67704,0,0,14
engine_execution,graph_wide,10,9,7,69001,0,0,15
engine_execution,graph_wide,10,9,8,69815,0,0,0
engine_execution,graph_wide,10,9,9,68537,0,0,1
engine_execution,graph_wide,10,9,10,67630,0,0,2
engine_execution,graph_wide,10,9,11,67222,0,0,3
engine_execution,graph_wide,10,9,12,68630,0,0,4
engine_execution,graph_wide,10,9,13,67592,0,0,5
engine_execution,graph_wide,10,9,14,66667,0,0,6
engine_execution,graph_wide,10,9,15,70278,0,0,7
engine_execution,graph_wide,10,9,16,69204,0,0,24
engine_execution,graph_wide,10,9,17,69186,0,0,25
engine_execution,graph_wide,10,9,18,68778,0,0,26
engine_execution,graph_wide,10,9,19,68074,0,0,27
engine_execution,graph_wide,10,9,20,68870,0,0,28
engine_execution,graph_wide,10,9,21,68982,0,0,29
engine_execution,graph_wide,10,9,22,68907,0,0,30
engine_execution,graph_wide,10,9,23,68278,0,0,31
engine_execution,graph_wide,10,9,24,68612,0,0,16
engine_execution,graph_wide,10,9,25,67963,0,0,17
engine_execution,graph_wide,10,9,26,66463,0,0,18
engine_execution,graph_wide,10,9,27,68297,0,0,19
engine_execution,graph_wide,10,9,28,68056,0,0,20
engine_execution,graph_wide,10,9,29,69574,0,0,21
engine_execution,graph_wide,10,9,30,68556,0,0,22
engine_execution,graph_wide,10,9,31,65723,0,0,23
engine_execution,graph_wide,10,9,32,69148,0,0,40
engine_execution,graph_wide,10,9,33,69352,0,0,41
engine_execution,graph_wide,10,9,34,68741,0,0,42
engine_execution,graph_wide,10,9,35,68278,0,0,43
engine_execution,graph_wide,10,9,36,69759,0,0,44
engine_execution,graph_wide,10,9,37,67796,0,0,45
engine_execution,graph_wide,10,9,38,67500,0,0,46
engine_execution,graph_wide,10,9,39,66890,0,0,47
engine_execution_alloc,graph_wide,10,9,0,0,631,67859,23122
machine_state_setup,graph_wide,10,9,0,7815,0,0,10
body_state_setup,graph_wide,10,9,0,611,0,0,0
machine_state_setup,graph_wide,10,9,1,6797,0,0,10
body_state_setup,graph_wide,10,9,1,352,0,0,0
machine_state_setup,graph_wide,10,9,2,6759,0,0,10
body_state_setup,graph_wide,10,9,2,444,0,0,0
machine_state_setup,graph_wide,10,9,3,6611,0,0,10
body_state_setup,graph_wide,10,9,3,352,0,0,0
machine_state_setup,graph_wide,10,9,4,6592,0,0,10
body_state_setup,graph_wide,10,9,4,426,0,0,0
machine_state_setup,graph_wide,10,9,5,6426,0,0,10
body_state_setup,graph_wide,10,9,5,352,0,0,0
machine_state_setup,graph_wide,10,9,6,6556,0,0,10
body_state_setup,graph_wide,10,9,6,426,0,0,0
machine_state_setup,graph_wide,10,9,7,6500,0,0,10
body_state_setup,graph_wide,10,9,7,352,0,0,0
machine_state_setup,graph_wide,10,9,8,6704,0,0,10
body_state_setup,graph_wide,10,9,8,426,0,0,0
machine_state_setup,graph_wide,10,9,9,6555,0,0,10
body_state_setup,graph_wide,10,9,9,426,0,0,0
machine_state_setup,graph_wide,10,9,10,6630,0,0,10
body_state_setup,graph_wide,10,9,10,518,0,0,0
machine_state_setup,graph_wide,10,9,11,6740,0,0,10
body_state_setup,graph_wide,10,9,11,537,0,0,0
machine_state_setup,graph_wide,10,9,12,6685,0,0,10
body_state_setup,graph_wide,10,9,12,1000,0,0,0
machine_state_setup,graph_wide,10,9,13,6908,0,0,10
body_state_setup,graph_wide,10,9,13,407,0,0,0
machine_state_setup,graph_wide,10,9,14,6612,0,0,10
body_state_setup,graph_wide,10,9,14,482,0,0,0
machine_state_setup,graph_wide,10,9,15,7167,0,0,10
body_state_setup,graph_wide,10,9,15,500,0,0,0
machine_state_setup,graph_wide,10,9,16,6759,0,0,10
body_state_setup,graph_wide,10,9,16,482,0,0,0
machine_state_setup,graph_wide,10,9,17,6667,0,0,10
body_state_setup,graph_wide,10,9,17,500,0,0,0
machine_state_setup,graph_wide,10,9,18,6778,0,0,10
body_state_setup,graph_wide,10,9,18,426,0,0,0
machine_state_setup,graph_wide,10,9,19,6667,0,0,10
body_state_setup,graph_wide,10,9,19,426,0,0,0
machine_state_setup,graph_wide,10,9,20,6944,0,0,10
body_state_setup,graph_wide,10,9,20,407,0,0,0
machine_state_setup,graph_wide,10,9,21,6778,0,0,10
body_state_setup,graph_wide,10,9,21,444,0,0,0
machine_state_setup,graph_wide,10,9,22,6926,0,0,10
body_state_setup,graph_wide,10,9,22,481,0,0,0
machine_state_setup,graph_wide,10,9,23,6778,0,0,10
body_state_setup,graph_wide,10,9,23,482,0,0,0
machine_state_setup,graph_wide,10,9,24,6778,0,0,10
body_state_setup,graph_wide,10,9,24,463,0,0,0
machine_state_setup,graph_wide,10,9,25,6575,0,0,10
body_state_setup,graph_wide,10,9,25,408,0,0,0
machine_state_setup,graph_wide,10,9,26,6445,0,0,10
body_state_setup,graph_wide,10,9,26,463,0,0,0
machine_state_setup,graph_wide,10,9,27,6556,0,0,10
body_state_setup,graph_wide,10,9,27,426,0,0,0
machine_state_setup,graph_wide,10,9,28,6908,0,0,10
body_state_setup,graph_wide,10,9,28,371,0,0,0
machine_state_setup,graph_wide,10,9,29,6723,0,0,10
body_state_setup,graph_wide,10,9,29,426,0,0,0
machine_state_setup,graph_wide,10,9,30,6685,0,0,10
body_state_setup,graph_wide,10,9,30,444,0,0,0
machine_state_setup,graph_wide,10,9,31,6555,0,0,10
body_state_setup,graph_wide,10,9,31,444,0,0,0
machine_state_setup,graph_wide,10,9,32,6500,0,0,10
body_state_setup,graph_wide,10,9,32,481,0,0,0
machine_state_setup,graph_wide,10,9,33,6667,0,0,10
body_state_setup,graph_wide,10,9,33,445,0,0,0
machine_state_setup,graph_wide,10,9,34,6759,0,0,10
body_state_setup,graph_wide,10,9,34,463,0,0,0
machine_state_setup,graph_wide,10,9,35,6537,0,0,10
body_state_setup,graph_wide,10,9,35,463,0,0,0
machine_state_setup,graph_wide,10,9,36,6593,0,0,10
body_state_setup,graph_wide,10,9,36,463,0,0,0
machine_state_setup,graph_wide,10,9,37,6667,0,0,10
body_state_setup,graph_wide,10,9,37,519,0,0,0
machine_state_setup,graph_wide,10,9,38,6704,0,0,10
body_state_setup,graph_wide,10,9,38,426,0,0,0
machine_state_setup,graph_wide,10,9,39,6908,0,0,10
body_state_setup,graph_wide,10,9,39,352,0,0,0
fixture_generation,graph_sparse,10,9,0,1426,0,0,50
fixture_generation,graph_sparse,10,9,1,1297,0,0,50
fixture_generation,graph_sparse,10,9,2,1278,0,0,50
fixture_generation,graph_sparse,10,9,3,1315,0,0,50
fixture_generation,graph_sparse,10,9,4,1278,0,0,50
fixture_generation,graph_sparse,10,9,5,1278,0,0,50
fixture_generation,graph_sparse,10,9,6,1389,0,0,50
fixture_generation,graph_sparse,10,9,7,1426,0,0,50
fixture_generation,graph_sparse,10,9,8,1407,0,0,50
fixture_generation,graph_sparse,10,9,9,1444,0,0,50
fixture_generation,graph_sparse,10,9,10,1500,0,0,50
fixture_generation,graph_sparse,10,9,11,1389,0,0,50
fixture_generation,graph_sparse,10,9,12,1333,0,0,50
fixture_generation,graph_sparse,10,9,13,1334,0,0,50
fixture_generation,graph_sparse,10,9,14,1334,0,0,50
fixture_generation,graph_sparse,10,9,15,1259,0,0,50
fixture_generation,graph_sparse,10,9,16,1296,0,0,50
fixture_generation,graph_sparse,10,9,17,1315,0,0,50
fixture_generation,graph_sparse,10,9,18,1278,0,0,50
fixture_generation,graph_sparse,10,9,19,1371,0,0,50
plan_build,graph_sparse,10,9,0,7592,0,0,12
plan_build,graph_sparse,10,9,1,5093,0,0,12
plan_build,graph_sparse,10,9,2,4833,0,0,12
plan_build,graph_sparse,10,9,3,4704,0,0,12
plan_build,graph_sparse,10,9,4,4760,0,0,12
plan_build,graph_sparse,10,9,5,4611,0,0,12
plan_build,graph_sparse,10,9,6,4556,0,0,12
plan_build,graph_sparse,10,9,7,19815,0,0,12
plan_build,graph_sparse,10,9,8,4888,0,0,12
plan_build,graph_sparse,10,9,9,4722,0,0,12
plan_build,graph_sparse,10,9,10,4704,0,0,12
plan_build,graph_sparse,10,9,11,4630,0,0,12
plan_build,graph_sparse,10,9,12,4722,0,0,12
plan_build,graph_sparse,10,9,13,4629,0,0,12
plan_build,graph_sparse,10,9,14,4778,0,0,12
plan_build,graph_sparse,10,9,15,4704,0,0,12
plan_build,graph_sparse,10,9,16,4648,0,0,12
plan_build,graph_sparse,10,9,17,5222,0,0,12
plan_build,graph_sparse,10,9,18,4667,0,0,12
plan_build,graph_sparse,10,9,19,4685,0,0,12
plan_build_alloc,graph_sparse,10,9,0,0,57,14267,12
engine_execution,graph_sparse,10,9,0,66649,0,0,13
engine_execution,graph_sparse,10,9,1,69611,0,0,12
engine_execution,graph_sparse,10,9,2,71760,0,0,15
engine_execution,graph_sparse,10,9,3,69722,0,0,14
engine_execution,graph_sparse,10,9,4,69611,0,0,9
engine_execution,graph_sparse,10,9,5,69001,0,0,8
engine_execution,graph_sparse,10,9,6,69000,0,0,11
engine_execution,graph_sparse,10,9,7,69926,0,0,10
engine_execution,graph_sparse,10,9,8,69167,0,0,5
engine_execution,graph_sparse,10,9,9,66538,0,0,4
engine_execution,graph_sparse,10,9,10,72426,0,0,7
engine_execution,graph_sparse,10,9,11,68982,0,0,6
engine_execution,graph_sparse,10,9,12,69519,0,0,1
engine_execution,graph_sparse,10,9,13,68889,0,0,0
engine_execution,graph_sparse,10,9,14,69130,0,0,3
engine_execution,graph_sparse,10,9,15,70056,0,0,2
engine_execution,graph_sparse,10,9,16,69018,0,0,29
engine_execution,graph_sparse,10,9,17,69982,0,0,28
engine_execution,graph_sparse,10,9,18,69574,0,0,31
engine_execution,graph_sparse,10,9,19,68593,0,0,30
engine_execution,graph_sparse,10,9,20,69741,0,0,25
engine_execution,graph_sparse,10,9,21,69112,0,0,24
engine_execution,graph_sparse,10,9,22,68592,0,0,27
engine_execution,graph_sparse,10,9,23,69370,0,0,26
engine_execution,graph_sparse,10,9,24,69000,0,0,21
engine_execution,graph_sparse,10,9,25,69000,0,0,20
engine_execution,graph_sparse,10,9,26,69408,0,0,23
engine_execution,graph_sparse,10,9,27,69093,0,0,22
engine_execution,graph_sparse,10,9,28,69741,0,0,17
engine_execution,graph_sparse,10,9,29,69649,0,0,16
engine_execution,graph_sparse,10,9,30,70111,0,0,19
engine_execution,graph_sparse,10,9,31,68834,0,0,18
engine_execution,graph_sparse,10,9,32,68908,0,0,45
engine_execution,graph_sparse,10,9,33,68778,0,0,44
engine_execution,graph_sparse,10,9,34,68778,0,0,47
engine_execution,graph_sparse,10,9,35,68500,0,0,46
engine_execution,graph_sparse,10,9,36,69445,0,0,41
engine_execution,graph_sparse,10,9,37,69704,0,0,40
engine_execution,graph_sparse,10,9,38,69444,0,0,43
engine_execution,graph_sparse,10,9,39,69333,0,0,42
engine_execution_alloc,graph_sparse,10,9,0,0,642,66839,23127
machine_state_setup,graph_sparse,10,9,0,7870,0,0,10
body_state_setup,graph_sparse,10,9,0,574,0,0,0
machine_state_setup,graph_sparse,10,9,1,7204,0,0,10
body_state_setup,graph_sparse,10,9,1,408,0,0,0
machine_state_setup,graph_sparse,10,9,2,6704,0,0,10
body_state_setup,graph_sparse,10,9,2,370,0,0,0
machine_state_setup,graph_sparse,10,9,3,6630,0,0,10
body_state_setup,graph_sparse,10,9,3,389,0,0,0
machine_state_setup,graph_sparse,10,9,4,6481,0,0,10
body_state_setup,graph_sparse,10,9,4,389,0,0,0
machine_state_setup,graph_sparse,10,9,5,6463,0,0,10
body_state_setup,graph_sparse,10,9,5,370,0,0,0
machine_state_setup,graph_sparse,10,9,6,6574,0,0,10
body_state_setup,graph_sparse,10,9,6,667,0,0,0
machine_state_setup,graph_sparse,10,9,7,7056,0,0,10
body_state_setup,graph_sparse,10,9,7,408,0,0,0
machine_state_setup,graph_sparse,10,9,8,6815,0,0,10
body_state_setup,graph_sparse,10,9,8,388,0,0,0
machine_state_setup,graph_sparse,10,9,9,6852,0,0,10
body_state_setup,graph_sparse,10,9,9,371,0,0,0
machine_state_setup,graph_sparse,10,9,10,6630,0,0,10
body_state_setup,graph_sparse,10,9,10,445,0,0,0
machine_state_setup,graph_sparse,10,9,11,6796,0,0,10
body_state_setup,graph_sparse,10,9,11,388,0,0,0
machine_state_setup,graph_sparse,10,9,12,6630,0,0,10
body_state_setup,graph_sparse,10,9,12,445,0,0,0
machine_state_setup,graph_sparse,10,9,13,6722,0,0,10
body_state_setup,graph_sparse,10,9,13,425,0,0,0
machine_state_setup,graph_sparse,10,9,14,6685,0,0,10
body_state_setup,graph_sparse,10,9,14,537,0,0,0
machine_state_setup,graph_sparse,10,9,15,6852,0,0,10
body_state_setup,graph_sparse,10,9,15,519,0,0,0
machine_state_setup,graph_sparse,10,9,16,6667,0,0,10
body_state_setup,graph_sparse,10,9,16,518,0,0,0
machine_state_setup,graph_sparse,10,9,17,6852,0,0,10
body_state_setup,graph_sparse,10,9,17,370,0,0,0
machine_state_setup,graph_sparse,10,9,18,6741,0,0,10
body_state_setup,graph_sparse,10,9,18,500,0,0,0
machine_state_setup,graph_sparse,10,9,19,6722,0,0,10
body_state_setup,graph_sparse,10,9,19,463,0,0,0
machine_state_setup,graph_sparse,10,9,20,6667,0,0,10
body_state_setup,graph_sparse,10,9,20,426,0,0,0
machine_state_setup,graph_sparse,10,9,21,6574,0,0,10
body_state_setup,graph_sparse,10,9,21,481,0,0,0
machine_state_setup,graph_sparse,10,9,22,6889,0,0,10
body_state_setup,graph_sparse,10,9,22,389,0,0,0
machine_state_setup,graph_sparse,10,9,23,6741,0,0,10
body_state_setup,graph_sparse,10,9,23,445,0,0,0
machine_state_setup,graph_sparse,10,9,24,6704,0,0,10
body_state_setup,graph_sparse,10,9,24,463,0,0,0
machine_state_setup,graph_sparse,10,9,25,6741,0,0,10
body_state_setup,graph_sparse,10,9,25,407,0,0,0
machine_state_setup,graph_sparse,10,9,26,6685,0,0,10
body_state_setup,graph_sparse,10,9,26,445,0,0,0
machine_state_setup,graph_sparse,10,9,27,6870,0,0,10
body_state_setup,graph_sparse,10,9,27,426,0,0,0
machine_state_setup,graph_sparse,10,9,28,6759,0,0,10
body_state_setup,graph_sparse,10,9,28,463,0,0,0
machine_state_setup,graph_sparse,10,9,29,6834,0,0,10
body_state_setup,graph_sparse,10,9,29,389,0,0,0
machine_state_setup,graph_sparse,10,9,30,6648,0,0,10
body_state_setup,graph_sparse,10,9,30,445,0,0,0
machine_state_setup,graph_sparse,10,9,31,6704,0,0,10
body_state_setup,graph_sparse,10,9,31,444,0,0,0
machine_state_setup,graph_sparse,10,9,32,6593,0,0,10
body_state_setup,graph_sparse,10,9,32,482,0,0,0
machine_state_setup,graph_sparse,10,9,33,6648,0,0,10
body_state_setup,graph_sparse,10,9,33,426,0,0,0
machine_state_setup,graph_sparse,10,9,34,6778,0,0,10
body_state_setup,graph_sparse,10,9,34,389,0,0,0
machine_state_setup,graph_sparse,10,9,35,6759,0,0,10
body_state_setup,graph_sparse,10,9,35,481,0,0,0
machine_state_setup,graph_sparse,10,9,36,6926,0,0,10
body_state_setup,graph_sparse,10,9,36,444,0,0,0
machine_state_setup,graph_sparse,10,9,37,6723,0,0,10
body_state_setup,graph_sparse,10,9,37,463,0,0,0
machine_state_setup,graph_sparse,10,9,38,6778,0,0,10
body_state_setup,graph_sparse,10,9,38,426,0,0,0
machine_state_setup,graph_sparse,10,9,39,6704,0,0,10
body_state_setup,graph_sparse,10,9,39,407,0,0,0
fixture_generation,graph_chain,100,99,0,16426,0,0,500
fixture_generation,graph_chain,100,99,1,16297,0,0,500
fixture_generation,graph_chain,100,99,2,16260,0,0,500
fixture_generation,graph_chain,100,99,3,16277,0,0,500
fixture_generation,graph_chain,100,99,4,16370,0,0,500
fixture_generation,graph_chain,100,99,5,16315,0,0,500
fixture_generation,graph_chain,100,99,6,16352,0,0,500
fixture_generation,graph_chain,100,99,7,16315,0,0,500
fixture_generation,graph_chain,100,99,8,21500,0,0,500
fixture_generation,graph_chain,100,99,9,16296,0,0,500
fixture_generation,graph_chain,100,99,10,16241,0,0,500
fixture_generation,graph_chain,100,99,11,16241,0,0,500
fixture_generation,graph_chain,100,99,12,16277,0,0,500
fixture_generation,graph_chain,100,99,13,16222,0,0,500
fixture_generation,graph_chain,100,99,14,16334,0,0,500
fixture_generation,graph_chain,100,99,15,16389,0,0,500
fixture_generation,graph_chain,100,99,16,16297,0,0,500
fixture_generation,graph_chain,100,99,17,16297,0,0,500
fixture_generation,graph_chain,100,99,18,16297,0,0,500
fixture_generation,graph_chain,100,99,19,16371,0,0,500
plan_build,graph_chain,100,99,0,67648,0,0,11
plan_build,graph_chain,100,99,1,65000,0,0,11
plan_build,graph_chain,100,99,2,64167,0,0,11
plan_build,graph_chain,100,99,3,63722,0,0,11
plan_build,graph_chain,100,99,4,63370,0,0,11
plan_build,graph_chain,100,99,5,63537,0,0,11
plan_build,graph_chain,100,99,6,62926,0,0,11
plan_build,graph_chain,100,99,7,62722,0,0,11
plan_build,graph_chain,100,99,8,62519,0,0,11
plan_build,graph_chain,100,99,9,62482,0,0,11
plan_build,graph_chain,100,99,10,62352,0,0,11
plan_build,graph_chain,100,99,11,62481,0,0,11
plan_build,graph_chain,100,99,12,62352,0,0,11
plan_build,graph_chain,100,99,13,62352,0,0,11
plan_build,graph_chain,100,99,14,62389,0,0,11
plan_build,graph_chain,100,99,15,62685,0,0,11
plan_build,graph_chain,100,99,16,62408,0,0,11
plan_build,graph_chain,100,99,17,62444,0,0,11
plan_build,graph_chain,100,99,18,62315,0,0,11
plan_build,graph_chain,100,99,19,62296,0,0,11
plan_build_alloc,graph_chain,100,99,0,0,429,126588,11
engine_execution,graph_chain,100,99,0,886411,0,0,1
engine_execution,graph_chain,100,99,1,886911,0,0,0
engine_execution,graph_chain,100,99,2,880058,0,0,3
engine_execution,graph_chain,100,99,3,886855,0,0,2
engine_execution,graph_chain,100,99,4,882225,0,0,5
engine_execution,graph_chain,100,99,5,884874,0,0,4
engine_execution,graph_chain,100,99,6,884688,0,0,7
engine_execution,graph_chain,100,99,7,885299,0,0,6
engine_execution,graph_chain,100,99,8,888615,0,0,9
engine_execution,graph_chain,100,99,9,880633,0,0,8
engine_execution,graph_chain,100,99,10,877003,0,0,11
engine_execution,graph_chain,100,99,11,901725,0,0,10
engine_execution,graph_chain,100,99,12,866503,0,0,13
engine_execution,graph_chain,100,99,13,880818,0,0,12
engine_execution,graph_chain,100,99,14,879855,0,0,15
engine_execution,graph_chain,100,99,15,886355,0,0,14
engine_execution,graph_chain,100,99,16,879262,0,0,17
engine_execution,graph_chain,100,99,17,887430,0,0,16
engine_execution,graph_chain,100,99,18,881744,0,0,19
engine_execution,graph_chain,100,99,19,878318,0,0,18
engine_execution,graph_chain,100,99,20,881077,0,0,21
engine_execution,graph_chain,100,99,21,913614,0,0,20
engine_execution,graph_chain,100,99,22,878077,0,0,23
engine_execution,graph_chain,100,99,23,878726,0,0,22
engine_execution,graph_chain,100,99,24,881874,0,0,25
engine_execution,graph_chain,100,99,25,879262,0,0,24
engine_execution,graph_chain,100,99,26,886058,0,0,27
engine_execution,graph_chain,100,99,27,886781,0,0,26
engine_execution,graph_chain,100,99,28,878985,0,0,29
engine_execution,graph_chain,100,99,29,874169,0,0,28
engine_execution,graph_chain,100,99,30,1585635,0,0,31
engine_execution,graph_chain,100,99,31,899615,0,0,30
engine_execution,graph_chain,100,99,32,880207,0,0,33
engine_execution,graph_chain,100,99,33,881818,0,0,32
engine_execution,graph_chain,100,99,34,892651,0,0,35
engine_execution,graph_chain,100,99,35,864503,0,0,34
engine_execution,graph_chain,100,99,36,933337,0,0,37
engine_execution,graph_chain,100,99,37,865484,0,0,36
engine_execution,graph_chain,100,99,38,885078,0,0,39
engine_execution,graph_chain,100,99,39,900448,0,0,38
engine_execution_alloc,graph_chain,100,99,0,0,5983,769127,23131
machine_state_setup,graph_chain,100,99,0,92574,0,0,100
body_state_setup,graph_chain,100,99,0,2185,0,0,0
machine_state_setup,graph_chain,100,99,1,64593,0,0,100
body_state_setup,graph_chain,100,99,1,1870,0,0,0
machine_state_setup,graph_chain,100,99,2,63371,0,0,100
body_state_setup,graph_chain,100,99,2,1814,0,0,0
machine_state_setup,graph_chain,100,99,3,63778,0,0,100
body_state_setup,graph_chain,100,99,3,1797,0,0,0
machine_state_setup,graph_chain,100,99,4,63648,0,0,100
body_state_setup,graph_chain,100,99,4,1778,0,0,0
machine_state_setup,graph_chain,100,99,5,63204,0,0,100
body_state_setup,graph_chain,100,99,5,1740,0,0,0
machine_state_setup,graph_chain,100,99,6,63241,0,0,100
body_state_setup,graph_chain,100,99,6,1778,0,0,0
machine_state_setup,graph_chain,100,99,7,63519,0,0,100
body_state_setup,graph_chain,100,99,7,1667,0,0,0
machine_state_setup,graph_chain,100,99,8,63741,0,0,100
body_state_setup,graph_chain,100,99,8,1852,0,0,0
machine_state_setup,graph_chain,100,99,9,62759,0,0,100
body_state_setup,graph_chain,100,99,9,1741,0,0,0
machine_state_setup,graph_chain,100,99,10,63334,0,0,100
body_state_setup,graph_chain,100,99,10,1741,0,0,0
machine_state_setup,graph_chain,100,99,11,62907,0,0,100
body_state_setup,graph_chain,100,99,11,1704,0,0,0
machine_state_setup,graph_chain,100,99,12,62889,0,0,100
body_state_setup,graph_chain,100,99,12,1685,0,0,0
machine_state_setup,graph_chain,100,99,13,62723,0,0,100
body_state_setup,graph_chain,100,99,13,1685,0,0,0
machine_state_setup,graph_chain,100,99,14,63278,0,0,100
body_state_setup,graph_chain,100,99,14,1704,0,0,0
machine_state_setup,graph_chain,100,99,15,62870,0,0,100
body_state_setup,graph_chain,100,99,15,1778,0,0,0
machine_state_setup,graph_chain,100,99,16,62685,0,0,100
body_state_setup,graph_chain,100,99,16,1759,0,0,0
machine_state_setup,graph_chain,100,99,17,63296,0,0,100
body_state_setup,graph_chain,100,99,17,1796,0,0,0
machine_state_setup,graph_chain,100,99,18,63685,0,0,100
body_state_setup,graph_chain,100,99,18,1907,0,0,0
machine_state_setup,graph_chain,100,99,19,64945,0,0,100
body_state_setup,graph_chain,100,99,19,2019,0,0,0
machine_state_setup,graph_chain,100,99,20,65000,0,0,100
body_state_setup,graph_chain,100,99,20,2000,0,0,0
machine_state_setup,graph_chain,100,99,21,64204,0,0,100
body_state_setup,graph_chain,100,99,21,1815,0,0,0
machine_state_setup,graph_chain,100,99,22,63408,0,0,100
body_state_setup,graph_chain,100,99,22,2037,0,0,0
machine_state_setup,graph_chain,100,99,23,72167,0,0,100
body_state_setup,graph_chain,100,99,23,2185,0,0,0
machine_state_setup,graph_chain,100,99,24,74296,0,0,100
body_state_setup,graph_chain,100,99,24,3203,0,0,0
machine_state_setup,graph_chain,100,99,25,72556,0,0,100
body_state_setup,graph_chain,100,99,25,2241,0,0,0
machine_state_setup,graph_chain,100,99,26,71852,0,0,100
body_state_setup,graph_chain,100,99,26,2351,0,0,0
machine_state_setup,graph_chain,100,99,27,66926,0,0,100
body_state_setup,graph_chain,100,99,27,1797,0,0,0
machine_state_setup,graph_chain,100,99,28,63370,0,0,100
body_state_setup,graph_chain,100,99,28,1908,0,0,0
machine_state_setup,graph_chain,100,99,29,63315,0,0,100
body_state_setup,graph_chain,100,99,29,1889,0,0,0
machine_state_setup,graph_chain,100,99,30,63167,0,0,100
body_state_setup,graph_chain,100,99,30,1908,0,0,0
machine_state_setup,graph_chain,100,99,31,63204,0,0,100
body_state_setup,graph_chain,100,99,31,1908,0,0,0
machine_state_setup,graph_chain,100,99,32,62964,0,0,100
body_state_setup,graph_chain,100,99,32,1871,0,0,0
machine_state_setup,graph_chain,100,99,33,81945,0,0,100
body_state_setup,graph_chain,100,99,33,3352,0,0,0
machine_state_setup,graph_chain,100,99,34,63222,0,0,100
body_state_setup,graph_chain,100,99,34,1982,0,0,0
machine_state_setup,graph_chain,100,99,35,63352,0,0,100
body_state_setup,graph_chain,100,99,35,1944,0,0,0
machine_state_setup,graph_chain,100,99,36,63111,0,0,100
body_state_setup,graph_chain,100,99,36,1963,0,0,0
machine_state_setup,graph_chain,100,99,37,63464,0,0,100
body_state_setup,graph_chain,100,99,37,2000,0,0,0
machine_state_setup,graph_chain,100,99,38,63648,0,0,100
body_state_setup,graph_chain,100,99,38,1944,0,0,0
machine_state_setup,graph_chain,100,99,39,63166,0,0,100
body_state_setup,graph_chain,100,99,39,1981,0,0,0
pure_machine_events_preseeded,graph_chain,100,99,0,346261,0,0,101
pure_machine_events_preseeded,graph_chain,100,99,1,337557,0,0,101
pure_machine_events_preseeded,graph_chain,100,99,2,334798,0,0,101
pure_machine_events_preseeded,graph_chain,100,99,3,330946,0,0,101
pure_machine_events_preseeded,graph_chain,100,99,4,334001,0,0,101
pure_machine_events_preseeded,graph_chain,100,99,5,327798,0,0,101
pure_machine_events_preseeded,graph_chain,100,99,6,332520,0,0,101
pure_machine_events_preseeded,graph_chain,100,99,7,328557,0,0,101
pure_machine_events_preseeded,graph_chain,100,99,8,330723,0,0,101
pure_machine_events_preseeded,graph_chain,100,99,9,328983,0,0,101
pure_machine_events_preseeded,graph_chain,100,99,10,327464,0,0,101
pure_machine_events_preseeded,graph_chain,100,99,11,340668,0,0,101
pure_machine_events_preseeded,graph_chain,100,99,12,332168,0,0,101
pure_machine_events_preseeded,graph_chain,100,99,13,330965,0,0,101
pure_machine_events_preseeded,graph_chain,100,99,14,332501,0,0,101
pure_machine_events_preseeded,graph_chain,100,99,15,331372,0,0,101
pure_machine_events_preseeded,graph_chain,100,99,16,330205,0,0,101
pure_machine_events_preseeded,graph_chain,100,99,17,332223,0,0,101
pure_machine_events_preseeded,graph_chain,100,99,18,331723,0,0,101
pure_machine_events_preseeded,graph_chain,100,99,19,395538,0,0,101
pure_machine_events_preseeded,graph_chain,100,99,20,332112,0,0,101
pure_machine_events_preseeded,graph_chain,100,99,21,333019,0,0,101
pure_machine_events_preseeded,graph_chain,100,99,22,332668,0,0,101
pure_machine_events_preseeded,graph_chain,100,99,23,333557,0,0,101
pure_machine_events_preseeded,graph_chain,100,99,24,330150,0,0,101
pure_machine_events_preseeded,graph_chain,100,99,25,332667,0,0,101
pure_machine_events_preseeded,graph_chain,100,99,26,331761,0,0,101
pure_machine_events_preseeded,graph_chain,100,99,27,329853,0,0,101
pure_machine_events_preseeded,graph_chain,100,99,28,331927,0,0,101
pure_machine_events_preseeded,graph_chain,100,99,29,343575,0,0,101
pure_machine_events_preseeded,graph_chain,100,99,30,328353,0,0,101
pure_machine_events_preseeded,graph_chain,100,99,31,332408,0,0,101
pure_machine_events_preseeded,graph_chain,100,99,32,332483,0,0,101
pure_machine_events_preseeded,graph_chain,100,99,33,329779,0,0,101
pure_machine_events_preseeded,graph_chain,100,99,34,332594,0,0,101
pure_machine_events_preseeded,graph_chain,100,99,35,333631,0,0,101
pure_machine_events_preseeded,graph_chain,100,99,36,332464,0,0,101
pure_machine_events_preseeded,graph_chain,100,99,37,333020,0,0,101
pure_machine_events_preseeded,graph_chain,100,99,38,333686,0,0,101
pure_machine_events_preseeded,graph_chain,100,99,39,337297,0,0,101
fixture_generation,graph_wide,100,99,0,16130,0,0,500
fixture_generation,graph_wide,100,99,1,15759,0,0,500
fixture_generation,graph_wide,100,99,2,15815,0,0,500
fixture_generation,graph_wide,100,99,3,15852,0,0,500
fixture_generation,graph_wide,100,99,4,16445,0,0,500
fixture_generation,graph_wide,100,99,5,15871,0,0,500
fixture_generation,graph_wide,100,99,6,15889,0,0,500
fixture_generation,graph_wide,100,99,7,15926,0,0,500
fixture_generation,graph_wide,100,99,8,15945,0,0,500
fixture_generation,graph_wide,100,99,9,15963,0,0,500
fixture_generation,graph_wide,100,99,10,15963,0,0,500
fixture_generation,graph_wide,100,99,11,16148,0,0,500
fixture_generation,graph_wide,100,99,12,16000,0,0,500
fixture_generation,graph_wide,100,99,13,16167,0,0,500
fixture_generation,graph_wide,100,99,14,16000,0,0,500
fixture_generation,graph_wide,100,99,15,15981,0,0,500
fixture_generation,graph_wide,100,99,16,16223,0,0,500
fixture_generation,graph_wide,100,99,17,16074,0,0,500
fixture_generation,graph_wide,100,99,18,16278,0,0,500
fixture_generation,graph_wide,100,99,19,16204,0,0,500
plan_build,graph_wide,100,99,0,72907,0,0,10
plan_build,graph_wide,100,99,1,66353,0,0,10
plan_build,graph_wide,100,99,2,65241,0,0,10
plan_build,graph_wide,100,99,3,65056,0,0,10
plan_build,graph_wide,100,99,4,64241,0,0,10
plan_build,graph_wide,100,99,5,64000,0,0,10
plan_build,graph_wide,100,99,6,63815,0,0,10
plan_build,graph_wide,100,99,7,63592,0,0,10
plan_build,graph_wide,100,99,8,63778,0,0,10
plan_build,graph_wide,100,99,9,63908,0,0,10
plan_build,graph_wide,100,99,10,63389,0,0,10
plan_build,graph_wide,100,99,11,63815,0,0,10
plan_build,graph_wide,100,99,12,64092,0,0,10
plan_build,graph_wide,100,99,13,63852,0,0,10
plan_build,graph_wide,100,99,14,64018,0,0,10
plan_build,graph_wide,100,99,15,63945,0,0,10
plan_build,graph_wide,100,99,16,63778,0,0,10
plan_build,graph_wide,100,99,17,63944,0,0,10
plan_build,graph_wide,100,99,18,63982,0,0,10
plan_build,graph_wide,100,99,19,63963,0,0,10
plan_build_alloc,graph_wide,100,99,0,0,429,126587,10
engine_execution,graph_wide,100,99,0,771965,0,0,98
engine_execution,graph_wide,100,99,1,772281,0,0,99
engine_execution,graph_wide,100,99,2,771096,0,0,96
engine_execution,graph_wide,100,99,3,768818,0,0,97
engine_execution,graph_wide,100,99,4,766892,0,0,102
engine_execution,graph_wide,100,99,5,781410,0,0,103
engine_execution,graph_wide,100,99,6,774966,0,0,100
engine_execution,graph_wide,100,99,7,769188,0,0,101
engine_execution,graph_wide,100,99,8,767207,0,0,106
engine_execution,graph_wide,100,99,9,771225,0,0,107
engine_execution,graph_wide,100,99,10,775614,0,0,104
engine_execution,graph_wide,100,99,11,766577,0,0,105
engine_execution,graph_wide,100,99,12,768762,0,0,110
engine_execution,graph_wide,100,99,13,765484,0,0,111
engine_execution,graph_wide,100,99,14,771281,0,0,108
engine_execution,graph_wide,100,99,15,778595,0,0,109
engine_execution,graph_wide,100,99,16,775726,0,0,114
engine_execution,graph_wide,100,99,17,769113,0,0,115
engine_execution,graph_wide,100,99,18,767818,0,0,112
engine_execution,graph_wide,100,99,19,771021,0,0,113
engine_execution,graph_wide,100,99,20,776225,0,0,118
engine_execution,graph_wide,100,99,21,770040,0,0,119
engine_execution,graph_wide,100,99,22,768854,0,0,116
engine_execution,graph_wide,100,99,23,765614,0,0,117
engine_execution,graph_wide,100,99,24,768410,0,0,122
engine_execution,graph_wide,100,99,25,784299,0,0,123
engine_execution,graph_wide,100,99,26,767799,0,0,120
engine_execution,graph_wide,100,99,27,769318,0,0,121
engine_execution,graph_wide,100,99,28,768576,0,0,126
engine_execution,graph_wide,100,99,29,771558,0,0,127
engine_execution,graph_wide,100,99,30,773484,0,0,124
engine_execution,graph_wide,100,99,31,775206,0,0,125
engine_execution,graph_wide,100,99,32,769040,0,0,66
engine_execution,graph_wide,100,99,33,770466,0,0,67
engine_execution,graph_wide,100,99,34,766207,0,0,64
engine_execution,graph_wide,100,99,35,768262,0,0,65
engine_execution,graph_wide,100,99,36,773354,0,0,70
engine_execution,graph_wide,100,99,37,770521,0,0,71
engine_execution,graph_wide,100,99,38,768411,0,0,68
engine_execution,graph_wide,100,99,39,771854,0,0,69
engine_execution_alloc,graph_wide,100,99,0,0,5618,723205,23096
machine_state_setup,graph_wide,100,99,0,97204,0,0,100
body_state_setup,graph_wide,100,99,0,2315,0,0,0
machine_state_setup,graph_wide,100,99,1,69982,0,0,100
body_state_setup,graph_wide,100,99,1,1889,0,0,0
machine_state_setup,graph_wide,100,99,2,74611,0,0,100
body_state_setup,graph_wide,100,99,2,1907,0,0,0
machine_state_setup,graph_wide,100,99,3,69056,0,0,100
body_state_setup,graph_wide,100,99,3,1833,0,0,0
machine_state_setup,graph_wide,100,99,4,68945,0,0,100
body_state_setup,graph_wide,100,99,4,1759,0,0,0
machine_state_setup,graph_wide,100,99,5,68241,0,0,100
body_state_setup,graph_wide,100,99,5,1852,0,0,0
machine_state_setup,graph_wide,100,99,6,68056,0,0,100
body_state_setup,graph_wide,100,99,6,1760,0,0,0
machine_state_setup,graph_wide,100,99,7,67833,0,0,100
body_state_setup,graph_wide,100,99,7,1797,0,0,0
machine_state_setup,graph_wide,100,99,8,67778,0,0,100
body_state_setup,graph_wide,100,99,8,1723,0,0,0
machine_state_setup,graph_wide,100,99,9,67926,0,0,100
body_state_setup,graph_wide,100,99,9,1815,0,0,0
machine_state_setup,graph_wide,100,99,10,67815,0,0,100
body_state_setup,graph_wide,100,99,10,1741,0,0,0
machine_state_setup,graph_wide,100,99,11,67630,0,0,100
body_state_setup,graph_wide,100,99,11,1889,0,0,0
machine_state_setup,graph_wide,100,99,12,68130,0,0,100
body_state_setup,graph_wide,100,99,12,1722,0,0,0
machine_state_setup,graph_wide,100,99,13,67297,0,0,100
body_state_setup,graph_wide,100,99,13,1815,0,0,0
machine_state_setup,graph_wide,100,99,14,67889,0,0,100
body_state_setup,graph_wide,100,99,14,1740,0,0,0
machine_state_setup,graph_wide,100,99,15,67445,0,0,100
body_state_setup,graph_wide,100,99,15,1871,0,0,0
machine_state_setup,graph_wide,100,99,16,67278,0,0,100
body_state_setup,graph_wide,100,99,16,1815,0,0,0
machine_state_setup,graph_wide,100,99,17,67130,0,0,100
body_state_setup,graph_wide,100,99,17,1833,0,0,0
machine_state_setup,graph_wide,100,99,18,67574,0,0,100
body_state_setup,graph_wide,100,99,18,1815,0,0,0
machine_state_setup,graph_wide,100,99,19,67834,0,0,100
body_state_setup,graph_wide,100,99,19,1870,0,0,0
machine_state_setup,graph_wide,100,99,20,66815,0,0,100
body_state_setup,graph_wide,100,99,20,1871,0,0,0
machine_state_setup,graph_wide,100,99,21,67500,0,0,100
body_state_setup,graph_wide,100,99,21,2000,0,0,0
machine_state_setup,graph_wide,100,99,22,67426,0,0,100
body_state_setup,graph_wide,100,99,22,1814,0,0,0
machine_state_setup,graph_wide,100,99,23,67353,0,0,100
body_state_setup,graph_wide,100,99,23,1945,0,0,0
machine_state_setup,graph_wide,100,99,24,67741,0,0,100
body_state_setup,graph_wide,100,99,24,1889,0,0,0
machine_state_setup,graph_wide,100,99,25,67389,0,0,100
body_state_setup,graph_wide,100,99,25,1944,0,0,0
machine_state_setup,graph_wide,100,99,26,67556,0,0,100
body_state_setup,graph_wide,100,99,26,1871,0,0,0
machine_state_setup,graph_wide,100,99,27,66981,0,0,100
body_state_setup,graph_wide,100,99,27,1926,0,0,0
machine_state_setup,graph_wide,100,99,28,66500,0,0,100
body_state_setup,graph_wide,100,99,28,1870,0,0,0
machine_state_setup,graph_wide,100,99,29,67019,0,0,100
body_state_setup,graph_wide,100,99,29,1907,0,0,0
machine_state_setup,graph_wide,100,99,30,67778,0,0,100
body_state_setup,graph_wide,100,99,30,1888,0,0,0
machine_state_setup,graph_wide,100,99,31,67315,0,0,100
body_state_setup,graph_wide,100,99,31,1982,0,0,0
machine_state_setup,graph_wide,100,99,32,67686,0,0,100
body_state_setup,graph_wide,100,99,32,1926,0,0,0
machine_state_setup,graph_wide,100,99,33,67667,0,0,100
body_state_setup,graph_wide,100,99,33,1945,0,0,0
machine_state_setup,graph_wide,100,99,34,66907,0,0,100
body_state_setup,graph_wide,100,99,34,2944,0,0,0
machine_state_setup,graph_wide,100,99,35,66908,0,0,100
body_state_setup,graph_wide,100,99,35,1982,0,0,0
machine_state_setup,graph_wide,100,99,36,68186,0,0,100
body_state_setup,graph_wide,100,99,36,1963,0,0,0
machine_state_setup,graph_wide,100,99,37,67630,0,0,100
body_state_setup,graph_wide,100,99,37,2037,0,0,0
machine_state_setup,graph_wide,100,99,38,67759,0,0,100
body_state_setup,graph_wide,100,99,38,1981,0,0,0
machine_state_setup,graph_wide,100,99,39,67575,0,0,100
body_state_setup,graph_wide,100,99,39,2019,0,0,0
fixture_generation,graph_sparse,100,99,0,16037,0,0,500
fixture_generation,graph_sparse,100,99,1,16241,0,0,500
fixture_generation,graph_sparse,100,99,2,16000,0,0,500
fixture_generation,graph_sparse,100,99,3,15944,0,0,500
fixture_generation,graph_sparse,100,99,4,16111,0,0,500
fixture_generation,graph_sparse,100,99,5,16000,0,0,500
fixture_generation,graph_sparse,100,99,6,16167,0,0,500
fixture_generation,graph_sparse,100,99,7,16075,0,0,500
fixture_generation,graph_sparse,100,99,8,15945,0,0,500
fixture_generation,graph_sparse,100,99,9,15945,0,0,500
fixture_generation,graph_sparse,100,99,10,15945,0,0,500
fixture_generation,graph_sparse,100,99,11,16037,0,0,500
fixture_generation,graph_sparse,100,99,12,16074,0,0,500
fixture_generation,graph_sparse,100,99,13,16148,0,0,500
fixture_generation,graph_sparse,100,99,14,16167,0,0,500
fixture_generation,graph_sparse,100,99,15,16222,0,0,500
fixture_generation,graph_sparse,100,99,16,16222,0,0,500
fixture_generation,graph_sparse,100,99,17,16315,0,0,500
fixture_generation,graph_sparse,100,99,18,16352,0,0,500
fixture_generation,graph_sparse,100,99,19,16371,0,0,500
plan_build,graph_sparse,100,99,0,67982,0,0,12
plan_build,graph_sparse,100,99,1,66481,0,0,12
plan_build,graph_sparse,100,99,2,65537,0,0,12
plan_build,graph_sparse,100,99,3,65352,0,0,12
plan_build,graph_sparse,100,99,4,64908,0,0,12
plan_build,graph_sparse,100,99,5,64796,0,0,12
plan_build,graph_sparse,100,99,6,64611,0,0,12
plan_build,graph_sparse,100,99,7,64426,0,0,12
plan_build,graph_sparse,100,99,8,64334,0,0,12
plan_build,graph_sparse,100,99,9,64223,0,0,12
plan_build,graph_sparse,100,99,10,64407,0,0,12
plan_build,graph_sparse,100,99,11,64297,0,0,12
plan_build,graph_sparse,100,99,12,64241,0,0,12
plan_build,graph_sparse,100,99,13,64259,0,0,12
plan_build,graph_sparse,100,99,14,64463,0,0,12
plan_build,graph_sparse,100,99,15,67686,0,0,12
plan_build,graph_sparse,100,99,16,64352,0,0,12
plan_build,graph_sparse,100,99,17,64315,0,0,12
plan_build,graph_sparse,100,99,18,64352,0,0,12
plan_build,graph_sparse,100,99,19,64204,0,0,12
plan_build_alloc,graph_sparse,100,99,0,0,429,126589,12
engine_execution,graph_sparse,100,99,0,825262,0,0,71
engine_execution,graph_sparse,100,99,1,835225,0,0,70
engine_execution,graph_sparse,100,99,2,827207,0,0,69
engine_execution,graph_sparse,100,99,3,826022,0,0,68
engine_execution,graph_sparse,100,99,4,824910,0,0,67
engine_execution,graph_sparse,100,99,5,829336,0,0,66
engine_execution,graph_sparse,100,99,6,829836,0,0,65
engine_execution,graph_sparse,100,99,7,822800,0,0,64
engine_execution,graph_sparse,100,99,8,824262,0,0,79
engine_execution,graph_sparse,100,99,9,825225,0,0,78
engine_execution,graph_sparse,100,99,10,846689,0,0,77
engine_execution,graph_sparse,100,99,11,838948,0,0,76
engine_execution,graph_sparse,100,99,12,828447,0,0,75
engine_execution,graph_sparse,100,99,13,827948,0,0,74
engine_execution,graph_sparse,100,99,14,822503,0,0,73
engine_execution,graph_sparse,100,99,15,833985,0,0,72
engine_execution,graph_sparse,100,99,16,823466,0,0,87
engine_execution,graph_sparse,100,99,17,824818,0,0,86
engine_execution,graph_sparse,100,99,18,822299,0,0,85
engine_execution,graph_sparse,100,99,19,822040,0,0,84
engine_execution,graph_sparse,100,99,20,831837,0,0,83
engine_execution,graph_sparse,100,99,21,821874,0,0,82
engine_execution,graph_sparse,100,99,22,823188,0,0,81
engine_execution,graph_sparse,100,99,23,826151,0,0,80
engine_execution,graph_sparse,100,99,24,827595,0,0,95
engine_execution,graph_sparse,100,99,25,831169,0,0,94
engine_execution,graph_sparse,100,99,26,820873,0,0,93
engine_execution,graph_sparse,100,99,27,822429,0,0,92
engine_execution,graph_sparse,100,99,28,829485,0,0,91
engine_execution,graph_sparse,100,99,29,823984,0,0,90
engine_execution,graph_sparse,100,99,30,831281,0,0,89
engine_execution,graph_sparse,100,99,31,829151,0,0,88
engine_execution,graph_sparse,100,99,32,831151,0,0,103
engine_execution,graph_sparse,100,99,33,824189,0,0,102
engine_execution,graph_sparse,100,99,34,827521,0,0,101
engine_execution,graph_sparse,100,99,35,826318,0,0,100
engine_execution,graph_sparse,100,99,36,829836,0,0,99
engine_execution,graph_sparse,100,99,37,827669,0,0,98
engine_execution,graph_sparse,100,99,38,826003,0,0,97
engine_execution,graph_sparse,100,99,39,826429,0,0,96
engine_execution_alloc,graph_sparse,100,99,0,0,5838,748713,23069
machine_state_setup,graph_sparse,100,99,0,96315,0,0,100
body_state_setup,graph_sparse,100,99,0,2482,0,0,0
machine_state_setup,graph_sparse,100,99,1,67296,0,0,100
body_state_setup,graph_sparse,100,99,1,1925,0,0,0
machine_state_setup,graph_sparse,100,99,2,66408,0,0,100
body_state_setup,graph_sparse,100,99,2,1907,0,0,0
machine_state_setup,graph_sparse,100,99,3,65778,0,0,100
body_state_setup,graph_sparse,100,99,3,1815,0,0,0
machine_state_setup,graph_sparse,100,99,4,65852,0,0,100
body_state_setup,graph_sparse,100,99,4,1778,0,0,0
machine_state_setup,graph_sparse,100,99,5,65408,0,0,100
body_state_setup,graph_sparse,100,99,5,1834,0,0,0
machine_state_setup,graph_sparse,100,99,6,65501,0,0,100
body_state_setup,graph_sparse,100,99,6,1833,0,0,0
machine_state_setup,graph_sparse,100,99,7,65759,0,0,100
body_state_setup,graph_sparse,100,99,7,1814,0,0,0
machine_state_setup,graph_sparse,100,99,8,65315,0,0,100
body_state_setup,graph_sparse,100,99,8,1796,0,0,0
machine_state_setup,graph_sparse,100,99,9,65334,0,0,100
body_state_setup,graph_sparse,100,99,9,1870,0,0,0
machine_state_setup,graph_sparse,100,99,10,64518,0,0,100
body_state_setup,graph_sparse,100,99,10,1760,0,0,0
machine_state_setup,graph_sparse,100,99,11,64723,0,0,100
body_state_setup,graph_sparse,100,99,11,1815,0,0,0
machine_state_setup,graph_sparse,100,99,12,64908,0,0,100
body_state_setup,graph_sparse,100,99,12,1871,0,0,0
machine_state_setup,graph_sparse,100,99,13,64334,0,0,100
body_state_setup,graph_sparse,100,99,13,1852,0,0,0
machine_state_setup,graph_sparse,100,99,14,64556,0,0,100
body_state_setup,graph_sparse,100,99,14,1815,0,0,0
machine_state_setup,graph_sparse,100,99,15,65834,0,0,100
body_state_setup,graph_sparse,100,99,15,1852,0,0,0
machine_state_setup,graph_sparse,100,99,16,64667,0,0,100
body_state_setup,graph_sparse,100,99,16,1870,0,0,0
machine_state_setup,graph_sparse,100,99,17,64592,0,0,100
body_state_setup,graph_sparse,100,99,17,1889,0,0,0
machine_state_setup,graph_sparse,100,99,18,64834,0,0,100
body_state_setup,graph_sparse,100,99,18,1926,0,0,0
machine_state_setup,graph_sparse,100,99,19,64816,0,0,100
body_state_setup,graph_sparse,100,99,19,1889,0,0,0
machine_state_setup,graph_sparse,100,99,20,64945,0,0,100
body_state_setup,graph_sparse,100,99,20,1926,0,0,0
machine_state_setup,graph_sparse,100,99,21,65426,0,0,100
body_state_setup,graph_sparse,100,99,21,1963,0,0,0
machine_state_setup,graph_sparse,100,99,22,64760,0,0,100
body_state_setup,graph_sparse,100,99,22,2000,0,0,0
machine_state_setup,graph_sparse,100,99,23,65093,0,0,100
body_state_setup,graph_sparse,100,99,23,2000,0,0,0
machine_state_setup,graph_sparse,100,99,24,65037,0,0,100
body_state_setup,graph_sparse,100,99,24,2000,0,0,0
machine_state_setup,graph_sparse,100,99,25,64518,0,0,100
body_state_setup,graph_sparse,100,99,25,1981,0,0,0
machine_state_setup,graph_sparse,100,99,26,64371,0,0,100
body_state_setup,graph_sparse,100,99,26,1963,0,0,0
machine_state_setup,graph_sparse,100,99,27,64148,0,0,100
body_state_setup,graph_sparse,100,99,27,1945,0,0,0
machine_state_setup,graph_sparse,100,99,28,64907,0,0,100
body_state_setup,graph_sparse,100,99,28,1907,0,0,0
machine_state_setup,graph_sparse,100,99,29,64704,0,0,100
body_state_setup,graph_sparse,100,99,29,1963,0,0,0
machine_state_setup,graph_sparse,100,99,30,64519,0,0,100
body_state_setup,graph_sparse,100,99,30,1963,0,0,0
machine_state_setup,graph_sparse,100,99,31,64315,0,0,100
body_state_setup,graph_sparse,100,99,31,1926,0,0,0
machine_state_setup,graph_sparse,100,99,32,65038,0,0,100
body_state_setup,graph_sparse,100,99,32,1963,0,0,0
machine_state_setup,graph_sparse,100,99,33,65444,0,0,100
body_state_setup,graph_sparse,100,99,33,1981,0,0,0
machine_state_setup,graph_sparse,100,99,34,64890,0,0,100
body_state_setup,graph_sparse,100,99,34,2000,0,0,0
machine_state_setup,graph_sparse,100,99,35,65556,0,0,100
body_state_setup,graph_sparse,100,99,35,2000,0,0,0
machine_state_setup,graph_sparse,100,99,36,64815,0,0,100
body_state_setup,graph_sparse,100,99,36,2111,0,0,0
machine_state_setup,graph_sparse,100,99,37,64926,0,0,100
body_state_setup,graph_sparse,100,99,37,2074,0,0,0
machine_state_setup,graph_sparse,100,99,38,65260,0,0,100
body_state_setup,graph_sparse,100,99,38,2037,0,0,0
machine_state_setup,graph_sparse,100,99,39,64667,0,0,100
body_state_setup,graph_sparse,100,99,39,2074,0,0,0
fixture_generation,graph_chain,1000,999,0,168241,0,0,5000
fixture_generation,graph_chain,1000,999,1,163778,0,0,5000
fixture_generation,graph_chain,1000,999,2,163704,0,0,5000
fixture_generation,graph_chain,1000,999,3,163352,0,0,5000
fixture_generation,graph_chain,1000,999,4,163427,0,0,5000
fixture_generation,graph_chain,1000,999,5,163630,0,0,5000
fixture_generation,graph_chain,1000,999,6,163667,0,0,5000
fixture_generation,graph_chain,1000,999,7,163519,0,0,5000
fixture_generation,graph_chain,1000,999,8,163593,0,0,5000
fixture_generation,graph_chain,1000,999,9,163704,0,0,5000
fixture_generation,graph_chain,1000,999,10,163797,0,0,5000
fixture_generation,graph_chain,1000,999,11,164001,0,0,5000
fixture_generation,graph_chain,1000,999,12,164038,0,0,5000
fixture_generation,graph_chain,1000,999,13,164056,0,0,5000
fixture_generation,graph_chain,1000,999,14,164112,0,0,5000
fixture_generation,graph_chain,1000,999,15,163964,0,0,5000
fixture_generation,graph_chain,1000,999,16,164019,0,0,5000
fixture_generation,graph_chain,1000,999,17,163667,0,0,5000
fixture_generation,graph_chain,1000,999,18,164001,0,0,5000
fixture_generation,graph_chain,1000,999,19,163852,0,0,5000
plan_build,graph_chain,1000,999,0,3633977,0,0,11
plan_build,graph_chain,1000,999,1,3550050,0,0,11
plan_build,graph_chain,1000,999,2,3508569,0,0,11
plan_build,graph_chain,1000,999,3,3512346,0,0,11
plan_build,graph_chain,1000,999,4,3520532,0,0,11
plan_build,graph_chain,1000,999,5,3511198,0,0,11
plan_build,graph_chain,1000,999,6,3516069,0,0,11
plan_build,graph_chain,1000,999,7,3513179,0,0,11
plan_build,graph_chain,1000,999,8,3510883,0,0,11
plan_build,graph_chain,1000,999,9,3517772,0,0,11
plan_build,graph_chain,1000,999,10,3543161,0,0,11
plan_build,graph_chain,1000,999,11,3520550,0,0,11
plan_build,graph_chain,1000,999,12,3516031,0,0,11
plan_build,graph_chain,1000,999,13,3513716,0,0,11
plan_build,graph_chain,1000,999,14,3512753,0,0,11
plan_build,graph_chain,1000,999,15,3506901,0,0,11
plan_build,graph_chain,1000,999,16,3515791,0,0,11
plan_build,graph_chain,1000,999,17,3505827,0,0,11
plan_build,graph_chain,1000,999,18,3490179,0,0,11
plan_build,graph_chain,1000,999,19,3527753,0,0,11
plan_build_alloc,graph_chain,1000,999,0,0,4041,1049104,11
engine_execution,graph_chain,1000,999,0,43240619,0,0,1
engine_execution,graph_chain,1000,999,1,43629825,0,0,0
engine_execution,graph_chain,1000,999,2,43457694,0,0,3
engine_execution,graph_chain,1000,999,3,43771529,0,0,2
engine_execution,graph_chain,1000,999,4,43677047,0,0,5
engine_execution,graph_chain,1000,999,5,44482365,0,0,4
engine_execution,graph_chain,1000,999,6,43332935,0,0,7
engine_execution,graph_chain,1000,999,7,43152879,0,0,6
engine_execution,graph_chain,1000,999,8,44880033,0,0,9
engine_execution,graph_chain,1000,999,9,43651307,0,0,8
engine_execution,graph_chain,1000,999,10,44258104,0,0,11
engine_execution,graph_chain,1000,999,11,44001067,0,0,10
engine_execution,graph_chain,1000,999,12,43391768,0,0,13
engine_execution,graph_chain,1000,999,13,43437768,0,0,12
engine_execution,graph_chain,1000,999,14,43915029,0,0,15
engine_execution,graph_chain,1000,999,15,44043826,0,0,14
engine_execution,graph_chain,1000,999,16,44001456,0,0,17
engine_execution,graph_chain,1000,999,17,43209638,0,0,16
engine_execution,graph_chain,1000,999,18,43299156,0,0,19
engine_execution,graph_chain,1000,999,19,43330045,0,0,18
engine_execution,graph_chain,1000,999,20,43137119,0,0,21
engine_execution,graph_chain,1000,999,21,44007011,0,0,20
engine_execution,graph_chain,1000,999,22,43853048,0,0,23
engine_execution,graph_chain,1000,999,23,44082845,0,0,22
engine_execution,graph_chain,1000,999,24,43077452,0,0,25
engine_execution,graph_chain,1000,999,25,43840862,0,0,24
engine_execution,graph_chain,1000,999,26,43751751,0,0,27
engine_execution,graph_chain,1000,999,27,44358735,0,0,26
engine_execution,graph_chain,1000,999,28,44155956,0,0,29
engine_execution,graph_chain,1000,999,29,43921844,0,0,28
engine_execution,graph_chain,1000,999,30,45059163,0,0,31
engine_execution,graph_chain,1000,999,31,45612054,0,0,30
engine_execution,graph_chain,1000,999,32,44670958,0,0,33
engine_execution,graph_chain,1000,999,33,45115385,0,0,32
engine_execution,graph_chain,1000,999,34,44788977,0,0,35
engine_execution,graph_chain,1000,999,35,44493180,0,0,34
engine_execution,graph_chain,1000,999,36,44669328,0,0,37
engine_execution,graph_chain,1000,999,37,44917384,0,0,36
engine_execution,graph_chain,1000,999,38,44844588,0,0,39
engine_execution,graph_chain,1000,999,39,44784328,0,0,38
engine_execution_alloc,graph_chain,1000,999,0,0,59102,28976331,23131
machine_state_setup,graph_chain,1000,999,0,781373,0,0,1000
body_state_setup,graph_chain,1000,999,0,18500,0,0,0
machine_state_setup,graph_chain,1000,999,1,663836,0,0,1000
body_state_setup,graph_chain,1000,999,1,14426,0,0,0
machine_state_setup,graph_chain,1000,999,2,663095,0,0,1000
body_state_setup,graph_chain,1000,999,2,12944,0,0,0
machine_state_setup,graph_chain,1000,999,3,634150,0,0,1000
body_state_setup,graph_chain,1000,999,3,12630,0,0,0
machine_state_setup,graph_chain,1000,999,4,626336,0,0,1000
body_state_setup,graph_chain,1000,999,4,12833,0,0,0
machine_state_setup,graph_chain,1000,999,5,622965,0,0,1000
body_state_setup,graph_chain,1000,999,5,12777,0,0,0
machine_state_setup,graph_chain,1000,999,6,620910,0,0,1000
body_state_setup,graph_chain,1000,999,6,11833,0,0,0
machine_state_setup,graph_chain,1000,999,7,623262,0,0,1000
body_state_setup,graph_chain,1000,999,7,11685,0,0,0
machine_state_setup,graph_chain,1000,999,8,618836,0,0,1000
body_state_setup,graph_chain,1000,999,8,22056,0,0,0
machine_state_setup,graph_chain,1000,999,9,626743,0,0,1000
body_state_setup,graph_chain,1000,999,9,13185,0,0,0
machine_state_setup,graph_chain,1000,999,10,622355,0,0,1000
body_state_setup,graph_chain,1000,999,10,12389,0,0,0
machine_state_setup,graph_chain,1000,999,11,619965,0,0,1000
body_state_setup,graph_chain,1000,999,11,11259,0,0,0
machine_state_setup,graph_chain,1000,999,12,625502,0,0,1000
body_state_setup,graph_chain,1000,999,12,11723,0,0,0
machine_state_setup,graph_chain,1000,999,13,626373,0,0,1000
body_state_setup,graph_chain,1000,999,13,12130,0,0,0
machine_state_setup,graph_chain,1000,999,14,625520,0,0,1000
body_state_setup,graph_chain,1000,999,14,13148,0,0,0
machine_state_setup,graph_chain,1000,999,15,643151,0,0,1000
body_state_setup,graph_chain,1000,999,15,12592,0,0,0
machine_state_setup,graph_chain,1000,999,16,625724,0,0,1000
body_state_setup,graph_chain,1000,999,16,11426,0,0,0
machine_state_setup,graph_chain,1000,999,17,621354,0,0,1000
body_state_setup,graph_chain,1000,999,17,12778,0,0,0
machine_state_setup,graph_chain,1000,999,18,621558,0,0,1000
body_state_setup,graph_chain,1000,999,18,11685,0,0,0
machine_state_setup,graph_chain,1000,999,19,625280,0,0,1000
body_state_setup,graph_chain,1000,999,19,12297,0,0,0
machine_state_setup,graph_chain,1000,999,20,619984,0,0,1000
body_state_setup,graph_chain,1000,999,20,12370,0,0,0
machine_state_setup,graph_chain,1000,999,21,633502,0,0,1000
body_state_setup,graph_chain,1000,999,21,12185,0,0,0
machine_state_setup,graph_chain,1000,999,22,614595,0,0,1000
body_state_setup,graph_chain,1000,999,22,11686,0,0,0
machine_state_setup,graph_chain,1000,999,23,611613,0,0,1000
body_state_setup,graph_chain,1000,999,23,11278,0,0,0
machine_state_setup,graph_chain,1000,999,24,625576,0,0,1000
body_state_setup,graph_chain,1000,999,24,11778,0,0,0
machine_state_setup,graph_chain,1000,999,25,618298,0,0,1000
body_state_setup,graph_chain,1000,999,25,11463,0,0,0
machine_state_setup,graph_chain,1000,999,26,620632,0,0,1000
body_state_setup,graph_chain,1000,999,26,11518,0,0,0
machine_state_setup,graph_chain,1000,999,27,631595,0,0,1000
body_state_setup,graph_chain,1000,999,27,12592,0,0,0
machine_state_setup,graph_chain,1000,999,28,637057,0,0,1000
body_state_setup,graph_chain,1000,999,28,13463,0,0,0
machine_state_setup,graph_chain,1000,999,29,627521,0,0,1000
body_state_setup,graph_chain,1000,999,29,11555,0,0,0
machine_state_setup,graph_chain,1000,999,30,618225,0,0,1000
body_state_setup,graph_chain,1000,999,30,12556,0,0,0
machine_state_setup,graph_chain,1000,999,31,623668,0,0,1000
body_state_setup,graph_chain,1000,999,31,11926,0,0,0
machine_state_setup,graph_chain,1000,999,32,622131,0,0,1000
body_state_setup,graph_chain,1000,999,32,11759,0,0,0
machine_state_setup,graph_chain,1000,999,33,625132,0,0,1000
body_state_setup,graph_chain,1000,999,33,11963,0,0,0
machine_state_setup,graph_chain,1000,999,34,639724,0,0,1000
body_state_setup,graph_chain,1000,999,34,13297,0,0,0
machine_state_setup,graph_chain,1000,999,35,626003,0,0,1000
body_state_setup,graph_chain,1000,999,35,11740,0,0,0
machine_state_setup,graph_chain,1000,999,36,622205,0,0,1000
body_state_setup,graph_chain,1000,999,36,12926,0,0,0
machine_state_setup,graph_chain,1000,999,37,628410,0,0,1000
body_state_setup,graph_chain,1000,999,37,11537,0,0,0
machine_state_setup,graph_chain,1000,999,38,618150,0,0,1000
body_state_setup,graph_chain,1000,999,38,12648,0,0,0
machine_state_setup,graph_chain,1000,999,39,620928,0,0,1000
body_state_setup,graph_chain,1000,999,39,13093,0,0,0
pure_machine_events_preseeded,graph_chain,1000,999,0,29908645,0,0,1001
pure_machine_events_preseeded,graph_chain,1000,999,1,29871034,0,0,1001
pure_machine_events_preseeded,graph_chain,1000,999,2,29607293,0,0,1001
pure_machine_events_preseeded,graph_chain,1000,999,3,30020812,0,0,1001
pure_machine_events_preseeded,graph_chain,1000,999,4,29934757,0,0,1001
pure_machine_events_preseeded,graph_chain,1000,999,5,29964534,0,0,1001
pure_machine_events_preseeded,graph_chain,1000,999,6,29903035,0,0,1001
pure_machine_events_preseeded,graph_chain,1000,999,7,29824200,0,0,1001
pure_machine_events_preseeded,graph_chain,1000,999,8,29989775,0,0,1001
pure_machine_events_preseeded,graph_chain,1000,999,9,29984961,0,0,1001
pure_machine_events_preseeded,graph_chain,1000,999,10,29967627,0,0,1001
pure_machine_events_preseeded,graph_chain,1000,999,11,29964109,0,0,1001
pure_machine_events_preseeded,graph_chain,1000,999,12,30588204,0,0,1001
pure_machine_events_preseeded,graph_chain,1000,999,13,30142905,0,0,1001
pure_machine_events_preseeded,graph_chain,1000,999,14,30180109,0,0,1001
pure_machine_events_preseeded,graph_chain,1000,999,15,30188313,0,0,1001
pure_machine_events_preseeded,graph_chain,1000,999,16,30135331,0,0,1001
pure_machine_events_preseeded,graph_chain,1000,999,17,30254146,0,0,1001
pure_machine_events_preseeded,graph_chain,1000,999,18,30023146,0,0,1001
pure_machine_events_preseeded,graph_chain,1000,999,19,30271202,0,0,1001
pure_machine_events_preseeded,graph_chain,1000,999,20,29955052,0,0,1001
pure_machine_events_preseeded,graph_chain,1000,999,21,30240721,0,0,1001
pure_machine_events_preseeded,graph_chain,1000,999,22,30963056,0,0,1001
pure_machine_events_preseeded,graph_chain,1000,999,23,30146109,0,0,1001
pure_machine_events_preseeded,graph_chain,1000,999,24,29846590,0,0,1001
pure_machine_events_preseeded,graph_chain,1000,999,25,29857701,0,0,1001
pure_machine_events_preseeded,graph_chain,1000,999,26,29858645,0,0,1001
pure_machine_events_preseeded,graph_chain,1000,999,27,29841885,0,0,1001
pure_machine_events_preseeded,graph_chain,1000,999,28,29908682,0,0,1001
pure_machine_events_preseeded,graph_chain,1000,999,29,29822089,0,0,1001
pure_machine_events_preseeded,graph_chain,1000,999,30,29927460,0,0,1001
pure_machine_events_preseeded,graph_chain,1000,999,31,29970553,0,0,1001
pure_machine_events_preseeded,graph_chain,1000,999,32,29831978,0,0,1001
pure_machine_events_preseeded,graph_chain,1000,999,33,29807978,0,0,1001
pure_machine_events_preseeded,graph_chain,1000,999,34,29896849,0,0,1001
pure_machine_events_preseeded,graph_chain,1000,999,35,29803441,0,0,1001
pure_machine_events_preseeded,graph_chain,1000,999,36,29797330,0,0,1001
pure_machine_events_preseeded,graph_chain,1000,999,37,30130202,0,0,1001
pure_machine_events_preseeded,graph_chain,1000,999,38,29880830,0,0,1001
pure_machine_events_preseeded,graph_chain,1000,999,39,29955312,0,0,1001
fixture_generation,graph_wide,1000,999,0,166352,0,0,5000
fixture_generation,graph_wide,1000,999,1,167074,0,0,5000
fixture_generation,graph_wide,1000,999,2,166353,0,0,5000
fixture_generation,graph_wide,1000,999,3,174612,0,0,5000
fixture_generation,graph_wide,1000,999,4,165816,0,0,5000
fixture_generation,graph_wide,1000,999,5,165574,0,0,5000
fixture_generation,graph_wide,1000,999,6,165631,0,0,5000
fixture_generation,graph_wide,1000,999,7,165408,0,0,5000
fixture_generation,graph_wide,1000,999,8,165853,0,0,5000
fixture_generation,graph_wide,1000,999,9,166278,0,0,5000
fixture_generation,graph_wide,1000,999,10,165482,0,0,5000
fixture_generation,graph_wide,1000,999,11,165519,0,0,5000
fixture_generation,graph_wide,1000,999,12,165778,0,0,5000
fixture_generation,graph_wide,1000,999,13,165464,0,0,5000
fixture_generation,graph_wide,1000,999,14,165519,0,0,5000
fixture_generation,graph_wide,1000,999,15,165649,0,0,5000
fixture_generation,graph_wide,1000,999,16,165945,0,0,5000
fixture_generation,graph_wide,1000,999,17,165686,0,0,5000
fixture_generation,graph_wide,1000,999,18,165741,0,0,5000
fixture_generation,graph_wide,1000,999,19,166112,0,0,5000
plan_build,graph_wide,1000,999,0,3646661,0,0,10
plan_build,graph_wide,1000,999,1,3603087,0,0,10
plan_build,graph_wide,1000,999,2,3568550,0,0,10
plan_build,graph_wide,1000,999,3,3558531,0,0,10
plan_build,graph_wide,1000,999,4,3555568,0,0,10
plan_build,graph_wide,1000,999,5,3551624,0,0,10
plan_build,graph_wide,1000,999,6,3551642,0,0,10
plan_build,graph_wide,1000,999,7,3557198,0,0,10
plan_build,graph_wide,1000,999,8,3548902,0,0,10
plan_build,graph_wide,1000,999,9,3545216,0,0,10
plan_build,graph_wide,1000,999,10,3555605,0,0,10
plan_build,graph_wide,1000,999,11,3592587,0,0,10
plan_build,graph_wide,1000,999,12,3566753,0,0,10
plan_build,graph_wide,1000,999,13,3549235,0,0,10
plan_build,graph_wide,1000,999,14,3555087,0,0,10
plan_build,graph_wide,1000,999,15,3546438,0,0,10
plan_build,graph_wide,1000,999,16,3546068,0,0,10
plan_build,graph_wide,1000,999,17,3547735,0,0,10
plan_build,graph_wide,1000,999,18,3549976,0,0,10
plan_build,graph_wide,1000,999,19,3547790,0,0,10
plan_build_alloc,graph_wide,1000,999,0,0,4041,1049103,10
engine_execution,graph_wide,1000,999,0,30059146,0,0,998
engine_execution,graph_wide,1000,999,1,30004886,0,0,999
engine_execution,graph_wide,1000,999,2,30320517,0,0,996
engine_execution,graph_wide,1000,999,3,30621166,0,0,997
engine_execution,graph_wide,1000,999,4,30336554,0,0,994
engine_execution,graph_wide,1000,999,5,30129942,0,0,995
engine_execution,graph_wide,1000,999,6,29976590,0,0,992
engine_execution,graph_wide,1000,999,7,30112942,0,0,993
engine_execution,graph_wide,1000,999,8,30031035,0,0,1006
engine_execution,graph_wide,1000,999,9,29996757,0,0,1007
engine_execution,graph_wide,1000,999,10,30079238,0,0,1004
engine_execution,graph_wide,1000,999,11,30734222,0,0,1005
engine_execution,graph_wide,1000,999,12,30223109,0,0,1002
engine_execution,graph_wide,1000,999,13,30096331,0,0,1003
engine_execution,graph_wide,1000,999,14,30077405,0,0,1000
engine_execution,graph_wide,1000,999,15,30323462,0,0,1001
engine_execution,graph_wide,1000,999,16,30245295,0,0,1014
engine_execution,graph_wide,1000,999,17,30257962,0,0,1015
engine_execution,graph_wide,1000,999,18,29969702,0,0,1012
engine_execution,graph_wide,1000,999,19,30878778,0,0,1013
engine_execution,graph_wide,1000,999,20,30083016,0,0,1010
engine_execution,graph_wide,1000,999,21,30183368,0,0,1011
engine_execution,graph_wide,1000,999,22,31678652,0,0,1008
engine_execution,graph_wide,1000,999,23,31344798,0,0,1009
engine_execution,graph_wide,1000,999,24,30655056,0,0,1022
engine_execution,graph_wide,1000,999,25,31067520,0,0,1023
engine_execution,graph_wide,1000,999,26,30649462,0,0,1020
engine_execution,graph_wide,1000,999,27,31608263,0,0,1021
engine_execution,graph_wide,1000,999,28,31129983,0,0,1018
engine_execution,graph_wide,1000,999,29,31048946,0,0,1019
engine_execution,graph_wide,1000,999,30,30953908,0,0,1016
engine_execution,graph_wide,1000,999,31,30836667,0,0,1017
engine_execution,graph_wide,1000,999,32,32608581,0,0,966
engine_execution,graph_wide,1000,999,33,30957075,0,0,967
engine_execution,graph_wide,1000,999,34,31017723,0,0,964
engine_execution,graph_wide,1000,999,35,31531447,0,0,965
engine_execution,graph_wide,1000,999,36,31039094,0,0,962
engine_execution,graph_wide,1000,999,37,31212650,0,0,963
engine_execution,graph_wide,1000,999,38,30892334,0,0,960
engine_execution,graph_wide,1000,999,39,31212816,0,0,961
engine_execution_alloc,graph_wide,1000,999,0,0,55207,21300249,22972
machine_state_setup,graph_wide,1000,999,0,1533098,0,0,1000
body_state_setup,graph_wide,1000,999,0,20704,0,0,0
machine_state_setup,graph_wide,1000,999,1,1410801,0,0,1000
body_state_setup,graph_wide,1000,999,1,14537,0,0,0
machine_state_setup,graph_wide,1000,999,2,1375116,0,0,1000
body_state_setup,graph_wide,1000,999,2,14074,0,0,0
machine_state_setup,graph_wide,1000,999,3,1374783,0,0,1000
body_state_setup,graph_wide,1000,999,3,13907,0,0,0
machine_state_setup,graph_wide,1000,999,4,1357153,0,0,1000
body_state_setup,graph_wide,1000,999,4,12148,0,0,0
machine_state_setup,graph_wide,1000,999,5,1356449,0,0,1000
body_state_setup,graph_wide,1000,999,5,13648,0,0,0
machine_state_setup,graph_wide,1000,999,6,1362579,0,0,1000
body_state_setup,graph_wide,1000,999,6,13963,0,0,0
machine_state_setup,graph_wide,1000,999,7,1354634,0,0,1000
body_state_setup,graph_wide,1000,999,7,12926,0,0,0
machine_state_setup,graph_wide,1000,999,8,1355653,0,0,1000
body_state_setup,graph_wide,1000,999,8,11926,0,0,0
machine_state_setup,graph_wide,1000,999,9,1365468,0,0,1000
body_state_setup,graph_wide,1000,999,9,13463,0,0,0
machine_state_setup,graph_wide,1000,999,10,1356875,0,0,1000
body_state_setup,graph_wide,1000,999,10,12056,0,0,0
machine_state_setup,graph_wide,1000,999,11,1354024,0,0,1000
body_state_setup,graph_wide,1000,999,11,11981,0,0,0
machine_state_setup,graph_wide,1000,999,12,1363339,0,0,1000
body_state_setup,graph_wide,1000,999,12,13908,0,0,0
machine_state_setup,graph_wide,1000,999,13,1357616,0,0,1000
body_state_setup,graph_wide,1000,999,13,13444,0,0,0
machine_state_setup,graph_wide,1000,999,14,1352005,0,0,1000
body_state_setup,graph_wide,1000,999,14,12926,0,0,0
machine_state_setup,graph_wide,1000,999,15,1364765,0,0,1000
body_state_setup,graph_wide,1000,999,15,13833,0,0,0
machine_state_setup,graph_wide,1000,999,16,1355634,0,0,1000
body_state_setup,graph_wide,1000,999,16,11870,0,0,0
machine_state_setup,graph_wide,1000,999,17,1352857,0,0,1000
body_state_setup,graph_wide,1000,999,17,12778,0,0,0
machine_state_setup,graph_wide,1000,999,18,1365505,0,0,1000
body_state_setup,graph_wide,1000,999,18,13574,0,0,0
machine_state_setup,graph_wide,1000,999,19,1353616,0,0,1000
body_state_setup,graph_wide,1000,999,19,12537,0,0,0
machine_state_setup,graph_wide,1000,999,20,1356913,0,0,1000
body_state_setup,graph_wide,1000,999,20,12445,0,0,0
machine_state_setup,graph_wide,1000,999,21,1377246,0,0,1000
body_state_setup,graph_wide,1000,999,21,13389,0,0,0
machine_state_setup,graph_wide,1000,999,22,1358042,0,0,1000
body_state_setup,graph_wide,1000,999,22,12593,0,0,0
machine_state_setup,graph_wide,1000,999,23,1354079,0,0,1000
body_state_setup,graph_wide,1000,999,23,20611,0,0,0
machine_state_setup,graph_wide,1000,999,24,1355653,0,0,1000
body_state_setup,graph_wide,1000,999,24,13574,0,0,0
machine_state_setup,graph_wide,1000,999,25,1357542,0,0,1000
body_state_setup,graph_wide,1000,999,25,12908,0,0,0
machine_state_setup,graph_wide,1000,999,26,1356579,0,0,1000
body_state_setup,graph_wide,1000,999,26,13185,0,0,0
machine_state_setup,graph_wide,1000,999,27,1358746,0,0,1000
body_state_setup,graph_wide,1000,999,27,13018,0,0,0
machine_state_setup,graph_wide,1000,999,28,1354505,0,0,1000
body_state_setup,graph_wide,1000,999,28,13852,0,0,0
machine_state_setup,graph_wide,1000,999,29,1363209,0,0,1000
body_state_setup,graph_wide,1000,999,29,13426,0,0,0
machine_state_setup,graph_wide,1000,999,30,1359930,0,0,1000
body_state_setup,graph_wide,1000,999,30,12630,0,0,0
machine_state_setup,graph_wide,1000,999,31,1358190,0,0,1000
body_state_setup,graph_wide,1000,999,31,12500,0,0,0
machine_state_setup,graph_wide,1000,999,32,1374561,0,0,1000
body_state_setup,graph_wide,1000,999,32,14074,0,0,0
machine_state_setup,graph_wide,1000,999,33,1361708,0,0,1000
body_state_setup,graph_wide,1000,999,33,12538,0,0,0
machine_state_setup,graph_wide,1000,999,34,1357875,0,0,1000
body_state_setup,graph_wide,1000,999,34,12889,0,0,0
machine_state_setup,graph_wide,1000,999,35,1361301,0,0,1000
body_state_setup,graph_wide,1000,999,35,13593,0,0,0
machine_state_setup,graph_wide,1000,999,36,1360246,0,0,1000
body_state_setup,graph_wide,1000,999,36,13185,0,0,0
machine_state_setup,graph_wide,1000,999,37,1356264,0,0,1000
body_state_setup,graph_wide,1000,999,37,12203,0,0,0
machine_state_setup,graph_wide,1000,999,38,1367542,0,0,1000
body_state_setup,graph_wide,1000,999,38,13055,0,0,0
machine_state_setup,graph_wide,1000,999,39,1355671,0,0,1000
body_state_setup,graph_wide,1000,999,39,13130,0,0,0
fixture_generation,graph_sparse,1000,999,0,167056,0,0,5000
fixture_generation,graph_sparse,1000,999,1,166630,0,0,5000
fixture_generation,graph_sparse,1000,999,2,166408,0,0,5000
fixture_generation,graph_sparse,1000,999,3,166630,0,0,5000
fixture_generation,graph_sparse,1000,999,4,166704,0,0,5000
fixture_generation,graph_sparse,1000,999,5,166501,0,0,5000
fixture_generation,graph_sparse,1000,999,6,166741,0,0,5000
fixture_generation,graph_sparse,1000,999,7,166575,0,0,5000
fixture_generation,graph_sparse,1000,999,8,166667,0,0,5000
fixture_generation,graph_sparse,1000,999,9,166704,0,0,5000
fixture_generation,graph_sparse,1000,999,10,174352,0,0,5000
fixture_generation,graph_sparse,1000,999,11,167093,0,0,5000
fixture_generation,graph_sparse,1000,999,12,166445,0,0,5000
fixture_generation,graph_sparse,1000,999,13,166427,0,0,5000
fixture_generation,graph_sparse,1000,999,14,166519,0,0,5000
fixture_generation,graph_sparse,1000,999,15,166519,0,0,5000
fixture_generation,graph_sparse,1000,999,16,166445,0,0,5000
fixture_generation,graph_sparse,1000,999,17,166186,0,0,5000
fixture_generation,graph_sparse,1000,999,18,166538,0,0,5000
fixture_generation,graph_sparse,1000,999,19,166390,0,0,5000
plan_build,graph_sparse,1000,999,0,3608995,0,0,12
plan_build,graph_sparse,1000,999,1,3608124,0,0,12
plan_build,graph_sparse,1000,999,2,3583199,0,0,12
plan_build,graph_sparse,1000,999,3,3582439,0,0,12
plan_build,graph_sparse,1000,999,4,3575106,0,0,12
plan_build,graph_sparse,1000,999,5,3584921,0,0,12
plan_build,graph_sparse,1000,999,6,3593550,0,0,12
plan_build,graph_sparse,1000,999,7,3685495,0,0,12
plan_build,graph_sparse,1000,999,8,3612735,0,0,12
plan_build,graph_sparse,1000,999,9,3587383,0,0,12
plan_build,graph_sparse,1000,999,10,3595791,0,0,12
plan_build,graph_sparse,1000,999,11,3578624,0,0,12
plan_build,graph_sparse,1000,999,12,3571012,0,0,12
plan_build,graph_sparse,1000,999,13,3583717,0,0,12
plan_build,graph_sparse,1000,999,14,3565235,0,0,12
plan_build,graph_sparse,1000,999,15,3575938,0,0,12
plan_build,graph_sparse,1000,999,16,3572865,0,0,12
plan_build,graph_sparse,1000,999,17,3575050,0,0,12
plan_build,graph_sparse,1000,999,18,3578605,0,0,12
plan_build,graph_sparse,1000,999,19,3582161,0,0,12
plan_build_alloc,graph_sparse,1000,999,0,0,4041,1049105,12
engine_execution,graph_sparse,1000,999,0,38839326,0,0,697
engine_execution,graph_sparse,1000,999,1,38990290,0,0,696
engine_execution,graph_sparse,1000,999,2,38593084,0,0,699
engine_execution,graph_sparse,1000,999,3,39869255,0,0,698
engine_execution,graph_sparse,1000,999,4,38811862,0,0,701
engine_execution,graph_sparse,1000,999,5,39496551,0,0,700
engine_execution,graph_sparse,1000,999,6,40354424,0,0,703
engine_execution,graph_sparse,1000,999,7,39474883,0,0,702
engine_execution,graph_sparse,1000,999,8,39066104,0,0,689
engine_execution,graph_sparse,1000,999,9,39671088,0,0,688
engine_execution,graph_sparse,1000,999,10,38959604,0,0,691
engine_execution,graph_sparse,1000,999,11,38852437,0,0,690
engine_execution,graph_sparse,1000,999,12,38921585,0,0,693
engine_execution,graph_sparse,1000,999,13,38789011,0,0,692
engine_execution,graph_sparse,1000,999,14,38737030,0,0,695
engine_execution,graph_sparse,1000,999,15,38610806,0,0,694
engine_execution,graph_sparse,1000,999,16,39662403,0,0,681
engine_execution,graph_sparse,1000,999,17,38703807,0,0,680
engine_execution,graph_sparse,1000,999,18,38814178,0,0,683
engine_execution,graph_sparse,1000,999,19,41392909,0,0,682
engine_execution,graph_sparse,1000,999,20,39169142,0,0,685
engine_execution,graph_sparse,1000,999,21,38746122,0,0,684
engine_execution,graph_sparse,1000,999,22,39682977,0,0,687
engine_execution,graph_sparse,1000,999,23,38964586,0,0,686
engine_execution,graph_sparse,1000,999,24,38734751,0,0,673
engine_execution,graph_sparse,1000,999,25,39292420,0,0,672
engine_execution,graph_sparse,1000,999,26,39104734,0,0,675
engine_execution,graph_sparse,1000,999,27,38707825,0,0,674
engine_execution,graph_sparse,1000,999,28,38895659,0,0,677
engine_execution,graph_sparse,1000,999,29,39910959,0,0,676
engine_execution,graph_sparse,1000,999,30,38883252,0,0,679
engine_execution,graph_sparse,1000,999,31,38738659,0,0,678
engine_execution,graph_sparse,1000,999,32,40262812,0,0,665
engine_execution,graph_sparse,1000,999,33,38781696,0,0,664
engine_execution,graph_sparse,1000,999,34,38741863,0,0,667
engine_execution,graph_sparse,1000,999,35,39767626,0,0,666
engine_execution,graph_sparse,1000,999,36,38160249,0,0,669
engine_execution,graph_sparse,1000,999,37,38753622,0,0,668
engine_execution,graph_sparse,1000,999,38,38280491,0,0,671
engine_execution,graph_sparse,1000,999,39,38766862,0,0,670
engine_execution_alloc,graph_sparse,1000,999,0,0,57643,25214541,22755
machine_state_setup,graph_sparse,1000,999,0,1061597,0,0,1000
body_state_setup,graph_sparse,1000,999,0,21964,0,0,0
machine_state_setup,graph_sparse,1000,999,1,956930,0,0,1000
body_state_setup,graph_sparse,1000,999,1,15852,0,0,0
machine_state_setup,graph_sparse,1000,999,2,927096,0,0,1000
body_state_setup,graph_sparse,1000,999,2,14575,0,0,0
machine_state_setup,graph_sparse,1000,999,3,932263,0,0,1000
body_state_setup,graph_sparse,1000,999,3,15278,0,0,0
machine_state_setup,graph_sparse,1000,999,4,913911,0,0,1000
body_state_setup,graph_sparse,1000,999,4,13278,0,0,0
machine_state_setup,graph_sparse,1000,999,5,912077,0,0,1000
body_state_setup,graph_sparse,1000,999,5,14241,0,0,0
machine_state_setup,graph_sparse,1000,999,6,907337,0,0,1000
body_state_setup,graph_sparse,1000,999,6,14778,0,0,0
machine_state_setup,graph_sparse,1000,999,7,919318,0,0,1000
body_state_setup,graph_sparse,1000,999,7,14685,0,0,0
machine_state_setup,graph_sparse,1000,999,8,917966,0,0,1000
body_state_setup,graph_sparse,1000,999,8,14185,0,0,0
machine_state_setup,graph_sparse,1000,999,9,907911,0,0,1000
body_state_setup,graph_sparse,1000,999,9,12814,0,0,0
machine_state_setup,graph_sparse,1000,999,10,909466,0,0,1000
body_state_setup,graph_sparse,1000,999,10,13093,0,0,0
machine_state_setup,graph_sparse,1000,999,11,916892,0,0,1000
body_state_setup,graph_sparse,1000,999,11,13555,0,0,0
machine_state_setup,graph_sparse,1000,999,12,916892,0,0,1000
body_state_setup,graph_sparse,1000,999,12,13408,0,0,0
machine_state_setup,graph_sparse,1000,999,13,908133,0,0,1000
body_state_setup,graph_sparse,1000,999,13,13815,0,0,0
machine_state_setup,graph_sparse,1000,999,14,909170,0,0,1000
body_state_setup,graph_sparse,1000,999,14,14037,0,0,0
machine_state_setup,graph_sparse,1000,999,15,910540,0,0,1000
body_state_setup,graph_sparse,1000,999,15,13815,0,0,0
machine_state_setup,graph_sparse,1000,999,16,919633,0,0,1000
body_state_setup,graph_sparse,1000,999,16,13815,0,0,0
machine_state_setup,graph_sparse,1000,999,17,909615,0,0,1000
body_state_setup,graph_sparse,1000,999,17,12889,0,0,0
machine_state_setup,graph_sparse,1000,999,18,913467,0,0,1000
body_state_setup,graph_sparse,1000,999,18,12833,0,0,0
machine_state_setup,graph_sparse,1000,999,19,909392,0,0,1000
body_state_setup,graph_sparse,1000,999,19,13260,0,0,0
machine_state_setup,graph_sparse,1000,999,20,922244,0,0,1000
body_state_setup,graph_sparse,1000,999,20,13630,0,0,0
machine_state_setup,graph_sparse,1000,999,21,906744,0,0,1000
body_state_setup,graph_sparse,1000,999,21,13148,0,0,0
machine_state_setup,graph_sparse,1000,999,22,909966,0,0,1000
body_state_setup,graph_sparse,1000,999,22,13685,0,0,0
machine_state_setup,graph_sparse,1000,999,23,910207,0,0,1000
body_state_setup,graph_sparse,1000,999,23,12871,0,0,0
machine_state_setup,graph_sparse,1000,999,24,916393,0,0,1000
body_state_setup,graph_sparse,1000,999,24,14333,0,0,0
machine_state_setup,graph_sparse,1000,999,25,914244,0,0,1000
body_state_setup,graph_sparse,1000,999,25,13056,0,0,0
machine_state_setup,graph_sparse,1000,999,26,907096,0,0,1000
body_state_setup,graph_sparse,1000,999,26,13241,0,0,0
machine_state_setup,graph_sparse,1000,999,27,909392,0,0,1000
body_state_setup,graph_sparse,1000,999,27,13185,0,0,0
machine_state_setup,graph_sparse,1000,999,28,908356,0,0,1000
body_state_setup,graph_sparse,1000,999,28,13222,0,0,0
machine_state_setup,graph_sparse,1000,999,29,915521,0,0,1000
body_state_setup,graph_sparse,1000,999,29,13574,0,0,0
machine_state_setup,graph_sparse,1000,999,30,905855,0,0,1000
body_state_setup,graph_sparse,1000,999,30,13315,0,0,0
machine_state_setup,graph_sparse,1000,999,31,907225,0,0,1000
body_state_setup,graph_sparse,1000,999,31,12833,0,0,0
machine_state_setup,graph_sparse,1000,999,32,910596,0,0,1000
body_state_setup,graph_sparse,1000,999,32,13000,0,0,0
machine_state_setup,graph_sparse,1000,999,33,915540,0,0,1000
body_state_setup,graph_sparse,1000,999,33,14186,0,0,0
machine_state_setup,graph_sparse,1000,999,34,910984,0,0,1000
body_state_setup,graph_sparse,1000,999,34,13704,0,0,0
machine_state_setup,graph_sparse,1000,999,35,909448,0,0,1000
body_state_setup,graph_sparse,1000,999,35,13148,0,0,0
machine_state_setup,graph_sparse,1000,999,36,913614,0,0,1000
body_state_setup,graph_sparse,1000,999,36,13519,0,0,0
machine_state_setup,graph_sparse,1000,999,37,921429,0,0,1000
body_state_setup,graph_sparse,1000,999,37,14444,0,0,0
machine_state_setup,graph_sparse,1000,999,38,913836,0,0,1000
body_state_setup,graph_sparse,1000,999,38,13500,0,0,0
machine_state_setup,graph_sparse,1000,999,39,910077,0,0,1000
body_state_setup,graph_sparse,1000,999,39,13351,0,0,0
fixture_generation,tiny_yield_chain,1,0,0,1519,0,0,5
fixture_generation,tiny_yield_chain,1,0,1,389,0,0,5
fixture_generation,tiny_yield_chain,1,0,2,259,0,0,5
fixture_generation,tiny_yield_chain,1,0,3,260,0,0,5
fixture_generation,tiny_yield_chain,1,0,4,685,0,0,5
fixture_generation,tiny_yield_chain,1,0,5,241,0,0,5
fixture_generation,tiny_yield_chain,1,0,6,222,0,0,5
fixture_generation,tiny_yield_chain,1,0,7,241,0,0,5
fixture_generation,tiny_yield_chain,1,0,8,223,0,0,5
fixture_generation,tiny_yield_chain,1,0,9,278,0,0,5
fixture_generation,tiny_yield_chain,1,0,10,278,0,0,5
fixture_generation,tiny_yield_chain,1,0,11,1129,0,0,5
fixture_generation,tiny_yield_chain,1,0,12,259,0,0,5
fixture_generation,tiny_yield_chain,1,0,13,222,0,0,5
fixture_generation,tiny_yield_chain,1,0,14,314,0,0,5
fixture_generation,tiny_yield_chain,1,0,15,222,0,0,5
fixture_generation,tiny_yield_chain,1,0,16,259,0,0,5
fixture_generation,tiny_yield_chain,1,0,17,240,0,0,5
fixture_generation,tiny_yield_chain,1,0,18,296,0,0,5
fixture_generation,tiny_yield_chain,1,0,19,277,0,0,5
plan_build,tiny_yield_chain,1,0,0,20000,0,0,11
plan_build,tiny_yield_chain,1,0,1,6833,0,0,11
plan_build,tiny_yield_chain,1,0,2,1037,0,0,11
plan_build,tiny_yield_chain,1,0,3,1093,0,0,11
plan_build,tiny_yield_chain,1,0,4,1056,0,0,11
plan_build,tiny_yield_chain,1,0,5,1056,0,0,11
plan_build,tiny_yield_chain,1,0,6,1037,0,0,11
plan_build,tiny_yield_chain,1,0,7,981,0,0,11
plan_build,tiny_yield_chain,1,0,8,944,0,0,11
plan_build,tiny_yield_chain,1,0,9,982,0,0,11
plan_build,tiny_yield_chain,1,0,10,1037,0,0,11
plan_build,tiny_yield_chain,1,0,11,907,0,0,11
plan_build,tiny_yield_chain,1,0,12,944,0,0,11
plan_build,tiny_yield_chain,1,0,13,870,0,0,11
plan_build,tiny_yield_chain,1,0,14,851,0,0,11
plan_build,tiny_yield_chain,1,0,15,1852,0,0,11
plan_build,tiny_yield_chain,1,0,16,1167,0,0,11
plan_build,tiny_yield_chain,1,0,17,1222,0,0,11
plan_build,tiny_yield_chain,1,0,18,1260,0,0,11
plan_build,tiny_yield_chain,1,0,19,1278,0,0,11
plan_build_alloc,tiny_yield_chain,1,0,0,0,13,2317,11
engine_execution,tiny_yield_chain,1,0,0,12296,0,0,1
engine_execution,tiny_yield_chain,1,0,1,12426,0,0,0
engine_execution,tiny_yield_chain,1,0,2,12371,0,0,3
engine_execution,tiny_yield_chain,1,0,3,12222,0,0,2
engine_execution,tiny_yield_chain,1,0,4,12019,0,0,5
engine_execution,tiny_yield_chain,1,0,5,12278,0,0,4
engine_execution,tiny_yield_chain,1,0,6,12019,0,0,7
engine_execution,tiny_yield_chain,1,0,7,12019,0,0,6
engine_execution,tiny_yield_chain,1,0,8,12148,0,0,9
engine_execution,tiny_yield_chain,1,0,9,12018,0,0,8
engine_execution,tiny_yield_chain,1,0,10,15315,0,0,11
engine_execution,tiny_yield_chain,1,0,11,12093,0,0,10
engine_execution,tiny_yield_chain,1,0,12,11944,0,0,13
engine_execution,tiny_yield_chain,1,0,13,11926,0,0,12
engine_execution,tiny_yield_chain,1,0,14,12130,0,0,15
engine_execution,tiny_yield_chain,1,0,15,11871,0,0,14
engine_execution,tiny_yield_chain,1,0,16,11889,0,0,17
engine_execution,tiny_yield_chain,1,0,17,12074,0,0,16
engine_execution,tiny_yield_chain,1,0,18,11981,0,0,19
engine_execution,tiny_yield_chain,1,0,19,11982,0,0,18
engine_execution,tiny_yield_chain,1,0,20,12037,0,0,21
engine_execution,tiny_yield_chain,1,0,21,11889,0,0,20
engine_execution,tiny_yield_chain,1,0,22,11963,0,0,23
engine_execution,tiny_yield_chain,1,0,23,12074,0,0,22
engine_execution,tiny_yield_chain,1,0,24,12185,0,0,25
engine_execution,tiny_yield_chain,1,0,25,11982,0,0,24
engine_execution,tiny_yield_chain,1,0,26,12093,0,0,27
engine_execution,tiny_yield_chain,1,0,27,12686,0,0,26
engine_execution,tiny_yield_chain,1,0,28,11907,0,0,29
engine_execution,tiny_yield_chain,1,0,29,12130,0,0,28
engine_execution,tiny_yield_chain,1,0,30,12000,0,0,31
engine_execution,tiny_yield_chain,1,0,31,12037,0,0,30
engine_execution,tiny_yield_chain,1,0,32,12037,0,0,33
engine_execution,tiny_yield_chain,1,0,33,11944,0,0,32
engine_execution,tiny_yield_chain,1,0,34,12037,0,0,35
engine_execution,tiny_yield_chain,1,0,35,12074,0,0,34
engine_execution,tiny_yield_chain,1,0,36,11982,0,0,37
engine_execution,tiny_yield_chain,1,0,37,12056,0,0,36
engine_execution,tiny_yield_chain,1,0,38,12223,0,0,39
engine_execution,tiny_yield_chain,1,0,39,11870,0,0,38
engine_execution_alloc,tiny_yield_chain,1,0,0,0,110,15124,23131
machine_state_setup,tiny_yield_chain,1,0,0,2630,0,0,1
body_state_setup,tiny_yield_chain,1,0,0,760,0,0,0
machine_state_setup,tiny_yield_chain,1,0,1,1315,0,0,1
body_state_setup,tiny_yield_chain,1,0,1,481,0,0,0
machine_state_setup,tiny_yield_chain,1,0,2,1315,0,0,1
body_state_setup,tiny_yield_chain,1,0,2,407,0,0,0
machine_state_setup,tiny_yield_chain,1,0,3,1167,0,0,1
body_state_setup,tiny_yield_chain,1,0,3,1000,0,0,0
machine_state_setup,tiny_yield_chain,1,0,4,1111,0,0,1
body_state_setup,tiny_yield_chain,1,0,4,389,0,0,0
machine_state_setup,tiny_yield_chain,1,0,5,1111,0,0,1
body_state_setup,tiny_yield_chain,1,0,5,388,0,0,0
machine_state_setup,tiny_yield_chain,1,0,6,1130,0,0,1
body_state_setup,tiny_yield_chain,1,0,6,426,0,0,0
machine_state_setup,tiny_yield_chain,1,0,7,1148,0,0,1
body_state_setup,tiny_yield_chain,1,0,7,408,0,0,0
machine_state_setup,tiny_yield_chain,1,0,8,1130,0,0,1
body_state_setup,tiny_yield_chain,1,0,8,371,0,0,0
machine_state_setup,tiny_yield_chain,1,0,9,1129,0,0,1
body_state_setup,tiny_yield_chain,1,0,9,389,0,0,0
machine_state_setup,tiny_yield_chain,1,0,10,1129,0,0,1
body_state_setup,tiny_yield_chain,1,0,10,389,0,0,0
machine_state_setup,tiny_yield_chain,1,0,11,1130,0,0,1
body_state_setup,tiny_yield_chain,1,0,11,389,0,0,0
machine_state_setup,tiny_yield_chain,1,0,12,1092,0,0,1
body_state_setup,tiny_yield_chain,1,0,12,389,0,0,0
machine_state_setup,tiny_yield_chain,1,0,13,1093,0,0,1
body_state_setup,tiny_yield_chain,1,0,13,388,0,0,0
machine_state_setup,tiny_yield_chain,1,0,14,1130,0,0,1
body_state_setup,tiny_yield_chain,1,0,14,426,0,0,0
machine_state_setup,tiny_yield_chain,1,0,15,1129,0,0,1
body_state_setup,tiny_yield_chain,1,0,15,407,0,0,0
machine_state_setup,tiny_yield_chain,1,0,16,1130,0,0,1
body_state_setup,tiny_yield_chain,1,0,16,389,0,0,0
machine_state_setup,tiny_yield_chain,1,0,17,1185,0,0,1
body_state_setup,tiny_yield_chain,1,0,17,444,0,0,0
machine_state_setup,tiny_yield_chain,1,0,18,1148,0,0,1
body_state_setup,tiny_yield_chain,1,0,18,389,0,0,0
machine_state_setup,tiny_yield_chain,1,0,19,1111,0,0,1
body_state_setup,tiny_yield_chain,1,0,19,389,0,0,0
machine_state_setup,tiny_yield_chain,1,0,20,1092,0,0,1
body_state_setup,tiny_yield_chain,1,0,20,389,0,0,0
machine_state_setup,tiny_yield_chain,1,0,21,1112,0,0,1
body_state_setup,tiny_yield_chain,1,0,21,500,0,0,0
machine_state_setup,tiny_yield_chain,1,0,22,1111,0,0,1
body_state_setup,tiny_yield_chain,1,0,22,426,0,0,0
machine_state_setup,tiny_yield_chain,1,0,23,1222,0,0,1
body_state_setup,tiny_yield_chain,1,0,23,574,0,0,0
machine_state_setup,tiny_yield_chain,1,0,24,1148,0,0,1
body_state_setup,tiny_yield_chain,1,0,24,407,0,0,0
machine_state_setup,tiny_yield_chain,1,0,25,1241,0,0,1
body_state_setup,tiny_yield_chain,1,0,25,463,0,0,0
machine_state_setup,tiny_yield_chain,1,0,26,1129,0,0,1
body_state_setup,tiny_yield_chain,1,0,26,389,0,0,0
machine_state_setup,tiny_yield_chain,1,0,27,1111,0,0,1
body_state_setup,tiny_yield_chain,1,0,27,389,0,0,0
machine_state_setup,tiny_yield_chain,1,0,28,1111,0,0,1
body_state_setup,tiny_yield_chain,1,0,28,389,0,0,0
machine_state_setup,tiny_yield_chain,1,0,29,1130,0,0,1
body_state_setup,tiny_yield_chain,1,0,29,408,0,0,0
machine_state_setup,tiny_yield_chain,1,0,30,1166,0,0,1
body_state_setup,tiny_yield_chain,1,0,30,389,0,0,0
machine_state_setup,tiny_yield_chain,1,0,31,1111,0,0,1
body_state_setup,tiny_yield_chain,1,0,31,389,0,0,0
machine_state_setup,tiny_yield_chain,1,0,32,1093,0,0,1
body_state_setup,tiny_yield_chain,1,0,32,463,0,0,0
machine_state_setup,tiny_yield_chain,1,0,33,1130,0,0,1
body_state_setup,tiny_yield_chain,1,0,33,408,0,0,0
machine_state_setup,tiny_yield_chain,1,0,34,1148,0,0,1
body_state_setup,tiny_yield_chain,1,0,34,463,0,0,0
machine_state_setup,tiny_yield_chain,1,0,35,1185,0,0,1
body_state_setup,tiny_yield_chain,1,0,35,518,0,0,0
machine_state_setup,tiny_yield_chain,1,0,36,1112,0,0,1
body_state_setup,tiny_yield_chain,1,0,36,426,0,0,0
machine_state_setup,tiny_yield_chain,1,0,37,1204,0,0,1
body_state_setup,tiny_yield_chain,1,0,37,389,0,0,0
machine_state_setup,tiny_yield_chain,1,0,38,1111,0,0,1
body_state_setup,tiny_yield_chain,1,0,38,388,0,0,0
machine_state_setup,tiny_yield_chain,1,0,39,1240,0,0,1
body_state_setup,tiny_yield_chain,1,0,39,389,0,0,0
engine_execution,resource_normal,2,1,0,23334,0,0,0
engine_execution,resource_normal,2,1,1,23574,0,0,3
engine_execution,resource_normal,2,1,2,23352,0,0,2
engine_execution,resource_normal,2,1,3,23241,0,0,5
engine_execution,resource_normal,2,1,4,23555,0,0,4
engine_execution,resource_normal,2,1,5,23815,0,0,7
engine_execution,resource_normal,2,1,6,23352,0,0,6
engine_execution,resource_normal,2,1,7,23203,0,0,9
engine_execution,resource_normal,2,1,8,23371,0,0,8
engine_execution,resource_normal,2,1,9,23481,0,0,11
engine_execution,resource_normal,2,1,10,23166,0,0,10
engine_execution,resource_normal,2,1,11,23426,0,0,13
engine_execution,resource_normal,2,1,12,23315,0,0,12
engine_execution,resource_normal,2,1,13,23926,0,0,15
engine_execution,resource_normal,2,1,14,23481,0,0,14
engine_execution,resource_normal,2,1,15,23075,0,0,17
engine_execution,resource_normal,2,1,16,23333,0,0,16
engine_execution,resource_normal,2,1,17,23666,0,0,19
engine_execution,resource_normal,2,1,18,23241,0,0,18
engine_execution,resource_normal,2,1,19,23241,0,0,21
engine_execution,resource_normal,2,1,20,23278,0,0,20
engine_execution,resource_normal,2,1,21,23222,0,0,23
engine_execution,resource_normal,2,1,22,23371,0,0,22
engine_execution,resource_normal,2,1,23,23333,0,0,25
engine_execution,resource_normal,2,1,24,23315,0,0,24
engine_execution,resource_normal,2,1,25,23408,0,0,27
engine_execution,resource_normal,2,1,26,23333,0,0,26
engine_execution,resource_normal,2,1,27,23056,0,0,29
engine_execution,resource_normal,2,1,28,23241,0,0,28
engine_execution,resource_normal,2,1,29,23426,0,0,31
engine_execution,resource_normal,2,1,30,23148,0,0,30
engine_execution,resource_normal,2,1,31,23055,0,0,33
engine_execution,resource_normal,2,1,32,23130,0,0,32
engine_execution,resource_normal,2,1,33,23204,0,0,35
engine_execution,resource_normal,2,1,34,23278,0,0,34
engine_execution,resource_normal,2,1,35,24055,0,0,37
engine_execution,resource_normal,2,1,36,23500,0,0,36
engine_execution,resource_normal,2,1,37,40630,0,0,39
engine_execution,resource_normal,2,1,38,23500,0,0,38
engine_execution,resource_normal,2,1,39,23093,0,0,41
engine_execution_alloc,resource_normal,2,1,0,0,219,23034,23130
engine_execution,resource_release_failure,2,1,0,24148,0,0,1
engine_execution,resource_release_failure,2,1,1,24518,0,0,2
engine_execution,resource_release_failure,2,1,2,24148,0,0,3
engine_execution,resource_release_failure,2,1,3,24444,0,0,4
engine_execution,resource_release_failure,2,1,4,24426,0,0,5
engine_execution,resource_release_failure,2,1,5,24426,0,0,6
engine_execution,resource_release_failure,2,1,6,24518,0,0,7
engine_execution,resource_release_failure,2,1,7,24574,0,0,8
engine_execution,resource_release_failure,2,1,8,24463,0,0,9
engine_execution,resource_release_failure,2,1,9,24371,0,0,10
engine_execution,resource_release_failure,2,1,10,24445,0,0,11
engine_execution,resource_release_failure,2,1,11,24426,0,0,12
engine_execution,resource_release_failure,2,1,12,24500,0,0,13
engine_execution,resource_release_failure,2,1,13,24537,0,0,14
engine_execution,resource_release_failure,2,1,14,24574,0,0,15
engine_execution,resource_release_failure,2,1,15,24741,0,0,16
engine_execution,resource_release_failure,2,1,16,24722,0,0,17
engine_execution,resource_release_failure,2,1,17,24611,0,0,18
engine_execution,resource_release_failure,2,1,18,24519,0,0,19
engine_execution,resource_release_failure,2,1,19,25112,0,0,20
engine_execution,resource_release_failure,2,1,20,24778,0,0,21
engine_execution,resource_release_failure,2,1,21,24759,0,0,22
engine_execution,resource_release_failure,2,1,22,24870,0,0,23
engine_execution,resource_release_failure,2,1,23,24703,0,0,24
engine_execution,resource_release_failure,2,1,24,24797,0,0,25
engine_execution,resource_release_failure,2,1,25,24648,0,0,26
engine_execution,resource_release_failure,2,1,26,24555,0,0,27
engine_execution,resource_release_failure,2,1,27,24778,0,0,28
engine_execution,resource_release_failure,2,1,28,24870,0,0,29
engine_execution,resource_release_failure,2,1,29,24741,0,0,30
engine_execution,resource_release_failure,2,1,30,24778,0,0,31
engine_execution,resource_release_failure,2,1,31,24778,0,0,32
engine_execution,resource_release_failure,2,1,32,24833,0,0,33
engine_execution,resource_release_failure,2,1,33,24667,0,0,34
engine_execution,resource_release_failure,2,1,34,24723,0,0,35
engine_execution,resource_release_failure,2,1,35,24611,0,0,36
engine_execution,resource_release_failure,2,1,36,24518,0,0,37
engine_execution,resource_release_failure,2,1,37,24686,0,0,38
engine_execution,resource_release_failure,2,1,38,24778,0,0,39
engine_execution,resource_release_failure,2,1,39,24703,0,0,40
engine_execution_alloc,resource_release_failure,2,1,0,0,229,23777,23131
engine_execution,resource_startup_failure,2,1,0,27371,0,0,3
engine_execution,resource_startup_failure,2,1,1,25537,0,0,3
engine_execution,resource_startup_failure,2,1,2,25093,0,0,3
engine_execution,resource_startup_failure,2,1,3,24556,0,0,3
engine_execution,resource_startup_failure,2,1,4,24574,0,0,3
engine_execution,resource_startup_failure,2,1,5,25019,0,0,3
engine_execution,resource_startup_failure,2,1,6,24760,0,0,3
engine_execution,resource_startup_failure,2,1,7,25019,0,0,3
engine_execution,resource_startup_failure,2,1,8,24389,0,0,3
engine_execution,resource_startup_failure,2,1,9,24204,0,0,3
engine_execution,resource_startup_failure,2,1,10,24537,0,0,3
engine_execution,resource_startup_failure,2,1,11,24537,0,0,3
engine_execution,resource_startup_failure,2,1,12,24444,0,0,3
engine_execution,resource_startup_failure,2,1,13,24667,0,0,3
engine_execution,resource_startup_failure,2,1,14,24537,0,0,3
engine_execution,resource_startup_failure,2,1,15,24315,0,0,3
engine_execution,resource_startup_failure,2,1,16,24574,0,0,3
engine_execution,resource_startup_failure,2,1,17,24370,0,0,3
engine_execution,resource_startup_failure,2,1,18,24314,0,0,3
engine_execution,resource_startup_failure,2,1,19,24555,0,0,3
engine_execution,resource_startup_failure,2,1,20,25630,0,0,3
engine_execution,resource_startup_failure,2,1,21,24278,0,0,3
engine_execution,resource_startup_failure,2,1,22,24537,0,0,3
engine_execution,resource_startup_failure,2,1,23,24389,0,0,3
engine_execution,resource_startup_failure,2,1,24,24352,0,0,3
engine_execution,resource_startup_failure,2,1,25,24500,0,0,3
engine_execution,resource_startup_failure,2,1,26,24500,0,0,3
engine_execution,resource_startup_failure,2,1,27,24277,0,0,3
engine_execution,resource_startup_failure,2,1,28,24427,0,0,3
engine_execution,resource_startup_failure,2,1,29,24685,0,0,3
engine_execution,resource_startup_failure,2,1,30,24315,0,0,3
engine_execution,resource_startup_failure,2,1,31,24389,0,0,3
engine_execution,resource_startup_failure,2,1,32,24482,0,0,3
engine_execution,resource_startup_failure,2,1,33,24426,0,0,3
engine_execution,resource_startup_failure,2,1,34,24629,0,0,3
engine_execution,resource_startup_failure,2,1,35,24648,0,0,3
engine_execution,resource_startup_failure,2,1,36,24537,0,0,3
engine_execution,resource_startup_failure,2,1,37,24574,0,0,3
engine_execution,resource_startup_failure,2,1,38,24408,0,0,3
engine_execution,resource_startup_failure,2,1,39,24185,0,0,3
engine_execution_alloc,resource_startup_failure,2,1,0,0,226,24070,3
engine_execution,resource_cleanup_error_upstream,3,1,0,35759,0,0,0
engine_execution,resource_cleanup_error_upstream,3,1,1,36019,0,0,1
engine_execution,resource_cleanup_error_upstream,3,1,2,36500,0,0,2
engine_execution,resource_cleanup_error_upstream,3,1,3,36648,0,0,3
engine_execution,resource_cleanup_error_upstream,3,1,4,36575,0,0,4
engine_execution,resource_cleanup_error_upstream,3,1,5,36389,0,0,5
engine_execution,resource_cleanup_error_upstream,3,1,6,35704,0,0,6
engine_execution,resource_cleanup_error_upstream,3,1,7,36093,0,0,7
engine_execution,resource_cleanup_error_upstream,3,1,8,36037,0,0,8
engine_execution,resource_cleanup_error_upstream,3,1,9,36148,0,0,9
engine_execution,resource_cleanup_error_upstream,3,1,10,35833,0,0,10
engine_execution,resource_cleanup_error_upstream,3,1,11,36056,0,0,11
engine_execution,resource_cleanup_error_upstream,3,1,12,35852,0,0,12
engine_execution,resource_cleanup_error_upstream,3,1,13,36204,0,0,13
engine_execution,resource_cleanup_error_upstream,3,1,14,36204,0,0,14
engine_execution,resource_cleanup_error_upstream,3,1,15,36000,0,0,15
engine_execution,resource_cleanup_error_upstream,3,1,16,36186,0,0,16
engine_execution,resource_cleanup_error_upstream,3,1,17,36500,0,0,17
engine_execution,resource_cleanup_error_upstream,3,1,18,36371,0,0,18
engine_execution,resource_cleanup_error_upstream,3,1,19,37463,0,0,19
engine_execution,resource_cleanup_error_upstream,3,1,20,36037,0,0,20
engine_execution,resource_cleanup_error_upstream,3,1,21,36315,0,0,21
engine_execution,resource_cleanup_error_upstream,3,1,22,36463,0,0,22
engine_execution,resource_cleanup_error_upstream,3,1,23,36889,0,0,23
engine_execution,resource_cleanup_error_upstream,3,1,24,36538,0,0,24
engine_execution,resource_cleanup_error_upstream,3,1,25,36426,0,0,25
engine_execution,resource_cleanup_error_upstream,3,1,26,36629,0,0,26
engine_execution,resource_cleanup_error_upstream,3,1,27,36537,0,0,27
engine_execution,resource_cleanup_error_upstream,3,1,28,36259,0,0,28
engine_execution,resource_cleanup_error_upstream,3,1,29,36500,0,0,29
engine_execution,resource_cleanup_error_upstream,3,1,30,43038,0,0,30
engine_execution,resource_cleanup_error_upstream,3,1,31,36797,0,0,31
engine_execution,resource_cleanup_error_upstream,3,1,32,36204,0,0,32
engine_execution,resource_cleanup_error_upstream,3,1,33,36555,0,0,33
engine_execution,resource_cleanup_error_upstream,3,1,34,36315,0,0,34
engine_execution,resource_cleanup_error_upstream,3,1,35,36260,0,0,35
engine_execution,resource_cleanup_error_upstream,3,1,36,36260,0,0,36
engine_execution,resource_cleanup_error_upstream,3,1,37,35870,0,0,37
engine_execution,resource_cleanup_error_upstream,3,1,38,36148,0,0,38
engine_execution,resource_cleanup_error_upstream,3,1,39,36037,0,0,39
engine_execution_alloc,resource_cleanup_error_upstream,3,1,0,0,337,30082,23130
engine_execution,resource_cancel_after_acquire,1,0,0,29926,0,0,3
engine_execution,resource_cancel_after_acquire,1,0,1,21260,0,0,3
engine_execution,resource_cancel_after_acquire,1,0,2,20185,0,0,3
engine_execution,resource_cancel_after_acquire,1,0,3,19463,0,0,3
engine_execution,resource_cancel_after_acquire,1,0,4,19630,0,0,3
engine_execution,resource_cancel_after_acquire,1,0,5,19278,0,0,3
engine_execution,resource_cancel_after_acquire,1,0,6,19093,0,0,3
engine_execution,resource_cancel_after_acquire,1,0,7,18852,0,0,3
engine_execution,resource_cancel_after_acquire,1,0,8,19056,0,0,3
engine_execution,resource_cancel_after_acquire,1,0,9,19130,0,0,3
engine_execution,resource_cancel_after_acquire,1,0,10,18833,0,0,3
engine_execution,resource_cancel_after_acquire,1,0,11,19167,0,0,3
engine_execution,resource_cancel_after_acquire,1,0,12,19037,0,0,3
engine_execution,resource_cancel_after_acquire,1,0,13,18834,0,0,3
engine_execution,resource_cancel_after_acquire,1,0,14,19037,0,0,3
engine_execution,resource_cancel_after_acquire,1,0,15,18982,0,0,3
engine_execution,resource_cancel_after_acquire,1,0,16,18889,0,0,3
engine_execution,resource_cancel_after_acquire,1,0,17,19889,0,0,3
engine_execution,resource_cancel_after_acquire,1,0,18,18945,0,0,3
engine_execution,resource_cancel_after_acquire,1,0,19,19241,0,0,3
engine_execution,resource_cancel_after_acquire,1,0,20,19000,0,0,3
engine_execution,resource_cancel_after_acquire,1,0,21,18666,0,0,3
engine_execution,resource_cancel_after_acquire,1,0,22,18575,0,0,3
engine_execution,resource_cancel_after_acquire,1,0,23,18722,0,0,3
engine_execution,resource_cancel_after_acquire,1,0,24,18944,0,0,3
engine_execution,resource_cancel_after_acquire,1,0,25,19000,0,0,3
engine_execution,resource_cancel_after_acquire,1,0,26,19093,0,0,3
engine_execution,resource_cancel_after_acquire,1,0,27,18630,0,0,3
engine_execution,resource_cancel_after_acquire,1,0,28,18852,0,0,3
engine_execution,resource_cancel_after_acquire,1,0,29,19204,0,0,3
engine_execution,resource_cancel_after_acquire,1,0,30,18834,0,0,3
engine_execution,resource_cancel_after_acquire,1,0,31,18704,0,0,3
engine_execution,resource_cancel_after_acquire,1,0,32,18518,0,0,3
engine_execution,resource_cancel_after_acquire,1,0,33,18852,0,0,3
engine_execution,resource_cancel_after_acquire,1,0,34,18814,0,0,3
engine_execution,resource_cancel_after_acquire,1,0,35,18777,0,0,3
engine_execution,resource_cancel_after_acquire,1,0,36,18704,0,0,3
engine_execution,resource_cancel_after_acquire,1,0,37,18500,0,0,3
engine_execution,resource_cancel_after_acquire,1,0,38,18407,0,0,3
engine_execution,resource_cancel_after_acquire,1,0,39,18740,0,0,3
engine_execution,effect_known_receipt,1,0,0,17074,0,0,1
engine_execution,effect_known_receipt,1,0,1,17722,0,0,0
engine_execution,effect_known_receipt,1,0,2,17204,0,0,3
engine_execution,effect_known_receipt,1,0,3,16981,0,0,2
engine_execution,effect_known_receipt,1,0,4,17037,0,0,5
engine_execution,effect_known_receipt,1,0,5,17167,0,0,4
engine_execution,effect_known_receipt,1,0,6,17148,0,0,7
engine_execution,effect_known_receipt,1,0,7,17592,0,0,6
engine_execution,effect_known_receipt,1,0,8,17278,0,0,9
engine_execution,effect_known_receipt,1,0,9,17241,0,0,8
engine_execution,effect_known_receipt,1,0,10,17426,0,0,11
engine_execution,effect_known_receipt,1,0,11,17315,0,0,10
engine_execution,effect_known_receipt,1,0,12,17037,0,0,13
engine_execution,effect_known_receipt,1,0,13,17075,0,0,12
engine_execution,effect_known_receipt,1,0,14,17018,0,0,15
engine_execution,effect_known_receipt,1,0,15,16908,0,0,14
engine_execution,effect_known_receipt,1,0,16,17130,0,0,17
engine_execution,effect_known_receipt,1,0,17,16926,0,0,16
engine_execution,effect_known_receipt,1,0,18,17074,0,0,19
engine_execution,effect_known_receipt,1,0,19,16944,0,0,18
engine_execution,effect_known_receipt,1,0,20,17352,0,0,21
engine_execution,effect_known_receipt,1,0,21,16944,0,0,20
engine_execution,effect_known_receipt,1,0,22,17167,0,0,23
engine_execution,effect_known_receipt,1,0,23,17334,0,0,22
engine_execution,effect_known_receipt,1,0,24,17166,0,0,25
engine_execution,effect_known_receipt,1,0,25,17000,0,0,24
engine_execution,effect_known_receipt,1,0,26,17333,0,0,27
engine_execution,effect_known_receipt,1,0,27,17204,0,0,26
engine_execution,effect_known_receipt,1,0,28,16963,0,0,29
engine_execution,effect_known_receipt,1,0,29,17278,0,0,28
engine_execution,effect_known_receipt,1,0,30,17426,0,0,31
engine_execution,effect_known_receipt,1,0,31,17222,0,0,30
engine_execution,effect_known_receipt,1,0,32,17148,0,0,33
engine_execution,effect_known_receipt,1,0,33,17241,0,0,32
engine_execution,effect_known_receipt,1,0,34,17130,0,0,35
engine_execution,effect_known_receipt,1,0,35,16870,0,0,34
engine_execution,effect_known_receipt,1,0,36,17185,0,0,37
engine_execution,effect_known_receipt,1,0,37,17278,0,0,36
engine_execution,effect_known_receipt,1,0,38,17204,0,0,39
engine_execution,effect_known_receipt,1,0,39,17000,0,0,38
engine_execution_alloc,effect_known_receipt,1,0,0,0,160,18469,23131
engine_execution,retry_one_failure,1,0,0,17426,0,0,1
engine_execution,retry_one_failure,1,0,1,17592,0,0,0
engine_execution,retry_one_failure,1,0,2,18018,0,0,3
engine_execution,retry_one_failure,1,0,3,17833,0,0,2
engine_execution,retry_one_failure,1,0,4,17759,0,0,5
engine_execution,retry_one_failure,1,0,5,17666,0,0,4
engine_execution,retry_one_failure,1,0,6,17704,0,0,7
engine_execution,retry_one_failure,1,0,7,17593,0,0,6
engine_execution,retry_one_failure,1,0,8,17722,0,0,9
engine_execution,retry_one_failure,1,0,9,17426,0,0,8
engine_execution,retry_one_failure,1,0,10,17889,0,0,11
engine_execution,retry_one_failure,1,0,11,17463,0,0,10
engine_execution,retry_one_failure,1,0,12,17371,0,0,13
engine_execution,retry_one_failure,1,0,13,17482,0,0,12
engine_execution,retry_one_failure,1,0,14,17871,0,0,15
engine_execution,retry_one_failure,1,0,15,17537,0,0,14
engine_execution,retry_one_failure,1,0,16,17315,0,0,17
engine_execution,retry_one_failure,1,0,17,17981,0,0,16
engine_execution,retry_one_failure,1,0,18,17575,0,0,19
engine_execution,retry_one_failure,1,0,19,17629,0,0,18
engine_execution,retry_one_failure,1,0,20,17648,0,0,21
engine_execution,retry_one_failure,1,0,21,17315,0,0,20
engine_execution,retry_one_failure,1,0,22,17352,0,0,23
engine_execution,retry_one_failure,1,0,23,17519,0,0,22
engine_execution,retry_one_failure,1,0,24,17722,0,0,25
engine_execution,retry_one_failure,1,0,25,17537,0,0,24
engine_execution,retry_one_failure,1,0,26,17556,0,0,27
engine_execution,retry_one_failure,1,0,27,17445,0,0,26
engine_execution,retry_one_failure,1,0,28,17667,0,0,29
engine_execution,retry_one_failure,1,0,29,17648,0,0,28
engine_execution,retry_one_failure,1,0,30,17592,0,0,31
engine_execution,retry_one_failure,1,0,31,17741,0,0,30
engine_execution,retry_one_failure,1,0,32,17444,0,0,33
engine_execution,retry_one_failure,1,0,33,17796,0,0,32
engine_execution,retry_one_failure,1,0,34,17703,0,0,35
engine_execution,retry_one_failure,1,0,35,17593,0,0,34
engine_execution,retry_one_failure,1,0,36,17315,0,0,37
engine_execution,retry_one_failure,1,0,37,17352,0,0,36
engine_execution,retry_one_failure,1,0,38,17277,0,0,39
engine_execution,retry_one_failure,1,0,39,17351,0,0,38
engine_execution_alloc,retry_one_failure,1,0,0,0,165,18832,23131
engine_execution,component_flat,10,9,0,70241,0,0,0
engine_execution,component_flat,10,9,1,70723,0,0,1
engine_execution,component_flat,10,9,2,70315,0,0,2
engine_execution,component_flat,10,9,3,70482,0,0,3
engine_execution,component_flat,10,9,4,70315,0,0,4
engine_execution,component_flat,10,9,5,70445,0,0,5
engine_execution,component_flat,10,9,6,79926,0,0,6
engine_execution,component_flat,10,9,7,71592,0,0,7
engine_execution,component_flat,10,9,8,70111,0,0,8
engine_execution,component_flat,10,9,9,69778,0,0,9
engine_execution,component_flat,10,9,10,70259,0,0,10
engine_execution,component_flat,10,9,11,70408,0,0,11
engine_execution,component_flat,10,9,12,69963,0,0,12
engine_execution,component_flat,10,9,13,70222,0,0,13
engine_execution,component_flat,10,9,14,69092,0,0,14
engine_execution,component_flat,10,9,15,70056,0,0,15
engine_execution,component_flat,10,9,16,70001,0,0,16
engine_execution,component_flat,10,9,17,70204,0,0,17
engine_execution,component_flat,10,9,18,69093,0,0,18
engine_execution,component_flat,10,9,19,69741,0,0,19
engine_execution,component_flat,10,9,20,69630,0,0,20
engine_execution,component_flat,10,9,21,69666,0,0,21
engine_execution,component_flat,10,9,22,69278,0,0,22
engine_execution,component_flat,10,9,23,69334,0,0,23
engine_execution,component_flat,10,9,24,69852,0,0,24
engine_execution,component_flat,10,9,25,69648,0,0,25
engine_execution,component_flat,10,9,26,69630,0,0,26
engine_execution,component_flat,10,9,27,69222,0,0,27
engine_execution,component_flat,10,9,28,69741,0,0,28
engine_execution,component_flat,10,9,29,69926,0,0,29
engine_execution,component_flat,10,9,30,69870,0,0,30
engine_execution,component_flat,10,9,31,69760,0,0,31
engine_execution,component_flat,10,9,32,69334,0,0,32
engine_execution,component_flat,10,9,33,69778,0,0,33
engine_execution,component_flat,10,9,34,68593,0,0,34
engine_execution,component_flat,10,9,35,69389,0,0,35
engine_execution,component_flat,10,9,36,69407,0,0,36
engine_execution,component_flat,10,9,37,69648,0,0,37
engine_execution,component_flat,10,9,38,69297,0,0,38
engine_execution,component_flat,10,9,39,69296,0,0,39
engine_execution_alloc,component_flat,10,9,0,0,654,66005,23130
engine_execution,component_nested,13,12,0,101889,0,0,0
engine_execution,component_nested,13,12,1,102741,0,0,1
engine_execution,component_nested,13,12,2,101704,0,0,2
engine_execution,component_nested,13,12,3,103112,0,0,3
engine_execution,component_nested,13,12,4,101630,0,0,4
engine_execution,component_nested,13,12,5,101816,0,0,5
engine_execution,component_nested,13,12,6,101445,0,0,6
engine_execution,component_nested,13,12,7,107185,0,0,7
engine_execution,component_nested,13,12,8,101056,0,0,8
engine_execution,component_nested,13,12,9,101185,0,0,9
engine_execution,component_nested,13,12,10,101945,0,0,10
engine_execution,component_nested,13,12,11,101778,0,0,11
engine_execution,component_nested,13,12,12,101241,0,0,12
engine_execution,component_nested,13,12,13,100705,0,0,13
engine_execution,component_nested,13,12,14,100963,0,0,14
engine_execution,component_nested,13,12,15,101055,0,0,15
engine_execution,component_nested,13,12,16,101704,0,0,16
engine_execution,component_nested,13,12,17,100037,0,0,17
engine_execution,component_nested,13,12,18,100649,0,0,18
engine_execution,component_nested,13,12,19,100667,0,0,19
engine_execution,component_nested,13,12,20,100390,0,0,20
engine_execution,component_nested,13,12,21,100463,0,0,21
engine_execution,component_nested,13,12,22,99815,0,0,22
engine_execution,component_nested,13,12,23,102093,0,0,23
engine_execution,component_nested,13,12,24,101353,0,0,24
engine_execution,component_nested,13,12,25,100593,0,0,25
engine_execution,component_nested,13,12,26,100833,0,0,26
engine_execution,component_nested,13,12,27,100186,0,0,27
engine_execution,component_nested,13,12,28,99723,0,0,28
engine_execution,component_nested,13,12,29,99667,0,0,29
engine_execution,component_nested,13,12,30,100315,0,0,30
engine_execution,component_nested,13,12,31,100389,0,0,31
engine_execution,component_nested,13,12,32,100890,0,0,32
engine_execution,component_nested,13,12,33,100389,0,0,33
engine_execution,component_nested,13,12,34,100704,0,0,34
engine_execution,component_nested,13,12,35,100371,0,0,35
engine_execution,component_nested,13,12,36,100779,0,0,36
engine_execution,component_nested,13,12,37,100556,0,0,37
engine_execution,component_nested,13,12,38,100148,0,0,38
engine_execution,component_nested,13,12,39,100556,0,0,39
engine_execution_alloc,component_nested,13,12,0,0,983,82339,23130
engine_execution,component_flat,100,99,0,905262,0,0,1
engine_execution,component_flat,100,99,1,914207,0,0,0
engine_execution,component_flat,100,99,2,903596,0,0,3
engine_execution,component_flat,100,99,3,905281,0,0,2
engine_execution,component_flat,100,99,4,903225,0,0,5
engine_execution,component_flat,100,99,5,905503,0,0,4
engine_execution,component_flat,100,99,6,904392,0,0,7
engine_execution,component_flat,100,99,7,903281,0,0,6
engine_execution,component_flat,100,99,8,903818,0,0,9
engine_execution,component_flat,100,99,9,902411,0,0,8
engine_execution,component_flat,100,99,10,915207,0,0,11
engine_execution,component_flat,100,99,11,902077,0,0,10
engine_execution,component_flat,100,99,12,900707,0,0,13
engine_execution,component_flat,100,99,13,897169,0,0,12
engine_execution,component_flat,100,99,14,905781,0,0,15
engine_execution,component_flat,100,99,15,902484,0,0,14
engine_execution,component_flat,100,99,16,898966,0,0,17
engine_execution,component_flat,100,99,17,896892,0,0,16
engine_execution,component_flat,100,99,18,907096,0,0,19
engine_execution,component_flat,100,99,19,944911,0,0,18
engine_execution,component_flat,100,99,20,903781,0,0,21
engine_execution,component_flat,100,99,21,906077,0,0,20
engine_execution,component_flat,100,99,22,898393,0,0,23
engine_execution,component_flat,100,99,23,906410,0,0,22
engine_execution,component_flat,100,99,24,906059,0,0,25
engine_execution,component_flat,100,99,25,896355,0,0,24
engine_execution,component_flat,100,99,26,898262,0,0,27
engine_execution,component_flat,100,99,27,903337,0,0,26
engine_execution,component_flat,100,99,28,903244,0,0,29
engine_execution,component_flat,100,99,29,897578,0,0,28
engine_execution,component_flat,100,99,30,903670,0,0,31
engine_execution,component_flat,100,99,31,896874,0,0,30
engine_execution,component_flat,100,99,32,907300,0,0,33
engine_execution,component_flat,100,99,33,900744,0,0,32
engine_execution,component_flat,100,99,34,900578,0,0,35
engine_execution,component_flat,100,99,35,899207,0,0,34
engine_execution,component_flat,100,99,36,904337,0,0,37
engine_execution,component_flat,100,99,37,899652,0,0,36
engine_execution,component_flat,100,99,38,899707,0,0,39
engine_execution,component_flat,100,99,39,897022,0,0,38
engine_execution_alloc,component_flat,100,99,0,0,5983,769127,23131
engine_execution,component_nested,103,102,0,1012707,0,0,1
engine_execution,component_nested,103,102,1,1009744,0,0,0
engine_execution,component_nested,103,102,2,1010318,0,0,3
engine_execution,component_nested,103,102,3,1063726,0,0,2
engine_execution,component_nested,103,102,4,1021207,0,0,5
engine_execution,component_nested,103,102,5,1010004,0,0,4
engine_execution,component_nested,103,102,6,1014466,0,0,7
engine_execution,component_nested,103,102,7,1023486,0,0,6
engine_execution,component_nested,103,102,8,1018411,0,0,9
engine_execution,component_nested,103,102,9,1009874,0,0,8
engine_execution,component_nested,103,102,10,1015263,0,0,11
engine_execution,component_nested,103,102,11,1023226,0,0,10
engine_execution,component_nested,103,102,12,1015856,0,0,13
engine_execution,component_nested,103,102,13,1005689,0,0,12
engine_execution,component_nested,103,102,14,1012948,0,0,15
engine_execution,component_nested,103,102,15,1025837,0,0,14
engine_execution,component_nested,103,102,16,1011448,0,0,17
engine_execution,component_nested,103,102,17,1012541,0,0,16
engine_execution,component_nested,103,102,18,1012670,0,0,19
engine_execution,component_nested,103,102,19,1015819,0,0,18
engine_execution,component_nested,103,102,20,1011763,0,0,21
engine_execution,component_nested,103,102,21,1014059,0,0,20
engine_execution,component_nested,103,102,22,1009004,0,0,23
engine_execution,component_nested,103,102,23,1018670,0,0,22
engine_execution,component_nested,103,102,24,1012040,0,0,25
engine_execution,component_nested,103,102,25,1012837,0,0,24
engine_execution,component_nested,103,102,26,1009763,0,0,27
engine_execution,component_nested,103,102,27,1016541,0,0,26
engine_execution,component_nested,103,102,28,1011282,0,0,29
engine_execution,component_nested,103,102,29,1009226,0,0,28
engine_execution,component_nested,103,102,30,1007633,0,0,31
engine_execution,component_nested,103,102,31,1014522,0,0,30
engine_execution,component_nested,103,102,32,1011707,0,0,33
engine_execution,component_nested,103,102,33,1008818,0,0,32
engine_execution,component_nested,103,102,34,1007930,0,0,35
engine_execution,component_nested,103,102,35,1016151,0,0,34
engine_execution,component_nested,103,102,36,1015799,0,0,37
engine_execution,component_nested,103,102,37,1011911,0,0,36
engine_execution,component_nested,103,102,38,1009541,0,0,39
engine_execution,component_nested,103,102,39,1019281,0,0,38
engine_execution_alloc,component_nested,103,102,0,0,7482,838381,23131
engine_execution,resident_ready_shutdown,1,0,0,17019,0,0,1
engine_execution,resident_ready_shutdown,1,0,1,16963,0,0,1
engine_execution,resident_ready_shutdown,1,0,2,16889,0,0,1
engine_execution,resident_ready_shutdown,1,0,3,17130,0,0,1
engine_execution,resident_ready_shutdown,1,0,4,17204,0,0,1
engine_execution,resident_ready_shutdown,1,0,5,17111,0,0,1
engine_execution,resident_ready_shutdown,1,0,6,17000,0,0,1
engine_execution,resident_ready_shutdown,1,0,7,16889,0,0,1
engine_execution,resident_ready_shutdown,1,0,8,16907,0,0,1
engine_execution,resident_ready_shutdown,1,0,9,17444,0,0,1
engine_execution,resident_ready_shutdown,1,0,10,17500,0,0,1
engine_execution,resident_ready_shutdown,1,0,11,17500,0,0,1
engine_execution,resident_ready_shutdown,1,0,12,17556,0,0,1
engine_execution,resident_ready_shutdown,1,0,13,17463,0,0,1
engine_execution,resident_ready_shutdown,1,0,14,17778,0,0,1
engine_execution,resident_ready_shutdown,1,0,15,17722,0,0,1
engine_execution,resident_ready_shutdown,1,0,16,17463,0,0,1
engine_execution,resident_ready_shutdown,1,0,17,17889,0,0,1
engine_execution,resident_ready_shutdown,1,0,18,17334,0,0,1
engine_execution,resident_ready_shutdown,1,0,19,17259,0,0,1
engine_execution,resident_ready_shutdown,1,0,20,17333,0,0,1
engine_execution,resident_ready_shutdown,1,0,21,17704,0,0,1
engine_execution,resident_ready_shutdown,1,0,22,17037,0,0,1
engine_execution,resident_ready_shutdown,1,0,23,17278,0,0,1
engine_execution,resident_ready_shutdown,1,0,24,17759,0,0,1
engine_execution,resident_ready_shutdown,1,0,25,17167,0,0,1
engine_execution,resident_ready_shutdown,1,0,26,17278,0,0,1
engine_execution,resident_ready_shutdown,1,0,27,17203,0,0,1
engine_execution,resident_ready_shutdown,1,0,28,17389,0,0,1
engine_execution,resident_ready_shutdown,1,0,29,17278,0,0,1
engine_execution,resident_ready_shutdown,1,0,30,17297,0,0,1
engine_execution,resident_ready_shutdown,1,0,31,17278,0,0,1
engine_execution,resident_ready_shutdown,1,0,32,17352,0,0,1
engine_execution,resident_ready_shutdown,1,0,33,17185,0,0,1
engine_execution,resident_ready_shutdown,1,0,34,17314,0,0,1
engine_execution,resident_ready_shutdown,1,0,35,17130,0,0,1
engine_execution,resident_ready_shutdown,1,0,36,17166,0,0,1
engine_execution,resident_ready_shutdown,1,0,37,17074,0,0,1
engine_execution,resident_ready_shutdown,1,0,38,17185,0,0,1
engine_execution,resident_ready_shutdown,1,0,39,17111,0,0,1
engine_execution,dynamic_live_instances_1,3,2,0,64278,0,0,0
engine_execution,dynamic_live_instances_1,3,2,1,63815,0,0,0
engine_execution,dynamic_live_instances_1,3,2,2,63278,0,0,0
engine_execution,dynamic_live_instances_1,3,2,3,62426,0,0,0
engine_execution,dynamic_live_instances_1,3,2,4,62852,0,0,0
engine_execution,dynamic_live_instances_1,3,2,5,62740,0,0,0
engine_execution,dynamic_live_instances_1,3,2,6,63111,0,0,0
engine_execution,dynamic_live_instances_1,3,2,7,62408,0,0,0
engine_execution,dynamic_live_instances_1,3,2,8,63186,0,0,0
engine_execution,dynamic_live_instances_1,3,2,9,62389,0,0,0
engine_execution,dynamic_live_instances_1,3,2,10,62130,0,0,0
engine_execution,dynamic_live_instances_1,3,2,11,69704,0,0,0
engine_execution,dynamic_live_instances_1,3,2,12,63537,0,0,0
engine_execution,dynamic_live_instances_1,3,2,13,62722,0,0,0
engine_execution,dynamic_live_instances_1,3,2,14,62797,0,0,0
engine_execution,dynamic_live_instances_1,3,2,15,61945,0,0,0
engine_execution,dynamic_live_instances_1,3,2,16,62981,0,0,0
engine_execution,dynamic_live_instances_1,3,2,17,62852,0,0,0
engine_execution,dynamic_live_instances_1,3,2,18,62926,0,0,0
engine_execution,dynamic_live_instances_1,3,2,19,62889,0,0,0
engine_execution,dynamic_live_instances_1,3,2,20,62796,0,0,0
engine_execution,dynamic_live_instances_1,3,2,21,62926,0,0,0
engine_execution,dynamic_live_instances_1,3,2,22,62575,0,0,0
engine_execution,dynamic_live_instances_1,3,2,23,62611,0,0,0
engine_execution,dynamic_live_instances_1,3,2,24,62722,0,0,0
engine_execution,dynamic_live_instances_1,3,2,25,62445,0,0,0
engine_execution,dynamic_live_instances_1,3,2,26,62278,0,0,0
engine_execution,dynamic_live_instances_1,3,2,27,62816,0,0,0
engine_execution,dynamic_live_instances_1,3,2,28,62685,0,0,0
engine_execution,dynamic_live_instances_1,3,2,29,62445,0,0,0
engine_execution,dynamic_live_instances_1,3,2,30,62407,0,0,0
engine_execution,dynamic_live_instances_1,3,2,31,62518,0,0,0
engine_execution,dynamic_live_instances_1,3,2,32,62204,0,0,0
engine_execution,dynamic_live_instances_1,3,2,33,62574,0,0,0
engine_execution,dynamic_live_instances_1,3,2,34,62463,0,0,0
engine_execution,dynamic_live_instances_1,3,2,35,62241,0,0,0
engine_execution,dynamic_live_instances_1,3,2,36,62481,0,0,0
engine_execution,dynamic_live_instances_1,3,2,37,62278,0,0,0
engine_execution,dynamic_live_instances_1,3,2,38,62519,0,0,0
engine_execution,dynamic_live_instances_1,3,2,39,61797,0,0,0
engine_execution_alloc,dynamic_live_instances_1,3,2,1,0,604,56053,0
engine_execution,dynamic_live_instances_10,3,2,0,484780,0,0,11
engine_execution,dynamic_live_instances_10,3,2,1,486058,0,0,11
engine_execution,dynamic_live_instances_10,3,2,2,484132,0,0,11
engine_execution,dynamic_live_instances_10,3,2,3,484335,0,0,11
engine_execution,dynamic_live_instances_10,3,2,4,491743,0,0,11
engine_execution,dynamic_live_instances_10,3,2,5,485187,0,0,11
engine_execution,dynamic_live_instances_10,3,2,6,487113,0,0,11
engine_execution,dynamic_live_instances_10,3,2,7,485020,0,0,11
engine_execution,dynamic_live_instances_10,3,2,8,483279,0,0,11
engine_execution,dynamic_live_instances_10,3,2,9,484427,0,0,11
engine_execution,dynamic_live_instances_10,3,2,10,486428,0,0,11
engine_execution,dynamic_live_instances_10,3,2,11,484187,0,0,11
engine_execution,dynamic_live_instances_10,3,2,12,491798,0,0,11
engine_execution,dynamic_live_instances_10,3,2,13,484317,0,0,11
engine_execution,dynamic_live_instances_10,3,2,14,483131,0,0,11
engine_execution,dynamic_live_instances_10,3,2,15,484742,0,0,11
engine_execution,dynamic_live_instances_10,3,2,16,487094,0,0,11
engine_execution,dynamic_live_instances_10,3,2,17,487650,0,0,11
engine_execution,dynamic_live_instances_10,3,2,18,486058,0,0,11
engine_execution,dynamic_live_instances_10,3,2,19,483706,0,0,11
engine_execution,dynamic_live_instances_10,3,2,20,488446,0,0,11
engine_execution,dynamic_live_instances_10,3,2,21,487854,0,0,11
engine_execution,dynamic_live_instances_10,3,2,22,484705,0,0,11
engine_execution,dynamic_live_instances_10,3,2,23,485668,0,0,11
engine_execution,dynamic_live_instances_10,3,2,24,483817,0,0,11
engine_execution,dynamic_live_instances_10,3,2,25,486298,0,0,11
engine_execution,dynamic_live_instances_10,3,2,26,481724,0,0,11
engine_execution,dynamic_live_instances_10,3,2,27,484039,0,0,11
engine_execution,dynamic_live_instances_10,3,2,28,482187,0,0,11
engine_execution,dynamic_live_instances_10,3,2,29,490724,0,0,11
engine_execution,dynamic_live_instances_10,3,2,30,483464,0,0,11
engine_execution,dynamic_live_instances_10,3,2,31,483539,0,0,11
engine_execution,dynamic_live_instances_10,3,2,32,483742,0,0,11
engine_execution,dynamic_live_instances_10,3,2,33,483410,0,0,11
engine_execution,dynamic_live_instances_10,3,2,34,485464,0,0,11
engine_execution,dynamic_live_instances_10,3,2,35,482224,0,0,11
engine_execution,dynamic_live_instances_10,3,2,36,484743,0,0,11
engine_execution,dynamic_live_instances_10,3,2,37,502205,0,0,11
engine_execution,dynamic_live_instances_10,3,2,38,485502,0,0,11
engine_execution,dynamic_live_instances_10,3,2,39,484020,0,0,11
engine_execution_alloc,dynamic_live_instances_10,3,2,10,0,4361,400240,11
engine_execution,dynamic_live_instances_100,3,2,0,10749113,0,0,101
engine_execution,dynamic_live_instances_100,3,2,1,10827669,0,0,101
engine_execution,dynamic_live_instances_100,3,2,2,11172207,0,0,101
engine_execution,dynamic_live_instances_100,3,2,3,10867743,0,0,101
engine_execution,dynamic_live_instances_100,3,2,4,10799206,0,0,101
engine_execution,dynamic_live_instances_100,3,2,5,10774446,0,0,101
engine_execution,dynamic_live_instances_100,3,2,6,10774261,0,0,101
engine_execution,dynamic_live_instances_100,3,2,7,10767280,0,0,101
engine_execution,dynamic_live_instances_100,3,2,8,10782057,0,0,101
engine_execution,dynamic_live_instances_100,3,2,9,10771132,0,0,101
engine_execution,dynamic_live_instances_100,3,2,10,10746280,0,0,101
engine_execution,dynamic_live_instances_100,3,2,11,10840539,0,0,101
engine_execution,dynamic_live_instances_100,3,2,12,10787761,0,0,101
engine_execution,dynamic_live_instances_100,3,2,13,10801280,0,0,101
engine_execution,dynamic_live_instances_100,3,2,14,10783705,0,0,101
engine_execution,dynamic_live_instances_100,3,2,15,10786632,0,0,101
engine_execution,dynamic_live_instances_100,3,2,16,10778039,0,0,101
engine_execution,dynamic_live_instances_100,3,2,17,10757891,0,0,101
engine_execution,dynamic_live_instances_100,3,2,18,10767279,0,0,101
engine_execution,dynamic_live_instances_100,3,2,19,10769446,0,0,101
engine_execution,dynamic_live_instances_100,3,2,20,10729224,0,0,101
engine_execution,dynamic_live_instances_100,3,2,21,10762076,0,0,101
engine_execution,dynamic_live_instances_100,3,2,22,10765650,0,0,101
engine_execution,dynamic_live_instances_100,3,2,23,10738539,0,0,101
engine_execution,dynamic_live_instances_100,3,2,24,10845150,0,0,101
engine_execution,dynamic_live_instances_100,3,2,25,11201300,0,0,101
engine_execution,dynamic_live_instances_100,3,2,26,10902132,0,0,101
engine_execution,dynamic_live_instances_100,3,2,27,10775132,0,0,101
engine_execution,dynamic_live_instances_100,3,2,28,10744335,0,0,101
engine_execution,dynamic_live_instances_100,3,2,29,10767391,0,0,101
engine_execution,dynamic_live_instances_100,3,2,30,10731835,0,0,101
engine_execution,dynamic_live_instances_100,3,2,31,10757131,0,0,101
engine_execution,dynamic_live_instances_100,3,2,32,10755501,0,0,101
engine_execution,dynamic_live_instances_100,3,2,33,10721965,0,0,101
engine_execution,dynamic_live_instances_100,3,2,34,10746094,0,0,101
engine_execution,dynamic_live_instances_100,3,2,35,10768557,0,0,101
engine_execution,dynamic_live_instances_100,3,2,36,10771169,0,0,101
engine_execution,dynamic_live_instances_100,3,2,37,11826580,0,0,101
engine_execution,dynamic_live_instances_100,3,2,38,11062077,0,0,101
engine_execution,dynamic_live_instances_100,3,2,39,10855705,0,0,101
engine_execution_alloc,dynamic_live_instances_100,3,2,100,0,68512,6238430,101
engine_execution,trace_default,100,99,0,907356,0,0,1
engine_execution,trace_default,100,99,1,905892,0,0,0
engine_execution,trace_default,100,99,2,903356,0,0,3
engine_execution,trace_default,100,99,3,904966,0,0,2
engine_execution,trace_default,100,99,4,914558,0,0,5
engine_execution,trace_default,100,99,5,903707,0,0,4
engine_execution,trace_default,100,99,6,901429,0,0,7
engine_execution,trace_default,100,99,7,908170,0,0,6
engine_execution,trace_default,100,99,8,914855,0,0,9
engine_execution,trace_default,100,99,9,1016448,0,0,8
engine_execution,trace_default,100,99,10,908504,0,0,11
engine_execution,trace_default,100,99,11,902781,0,0,10
engine_execution,trace_default,100,99,12,909966,0,0,13
engine_execution,trace_default,100,99,13,902244,0,0,12
engine_execution,trace_default,100,99,14,903522,0,0,15
engine_execution,trace_default,100,99,15,900855,0,0,14
engine_execution,trace_default,100,99,16,903725,0,0,17
engine_execution,trace_default,100,99,17,906448,0,0,16
engine_execution,trace_default,100,99,18,902410,0,0,19
engine_execution,trace_default,100,99,19,902614,0,0,18
engine_execution,trace_default,100,99,20,897744,0,0,21
engine_execution,trace_default,100,99,21,908596,0,0,20
engine_execution,trace_default,100,99,22,900300,0,0,23
engine_execution,trace_default,100,99,23,902985,0,0,22
engine_execution,trace_default,100,99,24,895614,0,0,25
engine_execution,trace_default,100,99,25,904837,0,0,24
engine_execution,trace_default,100,99,26,905429,0,0,27
engine_execution,trace_default,100,99,27,904170,0,0,26
engine_execution,trace_default,100,99,28,902299,0,0,29
engine_execution,trace_default,100,99,29,900910,0,0,28
engine_execution,trace_default,100,99,30,904577,0,0,31
engine_execution,trace_default,100,99,31,903892,0,0,30
engine_execution,trace_default,100,99,32,899910,0,0,33
engine_execution,trace_default,100,99,33,903522,0,0,32
engine_execution,trace_default,100,99,34,900262,0,0,35
engine_execution,trace_default,100,99,35,910152,0,0,34
engine_execution,trace_default,100,99,36,900484,0,0,37
engine_execution,trace_default,100,99,37,903003,0,0,36
engine_execution,trace_default,100,99,38,903855,0,0,39
engine_execution,trace_default,100,99,39,905578,0,0,38
engine_execution_alloc,trace_default,100,99,0,0,5983,769127,23131
engine_execution,trace_observer,100,99,0,904429,0,0,1
engine_execution,trace_observer,100,99,1,902781,0,0,0
engine_execution,trace_observer,100,99,2,904819,0,0,3
engine_execution,trace_observer,100,99,3,911040,0,0,2
engine_execution,trace_observer,100,99,4,903707,0,0,5
engine_execution,trace_observer,100,99,5,903077,0,0,4
engine_execution,trace_observer,100,99,6,903670,0,0,7
engine_execution,trace_observer,100,99,7,902189,0,0,6
engine_execution,trace_observer,100,99,8,910226,0,0,9
engine_execution,trace_observer,100,99,9,899244,0,0,8
engine_execution,trace_observer,100,99,10,904096,0,0,11
engine_execution,trace_observer,100,99,11,901893,0,0,10
engine_execution,trace_observer,100,99,12,912818,0,0,13
engine_execution,trace_observer,100,99,13,905188,0,0,12
engine_execution,trace_observer,100,99,14,901744,0,0,15
engine_execution,trace_observer,100,99,15,900022,0,0,14
engine_execution,trace_observer,100,99,16,908466,0,0,17
engine_execution,trace_observer,100,99,17,904133,0,0,16
engine_execution,trace_observer,100,99,18,903892,0,0,19
engine_execution,trace_observer,100,99,19,900188,0,0,18
engine_execution,trace_observer,100,99,20,901948,0,0,21
engine_execution,trace_observer,100,99,21,910188,0,0,20
engine_execution,trace_observer,100,99,22,902837,0,0,23
engine_execution,trace_observer,100,99,23,902022,0,0,22
engine_execution,trace_observer,100,99,24,900022,0,0,25
engine_execution,trace_observer,100,99,25,934744,0,0,24
engine_execution,trace_observer,100,99,26,924392,0,0,27
engine_execution,trace_observer,100,99,27,903799,0,0,26
engine_execution,trace_observer,100,99,28,918596,0,0,29
engine_execution,trace_observer,100,99,29,915670,0,0,28
engine_execution,trace_observer,100,99,30,906984,0,0,31
engine_execution,trace_observer,100,99,31,898226,0,0,30
engine_execution,trace_observer,100,99,32,905484,0,0,33
engine_execution,trace_observer,100,99,33,906948,0,0,32
engine_execution,trace_observer,100,99,34,922800,0,0,35
engine_execution,trace_observer,100,99,35,904152,0,0,34
engine_execution,trace_observer,100,99,36,924430,0,0,37
engine_execution,trace_observer,100,99,37,913930,0,0,36
engine_execution,trace_observer,100,99,38,915596,0,0,39
engine_execution,trace_observer,100,99,39,904485,0,0,38
engine_execution_alloc,trace_observer,100,99,0,0,5983,769127,23131
representative_application,application_hash_sdax,10,9,0,71111,0,0,8827501768403342007
representative_application,application_hash_sdax,10,9,1,69870,0,0,8951258580674472749
representative_application,application_hash_sdax,10,9,2,70259,0,0,18157584738022301124
representative_application,application_hash_sdax,10,9,3,70075,0,0,16093298964628915617
representative_application,application_hash_sdax,10,9,4,70519,0,0,4338024545885762412
representative_application,application_hash_sdax,10,9,5,70518,0,0,4989613096480112062
representative_application,application_hash_sdax,10,9,6,70056,0,0,14756605482753659039
representative_application,application_hash_sdax,10,9,7,70333,0,0,48615153832195890
representative_application,application_hash_sdax,10,9,8,70519,0,0,12897547982939568865
representative_application,application_hash_sdax,10,9,9,70000,0,0,6455468052857312123
representative_application,application_hash_sdax,10,9,10,69555,0,0,7461994257773924098
representative_application,application_hash_sdax,10,9,11,70537,0,0,3636896381673253623
representative_application,application_hash_sdax,10,9,12,70186,0,0,6793413810667899076
representative_application,application_hash_sdax,10,9,13,70519,0,0,12277190981714708308
representative_application,application_hash_sdax,10,9,14,70593,0,0,9683030269895486545
representative_application,application_hash_sdax,10,9,15,69444,0,0,9383150768291419922
representative_application,application_hash_sdax,10,9,16,70204,0,0,11312423361794011584
representative_application,application_hash_sdax,10,9,17,69741,0,0,18128183083347417488
representative_application,application_hash_sdax,10,9,18,70648,0,0,12087555839788357172
representative_application,application_hash_sdax,10,9,19,82741,0,0,13041129334982073488
representative_application,application_hash_sdax,10,9,20,70426,0,0,8384464984104957687
representative_application,application_hash_sdax,10,9,21,70167,0,0,10868783110269989825
representative_application,application_hash_sdax,10,9,22,69778,0,0,15668235844036064711
representative_application,application_hash_sdax,10,9,23,70408,0,0,4013874171971043560
representative_application,application_hash_sdax,10,9,24,70686,0,0,4203571749175062306
representative_application,application_hash_sdax,10,9,25,70463,0,0,10926854856726577928
representative_application,application_hash_sdax,10,9,26,70482,0,0,16212662351989052772
representative_application,application_hash_sdax,10,9,27,71445,0,0,11560519827294593319
representative_application,application_hash_sdax,10,9,28,69389,0,0,7617103062409141563
representative_application,application_hash_sdax,10,9,29,69167,0,0,15838086077383948403
representative_application,application_hash_sdax,10,9,30,69833,0,0,8116776606867456652
representative_application,application_hash_sdax,10,9,31,69704,0,0,11359474695907197805
representative_application,application_hash_sdax,10,9,32,69130,0,0,9168736860549268637
representative_application,application_hash_sdax,10,9,33,69704,0,0,16764612828771598240
representative_application,application_hash_sdax,10,9,34,69352,0,0,14255204493723425259
representative_application,application_hash_sdax,10,9,35,69723,0,0,3518369773145393400
representative_application,application_hash_sdax,10,9,36,69574,0,0,8965317550446050729
representative_application,application_hash_sdax,10,9,37,69797,0,0,16665962306655849748
representative_application,application_hash_sdax,10,9,38,69722,0,0,13342058531664200426
representative_application,application_hash_sdax,10,9,39,69463,0,0,18112928529687244317
representative_application_alloc,application_hash_sdax,10,9,0,0,654,66314,17601881740522758837
representative_application,application_hash_handwritten,10,9,0,1278,0,0,8827501768403342006
representative_application,application_hash_handwritten,10,9,1,1222,0,0,8951258580674472748
representative_application,application_hash_handwritten,10,9,2,1223,0,0,18157584738022301125
representative_application,application_hash_handwritten,10,9,3,1222,0,0,16093298964628915616
representative_application,application_hash_handwritten,10,9,4,1241,0,0,4338024545885762413
representative_application,application_hash_handwritten,10,9,5,1241,0,0,4989613096480112063
representative_application,application_hash_handwritten,10,9,6,1241,0,0,14756605482753659038
representative_application,application_hash_handwritten,10,9,7,1223,0,0,48615153832195891
representative_application,application_hash_handwritten,10,9,8,1241,0,0,12897547982939568864
representative_application,application_hash_handwritten,10,9,9,1240,0,0,6455468052857312122
representative_application,application_hash_handwritten,10,9,10,1222,0,0,7461994257773924099
representative_application,application_hash_handwritten,10,9,11,1240,0,0,3636896381673253622
representative_application,application_hash_handwritten,10,9,12,1222,0,0,6793413810667899077
representative_application,application_hash_handwritten,10,9,13,1240,0,0,12277190981714708309
representative_application,application_hash_handwritten,10,9,14,1222,0,0,9683030269895486544
representative_application,application_hash_handwritten,10,9,15,1241,0,0,9383150768291419923
representative_application,application_hash_handwritten,10,9,16,1222,0,0,11312423361794011585
representative_application,application_hash_handwritten,10,9,17,1352,0,0,18128183083347417489
representative_application,application_hash_handwritten,10,9,18,1223,0,0,12087555839788357173
representative_application,application_hash_handwritten,10,9,19,1241,0,0,13041129334982073489
representative_application,application_hash_handwritten,10,9,20,1223,0,0,8384464984104957686
representative_application,application_hash_handwritten,10,9,21,1241,0,0,10868783110269989824
representative_application,application_hash_handwritten,10,9,22,1222,0,0,15668235844036064710
representative_application,application_hash_handwritten,10,9,23,1241,0,0,4013874171971043561
representative_application,application_hash_handwritten,10,9,24,1222,0,0,4203571749175062307
representative_application,application_hash_handwritten,10,9,25,1222,0,0,10926854856726577929
representative_application,application_hash_handwritten,10,9,26,1241,0,0,16212662351989052773
representative_application,application_hash_handwritten,10,9,27,1222,0,0,11560519827294593318
representative_application,application_hash_handwritten,10,9,28,1667,0,0,7617103062409141562
representative_application,application_hash_handwritten,10,9,29,1241,0,0,15838086077383948402
representative_application,application_hash_handwritten,10,9,30,1223,0,0,8116776606867456653
representative_application,application_hash_handwritten,10,9,31,1241,0,0,11359474695907197804
representative_application,application_hash_handwritten,10,9,32,1222,0,0,9168736860549268636
representative_application,application_hash_handwritten,10,9,33,1241,0,0,16764612828771598241
representative_application,application_hash_handwritten,10,9,34,1222,0,0,14255204493723425258
representative_application,application_hash_handwritten,10,9,35,1241,0,0,3518369773145393401
representative_application,application_hash_handwritten,10,9,36,1222,0,0,8965317550446050728
representative_application,application_hash_handwritten,10,9,37,1241,0,0,16665962306655849749
representative_application,application_hash_handwritten,10,9,38,1222,0,0,13342058531664200427
representative_application,application_hash_handwritten,10,9,39,1240,0,0,18112928529687244316
representative_application,application_hash_sdax,100,99,0,913281,0,0,11698499080773063169
representative_application,application_hash_sdax,100,99,1,916892,0,0,1167273700599470746
representative_application,application_hash_sdax,100,99,2,916318,0,0,230717062559681466
representative_application,application_hash_sdax,100,99,3,920800,0,0,13461277124864170951
representative_application,application_hash_sdax,100,99,4,915467,0,0,1843089491647656604
representative_application,application_hash_sdax,100,99,5,913930,0,0,1884400405866327554
representative_application,application_hash_sdax,100,99,6,910633,0,0,15657071968087079792
representative_application,application_hash_sdax,100,99,7,921059,0,0,8136226820520416651
representative_application,application_hash_sdax,100,99,8,913948,0,0,9211086410723557827
representative_application,application_hash_sdax,100,99,9,913689,0,0,3206438314367023030
representative_application,application_hash_sdax,100,99,10,912910,0,0,5368241661201366769
representative_application,application_hash_sdax,100,99,11,914559,0,0,6168939717596367288
representative_application,application_hash_sdax,100,99,12,918022,0,0,14206662131410471245
representative_application,application_hash_sdax,100,99,13,914651,0,0,13119166869922341979
representative_application,application_hash_sdax,100,99,14,911096,0,0,13832537443924736586
representative_application,application_hash_sdax,100,99,15,913262,0,0,10215951684877506974
representative_application,application_hash_sdax,100,99,16,920559,0,0,5034229283543529572
representative_application,application_hash_sdax,100,99,17,912948,0,0,14677823012927430832
representative_application,application_hash_sdax,100,99,18,912244,0,0,13894612964717701903
representative_application,application_hash_sdax,100,99,19,912688,0,0,15583721593309401490
representative_application,application_hash_sdax,100,99,20,926855,0,0,6418842662590208827
representative_application,application_hash_sdax,100,99,21,914893,0,0,13631435880641776915
representative_application,application_hash_sdax,100,99,22,915966,0,0,17183653852698357092
representative_application,application_hash_sdax,100,99,23,906948,0,0,9274972455216937604
representative_application,application_hash_sdax,100,99,24,913022,0,0,9355792106790873694
representative_application,application_hash_sdax,100,99,25,917596,0,0,6870977820890846112
representative_application,application_hash_sdax,100,99,26,916836,0,0,7356228651156183227
representative_application,application_hash_sdax,100,99,27,912151,0,0,6496560239278517594
representative_application,application_hash_sdax,100,99,28,915911,0,0,1600470374967907333
representative_application,application_hash_sdax,100,99,29,920077,0,0,7749396622089507156
representative_application,application_hash_sdax,100,99,30,911467,0,0,5914597544721144955
representative_application,application_hash_sdax,100,99,31,910781,0,0,8593148281290798141
representative_application,application_hash_sdax,100,99,32,915189,0,0,17312262507819578044
representative_application,application_hash_sdax,100,99,33,917430,0,0,8449402800832754809
representative_application,application_hash_sdax,100,99,34,916670,0,0,3614604414420252231
representative_application,application_hash_sdax,100,99,35,913392,0,0,2366660716473973819
representative_application,application_hash_sdax,100,99,36,913281,0,0,8524431054321544385
representative_application,application_hash_sdax,100,99,37,913670,0,0,11652126080490940143
representative_application,application_hash_sdax,100,99,38,922152,0,0,7153169922785203679
representative_application,application_hash_sdax,100,99,39,916244,0,0,6082470906507506695
representative_application_alloc,application_hash_sdax,100,99,0,0,5983,772676,4889995614244325387
representative_application,application_hash_handwritten,100,99,0,13334,0,0,11698499080773063168
representative_application,application_hash_handwritten,100,99,1,13315,0,0,1167273700599470747
representative_application,application_hash_handwritten,100,99,2,13297,0,0,230717062559681467
representative_application,application_hash_handwritten,100,99,3,13296,0,0,13461277124864170950
representative_application,application_hash_handwritten,100,99,4,13314,0,0,1843089491647656605
representative_application,application_hash_handwritten,100,99,5,13315,0,0,1884400405866327555
representative_application,application_hash_handwritten,100,99,6,13296,0,0,15657071968087079793
representative_application,application_hash_handwritten,100,99,7,13315,0,0,8136226820520416650
representative_application,application_hash_handwritten,100,99,8,13315,0,0,9211086410723557826
representative_application,application_hash_handwritten,100,99,9,13297,0,0,3206438314367023031
representative_application,application_hash_handwritten,100,99,10,13315,0,0,5368241661201366768
representative_application,application_hash_handwritten,100,99,11,13296,0,0,6168939717596367289
representative_application,application_hash_handwritten,100,99,12,13315,0,0,14206662131410471244
representative_application,application_hash_handwritten,100,99,13,13315,0,0,13119166869922341978
representative_application,application_hash_handwritten,100,99,14,13297,0,0,13832537443924736587
representative_application,application_hash_handwritten,100,99,15,13315,0,0,10215951684877506975
representative_application,application_hash_handwritten,100,99,16,13296,0,0,5034229283543529573
representative_application,application_hash_handwritten,100,99,17,13314,0,0,14677823012927430833
representative_application,application_hash_handwritten,100,99,18,13296,0,0,13894612964717701902
representative_application,application_hash_handwritten,100,99,19,13297,0,0,15583721593309401491
representative_application,application_hash_handwritten,100,99,20,13315,0,0,6418842662590208826
representative_application,application_hash_handwritten,100,99,21,13296,0,0,13631435880641776914
representative_application,application_hash_handwritten,100,99,22,13314,0,0,17183653852698357093
representative_application,application_hash_handwritten,100,99,23,13296,0,0,9274972455216937605
representative_application,application_hash_handwritten,100,99,24,13315,0,0,9355792106790873695
representative_application,application_hash_handwritten,100,99,25,13297,0,0,6870977820890846113
representative_application,application_hash_handwritten,100,99,26,13315,0,0,7356228651156183226
representative_application,application_hash_handwritten,100,99,27,13296,0,0,6496560239278517595
representative_application,application_hash_handwritten,100,99,28,13315,0,0,1600470374967907332
representative_application,application_hash_handwritten,100,99,29,13315,0,0,7749396622089507157
representative_application,application_hash_handwritten,100,99,30,13297,0,0,5914597544721144954
representative_application,application_hash_handwritten,100,99,31,13315,0,0,8593148281290798140
representative_application,application_hash_handwritten,100,99,32,13315,0,0,17312262507819578045
representative_application,application_hash_handwritten,100,99,33,13315,0,0,8449402800832754808
representative_application,application_hash_handwritten,100,99,34,13315,0,0,3614604414420252230
representative_application,application_hash_handwritten,100,99,35,13315,0,0,2366660716473973818
representative_application,application_hash_handwritten,100,99,36,13296,0,0,8524431054321544384
representative_application,application_hash_handwritten,100,99,37,13315,0,0,11652126080490940142
representative_application,application_hash_handwritten,100,99,38,13296,0,0,7153169922785203678
representative_application,application_hash_handwritten,100,99,39,13297,0,0,6082470906507506694
