phase,workload,nodes,edges,sample,nanos,allocations,allocated_bytes,peak_live_bytes,retained_bytes,checksum
adapter_setup,current_thread_runtime,0,0,0,69722,0,0,0,0,0
adapter_setup,current_thread_runtime,0,0,1,3018,0,0,0,0,0
adapter_setup,current_thread_runtime,0,0,2,2815,0,0,0,0,0
adapter_setup,current_thread_runtime,0,0,3,2796,0,0,0,0,0
adapter_setup,current_thread_runtime,0,0,4,2888,0,0,0,0,0
adapter_setup,current_thread_runtime,0,0,5,2722,0,0,0,0,0
adapter_setup,current_thread_runtime,0,0,6,2796,0,0,0,0,0
adapter_setup,current_thread_runtime,0,0,7,2704,0,0,0,0,0
adapter_setup,current_thread_runtime,0,0,8,2926,0,0,0,0,0
adapter_setup,current_thread_runtime,0,0,9,2926,0,0,0,0,0
adapter_setup,current_thread_runtime,0,0,10,3278,0,0,0,0,0
adapter_setup,current_thread_runtime,0,0,11,3371,0,0,0,0,0
adapter_setup,current_thread_runtime,0,0,12,3463,0,0,0,0,0
adapter_setup,current_thread_runtime,0,0,13,3759,0,0,0,0,0
adapter_setup,current_thread_runtime,0,0,14,3148,0,0,0,0,0
adapter_setup,current_thread_runtime,0,0,15,3333,0,0,0,0,0
adapter_setup,current_thread_runtime,0,0,16,3129,0,0,0,0,0
adapter_setup,current_thread_runtime,0,0,17,3018,0,0,0,0,0
adapter_setup,current_thread_runtime,0,0,18,3130,0,0,0,0,0
adapter_setup,current_thread_runtime,0,0,19,3222,0,0,0,0,0
adapter_setup,current_thread_runtime,0,0,20,3574,0,0,0,0,0
adapter_setup,current_thread_runtime,0,0,21,3000,0,0,0,0,0
adapter_setup,current_thread_runtime,0,0,22,3111,0,0,0,0,0
adapter_setup,current_thread_runtime,0,0,23,3130,0,0,0,0,0
adapter_setup,current_thread_runtime,0,0,24,3074,0,0,0,0,0
adapter_setup,current_thread_runtime,0,0,25,3055,0,0,0,0,0
adapter_setup,current_thread_runtime,0,0,26,3055,0,0,0,0,0
adapter_setup,current_thread_runtime,0,0,27,3092,0,0,0,0,0
adapter_setup,current_thread_runtime,0,0,28,3037,0,0,0,0,0
adapter_setup,current_thread_runtime,0,0,29,3112,0,0,0,0,0
adapter_setup,current_thread_runtime,0,0,30,3093,0,0,0,0,0
adapter_setup,current_thread_runtime,0,0,31,3056,0,0,0,0,0
adapter_setup,current_thread_runtime,0,0,32,3130,0,0,0,0,0
adapter_setup,current_thread_runtime,0,0,33,3333,0,0,0,0,0
adapter_setup,current_thread_runtime,0,0,34,3278,0,0,0,0,0
adapter_setup,current_thread_runtime,0,0,35,3112,0,0,0,0,0
adapter_setup,current_thread_runtime,0,0,36,3685,0,0,0,0,0
adapter_setup,current_thread_runtime,0,0,37,3019,0,0,0,0,0
adapter_setup,current_thread_runtime,0,0,38,3277,0,0,0,0,0
adapter_setup,current_thread_runtime,0,0,39,3074,0,0,0,0,0
fixture_generation,graph_chain,1,0,0,555,0,0,0,0,5
fixture_generation,graph_chain,1,0,1,444,0,0,0,0,5
fixture_generation,graph_chain,1,0,2,537,0,0,0,0,5
fixture_generation,graph_chain,1,0,3,371,0,0,0,0,5
fixture_generation,graph_chain,1,0,4,408,0,0,0,0,5
fixture_generation,graph_chain,1,0,5,370,0,0,0,0,5
fixture_generation,graph_chain,1,0,6,370,0,0,0,0,5
fixture_generation,graph_chain,1,0,7,371,0,0,0,0,5
fixture_generation,graph_chain,1,0,8,371,0,0,0,0,5
fixture_generation,graph_chain,1,0,9,352,0,0,0,0,5
fixture_generation,graph_chain,1,0,10,370,0,0,0,0,5
fixture_generation,graph_chain,1,0,11,389,0,0,0,0,5
fixture_generation,graph_chain,1,0,12,352,0,0,0,0,5
fixture_generation,graph_chain,1,0,13,371,0,0,0,0,5
fixture_generation,graph_chain,1,0,14,371,0,0,0,0,5
fixture_generation,graph_chain,1,0,15,352,0,0,0,0,5
fixture_generation,graph_chain,1,0,16,389,0,0,0,0,5
fixture_generation,graph_chain,1,0,17,370,0,0,0,0,5
fixture_generation,graph_chain,1,0,18,352,0,0,0,0,5
fixture_generation,graph_chain,1,0,19,371,0,0,0,0,5
plan_build,graph_chain,1,0,0,9593,0,0,0,0,11
plan_build,graph_chain,1,0,1,4463,0,0,0,0,11
plan_build,graph_chain,1,0,2,4018,0,0,0,0,11
plan_build,graph_chain,1,0,3,3611,0,0,0,0,11
plan_build,graph_chain,1,0,4,3592,0,0,0,0,11
plan_build,graph_chain,1,0,5,3518,0,0,0,0,11
plan_build,graph_chain,1,0,6,3556,0,0,0,0,11
plan_build,graph_chain,1,0,7,3500,0,0,0,0,11
plan_build,graph_chain,1,0,8,3592,0,0,0,0,11
plan_build,graph_chain,1,0,9,3741,0,0,0,0,11
plan_build,graph_chain,1,0,10,3463,0,0,0,0,11
plan_build,graph_chain,1,0,11,3481,0,0,0,0,11
plan_build,graph_chain,1,0,12,3537,0,0,0,0,11
plan_build,graph_chain,1,0,13,3518,0,0,0,0,11
plan_build,graph_chain,1,0,14,3500,0,0,0,0,11
plan_build,graph_chain,1,0,15,3445,0,0,0,0,11
plan_build,graph_chain,1,0,16,3519,0,0,0,0,11
plan_build,graph_chain,1,0,17,4167,0,0,0,0,11
plan_build,graph_chain,1,0,18,3556,0,0,0,0,11
plan_build,graph_chain,1,0,19,3889,0,0,0,0,11
plan_build_alloc,graph_chain,1,0,0,0,36,6762,0,0,11
plan_declaration,graph_chain,1,0,0,2500,0,0,0,0,1
plan_validation_freeze,graph_chain,1,0,0,2759,0,0,0,0,11
plan_declaration,graph_chain,1,0,1,1686,0,0,0,0,1
plan_validation_freeze,graph_chain,1,0,1,2686,0,0,0,0,11
plan_declaration,graph_chain,1,0,2,1667,0,0,0,0,1
plan_validation_freeze,graph_chain,1,0,2,2685,0,0,0,0,11
plan_declaration,graph_chain,1,0,3,1704,0,0,0,0,1
plan_validation_freeze,graph_chain,1,0,3,2722,0,0,0,0,11
plan_declaration,graph_chain,1,0,4,1629,0,0,0,0,1
plan_validation_freeze,graph_chain,1,0,4,2630,0,0,0,0,11
plan_declaration,graph_chain,1,0,5,1667,0,0,0,0,1
plan_validation_freeze,graph_chain,1,0,5,2667,0,0,0,0,11
plan_declaration,graph_chain,1,0,6,1741,0,0,0,0,1
plan_validation_freeze,graph_chain,1,0,6,2722,0,0,0,0,11
plan_declaration,graph_chain,1,0,7,1686,0,0,0,0,1
plan_validation_freeze,graph_chain,1,0,7,2611,0,0,0,0,11
plan_declaration,graph_chain,1,0,8,1593,0,0,0,0,1
plan_validation_freeze,graph_chain,1,0,8,2592,0,0,0,0,11
plan_declaration,graph_chain,1,0,9,1574,0,0,0,0,1
plan_validation_freeze,graph_chain,1,0,9,2649,0,0,0,0,11
plan_declaration,graph_chain,1,0,10,1685,0,0,0,0,1
plan_validation_freeze,graph_chain,1,0,10,2630,0,0,0,0,11
plan_declaration,graph_chain,1,0,11,1630,0,0,0,0,1
plan_validation_freeze,graph_chain,1,0,11,2667,0,0,0,0,11
plan_declaration,graph_chain,1,0,12,1686,0,0,0,0,1
plan_validation_freeze,graph_chain,1,0,12,2630,0,0,0,0,11
plan_declaration,graph_chain,1,0,13,1592,0,0,0,0,1
plan_validation_freeze,graph_chain,1,0,13,2649,0,0,0,0,11
plan_declaration,graph_chain,1,0,14,1667,0,0,0,0,1
plan_validation_freeze,graph_chain,1,0,14,2685,0,0,0,0,11
plan_declaration,graph_chain,1,0,15,1630,0,0,0,0,1
plan_validation_freeze,graph_chain,1,0,15,2574,0,0,0,0,11
plan_declaration,graph_chain,1,0,16,1593,0,0,0,0,1
plan_validation_freeze,graph_chain,1,0,16,2704,0,0,0,0,11
plan_declaration,graph_chain,1,0,17,1926,0,0,0,0,1
plan_validation_freeze,graph_chain,1,0,17,2722,0,0,0,0,11
plan_declaration,graph_chain,1,0,18,1871,0,0,0,0,1
plan_validation_freeze,graph_chain,1,0,18,2833,0,0,0,0,11
plan_declaration,graph_chain,1,0,19,2000,0,0,0,0,1
plan_validation_freeze,graph_chain,1,0,19,2777,0,0,0,0,11
plan_declaration_alloc,graph_chain,1,0,0,0,16,2178,0,0,1
plan_validation_freeze_alloc,graph_chain,1,0,0,0,20,4584,0,0,11
engine_execution,graph_chain,1,0,0,16778,0,0,0,0,1
engine_execution,graph_chain,1,0,1,17018,0,0,0,0,0
engine_execution,graph_chain,1,0,2,18056,0,0,0,0,3
engine_execution,graph_chain,1,0,3,17111,0,0,0,0,2
engine_execution,graph_chain,1,0,4,17333,0,0,0,0,5
engine_execution,graph_chain,1,0,5,17592,0,0,0,0,4
engine_execution,graph_chain,1,0,6,16685,0,0,0,0,7
engine_execution,graph_chain,1,0,7,17241,0,0,0,0,6
engine_execution,graph_chain,1,0,8,17333,0,0,0,0,9
engine_execution,graph_chain,1,0,9,17167,0,0,0,0,8
engine_execution,graph_chain,1,0,10,17037,0,0,0,0,11
engine_execution,graph_chain,1,0,11,16982,0,0,0,0,10
engine_execution,graph_chain,1,0,12,17074,0,0,0,0,13
engine_execution,graph_chain,1,0,13,16889,0,0,0,0,12
engine_execution,graph_chain,1,0,14,16741,0,0,0,0,15
engine_execution,graph_chain,1,0,15,16759,0,0,0,0,14
engine_execution,graph_chain,1,0,16,17018,0,0,0,0,17
engine_execution,graph_chain,1,0,17,17019,0,0,0,0,16
engine_execution,graph_chain,1,0,18,16889,0,0,0,0,19
engine_execution,graph_chain,1,0,19,17056,0,0,0,0,18
engine_execution,graph_chain,1,0,20,17334,0,0,0,0,21
engine_execution,graph_chain,1,0,21,17444,0,0,0,0,20
engine_execution,graph_chain,1,0,22,17666,0,0,0,0,23
engine_execution,graph_chain,1,0,23,17259,0,0,0,0,22
engine_execution,graph_chain,1,0,24,16834,0,0,0,0,25
engine_execution,graph_chain,1,0,25,16500,0,0,0,0,24
engine_execution,graph_chain,1,0,26,16519,0,0,0,0,27
engine_execution,graph_chain,1,0,27,16592,0,0,0,0,26
engine_execution,graph_chain,1,0,28,16777,0,0,0,0,29
engine_execution,graph_chain,1,0,29,16612,0,0,0,0,28
engine_execution,graph_chain,1,0,30,16945,0,0,0,0,31
engine_execution,graph_chain,1,0,31,17759,0,0,0,0,30
engine_execution,graph_chain,1,0,32,17408,0,0,0,0,33
engine_execution,graph_chain,1,0,33,16963,0,0,0,0,32
engine_execution,graph_chain,1,0,34,17185,0,0,0,0,35
engine_execution,graph_chain,1,0,35,17055,0,0,0,0,34
engine_execution,graph_chain,1,0,36,16722,0,0,0,0,37
engine_execution,graph_chain,1,0,37,16741,0,0,0,0,36
engine_execution,graph_chain,1,0,38,16963,0,0,0,0,39
engine_execution,graph_chain,1,0,39,17000,0,0,0,0,38
engine_execution_alloc,graph_chain,1,0,0,0,102,11796,0,0,23131
machine_state_setup,graph_chain,1,0,0,889,0,0,0,0,1
body_state_setup,graph_chain,1,0,0,648,0,0,0,0,0
machine_state_setup,graph_chain,1,0,1,593,0,0,0,0,1
body_state_setup,graph_chain,1,0,1,556,0,0,0,0,0
machine_state_setup,graph_chain,1,0,2,574,0,0,0,0,1
body_state_setup,graph_chain,1,0,2,777,0,0,0,0,0
machine_state_setup,graph_chain,1,0,3,500,0,0,0,0,1
body_state_setup,graph_chain,1,0,3,518,0,0,0,0,0
machine_state_setup,graph_chain,1,0,4,518,0,0,0,0,1
body_state_setup,graph_chain,1,0,4,630,0,0,0,0,0
machine_state_setup,graph_chain,1,0,5,500,0,0,0,0,1
body_state_setup,graph_chain,1,0,5,537,0,0,0,0,0
machine_state_setup,graph_chain,1,0,6,537,0,0,0,0,1
body_state_setup,graph_chain,1,0,6,500,0,0,0,0,0
machine_state_setup,graph_chain,1,0,7,519,0,0,0,0,1
body_state_setup,graph_chain,1,0,7,704,0,0,0,0,0
machine_state_setup,graph_chain,1,0,8,630,0,0,0,0,1
body_state_setup,graph_chain,1,0,8,629,0,0,0,0,0
machine_state_setup,graph_chain,1,0,9,556,0,0,0,0,1
body_state_setup,graph_chain,1,0,9,630,0,0,0,0,0
machine_state_setup,graph_chain,1,0,10,537,0,0,0,0,1
body_state_setup,graph_chain,1,0,10,630,0,0,0,0,0
machine_state_setup,graph_chain,1,0,11,667,0,0,0,0,1
body_state_setup,graph_chain,1,0,11,593,0,0,0,0,0
machine_state_setup,graph_chain,1,0,12,537,0,0,0,0,1
body_state_setup,graph_chain,1,0,12,519,0,0,0,0,0
machine_state_setup,graph_chain,1,0,13,519,0,0,0,0,1
body_state_setup,graph_chain,1,0,13,575,0,0,0,0,0
machine_state_setup,graph_chain,1,0,14,592,0,0,0,0,1
body_state_setup,graph_chain,1,0,14,537,0,0,0,0,0
machine_state_setup,graph_chain,1,0,15,500,0,0,0,0,1
body_state_setup,graph_chain,1,0,15,556,0,0,0,0,0
machine_state_setup,graph_chain,1,0,16,500,0,0,0,0,1
body_state_setup,graph_chain,1,0,16,611,0,0,0,0,0
machine_state_setup,graph_chain,1,0,17,612,0,0,0,0,1
body_state_setup,graph_chain,1,0,17,537,0,0,0,0,0
machine_state_setup,graph_chain,1,0,18,518,0,0,0,0,1
body_state_setup,graph_chain,1,0,18,500,0,0,0,0,0
machine_state_setup,graph_chain,1,0,19,500,0,0,0,0,1
body_state_setup,graph_chain,1,0,19,556,0,0,0,0,0
machine_state_setup,graph_chain,1,0,20,537,0,0,0,0,1
body_state_setup,graph_chain,1,0,20,630,0,0,0,0,0
machine_state_setup,graph_chain,1,0,21,518,0,0,0,0,1
body_state_setup,graph_chain,1,0,21,555,0,0,0,0,0
machine_state_setup,graph_chain,1,0,22,500,0,0,0,0,1
body_state_setup,graph_chain,1,0,22,556,0,0,0,0,0
machine_state_setup,graph_chain,1,0,23,518,0,0,0,0,1
body_state_setup,graph_chain,1,0,23,574,0,0,0,0,0
machine_state_setup,graph_chain,1,0,24,519,0,0,0,0,1
body_state_setup,graph_chain,1,0,24,629,0,0,0,0,0
machine_state_setup,graph_chain,1,0,25,481,0,0,0,0,1
body_state_setup,graph_chain,1,0,25,555,0,0,0,0,0
machine_state_setup,graph_chain,1,0,26,500,0,0,0,0,1
body_state_setup,graph_chain,1,0,26,556,0,0,0,0,0
machine_state_setup,graph_chain,1,0,27,500,0,0,0,0,1
body_state_setup,graph_chain,1,0,27,574,0,0,0,0,0
machine_state_setup,graph_chain,1,0,28,518,0,0,0,0,1
body_state_setup,graph_chain,1,0,28,611,0,0,0,0,0
machine_state_setup,graph_chain,1,0,29,518,0,0,0,0,1
body_state_setup,graph_chain,1,0,29,593,0,0,0,0,0
machine_state_setup,graph_chain,1,0,30,500,0,0,0,0,1
body_state_setup,graph_chain,1,0,30,556,0,0,0,0,0
machine_state_setup,graph_chain,1,0,31,500,0,0,0,0,1
body_state_setup,graph_chain,1,0,31,555,0,0,0,0,0
machine_state_setup,graph_chain,1,0,32,519,0,0,0,0,1
body_state_setup,graph_chain,1,0,32,574,0,0,0,0,0
machine_state_setup,graph_chain,1,0,33,500,0,0,0,0,1
body_state_setup,graph_chain,1,0,33,575,0,0,0,0,0
machine_state_setup,graph_chain,1,0,34,500,0,0,0,0,1
body_state_setup,graph_chain,1,0,34,537,0,0,0,0,0
machine_state_setup,graph_chain,1,0,35,519,0,0,0,0,1
body_state_setup,graph_chain,1,0,35,593,0,0,0,0,0
machine_state_setup,graph_chain,1,0,36,500,0,0,0,0,1
body_state_setup,graph_chain,1,0,36,611,0,0,0,0,0
machine_state_setup,graph_chain,1,0,37,518,0,0,0,0,1
body_state_setup,graph_chain,1,0,37,556,0,0,0,0,0
machine_state_setup,graph_chain,1,0,38,500,0,0,0,0,1
body_state_setup,graph_chain,1,0,38,518,0,0,0,0,0
machine_state_setup,graph_chain,1,0,39,518,0,0,0,0,1
body_state_setup,graph_chain,1,0,39,574,0,0,0,0,0
pure_machine_events_preseeded,graph_chain,1,0,0,5186,0,0,0,0,1
pure_machine_events_preseeded,graph_chain,1,0,1,3296,0,0,0,0,1
pure_machine_events_preseeded,graph_chain,1,0,2,2889,0,0,0,0,1
pure_machine_events_preseeded,graph_chain,1,0,3,2833,0,0,0,0,1
pure_machine_events_preseeded,graph_chain,1,0,4,2796,0,0,0,0,1
pure_machine_events_preseeded,graph_chain,1,0,5,2797,0,0,0,0,1
pure_machine_events_preseeded,graph_chain,1,0,6,2796,0,0,0,0,1
pure_machine_events_preseeded,graph_chain,1,0,7,2926,0,0,0,0,1
pure_machine_events_preseeded,graph_chain,1,0,8,2815,0,0,0,0,1
pure_machine_events_preseeded,graph_chain,1,0,9,2833,0,0,0,0,1
pure_machine_events_preseeded,graph_chain,1,0,10,2759,0,0,0,0,1
pure_machine_events_preseeded,graph_chain,1,0,11,2759,0,0,0,0,1
pure_machine_events_preseeded,graph_chain,1,0,12,2741,0,0,0,0,1
pure_machine_events_preseeded,graph_chain,1,0,13,3166,0,0,0,0,1
pure_machine_events_preseeded,graph_chain,1,0,14,2870,0,0,0,0,1
pure_machine_events_preseeded,graph_chain,1,0,15,2778,0,0,0,0,1
pure_machine_events_preseeded,graph_chain,1,0,16,2797,0,0,0,0,1
pure_machine_events_preseeded,graph_chain,1,0,17,2777,0,0,0,0,1
pure_machine_events_preseeded,graph_chain,1,0,18,2797,0,0,0,0,1
pure_machine_events_preseeded,graph_chain,1,0,19,2740,0,0,0,0,1
pure_machine_events_preseeded,graph_chain,1,0,20,2741,0,0,0,0,1
pure_machine_events_preseeded,graph_chain,1,0,21,2796,0,0,0,0,1
pure_machine_events_preseeded,graph_chain,1,0,22,2796,0,0,0,0,1
pure_machine_events_preseeded,graph_chain,1,0,23,2796,0,0,0,0,1
pure_machine_events_preseeded,graph_chain,1,0,24,2797,0,0,0,0,1
pure_machine_events_preseeded,graph_chain,1,0,25,2759,0,0,0,0,1
pure_machine_events_preseeded,graph_chain,1,0,26,2759,0,0,0,0,1
pure_machine_events_preseeded,graph_chain,1,0,27,2759,0,0,0,0,1
pure_machine_events_preseeded,graph_chain,1,0,28,2741,0,0,0,0,1
pure_machine_events_preseeded,graph_chain,1,0,29,2759,0,0,0,0,1
pure_machine_events_preseeded,graph_chain,1,0,30,2741,0,0,0,0,1
pure_machine_events_preseeded,graph_chain,1,0,31,2759,0,0,0,0,1
pure_machine_events_preseeded,graph_chain,1,0,32,2833,0,0,0,0,1
pure_machine_events_preseeded,graph_chain,1,0,33,2759,0,0,0,0,1
pure_machine_events_preseeded,graph_chain,1,0,34,2759,0,0,0,0,1
pure_machine_events_preseeded,graph_chain,1,0,35,2722,0,0,0,0,1
pure_machine_events_preseeded,graph_chain,1,0,36,2778,0,0,0,0,1
pure_machine_events_preseeded,graph_chain,1,0,37,2741,0,0,0,0,1
pure_machine_events_preseeded,graph_chain,1,0,38,2741,0,0,0,0,1
pure_machine_events_preseeded,graph_chain,1,0,39,2722,0,0,0,0,1
fixture_generation,graph_wide,1,0,0,426,0,0,0,0,5
fixture_generation,graph_wide,1,0,1,334,0,0,0,0,5
fixture_generation,graph_wide,1,0,2,315,0,0,0,0,5
fixture_generation,graph_wide,1,0,3,296,0,0,0,0,5
fixture_generation,graph_wide,1,0,4,370,0,0,0,0,5
fixture_generation,graph_wide,1,0,5,297,0,0,0,0,5
fixture_generation,graph_wide,1,0,6,500,0,0,0,0,5
fixture_generation,graph_wide,1,0,7,518,0,0,0,0,5
fixture_generation,graph_wide,1,0,8,352,0,0,0,0,5
fixture_generation,graph_wide,1,0,9,351,0,0,0,0,5
fixture_generation,graph_wide,1,0,10,333,0,0,0,0,5
fixture_generation,graph_wide,1,0,11,333,0,0,0,0,5
fixture_generation,graph_wide,1,0,12,333,0,0,0,0,5
fixture_generation,graph_wide,1,0,13,333,0,0,0,0,5
fixture_generation,graph_wide,1,0,14,389,0,0,0,0,5
fixture_generation,graph_wide,1,0,15,463,0,0,0,0,5
fixture_generation,graph_wide,1,0,16,333,0,0,0,0,5
fixture_generation,graph_wide,1,0,17,333,0,0,0,0,5
fixture_generation,graph_wide,1,0,18,333,0,0,0,0,5
fixture_generation,graph_wide,1,0,19,334,0,0,0,0,5
plan_build,graph_wide,1,0,0,8037,0,0,0,0,10
plan_build,graph_wide,1,0,1,4389,0,0,0,0,10
plan_build,graph_wide,1,0,2,4000,0,0,0,0,10
plan_build,graph_wide,1,0,3,3889,0,0,0,0,10
plan_build,graph_wide,1,0,4,3889,0,0,0,0,10
plan_build,graph_wide,1,0,5,3908,0,0,0,0,10
plan_build,graph_wide,1,0,6,3815,0,0,0,0,10
plan_build,graph_wide,1,0,7,3908,0,0,0,0,10
plan_build,graph_wide,1,0,8,3870,0,0,0,0,10
plan_build,graph_wide,1,0,9,3852,0,0,0,0,10
plan_build,graph_wide,1,0,10,3871,0,0,0,0,10
plan_build,graph_wide,1,0,11,3889,0,0,0,0,10
plan_build,graph_wide,1,0,12,3833,0,0,0,0,10
plan_build,graph_wide,1,0,13,3888,0,0,0,0,10
plan_build,graph_wide,1,0,14,3833,0,0,0,0,10
plan_build,graph_wide,1,0,15,4019,0,0,0,0,10
plan_build,graph_wide,1,0,16,3870,0,0,0,0,10
plan_build,graph_wide,1,0,17,3871,0,0,0,0,10
plan_build,graph_wide,1,0,18,3889,0,0,0,0,10
plan_build,graph_wide,1,0,19,3982,0,0,0,0,10
plan_build_alloc,graph_wide,1,0,0,0,36,6760,0,0,10
plan_declaration,graph_wide,1,0,0,2241,0,0,0,0,1
plan_validation_freeze,graph_wide,1,0,0,2722,0,0,0,0,10
plan_declaration,graph_wide,1,0,1,1797,0,0,0,0,1
plan_validation_freeze,graph_wide,1,0,1,2685,0,0,0,0,10
plan_declaration,graph_wide,1,0,2,1759,0,0,0,0,1
plan_validation_freeze,graph_wide,1,0,2,2649,0,0,0,0,10
plan_declaration,graph_wide,1,0,3,1759,0,0,0,0,1
plan_validation_freeze,graph_wide,1,0,3,2629,0,0,0,0,10
plan_declaration,graph_wide,1,0,4,1833,0,0,0,0,1
plan_validation_freeze,graph_wide,1,0,4,2629,0,0,0,0,10
plan_declaration,graph_wide,1,0,5,1852,0,0,0,0,1
plan_validation_freeze,graph_wide,1,0,5,2666,0,0,0,0,10
plan_declaration,graph_wide,1,0,6,1741,0,0,0,0,1
plan_validation_freeze,graph_wide,1,0,6,2704,0,0,0,0,10
plan_declaration,graph_wide,1,0,7,1778,0,0,0,0,1
plan_validation_freeze,graph_wide,1,0,7,2704,0,0,0,0,10
plan_declaration,graph_wide,1,0,8,1833,0,0,0,0,1
plan_validation_freeze,graph_wide,1,0,8,2703,0,0,0,0,10
plan_declaration,graph_wide,1,0,9,1796,0,0,0,0,1
plan_validation_freeze,graph_wide,1,0,9,2648,0,0,0,0,10
plan_declaration,graph_wide,1,0,10,1797,0,0,0,0,1
plan_validation_freeze,graph_wide,1,0,10,2629,0,0,0,0,10
plan_declaration,graph_wide,1,0,11,1759,0,0,0,0,1
plan_validation_freeze,graph_wide,1,0,11,2778,0,0,0,0,10
plan_declaration,graph_wide,1,0,12,1796,0,0,0,0,1
plan_validation_freeze,graph_wide,1,0,12,2630,0,0,0,0,10
plan_declaration,graph_wide,1,0,13,1778,0,0,0,0,1
plan_validation_freeze,graph_wide,1,0,13,2630,0,0,0,0,10
plan_declaration,graph_wide,1,0,14,1796,0,0,0,0,1
plan_validation_freeze,graph_wide,1,0,14,2629,0,0,0,0,10
plan_declaration,graph_wide,1,0,15,1778,0,0,0,0,1
plan_validation_freeze,graph_wide,1,0,15,2667,0,0,0,0,10
plan_declaration,graph_wide,1,0,16,1778,0,0,0,0,1
plan_validation_freeze,graph_wide,1,0,16,2648,0,0,0,0,10
plan_declaration,graph_wide,1,0,17,1778,0,0,0,0,1
plan_validation_freeze,graph_wide,1,0,17,2611,0,0,0,0,10
plan_declaration,graph_wide,1,0,18,1797,0,0,0,0,1
plan_validation_freeze,graph_wide,1,0,18,2685,0,0,0,0,10
plan_declaration,graph_wide,1,0,19,29963,0,0,0,0,1
plan_validation_freeze,graph_wide,1,0,19,3944,0,0,0,0,10
plan_declaration_alloc,graph_wide,1,0,0,0,16,2177,0,0,1
plan_validation_freeze_alloc,graph_wide,1,0,0,0,20,4583,0,0,10
engine_execution,graph_wide,1,0,0,16963,0,0,0,0,1
engine_execution,graph_wide,1,0,1,16889,0,0,0,0,0
engine_execution,graph_wide,1,0,2,16926,0,0,0,0,3
engine_execution,graph_wide,1,0,3,16834,0,0,0,0,2
engine_execution,graph_wide,1,0,4,17556,0,0,0,0,5
engine_execution,graph_wide,1,0,5,16963,0,0,0,0,4
engine_execution,graph_wide,1,0,6,17407,0,0,0,0,7
engine_execution,graph_wide,1,0,7,16741,0,0,0,0,6
engine_execution,graph_wide,1,0,8,17222,0,0,0,0,9
engine_execution,graph_wide,1,0,9,16667,0,0,0,0,8
engine_execution,graph_wide,1,0,10,16778,0,0,0,0,11
engine_execution,graph_wide,1,0,11,17019,0,0,0,0,10
engine_execution,graph_wide,1,0,12,16870,0,0,0,0,13
engine_execution,graph_wide,1,0,13,16926,0,0,0,0,12
engine_execution,graph_wide,1,0,14,16778,0,0,0,0,15
engine_execution,graph_wide,1,0,15,17130,0,0,0,0,14
engine_execution,graph_wide,1,0,16,16926,0,0,0,0,17
engine_execution,graph_wide,1,0,17,16833,0,0,0,0,16
engine_execution,graph_wide,1,0,18,16796,0,0,0,0,19
engine_execution,graph_wide,1,0,19,17092,0,0,0,0,18
engine_execution,graph_wide,1,0,20,17519,0,0,0,0,21
engine_execution,graph_wide,1,0,21,16666,0,0,0,0,20
engine_execution,graph_wide,1,0,22,17019,0,0,0,0,23
engine_execution,graph_wide,1,0,23,17018,0,0,0,0,22
engine_execution,graph_wide,1,0,24,17000,0,0,0,0,25
engine_execution,graph_wide,1,0,25,16741,0,0,0,0,24
engine_execution,graph_wide,1,0,26,17037,0,0,0,0,27
engine_execution,graph_wide,1,0,27,17056,0,0,0,0,26
engine_execution,graph_wide,1,0,28,16834,0,0,0,0,29
engine_execution,graph_wide,1,0,29,17167,0,0,0,0,28
engine_execution,graph_wide,1,0,30,16944,0,0,0,0,31
engine_execution,graph_wide,1,0,31,16833,0,0,0,0,30
engine_execution,graph_wide,1,0,32,17111,0,0,0,0,33
engine_execution,graph_wide,1,0,33,16815,0,0,0,0,32
engine_execution,graph_wide,1,0,34,17130,0,0,0,0,35
engine_execution,graph_wide,1,0,35,17204,0,0,0,0,34
engine_execution,graph_wide,1,0,36,17315,0,0,0,0,37
engine_execution,graph_wide,1,0,37,16926,0,0,0,0,36
engine_execution,graph_wide,1,0,38,16685,0,0,0,0,39
engine_execution,graph_wide,1,0,39,16778,0,0,0,0,38
engine_execution_alloc,graph_wide,1,0,0,0,102,11795,0,0,23131
machine_state_setup,graph_wide,1,0,0,722,0,0,0,0,1
body_state_setup,graph_wide,1,0,0,648,0,0,0,0,0
machine_state_setup,graph_wide,1,0,1,574,0,0,0,0,1
body_state_setup,graph_wide,1,0,1,519,0,0,0,0,0
machine_state_setup,graph_wide,1,0,2,500,0,0,0,0,1
body_state_setup,graph_wide,1,0,2,630,0,0,0,0,0
machine_state_setup,graph_wide,1,0,3,519,0,0,0,0,1
body_state_setup,graph_wide,1,0,3,481,0,0,0,0,0
machine_state_setup,graph_wide,1,0,4,518,0,0,0,0,1
body_state_setup,graph_wide,1,0,4,574,0,0,0,0,0
machine_state_setup,graph_wide,1,0,5,519,0,0,0,0,1
body_state_setup,graph_wide,1,0,5,722,0,0,0,0,0
machine_state_setup,graph_wide,1,0,6,611,0,0,0,0,1
body_state_setup,graph_wide,1,0,6,593,0,0,0,0,0
machine_state_setup,graph_wide,1,0,7,685,0,0,0,0,1
body_state_setup,graph_wide,1,0,7,556,0,0,0,0,0
machine_state_setup,graph_wide,1,0,8,537,0,0,0,0,1
body_state_setup,graph_wide,1,0,8,537,0,0,0,0,0
machine_state_setup,graph_wide,1,0,9,518,0,0,0,0,1
body_state_setup,graph_wide,1,0,9,537,0,0,0,0,0
machine_state_setup,graph_wide,1,0,10,518,0,0,0,0,1
body_state_setup,graph_wide,1,0,10,629,0,0,0,0,0
machine_state_setup,graph_wide,1,0,11,537,0,0,0,0,1
body_state_setup,graph_wide,1,0,11,630,0,0,0,0,0
machine_state_setup,graph_wide,1,0,12,519,0,0,0,0,1
body_state_setup,graph_wide,1,0,12,519,0,0,0,0,0
machine_state_setup,graph_wide,1,0,13,519,0,0,0,0,1
body_state_setup,graph_wide,1,0,13,518,0,0,0,0,0
machine_state_setup,graph_wide,1,0,14,500,0,0,0,0,1
body_state_setup,graph_wide,1,0,14,537,0,0,0,0,0
machine_state_setup,graph_wide,1,0,15,500,0,0,0,0,1
body_state_setup,graph_wide,1,0,15,519,0,0,0,0,0
machine_state_setup,graph_wide,1,0,16,500,0,0,0,0,1
body_state_setup,graph_wide,1,0,16,593,0,0,0,0,0
machine_state_setup,graph_wide,1,0,17,630,0,0,0,0,1
body_state_setup,graph_wide,1,0,17,518,0,0,0,0,0
machine_state_setup,graph_wide,1,0,18,500,0,0,0,0,1
body_state_setup,graph_wide,1,0,18,518,0,0,0,0,0
machine_state_setup,graph_wide,1,0,19,500,0,0,0,0,1
body_state_setup,graph_wide,1,0,19,500,0,0,0,0,0
machine_state_setup,graph_wide,1,0,20,519,0,0,0,0,1
body_state_setup,graph_wide,1,0,20,519,0,0,0,0,0
machine_state_setup,graph_wide,1,0,21,537,0,0,0,0,1
body_state_setup,graph_wide,1,0,21,519,0,0,0,0,0
machine_state_setup,graph_wide,1,0,22,519,0,0,0,0,1
body_state_setup,graph_wide,1,0,22,574,0,0,0,0,0
machine_state_setup,graph_wide,1,0,23,611,0,0,0,0,1
body_state_setup,graph_wide,1,0,23,519,0,0,0,0,0
machine_state_setup,graph_wide,1,0,24,519,0,0,0,0,1
body_state_setup,graph_wide,1,0,24,500,0,0,0,0,0
machine_state_setup,graph_wide,1,0,25,518,0,0,0,0,1
body_state_setup,graph_wide,1,0,25,518,0,0,0,0,0
machine_state_setup,graph_wide,1,0,26,500,0,0,0,0,1
body_state_setup,graph_wide,1,0,26,500,0,0,0,0,0
machine_state_setup,graph_wide,1,0,27,537,0,0,0,0,1
body_state_setup,graph_wide,1,0,27,518,0,0,0,0,0
machine_state_setup,graph_wide,1,0,28,500,0,0,0,0,1
body_state_setup,graph_wide,1,0,28,574,0,0,0,0,0
machine_state_setup,graph_wide,1,0,29,666,0,0,0,0,1
body_state_setup,graph_wide,1,0,29,500,0,0,0,0,0
machine_state_setup,graph_wide,1,0,30,518,0,0,0,0,1
body_state_setup,graph_wide,1,0,30,518,0,0,0,0,0
machine_state_setup,graph_wide,1,0,31,500,0,0,0,0,1
body_state_setup,graph_wide,1,0,31,537,0,0,0,0,0
machine_state_setup,graph_wide,1,0,32,519,0,0,0,0,1
body_state_setup,graph_wide,1,0,32,519,0,0,0,0,0
machine_state_setup,graph_wide,1,0,33,519,0,0,0,0,1
body_state_setup,graph_wide,1,0,33,574,0,0,0,0,0
machine_state_setup,graph_wide,1,0,34,500,0,0,0,0,1
body_state_setup,graph_wide,1,0,34,518,0,0,0,0,0
machine_state_setup,graph_wide,1,0,35,481,0,0,0,0,1
body_state_setup,graph_wide,1,0,35,574,0,0,0,0,0
machine_state_setup,graph_wide,1,0,36,703,0,0,0,0,1
body_state_setup,graph_wide,1,0,36,611,0,0,0,0,0
machine_state_setup,graph_wide,1,0,37,537,0,0,0,0,1
body_state_setup,graph_wide,1,0,37,500,0,0,0,0,0
machine_state_setup,graph_wide,1,0,38,500,0,0,0,0,1
body_state_setup,graph_wide,1,0,38,555,0,0,0,0,0
machine_state_setup,graph_wide,1,0,39,556,0,0,0,0,1
body_state_setup,graph_wide,1,0,39,519,0,0,0,0,0
fixture_generation,graph_sparse,1,0,0,388,0,0,0,0,5
fixture_generation,graph_sparse,1,0,1,352,0,0,0,0,5
fixture_generation,graph_sparse,1,0,2,296,0,0,0,0,5
fixture_generation,graph_sparse,1,0,3,297,0,0,0,0,5
fixture_generation,graph_sparse,1,0,4,371,0,0,0,0,5
fixture_generation,graph_sparse,1,0,5,685,0,0,0,0,5
fixture_generation,graph_sparse,1,0,6,444,0,0,0,0,5
fixture_generation,graph_sparse,1,0,7,333,0,0,0,0,5
fixture_generation,graph_sparse,1,0,8,407,0,0,0,0,5
fixture_generation,graph_sparse,1,0,9,463,0,0,0,0,5
fixture_generation,graph_sparse,1,0,10,333,0,0,0,0,5
fixture_generation,graph_sparse,1,0,11,334,0,0,0,0,5
fixture_generation,graph_sparse,1,0,12,334,0,0,0,0,5
fixture_generation,graph_sparse,1,0,13,371,0,0,0,0,5
fixture_generation,graph_sparse,1,0,14,352,0,0,0,0,5
fixture_generation,graph_sparse,1,0,15,426,0,0,0,0,5
fixture_generation,graph_sparse,1,0,16,352,0,0,0,0,5
fixture_generation,graph_sparse,1,0,17,334,0,0,0,0,5
fixture_generation,graph_sparse,1,0,18,333,0,0,0,0,5
fixture_generation,graph_sparse,1,0,19,333,0,0,0,0,5
plan_build,graph_sparse,1,0,0,6648,0,0,0,0,12
plan_build,graph_sparse,1,0,1,4092,0,0,0,0,12
plan_build,graph_sparse,1,0,2,4111,0,0,0,0,12
plan_build,graph_sparse,1,0,3,4037,0,0,0,0,12
plan_build,graph_sparse,1,0,4,3963,0,0,0,0,12
plan_build,graph_sparse,1,0,5,4500,0,0,0,0,12
plan_build,graph_sparse,1,0,6,3907,0,0,0,0,12
plan_build,graph_sparse,1,0,7,4166,0,0,0,0,12
plan_build,graph_sparse,1,0,8,3907,0,0,0,0,12
plan_build,graph_sparse,1,0,9,3888,0,0,0,0,12
plan_build,graph_sparse,1,0,10,3815,0,0,0,0,12
plan_build,graph_sparse,1,0,11,3871,0,0,0,0,12
plan_build,graph_sparse,1,0,12,3982,0,0,0,0,12
plan_build,graph_sparse,1,0,13,3889,0,0,0,0,12
plan_build,graph_sparse,1,0,14,3834,0,0,0,0,12
plan_build,graph_sparse,1,0,15,3907,0,0,0,0,12
plan_build,graph_sparse,1,0,16,3889,0,0,0,0,12
plan_build,graph_sparse,1,0,17,3926,0,0,0,0,12
plan_build,graph_sparse,1,0,18,3852,0,0,0,0,12
plan_build,graph_sparse,1,0,19,3982,0,0,0,0,12
plan_build_alloc,graph_sparse,1,0,0,0,36,6764,0,0,12
plan_declaration,graph_sparse,1,0,0,2000,0,0,0,0,1
plan_validation_freeze,graph_sparse,1,0,0,2704,0,0,0,0,12
plan_declaration,graph_sparse,1,0,1,1777,0,0,0,0,1
plan_validation_freeze,graph_sparse,1,0,1,2574,0,0,0,0,12
plan_declaration,graph_sparse,1,0,2,1870,0,0,0,0,1
plan_validation_freeze,graph_sparse,1,0,2,2611,0,0,0,0,12
plan_declaration,graph_sparse,1,0,3,1852,0,0,0,0,1
plan_validation_freeze,graph_sparse,1,0,3,2556,0,0,0,0,12
plan_declaration,graph_sparse,1,0,4,1760,0,0,0,0,1
plan_validation_freeze,graph_sparse,1,0,4,2612,0,0,0,0,12
plan_declaration,graph_sparse,1,0,5,1759,0,0,0,0,1
plan_validation_freeze,graph_sparse,1,0,5,2611,0,0,0,0,12
plan_declaration,graph_sparse,1,0,6,1778,0,0,0,0,1
plan_validation_freeze,graph_sparse,1,0,6,2593,0,0,0,0,12
plan_declaration,graph_sparse,1,0,7,1796,0,0,0,0,1
plan_validation_freeze,graph_sparse,1,0,7,2612,0,0,0,0,12
plan_declaration,graph_sparse,1,0,8,1889,0,0,0,0,1
plan_validation_freeze,graph_sparse,1,0,8,2555,0,0,0,0,12
plan_declaration,graph_sparse,1,0,9,1777,0,0,0,0,1
plan_validation_freeze,graph_sparse,1,0,9,2704,0,0,0,0,12
plan_declaration,graph_sparse,1,0,10,1852,0,0,0,0,1
plan_validation_freeze,graph_sparse,1,0,10,2611,0,0,0,0,12
plan_declaration,graph_sparse,1,0,11,1834,0,0,0,0,1
plan_validation_freeze,graph_sparse,1,0,11,2667,0,0,0,0,12
plan_declaration,graph_sparse,1,0,12,1778,0,0,0,0,1
plan_validation_freeze,graph_sparse,1,0,12,2722,0,0,0,0,12
plan_declaration,graph_sparse,1,0,13,1777,0,0,0,0,1
plan_validation_freeze,graph_sparse,1,0,13,2611,0,0,0,0,12
plan_declaration,graph_sparse,1,0,14,1871,0,0,0,0,1
plan_validation_freeze,graph_sparse,1,0,14,2630,0,0,0,0,12
plan_declaration,graph_sparse,1,0,15,1815,0,0,0,0,1
plan_validation_freeze,graph_sparse,1,0,15,2686,0,0,0,0,12
plan_declaration,graph_sparse,1,0,16,1797,0,0,0,0,1
plan_validation_freeze,graph_sparse,1,0,16,2611,0,0,0,0,12
plan_declaration,graph_sparse,1,0,17,1833,0,0,0,0,1
plan_validation_freeze,graph_sparse,1,0,17,2611,0,0,0,0,12
plan_declaration,graph_sparse,1,0,18,1815,0,0,0,0,1
plan_validation_freeze,graph_sparse,1,0,18,2759,0,0,0,0,12
plan_declaration,graph_sparse,1,0,19,1760,0,0,0,0,1
plan_validation_freeze,graph_sparse,1,0,19,2704,0,0,0,0,12
plan_declaration_alloc,graph_sparse,1,0,0,0,16,2179,0,0,1
plan_validation_freeze_alloc,graph_sparse,1,0,0,0,20,4585,0,0,12
engine_execution,graph_sparse,1,0,0,16629,0,0,0,0,1
engine_execution,graph_sparse,1,0,1,16648,0,0,0,0,0
engine_execution,graph_sparse,1,0,2,16741,0,0,0,0,3
engine_execution,graph_sparse,1,0,3,16611,0,0,0,0,2
engine_execution,graph_sparse,1,0,4,16963,0,0,0,0,5
engine_execution,graph_sparse,1,0,5,17037,0,0,0,0,4
engine_execution,graph_sparse,1,0,6,17556,0,0,0,0,7
engine_execution,graph_sparse,1,0,7,17019,0,0,0,0,6
engine_execution,graph_sparse,1,0,8,17130,0,0,0,0,9
engine_execution,graph_sparse,1,0,9,17204,0,0,0,0,8
engine_execution,graph_sparse,1,0,10,17037,0,0,0,0,11
engine_execution,graph_sparse,1,0,11,16963,0,0,0,0,10
engine_execution,graph_sparse,1,0,12,17075,0,0,0,0,13
engine_execution,graph_sparse,1,0,13,16945,0,0,0,0,12
engine_execution,graph_sparse,1,0,14,17056,0,0,0,0,15
engine_execution,graph_sparse,1,0,15,17445,0,0,0,0,14
engine_execution,graph_sparse,1,0,16,17314,0,0,0,0,17
engine_execution,graph_sparse,1,0,17,17222,0,0,0,0,16
engine_execution,graph_sparse,1,0,18,16944,0,0,0,0,19
engine_execution,graph_sparse,1,0,19,17130,0,0,0,0,18
engine_execution,graph_sparse,1,0,20,16667,0,0,0,0,21
engine_execution,graph_sparse,1,0,21,17037,0,0,0,0,20
engine_execution,graph_sparse,1,0,22,17037,0,0,0,0,23
engine_execution,graph_sparse,1,0,23,17352,0,0,0,0,22
engine_execution,graph_sparse,1,0,24,16796,0,0,0,0,25
engine_execution,graph_sparse,1,0,25,17222,0,0,0,0,24
engine_execution,graph_sparse,1,0,26,17463,0,0,0,0,27
engine_execution,graph_sparse,1,0,27,16907,0,0,0,0,26
engine_execution,graph_sparse,1,0,28,16759,0,0,0,0,29
engine_execution,graph_sparse,1,0,29,16833,0,0,0,0,28
engine_execution,graph_sparse,1,0,30,17149,0,0,0,0,31
engine_execution,graph_sparse,1,0,31,16944,0,0,0,0,30
engine_execution,graph_sparse,1,0,32,16778,0,0,0,0,33
engine_execution,graph_sparse,1,0,33,16982,0,0,0,0,32
engine_execution,graph_sparse,1,0,34,16926,0,0,0,0,35
engine_execution,graph_sparse,1,0,35,17018,0,0,0,0,34
engine_execution,graph_sparse,1,0,36,16834,0,0,0,0,37
engine_execution,graph_sparse,1,0,37,16778,0,0,0,0,36
engine_execution,graph_sparse,1,0,38,16574,0,0,0,0,39
engine_execution,graph_sparse,1,0,39,16778,0,0,0,0,38
engine_execution_alloc,graph_sparse,1,0,0,0,102,11797,0,0,23131
machine_state_setup,graph_sparse,1,0,0,703,0,0,0,0,1
body_state_setup,graph_sparse,1,0,0,593,0,0,0,0,0
machine_state_setup,graph_sparse,1,0,1,611,0,0,0,0,1
body_state_setup,graph_sparse,1,0,1,518,0,0,0,0,0
machine_state_setup,graph_sparse,1,0,2,500,0,0,0,0,1
body_state_setup,graph_sparse,1,0,2,685,0,0,0,0,0
machine_state_setup,graph_sparse,1,0,3,555,0,0,0,0,1
body_state_setup,graph_sparse,1,0,3,518,0,0,0,0,0
machine_state_setup,graph_sparse,1,0,4,537,0,0,0,0,1
body_state_setup,graph_sparse,1,0,4,593,0,0,0,0,0
machine_state_setup,graph_sparse,1,0,5,519,0,0,0,0,1
body_state_setup,graph_sparse,1,0,5,500,0,0,0,0,0
machine_state_setup,graph_sparse,1,0,6,556,0,0,0,0,1
body_state_setup,graph_sparse,1,0,6,555,0,0,0,0,0
machine_state_setup,graph_sparse,1,0,7,518,0,0,0,0,1
body_state_setup,graph_sparse,1,0,7,796,0,0,0,0,0
machine_state_setup,graph_sparse,1,0,8,500,0,0,0,0,1
body_state_setup,graph_sparse,1,0,8,611,0,0,0,0,0
machine_state_setup,graph_sparse,1,0,9,611,0,0,0,0,1
body_state_setup,graph_sparse,1,0,9,519,0,0,0,0,0
machine_state_setup,graph_sparse,1,0,10,518,0,0,0,0,1
body_state_setup,graph_sparse,1,0,10,556,0,0,0,0,0
machine_state_setup,graph_sparse,1,0,11,556,0,0,0,0,1
body_state_setup,graph_sparse,1,0,11,704,0,0,0,0,0
machine_state_setup,graph_sparse,1,0,12,518,0,0,0,0,1
body_state_setup,graph_sparse,1,0,12,518,0,0,0,0,0
machine_state_setup,graph_sparse,1,0,13,537,0,0,0,0,1
body_state_setup,graph_sparse,1,0,13,500,0,0,0,0,0
machine_state_setup,graph_sparse,1,0,14,518,0,0,0,0,1
body_state_setup,graph_sparse,1,0,14,537,0,0,0,0,0
machine_state_setup,graph_sparse,1,0,15,518,0,0,0,0,1
body_state_setup,graph_sparse,1,0,15,611,0,0,0,0,0
machine_state_setup,graph_sparse,1,0,16,556,0,0,0,0,1
body_state_setup,graph_sparse,1,0,16,519,0,0,0,0,0
machine_state_setup,graph_sparse,1,0,17,518,0,0,0,0,1
body_state_setup,graph_sparse,1,0,17,574,0,0,0,0,0
machine_state_setup,graph_sparse,1,0,18,500,0,0,0,0,1
body_state_setup,graph_sparse,1,0,18,704,0,0,0,0,0
machine_state_setup,graph_sparse,1,0,19,518,0,0,0,0,1
body_state_setup,graph_sparse,1,0,19,537,0,0,0,0,0
machine_state_setup,graph_sparse,1,0,20,519,0,0,0,0,1
body_state_setup,graph_sparse,1,0,20,518,0,0,0,0,0
machine_state_setup,graph_sparse,1,0,21,500,0,0,0,0,1
body_state_setup,graph_sparse,1,0,21,519,0,0,0,0,0
machine_state_setup,graph_sparse,1,0,22,537,0,0,0,0,1
body_state_setup,graph_sparse,1,0,22,519,0,0,0,0,0
machine_state_setup,graph_sparse,1,0,23,519,0,0,0,0,1
body_state_setup,graph_sparse,1,0,23,519,0,0,0,0,0
machine_state_setup,graph_sparse,1,0,24,519,0,0,0,0,1
body_state_setup,graph_sparse,1,0,24,500,0,0,0,0,0
machine_state_setup,graph_sparse,1,0,25,500,0,0,0,0,1
body_state_setup,graph_sparse,1,0,25,518,0,0,0,0,0
machine_state_setup,graph_sparse,1,0,26,481,0,0,0,0,1
body_state_setup,graph_sparse,1,0,26,574,0,0,0,0,0
machine_state_setup,graph_sparse,1,0,27,685,0,0,0,0,1
body_state_setup,graph_sparse,1,0,27,519,0,0,0,0,0
machine_state_setup,graph_sparse,1,0,28,500,0,0,0,0,1
body_state_setup,graph_sparse,1,0,28,519,0,0,0,0,0
machine_state_setup,graph_sparse,1,0,29,500,0,0,0,0,1
body_state_setup,graph_sparse,1,0,29,500,0,0,0,0,0
machine_state_setup,graph_sparse,1,0,30,519,0,0,0,0,1
body_state_setup,graph_sparse,1,0,30,537,0,0,0,0,0
machine_state_setup,graph_sparse,1,0,31,500,0,0,0,0,1
body_state_setup,graph_sparse,1,0,31,518,0,0,0,0,0
machine_state_setup,graph_sparse,1,0,32,518,0,0,0,0,1
body_state_setup,graph_sparse,1,0,32,518,0,0,0,0,0
machine_state_setup,graph_sparse,1,0,33,500,0,0,0,0,1
body_state_setup,graph_sparse,1,0,33,518,0,0,0,0,0
machine_state_setup,graph_sparse,1,0,34,518,0,0,0,0,1
body_state_setup,graph_sparse,1,0,34,518,0,0,0,0,0
machine_state_setup,graph_sparse,1,0,35,519,0,0,0,0,1
body_state_setup,graph_sparse,1,0,35,519,0,0,0,0,0
machine_state_setup,graph_sparse,1,0,36,537,0,0,0,0,1
body_state_setup,graph_sparse,1,0,36,518,0,0,0,0,0
machine_state_setup,graph_sparse,1,0,37,500,0,0,0,0,1
body_state_setup,graph_sparse,1,0,37,555,0,0,0,0,0
machine_state_setup,graph_sparse,1,0,38,519,0,0,0,0,1
body_state_setup,graph_sparse,1,0,38,741,0,0,0,0,0
machine_state_setup,graph_sparse,1,0,39,555,0,0,0,0,1
body_state_setup,graph_sparse,1,0,39,518,0,0,0,0,0
fixture_generation,graph_chain,10,9,0,2167,0,0,0,0,50
fixture_generation,graph_chain,10,9,1,2019,0,0,0,0,50
fixture_generation,graph_chain,10,9,2,2130,0,0,0,0,50
fixture_generation,graph_chain,10,9,3,1963,0,0,0,0,50
fixture_generation,graph_chain,10,9,4,1945,0,0,0,0,50
fixture_generation,graph_chain,10,9,5,1982,0,0,0,0,50
fixture_generation,graph_chain,10,9,6,2000,0,0,0,0,50
fixture_generation,graph_chain,10,9,7,2167,0,0,0,0,50
fixture_generation,graph_chain,10,9,8,1926,0,0,0,0,50
fixture_generation,graph_chain,10,9,9,1945,0,0,0,0,50
fixture_generation,graph_chain,10,9,10,1908,0,0,0,0,50
fixture_generation,graph_chain,10,9,11,1963,0,0,0,0,50
fixture_generation,graph_chain,10,9,12,1907,0,0,0,0,50
fixture_generation,graph_chain,10,9,13,1926,0,0,0,0,50
fixture_generation,graph_chain,10,9,14,1908,0,0,0,0,50
fixture_generation,graph_chain,10,9,15,1945,0,0,0,0,50
fixture_generation,graph_chain,10,9,16,1908,0,0,0,0,50
fixture_generation,graph_chain,10,9,17,1908,0,0,0,0,50
fixture_generation,graph_chain,10,9,18,1908,0,0,0,0,50
fixture_generation,graph_chain,10,9,19,1945,0,0,0,0,50
plan_build,graph_chain,10,9,0,26463,0,0,0,0,11
plan_build,graph_chain,10,9,1,23315,0,0,0,0,11
plan_build,graph_chain,10,9,2,22649,0,0,0,0,11
plan_build,graph_chain,10,9,3,21352,0,0,0,0,11
plan_build,graph_chain,10,9,4,21185,0,0,0,0,11
plan_build,graph_chain,10,9,5,21056,0,0,0,0,11
plan_build,graph_chain,10,9,6,20648,0,0,0,0,11
plan_build,graph_chain,10,9,7,21278,0,0,0,0,11
plan_build,graph_chain,10,9,8,21352,0,0,0,0,11
plan_build,graph_chain,10,9,9,20426,0,0,0,0,11
plan_build,graph_chain,10,9,10,20704,0,0,0,0,11
plan_build,graph_chain,10,9,11,20426,0,0,0,0,11
plan_build,graph_chain,10,9,12,20500,0,0,0,0,11
plan_build,graph_chain,10,9,13,20815,0,0,0,0,11
plan_build,graph_chain,10,9,14,20352,0,0,0,0,11
plan_build,graph_chain,10,9,15,20371,0,0,0,0,11
plan_build,graph_chain,10,9,16,20204,0,0,0,0,11
plan_build,graph_chain,10,9,17,20185,0,0,0,0,11
plan_build,graph_chain,10,9,18,20241,0,0,0,0,11
plan_build,graph_chain,10,9,19,19759,0,0,0,0,11
plan_build_alloc,graph_chain,10,9,0,0,162,35553,0,0,11
plan_declaration,graph_chain,10,9,0,10333,0,0,0,0,10
plan_validation_freeze,graph_chain,10,9,0,12926,0,0,0,0,11
plan_declaration,graph_chain,10,9,1,9686,0,0,0,0,10
plan_validation_freeze,graph_chain,10,9,1,13037,0,0,0,0,11
plan_declaration,graph_chain,10,9,2,9944,0,0,0,0,10
plan_validation_freeze,graph_chain,10,9,2,12500,0,0,0,0,11
plan_declaration,graph_chain,10,9,3,9630,0,0,0,0,10
plan_validation_freeze,graph_chain,10,9,3,12815,0,0,0,0,11
plan_declaration,graph_chain,10,9,4,9611,0,0,0,0,10
plan_validation_freeze,graph_chain,10,9,4,12389,0,0,0,0,11
plan_declaration,graph_chain,10,9,5,9259,0,0,0,0,10
plan_validation_freeze,graph_chain,10,9,5,12297,0,0,0,0,11
plan_declaration,graph_chain,10,9,6,9315,0,0,0,0,10
plan_validation_freeze,graph_chain,10,9,6,12481,0,0,0,0,11
plan_declaration,graph_chain,10,9,7,9277,0,0,0,0,10
plan_validation_freeze,graph_chain,10,9,7,12407,0,0,0,0,11
plan_declaration,graph_chain,10,9,8,9352,0,0,0,0,10
plan_validation_freeze,graph_chain,10,9,8,12463,0,0,0,0,11
plan_declaration,graph_chain,10,9,9,9167,0,0,0,0,10
plan_validation_freeze,graph_chain,10,9,9,12537,0,0,0,0,11
plan_declaration,graph_chain,10,9,10,9278,0,0,0,0,10
plan_validation_freeze,graph_chain,10,9,10,12334,0,0,0,0,11
plan_declaration,graph_chain,10,9,11,9426,0,0,0,0,10
plan_validation_freeze,graph_chain,10,9,11,12370,0,0,0,0,11
plan_declaration,graph_chain,10,9,12,9426,0,0,0,0,10
plan_validation_freeze,graph_chain,10,9,12,12649,0,0,0,0,11
plan_declaration,graph_chain,10,9,13,9704,0,0,0,0,10
plan_validation_freeze,graph_chain,10,9,13,12537,0,0,0,0,11
plan_declaration,graph_chain,10,9,14,9240,0,0,0,0,10
plan_validation_freeze,graph_chain,10,9,14,12482,0,0,0,0,11
plan_declaration,graph_chain,10,9,15,9130,0,0,0,0,10
plan_validation_freeze,graph_chain,10,9,15,12389,0,0,0,0,11
plan_declaration,graph_chain,10,9,16,9296,0,0,0,0,10
plan_validation_freeze,graph_chain,10,9,16,12296,0,0,0,0,11
plan_declaration,graph_chain,10,9,17,9388,0,0,0,0,10
plan_validation_freeze,graph_chain,10,9,17,12296,0,0,0,0,11
plan_declaration,graph_chain,10,9,18,9112,0,0,0,0,10
plan_validation_freeze,graph_chain,10,9,18,12167,0,0,0,0,11
plan_declaration,graph_chain,10,9,19,9518,0,0,0,0,10
plan_validation_freeze,graph_chain,10,9,19,12611,0,0,0,0,11
plan_declaration_alloc,graph_chain,10,9,0,0,71,14196,0,0,10
plan_validation_freeze_alloc,graph_chain,10,9,0,0,91,21357,0,0,11
engine_execution,graph_chain,10,9,0,145297,0,0,0,0,0
engine_execution,graph_chain,10,9,1,97741,0,0,0,0,1
engine_execution,graph_chain,10,9,2,96871,0,0,0,0,2
engine_execution,graph_chain,10,9,3,98500,0,0,0,0,3
engine_execution,graph_chain,10,9,4,97963,0,0,0,0,4
engine_execution,graph_chain,10,9,5,97148,0,0,0,0,5
engine_execution,graph_chain,10,9,6,96852,0,0,0,0,6
engine_execution,graph_chain,10,9,7,96759,0,0,0,0,7
engine_execution,graph_chain,10,9,8,96519,0,0,0,0,8
engine_execution,graph_chain,10,9,9,97167,0,0,0,0,9
engine_execution,graph_chain,10,9,10,96630,0,0,0,0,10
engine_execution,graph_chain,10,9,11,96056,0,0,0,0,11
engine_execution,graph_chain,10,9,12,95964,0,0,0,0,12
engine_execution,graph_chain,10,9,13,96537,0,0,0,0,13
engine_execution,graph_chain,10,9,14,97019,0,0,0,0,14
engine_execution,graph_chain,10,9,15,96593,0,0,0,0,15
engine_execution,graph_chain,10,9,16,96260,0,0,0,0,16
engine_execution,graph_chain,10,9,17,96056,0,0,0,0,17
engine_execution,graph_chain,10,9,18,95889,0,0,0,0,18
engine_execution,graph_chain,10,9,19,96389,0,0,0,0,19
engine_execution,graph_chain,10,9,20,97019,0,0,0,0,20
engine_execution,graph_chain,10,9,21,96241,0,0,0,0,21
engine_execution,graph_chain,10,9,22,96741,0,0,0,0,22
engine_execution,graph_chain,10,9,23,96019,0,0,0,0,23
engine_execution,graph_chain,10,9,24,96852,0,0,0,0,24
engine_execution,graph_chain,10,9,25,97389,0,0,0,0,25
engine_execution,graph_chain,10,9,26,96371,0,0,0,0,26
engine_execution,graph_chain,10,9,27,96686,0,0,0,0,27
engine_execution,graph_chain,10,9,28,95111,0,0,0,0,28
engine_execution,graph_chain,10,9,29,97538,0,0,0,0,29
engine_execution,graph_chain,10,9,30,95815,0,0,0,0,30
engine_execution,graph_chain,10,9,31,97130,0,0,0,0,31
engine_execution,graph_chain,10,9,32,95981,0,0,0,0,32
engine_execution,graph_chain,10,9,33,95797,0,0,0,0,33
engine_execution,graph_chain,10,9,34,94778,0,0,0,0,34
engine_execution,graph_chain,10,9,35,95556,0,0,0,0,35
engine_execution,graph_chain,10,9,36,95667,0,0,0,0,36
engine_execution,graph_chain,10,9,37,95296,0,0,0,0,37
engine_execution,graph_chain,10,9,38,94741,0,0,0,0,38
engine_execution,graph_chain,10,9,39,96408,0,0,0,0,39
engine_execution_alloc,graph_chain,10,9,0,0,575,47080,0,0,23130
machine_state_setup,graph_chain,10,9,0,7648,0,0,0,0,10
body_state_setup,graph_chain,10,9,0,963,0,0,0,0,0
machine_state_setup,graph_chain,10,9,1,2926,0,0,0,0,10
body_state_setup,graph_chain,10,9,1,500,0,0,0,0,0
machine_state_setup,graph_chain,10,9,2,2667,0,0,0,0,10
body_state_setup,graph_chain,10,9,2,518,0,0,0,0,0
machine_state_setup,graph_chain,10,9,3,2648,0,0,0,0,10
body_state_setup,graph_chain,10,9,3,500,0,0,0,0,0
machine_state_setup,graph_chain,10,9,4,2666,0,0,0,0,10
body_state_setup,graph_chain,10,9,4,518,0,0,0,0,0
machine_state_setup,graph_chain,10,9,5,2630,0,0,0,0,10
body_state_setup,graph_chain,10,9,5,482,0,0,0,0,0
machine_state_setup,graph_chain,10,9,6,2667,0,0,0,0,10
body_state_setup,graph_chain,10,9,6,519,0,0,0,0,0
machine_state_setup,graph_chain,10,9,7,2648,0,0,0,0,10
body_state_setup,graph_chain,10,9,7,500,0,0,0,0,0
machine_state_setup,graph_chain,10,9,8,2722,0,0,0,0,10
body_state_setup,graph_chain,10,9,8,500,0,0,0,0,0
machine_state_setup,graph_chain,10,9,9,2759,0,0,0,0,10
body_state_setup,graph_chain,10,9,9,518,0,0,0,0,0
machine_state_setup,graph_chain,10,9,10,2704,0,0,0,0,10
body_state_setup,graph_chain,10,9,10,519,0,0,0,0,0
machine_state_setup,graph_chain,10,9,11,2648,0,0,0,0,10
body_state_setup,graph_chain,10,9,11,482,0,0,0,0,0
machine_state_setup,graph_chain,10,9,12,2796,0,0,0,0,10
body_state_setup,graph_chain,10,9,12,500,0,0,0,0,0
machine_state_setup,graph_chain,10,9,13,2704,0,0,0,0,10
body_state_setup,graph_chain,10,9,13,482,0,0,0,0,0
machine_state_setup,graph_chain,10,9,14,2648,0,0,0,0,10
body_state_setup,graph_chain,10,9,14,537,0,0,0,0,0
machine_state_setup,graph_chain,10,9,15,2760,0,0,0,0,10
body_state_setup,graph_chain,10,9,15,482,0,0,0,0,0
machine_state_setup,graph_chain,10,9,16,2963,0,0,0,0,10
body_state_setup,graph_chain,10,9,16,481,0,0,0,0,0
machine_state_setup,graph_chain,10,9,17,2833,0,0,0,0,10
body_state_setup,graph_chain,10,9,17,500,0,0,0,0,0
machine_state_setup,graph_chain,10,9,18,2685,0,0,0,0,10
body_state_setup,graph_chain,10,9,18,500,0,0,0,0,0
machine_state_setup,graph_chain,10,9,19,2815,0,0,0,0,10
body_state_setup,graph_chain,10,9,19,500,0,0,0,0,0
machine_state_setup,graph_chain,10,9,20,2741,0,0,0,0,10
body_state_setup,graph_chain,10,9,20,481,0,0,0,0,0
machine_state_setup,graph_chain,10,9,21,2685,0,0,0,0,10
body_state_setup,graph_chain,10,9,21,500,0,0,0,0,0
machine_state_setup,graph_chain,10,9,22,2611,0,0,0,0,10
body_state_setup,graph_chain,10,9,22,500,0,0,0,0,0
machine_state_setup,graph_chain,10,9,23,2686,0,0,0,0,10
body_state_setup,graph_chain,10,9,23,556,0,0,0,0,0
machine_state_setup,graph_chain,10,9,24,2741,0,0,0,0,10
body_state_setup,graph_chain,10,9,24,537,0,0,0,0,0
machine_state_setup,graph_chain,10,9,25,2611,0,0,0,0,10
body_state_setup,graph_chain,10,9,25,574,0,0,0,0,0
machine_state_setup,graph_chain,10,9,26,2611,0,0,0,0,10
body_state_setup,graph_chain,10,9,26,519,0,0,0,0,0
machine_state_setup,graph_chain,10,9,27,2703,0,0,0,0,10
body_state_setup,graph_chain,10,9,27,500,0,0,0,0,0
machine_state_setup,graph_chain,10,9,28,2815,0,0,0,0,10
body_state_setup,graph_chain,10,9,28,500,0,0,0,0,0
machine_state_setup,graph_chain,10,9,29,2556,0,0,0,0,10
body_state_setup,graph_chain,10,9,29,500,0,0,0,0,0
machine_state_setup,graph_chain,10,9,30,2556,0,0,0,0,10
body_state_setup,graph_chain,10,9,30,482,0,0,0,0,0
machine_state_setup,graph_chain,10,9,31,2686,0,0,0,0,10
body_state_setup,graph_chain,10,9,31,500,0,0,0,0,0
machine_state_setup,graph_chain,10,9,32,2852,0,0,0,0,10
body_state_setup,graph_chain,10,9,32,500,0,0,0,0,0
machine_state_setup,graph_chain,10,9,33,2574,0,0,0,0,10
body_state_setup,graph_chain,10,9,33,482,0,0,0,0,0
machine_state_setup,graph_chain,10,9,34,2556,0,0,0,0,10
body_state_setup,graph_chain,10,9,34,519,0,0,0,0,0
machine_state_setup,graph_chain,10,9,35,2630,0,0,0,0,10
body_state_setup,graph_chain,10,9,35,500,0,0,0,0,0
machine_state_setup,graph_chain,10,9,36,2648,0,0,0,0,10
body_state_setup,graph_chain,10,9,36,500,0,0,0,0,0
machine_state_setup,graph_chain,10,9,37,2518,0,0,0,0,10
body_state_setup,graph_chain,10,9,37,518,0,0,0,0,0
machine_state_setup,graph_chain,10,9,38,2574,0,0,0,0,10
body_state_setup,graph_chain,10,9,38,482,0,0,0,0,0
machine_state_setup,graph_chain,10,9,39,2648,0,0,0,0,10
body_state_setup,graph_chain,10,9,39,482,0,0,0,0,0
pure_machine_events_preseeded,graph_chain,10,9,0,26278,0,0,0,0,10
pure_machine_events_preseeded,graph_chain,10,9,1,21760,0,0,0,0,10
pure_machine_events_preseeded,graph_chain,10,9,2,22185,0,0,0,0,10
pure_machine_events_preseeded,graph_chain,10,9,3,22240,0,0,0,0,10
pure_machine_events_preseeded,graph_chain,10,9,4,21537,0,0,0,0,10
pure_machine_events_preseeded,graph_chain,10,9,5,21870,0,0,0,0,10
pure_machine_events_preseeded,graph_chain,10,9,6,21741,0,0,0,0,10
pure_machine_events_preseeded,graph_chain,10,9,7,21723,0,0,0,0,10
pure_machine_events_preseeded,graph_chain,10,9,8,21556,0,0,0,0,10
pure_machine_events_preseeded,graph_chain,10,9,9,22240,0,0,0,0,10
pure_machine_events_preseeded,graph_chain,10,9,10,21426,0,0,0,0,10
pure_machine_events_preseeded,graph_chain,10,9,11,21760,0,0,0,0,10
pure_machine_events_preseeded,graph_chain,10,9,12,22074,0,0,0,0,10
pure_machine_events_preseeded,graph_chain,10,9,13,21815,0,0,0,0,10
pure_machine_events_preseeded,graph_chain,10,9,14,22130,0,0,0,0,10
pure_machine_events_preseeded,graph_chain,10,9,15,21796,0,0,0,0,10
pure_machine_events_preseeded,graph_chain,10,9,16,22241,0,0,0,0,10
pure_machine_events_preseeded,graph_chain,10,9,17,22259,0,0,0,0,10
pure_machine_events_preseeded,graph_chain,10,9,18,22111,0,0,0,0,10
pure_machine_events_preseeded,graph_chain,10,9,19,21852,0,0,0,0,10
pure_machine_events_preseeded,graph_chain,10,9,20,22148,0,0,0,0,10
pure_machine_events_preseeded,graph_chain,10,9,21,21834,0,0,0,0,10
pure_machine_events_preseeded,graph_chain,10,9,22,22148,0,0,0,0,10
pure_machine_events_preseeded,graph_chain,10,9,23,21797,0,0,0,0,10
pure_machine_events_preseeded,graph_chain,10,9,24,22129,0,0,0,0,10
pure_machine_events_preseeded,graph_chain,10,9,25,22870,0,0,0,0,10
pure_machine_events_preseeded,graph_chain,10,9,26,21704,0,0,0,0,10
pure_machine_events_preseeded,graph_chain,10,9,27,21778,0,0,0,0,10
pure_machine_events_preseeded,graph_chain,10,9,28,22019,0,0,0,0,10
pure_machine_events_preseeded,graph_chain,10,9,29,22759,0,0,0,0,10
pure_machine_events_preseeded,graph_chain,10,9,30,22000,0,0,0,0,10
pure_machine_events_preseeded,graph_chain,10,9,31,21945,0,0,0,0,10
pure_machine_events_preseeded,graph_chain,10,9,32,22630,0,0,0,0,10
pure_machine_events_preseeded,graph_chain,10,9,33,21926,0,0,0,0,10
pure_machine_events_preseeded,graph_chain,10,9,34,21889,0,0,0,0,10
pure_machine_events_preseeded,graph_chain,10,9,35,22574,0,0,0,0,10
pure_machine_events_preseeded,graph_chain,10,9,36,21815,0,0,0,0,10
pure_machine_events_preseeded,graph_chain,10,9,37,22000,0,0,0,0,10
pure_machine_events_preseeded,graph_chain,10,9,38,22667,0,0,0,0,10
pure_machine_events_preseeded,graph_chain,10,9,39,21833,0,0,0,0,10
fixture_generation,graph_wide,10,9,0,2056,0,0,0,0,50
fixture_generation,graph_wide,10,9,1,2019,0,0,0,0,50
fixture_generation,graph_wide,10,9,2,1963,0,0,0,0,50
fixture_generation,graph_wide,10,9,3,1926,0,0,0,0,50
fixture_generation,graph_wide,10,9,4,1963,0,0,0,0,50
fixture_generation,graph_wide,10,9,5,1926,0,0,0,0,50
fixture_generation,graph_wide,10,9,6,1926,0,0,0,0,50
fixture_generation,graph_wide,10,9,7,1926,0,0,0,0,50
fixture_generation,graph_wide,10,9,8,1907,0,0,0,0,50
fixture_generation,graph_wide,10,9,9,1926,0,0,0,0,50
fixture_generation,graph_wide,10,9,10,1908,0,0,0,0,50
fixture_generation,graph_wide,10,9,11,1944,0,0,0,0,50
fixture_generation,graph_wide,10,9,12,1926,0,0,0,0,50
fixture_generation,graph_wide,10,9,13,1945,0,0,0,0,50
fixture_generation,graph_wide,10,9,14,1908,0,0,0,0,50
fixture_generation,graph_wide,10,9,15,1944,0,0,0,0,50
fixture_generation,graph_wide,10,9,16,1981,0,0,0,0,50
fixture_generation,graph_wide,10,9,17,1926,0,0,0,0,50
fixture_generation,graph_wide,10,9,18,1907,0,0,0,0,50
fixture_generation,graph_wide,10,9,19,1944,0,0,0,0,50
plan_build,graph_wide,10,9,0,25852,0,0,0,0,10
plan_build,graph_wide,10,9,1,21019,0,0,0,0,10
plan_build,graph_wide,10,9,2,19945,0,0,0,0,10
plan_build,graph_wide,10,9,3,19204,0,0,0,0,10
plan_build,graph_wide,10,9,4,19130,0,0,0,0,10
plan_build,graph_wide,10,9,5,18981,0,0,0,0,10
plan_build,graph_wide,10,9,6,18797,0,0,0,0,10
plan_build,graph_wide,10,9,7,19093,0,0,0,0,10
plan_build,graph_wide,10,9,8,18593,0,0,0,0,10
plan_build,graph_wide,10,9,9,19074,0,0,0,0,10
plan_build,graph_wide,10,9,10,19130,0,0,0,0,10
plan_build,graph_wide,10,9,11,18945,0,0,0,0,10
plan_build,graph_wide,10,9,12,18889,0,0,0,0,10
plan_build,graph_wide,10,9,13,18722,0,0,0,0,10
plan_build,graph_wide,10,9,14,18796,0,0,0,0,10
plan_build,graph_wide,10,9,15,18834,0,0,0,0,10
plan_build,graph_wide,10,9,16,19001,0,0,0,0,10
plan_build,graph_wide,10,9,17,18759,0,0,0,0,10
plan_build,graph_wide,10,9,18,18722,0,0,0,0,10
plan_build,graph_wide,10,9,19,18796,0,0,0,0,10
plan_build_alloc,graph_wide,10,9,0,0,156,35487,0,0,10
plan_declaration,graph_wide,10,9,0,9944,0,0,0,0,10
plan_validation_freeze,graph_wide,10,9,0,11945,0,0,0,0,10
plan_declaration,graph_wide,10,9,1,9537,0,0,0,0,10
plan_validation_freeze,graph_wide,10,9,1,11593,0,0,0,0,10
plan_declaration,graph_wide,10,9,2,9204,0,0,0,0,10
plan_validation_freeze,graph_wide,10,9,2,11518,0,0,0,0,10
plan_declaration,graph_wide,10,9,3,9204,0,0,0,0,10
plan_validation_freeze,graph_wide,10,9,3,11444,0,0,0,0,10
plan_declaration,graph_wide,10,9,4,9241,0,0,0,0,10
plan_validation_freeze,graph_wide,10,9,4,11574,0,0,0,0,10
plan_declaration,graph_wide,10,9,5,9426,0,0,0,0,10
plan_validation_freeze,graph_wide,10,9,5,11648,0,0,0,0,10
plan_declaration,graph_wide,10,9,6,9204,0,0,0,0,10
plan_validation_freeze,graph_wide,10,9,6,11537,0,0,0,0,10
plan_declaration,graph_wide,10,9,7,9315,0,0,0,0,10
plan_validation_freeze,graph_wide,10,9,7,11574,0,0,0,0,10
plan_declaration,graph_wide,10,9,8,9371,0,0,0,0,10
plan_validation_freeze,graph_wide,10,9,8,11612,0,0,0,0,10
plan_declaration,graph_wide,10,9,9,9445,0,0,0,0,10
plan_validation_freeze,graph_wide,10,9,9,11593,0,0,0,0,10
plan_declaration,graph_wide,10,9,10,9445,0,0,0,0,10
plan_validation_freeze,graph_wide,10,9,10,11500,0,0,0,0,10
plan_declaration,graph_wide,10,9,11,9203,0,0,0,0,10
plan_validation_freeze,graph_wide,10,9,11,11593,0,0,0,0,10
plan_declaration,graph_wide,10,9,12,9259,0,0,0,0,10
plan_validation_freeze,graph_wide,10,9,12,11444,0,0,0,0,10
plan_declaration,graph_wide,10,9,13,9537,0,0,0,0,10
plan_validation_freeze,graph_wide,10,9,13,11445,0,0,0,0,10
plan_declaration,graph_wide,10,9,14,9334,0,0,0,0,10
plan_validation_freeze,graph_wide,10,9,14,11574,0,0,0,0,10
plan_declaration,graph_wide,10,9,15,9296,0,0,0,0,10
plan_validation_freeze,graph_wide,10,9,15,11407,0,0,0,0,10
plan_declaration,graph_wide,10,9,16,9167,0,0,0,0,10
plan_validation_freeze,graph_wide,10,9,16,11426,0,0,0,0,10
plan_declaration,graph_wide,10,9,17,9111,0,0,0,0,10
plan_validation_freeze,graph_wide,10,9,17,11592,0,0,0,0,10
plan_declaration,graph_wide,10,9,18,9204,0,0,0,0,10
plan_validation_freeze,graph_wide,10,9,18,11537,0,0,0,0,10
plan_declaration,graph_wide,10,9,19,9167,0,0,0,0,10
plan_validation_freeze,graph_wide,10,9,19,11463,0,0,0,0,10
plan_declaration_alloc,graph_wide,10,9,0,0,71,14195,0,0,10
plan_validation_freeze_alloc,graph_wide,10,9,0,0,85,21292,0,0,10
engine_execution,graph_wide,10,9,0,94297,0,0,0,0,8
engine_execution,graph_wide,10,9,1,94185,0,0,0,0,9
engine_execution,graph_wide,10,9,2,94797,0,0,0,0,10
engine_execution,graph_wide,10,9,3,94056,0,0,0,0,11
engine_execution,graph_wide,10,9,4,94649,0,0,0,0,12
engine_execution,graph_wide,10,9,5,94056,0,0,0,0,13
engine_execution,graph_wide,10,9,6,101926,0,0,0,0,14
engine_execution,graph_wide,10,9,7,93908,0,0,0,0,15
engine_execution,graph_wide,10,9,8,94611,0,0,0,0,0
engine_execution,graph_wide,10,9,9,94186,0,0,0,0,1
engine_execution,graph_wide,10,9,10,106148,0,0,0,0,2
engine_execution,graph_wide,10,9,11,95056,0,0,0,0,3
engine_execution,graph_wide,10,9,12,93315,0,0,0,0,4
engine_execution,graph_wide,10,9,13,94371,0,0,0,0,5
engine_execution,graph_wide,10,9,14,94463,0,0,0,0,6
engine_execution,graph_wide,10,9,15,93463,0,0,0,0,7
engine_execution,graph_wide,10,9,16,94111,0,0,0,0,24
engine_execution,graph_wide,10,9,17,93445,0,0,0,0,25
engine_execution,graph_wide,10,9,18,93278,0,0,0,0,26
engine_execution,graph_wide,10,9,19,92833,0,0,0,0,27
engine_execution,graph_wide,10,9,20,93352,0,0,0,0,28
engine_execution,graph_wide,10,9,21,92537,0,0,0,0,29
engine_execution,graph_wide,10,9,22,93760,0,0,0,0,30
engine_execution,graph_wide,10,9,23,93537,0,0,0,0,31
engine_execution,graph_wide,10,9,24,93093,0,0,0,0,16
engine_execution,graph_wide,10,9,25,93037,0,0,0,0,17
engine_execution,graph_wide,10,9,26,92389,0,0,0,0,18
engine_execution,graph_wide,10,9,27,93519,0,0,0,0,19
engine_execution,graph_wide,10,9,28,92297,0,0,0,0,20
engine_execution,graph_wide,10,9,29,92723,0,0,0,0,21
engine_execution,graph_wide,10,9,30,93797,0,0,0,0,22
engine_execution,graph_wide,10,9,31,93426,0,0,0,0,23
engine_execution,graph_wide,10,9,32,92556,0,0,0,0,40
engine_execution,graph_wide,10,9,33,92075,0,0,0,0,41
engine_execution,graph_wide,10,9,34,91574,0,0,0,0,42
engine_execution,graph_wide,10,9,35,91927,0,0,0,0,43
engine_execution,graph_wide,10,9,36,91870,0,0,0,0,44
engine_execution,graph_wide,10,9,37,92722,0,0,0,0,45
engine_execution,graph_wide,10,9,38,93129,0,0,0,0,46
engine_execution,graph_wide,10,9,39,91778,0,0,0,0,47
engine_execution_alloc,graph_wide,10,9,0,0,558,48999,0,0,23122
machine_state_setup,graph_wide,10,9,0,7074,0,0,0,0,10
body_state_setup,graph_wide,10,9,0,722,0,0,0,0,0
machine_state_setup,graph_wide,10,9,1,3019,0,0,0,0,10
body_state_setup,graph_wide,10,9,1,556,0,0,0,0,0
machine_state_setup,graph_wide,10,9,2,2760,0,0,0,0,10
body_state_setup,graph_wide,10,9,2,556,0,0,0,0,0
machine_state_setup,graph_wide,10,9,3,2908,0,0,0,0,10
body_state_setup,graph_wide,10,9,3,518,0,0,0,0,0
machine_state_setup,graph_wide,10,9,4,2778,0,0,0,0,10
body_state_setup,graph_wide,10,9,4,500,0,0,0,0,0
machine_state_setup,graph_wide,10,9,5,2667,0,0,0,0,10
body_state_setup,graph_wide,10,9,5,519,0,0,0,0,0
machine_state_setup,graph_wide,10,9,6,2704,0,0,0,0,10
body_state_setup,graph_wide,10,9,6,500,0,0,0,0,0
machine_state_setup,graph_wide,10,9,7,2759,0,0,0,0,10
body_state_setup,graph_wide,10,9,7,500,0,0,0,0,0
machine_state_setup,graph_wide,10,9,8,2925,0,0,0,0,10
body_state_setup,graph_wide,10,9,8,500,0,0,0,0,0
machine_state_setup,graph_wide,10,9,9,2777,0,0,0,0,10
body_state_setup,graph_wide,10,9,9,500,0,0,0,0,0
machine_state_setup,graph_wide,10,9,10,2740,0,0,0,0,10
body_state_setup,graph_wide,10,9,10,500,0,0,0,0,0
machine_state_setup,graph_wide,10,9,11,2666,0,0,0,0,10
body_state_setup,graph_wide,10,9,11,518,0,0,0,0,0
machine_state_setup,graph_wide,10,9,12,2852,0,0,0,0,10
body_state_setup,graph_wide,10,9,12,537,0,0,0,0,0
machine_state_setup,graph_wide,10,9,13,2926,0,0,0,0,10
body_state_setup,graph_wide,10,9,13,537,0,0,0,0,0
machine_state_setup,graph_wide,10,9,14,2685,0,0,0,0,10
body_state_setup,graph_wide,10,9,14,518,0,0,0,0,0
machine_state_setup,graph_wide,10,9,15,2574,0,0,0,0,10
body_state_setup,graph_wide,10,9,15,500,0,0,0,0,0
machine_state_setup,graph_wide,10,9,16,2574,0,0,0,0,10
body_state_setup,graph_wide,10,9,16,519,0,0,0,0,0
machine_state_setup,graph_wide,10,9,17,2704,0,0,0,0,10
body_state_setup,graph_wide,10,9,17,482,0,0,0,0,0
machine_state_setup,graph_wide,10,9,18,2833,0,0,0,0,10
body_state_setup,graph_wide,10,9,18,519,0,0,0,0,0
machine_state_setup,graph_wide,10,9,19,2833,0,0,0,0,10
body_state_setup,graph_wide,10,9,19,500,0,0,0,0,0
machine_state_setup,graph_wide,10,9,20,2574,0,0,0,0,10
body_state_setup,graph_wide,10,9,20,518,0,0,0,0,0
machine_state_setup,graph_wide,10,9,21,2592,0,0,0,0,10
body_state_setup,graph_wide,10,9,21,482,0,0,0,0,0
machine_state_setup,graph_wide,10,9,22,2574,0,0,0,0,10
body_state_setup,graph_wide,10,9,22,518,0,0,0,0,0
machine_state_setup,graph_wide,10,9,23,2685,0,0,0,0,10
body_state_setup,graph_wide,10,9,23,518,0,0,0,0,0
machine_state_setup,graph_wide,10,9,24,2592,0,0,0,0,10
body_state_setup,graph_wide,10,9,24,519,0,0,0,0,0
machine_state_setup,graph_wide,10,9,25,2593,0,0,0,0,10
body_state_setup,graph_wide,10,9,25,519,0,0,0,0,0
machine_state_setup,graph_wide,10,9,26,2593,0,0,0,0,10
body_state_setup,graph_wide,10,9,26,519,0,0,0,0,0
machine_state_setup,graph_wide,10,9,27,2630,0,0,0,0,10
body_state_setup,graph_wide,10,9,27,482,0,0,0,0,0
machine_state_setup,graph_wide,10,9,28,2703,0,0,0,0,10
body_state_setup,graph_wide,10,9,28,518,0,0,0,0,0
machine_state_setup,graph_wide,10,9,29,2778,0,0,0,0,10
body_state_setup,graph_wide,10,9,29,519,0,0,0,0,0
machine_state_setup,graph_wide,10,9,30,2518,0,0,0,0,10
body_state_setup,graph_wide,10,9,30,500,0,0,0,0,0
machine_state_setup,graph_wide,10,9,31,2648,0,0,0,0,10
body_state_setup,graph_wide,10,9,31,500,0,0,0,0,0
machine_state_setup,graph_wide,10,9,32,2556,0,0,0,0,10
body_state_setup,graph_wide,10,9,32,518,0,0,0,0,0
machine_state_setup,graph_wide,10,9,33,2611,0,0,0,0,10
body_state_setup,graph_wide,10,9,33,500,0,0,0,0,0
machine_state_setup,graph_wide,10,9,34,2722,0,0,0,0,10
body_state_setup,graph_wide,10,9,34,500,0,0,0,0,0
machine_state_setup,graph_wide,10,9,35,2815,0,0,0,0,10
body_state_setup,graph_wide,10,9,35,500,0,0,0,0,0
machine_state_setup,graph_wide,10,9,36,2592,0,0,0,0,10
body_state_setup,graph_wide,10,9,36,481,0,0,0,0,0
machine_state_setup,graph_wide,10,9,37,2555,0,0,0,0,10
body_state_setup,graph_wide,10,9,37,500,0,0,0,0,0
machine_state_setup,graph_wide,10,9,38,2555,0,0,0,0,10
body_state_setup,graph_wide,10,9,38,500,0,0,0,0,0
machine_state_setup,graph_wide,10,9,39,2537,0,0,0,0,10
body_state_setup,graph_wide,10,9,39,481,0,0,0,0,0
fixture_generation,graph_sparse,10,9,0,2074,0,0,0,0,50
fixture_generation,graph_sparse,10,9,1,1982,0,0,0,0,50
fixture_generation,graph_sparse,10,9,2,1926,0,0,0,0,50
fixture_generation,graph_sparse,10,9,3,1963,0,0,0,0,50
fixture_generation,graph_sparse,10,9,4,1925,0,0,0,0,50
fixture_generation,graph_sparse,10,9,5,1908,0,0,0,0,50
fixture_generation,graph_sparse,10,9,6,2000,0,0,0,0,50
fixture_generation,graph_sparse,10,9,7,1907,0,0,0,0,50
fixture_generation,graph_sparse,10,9,8,1926,0,0,0,0,50
fixture_generation,graph_sparse,10,9,9,1908,0,0,0,0,50
fixture_generation,graph_sparse,10,9,10,1926,0,0,0,0,50
fixture_generation,graph_sparse,10,9,11,1982,0,0,0,0,50
fixture_generation,graph_sparse,10,9,12,2000,0,0,0,0,50
fixture_generation,graph_sparse,10,9,13,1908,0,0,0,0,50
fixture_generation,graph_sparse,10,9,14,1945,0,0,0,0,50
fixture_generation,graph_sparse,10,9,15,1926,0,0,0,0,50
fixture_generation,graph_sparse,10,9,16,1945,0,0,0,0,50
fixture_generation,graph_sparse,10,9,17,1908,0,0,0,0,50
fixture_generation,graph_sparse,10,9,18,1945,0,0,0,0,50
fixture_generation,graph_sparse,10,9,19,1908,0,0,0,0,50
plan_build,graph_sparse,10,9,0,26501,0,0,0,0,12
plan_build,graph_sparse,10,9,1,20297,0,0,0,0,12
plan_build,graph_sparse,10,9,2,19389,0,0,0,0,12
plan_build,graph_sparse,10,9,3,18981,0,0,0,0,12
plan_build,graph_sparse,10,9,4,18963,0,0,0,0,12
plan_build,graph_sparse,10,9,5,18445,0,0,0,0,12
plan_build,graph_sparse,10,9,6,18667,0,0,0,0,12
plan_build,graph_sparse,10,9,7,18556,0,0,0,0,12
plan_build,graph_sparse,10,9,8,18722,0,0,0,0,12
plan_build,graph_sparse,10,9,9,18445,0,0,0,0,12
plan_build,graph_sparse,10,9,10,18592,0,0,0,0,12
plan_build,graph_sparse,10,9,11,18408,0,0,0,0,12
plan_build,graph_sparse,10,9,12,18611,0,0,0,0,12
plan_build,graph_sparse,10,9,13,18426,0,0,0,0,12
plan_build,graph_sparse,10,9,14,18815,0,0,0,0,12
plan_build,graph_sparse,10,9,15,18574,0,0,0,0,12
plan_build,graph_sparse,10,9,16,18648,0,0,0,0,12
plan_build,graph_sparse,10,9,17,19000,0,0,0,0,12
plan_build,graph_sparse,10,9,18,18648,0,0,0,0,12
plan_build,graph_sparse,10,9,19,18630,0,0,0,0,12
plan_build_alloc,graph_sparse,10,9,0,0,158,35427,0,0,12
plan_declaration,graph_sparse,10,9,0,9833,0,0,0,0,10
plan_validation_freeze,graph_sparse,10,9,0,11908,0,0,0,0,12
plan_declaration,graph_sparse,10,9,1,9185,0,0,0,0,10
plan_validation_freeze,graph_sparse,10,9,1,11445,0,0,0,0,12
plan_declaration,graph_sparse,10,9,2,9204,0,0,0,0,10
plan_validation_freeze,graph_sparse,10,9,2,11426,0,0,0,0,12
plan_declaration,graph_sparse,10,9,3,9075,0,0,0,0,10
plan_validation_freeze,graph_sparse,10,9,3,11408,0,0,0,0,12
plan_declaration,graph_sparse,10,9,4,9333,0,0,0,0,10
plan_validation_freeze,graph_sparse,10,9,4,11463,0,0,0,0,12
plan_declaration,graph_sparse,10,9,5,9500,0,0,0,0,10
plan_validation_freeze,graph_sparse,10,9,5,11388,0,0,0,0,12
plan_declaration,graph_sparse,10,9,6,9592,0,0,0,0,10
plan_validation_freeze,graph_sparse,10,9,6,11297,0,0,0,0,12
plan_declaration,graph_sparse,10,9,7,9482,0,0,0,0,10
plan_validation_freeze,graph_sparse,10,9,7,11296,0,0,0,0,12
plan_declaration,graph_sparse,10,9,8,9407,0,0,0,0,10
plan_validation_freeze,graph_sparse,10,9,8,11240,0,0,0,0,12
plan_declaration,graph_sparse,10,9,9,9482,0,0,0,0,10
plan_validation_freeze,graph_sparse,10,9,9,11259,0,0,0,0,12
plan_declaration,graph_sparse,10,9,10,9333,0,0,0,0,10
plan_validation_freeze,graph_sparse,10,9,10,11314,0,0,0,0,12
plan_declaration,graph_sparse,10,9,11,9333,0,0,0,0,10
plan_validation_freeze,graph_sparse,10,9,11,11371,0,0,0,0,12
plan_declaration,graph_sparse,10,9,12,9500,0,0,0,0,10
plan_validation_freeze,graph_sparse,10,9,12,11352,0,0,0,0,12
plan_declaration,graph_sparse,10,9,13,9555,0,0,0,0,10
plan_validation_freeze,graph_sparse,10,9,13,11334,0,0,0,0,12
plan_declaration,graph_sparse,10,9,14,9259,0,0,0,0,10
plan_validation_freeze,graph_sparse,10,9,14,11240,0,0,0,0,12
plan_declaration,graph_sparse,10,9,15,9445,0,0,0,0,10
plan_validation_freeze,graph_sparse,10,9,15,11278,0,0,0,0,12
plan_declaration,graph_sparse,10,9,16,9352,0,0,0,0,10
plan_validation_freeze,graph_sparse,10,9,16,11259,0,0,0,0,12
plan_declaration,graph_sparse,10,9,17,9389,0,0,0,0,10
plan_validation_freeze,graph_sparse,10,9,17,11296,0,0,0,0,12
plan_declaration,graph_sparse,10,9,18,9315,0,0,0,0,10
plan_validation_freeze,graph_sparse,10,9,18,11297,0,0,0,0,12
plan_declaration,graph_sparse,10,9,19,9426,0,0,0,0,10
plan_validation_freeze,graph_sparse,10,9,19,12130,0,0,0,0,12
plan_declaration_alloc,graph_sparse,10,9,0,0,71,14197,0,0,10
plan_validation_freeze_alloc,graph_sparse,10,9,0,0,87,21230,0,0,12
engine_execution,graph_sparse,10,9,0,94500,0,0,0,0,13
engine_execution,graph_sparse,10,9,1,94778,0,0,0,0,12
engine_execution,graph_sparse,10,9,2,95667,0,0,0,0,15
engine_execution,graph_sparse,10,9,3,95685,0,0,0,0,14
engine_execution,graph_sparse,10,9,4,95407,0,0,0,0,9
engine_execution,graph_sparse,10,9,5,94963,0,0,0,0,8
engine_execution,graph_sparse,10,9,6,95148,0,0,0,0,11
engine_execution,graph_sparse,10,9,7,94222,0,0,0,0,10
engine_execution,graph_sparse,10,9,8,94500,0,0,0,0,5
engine_execution,graph_sparse,10,9,9,94927,0,0,0,0,4
engine_execution,graph_sparse,10,9,10,94834,0,0,0,0,7
engine_execution,graph_sparse,10,9,11,95093,0,0,0,0,6
engine_execution,graph_sparse,10,9,12,94833,0,0,0,0,1
engine_execution,graph_sparse,10,9,13,94204,0,0,0,0,0
engine_execution,graph_sparse,10,9,14,94407,0,0,0,0,3
engine_execution,graph_sparse,10,9,15,93352,0,0,0,0,2
engine_execution,graph_sparse,10,9,16,92741,0,0,0,0,29
engine_execution,graph_sparse,10,9,17,93482,0,0,0,0,28
engine_execution,graph_sparse,10,9,18,93964,0,0,0,0,31
engine_execution,graph_sparse,10,9,19,93778,0,0,0,0,30
engine_execution,graph_sparse,10,9,20,93778,0,0,0,0,25
engine_execution,graph_sparse,10,9,21,93556,0,0,0,0,24
engine_execution,graph_sparse,10,9,22,93186,0,0,0,0,27
engine_execution,graph_sparse,10,9,23,93241,0,0,0,0,26
engine_execution,graph_sparse,10,9,24,92778,0,0,0,0,21
engine_execution,graph_sparse,10,9,25,93389,0,0,0,0,20
engine_execution,graph_sparse,10,9,26,93592,0,0,0,0,23
engine_execution,graph_sparse,10,9,27,93574,0,0,0,0,22
engine_execution,graph_sparse,10,9,28,94890,0,0,0,0,17
engine_execution,graph_sparse,10,9,29,93500,0,0,0,0,16
engine_execution,graph_sparse,10,9,30,93297,0,0,0,0,19
engine_execution,graph_sparse,10,9,31,92519,0,0,0,0,18
engine_execution,graph_sparse,10,9,32,92926,0,0,0,0,45
engine_execution,graph_sparse,10,9,33,115112,0,0,0,0,44
engine_execution,graph_sparse,10,9,34,94982,0,0,0,0,47
engine_execution,graph_sparse,10,9,35,93537,0,0,0,0,46
engine_execution,graph_sparse,10,9,36,93852,0,0,0,0,41
engine_execution,graph_sparse,10,9,37,94037,0,0,0,0,40
engine_execution,graph_sparse,10,9,38,93815,0,0,0,0,43
engine_execution,graph_sparse,10,9,39,94445,0,0,0,0,42
engine_execution_alloc,graph_sparse,10,9,0,0,567,48041,0,0,23127
machine_state_setup,graph_sparse,10,9,0,6871,0,0,0,0,10
body_state_setup,graph_sparse,10,9,0,704,0,0,0,0,0
machine_state_setup,graph_sparse,10,9,1,3130,0,0,0,0,10
body_state_setup,graph_sparse,10,9,1,575,0,0,0,0,0
machine_state_setup,graph_sparse,10,9,2,3056,0,0,0,0,10
body_state_setup,graph_sparse,10,9,2,518,0,0,0,0,0
machine_state_setup,graph_sparse,10,9,3,3037,0,0,0,0,10
body_state_setup,graph_sparse,10,9,3,518,0,0,0,0,0
machine_state_setup,graph_sparse,10,9,4,2889,0,0,0,0,10
body_state_setup,graph_sparse,10,9,4,482,0,0,0,0,0
machine_state_setup,graph_sparse,10,9,5,2945,0,0,0,0,10
body_state_setup,graph_sparse,10,9,5,500,0,0,0,0,0
machine_state_setup,graph_sparse,10,9,6,2833,0,0,0,0,10
body_state_setup,graph_sparse,10,9,6,481,0,0,0,0,0
machine_state_setup,graph_sparse,10,9,7,2667,0,0,0,0,10
body_state_setup,graph_sparse,10,9,7,500,0,0,0,0,0
machine_state_setup,graph_sparse,10,9,8,2778,0,0,0,0,10
body_state_setup,graph_sparse,10,9,8,519,0,0,0,0,0
machine_state_setup,graph_sparse,10,9,9,2593,0,0,0,0,10
body_state_setup,graph_sparse,10,9,9,500,0,0,0,0,0
machine_state_setup,graph_sparse,10,9,10,2648,0,0,0,0,10
body_state_setup,graph_sparse,10,9,10,500,0,0,0,0,0
machine_state_setup,graph_sparse,10,9,11,2815,0,0,0,0,10
body_state_setup,graph_sparse,10,9,11,519,0,0,0,0,0
machine_state_setup,graph_sparse,10,9,12,2945,0,0,0,0,10
body_state_setup,graph_sparse,10,9,12,500,0,0,0,0,0
machine_state_setup,graph_sparse,10,9,13,2667,0,0,0,0,10
body_state_setup,graph_sparse,10,9,13,500,0,0,0,0,0
machine_state_setup,graph_sparse,10,9,14,2667,0,0,0,0,10
body_state_setup,graph_sparse,10,9,14,518,0,0,0,0,0
machine_state_setup,graph_sparse,10,9,15,2611,0,0,0,0,10
body_state_setup,graph_sparse,10,9,15,519,0,0,0,0,0
machine_state_setup,graph_sparse,10,9,16,2592,0,0,0,0,10
body_state_setup,graph_sparse,10,9,16,481,0,0,0,0,0
machine_state_setup,graph_sparse,10,9,17,2630,0,0,0,0,10
body_state_setup,graph_sparse,10,9,17,500,0,0,0,0,0
machine_state_setup,graph_sparse,10,9,18,2777,0,0,0,0,10
body_state_setup,graph_sparse,10,9,18,500,0,0,0,0,0
machine_state_setup,graph_sparse,10,9,19,2907,0,0,0,0,10
body_state_setup,graph_sparse,10,9,19,500,0,0,0,0,0
machine_state_setup,graph_sparse,10,9,20,2722,0,0,0,0,10
body_state_setup,graph_sparse,10,9,20,556,0,0,0,0,0
machine_state_setup,graph_sparse,10,9,21,2555,0,0,0,0,10
body_state_setup,graph_sparse,10,9,21,500,0,0,0,0,0
machine_state_setup,graph_sparse,10,9,22,2575,0,0,0,0,10
body_state_setup,graph_sparse,10,9,22,481,0,0,0,0,0
machine_state_setup,graph_sparse,10,9,23,2648,0,0,0,0,10
body_state_setup,graph_sparse,10,9,23,500,0,0,0,0,0
machine_state_setup,graph_sparse,10,9,24,2537,0,0,0,0,10
body_state_setup,graph_sparse,10,9,24,518,0,0,0,0,0
machine_state_setup,graph_sparse,10,9,25,2722,0,0,0,0,10
body_state_setup,graph_sparse,10,9,25,500,0,0,0,0,0
machine_state_setup,graph_sparse,10,9,26,2797,0,0,0,0,10
body_state_setup,graph_sparse,10,9,26,519,0,0,0,0,0
machine_state_setup,graph_sparse,10,9,27,2667,0,0,0,0,10
body_state_setup,graph_sparse,10,9,27,500,0,0,0,0,0
machine_state_setup,graph_sparse,10,9,28,2593,0,0,0,0,10
body_state_setup,graph_sparse,10,9,28,519,0,0,0,0,0
machine_state_setup,graph_sparse,10,9,29,2612,0,0,0,0,10
body_state_setup,graph_sparse,10,9,29,500,0,0,0,0,0
machine_state_setup,graph_sparse,10,9,30,2555,0,0,0,0,10
body_state_setup,graph_sparse,10,9,30,500,0,0,0,0,0
machine_state_setup,graph_sparse,10,9,31,2593,0,0,0,0,10
body_state_setup,graph_sparse,10,9,31,519,0,0,0,0,0
machine_state_setup,graph_sparse,10,9,32,2611,0,0,0,0,10
body_state_setup,graph_sparse,10,9,32,537,0,0,0,0,0
machine_state_setup,graph_sparse,10,9,33,2833,0,0,0,0,10
body_state_setup,graph_sparse,10,9,33,518,0,0,0,0,0
machine_state_setup,graph_sparse,10,9,34,2796,0,0,0,0,10
body_state_setup,graph_sparse,10,9,34,518,0,0,0,0,0
machine_state_setup,graph_sparse,10,9,35,2592,0,0,0,0,10
body_state_setup,graph_sparse,10,9,35,500,0,0,0,0,0
machine_state_setup,graph_sparse,10,9,36,2538,0,0,0,0,10
body_state_setup,graph_sparse,10,9,36,500,0,0,0,0,0
machine_state_setup,graph_sparse,10,9,37,2574,0,0,0,0,10
body_state_setup,graph_sparse,10,9,37,500,0,0,0,0,0
machine_state_setup,graph_sparse,10,9,38,2593,0,0,0,0,10
body_state_setup,graph_sparse,10,9,38,500,0,0,0,0,0
machine_state_setup,graph_sparse,10,9,39,2611,0,0,0,0,10
body_state_setup,graph_sparse,10,9,39,518,0,0,0,0,0
fixture_generation,graph_chain,100,99,0,24018,0,0,0,0,500
fixture_generation,graph_chain,100,99,1,23685,0,0,0,0,500
fixture_generation,graph_chain,100,99,2,23649,0,0,0,0,500
fixture_generation,graph_chain,100,99,3,24093,0,0,0,0,500
fixture_generation,graph_chain,100,99,4,24112,0,0,0,0,500
fixture_generation,graph_chain,100,99,5,24037,0,0,0,0,500
fixture_generation,graph_chain,100,99,6,24000,0,0,0,0,500
fixture_generation,graph_chain,100,99,7,23926,0,0,0,0,500
fixture_generation,graph_chain,100,99,8,23907,0,0,0,0,500
fixture_generation,graph_chain,100,99,9,23759,0,0,0,0,500
fixture_generation,graph_chain,100,99,10,23852,0,0,0,0,500
fixture_generation,graph_chain,100,99,11,23555,0,0,0,0,500
fixture_generation,graph_chain,100,99,12,23759,0,0,0,0,500
fixture_generation,graph_chain,100,99,13,23852,0,0,0,0,500
fixture_generation,graph_chain,100,99,14,23519,0,0,0,0,500
fixture_generation,graph_chain,100,99,15,23833,0,0,0,0,500
fixture_generation,graph_chain,100,99,16,23666,0,0,0,0,500
fixture_generation,graph_chain,100,99,17,23870,0,0,0,0,500
fixture_generation,graph_chain,100,99,18,24222,0,0,0,0,500
fixture_generation,graph_chain,100,99,19,23648,0,0,0,0,500
plan_build,graph_chain,100,99,0,220056,0,0,0,0,11
plan_build,graph_chain,100,99,1,211964,0,0,0,0,11
plan_build,graph_chain,100,99,2,209704,0,0,0,0,11
plan_build,graph_chain,100,99,3,207778,0,0,0,0,11
plan_build,graph_chain,100,99,4,206741,0,0,0,0,11
plan_build,graph_chain,100,99,5,208149,0,0,0,0,11
plan_build,graph_chain,100,99,6,206704,0,0,0,0,11
plan_build,graph_chain,100,99,7,205871,0,0,0,0,11
plan_build,graph_chain,100,99,8,205852,0,0,0,0,11
plan_build,graph_chain,100,99,9,205463,0,0,0,0,11
plan_build,graph_chain,100,99,10,205575,0,0,0,0,11
plan_build,graph_chain,100,99,11,204686,0,0,0,0,11
plan_build,graph_chain,100,99,12,215408,0,0,0,0,11
plan_build,graph_chain,100,99,13,206297,0,0,0,0,11
plan_build,graph_chain,100,99,14,205537,0,0,0,0,11
plan_build,graph_chain,100,99,15,204389,0,0,0,0,11
plan_build,graph_chain,100,99,16,203130,0,0,0,0,11
plan_build,graph_chain,100,99,17,204945,0,0,0,0,11
plan_build,graph_chain,100,99,18,207815,0,0,0,0,11
plan_build,graph_chain,100,99,19,205315,0,0,0,0,11
plan_build_alloc,graph_chain,100,99,0,0,1269,306567,0,0,11
plan_declaration,graph_chain,100,99,0,72741,0,0,0,0,100
plan_validation_freeze,graph_chain,100,99,0,151964,0,0,0,0,11
plan_declaration,graph_chain,100,99,1,72204,0,0,0,0,100
plan_validation_freeze,graph_chain,100,99,1,150834,0,0,0,0,11
plan_declaration,graph_chain,100,99,2,70963,0,0,0,0,100
plan_validation_freeze,graph_chain,100,99,2,150556,0,0,0,0,11
plan_declaration,graph_chain,100,99,3,71297,0,0,0,0,100
plan_validation_freeze,graph_chain,100,99,3,150334,0,0,0,0,11
plan_declaration,graph_chain,100,99,4,71037,0,0,0,0,100
plan_validation_freeze,graph_chain,100,99,4,150945,0,0,0,0,11
plan_declaration,graph_chain,100,99,5,71075,0,0,0,0,100
plan_validation_freeze,graph_chain,100,99,5,151482,0,0,0,0,11
plan_declaration,graph_chain,100,99,6,70648,0,0,0,0,100
plan_validation_freeze,graph_chain,100,99,6,150778,0,0,0,0,11
plan_declaration,graph_chain,100,99,7,70834,0,0,0,0,100
plan_validation_freeze,graph_chain,100,99,7,156112,0,0,0,0,11
plan_declaration,graph_chain,100,99,8,70926,0,0,0,0,100
plan_validation_freeze,graph_chain,100,99,8,151500,0,0,0,0,11
plan_declaration,graph_chain,100,99,9,70982,0,0,0,0,100
plan_validation_freeze,graph_chain,100,99,9,151260,0,0,0,0,11
plan_declaration,graph_chain,100,99,10,71427,0,0,0,0,100
plan_validation_freeze,graph_chain,100,99,10,150093,0,0,0,0,11
plan_declaration,graph_chain,100,99,11,70981,0,0,0,0,100
plan_validation_freeze,graph_chain,100,99,11,150908,0,0,0,0,11
plan_declaration,graph_chain,100,99,12,70445,0,0,0,0,100
plan_validation_freeze,graph_chain,100,99,12,150574,0,0,0,0,11
plan_declaration,graph_chain,100,99,13,70666,0,0,0,0,100
plan_validation_freeze,graph_chain,100,99,13,151167,0,0,0,0,11
plan_declaration,graph_chain,100,99,14,70260,0,0,0,0,100
plan_validation_freeze,graph_chain,100,99,14,151556,0,0,0,0,11
plan_declaration,graph_chain,100,99,15,70796,0,0,0,0,100
plan_validation_freeze,graph_chain,100,99,15,150167,0,0,0,0,11
plan_declaration,graph_chain,100,99,16,70612,0,0,0,0,100
plan_validation_freeze,graph_chain,100,99,16,151000,0,0,0,0,11
plan_declaration,graph_chain,100,99,17,70834,0,0,0,0,100
plan_validation_freeze,graph_chain,100,99,17,151334,0,0,0,0,11
plan_declaration,graph_chain,100,99,18,70556,0,0,0,0,100
plan_validation_freeze,graph_chain,100,99,18,150649,0,0,0,0,11
plan_declaration,graph_chain,100,99,19,70630,0,0,0,0,100
plan_validation_freeze,graph_chain,100,99,19,149871,0,0,0,0,11
plan_declaration_alloc,graph_chain,100,99,0,0,536,126952,0,0,100
plan_validation_freeze_alloc,graph_chain,100,99,0,0,733,179615,0,0,11
engine_execution,graph_chain,100,99,0,1153226,0,0,0,0,1
engine_execution,graph_chain,100,99,1,1152022,0,0,0,0,0
engine_execution,graph_chain,100,99,2,1164189,0,0,0,0,3
engine_execution,graph_chain,100,99,3,1152022,0,0,0,0,2
engine_execution,graph_chain,100,99,4,1187744,0,0,0,0,5
engine_execution,graph_chain,100,99,5,1158170,0,0,0,0,4
engine_execution,graph_chain,100,99,6,1115634,0,0,0,0,7
engine_execution,graph_chain,100,99,7,1181430,0,0,0,0,6
engine_execution,graph_chain,100,99,8,1114208,0,0,0,0,9
engine_execution,graph_chain,100,99,9,1178614,0,0,0,0,8
engine_execution,graph_chain,100,99,10,1156725,0,0,0,0,11
engine_execution,graph_chain,100,99,11,1195171,0,0,0,0,10
engine_execution,graph_chain,100,99,12,1168300,0,0,0,0,13
engine_execution,graph_chain,100,99,13,1157448,0,0,0,0,12
engine_execution,graph_chain,100,99,14,1124707,0,0,0,0,15
engine_execution,graph_chain,100,99,15,1245060,0,0,0,0,14
engine_execution,graph_chain,100,99,16,1271689,0,0,0,0,17
engine_execution,graph_chain,100,99,17,1160689,0,0,0,0,16
engine_execution,graph_chain,100,99,18,1155985,0,0,0,0,19
engine_execution,graph_chain,100,99,19,1169022,0,0,0,0,18
engine_execution,graph_chain,100,99,20,1154355,0,0,0,0,21
engine_execution,graph_chain,100,99,21,1149096,0,0,0,0,20
engine_execution,graph_chain,100,99,22,1204059,0,0,0,0,23
engine_execution,graph_chain,100,99,23,1172115,0,0,0,0,22
engine_execution,graph_chain,100,99,24,1125355,0,0,0,0,25
engine_execution,graph_chain,100,99,25,1186189,0,0,0,0,24
engine_execution,graph_chain,100,99,26,1133170,0,0,0,0,27
engine_execution,graph_chain,100,99,27,1183171,0,0,0,0,26
engine_execution,graph_chain,100,99,28,1152485,0,0,0,0,29
engine_execution,graph_chain,100,99,29,1166059,0,0,0,0,28
engine_execution,graph_chain,100,99,30,1122318,0,0,0,0,31
engine_execution,graph_chain,100,99,31,1185856,0,0,0,0,30
engine_execution,graph_chain,100,99,32,1119300,0,0,0,0,33
engine_execution,graph_chain,100,99,33,1165318,0,0,0,0,32
engine_execution,graph_chain,100,99,34,1191819,0,0,0,0,35
engine_execution,graph_chain,100,99,35,1118651,0,0,0,0,34
engine_execution,graph_chain,100,99,36,1198430,0,0,0,0,37
engine_execution,graph_chain,100,99,37,1123892,0,0,0,0,36
engine_execution,graph_chain,100,99,38,1157596,0,0,0,0,39
engine_execution,graph_chain,100,99,39,832039,0,0,0,0,38
engine_execution_alloc,graph_chain,100,99,0,0,5262,533272,0,0,23131
machine_state_setup,graph_chain,100,99,0,17019,0,0,0,0,100
body_state_setup,graph_chain,100,99,0,3500,0,0,0,0,0
machine_state_setup,graph_chain,100,99,1,13926,0,0,0,0,100
body_state_setup,graph_chain,100,99,1,3055,0,0,0,0,0
machine_state_setup,graph_chain,100,99,2,13722,0,0,0,0,100
body_state_setup,graph_chain,100,99,2,2981,0,0,0,0,0
machine_state_setup,graph_chain,100,99,3,13444,0,0,0,0,100
body_state_setup,graph_chain,100,99,3,2981,0,0,0,0,0
machine_state_setup,graph_chain,100,99,4,13519,0,0,0,0,100
body_state_setup,graph_chain,100,99,4,2870,0,0,0,0,0
machine_state_setup,graph_chain,100,99,5,13537,0,0,0,0,100
body_state_setup,graph_chain,100,99,5,2852,0,0,0,0,0
machine_state_setup,graph_chain,100,99,6,13500,0,0,0,0,100
body_state_setup,graph_chain,100,99,6,2926,0,0,0,0,0
machine_state_setup,graph_chain,100,99,7,13629,0,0,0,0,100
body_state_setup,graph_chain,100,99,7,3093,0,0,0,0,0
machine_state_setup,graph_chain,100,99,8,13574,0,0,0,0,100
body_state_setup,graph_chain,100,99,8,3000,0,0,0,0,0
machine_state_setup,graph_chain,100,99,9,13574,0,0,0,0,100
body_state_setup,graph_chain,100,99,9,2796,0,0,0,0,0
machine_state_setup,graph_chain,100,99,10,13538,0,0,0,0,100
body_state_setup,graph_chain,100,99,10,2926,0,0,0,0,0
machine_state_setup,graph_chain,100,99,11,13963,0,0,0,0,100
body_state_setup,graph_chain,100,99,11,2944,0,0,0,0,0
machine_state_setup,graph_chain,100,99,12,13666,0,0,0,0,100
body_state_setup,graph_chain,100,99,12,2889,0,0,0,0,0
machine_state_setup,graph_chain,100,99,13,13611,0,0,0,0,100
body_state_setup,graph_chain,100,99,13,2926,0,0,0,0,0
machine_state_setup,graph_chain,100,99,14,13611,0,0,0,0,100
body_state_setup,graph_chain,100,99,14,2908,0,0,0,0,0
machine_state_setup,graph_chain,100,99,15,13704,0,0,0,0,100
body_state_setup,graph_chain,100,99,15,3037,0,0,0,0,0
machine_state_setup,graph_chain,100,99,16,13833,0,0,0,0,100
body_state_setup,graph_chain,100,99,16,2796,0,0,0,0,0
machine_state_setup,graph_chain,100,99,17,17037,0,0,0,0,100
body_state_setup,graph_chain,100,99,17,2907,0,0,0,0,0
machine_state_setup,graph_chain,100,99,18,13666,0,0,0,0,100
body_state_setup,graph_chain,100,99,18,2926,0,0,0,0,0
machine_state_setup,graph_chain,100,99,19,13593,0,0,0,0,100
body_state_setup,graph_chain,100,99,19,3037,0,0,0,0,0
machine_state_setup,graph_chain,100,99,20,15760,0,0,0,0,100
body_state_setup,graph_chain,100,99,20,2908,0,0,0,0,0
machine_state_setup,graph_chain,100,99,21,13722,0,0,0,0,100
body_state_setup,graph_chain,100,99,21,2852,0,0,0,0,0
machine_state_setup,graph_chain,100,99,22,13593,0,0,0,0,100
body_state_setup,graph_chain,100,99,22,2944,0,0,0,0,0
machine_state_setup,graph_chain,100,99,23,17481,0,0,0,0,100
body_state_setup,graph_chain,100,99,23,3074,0,0,0,0,0
machine_state_setup,graph_chain,100,99,24,13649,0,0,0,0,100
body_state_setup,graph_chain,100,99,24,2870,0,0,0,0,0
machine_state_setup,graph_chain,100,99,25,13574,0,0,0,0,100
body_state_setup,graph_chain,100,99,25,2944,0,0,0,0,0
machine_state_setup,graph_chain,100,99,26,15204,0,0,0,0,100
body_state_setup,graph_chain,100,99,26,2945,0,0,0,0,0
machine_state_setup,graph_chain,100,99,27,13574,0,0,0,0,100
body_state_setup,graph_chain,100,99,27,2963,0,0,0,0,0
machine_state_setup,graph_chain,100,99,28,13649,0,0,0,0,100
body_state_setup,graph_chain,100,99,28,2926,0,0,0,0,0
machine_state_setup,graph_chain,100,99,29,15482,0,0,0,0,100
body_state_setup,graph_chain,100,99,29,3074,0,0,0,0,0
machine_state_setup,graph_chain,100,99,30,13667,0,0,0,0,100
body_state_setup,graph_chain,100,99,30,3056,0,0,0,0,0
machine_state_setup,graph_chain,100,99,31,13593,0,0,0,0,100
body_state_setup,graph_chain,100,99,31,3056,0,0,0,0,0
machine_state_setup,graph_chain,100,99,32,15222,0,0,0,0,100
body_state_setup,graph_chain,100,99,32,2945,0,0,0,0,0
machine_state_setup,graph_chain,100,99,33,13667,0,0,0,0,100
body_state_setup,graph_chain,100,99,33,2926,0,0,0,0,0
machine_state_setup,graph_chain,100,99,34,13759,0,0,0,0,100
body_state_setup,graph_chain,100,99,34,2760,0,0,0,0,0
machine_state_setup,graph_chain,100,99,35,14889,0,0,0,0,100
body_state_setup,graph_chain,100,99,35,2889,0,0,0,0,0
machine_state_setup,graph_chain,100,99,36,13592,0,0,0,0,100
body_state_setup,graph_chain,100,99,36,2871,0,0,0,0,0
machine_state_setup,graph_chain,100,99,37,13593,0,0,0,0,100
body_state_setup,graph_chain,100,99,37,2833,0,0,0,0,0
machine_state_setup,graph_chain,100,99,38,15167,0,0,0,0,100
body_state_setup,graph_chain,100,99,38,2982,0,0,0,0,0
machine_state_setup,graph_chain,100,99,39,13500,0,0,0,0,100
body_state_setup,graph_chain,100,99,39,2944,0,0,0,0,0
pure_machine_events_preseeded,graph_chain,100,99,0,271760,0,0,0,0,101
pure_machine_events_preseeded,graph_chain,100,99,1,266426,0,0,0,0,101
pure_machine_events_preseeded,graph_chain,100,99,2,265779,0,0,0,0,101
pure_machine_events_preseeded,graph_chain,100,99,3,265408,0,0,0,0,101
pure_machine_events_preseeded,graph_chain,100,99,4,265223,0,0,0,0,101
pure_machine_events_preseeded,graph_chain,100,99,5,264779,0,0,0,0,101
pure_machine_events_preseeded,graph_chain,100,99,6,264853,0,0,0,0,101
pure_machine_events_preseeded,graph_chain,100,99,7,307890,0,0,0,0,101
pure_machine_events_preseeded,graph_chain,100,99,8,265501,0,0,0,0,101
pure_machine_events_preseeded,graph_chain,100,99,9,265149,0,0,0,0,101
pure_machine_events_preseeded,graph_chain,100,99,10,265038,0,0,0,0,101
pure_machine_events_preseeded,graph_chain,100,99,11,273260,0,0,0,0,101
pure_machine_events_preseeded,graph_chain,100,99,12,264760,0,0,0,0,101
pure_machine_events_preseeded,graph_chain,100,99,13,264390,0,0,0,0,101
pure_machine_events_preseeded,graph_chain,100,99,14,265075,0,0,0,0,101
pure_machine_events_preseeded,graph_chain,100,99,15,264871,0,0,0,0,101
pure_machine_events_preseeded,graph_chain,100,99,16,263260,0,0,0,0,101
pure_machine_events_preseeded,graph_chain,100,99,17,265186,0,0,0,0,101
pure_machine_events_preseeded,graph_chain,100,99,18,265575,0,0,0,0,101
pure_machine_events_preseeded,graph_chain,100,99,19,264260,0,0,0,0,101
pure_machine_events_preseeded,graph_chain,100,99,20,266297,0,0,0,0,101
pure_machine_events_preseeded,graph_chain,100,99,21,265779,0,0,0,0,101
pure_machine_events_preseeded,graph_chain,100,99,22,265482,0,0,0,0,101
pure_machine_events_preseeded,graph_chain,100,99,23,265927,0,0,0,0,101
pure_machine_events_preseeded,graph_chain,100,99,24,265723,0,0,0,0,101
pure_machine_events_preseeded,graph_chain,100,99,25,265446,0,0,0,0,101
pure_machine_events_preseeded,graph_chain,100,99,26,275001,0,0,0,0,101
pure_machine_events_preseeded,graph_chain,100,99,27,265890,0,0,0,0,101
pure_machine_events_preseeded,graph_chain,100,99,28,265760,0,0,0,0,101
pure_machine_events_preseeded,graph_chain,100,99,29,265964,0,0,0,0,101
pure_machine_events_preseeded,graph_chain,100,99,30,265834,0,0,0,0,101
pure_machine_events_preseeded,graph_chain,100,99,31,265908,0,0,0,0,101
pure_machine_events_preseeded,graph_chain,100,99,32,266297,0,0,0,0,101
pure_machine_events_preseeded,graph_chain,100,99,33,265835,0,0,0,0,101
pure_machine_events_preseeded,graph_chain,100,99,34,265853,0,0,0,0,101
pure_machine_events_preseeded,graph_chain,100,99,35,266278,0,0,0,0,101
pure_machine_events_preseeded,graph_chain,100,99,36,265593,0,0,0,0,101
pure_machine_events_preseeded,graph_chain,100,99,37,265538,0,0,0,0,101
pure_machine_events_preseeded,graph_chain,100,99,38,264390,0,0,0,0,101
pure_machine_events_preseeded,graph_chain,100,99,39,266019,0,0,0,0,101
fixture_generation,graph_wide,100,99,0,15889,0,0,0,0,500
fixture_generation,graph_wide,100,99,1,16019,0,0,0,0,500
fixture_generation,graph_wide,100,99,2,15889,0,0,0,0,500
fixture_generation,graph_wide,100,99,3,15944,0,0,0,0,500
fixture_generation,graph_wide,100,99,4,15666,0,0,0,0,500
fixture_generation,graph_wide,100,99,5,15981,0,0,0,0,500
fixture_generation,graph_wide,100,99,6,16111,0,0,0,0,500
fixture_generation,graph_wide,100,99,7,16092,0,0,0,0,500
fixture_generation,graph_wide,100,99,8,16130,0,0,0,0,500
fixture_generation,graph_wide,100,99,9,16130,0,0,0,0,500
fixture_generation,graph_wide,100,99,10,16000,0,0,0,0,500
fixture_generation,graph_wide,100,99,11,16278,0,0,0,0,500
fixture_generation,graph_wide,100,99,12,16222,0,0,0,0,500
fixture_generation,graph_wide,100,99,13,16092,0,0,0,0,500
fixture_generation,graph_wide,100,99,14,16074,0,0,0,0,500
fixture_generation,graph_wide,100,99,15,16204,0,0,0,0,500
fixture_generation,graph_wide,100,99,16,16148,0,0,0,0,500
fixture_generation,graph_wide,100,99,17,16093,0,0,0,0,500
fixture_generation,graph_wide,100,99,18,21185,0,0,0,0,500
fixture_generation,graph_wide,100,99,19,16093,0,0,0,0,500
plan_build,graph_wide,100,99,0,157704,0,0,0,0,10
plan_build,graph_wide,100,99,1,146167,0,0,0,0,10
plan_build,graph_wide,100,99,2,144445,0,0,0,0,10
plan_build,graph_wide,100,99,3,143445,0,0,0,0,10
plan_build,graph_wide,100,99,4,143222,0,0,0,0,10
plan_build,graph_wide,100,99,5,142481,0,0,0,0,10
plan_build,graph_wide,100,99,6,141741,0,0,0,0,10
plan_build,graph_wide,100,99,7,140964,0,0,0,0,10
plan_build,graph_wide,100,99,8,140130,0,0,0,0,10
plan_build,graph_wide,100,99,9,140297,0,0,0,0,10
plan_build,graph_wide,100,99,10,140370,0,0,0,0,10
plan_build,graph_wide,100,99,11,142111,0,0,0,0,10
plan_build,graph_wide,100,99,12,140871,0,0,0,0,10
plan_build,graph_wide,100,99,13,140815,0,0,0,0,10
plan_build,graph_wide,100,99,14,140111,0,0,0,0,10
plan_build,graph_wide,100,99,15,140870,0,0,0,0,10
plan_build,graph_wide,100,99,16,140149,0,0,0,0,10
plan_build,graph_wide,100,99,17,140426,0,0,0,0,10
plan_build,graph_wide,100,99,18,140223,0,0,0,0,10
plan_build,graph_wide,100,99,19,140593,0,0,0,0,10
plan_build_alloc,graph_wide,100,99,0,0,1176,305413,0,0,10
plan_declaration,graph_wide,100,99,0,48555,0,0,0,0,100
plan_validation_freeze,graph_wide,100,99,0,106723,0,0,0,0,10
plan_declaration,graph_wide,100,99,1,47222,0,0,0,0,100
plan_validation_freeze,graph_wide,100,99,1,105296,0,0,0,0,10
plan_declaration,graph_wide,100,99,2,46778,0,0,0,0,100
plan_validation_freeze,graph_wide,100,99,2,104759,0,0,0,0,10
plan_declaration,graph_wide,100,99,3,46963,0,0,0,0,100
plan_validation_freeze,graph_wide,100,99,3,104833,0,0,0,0,10
plan_declaration,graph_wide,100,99,4,46945,0,0,0,0,100
plan_validation_freeze,graph_wide,100,99,4,104908,0,0,0,0,10
plan_declaration,graph_wide,100,99,5,52222,0,0,0,0,100
plan_validation_freeze,graph_wide,100,99,5,105778,0,0,0,0,10
plan_declaration,graph_wide,100,99,6,46870,0,0,0,0,100
plan_validation_freeze,graph_wide,100,99,6,104667,0,0,0,0,10
plan_declaration,graph_wide,100,99,7,46723,0,0,0,0,100
plan_validation_freeze,graph_wide,100,99,7,104722,0,0,0,0,10
plan_declaration,graph_wide,100,99,8,46778,0,0,0,0,100
plan_validation_freeze,graph_wide,100,99,8,104982,0,0,0,0,10
plan_declaration,graph_wide,100,99,9,46741,0,0,0,0,100
plan_validation_freeze,graph_wide,100,99,9,105149,0,0,0,0,10
plan_declaration,graph_wide,100,99,10,46871,0,0,0,0,100
plan_validation_freeze,graph_wide,100,99,10,105074,0,0,0,0,10
plan_declaration,graph_wide,100,99,11,46834,0,0,0,0,100
plan_validation_freeze,graph_wide,100,99,11,104852,0,0,0,0,10
plan_declaration,graph_wide,100,99,12,47112,0,0,0,0,100
plan_validation_freeze,graph_wide,100,99,12,104963,0,0,0,0,10
plan_declaration,graph_wide,100,99,13,46889,0,0,0,0,100
plan_validation_freeze,graph_wide,100,99,13,104926,0,0,0,0,10
plan_declaration,graph_wide,100,99,14,46926,0,0,0,0,100
plan_validation_freeze,graph_wide,100,99,14,104704,0,0,0,0,10
plan_declaration,graph_wide,100,99,15,47167,0,0,0,0,100
plan_validation_freeze,graph_wide,100,99,15,104630,0,0,0,0,10
plan_declaration,graph_wide,100,99,16,47056,0,0,0,0,100
plan_validation_freeze,graph_wide,100,99,16,104463,0,0,0,0,10
plan_declaration,graph_wide,100,99,17,47037,0,0,0,0,100
plan_validation_freeze,graph_wide,100,99,17,106315,0,0,0,0,10
plan_declaration,graph_wide,100,99,18,46889,0,0,0,0,100
plan_validation_freeze,graph_wide,100,99,18,105148,0,0,0,0,10
plan_declaration,graph_wide,100,99,19,46889,0,0,0,0,100
plan_validation_freeze,graph_wide,100,99,19,105000,0,0,0,0,10
plan_declaration_alloc,graph_wide,100,99,0,0,536,126951,0,0,100
plan_validation_freeze_alloc,graph_wide,100,99,0,0,640,178462,0,0,10
engine_execution,graph_wide,100,99,0,666020,0,0,0,0,98
engine_execution,graph_wide,100,99,1,662262,0,0,0,0,99
engine_execution,graph_wide,100,99,2,666021,0,0,0,0,96
engine_execution,graph_wide,100,99,3,664021,0,0,0,0,97
engine_execution,graph_wide,100,99,4,663095,0,0,0,0,102
engine_execution,graph_wide,100,99,5,674798,0,0,0,0,103
engine_execution,graph_wide,100,99,6,663447,0,0,0,0,100
engine_execution,graph_wide,100,99,7,663724,0,0,0,0,101
engine_execution,graph_wide,100,99,8,663335,0,0,0,0,106
engine_execution,graph_wide,100,99,9,662465,0,0,0,0,107
engine_execution,graph_wide,100,99,10,664335,0,0,0,0,104
engine_execution,graph_wide,100,99,11,669428,0,0,0,0,105
engine_execution,graph_wide,100,99,12,664928,0,0,0,0,110
engine_execution,graph_wide,100,99,13,665872,0,0,0,0,111
engine_execution,graph_wide,100,99,14,662465,0,0,0,0,108
engine_execution,graph_wide,100,99,15,662076,0,0,0,0,109
engine_execution,graph_wide,100,99,16,663225,0,0,0,0,114
engine_execution,graph_wide,100,99,17,673131,0,0,0,0,115
engine_execution,graph_wide,100,99,18,668095,0,0,0,0,112
engine_execution,graph_wide,100,99,19,664428,0,0,0,0,113
engine_execution,graph_wide,100,99,20,662650,0,0,0,0,118
engine_execution,graph_wide,100,99,21,662909,0,0,0,0,119
engine_execution,graph_wide,100,99,22,667095,0,0,0,0,116
engine_execution,graph_wide,100,99,23,1362764,0,0,0,0,117
engine_execution,graph_wide,100,99,24,681058,0,0,0,0,122
engine_execution,graph_wide,100,99,25,664687,0,0,0,0,123
engine_execution,graph_wide,100,99,26,663206,0,0,0,0,120
engine_execution,graph_wide,100,99,27,671373,0,0,0,0,121
engine_execution,graph_wide,100,99,28,702688,0,0,0,0,126
engine_execution,graph_wide,100,99,29,677965,0,0,0,0,127
engine_execution,graph_wide,100,99,30,726391,0,0,0,0,124
engine_execution,graph_wide,100,99,31,692520,0,0,0,0,125
engine_execution,graph_wide,100,99,32,677687,0,0,0,0,66
engine_execution,graph_wide,100,99,33,680724,0,0,0,0,67
engine_execution,graph_wide,100,99,34,673576,0,0,0,0,64
engine_execution,graph_wide,100,99,35,666353,0,0,0,0,65
engine_execution,graph_wide,100,99,36,667576,0,0,0,0,70
engine_execution,graph_wide,100,99,37,666854,0,0,0,0,71
engine_execution,graph_wide,100,99,38,665354,0,0,0,0,68
engine_execution,graph_wide,100,99,39,673983,0,0,0,0,69
engine_execution_alloc,graph_wide,100,99,0,0,4990,488503,0,0,23096
machine_state_setup,graph_wide,100,99,0,18370,0,0,0,0,100
body_state_setup,graph_wide,100,99,0,3574,0,0,0,0,0
machine_state_setup,graph_wide,100,99,1,13963,0,0,0,0,100
body_state_setup,graph_wide,100,99,1,3352,0,0,0,0,0
machine_state_setup,graph_wide,100,99,2,13722,0,0,0,0,100
body_state_setup,graph_wide,100,99,2,3260,0,0,0,0,0
machine_state_setup,graph_wide,100,99,3,14074,0,0,0,0,100
body_state_setup,graph_wide,100,99,3,4852,0,0,0,0,0
machine_state_setup,graph_wide,100,99,4,13685,0,0,0,0,100
body_state_setup,graph_wide,100,99,4,3000,0,0,0,0,0
machine_state_setup,graph_wide,100,99,5,13611,0,0,0,0,100
body_state_setup,graph_wide,100,99,5,3111,0,0,0,0,0
machine_state_setup,graph_wide,100,99,6,14000,0,0,0,0,100
body_state_setup,graph_wide,100,99,6,3018,0,0,0,0,0
machine_state_setup,graph_wide,100,99,7,13685,0,0,0,0,100
body_state_setup,graph_wide,100,99,7,3167,0,0,0,0,0
machine_state_setup,graph_wide,100,99,8,13408,0,0,0,0,100
body_state_setup,graph_wide,100,99,8,3019,0,0,0,0,0
machine_state_setup,graph_wide,100,99,9,13444,0,0,0,0,100
body_state_setup,graph_wide,100,99,9,2926,0,0,0,0,0
machine_state_setup,graph_wide,100,99,10,13370,0,0,0,0,100
body_state_setup,graph_wide,100,99,10,2963,0,0,0,0,0
machine_state_setup,graph_wide,100,99,11,13333,0,0,0,0,100
body_state_setup,graph_wide,100,99,11,2982,0,0,0,0,0
machine_state_setup,graph_wide,100,99,12,13778,0,0,0,0,100
body_state_setup,graph_wide,100,99,12,2982,0,0,0,0,0
machine_state_setup,graph_wide,100,99,13,13370,0,0,0,0,100
body_state_setup,graph_wide,100,99,13,3000,0,0,0,0,0
machine_state_setup,graph_wide,100,99,14,13463,0,0,0,0,100
body_state_setup,graph_wide,100,99,14,3074,0,0,0,0,0
machine_state_setup,graph_wide,100,99,15,13500,0,0,0,0,100
body_state_setup,graph_wide,100,99,15,3185,0,0,0,0,0
machine_state_setup,graph_wide,100,99,16,13389,0,0,0,0,100
body_state_setup,graph_wide,100,99,16,3074,0,0,0,0,0
machine_state_setup,graph_wide,100,99,17,17537,0,0,0,0,100
body_state_setup,graph_wide,100,99,17,3167,0,0,0,0,0
machine_state_setup,graph_wide,100,99,18,28019,0,0,0,0,100
body_state_setup,graph_wide,100,99,18,3148,0,0,0,0,0
machine_state_setup,graph_wide,100,99,19,13537,0,0,0,0,100
body_state_setup,graph_wide,100,99,19,3019,0,0,0,0,0
machine_state_setup,graph_wide,100,99,20,14481,0,0,0,0,100
body_state_setup,graph_wide,100,99,20,2982,0,0,0,0,0
machine_state_setup,graph_wide,100,99,21,17945,0,0,0,0,100
body_state_setup,graph_wide,100,99,21,3518,0,0,0,0,0
machine_state_setup,graph_wide,100,99,22,13500,0,0,0,0,100
body_state_setup,graph_wide,100,99,22,2926,0,0,0,0,0
machine_state_setup,graph_wide,100,99,23,13612,0,0,0,0,100
body_state_setup,graph_wide,100,99,23,3130,0,0,0,0,0
machine_state_setup,graph_wide,100,99,24,32222,0,0,0,0,100
body_state_setup,graph_wide,100,99,24,3093,0,0,0,0,0
machine_state_setup,graph_wide,100,99,25,13611,0,0,0,0,100
body_state_setup,graph_wide,100,99,25,3130,0,0,0,0,0
machine_state_setup,graph_wide,100,99,26,13704,0,0,0,0,100
body_state_setup,graph_wide,100,99,26,4593,0,0,0,0,0
machine_state_setup,graph_wide,100,99,27,17186,0,0,0,0,100
body_state_setup,graph_wide,100,99,27,3092,0,0,0,0,0
machine_state_setup,graph_wide,100,99,28,13463,0,0,0,0,100
body_state_setup,graph_wide,100,99,28,3149,0,0,0,0,0
machine_state_setup,graph_wide,100,99,29,13426,0,0,0,0,100
body_state_setup,graph_wide,100,99,29,3018,0,0,0,0,0
machine_state_setup,graph_wide,100,99,30,17870,0,0,0,0,100
body_state_setup,graph_wide,100,99,30,3037,0,0,0,0,0
machine_state_setup,graph_wide,100,99,31,13463,0,0,0,0,100
body_state_setup,graph_wide,100,99,31,3148,0,0,0,0,0
machine_state_setup,graph_wide,100,99,32,13426,0,0,0,0,100
body_state_setup,graph_wide,100,99,32,3129,0,0,0,0,0
machine_state_setup,graph_wide,100,99,33,15444,0,0,0,0,100
body_state_setup,graph_wide,100,99,33,3037,0,0,0,0,0
machine_state_setup,graph_wide,100,99,34,13296,0,0,0,0,100
body_state_setup,graph_wide,100,99,34,3037,0,0,0,0,0
machine_state_setup,graph_wide,100,99,35,13426,0,0,0,0,100
body_state_setup,graph_wide,100,99,35,3129,0,0,0,0,0
machine_state_setup,graph_wide,100,99,36,16278,0,0,0,0,100
body_state_setup,graph_wide,100,99,36,3037,0,0,0,0,0
machine_state_setup,graph_wide,100,99,37,13371,0,0,0,0,100
body_state_setup,graph_wide,100,99,37,2870,0,0,0,0,0
machine_state_setup,graph_wide,100,99,38,13834,0,0,0,0,100
body_state_setup,graph_wide,100,99,38,3148,0,0,0,0,0
machine_state_setup,graph_wide,100,99,39,17981,0,0,0,0,100
body_state_setup,graph_wide,100,99,39,2963,0,0,0,0,0
fixture_generation,graph_sparse,100,99,0,15908,0,0,0,0,500
fixture_generation,graph_sparse,100,99,1,15741,0,0,0,0,500
fixture_generation,graph_sparse,100,99,2,15760,0,0,0,0,500
fixture_generation,graph_sparse,100,99,3,15926,0,0,0,0,500
fixture_generation,graph_sparse,100,99,4,15907,0,0,0,0,500
fixture_generation,graph_sparse,100,99,5,15815,0,0,0,0,500
fixture_generation,graph_sparse,100,99,6,15777,0,0,0,0,500
fixture_generation,graph_sparse,100,99,7,15852,0,0,0,0,500
fixture_generation,graph_sparse,100,99,8,16000,0,0,0,0,500
fixture_generation,graph_sparse,100,99,9,15889,0,0,0,0,500
fixture_generation,graph_sparse,100,99,10,15981,0,0,0,0,500
fixture_generation,graph_sparse,100,99,11,16055,0,0,0,0,500
fixture_generation,graph_sparse,100,99,12,16260,0,0,0,0,500
fixture_generation,graph_sparse,100,99,13,16352,0,0,0,0,500
fixture_generation,graph_sparse,100,99,14,16296,0,0,0,0,500
fixture_generation,graph_sparse,100,99,15,16111,0,0,0,0,500
fixture_generation,graph_sparse,100,99,16,16351,0,0,0,0,500
fixture_generation,graph_sparse,100,99,17,16148,0,0,0,0,500
fixture_generation,graph_sparse,100,99,18,16093,0,0,0,0,500
fixture_generation,graph_sparse,100,99,19,16111,0,0,0,0,500
plan_build,graph_sparse,100,99,0,177667,0,0,0,0,12
plan_build,graph_sparse,100,99,1,145204,0,0,0,0,12
plan_build,graph_sparse,100,99,2,142445,0,0,0,0,12
plan_build,graph_sparse,100,99,3,141204,0,0,0,0,12
plan_build,graph_sparse,100,99,4,140223,0,0,0,0,12
plan_build,graph_sparse,100,99,5,139778,0,0,0,0,12
plan_build,graph_sparse,100,99,6,140370,0,0,0,0,12
plan_build,graph_sparse,100,99,7,139038,0,0,0,0,12
plan_build,graph_sparse,100,99,8,138963,0,0,0,0,12
plan_build,graph_sparse,100,99,9,138890,0,0,0,0,12
plan_build,graph_sparse,100,99,10,137778,0,0,0,0,12
plan_build,graph_sparse,100,99,11,137686,0,0,0,0,12
plan_build,graph_sparse,100,99,12,138408,0,0,0,0,12
plan_build,graph_sparse,100,99,13,137722,0,0,0,0,12
plan_build,graph_sparse,100,99,14,151112,0,0,0,0,12
plan_build,graph_sparse,100,99,15,139574,0,0,0,0,12
plan_build,graph_sparse,100,99,16,138296,0,0,0,0,12
plan_build,graph_sparse,100,99,17,137797,0,0,0,0,12
plan_build,graph_sparse,100,99,18,138426,0,0,0,0,12
plan_build,graph_sparse,100,99,19,138038,0,0,0,0,12
plan_build_alloc,graph_sparse,100,99,0,0,1220,305001,0,0,12
plan_declaration,graph_sparse,100,99,0,49037,0,0,0,0,100
plan_validation_freeze,graph_sparse,100,99,0,103426,0,0,0,0,12
plan_declaration,graph_sparse,100,99,1,47185,0,0,0,0,100
plan_validation_freeze,graph_sparse,100,99,1,102760,0,0,0,0,12
plan_declaration,graph_sparse,100,99,2,47537,0,0,0,0,100
plan_validation_freeze,graph_sparse,100,99,2,103019,0,0,0,0,12
plan_declaration,graph_sparse,100,99,3,47278,0,0,0,0,100
plan_validation_freeze,graph_sparse,100,99,3,102167,0,0,0,0,12
plan_declaration,graph_sparse,100,99,4,47129,0,0,0,0,100
plan_validation_freeze,graph_sparse,100,99,4,102537,0,0,0,0,12
plan_declaration,graph_sparse,100,99,5,48297,0,0,0,0,100
plan_validation_freeze,graph_sparse,100,99,5,102944,0,0,0,0,12
plan_declaration,graph_sparse,100,99,6,47019,0,0,0,0,100
plan_validation_freeze,graph_sparse,100,99,6,103093,0,0,0,0,12
plan_declaration,graph_sparse,100,99,7,47444,0,0,0,0,100
plan_validation_freeze,graph_sparse,100,99,7,103389,0,0,0,0,12
plan_declaration,graph_sparse,100,99,8,47278,0,0,0,0,100
plan_validation_freeze,graph_sparse,100,99,8,102611,0,0,0,0,12
plan_declaration,graph_sparse,100,99,9,47148,0,0,0,0,100
plan_validation_freeze,graph_sparse,100,99,9,102686,0,0,0,0,12
plan_declaration,graph_sparse,100,99,10,47001,0,0,0,0,100
plan_validation_freeze,graph_sparse,100,99,10,102686,0,0,0,0,12
plan_declaration,graph_sparse,100,99,11,47038,0,0,0,0,100
plan_validation_freeze,graph_sparse,100,99,11,103056,0,0,0,0,12
plan_declaration,graph_sparse,100,99,12,47000,0,0,0,0,100
plan_validation_freeze,graph_sparse,100,99,12,211667,0,0,0,0,12
plan_declaration,graph_sparse,100,99,13,50037,0,0,0,0,100
plan_validation_freeze,graph_sparse,100,99,13,108111,0,0,0,0,12
plan_declaration,graph_sparse,100,99,14,47315,0,0,0,0,100
plan_validation_freeze,graph_sparse,100,99,14,102704,0,0,0,0,12
plan_declaration,graph_sparse,100,99,15,46926,0,0,0,0,100
plan_validation_freeze,graph_sparse,100,99,15,111370,0,0,0,0,12
plan_declaration,graph_sparse,100,99,16,48167,0,0,0,0,100
plan_validation_freeze,graph_sparse,100,99,16,103870,0,0,0,0,12
plan_declaration,graph_sparse,100,99,17,47278,0,0,0,0,100
plan_validation_freeze,graph_sparse,100,99,17,103296,0,0,0,0,12
plan_declaration,graph_sparse,100,99,18,46871,0,0,0,0,100
plan_validation_freeze,graph_sparse,100,99,18,102593,0,0,0,0,12
plan_declaration,graph_sparse,100,99,19,47056,0,0,0,0,100
plan_validation_freeze,graph_sparse,100,99,19,102185,0,0,0,0,12
plan_declaration_alloc,graph_sparse,100,99,0,0,536,126953,0,0,100
plan_validation_freeze_alloc,graph_sparse,100,99,0,0,684,178048,0,0,12
engine_execution,graph_sparse,100,99,0,719373,0,0,0,0,71
engine_execution,graph_sparse,100,99,1,730058,0,0,0,0,70
engine_execution,graph_sparse,100,99,2,715447,0,0,0,0,69
engine_execution,graph_sparse,100,99,3,717965,0,0,0,0,68
engine_execution,graph_sparse,100,99,4,717873,0,0,0,0,67
engine_execution,graph_sparse,100,99,5,720631,0,0,0,0,66
engine_execution,graph_sparse,100,99,6,722446,0,0,0,0,65
engine_execution,graph_sparse,100,99,7,718613,0,0,0,0,64
engine_execution,graph_sparse,100,99,8,716909,0,0,0,0,79
engine_execution,graph_sparse,100,99,9,716650,0,0,0,0,78
engine_execution,graph_sparse,100,99,10,716984,0,0,0,0,77
engine_execution,graph_sparse,100,99,11,718114,0,0,0,0,76
engine_execution,graph_sparse,100,99,12,725762,0,0,0,0,75
engine_execution,graph_sparse,100,99,13,717780,0,0,0,0,74
engine_execution,graph_sparse,100,99,14,719206,0,0,0,0,73
engine_execution,graph_sparse,100,99,15,719187,0,0,0,0,72
engine_execution,graph_sparse,100,99,16,718576,0,0,0,0,87
engine_execution,graph_sparse,100,99,17,718502,0,0,0,0,86
engine_execution,graph_sparse,100,99,18,726817,0,0,0,0,85
engine_execution,graph_sparse,100,99,19,718576,0,0,0,0,84
engine_execution,graph_sparse,100,99,20,715613,0,0,0,0,83
engine_execution,graph_sparse,100,99,21,715428,0,0,0,0,82
engine_execution,graph_sparse,100,99,22,714873,0,0,0,0,81
engine_execution,graph_sparse,100,99,23,722929,0,0,0,0,80
engine_execution,graph_sparse,100,99,24,717576,0,0,0,0,95
engine_execution,graph_sparse,100,99,25,715854,0,0,0,0,94
engine_execution,graph_sparse,100,99,26,719225,0,0,0,0,93
engine_execution,graph_sparse,100,99,27,717965,0,0,0,0,92
engine_execution,graph_sparse,100,99,28,718669,0,0,0,0,91
engine_execution,graph_sparse,100,99,29,732799,0,0,0,0,90
engine_execution,graph_sparse,100,99,30,717243,0,0,0,0,89
engine_execution,graph_sparse,100,99,31,716928,0,0,0,0,88
engine_execution,graph_sparse,100,99,32,716188,0,0,0,0,103
engine_execution,graph_sparse,100,99,33,718873,0,0,0,0,102
engine_execution,graph_sparse,100,99,34,720705,0,0,0,0,101
engine_execution,graph_sparse,100,99,35,717983,0,0,0,0,100
engine_execution,graph_sparse,100,99,36,717595,0,0,0,0,99
engine_execution,graph_sparse,100,99,37,718983,0,0,0,0,98
engine_execution,graph_sparse,100,99,38,714187,0,0,0,0,97
engine_execution,graph_sparse,100,99,39,715650,0,0,0,0,96
engine_execution_alloc,graph_sparse,100,99,0,0,5166,514425,0,0,23069
machine_state_setup,graph_sparse,100,99,0,18019,0,0,0,0,100
body_state_setup,graph_sparse,100,99,0,3593,0,0,0,0,0
machine_state_setup,graph_sparse,100,99,1,13982,0,0,0,0,100
body_state_setup,graph_sparse,100,99,1,3093,0,0,0,0,0
machine_state_setup,graph_sparse,100,99,2,14037,0,0,0,0,100
body_state_setup,graph_sparse,100,99,2,3074,0,0,0,0,0
machine_state_setup,graph_sparse,100,99,3,13593,0,0,0,0,100
body_state_setup,graph_sparse,100,99,3,3074,0,0,0,0,0
machine_state_setup,graph_sparse,100,99,4,13555,0,0,0,0,100
body_state_setup,graph_sparse,100,99,4,2982,0,0,0,0,0
machine_state_setup,graph_sparse,100,99,5,13611,0,0,0,0,100
body_state_setup,graph_sparse,100,99,5,2870,0,0,0,0,0
machine_state_setup,graph_sparse,100,99,6,13667,0,0,0,0,100
body_state_setup,graph_sparse,100,99,6,2796,0,0,0,0,0
machine_state_setup,graph_sparse,100,99,7,13593,0,0,0,0,100
body_state_setup,graph_sparse,100,99,7,2963,0,0,0,0,0
machine_state_setup,graph_sparse,100,99,8,13574,0,0,0,0,100
body_state_setup,graph_sparse,100,99,8,2833,0,0,0,0,0
machine_state_setup,graph_sparse,100,99,9,13649,0,0,0,0,100
body_state_setup,graph_sparse,100,99,9,2815,0,0,0,0,0
machine_state_setup,graph_sparse,100,99,10,13592,0,0,0,0,100
body_state_setup,graph_sparse,100,99,10,2908,0,0,0,0,0
machine_state_setup,graph_sparse,100,99,11,13611,0,0,0,0,100
body_state_setup,graph_sparse,100,99,11,2870,0,0,0,0,0
machine_state_setup,graph_sparse,100,99,12,13574,0,0,0,0,100
body_state_setup,graph_sparse,100,99,12,2944,0,0,0,0,0
machine_state_setup,graph_sparse,100,99,13,13593,0,0,0,0,100
body_state_setup,graph_sparse,100,99,13,2908,0,0,0,0,0
machine_state_setup,graph_sparse,100,99,14,13741,0,0,0,0,100
body_state_setup,graph_sparse,100,99,14,2796,0,0,0,0,0
machine_state_setup,graph_sparse,100,99,15,13667,0,0,0,0,100
body_state_setup,graph_sparse,100,99,15,2982,0,0,0,0,0
machine_state_setup,graph_sparse,100,99,16,13593,0,0,0,0,100
body_state_setup,graph_sparse,100,99,16,2815,0,0,0,0,0
machine_state_setup,graph_sparse,100,99,17,16000,0,0,0,0,100
body_state_setup,graph_sparse,100,99,17,2723,0,0,0,0,0
machine_state_setup,graph_sparse,100,99,18,13648,0,0,0,0,100
body_state_setup,graph_sparse,100,99,18,2833,0,0,0,0,0
machine_state_setup,graph_sparse,100,99,19,13555,0,0,0,0,100
body_state_setup,graph_sparse,100,99,19,2926,0,0,0,0,0
machine_state_setup,graph_sparse,100,99,20,15351,0,0,0,0,100
body_state_setup,graph_sparse,100,99,20,3038,0,0,0,0,0
machine_state_setup,graph_sparse,100,99,21,13630,0,0,0,0,100
body_state_setup,graph_sparse,100,99,21,3055,0,0,0,0,0
machine_state_setup,graph_sparse,100,99,22,13649,0,0,0,0,100
body_state_setup,graph_sparse,100,99,22,2907,0,0,0,0,0
machine_state_setup,graph_sparse,100,99,23,15222,0,0,0,0,100
body_state_setup,graph_sparse,100,99,23,3037,0,0,0,0,0
machine_state_setup,graph_sparse,100,99,24,13555,0,0,0,0,100
body_state_setup,graph_sparse,100,99,24,2908,0,0,0,0,0
machine_state_setup,graph_sparse,100,99,25,13556,0,0,0,0,100
body_state_setup,graph_sparse,100,99,25,2926,0,0,0,0,0
machine_state_setup,graph_sparse,100,99,26,24093,0,0,0,0,100
body_state_setup,graph_sparse,100,99,26,2926,0,0,0,0,0
machine_state_setup,graph_sparse,100,99,27,13593,0,0,0,0,100
body_state_setup,graph_sparse,100,99,27,2870,0,0,0,0,0
machine_state_setup,graph_sparse,100,99,28,14352,0,0,0,0,100
body_state_setup,graph_sparse,100,99,28,2889,0,0,0,0,0
machine_state_setup,graph_sparse,100,99,29,19167,0,0,0,0,100
body_state_setup,graph_sparse,100,99,29,2870,0,0,0,0,0
machine_state_setup,graph_sparse,100,99,30,13593,0,0,0,0,100
body_state_setup,graph_sparse,100,99,30,2796,0,0,0,0,0
machine_state_setup,graph_sparse,100,99,31,13555,0,0,0,0,100
body_state_setup,graph_sparse,100,99,31,2777,0,0,0,0,0
machine_state_setup,graph_sparse,100,99,32,15185,0,0,0,0,100
body_state_setup,graph_sparse,100,99,32,2908,0,0,0,0,0
machine_state_setup,graph_sparse,100,99,33,13537,0,0,0,0,100
body_state_setup,graph_sparse,100,99,33,2908,0,0,0,0,0
machine_state_setup,graph_sparse,100,99,34,13481,0,0,0,0,100
body_state_setup,graph_sparse,100,99,34,2963,0,0,0,0,0
machine_state_setup,graph_sparse,100,99,35,15185,0,0,0,0,100
body_state_setup,graph_sparse,100,99,35,2833,0,0,0,0,0
machine_state_setup,graph_sparse,100,99,36,13407,0,0,0,0,100
body_state_setup,graph_sparse,100,99,36,3000,0,0,0,0,0
machine_state_setup,graph_sparse,100,99,37,13482,0,0,0,0,100
body_state_setup,graph_sparse,100,99,37,2963,0,0,0,0,0
machine_state_setup,graph_sparse,100,99,38,15056,0,0,0,0,100
body_state_setup,graph_sparse,100,99,38,2981,0,0,0,0,0
machine_state_setup,graph_sparse,100,99,39,13555,0,0,0,0,100
body_state_setup,graph_sparse,100,99,39,2907,0,0,0,0,0
fixture_generation,graph_chain,1000,999,0,149964,0,0,0,0,5000
fixture_generation,graph_chain,1000,999,1,149834,0,0,0,0,5000
fixture_generation,graph_chain,1000,999,2,149519,0,0,0,0,5000
fixture_generation,graph_chain,1000,999,3,149556,0,0,0,0,5000
fixture_generation,graph_chain,1000,999,4,149186,0,0,0,0,5000
fixture_generation,graph_chain,1000,999,5,149445,0,0,0,0,5000
fixture_generation,graph_chain,1000,999,6,149686,0,0,0,0,5000
fixture_generation,graph_chain,1000,999,7,149834,0,0,0,0,5000
fixture_generation,graph_chain,1000,999,8,149612,0,0,0,0,5000
fixture_generation,graph_chain,1000,999,9,149871,0,0,0,0,5000
fixture_generation,graph_chain,1000,999,10,149279,0,0,0,0,5000
fixture_generation,graph_chain,1000,999,11,149130,0,0,0,0,5000
fixture_generation,graph_chain,1000,999,12,149334,0,0,0,0,5000
fixture_generation,graph_chain,1000,999,13,150667,0,0,0,0,5000
fixture_generation,graph_chain,1000,999,14,149130,0,0,0,0,5000
fixture_generation,graph_chain,1000,999,15,148908,0,0,0,0,5000
fixture_generation,graph_chain,1000,999,16,149464,0,0,0,0,5000
fixture_generation,graph_chain,1000,999,17,157705,0,0,0,0,5000
fixture_generation,graph_chain,1000,999,18,149038,0,0,0,0,5000
fixture_generation,graph_chain,1000,999,19,149037,0,0,0,0,5000
plan_build,graph_chain,1000,999,0,4568033,0,0,0,0,11
plan_build,graph_chain,1000,999,1,4367291,0,0,0,0,11
plan_build,graph_chain,1000,999,2,4388699,0,0,0,0,11
plan_build,graph_chain,1000,999,3,4340032,0,0,0,0,11
plan_build,graph_chain,1000,999,4,4334587,0,0,0,0,11
plan_build,graph_chain,1000,999,5,4331236,0,0,0,0,11
plan_build,graph_chain,1000,999,6,4332198,0,0,0,0,11
plan_build,graph_chain,1000,999,7,4326161,0,0,0,0,11
plan_build,graph_chain,1000,999,8,4333032,0,0,0,0,11
plan_build,graph_chain,1000,999,9,4395421,0,0,0,0,11
plan_build,graph_chain,1000,999,10,4314328,0,0,0,0,11
plan_build,graph_chain,1000,999,11,4337458,0,0,0,0,11
plan_build,graph_chain,1000,999,12,4368125,0,0,0,0,11
plan_build,graph_chain,1000,999,13,4389384,0,0,0,0,11
plan_build,graph_chain,1000,999,14,4381088,0,0,0,0,11
plan_build,graph_chain,1000,999,15,4328754,0,0,0,0,11
plan_build,graph_chain,1000,999,16,4351717,0,0,0,0,11
plan_build,graph_chain,1000,999,17,4352977,0,0,0,0,11
plan_build,graph_chain,1000,999,18,4356903,0,0,0,0,11
plan_build,graph_chain,1000,999,19,4339550,0,0,0,0,11
plan_build_alloc,graph_chain,1000,999,0,0,12096,2543619,0,0,11
plan_declaration,graph_chain,1000,999,0,468631,0,0,0,0,1000
plan_validation_freeze,graph_chain,1000,999,0,4007346,0,0,0,0,11
plan_declaration,graph_chain,1000,999,1,462279,0,0,0,0,1000
plan_validation_freeze,graph_chain,1000,999,1,4000272,0,0,0,0,11
plan_declaration,graph_chain,1000,999,2,455964,0,0,0,0,1000
plan_validation_freeze,graph_chain,1000,999,2,4011383,0,0,0,0,11
plan_declaration,graph_chain,1000,999,3,461464,0,0,0,0,1000
plan_validation_freeze,graph_chain,1000,999,3,4023938,0,0,0,0,11
plan_declaration,graph_chain,1000,999,4,459168,0,0,0,0,1000
plan_validation_freeze,graph_chain,1000,999,4,4028901,0,0,0,0,11
plan_declaration,graph_chain,1000,999,5,460131,0,0,0,0,1000
plan_validation_freeze,graph_chain,1000,999,5,4030272,0,0,0,0,11
plan_declaration,graph_chain,1000,999,6,457797,0,0,0,0,1000
plan_validation_freeze,graph_chain,1000,999,6,4023272,0,0,0,0,11
plan_declaration,graph_chain,1000,999,7,458798,0,0,0,0,1000
plan_validation_freeze,graph_chain,1000,999,7,4043420,0,0,0,0,11
plan_declaration,graph_chain,1000,999,8,461631,0,0,0,0,1000
plan_validation_freeze,graph_chain,1000,999,8,4007568,0,0,0,0,11
plan_declaration,graph_chain,1000,999,9,458094,0,0,0,0,1000
plan_validation_freeze,graph_chain,1000,999,9,4004198,0,0,0,0,11
plan_declaration,graph_chain,1000,999,10,476223,0,0,0,0,1000
plan_validation_freeze,graph_chain,1000,999,10,3999105,0,0,0,0,11
plan_declaration,graph_chain,1000,999,11,459186,0,0,0,0,1000
plan_validation_freeze,graph_chain,1000,999,11,3989271,0,0,0,0,11
plan_declaration,graph_chain,1000,999,12,457519,0,0,0,0,1000
plan_validation_freeze,graph_chain,1000,999,12,4013253,0,0,0,0,11
plan_declaration,graph_chain,1000,999,13,460464,0,0,0,0,1000
plan_validation_freeze,graph_chain,1000,999,13,3996605,0,0,0,0,11
plan_declaration,graph_chain,1000,999,14,459705,0,0,0,0,1000
plan_validation_freeze,graph_chain,1000,999,14,4013068,0,0,0,0,11
plan_declaration,graph_chain,1000,999,15,470780,0,0,0,0,1000
plan_validation_freeze,graph_chain,1000,999,15,4014476,0,0,0,0,11
plan_declaration,graph_chain,1000,999,16,459891,0,0,0,0,1000
plan_validation_freeze,graph_chain,1000,999,16,4018457,0,0,0,0,11
plan_declaration,graph_chain,1000,999,17,458576,0,0,0,0,1000
plan_validation_freeze,graph_chain,1000,999,17,3983586,0,0,0,0,11
plan_declaration,graph_chain,1000,999,18,455223,0,0,0,0,1000
plan_validation_freeze,graph_chain,1000,999,18,4024735,0,0,0,0,11
plan_declaration,graph_chain,1000,999,19,458316,0,0,0,0,1000
plan_validation_freeze,graph_chain,1000,999,19,3995161,0,0,0,0,11
plan_declaration_alloc,graph_chain,1000,999,0,0,5051,1046640,0,0,1000
plan_validation_freeze_alloc,graph_chain,1000,999,0,0,7045,1496979,0,0,11
engine_execution,graph_chain,1000,999,0,34980812,0,0,0,0,1
engine_execution,graph_chain,1000,999,1,34980996,0,0,0,0,0
engine_execution,graph_chain,1000,999,2,35053330,0,0,0,0,3
engine_execution,graph_chain,1000,999,3,34931922,0,0,0,0,2
engine_execution,graph_chain,1000,999,4,35165812,0,0,0,0,5
engine_execution,graph_chain,1000,999,5,35140515,0,0,0,0,4
engine_execution,graph_chain,1000,999,6,35698202,0,0,0,0,7
engine_execution,graph_chain,1000,999,7,34866293,0,0,0,0,6
engine_execution,graph_chain,1000,999,8,34797367,0,0,0,0,9
engine_execution,graph_chain,1000,999,9,34991941,0,0,0,0,8
engine_execution,graph_chain,1000,999,10,35071812,0,0,0,0,11
engine_execution,graph_chain,1000,999,11,35101700,0,0,0,0,10
engine_execution,graph_chain,1000,999,12,35028033,0,0,0,0,13
engine_execution,graph_chain,1000,999,13,37341263,0,0,0,0,12
engine_execution,graph_chain,1000,999,14,35471813,0,0,0,0,15
engine_execution,graph_chain,1000,999,15,34536588,0,0,0,0,14
engine_execution,graph_chain,1000,999,16,35461684,0,0,0,0,17
engine_execution,graph_chain,1000,999,17,35513665,0,0,0,0,16
engine_execution,graph_chain,1000,999,18,35388498,0,0,0,0,19
engine_execution,graph_chain,1000,999,19,35699925,0,0,0,0,18
engine_execution,graph_chain,1000,999,20,36454927,0,0,0,0,21
engine_execution,graph_chain,1000,999,21,35568072,0,0,0,0,20
engine_execution,graph_chain,1000,999,22,35531683,0,0,0,0,23
engine_execution,graph_chain,1000,999,23,35496702,0,0,0,0,22
engine_execution,graph_chain,1000,999,24,35541461,0,0,0,0,25
engine_execution,graph_chain,1000,999,25,35582165,0,0,0,0,24
engine_execution,graph_chain,1000,999,26,35416128,0,0,0,0,27
engine_execution,graph_chain,1000,999,27,34996349,0,0,0,0,26
engine_execution,graph_chain,1000,999,28,35203997,0,0,0,0,29
engine_execution,graph_chain,1000,999,29,35319405,0,0,0,0,28
engine_execution,graph_chain,1000,999,30,35614184,0,0,0,0,31
engine_execution,graph_chain,1000,999,31,35528554,0,0,0,0,30
engine_execution,graph_chain,1000,999,32,34443255,0,0,0,0,33
engine_execution,graph_chain,1000,999,33,34692792,0,0,0,0,32
engine_execution,graph_chain,1000,999,34,35476258,0,0,0,0,35
engine_execution,graph_chain,1000,999,35,35687073,0,0,0,0,34
engine_execution,graph_chain,1000,999,36,35473572,0,0,0,0,37
engine_execution,graph_chain,1000,999,37,35629647,0,0,0,0,36
engine_execution,graph_chain,1000,999,38,35646629,0,0,0,0,39
engine_execution,graph_chain,1000,999,39,35127441,0,0,0,0,38
engine_execution_alloc,graph_chain,1000,999,0,0,52069,19679208,0,0,23131
machine_state_setup,graph_chain,1000,999,0,217019,0,0,0,0,1000
body_state_setup,graph_chain,1000,999,0,5685,0,0,0,0,0
machine_state_setup,graph_chain,1000,999,1,163685,0,0,0,0,1000
body_state_setup,graph_chain,1000,999,1,2759,0,0,0,0,0
machine_state_setup,graph_chain,1000,999,2,154130,0,0,0,0,1000
body_state_setup,graph_chain,1000,999,2,2851,0,0,0,0,0
machine_state_setup,graph_chain,1000,999,3,159722,0,0,0,0,1000
body_state_setup,graph_chain,1000,999,3,2667,0,0,0,0,0
machine_state_setup,graph_chain,1000,999,4,150130,0,0,0,0,1000
body_state_setup,graph_chain,1000,999,4,2667,0,0,0,0,0
machine_state_setup,graph_chain,1000,999,5,148463,0,0,0,0,1000
body_state_setup,graph_chain,1000,999,5,2593,0,0,0,0,0
machine_state_setup,graph_chain,1000,999,6,149926,0,0,0,0,1000
body_state_setup,graph_chain,1000,999,6,2685,0,0,0,0,0
machine_state_setup,graph_chain,1000,999,7,149667,0,0,0,0,1000
body_state_setup,graph_chain,1000,999,7,2963,0,0,0,0,0
machine_state_setup,graph_chain,1000,999,8,153222,0,0,0,0,1000
body_state_setup,graph_chain,1000,999,8,2667,0,0,0,0,0
machine_state_setup,graph_chain,1000,999,9,149222,0,0,0,0,1000
body_state_setup,graph_chain,1000,999,9,2611,0,0,0,0,0
machine_state_setup,graph_chain,1000,999,10,150889,0,0,0,0,1000
body_state_setup,graph_chain,1000,999,10,2666,0,0,0,0,0
machine_state_setup,graph_chain,1000,999,11,149352,0,0,0,0,1000
body_state_setup,graph_chain,1000,999,11,2685,0,0,0,0,0
machine_state_setup,graph_chain,1000,999,12,163205,0,0,0,0,1000
body_state_setup,graph_chain,1000,999,12,3481,0,0,0,0,0
machine_state_setup,graph_chain,1000,999,13,150815,0,0,0,0,1000
body_state_setup,graph_chain,1000,999,13,2593,0,0,0,0,0
machine_state_setup,graph_chain,1000,999,14,151742,0,0,0,0,1000
body_state_setup,graph_chain,1000,999,14,2648,0,0,0,0,0
machine_state_setup,graph_chain,1000,999,15,149427,0,0,0,0,1000
body_state_setup,graph_chain,1000,999,15,2574,0,0,0,0,0
machine_state_setup,graph_chain,1000,999,16,149278,0,0,0,0,1000
body_state_setup,graph_chain,1000,999,16,2592,0,0,0,0,0
machine_state_setup,graph_chain,1000,999,17,148815,0,0,0,0,1000
body_state_setup,graph_chain,1000,999,17,2593,0,0,0,0,0
machine_state_setup,graph_chain,1000,999,18,164907,0,0,0,0,1000
body_state_setup,graph_chain,1000,999,18,3166,0,0,0,0,0
machine_state_setup,graph_chain,1000,999,19,166760,0,0,0,0,1000
body_state_setup,graph_chain,1000,999,19,3371,0,0,0,0,0
machine_state_setup,graph_chain,1000,999,20,155926,0,0,0,0,1000
body_state_setup,graph_chain,1000,999,20,2629,0,0,0,0,0
machine_state_setup,graph_chain,1000,999,21,154630,0,0,0,0,1000
body_state_setup,graph_chain,1000,999,21,2630,0,0,0,0,0
machine_state_setup,graph_chain,1000,999,22,166537,0,0,0,0,1000
body_state_setup,graph_chain,1000,999,22,2630,0,0,0,0,0
machine_state_setup,graph_chain,1000,999,23,156445,0,0,0,0,1000
body_state_setup,graph_chain,1000,999,23,2611,0,0,0,0,0
machine_state_setup,graph_chain,1000,999,24,154241,0,0,0,0,1000
body_state_setup,graph_chain,1000,999,24,2611,0,0,0,0,0
machine_state_setup,graph_chain,1000,999,25,158871,0,0,0,0,1000
body_state_setup,graph_chain,1000,999,25,2759,0,0,0,0,0
machine_state_setup,graph_chain,1000,999,26,153241,0,0,0,0,1000
body_state_setup,graph_chain,1000,999,26,2611,0,0,0,0,0
machine_state_setup,graph_chain,1000,999,27,156315,0,0,0,0,1000
body_state_setup,graph_chain,1000,999,27,2574,0,0,0,0,0
machine_state_setup,graph_chain,1000,999,28,156464,0,0,0,0,1000
body_state_setup,graph_chain,1000,999,28,2593,0,0,0,0,0
machine_state_setup,graph_chain,1000,999,29,153149,0,0,0,0,1000
body_state_setup,graph_chain,1000,999,29,2500,0,0,0,0,0
machine_state_setup,graph_chain,1000,999,30,159389,0,0,0,0,1000
body_state_setup,graph_chain,1000,999,30,2629,0,0,0,0,0
machine_state_setup,graph_chain,1000,999,31,160019,0,0,0,0,1000
body_state_setup,graph_chain,1000,999,31,2685,0,0,0,0,0
machine_state_setup,graph_chain,1000,999,32,154131,0,0,0,0,1000
body_state_setup,graph_chain,1000,999,32,2556,0,0,0,0,0
machine_state_setup,graph_chain,1000,999,33,153556,0,0,0,0,1000
body_state_setup,graph_chain,1000,999,33,3112,0,0,0,0,0
machine_state_setup,graph_chain,1000,999,34,159556,0,0,0,0,1000
body_state_setup,graph_chain,1000,999,34,3296,0,0,0,0,0
machine_state_setup,graph_chain,1000,999,35,164001,0,0,0,0,1000
body_state_setup,graph_chain,1000,999,35,2574,0,0,0,0,0
machine_state_setup,graph_chain,1000,999,36,152779,0,0,0,0,1000
body_state_setup,graph_chain,1000,999,36,2519,0,0,0,0,0
machine_state_setup,graph_chain,1000,999,37,169852,0,0,0,0,1000
body_state_setup,graph_chain,1000,999,37,3611,0,0,0,0,0
machine_state_setup,graph_chain,1000,999,38,155445,0,0,0,0,1000
body_state_setup,graph_chain,1000,999,38,2445,0,0,0,0,0
machine_state_setup,graph_chain,1000,999,39,152204,0,0,0,0,1000
body_state_setup,graph_chain,1000,999,39,2593,0,0,0,0,0
pure_machine_events_preseeded,graph_chain,1000,999,0,23002719,0,0,0,0,1001
pure_machine_events_preseeded,graph_chain,1000,999,1,24044778,0,0,0,0,1001
pure_machine_events_preseeded,graph_chain,1000,999,2,22981127,0,0,0,0,1001
pure_machine_events_preseeded,graph_chain,1000,999,3,22931126,0,0,0,0,1001
pure_machine_events_preseeded,graph_chain,1000,999,4,22839922,0,0,0,0,1001
pure_machine_events_preseeded,graph_chain,1000,999,5,22800478,0,0,0,0,1001
pure_machine_events_preseeded,graph_chain,1000,999,6,22853792,0,0,0,0,1001
pure_machine_events_preseeded,graph_chain,1000,999,7,22697792,0,0,0,0,1001
pure_machine_events_preseeded,graph_chain,1000,999,8,22854996,0,0,0,0,1001
pure_machine_events_preseeded,graph_chain,1000,999,9,22751200,0,0,0,0,1001
pure_machine_events_preseeded,graph_chain,1000,999,10,22716533,0,0,0,0,1001
pure_machine_events_preseeded,graph_chain,1000,999,11,22783514,0,0,0,0,1001
pure_machine_events_preseeded,graph_chain,1000,999,12,22817051,0,0,0,0,1001
pure_machine_events_preseeded,graph_chain,1000,999,13,22695829,0,0,0,0,1001
pure_machine_events_preseeded,graph_chain,1000,999,14,22748255,0,0,0,0,1001
pure_machine_events_preseeded,graph_chain,1000,999,15,22851533,0,0,0,0,1001
pure_machine_events_preseeded,graph_chain,1000,999,16,22746533,0,0,0,0,1001
pure_machine_events_preseeded,graph_chain,1000,999,17,22791885,0,0,0,0,1001
pure_machine_events_preseeded,graph_chain,1000,999,18,22863774,0,0,0,0,1001
pure_machine_events_preseeded,graph_chain,1000,999,19,22862866,0,0,0,0,1001
pure_machine_events_preseeded,graph_chain,1000,999,20,22743274,0,0,0,0,1001
pure_machine_events_preseeded,graph_chain,1000,999,21,22841792,0,0,0,0,1001
pure_machine_events_preseeded,graph_chain,1000,999,22,22838719,0,0,0,0,1001
pure_machine_events_preseeded,graph_chain,1000,999,23,22909533,0,0,0,0,1001
pure_machine_events_preseeded,graph_chain,1000,999,24,22829181,0,0,0,0,1001
pure_machine_events_preseeded,graph_chain,1000,999,25,22839589,0,0,0,0,1001
pure_machine_events_preseeded,graph_chain,1000,999,26,22827904,0,0,0,0,1001
pure_machine_events_preseeded,graph_chain,1000,999,27,22721607,0,0,0,0,1001
pure_machine_events_preseeded,graph_chain,1000,999,28,23034608,0,0,0,0,1001
pure_machine_events_preseeded,graph_chain,1000,999,29,22732495,0,0,0,0,1001
pure_machine_events_preseeded,graph_chain,1000,999,30,22715866,0,0,0,0,1001
pure_machine_events_preseeded,graph_chain,1000,999,31,22619051,0,0,0,0,1001
pure_machine_events_preseeded,graph_chain,1000,999,32,22689903,0,0,0,0,1001
pure_machine_events_preseeded,graph_chain,1000,999,33,22782478,0,0,0,0,1001
pure_machine_events_preseeded,graph_chain,1000,999,34,22867200,0,0,0,0,1001
pure_machine_events_preseeded,graph_chain,1000,999,35,22879330,0,0,0,0,1001
pure_machine_events_preseeded,graph_chain,1000,999,36,22689607,0,0,0,0,1001
pure_machine_events_preseeded,graph_chain,1000,999,37,22771700,0,0,0,0,1001
pure_machine_events_preseeded,graph_chain,1000,999,38,22897829,0,0,0,0,1001
pure_machine_events_preseeded,graph_chain,1000,999,39,22885682,0,0,0,0,1001
fixture_generation,graph_wide,1000,999,0,149963,0,0,0,0,5000
fixture_generation,graph_wide,1000,999,1,155593,0,0,0,0,5000
fixture_generation,graph_wide,1000,999,2,149815,0,0,0,0,5000
fixture_generation,graph_wide,1000,999,3,149130,0,0,0,0,5000
fixture_generation,graph_wide,1000,999,4,149353,0,0,0,0,5000
fixture_generation,graph_wide,1000,999,5,149427,0,0,0,0,5000
fixture_generation,graph_wide,1000,999,6,149426,0,0,0,0,5000
fixture_generation,graph_wide,1000,999,7,149316,0,0,0,0,5000
fixture_generation,graph_wide,1000,999,8,149333,0,0,0,0,5000
fixture_generation,graph_wide,1000,999,9,149167,0,0,0,0,5000
fixture_generation,graph_wide,1000,999,10,149149,0,0,0,0,5000
fixture_generation,graph_wide,1000,999,11,149056,0,0,0,0,5000
fixture_generation,graph_wide,1000,999,12,149593,0,0,0,0,5000
fixture_generation,graph_wide,1000,999,13,149167,0,0,0,0,5000
fixture_generation,graph_wide,1000,999,14,148890,0,0,0,0,5000
fixture_generation,graph_wide,1000,999,15,148870,0,0,0,0,5000
fixture_generation,graph_wide,1000,999,16,149167,0,0,0,0,5000
fixture_generation,graph_wide,1000,999,17,149334,0,0,0,0,5000
fixture_generation,graph_wide,1000,999,18,149222,0,0,0,0,5000
fixture_generation,graph_wide,1000,999,19,149223,0,0,0,0,5000
plan_build,graph_wide,1000,999,0,5242535,0,0,0,0,10
plan_build,graph_wide,1000,999,1,5111942,0,0,0,0,10
plan_build,graph_wide,1000,999,2,5069108,0,0,0,0,10
plan_build,graph_wide,1000,999,3,5053738,0,0,0,0,10
plan_build,graph_wide,1000,999,4,5061460,0,0,0,0,10
plan_build,graph_wide,1000,999,5,5056089,0,0,0,0,10
plan_build,graph_wide,1000,999,6,5069978,0,0,0,0,10
plan_build,graph_wide,1000,999,7,5043145,0,0,0,0,10
plan_build,graph_wide,1000,999,8,5049330,0,0,0,0,10
plan_build,graph_wide,1000,999,9,5052553,0,0,0,0,10
plan_build,graph_wide,1000,999,10,5048479,0,0,0,0,10
plan_build,graph_wide,1000,999,11,5043534,0,0,0,0,10
plan_build,graph_wide,1000,999,12,5049479,0,0,0,0,10
plan_build,graph_wide,1000,999,13,5036738,0,0,0,0,10
plan_build,graph_wide,1000,999,14,5043034,0,0,0,0,10
plan_build,graph_wide,1000,999,15,5036571,0,0,0,0,10
plan_build,graph_wide,1000,999,16,5045238,0,0,0,0,10
plan_build,graph_wide,1000,999,17,5247072,0,0,0,0,10
plan_build,graph_wide,1000,999,18,5306868,0,0,0,0,10
plan_build,graph_wide,1000,999,19,5145812,0,0,0,0,10
plan_build_alloc,graph_wide,1000,999,0,0,11106,2528001,0,0,10
plan_declaration,graph_wide,1000,999,0,444724,0,0,0,0,1000
plan_validation_freeze,graph_wide,1000,999,0,4838349,0,0,0,0,10
plan_declaration,graph_wide,1000,999,1,443501,0,0,0,0,1000
plan_validation_freeze,graph_wide,1000,999,1,4758089,0,0,0,0,10
plan_declaration,graph_wide,1000,999,2,423797,0,0,0,0,1000
plan_validation_freeze,graph_wide,1000,999,2,4755736,0,0,0,0,10
plan_declaration,graph_wide,1000,999,3,421390,0,0,0,0,1000
plan_validation_freeze,graph_wide,1000,999,3,4749570,0,0,0,0,10
plan_declaration,graph_wide,1000,999,4,426464,0,0,0,0,1000
plan_validation_freeze,graph_wide,1000,999,4,4754866,0,0,0,0,10
plan_declaration,graph_wide,1000,999,5,421353,0,0,0,0,1000
plan_validation_freeze,graph_wide,1000,999,5,4755014,0,0,0,0,10
plan_declaration,graph_wide,1000,999,6,424650,0,0,0,0,1000
plan_validation_freeze,graph_wide,1000,999,6,4753533,0,0,0,0,10
plan_declaration,graph_wide,1000,999,7,424372,0,0,0,0,1000
plan_validation_freeze,graph_wide,1000,999,7,4740755,0,0,0,0,10
plan_declaration,graph_wide,1000,999,8,422631,0,0,0,0,1000
plan_validation_freeze,graph_wide,1000,999,8,4742718,0,0,0,0,10
plan_declaration,graph_wide,1000,999,9,421371,0,0,0,0,1000
plan_validation_freeze,graph_wide,1000,999,9,4739830,0,0,0,0,10
plan_declaration,graph_wide,1000,999,10,422353,0,0,0,0,1000
plan_validation_freeze,graph_wide,1000,999,10,4742589,0,0,0,0,10
plan_declaration,graph_wide,1000,999,11,423909,0,0,0,0,1000
plan_validation_freeze,graph_wide,1000,999,11,4741293,0,0,0,0,10
plan_declaration,graph_wide,1000,999,12,428594,0,0,0,0,1000
plan_validation_freeze,graph_wide,1000,999,12,4734829,0,0,0,0,10
plan_declaration,graph_wide,1000,999,13,419612,0,0,0,0,1000
plan_validation_freeze,graph_wide,1000,999,13,4740607,0,0,0,0,10
plan_declaration,graph_wide,1000,999,14,420075,0,0,0,0,1000
plan_validation_freeze,graph_wide,1000,999,14,4760478,0,0,0,0,10
plan_declaration,graph_wide,1000,999,15,421501,0,0,0,0,1000
plan_validation_freeze,graph_wide,1000,999,15,4740626,0,0,0,0,10
plan_declaration,graph_wide,1000,999,16,423056,0,0,0,0,1000
plan_validation_freeze,graph_wide,1000,999,16,4746273,0,0,0,0,10
plan_declaration,graph_wide,1000,999,17,420797,0,0,0,0,1000
plan_validation_freeze,graph_wide,1000,999,17,4763070,0,0,0,0,10
plan_declaration,graph_wide,1000,999,18,422075,0,0,0,0,1000
plan_validation_freeze,graph_wide,1000,999,18,4787422,0,0,0,0,10
plan_declaration,graph_wide,1000,999,19,420501,0,0,0,0,1000
plan_validation_freeze,graph_wide,1000,999,19,4731848,0,0,0,0,10
plan_declaration_alloc,graph_wide,1000,999,0,0,5051,1046639,0,0,1000
plan_validation_freeze_alloc,graph_wide,1000,999,0,0,6055,1481362,0,0,10
engine_execution,graph_wide,1000,999,0,18767799,0,0,0,0,998
engine_execution,graph_wide,1000,999,1,18745521,0,0,0,0,999
engine_execution,graph_wide,1000,999,2,18643224,0,0,0,0,996
engine_execution,graph_wide,1000,999,3,18592187,0,0,0,0,997
engine_execution,graph_wide,1000,999,4,18836336,0,0,0,0,994
engine_execution,graph_wide,1000,999,5,18637927,0,0,0,0,995
engine_execution,graph_wide,1000,999,6,18571891,0,0,0,0,992
engine_execution,graph_wide,1000,999,7,18432816,0,0,0,0,993
engine_execution,graph_wide,1000,999,8,18502983,0,0,0,0,1006
engine_execution,graph_wide,1000,999,9,18681002,0,0,0,0,1007
engine_execution,graph_wide,1000,999,10,18755947,0,0,0,0,1004
engine_execution,graph_wide,1000,999,11,18769094,0,0,0,0,1005
engine_execution,graph_wide,1000,999,12,19257356,0,0,0,0,1002
engine_execution,graph_wide,1000,999,13,18718001,0,0,0,0,1003
engine_execution,graph_wide,1000,999,14,18565724,0,0,0,0,1000
engine_execution,graph_wide,1000,999,15,18610020,0,0,0,0,1001
engine_execution,graph_wide,1000,999,16,18645243,0,0,0,0,1014
engine_execution,graph_wide,1000,999,17,18631946,0,0,0,0,1015
engine_execution,graph_wide,1000,999,18,18685187,0,0,0,0,1012
engine_execution,graph_wide,1000,999,19,18648057,0,0,0,0,1013
engine_execution,graph_wide,1000,999,20,18615076,0,0,0,0,1010
engine_execution,graph_wide,1000,999,21,18937965,0,0,0,0,1011
engine_execution,graph_wide,1000,999,22,18733910,0,0,0,0,1008
engine_execution,graph_wide,1000,999,23,18535150,0,0,0,0,1009
engine_execution,graph_wide,1000,999,24,18621391,0,0,0,0,1022
engine_execution,graph_wide,1000,999,25,19071855,0,0,0,0,1023
engine_execution,graph_wide,1000,999,26,18587816,0,0,0,0,1020
engine_execution,graph_wide,1000,999,27,18764225,0,0,0,0,1021
engine_execution,graph_wide,1000,999,28,18703557,0,0,0,0,1018
engine_execution,graph_wide,1000,999,29,18884002,0,0,0,0,1019
engine_execution,graph_wide,1000,999,30,18766798,0,0,0,0,1016
engine_execution,graph_wide,1000,999,31,18770595,0,0,0,0,1017
engine_execution,graph_wide,1000,999,32,18683687,0,0,0,0,966
engine_execution,graph_wide,1000,999,33,18670094,0,0,0,0,967
engine_execution,graph_wide,1000,999,34,18594502,0,0,0,0,964
engine_execution,graph_wide,1000,999,35,18648298,0,0,0,0,965
engine_execution,graph_wide,1000,999,36,18733817,0,0,0,0,962
engine_execution,graph_wide,1000,999,37,18836946,0,0,0,0,963
engine_execution,graph_wide,1000,999,38,20446970,0,0,0,0,960
engine_execution,graph_wide,1000,999,39,21086861,0,0,0,0,961
engine_execution_alloc,graph_wide,1000,999,0,0,49164,12018743,0,0,22972
machine_state_setup,graph_wide,1000,999,0,221927,0,0,0,0,1000
body_state_setup,graph_wide,1000,999,0,6500,0,0,0,0,0
machine_state_setup,graph_wide,1000,999,1,179927,0,0,0,0,1000
body_state_setup,graph_wide,1000,999,1,3814,0,0,0,0,0
machine_state_setup,graph_wide,1000,999,2,168982,0,0,0,0,1000
body_state_setup,graph_wide,1000,999,2,4092,0,0,0,0,0
machine_state_setup,graph_wide,1000,999,3,162445,0,0,0,0,1000
body_state_setup,graph_wide,1000,999,3,2704,0,0,0,0,0
machine_state_setup,graph_wide,1000,999,4,156796,0,0,0,0,1000
body_state_setup,graph_wide,1000,999,4,3630,0,0,0,0,0
machine_state_setup,graph_wide,1000,999,5,153500,0,0,0,0,1000
body_state_setup,graph_wide,1000,999,5,2666,0,0,0,0,0
machine_state_setup,graph_wide,1000,999,6,154186,0,0,0,0,1000
body_state_setup,graph_wide,1000,999,6,2593,0,0,0,0,0
machine_state_setup,graph_wide,1000,999,7,156112,0,0,0,0,1000
body_state_setup,graph_wide,1000,999,7,2574,0,0,0,0,0
machine_state_setup,graph_wide,1000,999,8,151964,0,0,0,0,1000
body_state_setup,graph_wide,1000,999,8,2667,0,0,0,0,0
machine_state_setup,graph_wide,1000,999,9,151630,0,0,0,0,1000
body_state_setup,graph_wide,1000,999,9,2889,0,0,0,0,0
machine_state_setup,graph_wide,1000,999,10,151296,0,0,0,0,1000
body_state_setup,graph_wide,1000,999,10,2630,0,0,0,0,0
machine_state_setup,graph_wide,1000,999,11,154389,0,0,0,0,1000
body_state_setup,graph_wide,1000,999,11,2630,0,0,0,0,0
machine_state_setup,graph_wide,1000,999,12,152353,0,0,0,0,1000
body_state_setup,graph_wide,1000,999,12,2611,0,0,0,0,0
machine_state_setup,graph_wide,1000,999,13,155538,0,0,0,0,1000
body_state_setup,graph_wide,1000,999,13,5018,0,0,0,0,0
machine_state_setup,graph_wide,1000,999,14,191723,0,0,0,0,1000
body_state_setup,graph_wide,1000,999,14,3870,0,0,0,0,0
machine_state_setup,graph_wide,1000,999,15,182111,0,0,0,0,1000
body_state_setup,graph_wide,1000,999,15,4056,0,0,0,0,0
machine_state_setup,graph_wide,1000,999,16,179945,0,0,0,0,1000
body_state_setup,graph_wide,1000,999,16,3555,0,0,0,0,0
machine_state_setup,graph_wide,1000,999,17,167964,0,0,0,0,1000
body_state_setup,graph_wide,1000,999,17,2907,0,0,0,0,0
machine_state_setup,graph_wide,1000,999,18,170390,0,0,0,0,1000
body_state_setup,graph_wide,1000,999,18,2814,0,0,0,0,0
machine_state_setup,graph_wide,1000,999,19,165038,0,0,0,0,1000
body_state_setup,graph_wide,1000,999,19,4056,0,0,0,0,0
machine_state_setup,graph_wide,1000,999,20,164649,0,0,0,0,1000
body_state_setup,graph_wide,1000,999,20,2834,0,0,0,0,0
machine_state_setup,graph_wide,1000,999,21,175574,0,0,0,0,1000
body_state_setup,graph_wide,1000,999,21,3574,0,0,0,0,0
machine_state_setup,graph_wide,1000,999,22,170723,0,0,0,0,1000
body_state_setup,graph_wide,1000,999,22,3277,0,0,0,0,0
machine_state_setup,graph_wide,1000,999,23,161278,0,0,0,0,1000
body_state_setup,graph_wide,1000,999,23,2945,0,0,0,0,0
machine_state_setup,graph_wide,1000,999,24,158075,0,0,0,0,1000
body_state_setup,graph_wide,1000,999,24,2667,0,0,0,0,0
machine_state_setup,graph_wide,1000,999,25,162297,0,0,0,0,1000
body_state_setup,graph_wide,1000,999,25,2945,0,0,0,0,0
machine_state_setup,graph_wide,1000,999,26,158426,0,0,0,0,1000
body_state_setup,graph_wide,1000,999,26,2593,0,0,0,0,0
machine_state_setup,graph_wide,1000,999,27,164315,0,0,0,0,1000
body_state_setup,graph_wide,1000,999,27,2629,0,0,0,0,0
machine_state_setup,graph_wide,1000,999,28,159556,0,0,0,0,1000
body_state_setup,graph_wide,1000,999,28,3037,0,0,0,0,0
machine_state_setup,graph_wide,1000,999,29,156463,0,0,0,0,1000
body_state_setup,graph_wide,1000,999,29,2537,0,0,0,0,0
machine_state_setup,graph_wide,1000,999,30,155389,0,0,0,0,1000
body_state_setup,graph_wide,1000,999,30,2593,0,0,0,0,0
machine_state_setup,graph_wide,1000,999,31,155704,0,0,0,0,1000
body_state_setup,graph_wide,1000,999,31,3000,0,0,0,0,0
machine_state_setup,graph_wide,1000,999,32,156686,0,0,0,0,1000
body_state_setup,graph_wide,1000,999,32,2648,0,0,0,0,0
machine_state_setup,graph_wide,1000,999,33,154519,0,0,0,0,1000
body_state_setup,graph_wide,1000,999,33,2815,0,0,0,0,0
machine_state_setup,graph_wide,1000,999,34,156964,0,0,0,0,1000
body_state_setup,graph_wide,1000,999,34,3463,0,0,0,0,0
machine_state_setup,graph_wide,1000,999,35,154926,0,0,0,0,1000
body_state_setup,graph_wide,1000,999,35,2629,0,0,0,0,0
machine_state_setup,graph_wide,1000,999,36,162296,0,0,0,0,1000
body_state_setup,graph_wide,1000,999,36,2778,0,0,0,0,0
machine_state_setup,graph_wide,1000,999,37,157574,0,0,0,0,1000
body_state_setup,graph_wide,1000,999,37,2685,0,0,0,0,0
machine_state_setup,graph_wide,1000,999,38,153593,0,0,0,0,1000
body_state_setup,graph_wide,1000,999,38,2537,0,0,0,0,0
machine_state_setup,graph_wide,1000,999,39,154705,0,0,0,0,1000
body_state_setup,graph_wide,1000,999,39,2592,0,0,0,0,0
fixture_generation,graph_sparse,1000,999,0,150482,0,0,0,0,5000
fixture_generation,graph_sparse,1000,999,1,150297,0,0,0,0,5000
fixture_generation,graph_sparse,1000,999,2,166593,0,0,0,0,5000
fixture_generation,graph_sparse,1000,999,3,149834,0,0,0,0,5000
fixture_generation,graph_sparse,1000,999,4,150223,0,0,0,0,5000
fixture_generation,graph_sparse,1000,999,5,149815,0,0,0,0,5000
fixture_generation,graph_sparse,1000,999,6,149631,0,0,0,0,5000
fixture_generation,graph_sparse,1000,999,7,149926,0,0,0,0,5000
fixture_generation,graph_sparse,1000,999,8,150000,0,0,0,0,5000
fixture_generation,graph_sparse,1000,999,9,150093,0,0,0,0,5000
fixture_generation,graph_sparse,1000,999,10,149945,0,0,0,0,5000
fixture_generation,graph_sparse,1000,999,11,150019,0,0,0,0,5000
fixture_generation,graph_sparse,1000,999,12,150222,0,0,0,0,5000
fixture_generation,graph_sparse,1000,999,13,149723,0,0,0,0,5000
fixture_generation,graph_sparse,1000,999,14,149704,0,0,0,0,5000
fixture_generation,graph_sparse,1000,999,15,149760,0,0,0,0,5000
fixture_generation,graph_sparse,1000,999,16,149482,0,0,0,0,5000
fixture_generation,graph_sparse,1000,999,17,149593,0,0,0,0,5000
fixture_generation,graph_sparse,1000,999,18,149760,0,0,0,0,5000
fixture_generation,graph_sparse,1000,999,19,149741,0,0,0,0,5000
plan_build,graph_sparse,1000,999,0,4794996,0,0,0,0,12
plan_build,graph_sparse,1000,999,1,4674292,0,0,0,0,12
plan_build,graph_sparse,1000,999,2,4636421,0,0,0,0,12
plan_build,graph_sparse,1000,999,3,4624532,0,0,0,0,12
plan_build,graph_sparse,1000,999,4,4606014,0,0,0,0,12
plan_build,graph_sparse,1000,999,5,4629458,0,0,0,0,12
plan_build,graph_sparse,1000,999,6,4595626,0,0,0,0,12
plan_build,graph_sparse,1000,999,7,4604440,0,0,0,0,12
plan_build,graph_sparse,1000,999,8,4621347,0,0,0,0,12
plan_build,graph_sparse,1000,999,9,4668255,0,0,0,0,12
plan_build,graph_sparse,1000,999,10,4643607,0,0,0,0,12
plan_build,graph_sparse,1000,999,11,4607755,0,0,0,0,12
plan_build,graph_sparse,1000,999,12,4593829,0,0,0,0,12
plan_build,graph_sparse,1000,999,13,4600774,0,0,0,0,12
plan_build,graph_sparse,1000,999,14,4617996,0,0,0,0,12
plan_build,graph_sparse,1000,999,15,4619755,0,0,0,0,12
plan_build,graph_sparse,1000,999,16,4611477,0,0,0,0,12
plan_build,graph_sparse,1000,999,17,4617051,0,0,0,0,12
plan_build,graph_sparse,1000,999,18,4620514,0,0,0,0,12
plan_build,graph_sparse,1000,999,19,4614570,0,0,0,0,12
plan_build_alloc,graph_sparse,1000,999,0,0,11597,2527653,0,0,12
plan_declaration,graph_sparse,1000,999,0,441761,0,0,0,0,1000
plan_validation_freeze,graph_sparse,1000,999,0,4290939,0,0,0,0,12
plan_declaration,graph_sparse,1000,999,1,434057,0,0,0,0,1000
plan_validation_freeze,graph_sparse,1000,999,1,4298624,0,0,0,0,12
plan_declaration,graph_sparse,1000,999,2,431335,0,0,0,0,1000
plan_validation_freeze,graph_sparse,1000,999,2,4300699,0,0,0,0,12
plan_declaration,graph_sparse,1000,999,3,432649,0,0,0,0,1000
plan_validation_freeze,graph_sparse,1000,999,3,4313846,0,0,0,0,12
plan_declaration,graph_sparse,1000,999,4,432224,0,0,0,0,1000
plan_validation_freeze,graph_sparse,1000,999,4,4294698,0,0,0,0,12
plan_declaration,graph_sparse,1000,999,5,430798,0,0,0,0,1000
plan_validation_freeze,graph_sparse,1000,999,5,4317272,0,0,0,0,12
plan_declaration,graph_sparse,1000,999,6,432057,0,0,0,0,1000
plan_validation_freeze,graph_sparse,1000,999,6,4302384,0,0,0,0,12
plan_declaration,graph_sparse,1000,999,7,430872,0,0,0,0,1000
plan_validation_freeze,graph_sparse,1000,999,7,4298014,0,0,0,0,12
plan_declaration,graph_sparse,1000,999,8,433705,0,0,0,0,1000
plan_validation_freeze,graph_sparse,1000,999,8,4288125,0,0,0,0,12
plan_declaration,graph_sparse,1000,999,9,434760,0,0,0,0,1000
plan_validation_freeze,graph_sparse,1000,999,9,4286032,0,0,0,0,12
plan_declaration,graph_sparse,1000,999,10,432391,0,0,0,0,1000
plan_validation_freeze,graph_sparse,1000,999,10,4327939,0,0,0,0,12
plan_declaration,graph_sparse,1000,999,11,441223,0,0,0,0,1000
plan_validation_freeze,graph_sparse,1000,999,11,4308994,0,0,0,0,12
plan_declaration,graph_sparse,1000,999,12,431927,0,0,0,0,1000
plan_validation_freeze,graph_sparse,1000,999,12,4295754,0,0,0,0,12
plan_declaration,graph_sparse,1000,999,13,431687,0,0,0,0,1000
plan_validation_freeze,graph_sparse,1000,999,13,4297273,0,0,0,0,12
plan_declaration,graph_sparse,1000,999,14,429760,0,0,0,0,1000
plan_validation_freeze,graph_sparse,1000,999,14,4306957,0,0,0,0,12
plan_declaration,graph_sparse,1000,999,15,433353,0,0,0,0,1000
plan_validation_freeze,graph_sparse,1000,999,15,4309810,0,0,0,0,12
plan_declaration,graph_sparse,1000,999,16,430872,0,0,0,0,1000
plan_validation_freeze,graph_sparse,1000,999,16,4301513,0,0,0,0,12
plan_declaration,graph_sparse,1000,999,17,431113,0,0,0,0,1000
plan_validation_freeze,graph_sparse,1000,999,17,4300939,0,0,0,0,12
plan_declaration,graph_sparse,1000,999,18,431187,0,0,0,0,1000
plan_validation_freeze,graph_sparse,1000,999,18,4317569,0,0,0,0,12
plan_declaration,graph_sparse,1000,999,19,434075,0,0,0,0,1000
plan_validation_freeze,graph_sparse,1000,999,19,4294513,0,0,0,0,12
plan_declaration_alloc,graph_sparse,1000,999,0,0,5051,1046641,0,0,1000
plan_validation_freeze_alloc,graph_sparse,1000,999,0,0,6546,1481012,0,0,12
engine_execution,graph_sparse,1000,999,0,26328544,0,0,0,0,697
engine_execution,graph_sparse,1000,999,1,26971323,0,0,0,0,696
engine_execution,graph_sparse,1000,999,2,26424303,0,0,0,0,699
engine_execution,graph_sparse,1000,999,3,26213562,0,0,0,0,698
engine_execution,graph_sparse,1000,999,4,26239840,0,0,0,0,701
engine_execution,graph_sparse,1000,999,5,26296580,0,0,0,0,700
engine_execution,graph_sparse,1000,999,6,26227507,0,0,0,0,703
engine_execution,graph_sparse,1000,999,7,26257210,0,0,0,0,702
engine_execution,graph_sparse,1000,999,8,26232211,0,0,0,0,689
engine_execution,graph_sparse,1000,999,9,26237507,0,0,0,0,688
engine_execution,graph_sparse,1000,999,10,26868638,0,0,0,0,691
engine_execution,graph_sparse,1000,999,11,26454137,0,0,0,0,690
engine_execution,graph_sparse,1000,999,12,26285618,0,0,0,0,693
engine_execution,graph_sparse,1000,999,13,26269525,0,0,0,0,692
engine_execution,graph_sparse,1000,999,14,26378210,0,0,0,0,695
engine_execution,graph_sparse,1000,999,15,26242247,0,0,0,0,694
engine_execution,graph_sparse,1000,999,16,26315655,0,0,0,0,681
engine_execution,graph_sparse,1000,999,17,26301155,0,0,0,0,680
engine_execution,graph_sparse,1000,999,18,26222192,0,0,0,0,683
engine_execution,graph_sparse,1000,999,19,27078694,0,0,0,0,682
engine_execution,graph_sparse,1000,999,20,27100564,0,0,0,0,685
engine_execution,graph_sparse,1000,999,21,26586989,0,0,0,0,684
engine_execution,graph_sparse,1000,999,22,26332452,0,0,0,0,687
engine_execution,graph_sparse,1000,999,23,26356711,0,0,0,0,686
engine_execution,graph_sparse,1000,999,24,26605175,0,0,0,0,673
engine_execution,graph_sparse,1000,999,25,26320636,0,0,0,0,672
engine_execution,graph_sparse,1000,999,26,26353784,0,0,0,0,675
engine_execution,graph_sparse,1000,999,27,26238747,0,0,0,0,674
engine_execution,graph_sparse,1000,999,28,26451470,0,0,0,0,677
engine_execution,graph_sparse,1000,999,29,26958120,0,0,0,0,676
engine_execution,graph_sparse,1000,999,30,26587749,0,0,0,0,679
engine_execution,graph_sparse,1000,999,31,26281895,0,0,0,0,678
engine_execution,graph_sparse,1000,999,32,28244957,0,0,0,0,665
engine_execution,graph_sparse,1000,999,33,26448841,0,0,0,0,664
engine_execution,graph_sparse,1000,999,34,26404174,0,0,0,0,667
engine_execution,graph_sparse,1000,999,35,26455989,0,0,0,0,666
engine_execution,graph_sparse,1000,999,36,26251025,0,0,0,0,669
engine_execution,graph_sparse,1000,999,37,26301025,0,0,0,0,668
engine_execution,graph_sparse,1000,999,38,26459655,0,0,0,0,671
engine_execution,graph_sparse,1000,999,39,27111046,0,0,0,0,670
engine_execution_alloc,graph_sparse,1000,999,0,0,51109,15933385,0,0,22755
machine_state_setup,graph_sparse,1000,999,0,200871,0,0,0,0,1000
body_state_setup,graph_sparse,1000,999,0,5648,0,0,0,0,0
machine_state_setup,graph_sparse,1000,999,1,173408,0,0,0,0,1000
body_state_setup,graph_sparse,1000,999,1,3685,0,0,0,0,0
machine_state_setup,graph_sparse,1000,999,2,154704,0,0,0,0,1000
body_state_setup,graph_sparse,1000,999,2,2704,0,0,0,0,0
machine_state_setup,graph_sparse,1000,999,3,151445,0,0,0,0,1000
body_state_setup,graph_sparse,1000,999,3,2815,0,0,0,0,0
machine_state_setup,graph_sparse,1000,999,4,149501,0,0,0,0,1000
body_state_setup,graph_sparse,1000,999,4,2667,0,0,0,0,0
machine_state_setup,graph_sparse,1000,999,5,149186,0,0,0,0,1000
body_state_setup,graph_sparse,1000,999,5,3240,0,0,0,0,0
machine_state_setup,graph_sparse,1000,999,6,149686,0,0,0,0,1000
body_state_setup,graph_sparse,1000,999,6,2648,0,0,0,0,0
machine_state_setup,graph_sparse,1000,999,7,149667,0,0,0,0,1000
body_state_setup,graph_sparse,1000,999,7,2741,0,0,0,0,0
machine_state_setup,graph_sparse,1000,999,8,150853,0,0,0,0,1000
body_state_setup,graph_sparse,1000,999,8,3166,0,0,0,0,0
machine_state_setup,graph_sparse,1000,999,9,149778,0,0,0,0,1000
body_state_setup,graph_sparse,1000,999,9,2649,0,0,0,0,0
machine_state_setup,graph_sparse,1000,999,10,151815,0,0,0,0,1000
body_state_setup,graph_sparse,1000,999,10,2630,0,0,0,0,0
machine_state_setup,graph_sparse,1000,999,11,150482,0,0,0,0,1000
body_state_setup,graph_sparse,1000,999,11,2556,0,0,0,0,0
machine_state_setup,graph_sparse,1000,999,12,153686,0,0,0,0,1000
body_state_setup,graph_sparse,1000,999,12,2593,0,0,0,0,0
machine_state_setup,graph_sparse,1000,999,13,164464,0,0,0,0,1000
body_state_setup,graph_sparse,1000,999,13,4056,0,0,0,0,0
machine_state_setup,graph_sparse,1000,999,14,156870,0,0,0,0,1000
body_state_setup,graph_sparse,1000,999,14,2722,0,0,0,0,0
machine_state_setup,graph_sparse,1000,999,15,180926,0,0,0,0,1000
body_state_setup,graph_sparse,1000,999,15,3611,0,0,0,0,0
machine_state_setup,graph_sparse,1000,999,16,156259,0,0,0,0,1000
body_state_setup,graph_sparse,1000,999,16,2648,0,0,0,0,0
machine_state_setup,graph_sparse,1000,999,17,157723,0,0,0,0,1000
body_state_setup,graph_sparse,1000,999,17,3278,0,0,0,0,0
machine_state_setup,graph_sparse,1000,999,18,157408,0,0,0,0,1000
body_state_setup,graph_sparse,1000,999,18,3000,0,0,0,0,0
machine_state_setup,graph_sparse,1000,999,19,155482,0,0,0,0,1000
body_state_setup,graph_sparse,1000,999,19,2611,0,0,0,0,0
machine_state_setup,graph_sparse,1000,999,20,157963,0,0,0,0,1000
body_state_setup,graph_sparse,1000,999,20,2704,0,0,0,0,0
machine_state_setup,graph_sparse,1000,999,21,154742,0,0,0,0,1000
body_state_setup,graph_sparse,1000,999,21,2982,0,0,0,0,0
machine_state_setup,graph_sparse,1000,999,22,156927,0,0,0,0,1000
body_state_setup,graph_sparse,1000,999,22,2611,0,0,0,0,0
machine_state_setup,graph_sparse,1000,999,23,156408,0,0,0,0,1000
body_state_setup,graph_sparse,1000,999,23,2649,0,0,0,0,0
machine_state_setup,graph_sparse,1000,999,24,166037,0,0,0,0,1000
body_state_setup,graph_sparse,1000,999,24,3408,0,0,0,0,0
machine_state_setup,graph_sparse,1000,999,25,155797,0,0,0,0,1000
body_state_setup,graph_sparse,1000,999,25,2630,0,0,0,0,0
machine_state_setup,graph_sparse,1000,999,26,174334,0,0,0,0,1000
body_state_setup,graph_sparse,1000,999,26,3167,0,0,0,0,0
machine_state_setup,graph_sparse,1000,999,27,161741,0,0,0,0,1000
body_state_setup,graph_sparse,1000,999,27,2944,0,0,0,0,0
machine_state_setup,graph_sparse,1000,999,28,154482,0,0,0,0,1000
body_state_setup,graph_sparse,1000,999,28,2703,0,0,0,0,0
machine_state_setup,graph_sparse,1000,999,29,163816,0,0,0,0,1000
body_state_setup,graph_sparse,1000,999,29,2648,0,0,0,0,0
machine_state_setup,graph_sparse,1000,999,30,157186,0,0,0,0,1000
body_state_setup,graph_sparse,1000,999,30,3166,0,0,0,0,0
machine_state_setup,graph_sparse,1000,999,31,154000,0,0,0,0,1000
body_state_setup,graph_sparse,1000,999,31,2797,0,0,0,0,0
machine_state_setup,graph_sparse,1000,999,32,156279,0,0,0,0,1000
body_state_setup,graph_sparse,1000,999,32,2648,0,0,0,0,0
machine_state_setup,graph_sparse,1000,999,33,163945,0,0,0,0,1000
body_state_setup,graph_sparse,1000,999,33,2760,0,0,0,0,0
machine_state_setup,graph_sparse,1000,999,34,154149,0,0,0,0,1000
body_state_setup,graph_sparse,1000,999,34,2555,0,0,0,0,0
machine_state_setup,graph_sparse,1000,999,35,152796,0,0,0,0,1000
body_state_setup,graph_sparse,1000,999,35,2630,0,0,0,0,0
machine_state_setup,graph_sparse,1000,999,36,167001,0,0,0,0,1000
body_state_setup,graph_sparse,1000,999,36,2574,0,0,0,0,0
machine_state_setup,graph_sparse,1000,999,37,154741,0,0,0,0,1000
body_state_setup,graph_sparse,1000,999,37,2703,0,0,0,0,0
machine_state_setup,graph_sparse,1000,999,38,154575,0,0,0,0,1000
body_state_setup,graph_sparse,1000,999,38,2500,0,0,0,0,0
machine_state_setup,graph_sparse,1000,999,39,158019,0,0,0,0,1000
body_state_setup,graph_sparse,1000,999,39,2667,0,0,0,0,0
fixture_generation,tiny_yield_chain,1,0,0,2833,0,0,0,0,5
fixture_generation,tiny_yield_chain,1,0,1,315,0,0,0,0,5
fixture_generation,tiny_yield_chain,1,0,2,297,0,0,0,0,5
fixture_generation,tiny_yield_chain,1,0,3,204,0,0,0,0,5
fixture_generation,tiny_yield_chain,1,0,4,519,0,0,0,0,5
fixture_generation,tiny_yield_chain,1,0,5,204,0,0,0,0,5
fixture_generation,tiny_yield_chain,1,0,6,204,0,0,0,0,5
fixture_generation,tiny_yield_chain,1,0,7,204,0,0,0,0,5
fixture_generation,tiny_yield_chain,1,0,8,204,0,0,0,0,5
fixture_generation,tiny_yield_chain,1,0,9,278,0,0,0,0,5
fixture_generation,tiny_yield_chain,1,0,10,204,0,0,0,0,5
fixture_generation,tiny_yield_chain,1,0,11,204,0,0,0,0,5
fixture_generation,tiny_yield_chain,1,0,12,204,0,0,0,0,5
fixture_generation,tiny_yield_chain,1,0,13,203,0,0,0,0,5
fixture_generation,tiny_yield_chain,1,0,14,407,0,0,0,0,5
fixture_generation,tiny_yield_chain,1,0,15,222,0,0,0,0,5
fixture_generation,tiny_yield_chain,1,0,16,203,0,0,0,0,5
fixture_generation,tiny_yield_chain,1,0,17,204,0,0,0,0,5
fixture_generation,tiny_yield_chain,1,0,18,204,0,0,0,0,5
fixture_generation,tiny_yield_chain,1,0,19,260,0,0,0,0,5
plan_build,tiny_yield_chain,1,0,0,45630,0,0,0,0,11
plan_build,tiny_yield_chain,1,0,1,4056,0,0,0,0,11
plan_build,tiny_yield_chain,1,0,2,3056,0,0,0,0,11
plan_build,tiny_yield_chain,1,0,3,2722,0,0,0,0,11
plan_build,tiny_yield_chain,1,0,4,2704,0,0,0,0,11
plan_build,tiny_yield_chain,1,0,5,2574,0,0,0,0,11
plan_build,tiny_yield_chain,1,0,6,2778,0,0,0,0,11
plan_build,tiny_yield_chain,1,0,7,2760,0,0,0,0,11
plan_build,tiny_yield_chain,1,0,8,2814,0,0,0,0,11
plan_build,tiny_yield_chain,1,0,9,2870,0,0,0,0,11
plan_build,tiny_yield_chain,1,0,10,2759,0,0,0,0,11
plan_build,tiny_yield_chain,1,0,11,2741,0,0,0,0,11
plan_build,tiny_yield_chain,1,0,12,2722,0,0,0,0,11
plan_build,tiny_yield_chain,1,0,13,2704,0,0,0,0,11
plan_build,tiny_yield_chain,1,0,14,2704,0,0,0,0,11
plan_build,tiny_yield_chain,1,0,15,2722,0,0,0,0,11
plan_build,tiny_yield_chain,1,0,16,2815,0,0,0,0,11
plan_build,tiny_yield_chain,1,0,17,2686,0,0,0,0,11
plan_build,tiny_yield_chain,1,0,18,3259,0,0,0,0,11
plan_build,tiny_yield_chain,1,0,19,2704,0,0,0,0,11
plan_build_alloc,tiny_yield_chain,1,0,0,0,36,6762,0,0,11
plan_declaration,tiny_yield_chain,1,0,0,2593,0,0,0,0,1
plan_validation_freeze,tiny_yield_chain,1,0,0,1944,0,0,0,0,11
plan_declaration,tiny_yield_chain,1,0,1,1333,0,0,0,0,1
plan_validation_freeze,tiny_yield_chain,1,0,1,1704,0,0,0,0,11
plan_declaration,tiny_yield_chain,1,0,2,1222,0,0,0,0,1
plan_validation_freeze,tiny_yield_chain,1,0,2,1833,0,0,0,0,11
plan_declaration,tiny_yield_chain,1,0,3,1204,0,0,0,0,1
plan_validation_freeze,tiny_yield_chain,1,0,3,1722,0,0,0,0,11
plan_declaration,tiny_yield_chain,1,0,4,1185,0,0,0,0,1
plan_validation_freeze,tiny_yield_chain,1,0,4,1740,0,0,0,0,11
plan_declaration,tiny_yield_chain,1,0,5,1185,0,0,0,0,1
plan_validation_freeze,tiny_yield_chain,1,0,5,1741,0,0,0,0,11
plan_declaration,tiny_yield_chain,1,0,6,1167,0,0,0,0,1
plan_validation_freeze,tiny_yield_chain,1,0,6,1740,0,0,0,0,11
plan_declaration,tiny_yield_chain,1,0,7,1167,0,0,0,0,1
plan_validation_freeze,tiny_yield_chain,1,0,7,1741,0,0,0,0,11
plan_declaration,tiny_yield_chain,1,0,8,1260,0,0,0,0,1
plan_validation_freeze,tiny_yield_chain,1,0,8,1740,0,0,0,0,11
plan_declaration,tiny_yield_chain,1,0,9,1241,0,0,0,0,1
plan_validation_freeze,tiny_yield_chain,1,0,9,1740,0,0,0,0,11
plan_declaration,tiny_yield_chain,1,0,10,1259,0,0,0,0,1
plan_validation_freeze,tiny_yield_chain,1,0,10,1778,0,0,0,0,11
plan_declaration,tiny_yield_chain,1,0,11,1166,0,0,0,0,1
plan_validation_freeze,tiny_yield_chain,1,0,11,1741,0,0,0,0,11
plan_declaration,tiny_yield_chain,1,0,12,1259,0,0,0,0,1
plan_validation_freeze,tiny_yield_chain,1,0,12,1759,0,0,0,0,11
plan_declaration,tiny_yield_chain,1,0,13,1167,0,0,0,0,1
plan_validation_freeze,tiny_yield_chain,1,0,13,1759,0,0,0,0,11
plan_declaration,tiny_yield_chain,1,0,14,1186,0,0,0,0,1
plan_validation_freeze,tiny_yield_chain,1,0,14,1760,0,0,0,0,11
plan_declaration,tiny_yield_chain,1,0,15,1167,0,0,0,0,1
plan_validation_freeze,tiny_yield_chain,1,0,15,1722,0,0,0,0,11
plan_declaration,tiny_yield_chain,1,0,16,1204,0,0,0,0,1
plan_validation_freeze,tiny_yield_chain,1,0,16,1741,0,0,0,0,11
plan_declaration,tiny_yield_chain,1,0,17,1148,0,0,0,0,1
plan_validation_freeze,tiny_yield_chain,1,0,17,1741,0,0,0,0,11
plan_declaration,tiny_yield_chain,1,0,18,1204,0,0,0,0,1
plan_validation_freeze,tiny_yield_chain,1,0,18,1759,0,0,0,0,11
plan_declaration,tiny_yield_chain,1,0,19,1166,0,0,0,0,1
plan_validation_freeze,tiny_yield_chain,1,0,19,1703,0,0,0,0,11
plan_declaration_alloc,tiny_yield_chain,1,0,0,0,16,2178,0,0,1
plan_validation_freeze_alloc,tiny_yield_chain,1,0,0,0,20,4584,0,0,11
engine_execution,tiny_yield_chain,1,0,0,11518,0,0,0,0,1
engine_execution,tiny_yield_chain,1,0,1,11444,0,0,0,0,0
engine_execution,tiny_yield_chain,1,0,2,11445,0,0,0,0,3
engine_execution,tiny_yield_chain,1,0,3,11463,0,0,0,0,2
engine_execution,tiny_yield_chain,1,0,4,12055,0,0,0,0,5
engine_execution,tiny_yield_chain,1,0,5,11871,0,0,0,0,4
engine_execution,tiny_yield_chain,1,0,6,11741,0,0,0,0,7
engine_execution,tiny_yield_chain,1,0,7,11870,0,0,0,0,6
engine_execution,tiny_yield_chain,1,0,8,11778,0,0,0,0,9
engine_execution,tiny_yield_chain,1,0,9,11741,0,0,0,0,8
engine_execution,tiny_yield_chain,1,0,10,11759,0,0,0,0,11
engine_execution,tiny_yield_chain,1,0,11,11666,0,0,0,0,10
engine_execution,tiny_yield_chain,1,0,12,11685,0,0,0,0,13
engine_execution,tiny_yield_chain,1,0,13,11704,0,0,0,0,12
engine_execution,tiny_yield_chain,1,0,14,11722,0,0,0,0,15
engine_execution,tiny_yield_chain,1,0,15,11704,0,0,0,0,14
engine_execution,tiny_yield_chain,1,0,16,11722,0,0,0,0,17
engine_execution,tiny_yield_chain,1,0,17,11685,0,0,0,0,16
engine_execution,tiny_yield_chain,1,0,18,11703,0,0,0,0,19
engine_execution,tiny_yield_chain,1,0,19,11703,0,0,0,0,18
engine_execution,tiny_yield_chain,1,0,20,11685,0,0,0,0,21
engine_execution,tiny_yield_chain,1,0,21,11685,0,0,0,0,20
engine_execution,tiny_yield_chain,1,0,22,11796,0,0,0,0,23
engine_execution,tiny_yield_chain,1,0,23,11611,0,0,0,0,22
engine_execution,tiny_yield_chain,1,0,24,11611,0,0,0,0,25
engine_execution,tiny_yield_chain,1,0,25,11593,0,0,0,0,24
engine_execution,tiny_yield_chain,1,0,26,11667,0,0,0,0,27
engine_execution,tiny_yield_chain,1,0,27,11648,0,0,0,0,26
engine_execution,tiny_yield_chain,1,0,28,11592,0,0,0,0,29
engine_execution,tiny_yield_chain,1,0,29,11685,0,0,0,0,28
engine_execution,tiny_yield_chain,1,0,30,11685,0,0,0,0,31
engine_execution,tiny_yield_chain,1,0,31,11648,0,0,0,0,30
engine_execution,tiny_yield_chain,1,0,32,11704,0,0,0,0,33
engine_execution,tiny_yield_chain,1,0,33,11685,0,0,0,0,32
engine_execution,tiny_yield_chain,1,0,34,12204,0,0,0,0,35
engine_execution,tiny_yield_chain,1,0,35,11778,0,0,0,0,34
engine_execution,tiny_yield_chain,1,0,36,11648,0,0,0,0,37
engine_execution,tiny_yield_chain,1,0,37,11685,0,0,0,0,36
engine_execution,tiny_yield_chain,1,0,38,11778,0,0,0,0,39
engine_execution,tiny_yield_chain,1,0,39,11611,0,0,0,0,38
engine_execution_alloc,tiny_yield_chain,1,0,0,0,102,11796,0,0,23131
machine_state_setup,tiny_yield_chain,1,0,0,741,0,0,0,0,1
body_state_setup,tiny_yield_chain,1,0,0,519,0,0,0,0,0
machine_state_setup,tiny_yield_chain,1,0,1,482,0,0,0,0,1
body_state_setup,tiny_yield_chain,1,0,1,444,0,0,0,0,0
machine_state_setup,tiny_yield_chain,1,0,2,481,0,0,0,0,1
body_state_setup,tiny_yield_chain,1,0,2,444,0,0,0,0,0
machine_state_setup,tiny_yield_chain,1,0,3,500,0,0,0,0,1
body_state_setup,tiny_yield_chain,1,0,3,426,0,0,0,0,0
machine_state_setup,tiny_yield_chain,1,0,4,426,0,0,0,0,1
body_state_setup,tiny_yield_chain,1,0,4,407,0,0,0,0,0
machine_state_setup,tiny_yield_chain,1,0,5,407,0,0,0,0,1
body_state_setup,tiny_yield_chain,1,0,5,426,0,0,0,0,0
machine_state_setup,tiny_yield_chain,1,0,6,407,0,0,0,0,1
body_state_setup,tiny_yield_chain,1,0,6,463,0,0,0,0,0
machine_state_setup,tiny_yield_chain,1,0,7,408,0,0,0,0,1
body_state_setup,tiny_yield_chain,1,0,7,463,0,0,0,0,0
machine_state_setup,tiny_yield_chain,1,0,8,445,0,0,0,0,1
body_state_setup,tiny_yield_chain,1,0,8,408,0,0,0,0,0
machine_state_setup,tiny_yield_chain,1,0,9,1093,0,0,0,0,1
body_state_setup,tiny_yield_chain,1,0,9,482,0,0,0,0,0
machine_state_setup,tiny_yield_chain,1,0,10,481,0,0,0,0,1
body_state_setup,tiny_yield_chain,1,0,10,444,0,0,0,0,0
machine_state_setup,tiny_yield_chain,1,0,11,408,0,0,0,0,1
body_state_setup,tiny_yield_chain,1,0,11,426,0,0,0,0,0
machine_state_setup,tiny_yield_chain,1,0,12,408,0,0,0,0,1
body_state_setup,tiny_yield_chain,1,0,12,426,0,0,0,0,0
machine_state_setup,tiny_yield_chain,1,0,13,389,0,0,0,0,1
body_state_setup,tiny_yield_chain,1,0,13,444,0,0,0,0,0
machine_state_setup,tiny_yield_chain,1,0,14,463,0,0,0,0,1
body_state_setup,tiny_yield_chain,1,0,14,426,0,0,0,0,0
machine_state_setup,tiny_yield_chain,1,0,15,463,0,0,0,0,1
body_state_setup,tiny_yield_chain,1,0,15,408,0,0,0,0,0
machine_state_setup,tiny_yield_chain,1,0,16,351,0,0,0,0,1
body_state_setup,tiny_yield_chain,1,0,16,407,0,0,0,0,0
machine_state_setup,tiny_yield_chain,1,0,17,388,0,0,0,0,1
body_state_setup,tiny_yield_chain,1,0,17,444,0,0,0,0,0
machine_state_setup,tiny_yield_chain,1,0,18,444,0,0,0,0,1
body_state_setup,tiny_yield_chain,1,0,18,370,0,0,0,0,0
machine_state_setup,tiny_yield_chain,1,0,19,370,0,0,0,0,1
body_state_setup,tiny_yield_chain,1,0,19,407,0,0,0,0,0
machine_state_setup,tiny_yield_chain,1,0,20,370,0,0,0,0,1
body_state_setup,tiny_yield_chain,1,0,20,407,0,0,0,0,0
machine_state_setup,tiny_yield_chain,1,0,21,389,0,0,0,0,1
body_state_setup,tiny_yield_chain,1,0,21,426,0,0,0,0,0
machine_state_setup,tiny_yield_chain,1,0,22,388,0,0,0,0,1
body_state_setup,tiny_yield_chain,1,0,22,426,0,0,0,0,0
machine_state_setup,tiny_yield_chain,1,0,23,389,0,0,0,0,1
body_state_setup,tiny_yield_chain,1,0,23,408,0,0,0,0,0
machine_state_setup,tiny_yield_chain,1,0,24,389,0,0,0,0,1
body_state_setup,tiny_yield_chain,1,0,24,371,0,0,0,0,0
machine_state_setup,tiny_yield_chain,1,0,25,352,0,0,0,0,1
body_state_setup,tiny_yield_chain,1,0,25,389,0,0,0,0,0
machine_state_setup,tiny_yield_chain,1,0,26,352,0,0,0,0,1
body_state_setup,tiny_yield_chain,1,0,26,388,0,0,0,0,0
machine_state_setup,tiny_yield_chain,1,0,27,407,0,0,0,0,1
body_state_setup,tiny_yield_chain,1,0,27,370,0,0,0,0,0
machine_state_setup,tiny_yield_chain,1,0,28,352,0,0,0,0,1
body_state_setup,tiny_yield_chain,1,0,28,407,0,0,0,0,0
machine_state_setup,tiny_yield_chain,1,0,29,352,0,0,0,0,1
body_state_setup,tiny_yield_chain,1,0,29,389,0,0,0,0,0
machine_state_setup,tiny_yield_chain,1,0,30,371,0,0,0,0,1
body_state_setup,tiny_yield_chain,1,0,30,351,0,0,0,0,0
machine_state_setup,tiny_yield_chain,1,0,31,352,0,0,0,0,1
body_state_setup,tiny_yield_chain,1,0,31,389,0,0,0,0,0
machine_state_setup,tiny_yield_chain,1,0,32,352,0,0,0,0,1
body_state_setup,tiny_yield_chain,1,0,32,370,0,0,0,0,0
machine_state_setup,tiny_yield_chain,1,0,33,370,0,0,0,0,1
body_state_setup,tiny_yield_chain,1,0,33,352,0,0,0,0,0
machine_state_setup,tiny_yield_chain,1,0,34,351,0,0,0,0,1
body_state_setup,tiny_yield_chain,1,0,34,407,0,0,0,0,0
machine_state_setup,tiny_yield_chain,1,0,35,352,0,0,0,0,1
body_state_setup,tiny_yield_chain,1,0,35,389,0,0,0,0,0
machine_state_setup,tiny_yield_chain,1,0,36,370,0,0,0,0,1
body_state_setup,tiny_yield_chain,1,0,36,389,0,0,0,0,0
machine_state_setup,tiny_yield_chain,1,0,37,352,0,0,0,0,1
body_state_setup,tiny_yield_chain,1,0,37,408,0,0,0,0,0
machine_state_setup,tiny_yield_chain,1,0,38,352,0,0,0,0,1
body_state_setup,tiny_yield_chain,1,0,38,370,0,0,0,0,0
machine_state_setup,tiny_yield_chain,1,0,39,389,0,0,0,0,1
body_state_setup,tiny_yield_chain,1,0,39,352,0,0,0,0,0
engine_execution,resource_normal,2,1,0,22278,0,0,0,0,0
engine_execution,resource_normal,2,1,1,22667,0,0,0,0,3
engine_execution,resource_normal,2,1,2,23463,0,0,0,0,2
engine_execution,resource_normal,2,1,3,22630,0,0,0,0,5
engine_execution,resource_normal,2,1,4,22852,0,0,0,0,4
engine_execution,resource_normal,2,1,5,22963,0,0,0,0,7
engine_execution,resource_normal,2,1,6,44555,0,0,0,0,6
engine_execution,resource_normal,2,1,7,23204,0,0,0,0,9
engine_execution,resource_normal,2,1,8,22926,0,0,0,0,8
engine_execution,resource_normal,2,1,9,22796,0,0,0,0,11
engine_execution,resource_normal,2,1,10,22871,0,0,0,0,10
engine_execution,resource_normal,2,1,11,23018,0,0,0,0,13
engine_execution,resource_normal,2,1,12,23204,0,0,0,0,12
engine_execution,resource_normal,2,1,13,22945,0,0,0,0,15
engine_execution,resource_normal,2,1,14,22926,0,0,0,0,14
engine_execution,resource_normal,2,1,15,22834,0,0,0,0,17
engine_execution,resource_normal,2,1,16,22944,0,0,0,0,16
engine_execution,resource_normal,2,1,17,22982,0,0,0,0,19
engine_execution,resource_normal,2,1,18,23019,0,0,0,0,18
engine_execution,resource_normal,2,1,19,22852,0,0,0,0,21
engine_execution,resource_normal,2,1,20,23038,0,0,0,0,20
engine_execution,resource_normal,2,1,21,22685,0,0,0,0,23
engine_execution,resource_normal,2,1,22,22796,0,0,0,0,22
engine_execution,resource_normal,2,1,23,22907,0,0,0,0,25
engine_execution,resource_normal,2,1,24,22852,0,0,0,0,24
engine_execution,resource_normal,2,1,25,22871,0,0,0,0,27
engine_execution,resource_normal,2,1,26,23056,0,0,0,0,26
engine_execution,resource_normal,2,1,27,22926,0,0,0,0,29
engine_execution,resource_normal,2,1,28,22666,0,0,0,0,28
engine_execution,resource_normal,2,1,29,22871,0,0,0,0,31
engine_execution,resource_normal,2,1,30,22926,0,0,0,0,30
engine_execution,resource_normal,2,1,31,22981,0,0,0,0,33
engine_execution,resource_normal,2,1,32,22963,0,0,0,0,32
engine_execution,resource_normal,2,1,33,22814,0,0,0,0,35
engine_execution,resource_normal,2,1,34,22833,0,0,0,0,34
engine_execution,resource_normal,2,1,35,23093,0,0,0,0,37
engine_execution,resource_normal,2,1,36,22815,0,0,0,0,36
engine_execution,resource_normal,2,1,37,22815,0,0,0,0,39
engine_execution,resource_normal,2,1,38,22944,0,0,0,0,38
engine_execution,resource_normal,2,1,39,22685,0,0,0,0,41
engine_execution_alloc,resource_normal,2,1,0,0,205,19770,0,0,23130
engine_execution,resource_release_failure,2,1,0,23593,0,0,0,0,1
engine_execution,resource_release_failure,2,1,1,23926,0,0,0,0,2
engine_execution,resource_release_failure,2,1,2,24000,0,0,0,0,3
engine_execution,resource_release_failure,2,1,3,24055,0,0,0,0,4
engine_execution,resource_release_failure,2,1,4,24019,0,0,0,0,5
engine_execution,resource_release_failure,2,1,5,24037,0,0,0,0,6
engine_execution,resource_release_failure,2,1,6,24074,0,0,0,0,7
engine_execution,resource_release_failure,2,1,7,24445,0,0,0,0,8
engine_execution,resource_release_failure,2,1,8,24093,0,0,0,0,9
engine_execution,resource_release_failure,2,1,9,24037,0,0,0,0,10
engine_execution,resource_release_failure,2,1,10,24389,0,0,0,0,11
engine_execution,resource_release_failure,2,1,11,24185,0,0,0,0,12
engine_execution,resource_release_failure,2,1,12,24259,0,0,0,0,13
engine_execution,resource_release_failure,2,1,13,24223,0,0,0,0,14
engine_execution,resource_release_failure,2,1,14,24315,0,0,0,0,15
engine_execution,resource_release_failure,2,1,15,24037,0,0,0,0,16
engine_execution,resource_release_failure,2,1,16,24148,0,0,0,0,17
engine_execution,resource_release_failure,2,1,17,24222,0,0,0,0,18
engine_execution,resource_release_failure,2,1,18,24204,0,0,0,0,19
engine_execution,resource_release_failure,2,1,19,24037,0,0,0,0,20
engine_execution,resource_release_failure,2,1,20,24185,0,0,0,0,21
engine_execution,resource_release_failure,2,1,21,24074,0,0,0,0,22
engine_execution,resource_release_failure,2,1,22,24074,0,0,0,0,23
engine_execution,resource_release_failure,2,1,23,24278,0,0,0,0,24
engine_execution,resource_release_failure,2,1,24,24055,0,0,0,0,25
engine_execution,resource_release_failure,2,1,25,24000,0,0,0,0,26
engine_execution,resource_release_failure,2,1,26,24111,0,0,0,0,27
engine_execution,resource_release_failure,2,1,27,24315,0,0,0,0,28
engine_execution,resource_release_failure,2,1,28,24000,0,0,0,0,29
engine_execution,resource_release_failure,2,1,29,24093,0,0,0,0,30
engine_execution,resource_release_failure,2,1,30,24352,0,0,0,0,31
engine_execution,resource_release_failure,2,1,31,24186,0,0,0,0,32
engine_execution,resource_release_failure,2,1,32,24093,0,0,0,0,33
engine_execution,resource_release_failure,2,1,33,24056,0,0,0,0,34
engine_execution,resource_release_failure,2,1,34,24203,0,0,0,0,35
engine_execution,resource_release_failure,2,1,35,24593,0,0,0,0,36
engine_execution,resource_release_failure,2,1,36,24111,0,0,0,0,37
engine_execution,resource_release_failure,2,1,37,24445,0,0,0,0,38
engine_execution,resource_release_failure,2,1,38,24148,0,0,0,0,39
engine_execution,resource_release_failure,2,1,39,24834,0,0,0,0,40
engine_execution_alloc,resource_release_failure,2,1,0,0,215,20513,0,0,23131
engine_execution,resource_startup_failure,2,1,0,23982,0,0,0,0,3
engine_execution,resource_startup_failure,2,1,1,24667,0,0,0,0,3
engine_execution,resource_startup_failure,2,1,2,24185,0,0,0,0,3
engine_execution,resource_startup_failure,2,1,3,24148,0,0,0,0,3
engine_execution,resource_startup_failure,2,1,4,24148,0,0,0,0,3
engine_execution,resource_startup_failure,2,1,5,24315,0,0,0,0,3
engine_execution,resource_startup_failure,2,1,6,24222,0,0,0,0,3
engine_execution,resource_startup_failure,2,1,7,24426,0,0,0,0,3
engine_execution,resource_startup_failure,2,1,8,24278,0,0,0,0,3
engine_execution,resource_startup_failure,2,1,9,24000,0,0,0,0,3
engine_execution,resource_startup_failure,2,1,10,24740,0,0,0,0,3
engine_execution,resource_startup_failure,2,1,11,23926,0,0,0,0,3
engine_execution,resource_startup_failure,2,1,12,23963,0,0,0,0,3
engine_execution,resource_startup_failure,2,1,13,23796,0,0,0,0,3
engine_execution,resource_startup_failure,2,1,14,24185,0,0,0,0,3
engine_execution,resource_startup_failure,2,1,15,24112,0,0,0,0,3
engine_execution,resource_startup_failure,2,1,16,23981,0,0,0,0,3
engine_execution,resource_startup_failure,2,1,17,24223,0,0,0,0,3
engine_execution,resource_startup_failure,2,1,18,24259,0,0,0,0,3
engine_execution,resource_startup_failure,2,1,19,23722,0,0,0,0,3
engine_execution,resource_startup_failure,2,1,20,23704,0,0,0,0,3
engine_execution,resource_startup_failure,2,1,21,23871,0,0,0,0,3
engine_execution,resource_startup_failure,2,1,22,23741,0,0,0,0,3
engine_execution,resource_startup_failure,2,1,23,23759,0,0,0,0,3
engine_execution,resource_startup_failure,2,1,24,24185,0,0,0,0,3
engine_execution,resource_startup_failure,2,1,25,23797,0,0,0,0,3
engine_execution,resource_startup_failure,2,1,26,24130,0,0,0,0,3
engine_execution,resource_startup_failure,2,1,27,24037,0,0,0,0,3
engine_execution,resource_startup_failure,2,1,28,23982,0,0,0,0,3
engine_execution,resource_startup_failure,2,1,29,23908,0,0,0,0,3
engine_execution,resource_startup_failure,2,1,30,24037,0,0,0,0,3
engine_execution,resource_startup_failure,2,1,31,24000,0,0,0,0,3
engine_execution,resource_startup_failure,2,1,32,23870,0,0,0,0,3
engine_execution,resource_startup_failure,2,1,33,24000,0,0,0,0,3
engine_execution,resource_startup_failure,2,1,34,23815,0,0,0,0,3
engine_execution,resource_startup_failure,2,1,35,23945,0,0,0,0,3
engine_execution,resource_startup_failure,2,1,36,23870,0,0,0,0,3
engine_execution,resource_startup_failure,2,1,37,23759,0,0,0,0,3
engine_execution,resource_startup_failure,2,1,38,23815,0,0,0,0,3
engine_execution,resource_startup_failure,2,1,39,23796,0,0,0,0,3
engine_execution_alloc,resource_startup_failure,2,1,0,0,212,20817,0,0,3
engine_execution,resource_cleanup_error_upstream,3,1,0,35482,0,0,0,0,0
engine_execution,resource_cleanup_error_upstream,3,1,1,35444,0,0,0,0,1
engine_execution,resource_cleanup_error_upstream,3,1,2,35130,0,0,0,0,2
engine_execution,resource_cleanup_error_upstream,3,1,3,35278,0,0,0,0,3
engine_execution,resource_cleanup_error_upstream,3,1,4,35667,0,0,0,0,4
engine_execution,resource_cleanup_error_upstream,3,1,5,35167,0,0,0,0,5
engine_execution,resource_cleanup_error_upstream,3,1,6,35074,0,0,0,0,6
engine_execution,resource_cleanup_error_upstream,3,1,7,35426,0,0,0,0,7
engine_execution,resource_cleanup_error_upstream,3,1,8,35407,0,0,0,0,8
engine_execution,resource_cleanup_error_upstream,3,1,9,35648,0,0,0,0,9
engine_execution,resource_cleanup_error_upstream,3,1,10,35351,0,0,0,0,10
engine_execution,resource_cleanup_error_upstream,3,1,11,35555,0,0,0,0,11
engine_execution,resource_cleanup_error_upstream,3,1,12,43241,0,0,0,0,12
engine_execution,resource_cleanup_error_upstream,3,1,13,36556,0,0,0,0,13
engine_execution,resource_cleanup_error_upstream,3,1,14,35259,0,0,0,0,14
engine_execution,resource_cleanup_error_upstream,3,1,15,35148,0,0,0,0,15
engine_execution,resource_cleanup_error_upstream,3,1,16,35074,0,0,0,0,16
engine_execution,resource_cleanup_error_upstream,3,1,17,34852,0,0,0,0,17
engine_execution,resource_cleanup_error_upstream,3,1,18,34908,0,0,0,0,18
engine_execution,resource_cleanup_error_upstream,3,1,19,35129,0,0,0,0,19
engine_execution,resource_cleanup_error_upstream,3,1,20,35093,0,0,0,0,20
engine_execution,resource_cleanup_error_upstream,3,1,21,34889,0,0,0,0,21
engine_execution,resource_cleanup_error_upstream,3,1,22,34963,0,0,0,0,22
engine_execution,resource_cleanup_error_upstream,3,1,23,34852,0,0,0,0,23
engine_execution,resource_cleanup_error_upstream,3,1,24,35408,0,0,0,0,24
engine_execution,resource_cleanup_error_upstream,3,1,25,34593,0,0,0,0,25
engine_execution,resource_cleanup_error_upstream,3,1,26,34889,0,0,0,0,26
engine_execution,resource_cleanup_error_upstream,3,1,27,35056,0,0,0,0,27
engine_execution,resource_cleanup_error_upstream,3,1,28,35222,0,0,0,0,28
engine_execution,resource_cleanup_error_upstream,3,1,29,35186,0,0,0,0,29
engine_execution,resource_cleanup_error_upstream,3,1,30,35130,0,0,0,0,30
engine_execution,resource_cleanup_error_upstream,3,1,31,35037,0,0,0,0,31
engine_execution,resource_cleanup_error_upstream,3,1,32,34944,0,0,0,0,32
engine_execution,resource_cleanup_error_upstream,3,1,33,35038,0,0,0,0,33
engine_execution,resource_cleanup_error_upstream,3,1,34,35018,0,0,0,0,34
engine_execution,resource_cleanup_error_upstream,3,1,35,34926,0,0,0,0,35
engine_execution,resource_cleanup_error_upstream,3,1,36,35278,0,0,0,0,36
engine_execution,resource_cleanup_error_upstream,3,1,37,35389,0,0,0,0,37
engine_execution,resource_cleanup_error_upstream,3,1,38,34686,0,0,0,0,38
engine_execution,resource_cleanup_error_upstream,3,1,39,35093,0,0,0,0,39
engine_execution_alloc,resource_cleanup_error_upstream,3,1,0,0,317,26719,0,0,23130
engine_execution,resource_cancel_after_acquire,1,0,0,30889,0,0,0,0,3
engine_execution,resource_cancel_after_acquire,1,0,1,22315,0,0,0,0,3
engine_execution,resource_cancel_after_acquire,1,0,2,20815,0,0,0,0,3
engine_execution,resource_cancel_after_acquire,1,0,3,20370,0,0,0,0,3
engine_execution,resource_cancel_after_acquire,1,0,4,20000,0,0,0,0,3
engine_execution,resource_cancel_after_acquire,1,0,5,19704,0,0,0,0,3
engine_execution,resource_cancel_after_acquire,1,0,6,19815,0,0,0,0,3
engine_execution,resource_cancel_after_acquire,1,0,7,20000,0,0,0,0,3
engine_execution,resource_cancel_after_acquire,1,0,8,19704,0,0,0,0,3
engine_execution,resource_cancel_after_acquire,1,0,9,19815,0,0,0,0,3
engine_execution,resource_cancel_after_acquire,1,0,10,19426,0,0,0,0,3
engine_execution,resource_cancel_after_acquire,1,0,11,19889,0,0,0,0,3
engine_execution,resource_cancel_after_acquire,1,0,12,19408,0,0,0,0,3
engine_execution,resource_cancel_after_acquire,1,0,13,19666,0,0,0,0,3
engine_execution,resource_cancel_after_acquire,1,0,14,19537,0,0,0,0,3
engine_execution,resource_cancel_after_acquire,1,0,15,19722,0,0,0,0,3
engine_execution,resource_cancel_after_acquire,1,0,16,19611,0,0,0,0,3
engine_execution,resource_cancel_after_acquire,1,0,17,19722,0,0,0,0,3
engine_execution,resource_cancel_after_acquire,1,0,18,19778,0,0,0,0,3
engine_execution,resource_cancel_after_acquire,1,0,19,19759,0,0,0,0,3
engine_execution,resource_cancel_after_acquire,1,0,20,19685,0,0,0,0,3
engine_execution,resource_cancel_after_acquire,1,0,21,19519,0,0,0,0,3
engine_execution,resource_cancel_after_acquire,1,0,22,19296,0,0,0,0,3
engine_execution,resource_cancel_after_acquire,1,0,23,19612,0,0,0,0,3
engine_execution,resource_cancel_after_acquire,1,0,24,19481,0,0,0,0,3
engine_execution,resource_cancel_after_acquire,1,0,25,19408,0,0,0,0,3
engine_execution,resource_cancel_after_acquire,1,0,26,19204,0,0,0,0,3
engine_execution,resource_cancel_after_acquire,1,0,27,19389,0,0,0,0,3
engine_execution,resource_cancel_after_acquire,1,0,28,19222,0,0,0,0,3
engine_execution,resource_cancel_after_acquire,1,0,29,19297,0,0,0,0,3
engine_execution,resource_cancel_after_acquire,1,0,30,18981,0,0,0,0,3
engine_execution,resource_cancel_after_acquire,1,0,31,19130,0,0,0,0,3
engine_execution,resource_cancel_after_acquire,1,0,32,19111,0,0,0,0,3
engine_execution,resource_cancel_after_acquire,1,0,33,19685,0,0,0,0,3
engine_execution,resource_cancel_after_acquire,1,0,34,19315,0,0,0,0,3
engine_execution,resource_cancel_after_acquire,1,0,35,19611,0,0,0,0,3
engine_execution,resource_cancel_after_acquire,1,0,36,19463,0,0,0,0,3
engine_execution,resource_cancel_after_acquire,1,0,37,19500,0,0,0,0,3
engine_execution,resource_cancel_after_acquire,1,0,38,19389,0,0,0,0,3
engine_execution,resource_cancel_after_acquire,1,0,39,19352,0,0,0,0,3
engine_execution,effect_known_receipt,1,0,0,16185,0,0,0,0,1
engine_execution,effect_known_receipt,1,0,1,16519,0,0,0,0,0
engine_execution,effect_known_receipt,1,0,2,16555,0,0,0,0,3
engine_execution,effect_known_receipt,1,0,3,16945,0,0,0,0,2
engine_execution,effect_known_receipt,1,0,4,16907,0,0,0,0,5
engine_execution,effect_known_receipt,1,0,5,17963,0,0,0,0,4
engine_execution,effect_known_receipt,1,0,6,16796,0,0,0,0,7
engine_execution,effect_known_receipt,1,0,7,16944,0,0,0,0,6
engine_execution,effect_known_receipt,1,0,8,16426,0,0,0,0,9
engine_execution,effect_known_receipt,1,0,9,16870,0,0,0,0,8
engine_execution,effect_known_receipt,1,0,10,16889,0,0,0,0,11
engine_execution,effect_known_receipt,1,0,11,17130,0,0,0,0,10
engine_execution,effect_known_receipt,1,0,12,16908,0,0,0,0,13
engine_execution,effect_known_receipt,1,0,13,16593,0,0,0,0,12
engine_execution,effect_known_receipt,1,0,14,16833,0,0,0,0,15
engine_execution,effect_known_receipt,1,0,15,16593,0,0,0,0,14
engine_execution,effect_known_receipt,1,0,16,17371,0,0,0,0,17
engine_execution,effect_known_receipt,1,0,17,16685,0,0,0,0,16
engine_execution,effect_known_receipt,1,0,18,16482,0,0,0,0,19
engine_execution,effect_known_receipt,1,0,19,16796,0,0,0,0,18
engine_execution,effect_known_receipt,1,0,20,16704,0,0,0,0,21
engine_execution,effect_known_receipt,1,0,21,16407,0,0,0,0,20
engine_execution,effect_known_receipt,1,0,22,16722,0,0,0,0,23
engine_execution,effect_known_receipt,1,0,23,16444,0,0,0,0,22
engine_execution,effect_known_receipt,1,0,24,16481,0,0,0,0,25
engine_execution,effect_known_receipt,1,0,25,16500,0,0,0,0,24
engine_execution,effect_known_receipt,1,0,26,16500,0,0,0,0,27
engine_execution,effect_known_receipt,1,0,27,16723,0,0,0,0,26
engine_execution,effect_known_receipt,1,0,28,16370,0,0,0,0,29
engine_execution,effect_known_receipt,1,0,29,16408,0,0,0,0,28
engine_execution,effect_known_receipt,1,0,30,16667,0,0,0,0,31
engine_execution,effect_known_receipt,1,0,31,16407,0,0,0,0,30
engine_execution,effect_known_receipt,1,0,32,16463,0,0,0,0,33
engine_execution,effect_known_receipt,1,0,33,16482,0,0,0,0,32
engine_execution,effect_known_receipt,1,0,34,16481,0,0,0,0,35
engine_execution,effect_known_receipt,1,0,35,16389,0,0,0,0,34
engine_execution,effect_known_receipt,1,0,36,16481,0,0,0,0,37
engine_execution,effect_known_receipt,1,0,37,16314,0,0,0,0,36
engine_execution,effect_known_receipt,1,0,38,16407,0,0,0,0,39
engine_execution,effect_known_receipt,1,0,39,16648,0,0,0,0,38
engine_execution_alloc,effect_known_receipt,1,0,0,0,152,15266,0,0,23131
engine_execution,retry_one_failure,1,0,0,16389,0,0,0,0,1
engine_execution,retry_one_failure,1,0,1,16778,0,0,0,0,0
engine_execution,retry_one_failure,1,0,2,16945,0,0,0,0,3
engine_execution,retry_one_failure,1,0,3,16852,0,0,0,0,2
engine_execution,retry_one_failure,1,0,4,16926,0,0,0,0,5
engine_execution,retry_one_failure,1,0,5,16760,0,0,0,0,4
engine_execution,retry_one_failure,1,0,6,16796,0,0,0,0,7
engine_execution,retry_one_failure,1,0,7,18074,0,0,0,0,6
engine_execution,retry_one_failure,1,0,8,16760,0,0,0,0,9
engine_execution,retry_one_failure,1,0,9,16370,0,0,0,0,8
engine_execution,retry_one_failure,1,0,10,16778,0,0,0,0,11
engine_execution,retry_one_failure,1,0,11,16889,0,0,0,0,10
engine_execution,retry_one_failure,1,0,12,16759,0,0,0,0,13
engine_execution,retry_one_failure,1,0,13,16908,0,0,0,0,12
engine_execution,retry_one_failure,1,0,14,17056,0,0,0,0,15
engine_execution,retry_one_failure,1,0,15,16740,0,0,0,0,14
engine_execution,retry_one_failure,1,0,16,16704,0,0,0,0,17
engine_execution,retry_one_failure,1,0,17,17278,0,0,0,0,16
engine_execution,retry_one_failure,1,0,18,16963,0,0,0,0,19
engine_execution,retry_one_failure,1,0,19,16723,0,0,0,0,18
engine_execution,retry_one_failure,1,0,20,17259,0,0,0,0,21
engine_execution,retry_one_failure,1,0,21,17445,0,0,0,0,20
engine_execution,retry_one_failure,1,0,22,17203,0,0,0,0,23
engine_execution,retry_one_failure,1,0,23,17148,0,0,0,0,22
engine_execution,retry_one_failure,1,0,24,17111,0,0,0,0,25
engine_execution,retry_one_failure,1,0,25,16926,0,0,0,0,24
engine_execution,retry_one_failure,1,0,26,17130,0,0,0,0,27
engine_execution,retry_one_failure,1,0,27,16963,0,0,0,0,26
engine_execution,retry_one_failure,1,0,28,16834,0,0,0,0,29
engine_execution,retry_one_failure,1,0,29,16815,0,0,0,0,28
engine_execution,retry_one_failure,1,0,30,16741,0,0,0,0,31
engine_execution,retry_one_failure,1,0,31,16833,0,0,0,0,30
engine_execution,retry_one_failure,1,0,32,17093,0,0,0,0,33
engine_execution,retry_one_failure,1,0,33,16981,0,0,0,0,32
engine_execution,retry_one_failure,1,0,34,17130,0,0,0,0,35
engine_execution,retry_one_failure,1,0,35,17093,0,0,0,0,34
engine_execution,retry_one_failure,1,0,36,16741,0,0,0,0,37
engine_execution,retry_one_failure,1,0,37,16648,0,0,0,0,36
engine_execution,retry_one_failure,1,0,38,16518,0,0,0,0,39
engine_execution,retry_one_failure,1,0,39,16722,0,0,0,0,38
engine_execution_alloc,retry_one_failure,1,0,0,0,155,15433,0,0,23131
engine_execution,component_flat,10,9,0,64333,0,0,0,0,0
engine_execution,component_flat,10,9,1,64519,0,0,0,0,1
engine_execution,component_flat,10,9,2,64259,0,0,0,0,2
engine_execution,component_flat,10,9,3,64426,0,0,0,0,3
engine_execution,component_flat,10,9,4,64130,0,0,0,0,4
engine_execution,component_flat,10,9,5,63648,0,0,0,0,5
engine_execution,component_flat,10,9,6,63797,0,0,0,0,6
engine_execution,component_flat,10,9,7,63889,0,0,0,0,7
engine_execution,component_flat,10,9,8,64334,0,0,0,0,8
engine_execution,component_flat,10,9,9,63389,0,0,0,0,9
engine_execution,component_flat,10,9,10,63630,0,0,0,0,10
engine_execution,component_flat,10,9,11,64037,0,0,0,0,11
engine_execution,component_flat,10,9,12,64334,0,0,0,0,12
engine_execution,component_flat,10,9,13,63296,0,0,0,0,13
engine_execution,component_flat,10,9,14,63760,0,0,0,0,14
engine_execution,component_flat,10,9,15,63334,0,0,0,0,15
engine_execution,component_flat,10,9,16,63500,0,0,0,0,16
engine_execution,component_flat,10,9,17,63723,0,0,0,0,17
engine_execution,component_flat,10,9,18,63685,0,0,0,0,18
engine_execution,component_flat,10,9,19,63667,0,0,0,0,19
engine_execution,component_flat,10,9,20,63741,0,0,0,0,20
engine_execution,component_flat,10,9,21,62963,0,0,0,0,21
engine_execution,component_flat,10,9,22,63408,0,0,0,0,22
engine_execution,component_flat,10,9,23,62945,0,0,0,0,23
engine_execution,component_flat,10,9,24,62371,0,0,0,0,24
engine_execution,component_flat,10,9,25,64056,0,0,0,0,25
engine_execution,component_flat,10,9,26,63000,0,0,0,0,26
engine_execution,component_flat,10,9,27,63352,0,0,0,0,27
engine_execution,component_flat,10,9,28,62685,0,0,0,0,28
engine_execution,component_flat,10,9,29,63296,0,0,0,0,29
engine_execution,component_flat,10,9,30,63204,0,0,0,0,30
engine_execution,component_flat,10,9,31,63260,0,0,0,0,31
engine_execution,component_flat,10,9,32,62611,0,0,0,0,32
engine_execution,component_flat,10,9,33,63000,0,0,0,0,33
engine_execution,component_flat,10,9,34,62963,0,0,0,0,34
engine_execution,component_flat,10,9,35,62611,0,0,0,0,35
engine_execution,component_flat,10,9,36,62834,0,0,0,0,36
engine_execution,component_flat,10,9,37,62796,0,0,0,0,37
engine_execution,component_flat,10,9,38,63037,0,0,0,0,38
engine_execution,component_flat,10,9,39,63130,0,0,0,0,39
engine_execution_alloc,component_flat,10,9,0,0,575,47080,0,0,23130
engine_execution,component_nested,13,12,0,91611,0,0,0,0,0
engine_execution,component_nested,13,12,1,92981,0,0,0,0,1
engine_execution,component_nested,13,12,2,91964,0,0,0,0,2
engine_execution,component_nested,13,12,3,91704,0,0,0,0,3
engine_execution,component_nested,13,12,4,91796,0,0,0,0,4
engine_execution,component_nested,13,12,5,127482,0,0,0,0,5
engine_execution,component_nested,13,12,6,93390,0,0,0,0,6
engine_execution,component_nested,13,12,7,92796,0,0,0,0,7
engine_execution,component_nested,13,12,8,92723,0,0,0,0,8
engine_execution,component_nested,13,12,9,90778,0,0,0,0,9
engine_execution,component_nested,13,12,10,91334,0,0,0,0,10
engine_execution,component_nested,13,12,11,90759,0,0,0,0,11
engine_execution,component_nested,13,12,12,90723,0,0,0,0,12
engine_execution,component_nested,13,12,13,91482,0,0,0,0,13
engine_execution,component_nested,13,12,14,91037,0,0,0,0,14
engine_execution,component_nested,13,12,15,90519,0,0,0,0,15
engine_execution,component_nested,13,12,16,90908,0,0,0,0,16
engine_execution,component_nested,13,12,17,90574,0,0,0,0,17
engine_execution,component_nested,13,12,18,91593,0,0,0,0,18
engine_execution,component_nested,13,12,19,90537,0,0,0,0,19
engine_execution,component_nested,13,12,20,90629,0,0,0,0,20
engine_execution,component_nested,13,12,21,91426,0,0,0,0,21
engine_execution,component_nested,13,12,22,90815,0,0,0,0,22
engine_execution,component_nested,13,12,23,91074,0,0,0,0,23
engine_execution,component_nested,13,12,24,90649,0,0,0,0,24
engine_execution,component_nested,13,12,25,90815,0,0,0,0,25
engine_execution,component_nested,13,12,26,90815,0,0,0,0,26
engine_execution,component_nested,13,12,27,89853,0,0,0,0,27
engine_execution,component_nested,13,12,28,90352,0,0,0,0,28
engine_execution,component_nested,13,12,29,89667,0,0,0,0,29
engine_execution,component_nested,13,12,30,91241,0,0,0,0,30
engine_execution,component_nested,13,12,31,91796,0,0,0,0,31
engine_execution,component_nested,13,12,32,90500,0,0,0,0,32
engine_execution,component_nested,13,12,33,90704,0,0,0,0,33
engine_execution,component_nested,13,12,34,90779,0,0,0,0,34
engine_execution,component_nested,13,12,35,90037,0,0,0,0,35
engine_execution,component_nested,13,12,36,90390,0,0,0,0,36
engine_execution,component_nested,13,12,37,91352,0,0,0,0,37
engine_execution,component_nested,13,12,38,89834,0,0,0,0,38
engine_execution,component_nested,13,12,39,91833,0,0,0,0,39
engine_execution_alloc,component_nested,13,12,0,0,858,62385,0,0,23130
engine_execution,component_flat,100,99,0,779410,0,0,0,0,1
engine_execution,component_flat,100,99,1,780243,0,0,0,0,0
engine_execution,component_flat,100,99,2,781891,0,0,0,0,3
engine_execution,component_flat,100,99,3,777151,0,0,0,0,2
engine_execution,component_flat,100,99,4,777651,0,0,0,0,5
engine_execution,component_flat,100,99,5,779410,0,0,0,0,4
engine_execution,component_flat,100,99,6,778188,0,0,0,0,7
engine_execution,component_flat,100,99,7,780225,0,0,0,0,6
engine_execution,component_flat,100,99,8,785336,0,0,0,0,9
engine_execution,component_flat,100,99,9,777910,0,0,0,0,8
engine_execution,component_flat,100,99,10,776687,0,0,0,0,11
engine_execution,component_flat,100,99,11,776706,0,0,0,0,10
engine_execution,component_flat,100,99,12,776761,0,0,0,0,13
engine_execution,component_flat,100,99,13,781854,0,0,0,0,12
engine_execution,component_flat,100,99,14,777669,0,0,0,0,15
engine_execution,component_flat,100,99,15,780317,0,0,0,0,14
engine_execution,component_flat,100,99,16,777929,0,0,0,0,17
engine_execution,component_flat,100,99,17,776872,0,0,0,0,16
engine_execution,component_flat,100,99,18,782095,0,0,0,0,19
engine_execution,component_flat,100,99,19,777966,0,0,0,0,18
engine_execution,component_flat,100,99,20,833817,0,0,0,0,21
engine_execution,component_flat,100,99,21,783040,0,0,0,0,20
engine_execution,component_flat,100,99,22,776650,0,0,0,0,23
engine_execution,component_flat,100,99,23,791984,0,0,0,0,22
engine_execution,component_flat,100,99,24,823818,0,0,0,0,25
engine_execution,component_flat,100,99,25,781984,0,0,0,0,24
engine_execution,component_flat,100,99,26,780262,0,0,0,0,27
engine_execution,component_flat,100,99,27,780225,0,0,0,0,26
engine_execution,component_flat,100,99,28,791836,0,0,0,0,29
engine_execution,component_flat,100,99,29,778873,0,0,0,0,28
engine_execution,component_flat,100,99,30,778854,0,0,0,0,31
engine_execution,component_flat,100,99,31,775336,0,0,0,0,30
engine_execution,component_flat,100,99,32,780280,0,0,0,0,33
engine_execution,component_flat,100,99,33,783928,0,0,0,0,32
engine_execution,component_flat,100,99,34,780169,0,0,0,0,35
engine_execution,component_flat,100,99,35,779095,0,0,0,0,34
engine_execution,component_flat,100,99,36,777150,0,0,0,0,37
engine_execution,component_flat,100,99,37,776780,0,0,0,0,36
engine_execution,component_flat,100,99,38,785983,0,0,0,0,39
engine_execution,component_flat,100,99,39,777539,0,0,0,0,38
engine_execution_alloc,component_flat,100,99,0,0,5262,533272,0,0,23131
engine_execution,component_nested,103,102,0,944652,0,0,0,0,1
engine_execution,component_nested,103,102,1,945225,0,0,0,0,0
engine_execution,component_nested,103,102,2,949595,0,0,0,0,3
engine_execution,component_nested,103,102,3,948188,0,0,0,0,2
engine_execution,component_nested,103,102,4,945762,0,0,0,0,5
engine_execution,component_nested,103,102,5,943984,0,0,0,0,4
engine_execution,component_nested,103,102,6,949521,0,0,0,0,7
engine_execution,component_nested,103,102,7,948633,0,0,0,0,6
engine_execution,component_nested,103,102,8,950207,0,0,0,0,9
engine_execution,component_nested,103,102,9,951226,0,0,0,0,8
engine_execution,component_nested,103,102,10,953317,0,0,0,0,11
engine_execution,component_nested,103,102,11,947189,0,0,0,0,10
engine_execution,component_nested,103,102,12,949892,0,0,0,0,13
engine_execution,component_nested,103,102,13,950188,0,0,0,0,12
engine_execution,component_nested,103,102,14,950522,0,0,0,0,15
engine_execution,component_nested,103,102,15,951892,0,0,0,0,14
engine_execution,component_nested,103,102,16,947707,0,0,0,0,17
engine_execution,component_nested,103,102,17,947689,0,0,0,0,16
engine_execution,component_nested,103,102,18,946354,0,0,0,0,19
engine_execution,component_nested,103,102,19,950577,0,0,0,0,18
engine_execution,component_nested,103,102,20,949873,0,0,0,0,21
engine_execution,component_nested,103,102,21,946225,0,0,0,0,20
engine_execution,component_nested,103,102,22,949466,0,0,0,0,23
engine_execution,component_nested,103,102,23,954503,0,0,0,0,22
engine_execution,component_nested,103,102,24,947373,0,0,0,0,25
engine_execution,component_nested,103,102,25,947077,0,0,0,0,24
engine_execution,component_nested,103,102,26,943559,0,0,0,0,27
engine_execution,component_nested,103,102,27,955281,0,0,0,0,26
engine_execution,component_nested,103,102,28,947762,0,0,0,0,29
engine_execution,component_nested,103,102,29,948540,0,0,0,0,28
engine_execution,component_nested,103,102,30,949818,0,0,0,0,31
engine_execution,component_nested,103,102,31,951243,0,0,0,0,30
engine_execution,component_nested,103,102,32,950855,0,0,0,0,33
engine_execution,component_nested,103,102,33,947540,0,0,0,0,32
engine_execution,component_nested,103,102,34,946021,0,0,0,0,35
engine_execution,component_nested,103,102,35,946540,0,0,0,0,34
engine_execution,component_nested,103,102,36,955003,0,0,0,0,37
engine_execution,component_nested,103,102,37,948929,0,0,0,0,36
engine_execution,component_nested,103,102,38,947503,0,0,0,0,39
engine_execution,component_nested,103,102,39,948706,0,0,0,0,38
engine_execution_alloc,component_nested,103,102,0,0,6535,665937,0,0,23131
plan_build,component_repeated_typed_2,2,2,0,30408,0,0,0,0,25
plan_build,component_repeated_typed_2,2,2,1,12593,0,0,0,0,25
plan_build,component_repeated_typed_2,2,2,2,11296,0,0,0,0,25
plan_build,component_repeated_typed_2,2,2,3,10426,0,0,0,0,25
plan_build,component_repeated_typed_2,2,2,4,10093,0,0,0,0,25
plan_build,component_repeated_typed_2,2,2,5,9908,0,0,0,0,25
plan_build,component_repeated_typed_2,2,2,6,9777,0,0,0,0,25
plan_build,component_repeated_typed_2,2,2,7,9611,0,0,0,0,25
plan_build,component_repeated_typed_2,2,2,8,9537,0,0,0,0,25
plan_build,component_repeated_typed_2,2,2,9,9630,0,0,0,0,25
plan_build,component_repeated_typed_2,2,2,10,9722,0,0,0,0,25
plan_build,component_repeated_typed_2,2,2,11,9945,0,0,0,0,25
plan_build,component_repeated_typed_2,2,2,12,9593,0,0,0,0,25
plan_build,component_repeated_typed_2,2,2,13,9611,0,0,0,0,25
plan_build,component_repeated_typed_2,2,2,14,9759,0,0,0,0,25
plan_build,component_repeated_typed_2,2,2,15,9833,0,0,0,0,25
plan_build,component_repeated_typed_2,2,2,16,9851,0,0,0,0,25
plan_build,component_repeated_typed_2,2,2,17,10278,0,0,0,0,25
plan_build,component_repeated_typed_2,2,2,18,10334,0,0,0,0,25
plan_build,component_repeated_typed_2,2,2,19,10167,0,0,0,0,25
plan_build_alloc,component_repeated_typed_2,2,2,0,0,134,19601,0,0,25
engine_execution,component_repeated_typed_2,2,2,0,30426,0,0,0,0,3
engine_execution,component_repeated_typed_2,2,2,1,30334,0,0,0,0,2
engine_execution,component_repeated_typed_2,2,2,2,30129,0,0,0,0,5
engine_execution,component_repeated_typed_2,2,2,3,29907,0,0,0,0,4
engine_execution,component_repeated_typed_2,2,2,4,29926,0,0,0,0,7
engine_execution,component_repeated_typed_2,2,2,5,30926,0,0,0,0,6
engine_execution,component_repeated_typed_2,2,2,6,29537,0,0,0,0,9
engine_execution,component_repeated_typed_2,2,2,7,29463,0,0,0,0,8
engine_execution,component_repeated_typed_2,2,2,8,30111,0,0,0,0,11
engine_execution,component_repeated_typed_2,2,2,9,30241,0,0,0,0,10
engine_execution,component_repeated_typed_2,2,2,10,29722,0,0,0,0,13
engine_execution,component_repeated_typed_2,2,2,11,30019,0,0,0,0,12
engine_execution,component_repeated_typed_2,2,2,12,29426,0,0,0,0,15
engine_execution,component_repeated_typed_2,2,2,13,30426,0,0,0,0,14
engine_execution,component_repeated_typed_2,2,2,14,29519,0,0,0,0,17
engine_execution,component_repeated_typed_2,2,2,15,29778,0,0,0,0,16
engine_execution,component_repeated_typed_2,2,2,16,29685,0,0,0,0,19
engine_execution,component_repeated_typed_2,2,2,17,29778,0,0,0,0,18
engine_execution,component_repeated_typed_2,2,2,18,29371,0,0,0,0,21
engine_execution,component_repeated_typed_2,2,2,19,29056,0,0,0,0,20
engine_execution,component_repeated_typed_2,2,2,20,29241,0,0,0,0,23
engine_execution,component_repeated_typed_2,2,2,21,29222,0,0,0,0,22
engine_execution,component_repeated_typed_2,2,2,22,29278,0,0,0,0,25
engine_execution,component_repeated_typed_2,2,2,23,29574,0,0,0,0,24
engine_execution,component_repeated_typed_2,2,2,24,29444,0,0,0,0,27
engine_execution,component_repeated_typed_2,2,2,25,29352,0,0,0,0,26
engine_execution,component_repeated_typed_2,2,2,26,29759,0,0,0,0,29
engine_execution,component_repeated_typed_2,2,2,27,29556,0,0,0,0,28
engine_execution,component_repeated_typed_2,2,2,28,29370,0,0,0,0,31
engine_execution,component_repeated_typed_2,2,2,29,29815,0,0,0,0,30
engine_execution,component_repeated_typed_2,2,2,30,29352,0,0,0,0,33
engine_execution,component_repeated_typed_2,2,2,31,29741,0,0,0,0,32
engine_execution,component_repeated_typed_2,2,2,32,29166,0,0,0,0,35
engine_execution,component_repeated_typed_2,2,2,33,29500,0,0,0,0,34
engine_execution,component_repeated_typed_2,2,2,34,29296,0,0,0,0,37
engine_execution,component_repeated_typed_2,2,2,35,29074,0,0,0,0,36
engine_execution,component_repeated_typed_2,2,2,36,29112,0,0,0,0,39
engine_execution,component_repeated_typed_2,2,2,37,29407,0,0,0,0,38
engine_execution,component_repeated_typed_2,2,2,38,28889,0,0,0,0,41
engine_execution,component_repeated_typed_2,2,2,39,29278,0,0,0,0,40
engine_execution_alloc,component_repeated_typed_2,2,2,0,0,306,25590,0,0,23133
plan_build,component_repeated_typed_10,10,10,0,53222,0,0,0,0,25
plan_build,component_repeated_typed_10,10,10,1,44260,0,0,0,0,25
plan_build,component_repeated_typed_10,10,10,2,43093,0,0,0,0,25
plan_build,component_repeated_typed_10,10,10,3,42111,0,0,0,0,25
plan_build,component_repeated_typed_10,10,10,4,41481,0,0,0,0,25
plan_build,component_repeated_typed_10,10,10,5,40259,0,0,0,0,25
plan_build,component_repeated_typed_10,10,10,6,40185,0,0,0,0,25
plan_build,component_repeated_typed_10,10,10,7,39371,0,0,0,0,25
plan_build,component_repeated_typed_10,10,10,8,40111,0,0,0,0,25
plan_build,component_repeated_typed_10,10,10,9,39334,0,0,0,0,25
plan_build,component_repeated_typed_10,10,10,10,39945,0,0,0,0,25
plan_build,component_repeated_typed_10,10,10,11,38778,0,0,0,0,25
plan_build,component_repeated_typed_10,10,10,12,39241,0,0,0,0,25
plan_build,component_repeated_typed_10,10,10,13,39241,0,0,0,0,25
plan_build,component_repeated_typed_10,10,10,14,38852,0,0,0,0,25
plan_build,component_repeated_typed_10,10,10,15,38944,0,0,0,0,25
plan_build,component_repeated_typed_10,10,10,16,39723,0,0,0,0,25
plan_build,component_repeated_typed_10,10,10,17,38926,0,0,0,0,25
plan_build,component_repeated_typed_10,10,10,18,38630,0,0,0,0,25
plan_build,component_repeated_typed_10,10,10,19,39037,0,0,0,0,25
plan_build_alloc,component_repeated_typed_10,10,10,0,0,460,93857,0,0,25
engine_execution,component_repeated_typed_10,10,10,0,145001,0,0,0,0,11
engine_execution,component_repeated_typed_10,10,10,1,146575,0,0,0,0,10
engine_execution,component_repeated_typed_10,10,10,2,146130,0,0,0,0,13
engine_execution,component_repeated_typed_10,10,10,3,146112,0,0,0,0,12
engine_execution,component_repeated_typed_10,10,10,4,147093,0,0,0,0,15
engine_execution,component_repeated_typed_10,10,10,5,144464,0,0,0,0,14
engine_execution,component_repeated_typed_10,10,10,6,144927,0,0,0,0,17
engine_execution,component_repeated_typed_10,10,10,7,145074,0,0,0,0,16
engine_execution,component_repeated_typed_10,10,10,8,144019,0,0,0,0,19
engine_execution,component_repeated_typed_10,10,10,9,143834,0,0,0,0,18
engine_execution,component_repeated_typed_10,10,10,10,145279,0,0,0,0,21
engine_execution,component_repeated_typed_10,10,10,11,144852,0,0,0,0,20
engine_execution,component_repeated_typed_10,10,10,12,145723,0,0,0,0,23
engine_execution,component_repeated_typed_10,10,10,13,145148,0,0,0,0,22
engine_execution,component_repeated_typed_10,10,10,14,143853,0,0,0,0,25
engine_execution,component_repeated_typed_10,10,10,15,144185,0,0,0,0,24
engine_execution,component_repeated_typed_10,10,10,16,145297,0,0,0,0,27
engine_execution,component_repeated_typed_10,10,10,17,145112,0,0,0,0,26
engine_execution,component_repeated_typed_10,10,10,18,144574,0,0,0,0,29
engine_execution,component_repeated_typed_10,10,10,19,145481,0,0,0,0,28
engine_execution,component_repeated_typed_10,10,10,20,145130,0,0,0,0,31
engine_execution,component_repeated_typed_10,10,10,21,144927,0,0,0,0,30
engine_execution,component_repeated_typed_10,10,10,22,146019,0,0,0,0,33
engine_execution,component_repeated_typed_10,10,10,23,149278,0,0,0,0,32
engine_execution,component_repeated_typed_10,10,10,24,145612,0,0,0,0,35
engine_execution,component_repeated_typed_10,10,10,25,145612,0,0,0,0,34
engine_execution,component_repeated_typed_10,10,10,26,144685,0,0,0,0,37
engine_execution,component_repeated_typed_10,10,10,27,143649,0,0,0,0,36
engine_execution,component_repeated_typed_10,10,10,28,144222,0,0,0,0,39
engine_execution,component_repeated_typed_10,10,10,29,144186,0,0,0,0,38
engine_execution,component_repeated_typed_10,10,10,30,143149,0,0,0,0,41
engine_execution,component_repeated_typed_10,10,10,31,143296,0,0,0,0,40
engine_execution,component_repeated_typed_10,10,10,32,143001,0,0,0,0,43
engine_execution,component_repeated_typed_10,10,10,33,143463,0,0,0,0,42
engine_execution,component_repeated_typed_10,10,10,34,144242,0,0,0,0,45
engine_execution,component_repeated_typed_10,10,10,35,144501,0,0,0,0,44
engine_execution,component_repeated_typed_10,10,10,36,143445,0,0,0,0,47
engine_execution,component_repeated_typed_10,10,10,37,143482,0,0,0,0,46
engine_execution,component_repeated_typed_10,10,10,38,143723,0,0,0,0,49
engine_execution,component_repeated_typed_10,10,10,39,143167,0,0,0,0,48
engine_execution_alloc,component_repeated_typed_10,10,10,0,0,1408,99870,0,0,23141
plan_build,component_repeated_typed_100,100,100,0,435890,0,0,0,0,25
plan_build,component_repeated_typed_100,100,100,1,410816,0,0,0,0,25
plan_build,component_repeated_typed_100,100,100,2,402224,0,0,0,0,25
plan_build,component_repeated_typed_100,100,100,3,408297,0,0,0,0,25
plan_build,component_repeated_typed_100,100,100,4,400909,0,0,0,0,25
plan_build,component_repeated_typed_100,100,100,5,397297,0,0,0,0,25
plan_build,component_repeated_typed_100,100,100,6,396964,0,0,0,0,25
plan_build,component_repeated_typed_100,100,100,7,395779,0,0,0,0,25
plan_build,component_repeated_typed_100,100,100,8,394649,0,0,0,0,25
plan_build,component_repeated_typed_100,100,100,9,396983,0,0,0,0,25
plan_build,component_repeated_typed_100,100,100,10,394557,0,0,0,0,25
plan_build,component_repeated_typed_100,100,100,11,396520,0,0,0,0,25
plan_build,component_repeated_typed_100,100,100,12,395075,0,0,0,0,25
plan_build,component_repeated_typed_100,100,100,13,401724,0,0,0,0,25
plan_build,component_repeated_typed_100,100,100,14,394539,0,0,0,0,25
plan_build,component_repeated_typed_100,100,100,15,393464,0,0,0,0,25
plan_build,component_repeated_typed_100,100,100,16,393186,0,0,0,0,25
plan_build,component_repeated_typed_100,100,100,17,393260,0,0,0,0,25
plan_build,component_repeated_typed_100,100,100,18,392001,0,0,0,0,25
plan_build,component_repeated_typed_100,100,100,19,395520,0,0,0,0,25
plan_build_alloc,component_repeated_typed_100,100,100,0,0,3876,811413,0,0,25
engine_execution,component_repeated_typed_100,100,100,0,2662805,0,0,0,0,101
engine_execution,component_repeated_typed_100,100,100,1,2680489,0,0,0,0,100
engine_execution,component_repeated_typed_100,100,100,2,2666712,0,0,0,0,103
engine_execution,component_repeated_typed_100,100,100,3,2666267,0,0,0,0,102
engine_execution,component_repeated_typed_100,100,100,4,2674008,0,0,0,0,105
engine_execution,component_repeated_typed_100,100,100,5,2676045,0,0,0,0,104
engine_execution,component_repeated_typed_100,100,100,6,2663045,0,0,0,0,107
engine_execution,component_repeated_typed_100,100,100,7,2673342,0,0,0,0,106
engine_execution,component_repeated_typed_100,100,100,8,2673601,0,0,0,0,109
engine_execution,component_repeated_typed_100,100,100,9,2672249,0,0,0,0,108
engine_execution,component_repeated_typed_100,100,100,10,2676860,0,0,0,0,111
engine_execution,component_repeated_typed_100,100,100,11,2672786,0,0,0,0,110
engine_execution,component_repeated_typed_100,100,100,12,2664675,0,0,0,0,113
engine_execution,component_repeated_typed_100,100,100,13,2665915,0,0,0,0,112
engine_execution,component_repeated_typed_100,100,100,14,2671378,0,0,0,0,115
engine_execution,component_repeated_typed_100,100,100,15,2666879,0,0,0,0,114
engine_execution,component_repeated_typed_100,100,100,16,2679156,0,0,0,0,117
engine_execution,component_repeated_typed_100,100,100,17,2676582,0,0,0,0,116
engine_execution,component_repeated_typed_100,100,100,18,2667935,0,0,0,0,119
engine_execution,component_repeated_typed_100,100,100,19,2764138,0,0,0,0,118
engine_execution,component_repeated_typed_100,100,100,20,2776101,0,0,0,0,121
engine_execution,component_repeated_typed_100,100,100,21,2705157,0,0,0,0,120
engine_execution,component_repeated_typed_100,100,100,22,2701508,0,0,0,0,123
engine_execution,component_repeated_typed_100,100,100,23,2695749,0,0,0,0,122
engine_execution,component_repeated_typed_100,100,100,24,2674841,0,0,0,0,125
engine_execution,component_repeated_typed_100,100,100,25,2698064,0,0,0,0,124
engine_execution,component_repeated_typed_100,100,100,26,2679490,0,0,0,0,127
engine_execution,component_repeated_typed_100,100,100,27,2666137,0,0,0,0,126
engine_execution,component_repeated_typed_100,100,100,28,2674526,0,0,0,0,129
engine_execution,component_repeated_typed_100,100,100,29,2673823,0,0,0,0,128
engine_execution,component_repeated_typed_100,100,100,30,2673490,0,0,0,0,131
engine_execution,component_repeated_typed_100,100,100,31,2678064,0,0,0,0,130
engine_execution,component_repeated_typed_100,100,100,32,2676749,0,0,0,0,133
engine_execution,component_repeated_typed_100,100,100,33,2665341,0,0,0,0,132
engine_execution,component_repeated_typed_100,100,100,34,2671971,0,0,0,0,135
engine_execution,component_repeated_typed_100,100,100,35,2673656,0,0,0,0,134
engine_execution,component_repeated_typed_100,100,100,36,2666212,0,0,0,0,137
engine_execution,component_repeated_typed_100,100,100,37,2675193,0,0,0,0,136
engine_execution,component_repeated_typed_100,100,100,38,2673082,0,0,0,0,139
engine_execution,component_repeated_typed_100,100,100,39,2673101,0,0,0,0,138
engine_execution_alloc,component_repeated_typed_100,100,100,0,0,22569,1497230,0,0,23231
engine_execution,resident_ready_shutdown,1,0,0,16611,0,0,0,0,1
engine_execution,resident_ready_shutdown,1,0,1,16908,0,0,0,0,1
engine_execution,resident_ready_shutdown,1,0,2,16945,0,0,0,0,1
engine_execution,resident_ready_shutdown,1,0,3,16759,0,0,0,0,1
engine_execution,resident_ready_shutdown,1,0,4,16778,0,0,0,0,1
engine_execution,resident_ready_shutdown,1,0,5,16778,0,0,0,0,1
engine_execution,resident_ready_shutdown,1,0,6,16889,0,0,0,0,1
engine_execution,resident_ready_shutdown,1,0,7,17000,0,0,0,0,1
engine_execution,resident_ready_shutdown,1,0,8,16982,0,0,0,0,1
engine_execution,resident_ready_shutdown,1,0,9,17074,0,0,0,0,1
engine_execution,resident_ready_shutdown,1,0,10,17130,0,0,0,0,1
engine_execution,resident_ready_shutdown,1,0,11,17259,0,0,0,0,1
engine_execution,resident_ready_shutdown,1,0,12,17092,0,0,0,0,1
engine_execution,resident_ready_shutdown,1,0,13,17204,0,0,0,0,1
engine_execution,resident_ready_shutdown,1,0,14,17055,0,0,0,0,1
engine_execution,resident_ready_shutdown,1,0,15,17129,0,0,0,0,1
engine_execution,resident_ready_shutdown,1,0,16,17315,0,0,0,0,1
engine_execution,resident_ready_shutdown,1,0,17,17148,0,0,0,0,1
engine_execution,resident_ready_shutdown,1,0,18,17425,0,0,0,0,1
engine_execution,resident_ready_shutdown,1,0,19,17351,0,0,0,0,1
engine_execution,resident_ready_shutdown,1,0,20,17463,0,0,0,0,1
engine_execution,resident_ready_shutdown,1,0,21,17240,0,0,0,0,1
engine_execution,resident_ready_shutdown,1,0,22,17204,0,0,0,0,1
engine_execution,resident_ready_shutdown,1,0,23,17074,0,0,0,0,1
engine_execution,resident_ready_shutdown,1,0,24,17166,0,0,0,0,1
engine_execution,resident_ready_shutdown,1,0,25,17037,0,0,0,0,1
engine_execution,resident_ready_shutdown,1,0,26,17408,0,0,0,0,1
engine_execution,resident_ready_shutdown,1,0,27,17278,0,0,0,0,1
engine_execution,resident_ready_shutdown,1,0,28,17315,0,0,0,0,1
engine_execution,resident_ready_shutdown,1,0,29,17111,0,0,0,0,1
engine_execution,resident_ready_shutdown,1,0,30,17241,0,0,0,0,1
engine_execution,resident_ready_shutdown,1,0,31,16963,0,0,0,0,1
engine_execution,resident_ready_shutdown,1,0,32,17222,0,0,0,0,1
engine_execution,resident_ready_shutdown,1,0,33,17092,0,0,0,0,1
engine_execution,resident_ready_shutdown,1,0,34,17037,0,0,0,0,1
engine_execution,resident_ready_shutdown,1,0,35,16833,0,0,0,0,1
engine_execution,resident_ready_shutdown,1,0,36,17167,0,0,0,0,1
engine_execution,resident_ready_shutdown,1,0,37,17130,0,0,0,0,1
engine_execution,resident_ready_shutdown,1,0,38,17111,0,0,0,0,1
engine_execution,resident_ready_shutdown,1,0,39,17093,0,0,0,0,1
engine_execution,service_restart_stable_handle,1,0,0,27148,0,0,0,0,27
engine_execution,service_restart_stable_handle,1,0,1,34667,0,0,0,0,30
engine_execution,service_restart_stable_handle,1,0,2,27389,0,0,0,0,33
engine_execution,service_restart_stable_handle,1,0,3,26370,0,0,0,0,36
engine_execution,service_restart_stable_handle,1,0,4,26500,0,0,0,0,39
engine_execution,service_restart_stable_handle,1,0,5,26889,0,0,0,0,42
engine_execution,service_restart_stable_handle,1,0,6,26852,0,0,0,0,45
engine_execution,service_restart_stable_handle,1,0,7,26500,0,0,0,0,48
engine_execution,service_restart_stable_handle,1,0,8,26777,0,0,0,0,51
engine_execution,service_restart_stable_handle,1,0,9,26593,0,0,0,0,54
engine_execution,service_restart_stable_handle,1,0,10,26407,0,0,0,0,57
engine_execution,service_restart_stable_handle,1,0,11,26130,0,0,0,0,60
engine_execution,service_restart_stable_handle,1,0,12,27093,0,0,0,0,63
engine_execution,service_restart_stable_handle,1,0,13,26333,0,0,0,0,66
engine_execution,service_restart_stable_handle,1,0,14,26797,0,0,0,0,69
engine_execution,service_restart_stable_handle,1,0,15,25981,0,0,0,0,72
engine_execution,service_restart_stable_handle,1,0,16,26778,0,0,0,0,75
engine_execution,service_restart_stable_handle,1,0,17,26037,0,0,0,0,78
engine_execution,service_restart_stable_handle,1,0,18,26851,0,0,0,0,81
engine_execution,service_restart_stable_handle,1,0,19,26352,0,0,0,0,84
engine_execution,service_restart_stable_handle,1,0,20,26611,0,0,0,0,87
engine_execution,service_restart_stable_handle,1,0,21,26241,0,0,0,0,90
engine_execution,service_restart_stable_handle,1,0,22,26426,0,0,0,0,93
engine_execution,service_restart_stable_handle,1,0,23,25889,0,0,0,0,96
engine_execution,service_restart_stable_handle,1,0,24,26593,0,0,0,0,99
engine_execution,service_restart_stable_handle,1,0,25,25982,0,0,0,0,102
engine_execution,service_restart_stable_handle,1,0,26,26463,0,0,0,0,105
engine_execution,service_restart_stable_handle,1,0,27,26093,0,0,0,0,108
engine_execution,service_restart_stable_handle,1,0,28,26759,0,0,0,0,111
engine_execution,service_restart_stable_handle,1,0,29,26241,0,0,0,0,114
engine_execution,service_restart_stable_handle,1,0,30,26352,0,0,0,0,117
engine_execution,service_restart_stable_handle,1,0,31,26519,0,0,0,0,120
engine_execution,service_restart_stable_handle,1,0,32,26185,0,0,0,0,123
engine_execution,service_restart_stable_handle,1,0,33,26852,0,0,0,0,126
engine_execution,service_restart_stable_handle,1,0,34,26167,0,0,0,0,129
engine_execution,service_restart_stable_handle,1,0,35,26371,0,0,0,0,132
engine_execution,service_restart_stable_handle,1,0,36,26278,0,0,0,0,135
engine_execution,service_restart_stable_handle,1,0,37,26333,0,0,0,0,138
engine_execution,service_restart_stable_handle,1,0,38,26352,0,0,0,0,141
engine_execution,service_restart_stable_handle,1,0,39,25981,0,0,0,0,144
engine_execution_alloc,service_restart_stable_handle,1,0,0,0,237,22460,0,0,147
engine_execution,service_restart_exhausted,1,0,0,19185,0,0,0,0,19
engine_execution,service_restart_exhausted,1,0,1,19445,0,0,0,0,21
engine_execution,service_restart_exhausted,1,0,2,19907,0,0,0,0,23
engine_execution,service_restart_exhausted,1,0,3,19648,0,0,0,0,25
engine_execution,service_restart_exhausted,1,0,4,19982,0,0,0,0,27
engine_execution,service_restart_exhausted,1,0,5,20463,0,0,0,0,29
engine_execution,service_restart_exhausted,1,0,6,20018,0,0,0,0,31
engine_execution,service_restart_exhausted,1,0,7,19741,0,0,0,0,33
engine_execution,service_restart_exhausted,1,0,8,20018,0,0,0,0,35
engine_execution,service_restart_exhausted,1,0,9,19889,0,0,0,0,37
engine_execution,service_restart_exhausted,1,0,10,20111,0,0,0,0,39
engine_execution,service_restart_exhausted,1,0,11,19963,0,0,0,0,41
engine_execution,service_restart_exhausted,1,0,12,19815,0,0,0,0,43
engine_execution,service_restart_exhausted,1,0,13,20000,0,0,0,0,45
engine_execution,service_restart_exhausted,1,0,14,20000,0,0,0,0,47
engine_execution,service_restart_exhausted,1,0,15,20908,0,0,0,0,49
engine_execution,service_restart_exhausted,1,0,16,19907,0,0,0,0,51
engine_execution,service_restart_exhausted,1,0,17,19796,0,0,0,0,53
engine_execution,service_restart_exhausted,1,0,18,19963,0,0,0,0,55
engine_execution,service_restart_exhausted,1,0,19,19760,0,0,0,0,57
engine_execution,service_restart_exhausted,1,0,20,19870,0,0,0,0,59
engine_execution,service_restart_exhausted,1,0,21,19759,0,0,0,0,61
engine_execution,service_restart_exhausted,1,0,22,19833,0,0,0,0,63
engine_execution,service_restart_exhausted,1,0,23,19648,0,0,0,0,65
engine_execution,service_restart_exhausted,1,0,24,19945,0,0,0,0,67
engine_execution,service_restart_exhausted,1,0,25,19759,0,0,0,0,69
engine_execution,service_restart_exhausted,1,0,26,19778,0,0,0,0,71
engine_execution,service_restart_exhausted,1,0,27,19796,0,0,0,0,73
engine_execution,service_restart_exhausted,1,0,28,19796,0,0,0,0,75
engine_execution,service_restart_exhausted,1,0,29,19815,0,0,0,0,77
engine_execution,service_restart_exhausted,1,0,30,19926,0,0,0,0,79
engine_execution,service_restart_exhausted,1,0,31,20333,0,0,0,0,81
engine_execution,service_restart_exhausted,1,0,32,19723,0,0,0,0,83
engine_execution,service_restart_exhausted,1,0,33,19722,0,0,0,0,85
engine_execution,service_restart_exhausted,1,0,34,19666,0,0,0,0,87
engine_execution,service_restart_exhausted,1,0,35,19574,0,0,0,0,89
engine_execution,service_restart_exhausted,1,0,36,19648,0,0,0,0,91
engine_execution,service_restart_exhausted,1,0,37,19926,0,0,0,0,93
engine_execution,service_restart_exhausted,1,0,38,19889,0,0,0,0,95
engine_execution,service_restart_exhausted,1,0,39,19630,0,0,0,0,97
engine_execution_alloc,service_restart_exhausted,1,0,0,0,185,17964,0,0,99
engine_execution,dynamic_live_instances_1,3,2,0,69648,0,0,0,0,0
engine_execution,dynamic_live_instances_1,3,2,1,70056,0,0,0,0,0
engine_execution,dynamic_live_instances_1,3,2,2,69982,0,0,0,0,0
engine_execution,dynamic_live_instances_1,3,2,3,69555,0,0,0,0,0
engine_execution,dynamic_live_instances_1,3,2,4,69297,0,0,0,0,0
engine_execution,dynamic_live_instances_1,3,2,5,69889,0,0,0,0,0
engine_execution,dynamic_live_instances_1,3,2,6,68833,0,0,0,0,0
engine_execution,dynamic_live_instances_1,3,2,7,68908,0,0,0,0,0
engine_execution,dynamic_live_instances_1,3,2,8,68797,0,0,0,0,0
engine_execution,dynamic_live_instances_1,3,2,9,68982,0,0,0,0,0
engine_execution,dynamic_live_instances_1,3,2,10,68278,0,0,0,0,0
engine_execution,dynamic_live_instances_1,3,2,11,68889,0,0,0,0,0
engine_execution,dynamic_live_instances_1,3,2,12,68889,0,0,0,0,0
engine_execution,dynamic_live_instances_1,3,2,13,68592,0,0,0,0,0
engine_execution,dynamic_live_instances_1,3,2,14,68537,0,0,0,0,0
engine_execution,dynamic_live_instances_1,3,2,15,68944,0,0,0,0,0
engine_execution,dynamic_live_instances_1,3,2,16,68315,0,0,0,0,0
engine_execution,dynamic_live_instances_1,3,2,17,69055,0,0,0,0,0
engine_execution,dynamic_live_instances_1,3,2,18,74537,0,0,0,0,0
engine_execution,dynamic_live_instances_1,3,2,19,70871,0,0,0,0,0
engine_execution,dynamic_live_instances_1,3,2,20,68759,0,0,0,0,0
engine_execution,dynamic_live_instances_1,3,2,21,68611,0,0,0,0,0
engine_execution,dynamic_live_instances_1,3,2,22,68574,0,0,0,0,0
engine_execution,dynamic_live_instances_1,3,2,23,67629,0,0,0,0,0
engine_execution,dynamic_live_instances_1,3,2,24,67463,0,0,0,0,0
engine_execution,dynamic_live_instances_1,3,2,25,68056,0,0,0,0,0
engine_execution,dynamic_live_instances_1,3,2,26,67648,0,0,0,0,0
engine_execution,dynamic_live_instances_1,3,2,27,67796,0,0,0,0,0
engine_execution,dynamic_live_instances_1,3,2,28,68278,0,0,0,0,0
engine_execution,dynamic_live_instances_1,3,2,29,68555,0,0,0,0,0
engine_execution,dynamic_live_instances_1,3,2,30,68296,0,0,0,0,0
engine_execution,dynamic_live_instances_1,3,2,31,68370,0,0,0,0,0
engine_execution,dynamic_live_instances_1,3,2,32,68518,0,0,0,0,0
engine_execution,dynamic_live_instances_1,3,2,33,67945,0,0,0,0,0
engine_execution,dynamic_live_instances_1,3,2,34,67908,0,0,0,0,0
engine_execution,dynamic_live_instances_1,3,2,35,68686,0,0,0,0,0
engine_execution,dynamic_live_instances_1,3,2,36,68037,0,0,0,0,0
engine_execution,dynamic_live_instances_1,3,2,37,68222,0,0,0,0,0
engine_execution,dynamic_live_instances_1,3,2,38,68407,0,0,0,0,0
engine_execution,dynamic_live_instances_1,3,2,39,68649,0,0,0,0,0
engine_execution_alloc,dynamic_live_instances_1,3,2,1,0,615,63231,0,0,0
engine_execution,dynamic_live_instances_10,3,2,0,535669,0,0,0,0,11
engine_execution,dynamic_live_instances_10,3,2,1,535576,0,0,0,0,11
engine_execution,dynamic_live_instances_10,3,2,2,534169,0,0,0,0,11
engine_execution,dynamic_live_instances_10,3,2,3,540038,0,0,0,0,11
engine_execution,dynamic_live_instances_10,3,2,4,536002,0,0,0,0,11
engine_execution,dynamic_live_instances_10,3,2,5,533576,0,0,0,0,11
engine_execution,dynamic_live_instances_10,3,2,6,533058,0,0,0,0,11
engine_execution,dynamic_live_instances_10,3,2,7,532927,0,0,0,0,11
engine_execution,dynamic_live_instances_10,3,2,8,532909,0,0,0,0,11
engine_execution,dynamic_live_instances_10,3,2,9,532113,0,0,0,0,11
engine_execution,dynamic_live_instances_10,3,2,10,532983,0,0,0,0,11
engine_execution,dynamic_live_instances_10,3,2,11,564372,0,0,0,0,11
engine_execution,dynamic_live_instances_10,3,2,12,536687,0,0,0,0,11
engine_execution,dynamic_live_instances_10,3,2,13,531668,0,0,0,0,11
engine_execution,dynamic_live_instances_10,3,2,14,531094,0,0,0,0,11
engine_execution,dynamic_live_instances_10,3,2,15,531132,0,0,0,0,11
engine_execution,dynamic_live_instances_10,3,2,16,531076,0,0,0,0,11
engine_execution,dynamic_live_instances_10,3,2,17,531057,0,0,0,0,11
engine_execution,dynamic_live_instances_10,3,2,18,537409,0,0,0,0,11
engine_execution,dynamic_live_instances_10,3,2,19,533964,0,0,0,0,11
engine_execution,dynamic_live_instances_10,3,2,20,533668,0,0,0,0,11
engine_execution,dynamic_live_instances_10,3,2,21,531298,0,0,0,0,11
engine_execution,dynamic_live_instances_10,3,2,22,531853,0,0,0,0,11
engine_execution,dynamic_live_instances_10,3,2,23,531446,0,0,0,0,11
engine_execution,dynamic_live_instances_10,3,2,24,531594,0,0,0,0,11
engine_execution,dynamic_live_instances_10,3,2,25,534150,0,0,0,0,11
engine_execution,dynamic_live_instances_10,3,2,26,538909,0,0,0,0,11
engine_execution,dynamic_live_instances_10,3,2,27,534020,0,0,0,0,11
engine_execution,dynamic_live_instances_10,3,2,28,531705,0,0,0,0,11
engine_execution,dynamic_live_instances_10,3,2,29,531409,0,0,0,0,11
engine_execution,dynamic_live_instances_10,3,2,30,531724,0,0,0,0,11
engine_execution,dynamic_live_instances_10,3,2,31,531502,0,0,0,0,11
engine_execution,dynamic_live_instances_10,3,2,32,532668,0,0,0,0,11
engine_execution,dynamic_live_instances_10,3,2,33,536779,0,0,0,0,11
engine_execution,dynamic_live_instances_10,3,2,34,538687,0,0,0,0,11
engine_execution,dynamic_live_instances_10,3,2,35,532298,0,0,0,0,11
engine_execution,dynamic_live_instances_10,3,2,36,531780,0,0,0,0,11
engine_execution,dynamic_live_instances_10,3,2,37,530613,0,0,0,0,11
engine_execution,dynamic_live_instances_10,3,2,38,529261,0,0,0,0,11
engine_execution,dynamic_live_instances_10,3,2,39,531631,0,0,0,0,11
engine_execution_alloc,dynamic_live_instances_10,3,2,10,0,4382,470925,0,0,11
engine_execution,dynamic_live_instances_100,3,2,0,9666919,0,0,0,0,101
engine_execution,dynamic_live_instances_100,3,2,1,9690160,0,0,0,0,101
engine_execution,dynamic_live_instances_100,3,2,2,9678085,0,0,0,0,101
engine_execution,dynamic_live_instances_100,3,2,3,9693956,0,0,0,0,101
engine_execution,dynamic_live_instances_100,3,2,4,9663085,0,0,0,0,101
engine_execution,dynamic_live_instances_100,3,2,5,10547681,0,0,0,0,101
engine_execution,dynamic_live_instances_100,3,2,6,10114883,0,0,0,0,101
engine_execution,dynamic_live_instances_100,3,2,7,9749400,0,0,0,0,101
engine_execution,dynamic_live_instances_100,3,2,8,10287069,0,0,0,0,101
engine_execution,dynamic_live_instances_100,3,2,9,9808105,0,0,0,0,101
engine_execution,dynamic_live_instances_100,3,2,10,9695733,0,0,0,0,101
engine_execution,dynamic_live_instances_100,3,2,11,9756326,0,0,0,0,101
engine_execution,dynamic_live_instances_100,3,2,12,9734178,0,0,0,0,101
engine_execution,dynamic_live_instances_100,3,2,13,9795012,0,0,0,0,101
engine_execution,dynamic_live_instances_100,3,2,14,9657900,0,0,0,0,101
engine_execution,dynamic_live_instances_100,3,2,15,9679493,0,0,0,0,101
engine_execution,dynamic_live_instances_100,3,2,16,9681048,0,0,0,0,101
engine_execution,dynamic_live_instances_100,3,2,17,9757678,0,0,0,0,101
engine_execution,dynamic_live_instances_100,3,2,18,9763326,0,0,0,0,101
engine_execution,dynamic_live_instances_100,3,2,19,9702641,0,0,0,0,101
engine_execution,dynamic_live_instances_100,3,2,20,9669900,0,0,0,0,101
engine_execution,dynamic_live_instances_100,3,2,21,9662233,0,0,0,0,101
engine_execution,dynamic_live_instances_100,3,2,22,9662678,0,0,0,0,101
engine_execution,dynamic_live_instances_100,3,2,23,9674233,0,0,0,0,101
engine_execution,dynamic_live_instances_100,3,2,24,9696455,0,0,0,0,101
engine_execution,dynamic_live_instances_100,3,2,25,9649437,0,0,0,0,101
engine_execution,dynamic_live_instances_100,3,2,26,9665826,0,0,0,0,101
engine_execution,dynamic_live_instances_100,3,2,27,9684215,0,0,0,0,101
engine_execution,dynamic_live_instances_100,3,2,28,9671826,0,0,0,0,101
engine_execution,dynamic_live_instances_100,3,2,29,9675844,0,0,0,0,101
engine_execution,dynamic_live_instances_100,3,2,30,9680141,0,0,0,0,101
engine_execution,dynamic_live_instances_100,3,2,31,9696808,0,0,0,0,101
engine_execution,dynamic_live_instances_100,3,2,32,9644678,0,0,0,0,101
engine_execution,dynamic_live_instances_100,3,2,33,9763345,0,0,0,0,101
engine_execution,dynamic_live_instances_100,3,2,34,10323698,0,0,0,0,101
engine_execution,dynamic_live_instances_100,3,2,35,9740160,0,0,0,0,101
engine_execution,dynamic_live_instances_100,3,2,36,9657937,0,0,0,0,101
engine_execution,dynamic_live_instances_100,3,2,37,9707030,0,0,0,0,101
engine_execution,dynamic_live_instances_100,3,2,38,9685419,0,0,0,0,101
engine_execution,dynamic_live_instances_100,3,2,39,9769604,0,0,0,0,101
engine_execution_alloc,dynamic_live_instances_100,3,2,100,0,68263,5172559,0,0,101
engine_execution,dynamic_sequential_churn_1,2,1,0,62000,0,0,0,0,9
engine_execution,dynamic_sequential_churn_1,2,1,1,62426,0,0,0,0,10
engine_execution,dynamic_sequential_churn_1,2,1,2,62038,0,0,0,0,11
engine_execution,dynamic_sequential_churn_1,2,1,3,62241,0,0,0,0,12
engine_execution,dynamic_sequential_churn_1,2,1,4,61482,0,0,0,0,13
engine_execution,dynamic_sequential_churn_1,2,1,5,61649,0,0,0,0,14
engine_execution,dynamic_sequential_churn_1,2,1,6,60889,0,0,0,0,15
engine_execution,dynamic_sequential_churn_1,2,1,7,60889,0,0,0,0,16
engine_execution,dynamic_sequential_churn_1,2,1,8,61037,0,0,0,0,17
engine_execution,dynamic_sequential_churn_1,2,1,9,61908,0,0,0,0,18
engine_execution,dynamic_sequential_churn_1,2,1,10,60704,0,0,0,0,19
engine_execution,dynamic_sequential_churn_1,2,1,11,60426,0,0,0,0,20
engine_execution,dynamic_sequential_churn_1,2,1,12,60593,0,0,0,0,21
engine_execution,dynamic_sequential_churn_1,2,1,13,60426,0,0,0,0,22
engine_execution,dynamic_sequential_churn_1,2,1,14,60870,0,0,0,0,23
engine_execution,dynamic_sequential_churn_1,2,1,15,60501,0,0,0,0,24
engine_execution,dynamic_sequential_churn_1,2,1,16,60926,0,0,0,0,25
engine_execution,dynamic_sequential_churn_1,2,1,17,59945,0,0,0,0,26
engine_execution,dynamic_sequential_churn_1,2,1,18,59945,0,0,0,0,27
engine_execution,dynamic_sequential_churn_1,2,1,19,59926,0,0,0,0,28
engine_execution,dynamic_sequential_churn_1,2,1,20,60537,0,0,0,0,29
engine_execution,dynamic_sequential_churn_1,2,1,21,59926,0,0,0,0,30
engine_execution,dynamic_sequential_churn_1,2,1,22,59945,0,0,0,0,31
engine_execution,dynamic_sequential_churn_1,2,1,23,69703,0,0,0,0,32
engine_execution,dynamic_sequential_churn_1,2,1,24,61148,0,0,0,0,33
engine_execution,dynamic_sequential_churn_1,2,1,25,61556,0,0,0,0,34
engine_execution,dynamic_sequential_churn_1,2,1,26,59704,0,0,0,0,35
engine_execution,dynamic_sequential_churn_1,2,1,27,59797,0,0,0,0,36
engine_execution,dynamic_sequential_churn_1,2,1,28,59889,0,0,0,0,37
engine_execution,dynamic_sequential_churn_1,2,1,29,60593,0,0,0,0,38
engine_execution,dynamic_sequential_churn_1,2,1,30,60352,0,0,0,0,39
engine_execution,dynamic_sequential_churn_1,2,1,31,59260,0,0,0,0,40
engine_execution,dynamic_sequential_churn_1,2,1,32,59519,0,0,0,0,41
engine_execution,dynamic_sequential_churn_1,2,1,33,59629,0,0,0,0,42
engine_execution,dynamic_sequential_churn_1,2,1,34,59740,0,0,0,0,43
engine_execution,dynamic_sequential_churn_1,2,1,35,59352,0,0,0,0,44
engine_execution,dynamic_sequential_churn_1,2,1,36,58926,0,0,0,0,45
engine_execution,dynamic_sequential_churn_1,2,1,37,59593,0,0,0,0,46
engine_execution,dynamic_sequential_churn_1,2,1,38,59870,0,0,0,0,47
engine_execution,dynamic_sequential_churn_1,2,1,39,61130,0,0,0,0,48
engine_execution_alloc,dynamic_sequential_churn_1,2,1,1,0,538,52749,0,0,49
engine_execution,dynamic_sequential_churn_10,2,1,0,393909,0,0,0,0,90
engine_execution,dynamic_sequential_churn_10,2,1,1,393687,0,0,0,0,100
engine_execution,dynamic_sequential_churn_10,2,1,2,392390,0,0,0,0,110
engine_execution,dynamic_sequential_churn_10,2,1,3,389409,0,0,0,0,120
engine_execution,dynamic_sequential_churn_10,2,1,4,391446,0,0,0,0,130
engine_execution,dynamic_sequential_churn_10,2,1,5,392446,0,0,0,0,140
engine_execution,dynamic_sequential_churn_10,2,1,6,390094,0,0,0,0,150
engine_execution,dynamic_sequential_churn_10,2,1,7,390334,0,0,0,0,160
engine_execution,dynamic_sequential_churn_10,2,1,8,392224,0,0,0,0,170
engine_execution,dynamic_sequential_churn_10,2,1,9,399001,0,0,0,0,180
engine_execution,dynamic_sequential_churn_10,2,1,10,391353,0,0,0,0,190
engine_execution,dynamic_sequential_churn_10,2,1,11,392334,0,0,0,0,200
engine_execution,dynamic_sequential_churn_10,2,1,12,390261,0,0,0,0,210
engine_execution,dynamic_sequential_churn_10,2,1,13,392668,0,0,0,0,220
engine_execution,dynamic_sequential_churn_10,2,1,14,390631,0,0,0,0,230
engine_execution,dynamic_sequential_churn_10,2,1,15,391798,0,0,0,0,240
engine_execution,dynamic_sequential_churn_10,2,1,16,392539,0,0,0,0,250
engine_execution,dynamic_sequential_churn_10,2,1,17,390761,0,0,0,0,260
engine_execution,dynamic_sequential_churn_10,2,1,18,391760,0,0,0,0,270
engine_execution,dynamic_sequential_churn_10,2,1,19,395908,0,0,0,0,280
engine_execution,dynamic_sequential_churn_10,2,1,20,391853,0,0,0,0,290
engine_execution,dynamic_sequential_churn_10,2,1,21,391668,0,0,0,0,300
engine_execution,dynamic_sequential_churn_10,2,1,22,388834,0,0,0,0,310
engine_execution,dynamic_sequential_churn_10,2,1,23,389650,0,0,0,0,320
engine_execution,dynamic_sequential_churn_10,2,1,24,390779,0,0,0,0,330
engine_execution,dynamic_sequential_churn_10,2,1,25,391187,0,0,0,0,340
engine_execution,dynamic_sequential_churn_10,2,1,26,390593,0,0,0,0,350
engine_execution,dynamic_sequential_churn_10,2,1,27,391742,0,0,0,0,360
engine_execution,dynamic_sequential_churn_10,2,1,28,391723,0,0,0,0,370
engine_execution,dynamic_sequential_churn_10,2,1,29,395982,0,0,0,0,380
engine_execution,dynamic_sequential_churn_10,2,1,30,391723,0,0,0,0,390
engine_execution,dynamic_sequential_churn_10,2,1,31,391853,0,0,0,0,400
engine_execution,dynamic_sequential_churn_10,2,1,32,390927,0,0,0,0,410
engine_execution,dynamic_sequential_churn_10,2,1,33,389594,0,0,0,0,420
engine_execution,dynamic_sequential_churn_10,2,1,34,390038,0,0,0,0,430
engine_execution,dynamic_sequential_churn_10,2,1,35,388742,0,0,0,0,440
engine_execution,dynamic_sequential_churn_10,2,1,36,390056,0,0,0,0,450
engine_execution,dynamic_sequential_churn_10,2,1,37,389705,0,0,0,0,460
engine_execution,dynamic_sequential_churn_10,2,1,38,390002,0,0,0,0,470
engine_execution,dynamic_sequential_churn_10,2,1,39,389372,0,0,0,0,480
engine_execution_alloc,dynamic_sequential_churn_10,2,1,10,0,3495,324339,0,0,490
engine_execution,dynamic_sequential_churn_100,2,1,0,3625845,0,0,0,0,900
engine_execution,dynamic_sequential_churn_100,2,1,1,3629900,0,0,0,0,1000
engine_execution,dynamic_sequential_churn_100,2,1,2,3628993,0,0,0,0,1100
engine_execution,dynamic_sequential_churn_100,2,1,3,3634604,0,0,0,0,1200
engine_execution,dynamic_sequential_churn_100,2,1,4,3626177,0,0,0,0,1300
engine_execution,dynamic_sequential_churn_100,2,1,5,3634381,0,0,0,0,1400
engine_execution,dynamic_sequential_churn_100,2,1,6,3627789,0,0,0,0,1500
engine_execution,dynamic_sequential_churn_100,2,1,7,3679345,0,0,0,0,1600
engine_execution,dynamic_sequential_churn_100,2,1,8,3734419,0,0,0,0,1700
engine_execution,dynamic_sequential_churn_100,2,1,9,3652623,0,0,0,0,1800
engine_execution,dynamic_sequential_churn_100,2,1,10,3632326,0,0,0,0,1900
engine_execution,dynamic_sequential_churn_100,2,1,11,3629937,0,0,0,0,2000
engine_execution,dynamic_sequential_churn_100,2,1,12,3632622,0,0,0,0,2100
engine_execution,dynamic_sequential_churn_100,2,1,13,3615400,0,0,0,0,2200
engine_execution,dynamic_sequential_churn_100,2,1,14,3623937,0,0,0,0,2300
engine_execution,dynamic_sequential_churn_100,2,1,15,3620085,0,0,0,0,2400
engine_execution,dynamic_sequential_churn_100,2,1,16,3619345,0,0,0,0,2500
engine_execution,dynamic_sequential_churn_100,2,1,17,3630178,0,0,0,0,2600
engine_execution,dynamic_sequential_churn_100,2,1,18,3632604,0,0,0,0,2700
engine_execution,dynamic_sequential_churn_100,2,1,19,3628548,0,0,0,0,2800
engine_execution,dynamic_sequential_churn_100,2,1,20,3617622,0,0,0,0,2900
engine_execution,dynamic_sequential_churn_100,2,1,21,3613011,0,0,0,0,3000
engine_execution,dynamic_sequential_churn_100,2,1,22,3616233,0,0,0,0,3100
engine_execution,dynamic_sequential_churn_100,2,1,23,3614826,0,0,0,0,3200
engine_execution,dynamic_sequential_churn_100,2,1,24,3624752,0,0,0,0,3300
engine_execution,dynamic_sequential_churn_100,2,1,25,3620382,0,0,0,0,3400
engine_execution,dynamic_sequential_churn_100,2,1,26,3627419,0,0,0,0,3500
engine_execution,dynamic_sequential_churn_100,2,1,27,3641363,0,0,0,0,3600
engine_execution,dynamic_sequential_churn_100,2,1,28,3629974,0,0,0,0,3700
engine_execution,dynamic_sequential_churn_100,2,1,29,3620622,0,0,0,0,3800
engine_execution,dynamic_sequential_churn_100,2,1,30,3611585,0,0,0,0,3900
engine_execution,dynamic_sequential_churn_100,2,1,31,3630511,0,0,0,0,4000
engine_execution,dynamic_sequential_churn_100,2,1,32,3623326,0,0,0,0,4100
engine_execution,dynamic_sequential_churn_100,2,1,33,3620603,0,0,0,0,4200
engine_execution,dynamic_sequential_churn_100,2,1,34,3620455,0,0,0,0,4300
engine_execution,dynamic_sequential_churn_100,2,1,35,3616344,0,0,0,0,4400
engine_execution,dynamic_sequential_churn_100,2,1,36,3675456,0,0,0,0,4500
engine_execution,dynamic_sequential_churn_100,2,1,37,3702160,0,0,0,0,4600
engine_execution,dynamic_sequential_churn_100,2,1,38,3658604,0,0,0,0,4700
engine_execution,dynamic_sequential_churn_100,2,1,39,3639252,0,0,0,0,4800
engine_execution_alloc,dynamic_sequential_churn_100,2,1,100,0,32982,2932143,0,0,4900
engine_execution,effect_unknown_recovery_resolved,1,0,0,16482,0,0,0,0,9
engine_execution,effect_unknown_recovery_resolved,1,0,1,16537,0,0,0,0,10
engine_execution,effect_unknown_recovery_resolved,1,0,2,16611,0,0,0,0,11
engine_execution,effect_unknown_recovery_resolved,1,0,3,16630,0,0,0,0,12
engine_execution,effect_unknown_recovery_resolved,1,0,4,16555,0,0,0,0,13
engine_execution,effect_unknown_recovery_resolved,1,0,5,16722,0,0,0,0,14
engine_execution,effect_unknown_recovery_resolved,1,0,6,17111,0,0,0,0,15
engine_execution,effect_unknown_recovery_resolved,1,0,7,16704,0,0,0,0,16
engine_execution,effect_unknown_recovery_resolved,1,0,8,16537,0,0,0,0,17
engine_execution,effect_unknown_recovery_resolved,1,0,9,16352,0,0,0,0,18
engine_execution,effect_unknown_recovery_resolved,1,0,10,17129,0,0,0,0,19
engine_execution,effect_unknown_recovery_resolved,1,0,11,16426,0,0,0,0,20
engine_execution,effect_unknown_recovery_resolved,1,0,12,16315,0,0,0,0,21
engine_execution,effect_unknown_recovery_resolved,1,0,13,16482,0,0,0,0,22
engine_execution,effect_unknown_recovery_resolved,1,0,14,16704,0,0,0,0,23
engine_execution,effect_unknown_recovery_resolved,1,0,15,17167,0,0,0,0,24
engine_execution,effect_unknown_recovery_resolved,1,0,16,17166,0,0,0,0,25
engine_execution,effect_unknown_recovery_resolved,1,0,17,17037,0,0,0,0,26
engine_execution,effect_unknown_recovery_resolved,1,0,18,16852,0,0,0,0,27
engine_execution,effect_unknown_recovery_resolved,1,0,19,16648,0,0,0,0,28
engine_execution,effect_unknown_recovery_resolved,1,0,20,16760,0,0,0,0,29
engine_execution,effect_unknown_recovery_resolved,1,0,21,16741,0,0,0,0,30
engine_execution,effect_unknown_recovery_resolved,1,0,22,16871,0,0,0,0,31
engine_execution,effect_unknown_recovery_resolved,1,0,23,16703,0,0,0,0,32
engine_execution,effect_unknown_recovery_resolved,1,0,24,16796,0,0,0,0,33
engine_execution,effect_unknown_recovery_resolved,1,0,25,16815,0,0,0,0,34
engine_execution,effect_unknown_recovery_resolved,1,0,26,16759,0,0,0,0,35
engine_execution,effect_unknown_recovery_resolved,1,0,27,16703,0,0,0,0,36
engine_execution,effect_unknown_recovery_resolved,1,0,28,16649,0,0,0,0,37
engine_execution,effect_unknown_recovery_resolved,1,0,29,16630,0,0,0,0,38
engine_execution,effect_unknown_recovery_resolved,1,0,30,16834,0,0,0,0,39
engine_execution,effect_unknown_recovery_resolved,1,0,31,16592,0,0,0,0,40
engine_execution,effect_unknown_recovery_resolved,1,0,32,16851,0,0,0,0,41
engine_execution,effect_unknown_recovery_resolved,1,0,33,16611,0,0,0,0,42
engine_execution,effect_unknown_recovery_resolved,1,0,34,16741,0,0,0,0,43
engine_execution,effect_unknown_recovery_resolved,1,0,35,16741,0,0,0,0,44
engine_execution,effect_unknown_recovery_resolved,1,0,36,16648,0,0,0,0,45
engine_execution,effect_unknown_recovery_resolved,1,0,37,16759,0,0,0,0,46
engine_execution,effect_unknown_recovery_resolved,1,0,38,16703,0,0,0,0,47
engine_execution,effect_unknown_recovery_resolved,1,0,39,16556,0,0,0,0,48
engine_execution_alloc,effect_unknown_recovery_resolved,1,0,0,0,147,15403,0,0,49
engine_execution,effect_unknown_recovery_failed,1,0,0,17907,0,0,0,0,11
engine_execution,effect_unknown_recovery_failed,1,0,1,17963,0,0,0,0,12
engine_execution,effect_unknown_recovery_failed,1,0,2,17981,0,0,0,0,13
engine_execution,effect_unknown_recovery_failed,1,0,3,17870,0,0,0,0,14
engine_execution,effect_unknown_recovery_failed,1,0,4,17852,0,0,0,0,15
engine_execution,effect_unknown_recovery_failed,1,0,5,17833,0,0,0,0,16
engine_execution,effect_unknown_recovery_failed,1,0,6,17722,0,0,0,0,17
engine_execution,effect_unknown_recovery_failed,1,0,7,18574,0,0,0,0,18
engine_execution,effect_unknown_recovery_failed,1,0,8,17907,0,0,0,0,19
engine_execution,effect_unknown_recovery_failed,1,0,9,18019,0,0,0,0,20
engine_execution,effect_unknown_recovery_failed,1,0,10,17944,0,0,0,0,21
engine_execution,effect_unknown_recovery_failed,1,0,11,17741,0,0,0,0,22
engine_execution,effect_unknown_recovery_failed,1,0,12,17908,0,0,0,0,23
engine_execution,effect_unknown_recovery_failed,1,0,13,17926,0,0,0,0,24
engine_execution,effect_unknown_recovery_failed,1,0,14,17981,0,0,0,0,25
engine_execution,effect_unknown_recovery_failed,1,0,15,17945,0,0,0,0,26
engine_execution,effect_unknown_recovery_failed,1,0,16,18889,0,0,0,0,27
engine_execution,effect_unknown_recovery_failed,1,0,17,17796,0,0,0,0,28
engine_execution,effect_unknown_recovery_failed,1,0,18,17945,0,0,0,0,29
engine_execution,effect_unknown_recovery_failed,1,0,19,17815,0,0,0,0,30
engine_execution,effect_unknown_recovery_failed,1,0,20,18148,0,0,0,0,31
engine_execution,effect_unknown_recovery_failed,1,0,21,17833,0,0,0,0,32
engine_execution,effect_unknown_recovery_failed,1,0,22,26926,0,0,0,0,33
engine_execution,effect_unknown_recovery_failed,1,0,23,18148,0,0,0,0,34
engine_execution,effect_unknown_recovery_failed,1,0,24,17926,0,0,0,0,35
engine_execution,effect_unknown_recovery_failed,1,0,25,17926,0,0,0,0,36
engine_execution,effect_unknown_recovery_failed,1,0,26,18019,0,0,0,0,37
engine_execution,effect_unknown_recovery_failed,1,0,27,17981,0,0,0,0,38
engine_execution,effect_unknown_recovery_failed,1,0,28,18112,0,0,0,0,39
engine_execution,effect_unknown_recovery_failed,1,0,29,17777,0,0,0,0,40
engine_execution,effect_unknown_recovery_failed,1,0,30,18000,0,0,0,0,41
engine_execution,effect_unknown_recovery_failed,1,0,31,17703,0,0,0,0,42
engine_execution,effect_unknown_recovery_failed,1,0,32,17889,0,0,0,0,43
engine_execution,effect_unknown_recovery_failed,1,0,33,17963,0,0,0,0,44
engine_execution,effect_unknown_recovery_failed,1,0,34,17963,0,0,0,0,45
engine_execution,effect_unknown_recovery_failed,1,0,35,17797,0,0,0,0,46
engine_execution,effect_unknown_recovery_failed,1,0,36,17870,0,0,0,0,47
engine_execution,effect_unknown_recovery_failed,1,0,37,17945,0,0,0,0,48
engine_execution,effect_unknown_recovery_failed,1,0,38,17944,0,0,0,0,49
engine_execution,effect_unknown_recovery_failed,1,0,39,17871,0,0,0,0,50
engine_execution_alloc,effect_unknown_recovery_failed,1,0,0,0,154,16091,0,0,51
engine_execution,trace_default,100,99,0,778984,0,0,0,0,1
engine_execution,trace_default,100,99,1,786299,0,0,0,0,0
engine_execution,trace_default,100,99,2,781188,0,0,0,0,3
engine_execution,trace_default,100,99,3,779076,0,0,0,0,2
engine_execution,trace_default,100,99,4,775818,0,0,0,0,5
engine_execution,trace_default,100,99,5,778114,0,0,0,0,4
engine_execution,trace_default,100,99,6,785114,0,0,0,0,7
engine_execution,trace_default,100,99,7,777262,0,0,0,0,6
engine_execution,trace_default,100,99,8,780243,0,0,0,0,9
engine_execution,trace_default,100,99,9,778558,0,0,0,0,8
engine_execution,trace_default,100,99,10,779225,0,0,0,0,11
engine_execution,trace_default,100,99,11,785188,0,0,0,0,10
engine_execution,trace_default,100,99,12,780984,0,0,0,0,13
engine_execution,trace_default,100,99,13,778076,0,0,0,0,12
engine_execution,trace_default,100,99,14,782373,0,0,0,0,15
engine_execution,trace_default,100,99,15,778928,0,0,0,0,14
engine_execution,trace_default,100,99,16,786854,0,0,0,0,17
engine_execution,trace_default,100,99,17,781058,0,0,0,0,16
engine_execution,trace_default,100,99,18,778817,0,0,0,0,19
engine_execution,trace_default,100,99,19,780558,0,0,0,0,18
engine_execution,trace_default,100,99,20,777225,0,0,0,0,21
engine_execution,trace_default,100,99,21,777892,0,0,0,0,20
engine_execution,trace_default,100,99,22,786854,0,0,0,0,23
engine_execution,trace_default,100,99,23,779669,0,0,0,0,22
engine_execution,trace_default,100,99,24,779965,0,0,0,0,25
engine_execution,trace_default,100,99,25,778928,0,0,0,0,24
engine_execution,trace_default,100,99,26,778817,0,0,0,0,27
engine_execution,trace_default,100,99,27,782169,0,0,0,0,26
engine_execution,trace_default,100,99,28,779225,0,0,0,0,29
engine_execution,trace_default,100,99,29,780465,0,0,0,0,28
engine_execution,trace_default,100,99,30,782984,0,0,0,0,31
engine_execution,trace_default,100,99,31,779224,0,0,0,0,30
engine_execution,trace_default,100,99,32,784688,0,0,0,0,33
engine_execution,trace_default,100,99,33,779872,0,0,0,0,32
engine_execution,trace_default,100,99,34,778318,0,0,0,0,35
engine_execution,trace_default,100,99,35,782317,0,0,0,0,34
engine_execution,trace_default,100,99,36,781132,0,0,0,0,37
engine_execution,trace_default,100,99,37,787447,0,0,0,0,36
engine_execution,trace_default,100,99,38,780558,0,0,0,0,39
engine_execution,trace_default,100,99,39,780373,0,0,0,0,38
engine_execution_alloc,trace_default,100,99,0,0,5262,533272,0,0,23131
engine_execution,trace_observer,100,99,0,785391,0,0,0,0,1
engine_execution,trace_observer,100,99,1,784299,0,0,0,0,0
engine_execution,trace_observer,100,99,2,783373,0,0,0,0,3
engine_execution,trace_observer,100,99,3,789299,0,0,0,0,2
engine_execution,trace_observer,100,99,4,784688,0,0,0,0,5
engine_execution,trace_observer,100,99,5,780891,0,0,0,0,4
engine_execution,trace_observer,100,99,6,780780,0,0,0,0,7
engine_execution,trace_observer,100,99,7,782799,0,0,0,0,6
engine_execution,trace_observer,100,99,8,788003,0,0,0,0,9
engine_execution,trace_observer,100,99,9,782391,0,0,0,0,8
engine_execution,trace_observer,100,99,10,780984,0,0,0,0,11
engine_execution,trace_observer,100,99,11,783391,0,0,0,0,10
engine_execution,trace_observer,100,99,12,781170,0,0,0,0,13
engine_execution,trace_observer,100,99,13,787835,0,0,0,0,12
engine_execution,trace_observer,100,99,14,784651,0,0,0,0,15
engine_execution,trace_observer,100,99,15,781521,0,0,0,0,14
engine_execution,trace_observer,100,99,16,782798,0,0,0,0,17
engine_execution,trace_observer,100,99,17,783707,0,0,0,0,16
engine_execution,trace_observer,100,99,18,786965,0,0,0,0,19
engine_execution,trace_observer,100,99,19,784503,0,0,0,0,18
engine_execution,trace_observer,100,99,20,784984,0,0,0,0,21
engine_execution,trace_observer,100,99,21,786206,0,0,0,0,20
engine_execution,trace_observer,100,99,22,781299,0,0,0,0,23
engine_execution,trace_observer,100,99,23,782817,0,0,0,0,22
engine_execution,trace_observer,100,99,24,788576,0,0,0,0,25
engine_execution,trace_observer,100,99,25,784503,0,0,0,0,24
engine_execution,trace_observer,100,99,26,782854,0,0,0,0,27
engine_execution,trace_observer,100,99,27,784984,0,0,0,0,26
engine_execution,trace_observer,100,99,28,784336,0,0,0,0,29
engine_execution,trace_observer,100,99,29,787355,0,0,0,0,28
engine_execution,trace_observer,100,99,30,780039,0,0,0,0,31
engine_execution,trace_observer,100,99,31,781169,0,0,0,0,30
engine_execution,trace_observer,100,99,32,782632,0,0,0,0,33
engine_execution,trace_observer,100,99,33,783261,0,0,0,0,32
engine_execution,trace_observer,100,99,34,795688,0,0,0,0,35
engine_execution,trace_observer,100,99,35,784613,0,0,0,0,34
engine_execution,trace_observer,100,99,36,784873,0,0,0,0,37
engine_execution,trace_observer,100,99,37,781650,0,0,0,0,36
engine_execution,trace_observer,100,99,38,785280,0,0,0,0,39
engine_execution,trace_observer,100,99,39,787373,0,0,0,0,38
engine_execution_alloc,trace_observer,100,99,0,0,5262,533272,0,0,23131
representative_application,application_hash_sdax,10,9,0,65223,0,0,0,0,8827501768403342007
representative_application,application_hash_sdax,10,9,1,65722,0,0,0,0,8951258580674472749
representative_application,application_hash_sdax,10,9,2,65556,0,0,0,0,18157584738022301124
representative_application,application_hash_sdax,10,9,3,64796,0,0,0,0,16093298964628915617
representative_application,application_hash_sdax,10,9,4,64741,0,0,0,0,4338024545885762412
representative_application,application_hash_sdax,10,9,5,64445,0,0,0,0,4989613096480112062
representative_application,application_hash_sdax,10,9,6,64574,0,0,0,0,14756605482753659039
representative_application,application_hash_sdax,10,9,7,64871,0,0,0,0,48615153832195890
representative_application,application_hash_sdax,10,9,8,64592,0,0,0,0,12897547982939568865
representative_application,application_hash_sdax,10,9,9,64074,0,0,0,0,6455468052857312123
representative_application,application_hash_sdax,10,9,10,64463,0,0,0,0,7461994257773924098
representative_application,application_hash_sdax,10,9,11,64204,0,0,0,0,3636896381673253623
representative_application,application_hash_sdax,10,9,12,64482,0,0,0,0,6793413810667899076
representative_application,application_hash_sdax,10,9,13,64296,0,0,0,0,12277190981714708308
representative_application,application_hash_sdax,10,9,14,65778,0,0,0,0,9683030269895486545
representative_application,application_hash_sdax,10,9,15,64407,0,0,0,0,9383150768291419922
representative_application,application_hash_sdax,10,9,16,64927,0,0,0,0,11312423361794011584
representative_application,application_hash_sdax,10,9,17,63852,0,0,0,0,18128183083347417488
representative_application,application_hash_sdax,10,9,18,64074,0,0,0,0,12087555839788357172
representative_application,application_hash_sdax,10,9,19,64223,0,0,0,0,13041129334982073488
representative_application,application_hash_sdax,10,9,20,64834,0,0,0,0,8384464984104957687
representative_application,application_hash_sdax,10,9,21,64241,0,0,0,0,10868783110269989825
representative_application,application_hash_sdax,10,9,22,64185,0,0,0,0,15668235844036064711
representative_application,application_hash_sdax,10,9,23,64112,0,0,0,0,4013874171971043560
representative_application,application_hash_sdax,10,9,24,64666,0,0,0,0,4203571749175062306
representative_application,application_hash_sdax,10,9,25,63555,0,0,0,0,10926854856726577928
representative_application,application_hash_sdax,10,9,26,64149,0,0,0,0,16212662351989052772
representative_application,application_hash_sdax,10,9,27,64352,0,0,0,0,11560519827294593319
representative_application,application_hash_sdax,10,9,28,64371,0,0,0,0,7617103062409141563
representative_application,application_hash_sdax,10,9,29,64463,0,0,0,0,15838086077383948403
representative_application,application_hash_sdax,10,9,30,64500,0,0,0,0,8116776606867456652
representative_application,application_hash_sdax,10,9,31,64759,0,0,0,0,11359474695907197805
representative_application,application_hash_sdax,10,9,32,70092,0,0,0,0,9168736860549268637
representative_application,application_hash_sdax,10,9,33,64574,0,0,0,0,16764612828771598240
representative_application,application_hash_sdax,10,9,34,63759,0,0,0,0,14255204493723425259
representative_application,application_hash_sdax,10,9,35,63852,0,0,0,0,3518369773145393400
representative_application,application_hash_sdax,10,9,36,63908,0,0,0,0,8965317550446050729
representative_application,application_hash_sdax,10,9,37,63760,0,0,0,0,16665962306655849748
representative_application,application_hash_sdax,10,9,38,63945,0,0,0,0,13342058531664200426
representative_application,application_hash_sdax,10,9,39,64093,0,0,0,0,18112928529687244317
representative_application_alloc,application_hash_sdax,10,9,0,0,575,47357,0,0,17601881740522758837
representative_application,application_hash_handwritten,10,9,0,1241,0,0,0,0,8827501768403342006
representative_application,application_hash_handwritten,10,9,1,1241,0,0,0,0,8951258580674472748
representative_application,application_hash_handwritten,10,9,2,1222,0,0,0,0,18157584738022301125
representative_application,application_hash_handwritten,10,9,3,1241,0,0,0,0,16093298964628915616
representative_application,application_hash_handwritten,10,9,4,1240,0,0,0,0,4338024545885762413
representative_application,application_hash_handwritten,10,9,5,1241,0,0,0,0,4989613096480112063
representative_application,application_hash_handwritten,10,9,6,1241,0,0,0,0,14756605482753659038
representative_application,application_hash_handwritten,10,9,7,1222,0,0,0,0,48615153832195891
representative_application,application_hash_handwritten,10,9,8,1241,0,0,0,0,12897547982939568864
representative_application,application_hash_handwritten,10,9,9,1241,0,0,0,0,6455468052857312122
representative_application,application_hash_handwritten,10,9,10,1240,0,0,0,0,7461994257773924099
representative_application,application_hash_handwritten,10,9,11,1222,0,0,0,0,3636896381673253622
representative_application,application_hash_handwritten,10,9,12,1240,0,0,0,0,6793413810667899077
representative_application,application_hash_handwritten,10,9,13,1241,0,0,0,0,12277190981714708309
representative_application,application_hash_handwritten,10,9,14,1223,0,0,0,0,9683030269895486544
representative_application,application_hash_handwritten,10,9,15,1241,0,0,0,0,9383150768291419923
representative_application,application_hash_handwritten,10,9,16,1223,0,0,0,0,11312423361794011585
representative_application,application_hash_handwritten,10,9,17,1241,0,0,0,0,18128183083347417489
representative_application,application_hash_handwritten,10,9,18,1222,0,0,0,0,12087555839788357173
representative_application,application_hash_handwritten,10,9,19,1241,0,0,0,0,13041129334982073489
representative_application,application_hash_handwritten,10,9,20,1240,0,0,0,0,8384464984104957686
representative_application,application_hash_handwritten,10,9,21,1482,0,0,0,0,10868783110269989824
representative_application,application_hash_handwritten,10,9,22,1223,0,0,0,0,15668235844036064710
representative_application,application_hash_handwritten,10,9,23,1241,0,0,0,0,4013874171971043561
representative_application,application_hash_handwritten,10,9,24,1241,0,0,0,0,4203571749175062307
representative_application,application_hash_handwritten,10,9,25,1241,0,0,0,0,10926854856726577929
representative_application,application_hash_handwritten,10,9,26,1240,0,0,0,0,16212662351989052773
representative_application,application_hash_handwritten,10,9,27,1222,0,0,0,0,11560519827294593318
representative_application,application_hash_handwritten,10,9,28,1241,0,0,0,0,7617103062409141562
representative_application,application_hash_handwritten,10,9,29,1241,0,0,0,0,15838086077383948402
representative_application,application_hash_handwritten,10,9,30,1223,0,0,0,0,8116776606867456653
representative_application,application_hash_handwritten,10,9,31,1241,0,0,0,0,11359474695907197804
representative_application,application_hash_handwritten,10,9,32,1667,0,0,0,0,9168736860549268636
representative_application,application_hash_handwritten,10,9,33,1222,0,0,0,0,16764612828771598241
representative_application,application_hash_handwritten,10,9,34,1241,0,0,0,0,14255204493723425258
representative_application,application_hash_handwritten,10,9,35,1241,0,0,0,0,3518369773145393401
representative_application,application_hash_handwritten,10,9,36,1241,0,0,0,0,8965317550446050728
representative_application,application_hash_handwritten,10,9,37,1240,0,0,0,0,16665962306655849749
representative_application,application_hash_handwritten,10,9,38,1241,0,0,0,0,13342058531664200427
representative_application,application_hash_handwritten,10,9,39,1222,0,0,0,0,18112928529687244316
representative_application,application_hash_sdax,100,99,0,791336,0,0,0,0,11698499080773063169
representative_application,application_hash_sdax,100,99,1,799577,0,0,0,0,1167273700599470746
representative_application,application_hash_sdax,100,99,2,795539,0,0,0,0,230717062559681466
representative_application,application_hash_sdax,100,99,3,794798,0,0,0,0,13461277124864170951
representative_application,application_hash_sdax,100,99,4,793688,0,0,0,0,1843089491647656604
representative_application,application_hash_sdax,100,99,5,792261,0,0,0,0,1884400405866327554
representative_application,application_hash_sdax,100,99,6,803281,0,0,0,0,15657071968087079792
representative_application,application_hash_sdax,100,99,7,795558,0,0,0,0,8136226820520416651
representative_application,application_hash_sdax,100,99,8,794687,0,0,0,0,9211086410723557827
representative_application,application_hash_sdax,100,99,9,793650,0,0,0,0,3206438314367023030
representative_application,application_hash_sdax,100,99,10,796447,0,0,0,0,5368241661201366769
representative_application,application_hash_sdax,100,99,11,797910,0,0,0,0,6168939717596367288
representative_application,application_hash_sdax,100,99,12,793391,0,0,0,0,14206662131410471245
representative_application,application_hash_sdax,100,99,13,790428,0,0,0,0,13119166869922341979
representative_application,application_hash_sdax,100,99,14,794002,0,0,0,0,13832537443924736586
representative_application,application_hash_sdax,100,99,15,793558,0,0,0,0,10215951684877506974
representative_application,application_hash_sdax,100,99,16,799187,0,0,0,0,5034229283543529572
representative_application,application_hash_sdax,100,99,17,793577,0,0,0,0,14677823012927430832
representative_application,application_hash_sdax,100,99,18,792743,0,0,0,0,13894612964717701903
representative_application,application_hash_sdax,100,99,19,791558,0,0,0,0,15583721593309401490
representative_application,application_hash_sdax,100,99,20,793929,0,0,0,0,6418842662590208827
representative_application,application_hash_sdax,100,99,21,800299,0,0,0,0,13631435880641776915
representative_application,application_hash_sdax,100,99,22,793706,0,0,0,0,17183653852698357092
representative_application,application_hash_sdax,100,99,23,793077,0,0,0,0,9274972455216937604
representative_application,application_hash_sdax,100,99,24,794817,0,0,0,0,9355792106790873694
representative_application,application_hash_sdax,100,99,25,792355,0,0,0,0,6870977820890846112
representative_application,application_hash_sdax,100,99,26,795650,0,0,0,0,7356228651156183227
representative_application,application_hash_sdax,100,99,27,919891,0,0,0,0,6496560239278517594
representative_application,application_hash_sdax,100,99,28,798613,0,0,0,0,1600470374967907333
representative_application,application_hash_sdax,100,99,29,797243,0,0,0,0,7749396622089507156
representative_application,application_hash_sdax,100,99,30,793410,0,0,0,0,5914597544721144955
representative_application,application_hash_sdax,100,99,31,802873,0,0,0,0,8593148281290798141
representative_application,application_hash_sdax,100,99,32,793317,0,0,0,0,17312262507819578044
representative_application,application_hash_sdax,100,99,33,792836,0,0,0,0,8449402800832754809
representative_application,application_hash_sdax,100,99,34,792280,0,0,0,0,3614604414420252231
representative_application,application_hash_sdax,100,99,35,791817,0,0,0,0,2366660716473973819
representative_application,application_hash_sdax,100,99,36,796780,0,0,0,0,8524431054321544385
representative_application,application_hash_sdax,100,99,37,791632,0,0,0,0,11652126080490940143
representative_application,application_hash_sdax,100,99,38,792577,0,0,0,0,7153169922785203679
representative_application,application_hash_sdax,100,99,39,791206,0,0,0,0,6082470906507506695
representative_application_alloc,application_hash_sdax,100,99,0,0,5262,536429,0,0,4889995614244325387
representative_application,application_hash_handwritten,100,99,0,13352,0,0,0,0,11698499080773063168
representative_application,application_hash_handwritten,100,99,1,13315,0,0,0,0,1167273700599470747
representative_application,application_hash_handwritten,100,99,2,13297,0,0,0,0,230717062559681467
representative_application,application_hash_handwritten,100,99,3,13315,0,0,0,0,13461277124864170950
representative_application,application_hash_handwritten,100,99,4,13314,0,0,0,0,1843089491647656605
representative_application,application_hash_handwritten,100,99,5,13315,0,0,0,0,1884400405866327555
representative_application,application_hash_handwritten,100,99,6,18649,0,0,0,0,15657071968087079793
representative_application,application_hash_handwritten,100,99,7,13314,0,0,0,0,8136226820520416650
representative_application,application_hash_handwritten,100,99,8,13296,0,0,0,0,9211086410723557826
representative_application,application_hash_handwritten,100,99,9,13314,0,0,0,0,3206438314367023031
representative_application,application_hash_handwritten,100,99,10,13315,0,0,0,0,5368241661201366768
representative_application,application_hash_handwritten,100,99,11,13297,0,0,0,0,6168939717596367289
representative_application,application_hash_handwritten,100,99,12,13315,0,0,0,0,14206662131410471244
representative_application,application_hash_handwritten,100,99,13,13315,0,0,0,0,13119166869922341978
representative_application,application_hash_handwritten,100,99,14,13314,0,0,0,0,13832537443924736587
representative_application,application_hash_handwritten,100,99,15,13315,0,0,0,0,10215951684877506975
representative_application,application_hash_handwritten,100,99,16,13296,0,0,0,0,5034229283543529573
representative_application,application_hash_handwritten,100,99,17,13315,0,0,0,0,14677823012927430833
representative_application,application_hash_handwritten,100,99,18,13315,0,0,0,0,13894612964717701902
representative_application,application_hash_handwritten,100,99,19,13296,0,0,0,0,15583721593309401491
representative_application,application_hash_handwritten,100,99,20,13315,0,0,0,0,6418842662590208826
representative_application,application_hash_handwritten,100,99,21,13315,0,0,0,0,13631435880641776914
representative_application,application_hash_handwritten,100,99,22,13315,0,0,0,0,17183653852698357093
representative_application,application_hash_handwritten,100,99,23,13296,0,0,0,0,9274972455216937605
representative_application,application_hash_handwritten,100,99,24,13315,0,0,0,0,9355792106790873695
representative_application,application_hash_handwritten,100,99,25,13315,0,0,0,0,6870977820890846113
representative_application,application_hash_handwritten,100,99,26,13296,0,0,0,0,7356228651156183226
representative_application,application_hash_handwritten,100,99,27,13314,0,0,0,0,6496560239278517595
representative_application,application_hash_handwritten,100,99,28,13296,0,0,0,0,1600470374967907332
representative_application,application_hash_handwritten,100,99,29,13315,0,0,0,0,7749396622089507157
representative_application,application_hash_handwritten,100,99,30,13315,0,0,0,0,5914597544721144954
representative_application,application_hash_handwritten,100,99,31,13611,0,0,0,0,8593148281290798140
representative_application,application_hash_handwritten,100,99,32,13314,0,0,0,0,17312262507819578045
representative_application,application_hash_handwritten,100,99,33,13296,0,0,0,0,8449402800832754808
representative_application,application_hash_handwritten,100,99,34,13315,0,0,0,0,3614604414420252230
representative_application,application_hash_handwritten,100,99,35,13315,0,0,0,0,2366660716473973818
representative_application,application_hash_handwritten,100,99,36,13315,0,0,0,0,8524431054321544384
representative_application,application_hash_handwritten,100,99,37,13314,0,0,0,0,11652126080490940142
representative_application,application_hash_handwritten,100,99,38,13315,0,0,0,0,7153169922785203678
representative_application,application_hash_handwritten,100,99,39,13315,0,0,0,0,6082470906507506694
