phase,workload,nodes,edges,sample,nanos,allocations,allocated_bytes,peak_live_bytes,retained_bytes,checksum
adapter_setup,current_thread_runtime,0,0,0,45704,0,0,0,0,0
adapter_setup,current_thread_runtime,0,0,1,2074,0,0,0,0,0
adapter_setup,current_thread_runtime,0,0,2,1852,0,0,0,0,0
adapter_setup,current_thread_runtime,0,0,3,1833,0,0,0,0,0
adapter_setup,current_thread_runtime,0,0,4,1981,0,0,0,0,0
adapter_setup,current_thread_runtime,0,0,5,1815,0,0,0,0,0
adapter_setup,current_thread_runtime,0,0,6,1796,0,0,0,0,0
adapter_setup,current_thread_runtime,0,0,7,1833,0,0,0,0,0
adapter_setup,current_thread_runtime,0,0,8,1852,0,0,0,0,0
adapter_setup,current_thread_runtime,0,0,9,1945,0,0,0,0,0
adapter_setup,current_thread_runtime,0,0,10,2074,0,0,0,0,0
adapter_setup,current_thread_runtime,0,0,11,2240,0,0,0,0,0
adapter_setup,current_thread_runtime,0,0,12,2277,0,0,0,0,0
adapter_setup,current_thread_runtime,0,0,13,2223,0,0,0,0,0
adapter_setup,current_thread_runtime,0,0,14,2166,0,0,0,0,0
adapter_setup,current_thread_runtime,0,0,15,2185,0,0,0,0,0
adapter_setup,current_thread_runtime,0,0,16,2111,0,0,0,0,0
adapter_setup,current_thread_runtime,0,0,17,2130,0,0,0,0,0
adapter_setup,current_thread_runtime,0,0,18,2074,0,0,0,0,0
adapter_setup,current_thread_runtime,0,0,19,2111,0,0,0,0,0
adapter_setup,current_thread_runtime,0,0,20,2074,0,0,0,0,0
adapter_setup,current_thread_runtime,0,0,21,2166,0,0,0,0,0
adapter_setup,current_thread_runtime,0,0,22,2186,0,0,0,0,0
adapter_setup,current_thread_runtime,0,0,23,2037,0,0,0,0,0
adapter_setup,current_thread_runtime,0,0,24,2167,0,0,0,0,0
adapter_setup,current_thread_runtime,0,0,25,2056,0,0,0,0,0
adapter_setup,current_thread_runtime,0,0,26,2167,0,0,0,0,0
adapter_setup,current_thread_runtime,0,0,27,2037,0,0,0,0,0
adapter_setup,current_thread_runtime,0,0,28,2166,0,0,0,0,0
adapter_setup,current_thread_runtime,0,0,29,2018,0,0,0,0,0
adapter_setup,current_thread_runtime,0,0,30,2093,0,0,0,0,0
adapter_setup,current_thread_runtime,0,0,31,2074,0,0,0,0,0
adapter_setup,current_thread_runtime,0,0,32,2056,0,0,0,0,0
adapter_setup,current_thread_runtime,0,0,33,1982,0,0,0,0,0
adapter_setup,current_thread_runtime,0,0,34,2074,0,0,0,0,0
adapter_setup,current_thread_runtime,0,0,35,2037,0,0,0,0,0
adapter_setup,current_thread_runtime,0,0,36,1981,0,0,0,0,0
adapter_setup,current_thread_runtime,0,0,37,2019,0,0,0,0,0
adapter_setup,current_thread_runtime,0,0,38,2056,0,0,0,0,0
adapter_setup,current_thread_runtime,0,0,39,2019,0,0,0,0,0
fixture_generation,graph_chain,1,0,0,370,0,0,0,0,5
fixture_generation,graph_chain,1,0,1,278,0,0,0,0,5
fixture_generation,graph_chain,1,0,2,334,0,0,0,0,5
fixture_generation,graph_chain,1,0,3,259,0,0,0,0,5
fixture_generation,graph_chain,1,0,4,241,0,0,0,0,5
fixture_generation,graph_chain,1,0,5,259,0,0,0,0,5
fixture_generation,graph_chain,1,0,6,241,0,0,0,0,5
fixture_generation,graph_chain,1,0,7,260,0,0,0,0,5
fixture_generation,graph_chain,1,0,8,241,0,0,0,0,5
fixture_generation,graph_chain,1,0,9,241,0,0,0,0,5
fixture_generation,graph_chain,1,0,10,241,0,0,0,0,5
fixture_generation,graph_chain,1,0,11,259,0,0,0,0,5
fixture_generation,graph_chain,1,0,12,241,0,0,0,0,5
fixture_generation,graph_chain,1,0,13,240,0,0,0,0,5
fixture_generation,graph_chain,1,0,14,241,0,0,0,0,5
fixture_generation,graph_chain,1,0,15,241,0,0,0,0,5
fixture_generation,graph_chain,1,0,16,241,0,0,0,0,5
fixture_generation,graph_chain,1,0,17,241,0,0,0,0,5
fixture_generation,graph_chain,1,0,18,241,0,0,0,0,5
fixture_generation,graph_chain,1,0,19,259,0,0,0,0,5
plan_build,graph_chain,1,0,0,6148,0,0,0,0,11
plan_build,graph_chain,1,0,1,2963,0,0,0,0,11
plan_build,graph_chain,1,0,2,2574,0,0,0,0,11
plan_build,graph_chain,1,0,3,2759,0,0,0,0,11
plan_build,graph_chain,1,0,4,2426,0,0,0,0,11
plan_build,graph_chain,1,0,5,2667,0,0,0,0,11
plan_build,graph_chain,1,0,6,2630,0,0,0,0,11
plan_build,graph_chain,1,0,7,2482,0,0,0,0,11
plan_build,graph_chain,1,0,8,2463,0,0,0,0,11
plan_build,graph_chain,1,0,9,2407,0,0,0,0,11
plan_build,graph_chain,1,0,10,2463,0,0,0,0,11
plan_build,graph_chain,1,0,11,2462,0,0,0,0,11
plan_build,graph_chain,1,0,12,2444,0,0,0,0,11
plan_build,graph_chain,1,0,13,2482,0,0,0,0,11
plan_build,graph_chain,1,0,14,2463,0,0,0,0,11
plan_build,graph_chain,1,0,15,2389,0,0,0,0,11
plan_build,graph_chain,1,0,16,2481,0,0,0,0,11
plan_build,graph_chain,1,0,17,2482,0,0,0,0,11
plan_build,graph_chain,1,0,18,2408,0,0,0,0,11
plan_build,graph_chain,1,0,19,2407,0,0,0,0,11
plan_build_alloc,graph_chain,1,0,0,0,36,6762,0,0,11
plan_declaration,graph_chain,1,0,0,2722,0,0,0,0,1
plan_validation_freeze,graph_chain,1,0,0,1833,0,0,0,0,11
plan_declaration,graph_chain,1,0,1,1092,0,0,0,0,1
plan_validation_freeze,graph_chain,1,0,1,1852,0,0,0,0,11
plan_declaration,graph_chain,1,0,2,1148,0,0,0,0,1
plan_validation_freeze,graph_chain,1,0,2,1870,0,0,0,0,11
plan_declaration,graph_chain,1,0,3,1055,0,0,0,0,1
plan_validation_freeze,graph_chain,1,0,3,1741,0,0,0,0,11
plan_declaration,graph_chain,1,0,4,1018,0,0,0,0,1
plan_validation_freeze,graph_chain,1,0,4,1815,0,0,0,0,11
plan_declaration,graph_chain,1,0,5,1111,0,0,0,0,1
plan_validation_freeze,graph_chain,1,0,5,1888,0,0,0,0,11
plan_declaration,graph_chain,1,0,6,1111,0,0,0,0,1
plan_validation_freeze,graph_chain,1,0,6,1759,0,0,0,0,11
plan_declaration,graph_chain,1,0,7,1092,0,0,0,0,1
plan_validation_freeze,graph_chain,1,0,7,1852,0,0,0,0,11
plan_declaration,graph_chain,1,0,8,1278,0,0,0,0,1
plan_validation_freeze,graph_chain,1,0,8,1852,0,0,0,0,11
plan_declaration,graph_chain,1,0,9,1241,0,0,0,0,1
plan_validation_freeze,graph_chain,1,0,9,1834,0,0,0,0,11
plan_declaration,graph_chain,1,0,10,1315,0,0,0,0,1
plan_validation_freeze,graph_chain,1,0,10,1889,0,0,0,0,11
plan_declaration,graph_chain,1,0,11,1223,0,0,0,0,1
plan_validation_freeze,graph_chain,1,0,11,1851,0,0,0,0,11
plan_declaration,graph_chain,1,0,12,1222,0,0,0,0,1
plan_validation_freeze,graph_chain,1,0,12,1852,0,0,0,0,11
plan_declaration,graph_chain,1,0,13,1204,0,0,0,0,1
plan_validation_freeze,graph_chain,1,0,13,1760,0,0,0,0,11
plan_declaration,graph_chain,1,0,14,1148,0,0,0,0,1
plan_validation_freeze,graph_chain,1,0,14,1778,0,0,0,0,11
plan_declaration,graph_chain,1,0,15,1185,0,0,0,0,1
plan_validation_freeze,graph_chain,1,0,15,1871,0,0,0,0,11
plan_declaration,graph_chain,1,0,16,1185,0,0,0,0,1
plan_validation_freeze,graph_chain,1,0,16,1759,0,0,0,0,11
plan_declaration,graph_chain,1,0,17,1167,0,0,0,0,1
plan_validation_freeze,graph_chain,1,0,17,1704,0,0,0,0,11
plan_declaration,graph_chain,1,0,18,1166,0,0,0,0,1
plan_validation_freeze,graph_chain,1,0,18,1834,0,0,0,0,11
plan_declaration,graph_chain,1,0,19,1204,0,0,0,0,1
plan_validation_freeze,graph_chain,1,0,19,1722,0,0,0,0,11
plan_declaration_alloc,graph_chain,1,0,0,0,16,2178,0,0,1
plan_validation_freeze_alloc,graph_chain,1,0,0,0,20,4584,0,0,11
engine_execution,graph_chain,1,0,0,11000,0,0,0,0,1
engine_execution,graph_chain,1,0,1,11445,0,0,0,0,0
engine_execution,graph_chain,1,0,2,11203,0,0,0,0,3
engine_execution,graph_chain,1,0,3,10981,0,0,0,0,2
engine_execution,graph_chain,1,0,4,11185,0,0,0,0,5
engine_execution,graph_chain,1,0,5,11297,0,0,0,0,4
engine_execution,graph_chain,1,0,6,10537,0,0,0,0,7
engine_execution,graph_chain,1,0,7,11444,0,0,0,0,6
engine_execution,graph_chain,1,0,8,11297,0,0,0,0,9
engine_execution,graph_chain,1,0,9,11481,0,0,0,0,8
engine_execution,graph_chain,1,0,10,11500,0,0,0,0,11
engine_execution,graph_chain,1,0,11,11686,0,0,0,0,10
engine_execution,graph_chain,1,0,12,11259,0,0,0,0,13
engine_execution,graph_chain,1,0,13,11537,0,0,0,0,12
engine_execution,graph_chain,1,0,14,11129,0,0,0,0,15
engine_execution,graph_chain,1,0,15,11222,0,0,0,0,14
engine_execution,graph_chain,1,0,16,11371,0,0,0,0,17
engine_execution,graph_chain,1,0,17,11204,0,0,0,0,16
engine_execution,graph_chain,1,0,18,10926,0,0,0,0,19
engine_execution,graph_chain,1,0,19,11000,0,0,0,0,18
engine_execution,graph_chain,1,0,20,10741,0,0,0,0,21
engine_execution,graph_chain,1,0,21,10852,0,0,0,0,20
engine_execution,graph_chain,1,0,22,11222,0,0,0,0,23
engine_execution,graph_chain,1,0,23,11204,0,0,0,0,22
engine_execution,graph_chain,1,0,24,11129,0,0,0,0,25
engine_execution,graph_chain,1,0,25,11000,0,0,0,0,24
engine_execution,graph_chain,1,0,26,10926,0,0,0,0,27
engine_execution,graph_chain,1,0,27,10870,0,0,0,0,26
engine_execution,graph_chain,1,0,28,11277,0,0,0,0,29
engine_execution,graph_chain,1,0,29,10871,0,0,0,0,28
engine_execution,graph_chain,1,0,30,11130,0,0,0,0,31
engine_execution,graph_chain,1,0,31,11203,0,0,0,0,30
engine_execution,graph_chain,1,0,32,11149,0,0,0,0,33
engine_execution,graph_chain,1,0,33,10981,0,0,0,0,32
engine_execution,graph_chain,1,0,34,11000,0,0,0,0,35
engine_execution,graph_chain,1,0,35,11000,0,0,0,0,34
engine_execution,graph_chain,1,0,36,10796,0,0,0,0,37
engine_execution,graph_chain,1,0,37,11130,0,0,0,0,36
engine_execution,graph_chain,1,0,38,10889,0,0,0,0,39
engine_execution,graph_chain,1,0,39,10981,0,0,0,0,38
engine_execution_alloc,graph_chain,1,0,0,0,102,11796,0,0,23131
machine_state_setup,graph_chain,1,0,0,537,0,0,0,0,1
body_state_setup,graph_chain,1,0,0,444,0,0,0,0,0
machine_state_setup,graph_chain,1,0,1,407,0,0,0,0,1
body_state_setup,graph_chain,1,0,1,370,0,0,0,0,0
machine_state_setup,graph_chain,1,0,2,352,0,0,0,0,1
body_state_setup,graph_chain,1,0,2,500,0,0,0,0,0
machine_state_setup,graph_chain,1,0,3,352,0,0,0,0,1
body_state_setup,graph_chain,1,0,3,371,0,0,0,0,0
machine_state_setup,graph_chain,1,0,4,333,0,0,0,0,1
body_state_setup,graph_chain,1,0,4,426,0,0,0,0,0
machine_state_setup,graph_chain,1,0,5,334,0,0,0,0,1
body_state_setup,graph_chain,1,0,5,333,0,0,0,0,0
machine_state_setup,graph_chain,1,0,6,333,0,0,0,0,1
body_state_setup,graph_chain,1,0,6,334,0,0,0,0,0
machine_state_setup,graph_chain,1,0,7,333,0,0,0,0,1
body_state_setup,graph_chain,1,0,7,611,0,0,0,0,0
machine_state_setup,graph_chain,1,0,8,334,0,0,0,0,1
body_state_setup,graph_chain,1,0,8,407,0,0,0,0,0
machine_state_setup,graph_chain,1,0,9,334,0,0,0,0,1
body_state_setup,graph_chain,1,0,9,407,0,0,0,0,0
machine_state_setup,graph_chain,1,0,10,408,0,0,0,0,1
body_state_setup,graph_chain,1,0,10,371,0,0,0,0,0
machine_state_setup,graph_chain,1,0,11,352,0,0,0,0,1
body_state_setup,graph_chain,1,0,11,426,0,0,0,0,0
machine_state_setup,graph_chain,1,0,12,389,0,0,0,0,1
body_state_setup,graph_chain,1,0,12,389,0,0,0,0,0
machine_state_setup,graph_chain,1,0,13,407,0,0,0,0,1
body_state_setup,graph_chain,1,0,13,370,0,0,0,0,0
machine_state_setup,graph_chain,1,0,14,352,0,0,0,0,1
body_state_setup,graph_chain,1,0,14,333,0,0,0,0,0
machine_state_setup,graph_chain,1,0,15,334,0,0,0,0,1
body_state_setup,graph_chain,1,0,15,407,0,0,0,0,0
machine_state_setup,graph_chain,1,0,16,315,0,0,0,0,1
body_state_setup,graph_chain,1,0,16,408,0,0,0,0,0
machine_state_setup,graph_chain,1,0,17,407,0,0,0,0,1
body_state_setup,graph_chain,1,0,17,370,0,0,0,0,0
machine_state_setup,graph_chain,1,0,18,333,0,0,0,0,1
body_state_setup,graph_chain,1,0,18,370,0,0,0,0,0
machine_state_setup,graph_chain,1,0,19,333,0,0,0,0,1
body_state_setup,graph_chain,1,0,19,408,0,0,0,0,0
machine_state_setup,graph_chain,1,0,20,389,0,0,0,0,1
body_state_setup,graph_chain,1,0,20,352,0,0,0,0,0
machine_state_setup,graph_chain,1,0,21,333,0,0,0,0,1
body_state_setup,graph_chain,1,0,21,352,0,0,0,0,0
machine_state_setup,graph_chain,1,0,22,315,0,0,0,0,1
body_state_setup,graph_chain,1,0,22,426,0,0,0,0,0
machine_state_setup,graph_chain,1,0,23,370,0,0,0,0,1
body_state_setup,graph_chain,1,0,23,371,0,0,0,0,0
machine_state_setup,graph_chain,1,0,24,334,0,0,0,0,1
body_state_setup,graph_chain,1,0,24,352,0,0,0,0,0
machine_state_setup,graph_chain,1,0,25,333,0,0,0,0,1
body_state_setup,graph_chain,1,0,25,407,0,0,0,0,0
machine_state_setup,graph_chain,1,0,26,370,0,0,0,0,1
body_state_setup,graph_chain,1,0,26,352,0,0,0,0,0
machine_state_setup,graph_chain,1,0,27,333,0,0,0,0,1
body_state_setup,graph_chain,1,0,27,352,0,0,0,0,0
machine_state_setup,graph_chain,1,0,28,333,0,0,0,0,1
body_state_setup,graph_chain,1,0,28,407,0,0,0,0,0
machine_state_setup,graph_chain,1,0,29,407,0,0,0,0,1
body_state_setup,graph_chain,1,0,29,351,0,0,0,0,0
machine_state_setup,graph_chain,1,0,30,352,0,0,0,0,1
body_state_setup,graph_chain,1,0,30,352,0,0,0,0,0
machine_state_setup,graph_chain,1,0,31,334,0,0,0,0,1
body_state_setup,graph_chain,1,0,31,426,0,0,0,0,0
machine_state_setup,graph_chain,1,0,32,352,0,0,0,0,1
body_state_setup,graph_chain,1,0,32,370,0,0,0,0,0
machine_state_setup,graph_chain,1,0,33,333,0,0,0,0,1
body_state_setup,graph_chain,1,0,33,352,0,0,0,0,0
machine_state_setup,graph_chain,1,0,34,333,0,0,0,0,1
body_state_setup,graph_chain,1,0,34,389,0,0,0,0,0
machine_state_setup,graph_chain,1,0,35,352,0,0,0,0,1
body_state_setup,graph_chain,1,0,35,389,0,0,0,0,0
machine_state_setup,graph_chain,1,0,36,333,0,0,0,0,1
body_state_setup,graph_chain,1,0,36,371,0,0,0,0,0
machine_state_setup,graph_chain,1,0,37,334,0,0,0,0,1
body_state_setup,graph_chain,1,0,37,352,0,0,0,0,0
machine_state_setup,graph_chain,1,0,38,370,0,0,0,0,1
body_state_setup,graph_chain,1,0,38,407,0,0,0,0,0
machine_state_setup,graph_chain,1,0,39,333,0,0,0,0,1
body_state_setup,graph_chain,1,0,39,388,0,0,0,0,0
pure_machine_events_preseeded,graph_chain,1,0,0,4352,0,0,0,0,1
pure_machine_events_preseeded,graph_chain,1,0,1,2130,0,0,0,0,1
pure_machine_events_preseeded,graph_chain,1,0,2,1870,0,0,0,0,1
pure_machine_events_preseeded,graph_chain,1,0,3,1833,0,0,0,0,1
pure_machine_events_preseeded,graph_chain,1,0,4,1778,0,0,0,0,1
pure_machine_events_preseeded,graph_chain,1,0,5,1796,0,0,0,0,1
pure_machine_events_preseeded,graph_chain,1,0,6,1778,0,0,0,0,1
pure_machine_events_preseeded,graph_chain,1,0,7,1760,0,0,0,0,1
pure_machine_events_preseeded,graph_chain,1,0,8,1778,0,0,0,0,1
pure_machine_events_preseeded,graph_chain,1,0,9,1741,0,0,0,0,1
pure_machine_events_preseeded,graph_chain,1,0,10,1778,0,0,0,0,1
pure_machine_events_preseeded,graph_chain,1,0,11,1778,0,0,0,0,1
pure_machine_events_preseeded,graph_chain,1,0,12,1796,0,0,0,0,1
pure_machine_events_preseeded,graph_chain,1,0,13,2018,0,0,0,0,1
pure_machine_events_preseeded,graph_chain,1,0,14,1760,0,0,0,0,1
pure_machine_events_preseeded,graph_chain,1,0,15,1833,0,0,0,0,1
pure_machine_events_preseeded,graph_chain,1,0,16,1741,0,0,0,0,1
pure_machine_events_preseeded,graph_chain,1,0,17,1741,0,0,0,0,1
pure_machine_events_preseeded,graph_chain,1,0,18,1740,0,0,0,0,1
pure_machine_events_preseeded,graph_chain,1,0,19,1796,0,0,0,0,1
pure_machine_events_preseeded,graph_chain,1,0,20,1778,0,0,0,0,1
pure_machine_events_preseeded,graph_chain,1,0,21,1815,0,0,0,0,1
pure_machine_events_preseeded,graph_chain,1,0,22,1741,0,0,0,0,1
pure_machine_events_preseeded,graph_chain,1,0,23,1760,0,0,0,0,1
pure_machine_events_preseeded,graph_chain,1,0,24,1760,0,0,0,0,1
pure_machine_events_preseeded,graph_chain,1,0,25,1796,0,0,0,0,1
pure_machine_events_preseeded,graph_chain,1,0,26,1740,0,0,0,0,1
pure_machine_events_preseeded,graph_chain,1,0,27,1759,0,0,0,0,1
pure_machine_events_preseeded,graph_chain,1,0,28,1759,0,0,0,0,1
pure_machine_events_preseeded,graph_chain,1,0,29,1778,0,0,0,0,1
pure_machine_events_preseeded,graph_chain,1,0,30,1760,0,0,0,0,1
pure_machine_events_preseeded,graph_chain,1,0,31,1760,0,0,0,0,1
pure_machine_events_preseeded,graph_chain,1,0,32,1778,0,0,0,0,1
pure_machine_events_preseeded,graph_chain,1,0,33,1722,0,0,0,0,1
pure_machine_events_preseeded,graph_chain,1,0,34,1778,0,0,0,0,1
pure_machine_events_preseeded,graph_chain,1,0,35,1759,0,0,0,0,1
pure_machine_events_preseeded,graph_chain,1,0,36,1888,0,0,0,0,1
pure_machine_events_preseeded,graph_chain,1,0,37,1796,0,0,0,0,1
pure_machine_events_preseeded,graph_chain,1,0,38,1778,0,0,0,0,1
pure_machine_events_preseeded,graph_chain,1,0,39,1741,0,0,0,0,1
fixture_generation,graph_wide,1,0,0,278,0,0,0,0,5
fixture_generation,graph_wide,1,0,1,241,0,0,0,0,5
fixture_generation,graph_wide,1,0,2,223,0,0,0,0,5
fixture_generation,graph_wide,1,0,3,204,0,0,0,0,5
fixture_generation,graph_wide,1,0,4,241,0,0,0,0,5
fixture_generation,graph_wide,1,0,5,185,0,0,0,0,5
fixture_generation,graph_wide,1,0,6,407,0,0,0,0,5
fixture_generation,graph_wide,1,0,7,260,0,0,0,0,5
fixture_generation,graph_wide,1,0,8,223,0,0,0,0,5
fixture_generation,graph_wide,1,0,9,259,0,0,0,0,5
fixture_generation,graph_wide,1,0,10,334,0,0,0,0,5
fixture_generation,graph_wide,1,0,11,222,0,0,0,0,5
fixture_generation,graph_wide,1,0,12,222,0,0,0,0,5
fixture_generation,graph_wide,1,0,13,222,0,0,0,0,5
fixture_generation,graph_wide,1,0,14,222,0,0,0,0,5
fixture_generation,graph_wide,1,0,15,222,0,0,0,0,5
fixture_generation,graph_wide,1,0,16,241,0,0,0,0,5
fixture_generation,graph_wide,1,0,17,241,0,0,0,0,5
fixture_generation,graph_wide,1,0,18,259,0,0,0,0,5
fixture_generation,graph_wide,1,0,19,222,0,0,0,0,5
plan_build,graph_wide,1,0,0,5593,0,0,0,0,10
plan_build,graph_wide,1,0,1,2889,0,0,0,0,10
plan_build,graph_wide,1,0,2,2685,0,0,0,0,10
plan_build,graph_wide,1,0,3,2611,0,0,0,0,10
plan_build,graph_wide,1,0,4,2574,0,0,0,0,10
plan_build,graph_wide,1,0,5,2574,0,0,0,0,10
plan_build,graph_wide,1,0,6,2500,0,0,0,0,10
plan_build,graph_wide,1,0,7,2500,0,0,0,0,10
plan_build,graph_wide,1,0,8,2518,0,0,0,0,10
plan_build,graph_wide,1,0,9,2574,0,0,0,0,10
plan_build,graph_wide,1,0,10,2519,0,0,0,0,10
plan_build,graph_wide,1,0,11,2482,0,0,0,0,10
plan_build,graph_wide,1,0,12,2537,0,0,0,0,10
plan_build,graph_wide,1,0,13,2574,0,0,0,0,10
plan_build,graph_wide,1,0,14,2518,0,0,0,0,10
plan_build,graph_wide,1,0,15,2537,0,0,0,0,10
plan_build,graph_wide,1,0,16,2574,0,0,0,0,10
plan_build,graph_wide,1,0,17,2556,0,0,0,0,10
plan_build,graph_wide,1,0,18,2556,0,0,0,0,10
plan_build,graph_wide,1,0,19,2537,0,0,0,0,10
plan_build_alloc,graph_wide,1,0,0,0,36,6760,0,0,10
plan_declaration,graph_wide,1,0,0,1500,0,0,0,0,1
plan_validation_freeze,graph_wide,1,0,0,1815,0,0,0,0,10
plan_declaration,graph_wide,1,0,1,1296,0,0,0,0,1
plan_validation_freeze,graph_wide,1,0,1,1797,0,0,0,0,10
plan_declaration,graph_wide,1,0,2,1185,0,0,0,0,1
plan_validation_freeze,graph_wide,1,0,2,1760,0,0,0,0,10
plan_declaration,graph_wide,1,0,3,1166,0,0,0,0,1
plan_validation_freeze,graph_wide,1,0,3,1778,0,0,0,0,10
plan_declaration,graph_wide,1,0,4,1203,0,0,0,0,1
plan_validation_freeze,graph_wide,1,0,4,1777,0,0,0,0,10
plan_declaration,graph_wide,1,0,5,1241,0,0,0,0,1
plan_validation_freeze,graph_wide,1,0,5,1704,0,0,0,0,10
plan_declaration,graph_wide,1,0,6,1204,0,0,0,0,1
plan_validation_freeze,graph_wide,1,0,6,1685,0,0,0,0,10
plan_declaration,graph_wide,1,0,7,1185,0,0,0,0,1
plan_validation_freeze,graph_wide,1,0,7,1741,0,0,0,0,10
plan_declaration,graph_wide,1,0,8,1167,0,0,0,0,1
plan_validation_freeze,graph_wide,1,0,8,1759,0,0,0,0,10
plan_declaration,graph_wide,1,0,9,1204,0,0,0,0,1
plan_validation_freeze,graph_wide,1,0,9,1740,0,0,0,0,10
plan_declaration,graph_wide,1,0,10,1149,0,0,0,0,1
plan_validation_freeze,graph_wide,1,0,10,1704,0,0,0,0,10
plan_declaration,graph_wide,1,0,11,1185,0,0,0,0,1
plan_validation_freeze,graph_wide,1,0,11,1722,0,0,0,0,10
plan_declaration,graph_wide,1,0,12,1185,0,0,0,0,1
plan_validation_freeze,graph_wide,1,0,12,1759,0,0,0,0,10
plan_declaration,graph_wide,1,0,13,1186,0,0,0,0,1
plan_validation_freeze,graph_wide,1,0,13,1741,0,0,0,0,10
plan_declaration,graph_wide,1,0,14,1167,0,0,0,0,1
plan_validation_freeze,graph_wide,1,0,14,1760,0,0,0,0,10
plan_declaration,graph_wide,1,0,15,1166,0,0,0,0,1
plan_validation_freeze,graph_wide,1,0,15,1778,0,0,0,0,10
plan_declaration,graph_wide,1,0,16,1185,0,0,0,0,1
plan_validation_freeze,graph_wide,1,0,16,1852,0,0,0,0,10
plan_declaration,graph_wide,1,0,17,1167,0,0,0,0,1
plan_validation_freeze,graph_wide,1,0,17,1722,0,0,0,0,10
plan_declaration,graph_wide,1,0,18,1167,0,0,0,0,1
plan_validation_freeze,graph_wide,1,0,18,1722,0,0,0,0,10
plan_declaration,graph_wide,1,0,19,1167,0,0,0,0,1
plan_validation_freeze,graph_wide,1,0,19,1778,0,0,0,0,10
plan_declaration_alloc,graph_wide,1,0,0,0,16,2177,0,0,1
plan_validation_freeze_alloc,graph_wide,1,0,0,0,20,4583,0,0,10
engine_execution,graph_wide,1,0,0,10833,0,0,0,0,1
engine_execution,graph_wide,1,0,1,10648,0,0,0,0,0
engine_execution,graph_wide,1,0,2,11019,0,0,0,0,3
engine_execution,graph_wide,1,0,3,11166,0,0,0,0,2
engine_execution,graph_wide,1,0,4,11278,0,0,0,0,5
engine_execution,graph_wide,1,0,5,11093,0,0,0,0,4
engine_execution,graph_wide,1,0,6,11148,0,0,0,0,7
engine_execution,graph_wide,1,0,7,11185,0,0,0,0,6
engine_execution,graph_wide,1,0,8,10907,0,0,0,0,9
engine_execution,graph_wide,1,0,9,10944,0,0,0,0,8
engine_execution,graph_wide,1,0,10,10907,0,0,0,0,11
engine_execution,graph_wide,1,0,11,10889,0,0,0,0,10
engine_execution,graph_wide,1,0,12,11333,0,0,0,0,13
engine_execution,graph_wide,1,0,13,11407,0,0,0,0,12
engine_execution,graph_wide,1,0,14,11129,0,0,0,0,15
engine_execution,graph_wide,1,0,15,11260,0,0,0,0,14
engine_execution,graph_wide,1,0,16,11185,0,0,0,0,17
engine_execution,graph_wide,1,0,17,10981,0,0,0,0,16
engine_execution,graph_wide,1,0,18,11018,0,0,0,0,19
engine_execution,graph_wide,1,0,19,11611,0,0,0,0,18
engine_execution,graph_wide,1,0,20,11241,0,0,0,0,21
engine_execution,graph_wide,1,0,21,11093,0,0,0,0,20
engine_execution,graph_wide,1,0,22,11241,0,0,0,0,23
engine_execution,graph_wide,1,0,23,11111,0,0,0,0,22
engine_execution,graph_wide,1,0,24,11130,0,0,0,0,25
engine_execution,graph_wide,1,0,25,12389,0,0,0,0,24
engine_execution,graph_wide,1,0,26,11129,0,0,0,0,27
engine_execution,graph_wide,1,0,27,10982,0,0,0,0,26
engine_execution,graph_wide,1,0,28,11074,0,0,0,0,29
engine_execution,graph_wide,1,0,29,11037,0,0,0,0,28
engine_execution,graph_wide,1,0,30,10926,0,0,0,0,31
engine_execution,graph_wide,1,0,31,11481,0,0,0,0,30
engine_execution,graph_wide,1,0,32,10981,0,0,0,0,33
engine_execution,graph_wide,1,0,33,11426,0,0,0,0,32
engine_execution,graph_wide,1,0,34,11259,0,0,0,0,35
engine_execution,graph_wide,1,0,35,11166,0,0,0,0,34
engine_execution,graph_wide,1,0,36,11167,0,0,0,0,37
engine_execution,graph_wide,1,0,37,11481,0,0,0,0,36
engine_execution,graph_wide,1,0,38,11297,0,0,0,0,39
engine_execution,graph_wide,1,0,39,11222,0,0,0,0,38
engine_execution_alloc,graph_wide,1,0,0,0,102,11795,0,0,23131
machine_state_setup,graph_wide,1,0,0,518,0,0,0,0,1
body_state_setup,graph_wide,1,0,0,444,0,0,0,0,0
machine_state_setup,graph_wide,1,0,1,370,0,0,0,0,1
body_state_setup,graph_wide,1,0,1,352,0,0,0,0,0
machine_state_setup,graph_wide,1,0,2,352,0,0,0,0,1
body_state_setup,graph_wide,1,0,2,482,0,0,0,0,0
machine_state_setup,graph_wide,1,0,3,352,0,0,0,0,1
body_state_setup,graph_wide,1,0,3,352,0,0,0,0,0
machine_state_setup,graph_wide,1,0,4,333,0,0,0,0,1
body_state_setup,graph_wide,1,0,4,445,0,0,0,0,0
machine_state_setup,graph_wide,1,0,5,333,0,0,0,0,1
body_state_setup,graph_wide,1,0,5,315,0,0,0,0,0
machine_state_setup,graph_wide,1,0,6,352,0,0,0,0,1
body_state_setup,graph_wide,1,0,6,333,0,0,0,0,0
machine_state_setup,graph_wide,1,0,7,334,0,0,0,0,1
body_state_setup,graph_wide,1,0,7,351,0,0,0,0,0
machine_state_setup,graph_wide,1,0,8,333,0,0,0,0,1
body_state_setup,graph_wide,1,0,8,574,0,0,0,0,0
machine_state_setup,graph_wide,1,0,9,333,0,0,0,0,1
body_state_setup,graph_wide,1,0,9,407,0,0,0,0,0
machine_state_setup,graph_wide,1,0,10,333,0,0,0,0,1
body_state_setup,graph_wide,1,0,10,371,0,0,0,0,0
machine_state_setup,graph_wide,1,0,11,333,0,0,0,0,1
body_state_setup,graph_wide,1,0,11,371,0,0,0,0,0
machine_state_setup,graph_wide,1,0,12,352,0,0,0,0,1
body_state_setup,graph_wide,1,0,12,407,0,0,0,0,0
machine_state_setup,graph_wide,1,0,13,333,0,0,0,0,1
body_state_setup,graph_wide,1,0,13,370,0,0,0,0,0
machine_state_setup,graph_wide,1,0,14,351,0,0,0,0,1
body_state_setup,graph_wide,1,0,14,334,0,0,0,0,0
machine_state_setup,graph_wide,1,0,15,333,0,0,0,0,1
body_state_setup,graph_wide,1,0,15,408,0,0,0,0,0
machine_state_setup,graph_wide,1,0,16,445,0,0,0,0,1
body_state_setup,graph_wide,1,0,16,352,0,0,0,0,0
machine_state_setup,graph_wide,1,0,17,370,0,0,0,0,1
body_state_setup,graph_wide,1,0,17,370,0,0,0,0,0
machine_state_setup,graph_wide,1,0,18,334,0,0,0,0,1
body_state_setup,graph_wide,1,0,18,333,0,0,0,0,0
machine_state_setup,graph_wide,1,0,19,333,0,0,0,0,1
body_state_setup,graph_wide,1,0,19,463,0,0,0,0,0
machine_state_setup,graph_wide,1,0,20,371,0,0,0,0,1
body_state_setup,graph_wide,1,0,20,352,0,0,0,0,0
machine_state_setup,graph_wide,1,0,21,333,0,0,0,0,1
body_state_setup,graph_wide,1,0,21,352,0,0,0,0,0
machine_state_setup,graph_wide,1,0,22,333,0,0,0,0,1
body_state_setup,graph_wide,1,0,22,334,0,0,0,0,0
machine_state_setup,graph_wide,1,0,23,333,0,0,0,0,1
body_state_setup,graph_wide,1,0,23,352,0,0,0,0,0
machine_state_setup,graph_wide,1,0,24,333,0,0,0,0,1
body_state_setup,graph_wide,1,0,24,389,0,0,0,0,0
machine_state_setup,graph_wide,1,0,25,315,0,0,0,0,1
body_state_setup,graph_wide,1,0,25,389,0,0,0,0,0
machine_state_setup,graph_wide,1,0,26,334,0,0,0,0,1
body_state_setup,graph_wide,1,0,26,370,0,0,0,0,0
machine_state_setup,graph_wide,1,0,27,315,0,0,0,0,1
body_state_setup,graph_wide,1,0,27,352,0,0,0,0,0
machine_state_setup,graph_wide,1,0,28,333,0,0,0,0,1
body_state_setup,graph_wide,1,0,28,352,0,0,0,0,0
machine_state_setup,graph_wide,1,0,29,333,0,0,0,0,1
body_state_setup,graph_wide,1,0,29,352,0,0,0,0,0
machine_state_setup,graph_wide,1,0,30,333,0,0,0,0,1
body_state_setup,graph_wide,1,0,30,371,0,0,0,0,0
machine_state_setup,graph_wide,1,0,31,444,0,0,0,0,1
body_state_setup,graph_wide,1,0,31,352,0,0,0,0,0
machine_state_setup,graph_wide,1,0,32,315,0,0,0,0,1
body_state_setup,graph_wide,1,0,32,352,0,0,0,0,0
machine_state_setup,graph_wide,1,0,33,333,0,0,0,0,1
body_state_setup,graph_wide,1,0,33,333,0,0,0,0,0
machine_state_setup,graph_wide,1,0,34,333,0,0,0,0,1
body_state_setup,graph_wide,1,0,34,371,0,0,0,0,0
machine_state_setup,graph_wide,1,0,35,389,0,0,0,0,1
body_state_setup,graph_wide,1,0,35,352,0,0,0,0,0
machine_state_setup,graph_wide,1,0,36,333,0,0,0,0,1
body_state_setup,graph_wide,1,0,36,370,0,0,0,0,0
machine_state_setup,graph_wide,1,0,37,333,0,0,0,0,1
body_state_setup,graph_wide,1,0,37,426,0,0,0,0,0
machine_state_setup,graph_wide,1,0,38,333,0,0,0,0,1
body_state_setup,graph_wide,1,0,38,352,0,0,0,0,0
machine_state_setup,graph_wide,1,0,39,334,0,0,0,0,1
body_state_setup,graph_wide,1,0,39,352,0,0,0,0,0
fixture_generation,graph_sparse,1,0,0,241,0,0,0,0,5
fixture_generation,graph_sparse,1,0,1,204,0,0,0,0,5
fixture_generation,graph_sparse,1,0,2,222,0,0,0,0,5
fixture_generation,graph_sparse,1,0,3,204,0,0,0,0,5
fixture_generation,graph_sparse,1,0,4,241,0,0,0,0,5
fixture_generation,graph_sparse,1,0,5,352,0,0,0,0,5
fixture_generation,graph_sparse,1,0,6,241,0,0,0,0,5
fixture_generation,graph_sparse,1,0,7,222,0,0,0,0,5
fixture_generation,graph_sparse,1,0,8,260,0,0,0,0,5
fixture_generation,graph_sparse,1,0,9,352,0,0,0,0,5
fixture_generation,graph_sparse,1,0,10,222,0,0,0,0,5
fixture_generation,graph_sparse,1,0,11,204,0,0,0,0,5
fixture_generation,graph_sparse,1,0,12,222,0,0,0,0,5
fixture_generation,graph_sparse,1,0,13,223,0,0,0,0,5
fixture_generation,graph_sparse,1,0,14,222,0,0,0,0,5
fixture_generation,graph_sparse,1,0,15,222,0,0,0,0,5
fixture_generation,graph_sparse,1,0,16,260,0,0,0,0,5
fixture_generation,graph_sparse,1,0,17,240,0,0,0,0,5
fixture_generation,graph_sparse,1,0,18,277,0,0,0,0,5
fixture_generation,graph_sparse,1,0,19,241,0,0,0,0,5
plan_build,graph_sparse,1,0,0,4186,0,0,0,0,12
plan_build,graph_sparse,1,0,1,2704,0,0,0,0,12
plan_build,graph_sparse,1,0,2,2741,0,0,0,0,12
plan_build,graph_sparse,1,0,3,2574,0,0,0,0,12
plan_build,graph_sparse,1,0,4,2593,0,0,0,0,12
plan_build,graph_sparse,1,0,5,2834,0,0,0,0,12
plan_build,graph_sparse,1,0,6,2574,0,0,0,0,12
plan_build,graph_sparse,1,0,7,2537,0,0,0,0,12
plan_build,graph_sparse,1,0,8,2575,0,0,0,0,12
plan_build,graph_sparse,1,0,9,2555,0,0,0,0,12
plan_build,graph_sparse,1,0,10,2556,0,0,0,0,12
plan_build,graph_sparse,1,0,11,2611,0,0,0,0,12
plan_build,graph_sparse,1,0,12,2519,0,0,0,0,12
plan_build,graph_sparse,1,0,13,2518,0,0,0,0,12
plan_build,graph_sparse,1,0,14,2537,0,0,0,0,12
plan_build,graph_sparse,1,0,15,2556,0,0,0,0,12
plan_build,graph_sparse,1,0,16,2537,0,0,0,0,12
plan_build,graph_sparse,1,0,17,2630,0,0,0,0,12
plan_build,graph_sparse,1,0,18,2574,0,0,0,0,12
plan_build,graph_sparse,1,0,19,2593,0,0,0,0,12
plan_build_alloc,graph_sparse,1,0,0,0,36,6764,0,0,12
plan_declaration,graph_sparse,1,0,0,1370,0,0,0,0,1
plan_validation_freeze,graph_sparse,1,0,0,1797,0,0,0,0,12
plan_declaration,graph_sparse,1,0,1,1203,0,0,0,0,1
plan_validation_freeze,graph_sparse,1,0,1,1759,0,0,0,0,12
plan_declaration,graph_sparse,1,0,2,1166,0,0,0,0,1
plan_validation_freeze,graph_sparse,1,0,2,1778,0,0,0,0,12
plan_declaration,graph_sparse,1,0,3,1167,0,0,0,0,1
plan_validation_freeze,graph_sparse,1,0,3,1703,0,0,0,0,12
plan_declaration,graph_sparse,1,0,4,8056,0,0,0,0,1
plan_validation_freeze,graph_sparse,1,0,4,2223,0,0,0,0,12
plan_declaration,graph_sparse,1,0,5,1185,0,0,0,0,1
plan_validation_freeze,graph_sparse,1,0,5,1686,0,0,0,0,12
plan_declaration,graph_sparse,1,0,6,1203,0,0,0,0,1
plan_validation_freeze,graph_sparse,1,0,6,1740,0,0,0,0,12
plan_declaration,graph_sparse,1,0,7,1185,0,0,0,0,1
plan_validation_freeze,graph_sparse,1,0,7,1778,0,0,0,0,12
plan_declaration,graph_sparse,1,0,8,1241,0,0,0,0,1
plan_validation_freeze,graph_sparse,1,0,8,1777,0,0,0,0,12
plan_declaration,graph_sparse,1,0,9,1166,0,0,0,0,1
plan_validation_freeze,graph_sparse,1,0,9,1741,0,0,0,0,12
plan_declaration,graph_sparse,1,0,10,1167,0,0,0,0,1
plan_validation_freeze,graph_sparse,1,0,10,1722,0,0,0,0,12
plan_declaration,graph_sparse,1,0,11,1204,0,0,0,0,1
plan_validation_freeze,graph_sparse,1,0,11,1796,0,0,0,0,12
plan_declaration,graph_sparse,1,0,12,1204,0,0,0,0,1
plan_validation_freeze,graph_sparse,1,0,12,1741,0,0,0,0,12
plan_declaration,graph_sparse,1,0,13,1185,0,0,0,0,1
plan_validation_freeze,graph_sparse,1,0,13,1759,0,0,0,0,12
plan_declaration,graph_sparse,1,0,14,1185,0,0,0,0,1
plan_validation_freeze,graph_sparse,1,0,14,1741,0,0,0,0,12
plan_declaration,graph_sparse,1,0,15,1185,0,0,0,0,1
plan_validation_freeze,graph_sparse,1,0,15,1741,0,0,0,0,12
plan_declaration,graph_sparse,1,0,16,1185,0,0,0,0,1
plan_validation_freeze,graph_sparse,1,0,16,1722,0,0,0,0,12
plan_declaration,graph_sparse,1,0,17,1222,0,0,0,0,1
plan_validation_freeze,graph_sparse,1,0,17,1759,0,0,0,0,12
plan_declaration,graph_sparse,1,0,18,1185,0,0,0,0,1
plan_validation_freeze,graph_sparse,1,0,18,1796,0,0,0,0,12
plan_declaration,graph_sparse,1,0,19,1185,0,0,0,0,1
plan_validation_freeze,graph_sparse,1,0,19,1889,0,0,0,0,12
plan_declaration_alloc,graph_sparse,1,0,0,0,16,2179,0,0,1
plan_validation_freeze_alloc,graph_sparse,1,0,0,0,20,4585,0,0,12
engine_execution,graph_sparse,1,0,0,11297,0,0,0,0,1
engine_execution,graph_sparse,1,0,1,11167,0,0,0,0,0
engine_execution,graph_sparse,1,0,2,11074,0,0,0,0,3
engine_execution,graph_sparse,1,0,3,10870,0,0,0,0,2
engine_execution,graph_sparse,1,0,4,11148,0,0,0,0,5
engine_execution,graph_sparse,1,0,5,10944,0,0,0,0,4
engine_execution,graph_sparse,1,0,6,11019,0,0,0,0,7
engine_execution,graph_sparse,1,0,7,10871,0,0,0,0,6
engine_execution,graph_sparse,1,0,8,11185,0,0,0,0,9
engine_execution,graph_sparse,1,0,9,11667,0,0,0,0,8
engine_execution,graph_sparse,1,0,10,11370,0,0,0,0,11
engine_execution,graph_sparse,1,0,11,10945,0,0,0,0,10
engine_execution,graph_sparse,1,0,12,10759,0,0,0,0,13
engine_execution,graph_sparse,1,0,13,10778,0,0,0,0,12
engine_execution,graph_sparse,1,0,14,10889,0,0,0,0,15
engine_execution,graph_sparse,1,0,15,11296,0,0,0,0,14
engine_execution,graph_sparse,1,0,16,11111,0,0,0,0,17
engine_execution,graph_sparse,1,0,17,11037,0,0,0,0,16
engine_execution,graph_sparse,1,0,18,11278,0,0,0,0,19
engine_execution,graph_sparse,1,0,19,11019,0,0,0,0,18
engine_execution,graph_sparse,1,0,20,11037,0,0,0,0,21
engine_execution,graph_sparse,1,0,21,11204,0,0,0,0,20
engine_execution,graph_sparse,1,0,22,10981,0,0,0,0,23
engine_execution,graph_sparse,1,0,23,11389,0,0,0,0,22
engine_execution,graph_sparse,1,0,24,11389,0,0,0,0,25
engine_execution,graph_sparse,1,0,25,11204,0,0,0,0,24
engine_execution,graph_sparse,1,0,26,11389,0,0,0,0,27
engine_execution,graph_sparse,1,0,27,11352,0,0,0,0,26
engine_execution,graph_sparse,1,0,28,11148,0,0,0,0,29
engine_execution,graph_sparse,1,0,29,11111,0,0,0,0,28
engine_execution,graph_sparse,1,0,30,11334,0,0,0,0,31
engine_execution,graph_sparse,1,0,31,11259,0,0,0,0,30
engine_execution,graph_sparse,1,0,32,11148,0,0,0,0,33
engine_execution,graph_sparse,1,0,33,11093,0,0,0,0,32
engine_execution,graph_sparse,1,0,34,11222,0,0,0,0,35
engine_execution,graph_sparse,1,0,35,11185,0,0,0,0,34
engine_execution,graph_sparse,1,0,36,11111,0,0,0,0,37
engine_execution,graph_sparse,1,0,37,11055,0,0,0,0,36
engine_execution,graph_sparse,1,0,38,10871,0,0,0,0,39
engine_execution,graph_sparse,1,0,39,11148,0,0,0,0,38
engine_execution_alloc,graph_sparse,1,0,0,0,102,11797,0,0,23131
machine_state_setup,graph_sparse,1,0,0,519,0,0,0,0,1
body_state_setup,graph_sparse,1,0,0,389,0,0,0,0,0
machine_state_setup,graph_sparse,1,0,1,389,0,0,0,0,1
body_state_setup,graph_sparse,1,0,1,333,0,0,0,0,0
machine_state_setup,graph_sparse,1,0,2,352,0,0,0,0,1
body_state_setup,graph_sparse,1,0,2,482,0,0,0,0,0
machine_state_setup,graph_sparse,1,0,3,333,0,0,0,0,1
body_state_setup,graph_sparse,1,0,3,352,0,0,0,0,0
machine_state_setup,graph_sparse,1,0,4,352,0,0,0,0,1
body_state_setup,graph_sparse,1,0,4,407,0,0,0,0,0
machine_state_setup,graph_sparse,1,0,5,352,0,0,0,0,1
body_state_setup,graph_sparse,1,0,5,352,0,0,0,0,0
machine_state_setup,graph_sparse,1,0,6,371,0,0,0,0,1
body_state_setup,graph_sparse,1,0,6,370,0,0,0,0,0
machine_state_setup,graph_sparse,1,0,7,334,0,0,0,0,1
body_state_setup,graph_sparse,1,0,7,351,0,0,0,0,0
machine_state_setup,graph_sparse,1,0,8,333,0,0,0,0,1
body_state_setup,graph_sparse,1,0,8,556,0,0,0,0,0
machine_state_setup,graph_sparse,1,0,9,352,0,0,0,0,1
body_state_setup,graph_sparse,1,0,9,389,0,0,0,0,0
machine_state_setup,graph_sparse,1,0,10,407,0,0,0,0,1
body_state_setup,graph_sparse,1,0,10,481,0,0,0,0,0
machine_state_setup,graph_sparse,1,0,11,388,0,0,0,0,1
body_state_setup,graph_sparse,1,0,11,388,0,0,0,0,0
machine_state_setup,graph_sparse,1,0,12,352,0,0,0,0,1
body_state_setup,graph_sparse,1,0,12,389,0,0,0,0,0
machine_state_setup,graph_sparse,1,0,13,334,0,0,0,0,1
body_state_setup,graph_sparse,1,0,13,444,0,0,0,0,0
machine_state_setup,graph_sparse,1,0,14,334,0,0,0,0,1
body_state_setup,graph_sparse,1,0,14,352,0,0,0,0,0
machine_state_setup,graph_sparse,1,0,15,333,0,0,0,0,1
body_state_setup,graph_sparse,1,0,15,352,0,0,0,0,0
machine_state_setup,graph_sparse,1,0,16,333,0,0,0,0,1
body_state_setup,graph_sparse,1,0,16,389,0,0,0,0,0
machine_state_setup,graph_sparse,1,0,17,315,0,0,0,0,1
body_state_setup,graph_sparse,1,0,17,426,0,0,0,0,0
machine_state_setup,graph_sparse,1,0,18,334,0,0,0,0,1
body_state_setup,graph_sparse,1,0,18,370,0,0,0,0,0
machine_state_setup,graph_sparse,1,0,19,315,0,0,0,0,1
body_state_setup,graph_sparse,1,0,19,352,0,0,0,0,0
machine_state_setup,graph_sparse,1,0,20,333,0,0,0,0,1
body_state_setup,graph_sparse,1,0,20,352,0,0,0,0,0
machine_state_setup,graph_sparse,1,0,21,334,0,0,0,0,1
body_state_setup,graph_sparse,1,0,21,389,0,0,0,0,0
machine_state_setup,graph_sparse,1,0,22,463,0,0,0,0,1
body_state_setup,graph_sparse,1,0,22,333,0,0,0,0,0
machine_state_setup,graph_sparse,1,0,23,333,0,0,0,0,1
body_state_setup,graph_sparse,1,0,23,352,0,0,0,0,0
machine_state_setup,graph_sparse,1,0,24,334,0,0,0,0,1
body_state_setup,graph_sparse,1,0,24,352,0,0,0,0,0
machine_state_setup,graph_sparse,1,0,25,333,0,0,0,0,1
body_state_setup,graph_sparse,1,0,25,370,0,0,0,0,0
machine_state_setup,graph_sparse,1,0,26,370,0,0,0,0,1
body_state_setup,graph_sparse,1,0,26,351,0,0,0,0,0
machine_state_setup,graph_sparse,1,0,27,334,0,0,0,0,1
body_state_setup,graph_sparse,1,0,27,389,0,0,0,0,0
machine_state_setup,graph_sparse,1,0,28,315,0,0,0,0,1
body_state_setup,graph_sparse,1,0,28,426,0,0,0,0,0
machine_state_setup,graph_sparse,1,0,29,333,0,0,0,0,1
body_state_setup,graph_sparse,1,0,29,352,0,0,0,0,0
machine_state_setup,graph_sparse,1,0,30,333,0,0,0,0,1
body_state_setup,graph_sparse,1,0,30,333,0,0,0,0,0
machine_state_setup,graph_sparse,1,0,31,334,0,0,0,0,1
body_state_setup,graph_sparse,1,0,31,352,0,0,0,0,0
machine_state_setup,graph_sparse,1,0,32,333,0,0,0,0,1
body_state_setup,graph_sparse,1,0,32,352,0,0,0,0,0
machine_state_setup,graph_sparse,1,0,33,333,0,0,0,0,1
body_state_setup,graph_sparse,1,0,33,334,0,0,0,0,0
machine_state_setup,graph_sparse,1,0,34,333,0,0,0,0,1
body_state_setup,graph_sparse,1,0,34,352,0,0,0,0,0
machine_state_setup,graph_sparse,1,0,35,334,0,0,0,0,1
body_state_setup,graph_sparse,1,0,35,351,0,0,0,0,0
machine_state_setup,graph_sparse,1,0,36,333,0,0,0,0,1
body_state_setup,graph_sparse,1,0,36,389,0,0,0,0,0
machine_state_setup,graph_sparse,1,0,37,407,0,0,0,0,1
body_state_setup,graph_sparse,1,0,37,334,0,0,0,0,0
machine_state_setup,graph_sparse,1,0,38,333,0,0,0,0,1
body_state_setup,graph_sparse,1,0,38,334,0,0,0,0,0
machine_state_setup,graph_sparse,1,0,39,333,0,0,0,0,1
body_state_setup,graph_sparse,1,0,39,352,0,0,0,0,0
fixture_generation,graph_chain,10,9,0,1408,0,0,0,0,50
fixture_generation,graph_chain,10,9,1,1352,0,0,0,0,50
fixture_generation,graph_chain,10,9,2,1445,0,0,0,0,50
fixture_generation,graph_chain,10,9,3,1315,0,0,0,0,50
fixture_generation,graph_chain,10,9,4,1352,0,0,0,0,50
fixture_generation,graph_chain,10,9,5,1296,0,0,0,0,50
fixture_generation,graph_chain,10,9,6,1297,0,0,0,0,50
fixture_generation,graph_chain,10,9,7,1278,0,0,0,0,50
fixture_generation,graph_chain,10,9,8,1315,0,0,0,0,50
fixture_generation,graph_chain,10,9,9,1297,0,0,0,0,50
fixture_generation,graph_chain,10,9,10,1297,0,0,0,0,50
fixture_generation,graph_chain,10,9,11,1315,0,0,0,0,50
fixture_generation,graph_chain,10,9,12,1463,0,0,0,0,50
fixture_generation,graph_chain,10,9,13,1296,0,0,0,0,50
fixture_generation,graph_chain,10,9,14,1296,0,0,0,0,50
fixture_generation,graph_chain,10,9,15,1296,0,0,0,0,50
fixture_generation,graph_chain,10,9,16,1296,0,0,0,0,50
fixture_generation,graph_chain,10,9,17,1277,0,0,0,0,50
fixture_generation,graph_chain,10,9,18,1278,0,0,0,0,50
fixture_generation,graph_chain,10,9,19,1297,0,0,0,0,50
plan_build,graph_chain,10,9,0,18963,0,0,0,0,11
plan_build,graph_chain,10,9,1,15334,0,0,0,0,11
plan_build,graph_chain,10,9,2,14518,0,0,0,0,11
plan_build,graph_chain,10,9,3,14388,0,0,0,0,11
plan_build,graph_chain,10,9,4,14481,0,0,0,0,11
plan_build,graph_chain,10,9,5,14056,0,0,0,0,11
plan_build,graph_chain,10,9,6,14352,0,0,0,0,11
plan_build,graph_chain,10,9,7,13945,0,0,0,0,11
plan_build,graph_chain,10,9,8,14092,0,0,0,0,11
plan_build,graph_chain,10,9,9,13926,0,0,0,0,11
plan_build,graph_chain,10,9,10,13815,0,0,0,0,11
plan_build,graph_chain,10,9,11,13519,0,0,0,0,11
plan_build,graph_chain,10,9,12,13870,0,0,0,0,11
plan_build,graph_chain,10,9,13,13703,0,0,0,0,11
plan_build,graph_chain,10,9,14,13778,0,0,0,0,11
plan_build,graph_chain,10,9,15,13426,0,0,0,0,11
plan_build,graph_chain,10,9,16,13463,0,0,0,0,11
plan_build,graph_chain,10,9,17,13056,0,0,0,0,11
plan_build,graph_chain,10,9,18,13240,0,0,0,0,11
plan_build,graph_chain,10,9,19,13667,0,0,0,0,11
plan_build_alloc,graph_chain,10,9,0,0,162,35553,0,0,11
plan_declaration,graph_chain,10,9,0,6630,0,0,0,0,10
plan_validation_freeze,graph_chain,10,9,0,8555,0,0,0,0,11
plan_declaration,graph_chain,10,9,1,6278,0,0,0,0,10
plan_validation_freeze,graph_chain,10,9,1,8333,0,0,0,0,11
plan_declaration,graph_chain,10,9,2,6426,0,0,0,0,10
plan_validation_freeze,graph_chain,10,9,2,8500,0,0,0,0,11
plan_declaration,graph_chain,10,9,3,6370,0,0,0,0,10
plan_validation_freeze,graph_chain,10,9,3,8296,0,0,0,0,11
plan_declaration,graph_chain,10,9,4,6351,0,0,0,0,10
plan_validation_freeze,graph_chain,10,9,4,8296,0,0,0,0,11
plan_declaration,graph_chain,10,9,5,6648,0,0,0,0,10
plan_validation_freeze,graph_chain,10,9,5,8500,0,0,0,0,11
plan_declaration,graph_chain,10,9,6,6334,0,0,0,0,10
plan_validation_freeze,graph_chain,10,9,6,8222,0,0,0,0,11
plan_declaration,graph_chain,10,9,7,6371,0,0,0,0,10
plan_validation_freeze,graph_chain,10,9,7,8333,0,0,0,0,11
plan_declaration,graph_chain,10,9,8,6370,0,0,0,0,10
plan_validation_freeze,graph_chain,10,9,8,8389,0,0,0,0,11
plan_declaration,graph_chain,10,9,9,6296,0,0,0,0,10
plan_validation_freeze,graph_chain,10,9,9,8315,0,0,0,0,11
plan_declaration,graph_chain,10,9,10,6333,0,0,0,0,10
plan_validation_freeze,graph_chain,10,9,10,8352,0,0,0,0,11
plan_declaration,graph_chain,10,9,11,6371,0,0,0,0,10
plan_validation_freeze,graph_chain,10,9,11,8408,0,0,0,0,11
plan_declaration,graph_chain,10,9,12,6185,0,0,0,0,10
plan_validation_freeze,graph_chain,10,9,12,8351,0,0,0,0,11
plan_declaration,graph_chain,10,9,13,6203,0,0,0,0,10
plan_validation_freeze,graph_chain,10,9,13,8296,0,0,0,0,11
plan_declaration,graph_chain,10,9,14,6259,0,0,0,0,10
plan_validation_freeze,graph_chain,10,9,14,8407,0,0,0,0,11
plan_declaration,graph_chain,10,9,15,6204,0,0,0,0,10
plan_validation_freeze,graph_chain,10,9,15,8352,0,0,0,0,11
plan_declaration,graph_chain,10,9,16,6167,0,0,0,0,10
plan_validation_freeze,graph_chain,10,9,16,8204,0,0,0,0,11
plan_declaration,graph_chain,10,9,17,6167,0,0,0,0,10
plan_validation_freeze,graph_chain,10,9,17,8130,0,0,0,0,11
plan_declaration,graph_chain,10,9,18,6148,0,0,0,0,10
plan_validation_freeze,graph_chain,10,9,18,8148,0,0,0,0,11
plan_declaration,graph_chain,10,9,19,6204,0,0,0,0,10
plan_validation_freeze,graph_chain,10,9,19,8259,0,0,0,0,11
plan_declaration_alloc,graph_chain,10,9,0,0,71,14196,0,0,10
plan_validation_freeze_alloc,graph_chain,10,9,0,0,91,21357,0,0,11
engine_execution,graph_chain,10,9,0,63722,0,0,0,0,0
engine_execution,graph_chain,10,9,1,64241,0,0,0,0,1
engine_execution,graph_chain,10,9,2,63926,0,0,0,0,2
engine_execution,graph_chain,10,9,3,64666,0,0,0,0,3
engine_execution,graph_chain,10,9,4,63518,0,0,0,0,4
engine_execution,graph_chain,10,9,5,63482,0,0,0,0,5
engine_execution,graph_chain,10,9,6,63371,0,0,0,0,6
engine_execution,graph_chain,10,9,7,63000,0,0,0,0,7
engine_execution,graph_chain,10,9,8,64408,0,0,0,0,8
engine_execution,graph_chain,10,9,9,63648,0,0,0,0,9
engine_execution,graph_chain,10,9,10,63537,0,0,0,0,10
engine_execution,graph_chain,10,9,11,63815,0,0,0,0,11
engine_execution,graph_chain,10,9,12,63611,0,0,0,0,12
engine_execution,graph_chain,10,9,13,63297,0,0,0,0,13
engine_execution,graph_chain,10,9,14,63853,0,0,0,0,14
engine_execution,graph_chain,10,9,15,63092,0,0,0,0,15
engine_execution,graph_chain,10,9,16,63723,0,0,0,0,16
engine_execution,graph_chain,10,9,17,63685,0,0,0,0,17
engine_execution,graph_chain,10,9,18,63519,0,0,0,0,18
engine_execution,graph_chain,10,9,19,63871,0,0,0,0,19
engine_execution,graph_chain,10,9,20,63333,0,0,0,0,20
engine_execution,graph_chain,10,9,21,62760,0,0,0,0,21
engine_execution,graph_chain,10,9,22,63556,0,0,0,0,22
engine_execution,graph_chain,10,9,23,63167,0,0,0,0,23
engine_execution,graph_chain,10,9,24,63185,0,0,0,0,24
engine_execution,graph_chain,10,9,25,63260,0,0,0,0,25
engine_execution,graph_chain,10,9,26,62611,0,0,0,0,26
engine_execution,graph_chain,10,9,27,62611,0,0,0,0,27
engine_execution,graph_chain,10,9,28,63038,0,0,0,0,28
engine_execution,graph_chain,10,9,29,63204,0,0,0,0,29
engine_execution,graph_chain,10,9,30,63259,0,0,0,0,30
engine_execution,graph_chain,10,9,31,62759,0,0,0,0,31
engine_execution,graph_chain,10,9,32,68112,0,0,0,0,32
engine_execution,graph_chain,10,9,33,62704,0,0,0,0,33
engine_execution,graph_chain,10,9,34,62963,0,0,0,0,34
engine_execution,graph_chain,10,9,35,62908,0,0,0,0,35
engine_execution,graph_chain,10,9,36,62852,0,0,0,0,36
engine_execution,graph_chain,10,9,37,63371,0,0,0,0,37
engine_execution,graph_chain,10,9,38,63167,0,0,0,0,38
engine_execution,graph_chain,10,9,39,63463,0,0,0,0,39
engine_execution_alloc,graph_chain,10,9,0,0,575,47080,0,0,23130
machine_state_setup,graph_chain,10,9,0,4704,0,0,0,0,10
body_state_setup,graph_chain,10,9,0,462,0,0,0,0,0
machine_state_setup,graph_chain,10,9,1,1888,0,0,0,0,10
body_state_setup,graph_chain,10,9,1,389,0,0,0,0,0
machine_state_setup,graph_chain,10,9,2,1851,0,0,0,0,10
body_state_setup,graph_chain,10,9,2,389,0,0,0,0,0
machine_state_setup,graph_chain,10,9,3,1889,0,0,0,0,10
body_state_setup,graph_chain,10,9,3,352,0,0,0,0,0
machine_state_setup,graph_chain,10,9,4,1907,0,0,0,0,10
body_state_setup,graph_chain,10,9,4,333,0,0,0,0,0
machine_state_setup,graph_chain,10,9,5,1796,0,0,0,0,10
body_state_setup,graph_chain,10,9,5,333,0,0,0,0,0
machine_state_setup,graph_chain,10,9,6,1833,0,0,0,0,10
body_state_setup,graph_chain,10,9,6,333,0,0,0,0,0
machine_state_setup,graph_chain,10,9,7,1852,0,0,0,0,10
body_state_setup,graph_chain,10,9,7,333,0,0,0,0,0
machine_state_setup,graph_chain,10,9,8,1759,0,0,0,0,10
body_state_setup,graph_chain,10,9,8,315,0,0,0,0,0
machine_state_setup,graph_chain,10,9,9,1778,0,0,0,0,10
body_state_setup,graph_chain,10,9,9,352,0,0,0,0,0
machine_state_setup,graph_chain,10,9,10,1852,0,0,0,0,10
body_state_setup,graph_chain,10,9,10,333,0,0,0,0,0
machine_state_setup,graph_chain,10,9,11,1741,0,0,0,0,10
body_state_setup,graph_chain,10,9,11,334,0,0,0,0,0
machine_state_setup,graph_chain,10,9,12,1777,0,0,0,0,10
body_state_setup,graph_chain,10,9,12,315,0,0,0,0,0
machine_state_setup,graph_chain,10,9,13,1852,0,0,0,0,10
body_state_setup,graph_chain,10,9,13,352,0,0,0,0,0
machine_state_setup,graph_chain,10,9,14,1741,0,0,0,0,10
body_state_setup,graph_chain,10,9,14,333,0,0,0,0,0
machine_state_setup,graph_chain,10,9,15,1722,0,0,0,0,10
body_state_setup,graph_chain,10,9,15,352,0,0,0,0,0
machine_state_setup,graph_chain,10,9,16,1778,0,0,0,0,10
body_state_setup,graph_chain,10,9,16,315,0,0,0,0,0
machine_state_setup,graph_chain,10,9,17,1741,0,0,0,0,10
body_state_setup,graph_chain,10,9,17,315,0,0,0,0,0
machine_state_setup,graph_chain,10,9,18,1667,0,0,0,0,10
body_state_setup,graph_chain,10,9,18,333,0,0,0,0,0
machine_state_setup,graph_chain,10,9,19,1704,0,0,0,0,10
body_state_setup,graph_chain,10,9,19,352,0,0,0,0,0
machine_state_setup,graph_chain,10,9,20,1704,0,0,0,0,10
body_state_setup,graph_chain,10,9,20,333,0,0,0,0,0
machine_state_setup,graph_chain,10,9,21,1667,0,0,0,0,10
body_state_setup,graph_chain,10,9,21,314,0,0,0,0,0
machine_state_setup,graph_chain,10,9,22,1778,0,0,0,0,10
body_state_setup,graph_chain,10,9,22,334,0,0,0,0,0
machine_state_setup,graph_chain,10,9,23,1833,0,0,0,0,10
body_state_setup,graph_chain,10,9,23,314,0,0,0,0,0
machine_state_setup,graph_chain,10,9,24,1666,0,0,0,0,10
body_state_setup,graph_chain,10,9,24,333,0,0,0,0,0
machine_state_setup,graph_chain,10,9,25,1704,0,0,0,0,10
body_state_setup,graph_chain,10,9,25,333,0,0,0,0,0
machine_state_setup,graph_chain,10,9,26,1778,0,0,0,0,10
body_state_setup,graph_chain,10,9,26,371,0,0,0,0,0
machine_state_setup,graph_chain,10,9,27,1852,0,0,0,0,10
body_state_setup,graph_chain,10,9,27,333,0,0,0,0,0
machine_state_setup,graph_chain,10,9,28,1685,0,0,0,0,10
body_state_setup,graph_chain,10,9,28,352,0,0,0,0,0
machine_state_setup,graph_chain,10,9,29,1648,0,0,0,0,10
body_state_setup,graph_chain,10,9,29,352,0,0,0,0,0
machine_state_setup,graph_chain,10,9,30,1760,0,0,0,0,10
body_state_setup,graph_chain,10,9,30,315,0,0,0,0,0
machine_state_setup,graph_chain,10,9,31,1814,0,0,0,0,10
body_state_setup,graph_chain,10,9,31,314,0,0,0,0,0
machine_state_setup,graph_chain,10,9,32,1685,0,0,0,0,10
body_state_setup,graph_chain,10,9,32,315,0,0,0,0,0
machine_state_setup,graph_chain,10,9,33,1685,0,0,0,0,10
body_state_setup,graph_chain,10,9,33,315,0,0,0,0,0
machine_state_setup,graph_chain,10,9,34,1778,0,0,0,0,10
body_state_setup,graph_chain,10,9,34,333,0,0,0,0,0
machine_state_setup,graph_chain,10,9,35,1814,0,0,0,0,10
body_state_setup,graph_chain,10,9,35,370,0,0,0,0,0
machine_state_setup,graph_chain,10,9,36,1704,0,0,0,0,10
body_state_setup,graph_chain,10,9,36,352,0,0,0,0,0
machine_state_setup,graph_chain,10,9,37,1722,0,0,0,0,10
body_state_setup,graph_chain,10,9,37,334,0,0,0,0,0
machine_state_setup,graph_chain,10,9,38,1722,0,0,0,0,10
body_state_setup,graph_chain,10,9,38,314,0,0,0,0,0
machine_state_setup,graph_chain,10,9,39,1797,0,0,0,0,10
body_state_setup,graph_chain,10,9,39,333,0,0,0,0,0
pure_machine_events_preseeded,graph_chain,10,9,0,17241,0,0,0,0,10
pure_machine_events_preseeded,graph_chain,10,9,1,14389,0,0,0,0,10
pure_machine_events_preseeded,graph_chain,10,9,2,15000,0,0,0,0,10
pure_machine_events_preseeded,graph_chain,10,9,3,15148,0,0,0,0,10
pure_machine_events_preseeded,graph_chain,10,9,4,14204,0,0,0,0,10
pure_machine_events_preseeded,graph_chain,10,9,5,14537,0,0,0,0,10
pure_machine_events_preseeded,graph_chain,10,9,6,14685,0,0,0,0,10
pure_machine_events_preseeded,graph_chain,10,9,7,14889,0,0,0,0,10
pure_machine_events_preseeded,graph_chain,10,9,8,14130,0,0,0,0,10
pure_machine_events_preseeded,graph_chain,10,9,9,14408,0,0,0,0,10
pure_machine_events_preseeded,graph_chain,10,9,10,14667,0,0,0,0,10
pure_machine_events_preseeded,graph_chain,10,9,11,14852,0,0,0,0,10
pure_machine_events_preseeded,graph_chain,10,9,12,14056,0,0,0,0,10
pure_machine_events_preseeded,graph_chain,10,9,13,14407,0,0,0,0,10
pure_machine_events_preseeded,graph_chain,10,9,14,14667,0,0,0,0,10
pure_machine_events_preseeded,graph_chain,10,9,15,14907,0,0,0,0,10
pure_machine_events_preseeded,graph_chain,10,9,16,14000,0,0,0,0,10
pure_machine_events_preseeded,graph_chain,10,9,17,14500,0,0,0,0,10
pure_machine_events_preseeded,graph_chain,10,9,18,14722,0,0,0,0,10
pure_machine_events_preseeded,graph_chain,10,9,19,14834,0,0,0,0,10
pure_machine_events_preseeded,graph_chain,10,9,20,14018,0,0,0,0,10
pure_machine_events_preseeded,graph_chain,10,9,21,14519,0,0,0,0,10
pure_machine_events_preseeded,graph_chain,10,9,22,14648,0,0,0,0,10
pure_machine_events_preseeded,graph_chain,10,9,23,14852,0,0,0,0,10
pure_machine_events_preseeded,graph_chain,10,9,24,13963,0,0,0,0,10
pure_machine_events_preseeded,graph_chain,10,9,25,14408,0,0,0,0,10
pure_machine_events_preseeded,graph_chain,10,9,26,14593,0,0,0,0,10
pure_machine_events_preseeded,graph_chain,10,9,27,14889,0,0,0,0,10
pure_machine_events_preseeded,graph_chain,10,9,28,14537,0,0,0,0,10
pure_machine_events_preseeded,graph_chain,10,9,29,14648,0,0,0,0,10
pure_machine_events_preseeded,graph_chain,10,9,30,14833,0,0,0,0,10
pure_machine_events_preseeded,graph_chain,10,9,31,14351,0,0,0,0,10
pure_machine_events_preseeded,graph_chain,10,9,32,14648,0,0,0,0,10
pure_machine_events_preseeded,graph_chain,10,9,33,14963,0,0,0,0,10
pure_machine_events_preseeded,graph_chain,10,9,34,14722,0,0,0,0,10
pure_machine_events_preseeded,graph_chain,10,9,35,14907,0,0,0,0,10
pure_machine_events_preseeded,graph_chain,10,9,36,14667,0,0,0,0,10
pure_machine_events_preseeded,graph_chain,10,9,37,14833,0,0,0,0,10
pure_machine_events_preseeded,graph_chain,10,9,38,14926,0,0,0,0,10
pure_machine_events_preseeded,graph_chain,10,9,39,15593,0,0,0,0,10
fixture_generation,graph_wide,10,9,0,1500,0,0,0,0,50
fixture_generation,graph_wide,10,9,1,1352,0,0,0,0,50
fixture_generation,graph_wide,10,9,2,1296,0,0,0,0,50
fixture_generation,graph_wide,10,9,3,1277,0,0,0,0,50
fixture_generation,graph_wide,10,9,4,1297,0,0,0,0,50
fixture_generation,graph_wide,10,9,5,1278,0,0,0,0,50
fixture_generation,graph_wide,10,9,6,1296,0,0,0,0,50
fixture_generation,graph_wide,10,9,7,1278,0,0,0,0,50
fixture_generation,graph_wide,10,9,8,1278,0,0,0,0,50
fixture_generation,graph_wide,10,9,9,1296,0,0,0,0,50
fixture_generation,graph_wide,10,9,10,1278,0,0,0,0,50
fixture_generation,graph_wide,10,9,11,1296,0,0,0,0,50
fixture_generation,graph_wide,10,9,12,1278,0,0,0,0,50
fixture_generation,graph_wide,10,9,13,1296,0,0,0,0,50
fixture_generation,graph_wide,10,9,14,1296,0,0,0,0,50
fixture_generation,graph_wide,10,9,15,1278,0,0,0,0,50
fixture_generation,graph_wide,10,9,16,1278,0,0,0,0,50
fixture_generation,graph_wide,10,9,17,1278,0,0,0,0,50
fixture_generation,graph_wide,10,9,18,1259,0,0,0,0,50
fixture_generation,graph_wide,10,9,19,1297,0,0,0,0,50
plan_build,graph_wide,10,9,0,16870,0,0,0,0,10
plan_build,graph_wide,10,9,1,13519,0,0,0,0,10
plan_build,graph_wide,10,9,2,13185,0,0,0,0,10
plan_build,graph_wide,10,9,3,13167,0,0,0,0,10
plan_build,graph_wide,10,9,4,12981,0,0,0,0,10
plan_build,graph_wide,10,9,5,12704,0,0,0,0,10
plan_build,graph_wide,10,9,6,12778,0,0,0,0,10
plan_build,graph_wide,10,9,7,12574,0,0,0,0,10
plan_build,graph_wide,10,9,8,12500,0,0,0,0,10
plan_build,graph_wide,10,9,9,12463,0,0,0,0,10
plan_build,graph_wide,10,9,10,12685,0,0,0,0,10
plan_build,graph_wide,10,9,11,12389,0,0,0,0,10
plan_build,graph_wide,10,9,12,12371,0,0,0,0,10
plan_build,graph_wide,10,9,13,12333,0,0,0,0,10
plan_build,graph_wide,10,9,14,12408,0,0,0,0,10
plan_build,graph_wide,10,9,15,12370,0,0,0,0,10
plan_build,graph_wide,10,9,16,12352,0,0,0,0,10
plan_build,graph_wide,10,9,17,12352,0,0,0,0,10
plan_build,graph_wide,10,9,18,12389,0,0,0,0,10
plan_build,graph_wide,10,9,19,12352,0,0,0,0,10
plan_build_alloc,graph_wide,10,9,0,0,156,35487,0,0,10
plan_declaration,graph_wide,10,9,0,6501,0,0,0,0,10
plan_validation_freeze,graph_wide,10,9,0,8092,0,0,0,0,10
plan_declaration,graph_wide,10,9,1,6185,0,0,0,0,10
plan_validation_freeze,graph_wide,10,9,1,7648,0,0,0,0,10
plan_declaration,graph_wide,10,9,2,5981,0,0,0,0,10
plan_validation_freeze,graph_wide,10,9,2,7555,0,0,0,0,10
plan_declaration,graph_wide,10,9,3,6019,0,0,0,0,10
plan_validation_freeze,graph_wide,10,9,3,7463,0,0,0,0,10
plan_declaration,graph_wide,10,9,4,6055,0,0,0,0,10
plan_validation_freeze,graph_wide,10,9,4,7666,0,0,0,0,10
plan_declaration,graph_wide,10,9,5,6186,0,0,0,0,10
plan_validation_freeze,graph_wide,10,9,5,7500,0,0,0,0,10
plan_declaration,graph_wide,10,9,6,6019,0,0,0,0,10
plan_validation_freeze,graph_wide,10,9,6,7408,0,0,0,0,10
plan_declaration,graph_wide,10,9,7,6111,0,0,0,0,10
plan_validation_freeze,graph_wide,10,9,7,7463,0,0,0,0,10
plan_declaration,graph_wide,10,9,8,5945,0,0,0,0,10
plan_validation_freeze,graph_wide,10,9,8,7537,0,0,0,0,10
plan_declaration,graph_wide,10,9,9,6148,0,0,0,0,10
plan_validation_freeze,graph_wide,10,9,9,7648,0,0,0,0,10
plan_declaration,graph_wide,10,9,10,6260,0,0,0,0,10
plan_validation_freeze,graph_wide,10,9,10,7445,0,0,0,0,10
plan_declaration,graph_wide,10,9,11,6166,0,0,0,0,10
plan_validation_freeze,graph_wide,10,9,11,7463,0,0,0,0,10
plan_declaration,graph_wide,10,9,12,6167,0,0,0,0,10
plan_validation_freeze,graph_wide,10,9,12,7481,0,0,0,0,10
plan_declaration,graph_wide,10,9,13,6000,0,0,0,0,10
plan_validation_freeze,graph_wide,10,9,13,7407,0,0,0,0,10
plan_declaration,graph_wide,10,9,14,6037,0,0,0,0,10
plan_validation_freeze,graph_wide,10,9,14,7593,0,0,0,0,10
plan_declaration,graph_wide,10,9,15,6148,0,0,0,0,10
plan_validation_freeze,graph_wide,10,9,15,7519,0,0,0,0,10
plan_declaration,graph_wide,10,9,16,6092,0,0,0,0,10
plan_validation_freeze,graph_wide,10,9,16,7408,0,0,0,0,10
plan_declaration,graph_wide,10,9,17,6018,0,0,0,0,10
plan_validation_freeze,graph_wide,10,9,17,7685,0,0,0,0,10
plan_declaration,graph_wide,10,9,18,6130,0,0,0,0,10
plan_validation_freeze,graph_wide,10,9,18,7519,0,0,0,0,10
plan_declaration,graph_wide,10,9,19,5926,0,0,0,0,10
plan_validation_freeze,graph_wide,10,9,19,7371,0,0,0,0,10
plan_declaration_alloc,graph_wide,10,9,0,0,71,14195,0,0,10
plan_validation_freeze_alloc,graph_wide,10,9,0,0,85,21292,0,0,10
engine_execution,graph_wide,10,9,0,62315,0,0,0,0,8
engine_execution,graph_wide,10,9,1,62297,0,0,0,0,9
engine_execution,graph_wide,10,9,2,62204,0,0,0,0,10
engine_execution,graph_wide,10,9,3,62259,0,0,0,0,11
engine_execution,graph_wide,10,9,4,62667,0,0,0,0,12
engine_execution,graph_wide,10,9,5,62926,0,0,0,0,13
engine_execution,graph_wide,10,9,6,66796,0,0,0,0,14
engine_execution,graph_wide,10,9,7,62852,0,0,0,0,15
engine_execution,graph_wide,10,9,8,62722,0,0,0,0,0
engine_execution,graph_wide,10,9,9,62333,0,0,0,0,1
engine_execution,graph_wide,10,9,10,62112,0,0,0,0,2
engine_execution,graph_wide,10,9,11,61629,0,0,0,0,3
engine_execution,graph_wide,10,9,12,62222,0,0,0,0,4
engine_execution,graph_wide,10,9,13,61240,0,0,0,0,5
engine_execution,graph_wide,10,9,14,62352,0,0,0,0,6
engine_execution,graph_wide,10,9,15,61704,0,0,0,0,7
engine_execution,graph_wide,10,9,16,62148,0,0,0,0,24
engine_execution,graph_wide,10,9,17,61500,0,0,0,0,25
engine_execution,graph_wide,10,9,18,61963,0,0,0,0,26
engine_execution,graph_wide,10,9,19,62519,0,0,0,0,27
engine_execution,graph_wide,10,9,20,62222,0,0,0,0,28
engine_execution,graph_wide,10,9,21,62482,0,0,0,0,29
engine_execution,graph_wide,10,9,22,61964,0,0,0,0,30
engine_execution,graph_wide,10,9,23,71130,0,0,0,0,31
engine_execution,graph_wide,10,9,24,62870,0,0,0,0,16
engine_execution,graph_wide,10,9,25,62778,0,0,0,0,17
engine_execution,graph_wide,10,9,26,61778,0,0,0,0,18
engine_execution,graph_wide,10,9,27,61797,0,0,0,0,19
engine_execution,graph_wide,10,9,28,61611,0,0,0,0,20
engine_execution,graph_wide,10,9,29,62074,0,0,0,0,21
engine_execution,graph_wide,10,9,30,61148,0,0,0,0,22
engine_execution,graph_wide,10,9,31,62203,0,0,0,0,23
engine_execution,graph_wide,10,9,32,61315,0,0,0,0,40
engine_execution,graph_wide,10,9,33,62260,0,0,0,0,41
engine_execution,graph_wide,10,9,34,61833,0,0,0,0,42
engine_execution,graph_wide,10,9,35,61778,0,0,0,0,43
engine_execution,graph_wide,10,9,36,61426,0,0,0,0,44
engine_execution,graph_wide,10,9,37,62001,0,0,0,0,45
engine_execution,graph_wide,10,9,38,61204,0,0,0,0,46
engine_execution,graph_wide,10,9,39,61407,0,0,0,0,47
engine_execution_alloc,graph_wide,10,9,0,0,558,48999,0,0,23122
machine_state_setup,graph_wide,10,9,0,4815,0,0,0,0,10
body_state_setup,graph_wide,10,9,0,463,0,0,0,0,0
machine_state_setup,graph_wide,10,9,1,1963,0,0,0,0,10
body_state_setup,graph_wide,10,9,1,388,0,0,0,0,0
machine_state_setup,graph_wide,10,9,2,1759,0,0,0,0,10
body_state_setup,graph_wide,10,9,2,352,0,0,0,0,0
machine_state_setup,graph_wide,10,9,3,1907,0,0,0,0,10
body_state_setup,graph_wide,10,9,3,334,0,0,0,0,0
machine_state_setup,graph_wide,10,9,4,1889,0,0,0,0,10
body_state_setup,graph_wide,10,9,4,351,0,0,0,0,0
machine_state_setup,graph_wide,10,9,5,1723,0,0,0,0,10
body_state_setup,graph_wide,10,9,5,352,0,0,0,0,0
machine_state_setup,graph_wide,10,9,6,1852,0,0,0,0,10
body_state_setup,graph_wide,10,9,6,333,0,0,0,0,0
machine_state_setup,graph_wide,10,9,7,1796,0,0,0,0,10
body_state_setup,graph_wide,10,9,7,352,0,0,0,0,0
machine_state_setup,graph_wide,10,9,8,1796,0,0,0,0,10
body_state_setup,graph_wide,10,9,8,333,0,0,0,0,0
machine_state_setup,graph_wide,10,9,9,1777,0,0,0,0,10
body_state_setup,graph_wide,10,9,9,352,0,0,0,0,0
machine_state_setup,graph_wide,10,9,10,1908,0,0,0,0,10
body_state_setup,graph_wide,10,9,10,334,0,0,0,0,0
machine_state_setup,graph_wide,10,9,11,1852,0,0,0,0,10
body_state_setup,graph_wide,10,9,11,351,0,0,0,0,0
machine_state_setup,graph_wide,10,9,12,1759,0,0,0,0,10
body_state_setup,graph_wide,10,9,12,315,0,0,0,0,0
machine_state_setup,graph_wide,10,9,13,1685,0,0,0,0,10
body_state_setup,graph_wide,10,9,13,334,0,0,0,0,0
machine_state_setup,graph_wide,10,9,14,1722,0,0,0,0,10
body_state_setup,graph_wide,10,9,14,333,0,0,0,0,0
machine_state_setup,graph_wide,10,9,15,1834,0,0,0,0,10
body_state_setup,graph_wide,10,9,15,333,0,0,0,0,0
machine_state_setup,graph_wide,10,9,16,1833,0,0,0,0,10
body_state_setup,graph_wide,10,9,16,315,0,0,0,0,0
machine_state_setup,graph_wide,10,9,17,1703,0,0,0,0,10
body_state_setup,graph_wide,10,9,17,333,0,0,0,0,0
machine_state_setup,graph_wide,10,9,18,1666,0,0,0,0,10
body_state_setup,graph_wide,10,9,18,315,0,0,0,0,0
machine_state_setup,graph_wide,10,9,19,1704,0,0,0,0,10
body_state_setup,graph_wide,10,9,19,333,0,0,0,0,0
machine_state_setup,graph_wide,10,9,20,1759,0,0,0,0,10
body_state_setup,graph_wide,10,9,20,334,0,0,0,0,0
machine_state_setup,graph_wide,10,9,21,1796,0,0,0,0,10
body_state_setup,graph_wide,10,9,21,315,0,0,0,0,0
machine_state_setup,graph_wide,10,9,22,1704,0,0,0,0,10
body_state_setup,graph_wide,10,9,22,333,0,0,0,0,0
machine_state_setup,graph_wide,10,9,23,1666,0,0,0,0,10
body_state_setup,graph_wide,10,9,23,333,0,0,0,0,0
machine_state_setup,graph_wide,10,9,24,1666,0,0,0,0,10
body_state_setup,graph_wide,10,9,24,333,0,0,0,0,0
machine_state_setup,graph_wide,10,9,25,1667,0,0,0,0,10
body_state_setup,graph_wide,10,9,25,314,0,0,0,0,0
machine_state_setup,graph_wide,10,9,26,1759,0,0,0,0,10
body_state_setup,graph_wide,10,9,26,334,0,0,0,0,0
machine_state_setup,graph_wide,10,9,27,1685,0,0,0,0,10
body_state_setup,graph_wide,10,9,27,352,0,0,0,0,0
machine_state_setup,graph_wide,10,9,28,1686,0,0,0,0,10
body_state_setup,graph_wide,10,9,28,334,0,0,0,0,0
machine_state_setup,graph_wide,10,9,29,1667,0,0,0,0,10
body_state_setup,graph_wide,10,9,29,352,0,0,0,0,0
machine_state_setup,graph_wide,10,9,30,1685,0,0,0,0,10
body_state_setup,graph_wide,10,9,30,333,0,0,0,0,0
machine_state_setup,graph_wide,10,9,31,1778,0,0,0,0,10
body_state_setup,graph_wide,10,9,31,334,0,0,0,0,0
machine_state_setup,graph_wide,10,9,32,1833,0,0,0,0,10
body_state_setup,graph_wide,10,9,32,352,0,0,0,0,0
machine_state_setup,graph_wide,10,9,33,1704,0,0,0,0,10
body_state_setup,graph_wide,10,9,33,334,0,0,0,0,0
machine_state_setup,graph_wide,10,9,34,1685,0,0,0,0,10
body_state_setup,graph_wide,10,9,34,333,0,0,0,0,0
machine_state_setup,graph_wide,10,9,35,1666,0,0,0,0,10
body_state_setup,graph_wide,10,9,35,334,0,0,0,0,0
machine_state_setup,graph_wide,10,9,36,1685,0,0,0,0,10
body_state_setup,graph_wide,10,9,36,351,0,0,0,0,0
machine_state_setup,graph_wide,10,9,37,1778,0,0,0,0,10
body_state_setup,graph_wide,10,9,37,334,0,0,0,0,0
machine_state_setup,graph_wide,10,9,38,1907,0,0,0,0,10
body_state_setup,graph_wide,10,9,38,333,0,0,0,0,0
machine_state_setup,graph_wide,10,9,39,1703,0,0,0,0,10
body_state_setup,graph_wide,10,9,39,352,0,0,0,0,0
fixture_generation,graph_sparse,10,9,0,1407,0,0,0,0,50
fixture_generation,graph_sparse,10,9,1,1315,0,0,0,0,50
fixture_generation,graph_sparse,10,9,2,1278,0,0,0,0,50
fixture_generation,graph_sparse,10,9,3,1277,0,0,0,0,50
fixture_generation,graph_sparse,10,9,4,1278,0,0,0,0,50
fixture_generation,graph_sparse,10,9,5,1259,0,0,0,0,50
fixture_generation,graph_sparse,10,9,6,1278,0,0,0,0,50
fixture_generation,graph_sparse,10,9,7,1278,0,0,0,0,50
fixture_generation,graph_sparse,10,9,8,1259,0,0,0,0,50
fixture_generation,graph_sparse,10,9,9,1277,0,0,0,0,50
fixture_generation,graph_sparse,10,9,10,1260,0,0,0,0,50
fixture_generation,graph_sparse,10,9,11,1278,0,0,0,0,50
fixture_generation,graph_sparse,10,9,12,1333,0,0,0,0,50
fixture_generation,graph_sparse,10,9,13,1278,0,0,0,0,50
fixture_generation,graph_sparse,10,9,14,1259,0,0,0,0,50
fixture_generation,graph_sparse,10,9,15,1278,0,0,0,0,50
fixture_generation,graph_sparse,10,9,16,1277,0,0,0,0,50
fixture_generation,graph_sparse,10,9,17,1259,0,0,0,0,50
fixture_generation,graph_sparse,10,9,18,1259,0,0,0,0,50
fixture_generation,graph_sparse,10,9,19,1277,0,0,0,0,50
plan_build,graph_sparse,10,9,0,17445,0,0,0,0,12
plan_build,graph_sparse,10,9,1,13611,0,0,0,0,12
plan_build,graph_sparse,10,9,2,12833,0,0,0,0,12
plan_build,graph_sparse,10,9,3,12630,0,0,0,0,12
plan_build,graph_sparse,10,9,4,12426,0,0,0,0,12
plan_build,graph_sparse,10,9,5,12481,0,0,0,0,12
plan_build,graph_sparse,10,9,6,12370,0,0,0,0,12
plan_build,graph_sparse,10,9,7,12351,0,0,0,0,12
plan_build,graph_sparse,10,9,8,12222,0,0,0,0,12
plan_build,graph_sparse,10,9,9,12259,0,0,0,0,12
plan_build,graph_sparse,10,9,10,12333,0,0,0,0,12
plan_build,graph_sparse,10,9,11,12240,0,0,0,0,12
plan_build,graph_sparse,10,9,12,12167,0,0,0,0,12
plan_build,graph_sparse,10,9,13,12241,0,0,0,0,12
plan_build,graph_sparse,10,9,14,12296,0,0,0,0,12
plan_build,graph_sparse,10,9,15,12222,0,0,0,0,12
plan_build,graph_sparse,10,9,16,12204,0,0,0,0,12
plan_build,graph_sparse,10,9,17,12222,0,0,0,0,12
plan_build,graph_sparse,10,9,18,12222,0,0,0,0,12
plan_build,graph_sparse,10,9,19,12222,0,0,0,0,12
plan_build_alloc,graph_sparse,10,9,0,0,158,35427,0,0,12
plan_declaration,graph_sparse,10,9,0,6629,0,0,0,0,10
plan_validation_freeze,graph_sparse,10,9,0,7834,0,0,0,0,12
plan_declaration,graph_sparse,10,9,1,6129,0,0,0,0,10
plan_validation_freeze,graph_sparse,10,9,1,7518,0,0,0,0,12
plan_declaration,graph_sparse,10,9,2,6093,0,0,0,0,10
plan_validation_freeze,graph_sparse,10,9,2,7463,0,0,0,0,12
plan_declaration,graph_sparse,10,9,3,6277,0,0,0,0,10
plan_validation_freeze,graph_sparse,10,9,3,7593,0,0,0,0,12
plan_declaration,graph_sparse,10,9,4,6444,0,0,0,0,10
plan_validation_freeze,graph_sparse,10,9,4,7574,0,0,0,0,12
plan_declaration,graph_sparse,10,9,5,6482,0,0,0,0,10
plan_validation_freeze,graph_sparse,10,9,5,7408,0,0,0,0,12
plan_declaration,graph_sparse,10,9,6,6240,0,0,0,0,10
plan_validation_freeze,graph_sparse,10,9,6,7463,0,0,0,0,12
plan_declaration,graph_sparse,10,9,7,6334,0,0,0,0,10
plan_validation_freeze,graph_sparse,10,9,7,7500,0,0,0,0,12
plan_declaration,graph_sparse,10,9,8,6204,0,0,0,0,10
plan_validation_freeze,graph_sparse,10,9,8,7426,0,0,0,0,12
plan_declaration,graph_sparse,10,9,9,6259,0,0,0,0,10
plan_validation_freeze,graph_sparse,10,9,9,7482,0,0,0,0,12
plan_declaration,graph_sparse,10,9,10,6185,0,0,0,0,10
plan_validation_freeze,graph_sparse,10,9,10,7482,0,0,0,0,12
plan_declaration,graph_sparse,10,9,11,6352,0,0,0,0,10
plan_validation_freeze,graph_sparse,10,9,11,7574,0,0,0,0,12
plan_declaration,graph_sparse,10,9,12,6204,0,0,0,0,10
plan_validation_freeze,graph_sparse,10,9,12,7463,0,0,0,0,12
plan_declaration,graph_sparse,10,9,13,6185,0,0,0,0,10
plan_validation_freeze,graph_sparse,10,9,13,7463,0,0,0,0,12
plan_declaration,graph_sparse,10,9,14,6186,0,0,0,0,10
plan_validation_freeze,graph_sparse,10,9,14,7407,0,0,0,0,12
plan_declaration,graph_sparse,10,9,15,6259,0,0,0,0,10
plan_validation_freeze,graph_sparse,10,9,15,7519,0,0,0,0,12
plan_declaration,graph_sparse,10,9,16,6222,0,0,0,0,10
plan_validation_freeze,graph_sparse,10,9,16,7445,0,0,0,0,12
plan_declaration,graph_sparse,10,9,17,6297,0,0,0,0,10
plan_validation_freeze,graph_sparse,10,9,17,7426,0,0,0,0,12
plan_declaration,graph_sparse,10,9,18,6148,0,0,0,0,10
plan_validation_freeze,graph_sparse,10,9,18,7389,0,0,0,0,12
plan_declaration,graph_sparse,10,9,19,6278,0,0,0,0,10
plan_validation_freeze,graph_sparse,10,9,19,7481,0,0,0,0,12
plan_declaration_alloc,graph_sparse,10,9,0,0,71,14197,0,0,10
plan_validation_freeze_alloc,graph_sparse,10,9,0,0,87,21230,0,0,12
engine_execution,graph_sparse,10,9,0,62871,0,0,0,0,13
engine_execution,graph_sparse,10,9,1,62500,0,0,0,0,12
engine_execution,graph_sparse,10,9,2,62241,0,0,0,0,15
engine_execution,graph_sparse,10,9,3,63111,0,0,0,0,14
engine_execution,graph_sparse,10,9,4,61926,0,0,0,0,9
engine_execution,graph_sparse,10,9,5,63129,0,0,0,0,8
engine_execution,graph_sparse,10,9,6,62574,0,0,0,0,11
engine_execution,graph_sparse,10,9,7,62815,0,0,0,0,10
engine_execution,graph_sparse,10,9,8,61908,0,0,0,0,5
engine_execution,graph_sparse,10,9,9,61537,0,0,0,0,4
engine_execution,graph_sparse,10,9,10,62296,0,0,0,0,7
engine_execution,graph_sparse,10,9,11,61852,0,0,0,0,6
engine_execution,graph_sparse,10,9,12,62333,0,0,0,0,1
engine_execution,graph_sparse,10,9,13,61722,0,0,0,0,0
engine_execution,graph_sparse,10,9,14,62222,0,0,0,0,3
engine_execution,graph_sparse,10,9,15,62759,0,0,0,0,2
engine_execution,graph_sparse,10,9,16,62278,0,0,0,0,29
engine_execution,graph_sparse,10,9,17,62500,0,0,0,0,28
engine_execution,graph_sparse,10,9,18,62130,0,0,0,0,31
engine_execution,graph_sparse,10,9,19,62167,0,0,0,0,30
engine_execution,graph_sparse,10,9,20,62130,0,0,0,0,25
engine_execution,graph_sparse,10,9,21,62037,0,0,0,0,24
engine_execution,graph_sparse,10,9,22,62259,0,0,0,0,27
engine_execution,graph_sparse,10,9,23,62149,0,0,0,0,26
engine_execution,graph_sparse,10,9,24,62111,0,0,0,0,21
engine_execution,graph_sparse,10,9,25,61926,0,0,0,0,20
engine_execution,graph_sparse,10,9,26,67167,0,0,0,0,23
engine_execution,graph_sparse,10,9,27,62611,0,0,0,0,22
engine_execution,graph_sparse,10,9,28,62111,0,0,0,0,17
engine_execution,graph_sparse,10,9,29,63000,0,0,0,0,16
engine_execution,graph_sparse,10,9,30,62463,0,0,0,0,19
engine_execution,graph_sparse,10,9,31,62241,0,0,0,0,18
engine_execution,graph_sparse,10,9,32,61945,0,0,0,0,45
engine_execution,graph_sparse,10,9,33,62352,0,0,0,0,44
engine_execution,graph_sparse,10,9,34,62852,0,0,0,0,47
engine_execution,graph_sparse,10,9,35,62908,0,0,0,0,46
engine_execution,graph_sparse,10,9,36,62055,0,0,0,0,41
engine_execution,graph_sparse,10,9,37,62222,0,0,0,0,40
engine_execution,graph_sparse,10,9,38,62278,0,0,0,0,43
engine_execution,graph_sparse,10,9,39,61982,0,0,0,0,42
engine_execution_alloc,graph_sparse,10,9,0,0,567,48041,0,0,23127
machine_state_setup,graph_sparse,10,9,0,4814,0,0,0,0,10
body_state_setup,graph_sparse,10,9,0,444,0,0,0,0,0
machine_state_setup,graph_sparse,10,9,1,1982,0,0,0,0,10
body_state_setup,graph_sparse,10,9,1,388,0,0,0,0,0
machine_state_setup,graph_sparse,10,9,2,1926,0,0,0,0,10
body_state_setup,graph_sparse,10,9,2,334,0,0,0,0,0
machine_state_setup,graph_sparse,10,9,3,1815,0,0,0,0,10
body_state_setup,graph_sparse,10,9,3,333,0,0,0,0,0
machine_state_setup,graph_sparse,10,9,4,1851,0,0,0,0,10
body_state_setup,graph_sparse,10,9,4,333,0,0,0,0,0
machine_state_setup,graph_sparse,10,9,5,1889,0,0,0,0,10
body_state_setup,graph_sparse,10,9,5,352,0,0,0,0,0
machine_state_setup,graph_sparse,10,9,6,1796,0,0,0,0,10
body_state_setup,graph_sparse,10,9,6,333,0,0,0,0,0
machine_state_setup,graph_sparse,10,9,7,1778,0,0,0,0,10
body_state_setup,graph_sparse,10,9,7,352,0,0,0,0,0
machine_state_setup,graph_sparse,10,9,8,1778,0,0,0,0,10
body_state_setup,graph_sparse,10,9,8,351,0,0,0,0,0
machine_state_setup,graph_sparse,10,9,9,1833,0,0,0,0,10
body_state_setup,graph_sparse,10,9,9,352,0,0,0,0,0
machine_state_setup,graph_sparse,10,9,10,1889,0,0,0,0,10
body_state_setup,graph_sparse,10,9,10,333,0,0,0,0,0
machine_state_setup,graph_sparse,10,9,11,1796,0,0,0,0,10
body_state_setup,graph_sparse,10,9,11,333,0,0,0,0,0
machine_state_setup,graph_sparse,10,9,12,1704,0,0,0,0,10
body_state_setup,graph_sparse,10,9,12,315,0,0,0,0,0
machine_state_setup,graph_sparse,10,9,13,1704,0,0,0,0,10
body_state_setup,graph_sparse,10,9,13,333,0,0,0,0,0
machine_state_setup,graph_sparse,10,9,14,1704,0,0,0,0,10
body_state_setup,graph_sparse,10,9,14,333,0,0,0,0,0
machine_state_setup,graph_sparse,10,9,15,1723,0,0,0,0,10
body_state_setup,graph_sparse,10,9,15,333,0,0,0,0,0
machine_state_setup,graph_sparse,10,9,16,1833,0,0,0,0,10
body_state_setup,graph_sparse,10,9,16,333,0,0,0,0,0
machine_state_setup,graph_sparse,10,9,17,1704,0,0,0,0,10
body_state_setup,graph_sparse,10,9,17,333,0,0,0,0,0
machine_state_setup,graph_sparse,10,9,18,1685,0,0,0,0,10
body_state_setup,graph_sparse,10,9,18,334,0,0,0,0,0
machine_state_setup,graph_sparse,10,9,19,1722,0,0,0,0,10
body_state_setup,graph_sparse,10,9,19,333,0,0,0,0,0
machine_state_setup,graph_sparse,10,9,20,1685,0,0,0,0,10
body_state_setup,graph_sparse,10,9,20,352,0,0,0,0,0
machine_state_setup,graph_sparse,10,9,21,1667,0,0,0,0,10
body_state_setup,graph_sparse,10,9,21,334,0,0,0,0,0
machine_state_setup,graph_sparse,10,9,22,1759,0,0,0,0,10
body_state_setup,graph_sparse,10,9,22,314,0,0,0,0,0
machine_state_setup,graph_sparse,10,9,23,1889,0,0,0,0,10
body_state_setup,graph_sparse,10,9,23,352,0,0,0,0,0
machine_state_setup,graph_sparse,10,9,24,1704,0,0,0,0,10
body_state_setup,graph_sparse,10,9,24,333,0,0,0,0,0
machine_state_setup,graph_sparse,10,9,25,1685,0,0,0,0,10
body_state_setup,graph_sparse,10,9,25,315,0,0,0,0,0
machine_state_setup,graph_sparse,10,9,26,1704,0,0,0,0,10
body_state_setup,graph_sparse,10,9,26,352,0,0,0,0,0
machine_state_setup,graph_sparse,10,9,27,1686,0,0,0,0,10
body_state_setup,graph_sparse,10,9,27,333,0,0,0,0,0
machine_state_setup,graph_sparse,10,9,28,1686,0,0,0,0,10
body_state_setup,graph_sparse,10,9,28,334,0,0,0,0,0
machine_state_setup,graph_sparse,10,9,29,1796,0,0,0,0,10
body_state_setup,graph_sparse,10,9,29,333,0,0,0,0,0
machine_state_setup,graph_sparse,10,9,30,1889,0,0,0,0,10
body_state_setup,graph_sparse,10,9,30,334,0,0,0,0,0
machine_state_setup,graph_sparse,10,9,31,1722,0,0,0,0,10
body_state_setup,graph_sparse,10,9,31,352,0,0,0,0,0
machine_state_setup,graph_sparse,10,9,32,1667,0,0,0,0,10
body_state_setup,graph_sparse,10,9,32,333,0,0,0,0,0
machine_state_setup,graph_sparse,10,9,33,1685,0,0,0,0,10
body_state_setup,graph_sparse,10,9,33,315,0,0,0,0,0
machine_state_setup,graph_sparse,10,9,34,1722,0,0,0,0,10
body_state_setup,graph_sparse,10,9,34,352,0,0,0,0,0
machine_state_setup,graph_sparse,10,9,35,1704,0,0,0,0,10
body_state_setup,graph_sparse,10,9,35,333,0,0,0,0,0
machine_state_setup,graph_sparse,10,9,36,1704,0,0,0,0,10
body_state_setup,graph_sparse,10,9,36,315,0,0,0,0,0
machine_state_setup,graph_sparse,10,9,37,1685,0,0,0,0,10
body_state_setup,graph_sparse,10,9,37,333,0,0,0,0,0
machine_state_setup,graph_sparse,10,9,38,1815,0,0,0,0,10
body_state_setup,graph_sparse,10,9,38,315,0,0,0,0,0
machine_state_setup,graph_sparse,10,9,39,1685,0,0,0,0,10
body_state_setup,graph_sparse,10,9,39,333,0,0,0,0,0
fixture_generation,graph_chain,100,99,0,15833,0,0,0,0,500
fixture_generation,graph_chain,100,99,1,15704,0,0,0,0,500
fixture_generation,graph_chain,100,99,2,15611,0,0,0,0,500
fixture_generation,graph_chain,100,99,3,15593,0,0,0,0,500
fixture_generation,graph_chain,100,99,4,15629,0,0,0,0,500
fixture_generation,graph_chain,100,99,5,15592,0,0,0,0,500
fixture_generation,graph_chain,100,99,6,15908,0,0,0,0,500
fixture_generation,graph_chain,100,99,7,15704,0,0,0,0,500
fixture_generation,graph_chain,100,99,8,15741,0,0,0,0,500
fixture_generation,graph_chain,100,99,9,15889,0,0,0,0,500
fixture_generation,graph_chain,100,99,10,15926,0,0,0,0,500
fixture_generation,graph_chain,100,99,11,15981,0,0,0,0,500
fixture_generation,graph_chain,100,99,12,16074,0,0,0,0,500
fixture_generation,graph_chain,100,99,13,16000,0,0,0,0,500
fixture_generation,graph_chain,100,99,14,16204,0,0,0,0,500
fixture_generation,graph_chain,100,99,15,16351,0,0,0,0,500
fixture_generation,graph_chain,100,99,16,16074,0,0,0,0,500
fixture_generation,graph_chain,100,99,17,15945,0,0,0,0,500
fixture_generation,graph_chain,100,99,18,16056,0,0,0,0,500
fixture_generation,graph_chain,100,99,19,16074,0,0,0,0,500
plan_build,graph_chain,100,99,0,145259,0,0,0,0,11
plan_build,graph_chain,100,99,1,139038,0,0,0,0,11
plan_build,graph_chain,100,99,2,138241,0,0,0,0,11
plan_build,graph_chain,100,99,3,136723,0,0,0,0,11
plan_build,graph_chain,100,99,4,137352,0,0,0,0,11
plan_build,graph_chain,100,99,5,136723,0,0,0,0,11
plan_build,graph_chain,100,99,6,136001,0,0,0,0,11
plan_build,graph_chain,100,99,7,135926,0,0,0,0,11
plan_build,graph_chain,100,99,8,135223,0,0,0,0,11
plan_build,graph_chain,100,99,9,135001,0,0,0,0,11
plan_build,graph_chain,100,99,10,135575,0,0,0,0,11
plan_build,graph_chain,100,99,11,134945,0,0,0,0,11
plan_build,graph_chain,100,99,12,135278,0,0,0,0,11
plan_build,graph_chain,100,99,13,134853,0,0,0,0,11
plan_build,graph_chain,100,99,14,135259,0,0,0,0,11
plan_build,graph_chain,100,99,15,134482,0,0,0,0,11
plan_build,graph_chain,100,99,16,134667,0,0,0,0,11
plan_build,graph_chain,100,99,17,134186,0,0,0,0,11
plan_build,graph_chain,100,99,18,133945,0,0,0,0,11
plan_build,graph_chain,100,99,19,151186,0,0,0,0,11
plan_build_alloc,graph_chain,100,99,0,0,1269,306567,0,0,11
plan_declaration,graph_chain,100,99,0,47297,0,0,0,0,100
plan_validation_freeze,graph_chain,100,99,0,101167,0,0,0,0,11
plan_declaration,graph_chain,100,99,1,46481,0,0,0,0,100
plan_validation_freeze,graph_chain,100,99,1,100890,0,0,0,0,11
plan_declaration,graph_chain,100,99,2,46463,0,0,0,0,100
plan_validation_freeze,graph_chain,100,99,2,99630,0,0,0,0,11
plan_declaration,graph_chain,100,99,3,45408,0,0,0,0,100
plan_validation_freeze,graph_chain,100,99,3,100241,0,0,0,0,11
plan_declaration,graph_chain,100,99,4,45890,0,0,0,0,100
plan_validation_freeze,graph_chain,100,99,4,99871,0,0,0,0,11
plan_declaration,graph_chain,100,99,5,46056,0,0,0,0,100
plan_validation_freeze,graph_chain,100,99,5,99852,0,0,0,0,11
plan_declaration,graph_chain,100,99,6,45815,0,0,0,0,100
plan_validation_freeze,graph_chain,100,99,6,99648,0,0,0,0,11
plan_declaration,graph_chain,100,99,7,45889,0,0,0,0,100
plan_validation_freeze,graph_chain,100,99,7,100074,0,0,0,0,11
plan_declaration,graph_chain,100,99,8,45648,0,0,0,0,100
plan_validation_freeze,graph_chain,100,99,8,100316,0,0,0,0,11
plan_declaration,graph_chain,100,99,9,45815,0,0,0,0,100
plan_validation_freeze,graph_chain,100,99,9,100870,0,0,0,0,11
plan_declaration,graph_chain,100,99,10,46185,0,0,0,0,100
plan_validation_freeze,graph_chain,100,99,10,100852,0,0,0,0,11
plan_declaration,graph_chain,100,99,11,45352,0,0,0,0,100
plan_validation_freeze,graph_chain,100,99,11,100760,0,0,0,0,11
plan_declaration,graph_chain,100,99,12,45463,0,0,0,0,100
plan_validation_freeze,graph_chain,100,99,12,100371,0,0,0,0,11
plan_declaration,graph_chain,100,99,13,45815,0,0,0,0,100
plan_validation_freeze,graph_chain,100,99,13,100149,0,0,0,0,11
plan_declaration,graph_chain,100,99,14,45334,0,0,0,0,100
plan_validation_freeze,graph_chain,100,99,14,99278,0,0,0,0,11
plan_declaration,graph_chain,100,99,15,45704,0,0,0,0,100
plan_validation_freeze,graph_chain,100,99,15,100241,0,0,0,0,11
plan_declaration,graph_chain,100,99,16,45629,0,0,0,0,100
plan_validation_freeze,graph_chain,100,99,16,99834,0,0,0,0,11
plan_declaration,graph_chain,100,99,17,45703,0,0,0,0,100
plan_validation_freeze,graph_chain,100,99,17,100353,0,0,0,0,11
plan_declaration,graph_chain,100,99,18,45703,0,0,0,0,100
plan_validation_freeze,graph_chain,100,99,18,100482,0,0,0,0,11
plan_declaration,graph_chain,100,99,19,45555,0,0,0,0,100
plan_validation_freeze,graph_chain,100,99,19,100038,0,0,0,0,11
plan_declaration_alloc,graph_chain,100,99,0,0,536,126952,0,0,100
plan_validation_freeze_alloc,graph_chain,100,99,0,0,733,179615,0,0,11
engine_execution,graph_chain,100,99,0,761558,0,0,0,0,1
engine_execution,graph_chain,100,99,1,763262,0,0,0,0,0
engine_execution,graph_chain,100,99,2,771188,0,0,0,0,3
engine_execution,graph_chain,100,99,3,765761,0,0,0,0,2
engine_execution,graph_chain,100,99,4,762817,0,0,0,0,5
engine_execution,graph_chain,100,99,5,786669,0,0,0,0,4
engine_execution,graph_chain,100,99,6,766132,0,0,0,0,7
engine_execution,graph_chain,100,99,7,746373,0,0,0,0,6
engine_execution,graph_chain,100,99,8,763298,0,0,0,0,9
engine_execution,graph_chain,100,99,9,764132,0,0,0,0,8
engine_execution,graph_chain,100,99,10,764243,0,0,0,0,11
engine_execution,graph_chain,100,99,11,762725,0,0,0,0,10
engine_execution,graph_chain,100,99,12,768225,0,0,0,0,13
engine_execution,graph_chain,100,99,13,764650,0,0,0,0,12
engine_execution,graph_chain,100,99,14,761650,0,0,0,0,15
engine_execution,graph_chain,100,99,15,796484,0,0,0,0,14
engine_execution,graph_chain,100,99,16,745336,0,0,0,0,17
engine_execution,graph_chain,100,99,17,769077,0,0,0,0,16
engine_execution,graph_chain,100,99,18,764039,0,0,0,0,19
engine_execution,graph_chain,100,99,19,760817,0,0,0,0,18
engine_execution,graph_chain,100,99,20,762465,0,0,0,0,21
engine_execution,graph_chain,100,99,21,761613,0,0,0,0,20
engine_execution,graph_chain,100,99,22,759372,0,0,0,0,23
engine_execution,graph_chain,100,99,23,769262,0,0,0,0,22
engine_execution,graph_chain,100,99,24,763891,0,0,0,0,25
engine_execution,graph_chain,100,99,25,762410,0,0,0,0,24
engine_execution,graph_chain,100,99,26,764169,0,0,0,0,27
engine_execution,graph_chain,100,99,27,764743,0,0,0,0,26
engine_execution,graph_chain,100,99,28,792058,0,0,0,0,29
engine_execution,graph_chain,100,99,29,763502,0,0,0,0,28
engine_execution,graph_chain,100,99,30,759965,0,0,0,0,31
engine_execution,graph_chain,100,99,31,739446,0,0,0,0,30
engine_execution,graph_chain,100,99,32,760762,0,0,0,0,33
engine_execution,graph_chain,100,99,33,765558,0,0,0,0,32
engine_execution,graph_chain,100,99,34,761446,0,0,0,0,35
engine_execution,graph_chain,100,99,35,768650,0,0,0,0,34
engine_execution,graph_chain,100,99,36,759724,0,0,0,0,37
engine_execution,graph_chain,100,99,37,761798,0,0,0,0,36
engine_execution,graph_chain,100,99,38,766594,0,0,0,0,39
engine_execution,graph_chain,100,99,39,767410,0,0,0,0,38
engine_execution_alloc,graph_chain,100,99,0,0,5262,533272,0,0,23131
machine_state_setup,graph_chain,100,99,0,38963,0,0,0,0,100
body_state_setup,graph_chain,100,99,0,3389,0,0,0,0,0
machine_state_setup,graph_chain,100,99,1,13852,0,0,0,0,100
body_state_setup,graph_chain,100,99,1,2963,0,0,0,0,0
machine_state_setup,graph_chain,100,99,2,13444,0,0,0,0,100
body_state_setup,graph_chain,100,99,2,2889,0,0,0,0,0
machine_state_setup,graph_chain,100,99,3,13722,0,0,0,0,100
body_state_setup,graph_chain,100,99,3,2907,0,0,0,0,0
machine_state_setup,graph_chain,100,99,4,13482,0,0,0,0,100
body_state_setup,graph_chain,100,99,4,2908,0,0,0,0,0
machine_state_setup,graph_chain,100,99,5,13593,0,0,0,0,100
body_state_setup,graph_chain,100,99,5,2907,0,0,0,0,0
machine_state_setup,graph_chain,100,99,6,13481,0,0,0,0,100
body_state_setup,graph_chain,100,99,6,2908,0,0,0,0,0
machine_state_setup,graph_chain,100,99,7,13593,0,0,0,0,100
body_state_setup,graph_chain,100,99,7,2870,0,0,0,0,0
machine_state_setup,graph_chain,100,99,8,13463,0,0,0,0,100
body_state_setup,graph_chain,100,99,8,2889,0,0,0,0,0
machine_state_setup,graph_chain,100,99,9,13685,0,0,0,0,100
body_state_setup,graph_chain,100,99,9,2723,0,0,0,0,0
machine_state_setup,graph_chain,100,99,10,13537,0,0,0,0,100
body_state_setup,graph_chain,100,99,10,3037,0,0,0,0,0
machine_state_setup,graph_chain,100,99,11,13611,0,0,0,0,100
body_state_setup,graph_chain,100,99,11,2777,0,0,0,0,0
machine_state_setup,graph_chain,100,99,12,13556,0,0,0,0,100
body_state_setup,graph_chain,100,99,12,2870,0,0,0,0,0
machine_state_setup,graph_chain,100,99,13,13722,0,0,0,0,100
body_state_setup,graph_chain,100,99,13,3000,0,0,0,0,0
machine_state_setup,graph_chain,100,99,14,13630,0,0,0,0,100
body_state_setup,graph_chain,100,99,14,3074,0,0,0,0,0
machine_state_setup,graph_chain,100,99,15,13778,0,0,0,0,100
body_state_setup,graph_chain,100,99,15,2814,0,0,0,0,0
machine_state_setup,graph_chain,100,99,16,13611,0,0,0,0,100
body_state_setup,graph_chain,100,99,16,3000,0,0,0,0,0
machine_state_setup,graph_chain,100,99,17,13741,0,0,0,0,100
body_state_setup,graph_chain,100,99,17,2926,0,0,0,0,0
machine_state_setup,graph_chain,100,99,18,13592,0,0,0,0,100
body_state_setup,graph_chain,100,99,18,2796,0,0,0,0,0
machine_state_setup,graph_chain,100,99,19,13722,0,0,0,0,100
body_state_setup,graph_chain,100,99,19,2981,0,0,0,0,0
machine_state_setup,graph_chain,100,99,20,15889,0,0,0,0,100
body_state_setup,graph_chain,100,99,20,2907,0,0,0,0,0
machine_state_setup,graph_chain,100,99,21,13833,0,0,0,0,100
body_state_setup,graph_chain,100,99,21,2944,0,0,0,0,0
machine_state_setup,graph_chain,100,99,22,13444,0,0,0,0,100
body_state_setup,graph_chain,100,99,22,2871,0,0,0,0,0
machine_state_setup,graph_chain,100,99,23,15000,0,0,0,0,100
body_state_setup,graph_chain,100,99,23,2759,0,0,0,0,0
machine_state_setup,graph_chain,100,99,24,13611,0,0,0,0,100
body_state_setup,graph_chain,100,99,24,2834,0,0,0,0,0
machine_state_setup,graph_chain,100,99,25,13778,0,0,0,0,100
body_state_setup,graph_chain,100,99,25,2926,0,0,0,0,0
machine_state_setup,graph_chain,100,99,26,17204,0,0,0,0,100
body_state_setup,graph_chain,100,99,26,2889,0,0,0,0,0
machine_state_setup,graph_chain,100,99,27,13667,0,0,0,0,100
body_state_setup,graph_chain,100,99,27,3055,0,0,0,0,0
machine_state_setup,graph_chain,100,99,28,13519,0,0,0,0,100
body_state_setup,graph_chain,100,99,28,2963,0,0,0,0,0
machine_state_setup,graph_chain,100,99,29,15334,0,0,0,0,100
body_state_setup,graph_chain,100,99,29,2852,0,0,0,0,0
machine_state_setup,graph_chain,100,99,30,13556,0,0,0,0,100
body_state_setup,graph_chain,100,99,30,3000,0,0,0,0,0
machine_state_setup,graph_chain,100,99,31,13648,0,0,0,0,100
body_state_setup,graph_chain,100,99,31,2981,0,0,0,0,0
machine_state_setup,graph_chain,100,99,32,15315,0,0,0,0,100
body_state_setup,graph_chain,100,99,32,2833,0,0,0,0,0
machine_state_setup,graph_chain,100,99,33,13593,0,0,0,0,100
body_state_setup,graph_chain,100,99,33,3130,0,0,0,0,0
machine_state_setup,graph_chain,100,99,34,14908,0,0,0,0,100
body_state_setup,graph_chain,100,99,34,2944,0,0,0,0,0
machine_state_setup,graph_chain,100,99,35,13777,0,0,0,0,100
body_state_setup,graph_chain,100,99,35,2907,0,0,0,0,0
machine_state_setup,graph_chain,100,99,36,13555,0,0,0,0,100
body_state_setup,graph_chain,100,99,36,2852,0,0,0,0,0
machine_state_setup,graph_chain,100,99,37,15297,0,0,0,0,100
body_state_setup,graph_chain,100,99,37,3056,0,0,0,0,0
machine_state_setup,graph_chain,100,99,38,13445,0,0,0,0,100
body_state_setup,graph_chain,100,99,38,2963,0,0,0,0,0
machine_state_setup,graph_chain,100,99,39,13537,0,0,0,0,100
body_state_setup,graph_chain,100,99,39,2981,0,0,0,0,0
pure_machine_events_preseeded,graph_chain,100,99,0,269020,0,0,0,0,101
pure_machine_events_preseeded,graph_chain,100,99,1,265760,0,0,0,0,101
pure_machine_events_preseeded,graph_chain,100,99,2,265816,0,0,0,0,101
pure_machine_events_preseeded,graph_chain,100,99,3,264742,0,0,0,0,101
pure_machine_events_preseeded,graph_chain,100,99,4,264908,0,0,0,0,101
pure_machine_events_preseeded,graph_chain,100,99,5,269094,0,0,0,0,101
pure_machine_events_preseeded,graph_chain,100,99,6,264260,0,0,0,0,101
pure_machine_events_preseeded,graph_chain,100,99,7,264186,0,0,0,0,101
pure_machine_events_preseeded,graph_chain,100,99,8,262890,0,0,0,0,101
pure_machine_events_preseeded,graph_chain,100,99,9,264130,0,0,0,0,101
pure_machine_events_preseeded,graph_chain,100,99,10,264241,0,0,0,0,101
pure_machine_events_preseeded,graph_chain,100,99,11,264334,0,0,0,0,101
pure_machine_events_preseeded,graph_chain,100,99,12,264020,0,0,0,0,101
pure_machine_events_preseeded,graph_chain,100,99,13,264186,0,0,0,0,101
pure_machine_events_preseeded,graph_chain,100,99,14,264371,0,0,0,0,101
pure_machine_events_preseeded,graph_chain,100,99,15,263908,0,0,0,0,101
pure_machine_events_preseeded,graph_chain,100,99,16,264186,0,0,0,0,101
pure_machine_events_preseeded,graph_chain,100,99,17,264556,0,0,0,0,101
pure_machine_events_preseeded,graph_chain,100,99,18,264186,0,0,0,0,101
pure_machine_events_preseeded,graph_chain,100,99,19,264167,0,0,0,0,101
pure_machine_events_preseeded,graph_chain,100,99,20,268168,0,0,0,0,101
pure_machine_events_preseeded,graph_chain,100,99,21,264482,0,0,0,0,101
pure_machine_events_preseeded,graph_chain,100,99,22,264353,0,0,0,0,101
pure_machine_events_preseeded,graph_chain,100,99,23,264835,0,0,0,0,101
pure_machine_events_preseeded,graph_chain,100,99,24,264630,0,0,0,0,101
pure_machine_events_preseeded,graph_chain,100,99,25,265149,0,0,0,0,101
pure_machine_events_preseeded,graph_chain,100,99,26,265093,0,0,0,0,101
pure_machine_events_preseeded,graph_chain,100,99,27,264649,0,0,0,0,101
pure_machine_events_preseeded,graph_chain,100,99,28,262945,0,0,0,0,101
pure_machine_events_preseeded,graph_chain,100,99,29,264668,0,0,0,0,101
pure_machine_events_preseeded,graph_chain,100,99,30,264537,0,0,0,0,101
pure_machine_events_preseeded,graph_chain,100,99,31,264334,0,0,0,0,101
pure_machine_events_preseeded,graph_chain,100,99,32,264686,0,0,0,0,101
pure_machine_events_preseeded,graph_chain,100,99,33,264464,0,0,0,0,101
pure_machine_events_preseeded,graph_chain,100,99,34,264297,0,0,0,0,101
pure_machine_events_preseeded,graph_chain,100,99,35,270723,0,0,0,0,101
pure_machine_events_preseeded,graph_chain,100,99,36,264612,0,0,0,0,101
pure_machine_events_preseeded,graph_chain,100,99,37,264538,0,0,0,0,101
pure_machine_events_preseeded,graph_chain,100,99,38,264889,0,0,0,0,101
pure_machine_events_preseeded,graph_chain,100,99,39,264593,0,0,0,0,101
fixture_generation,graph_wide,100,99,0,15945,0,0,0,0,500
fixture_generation,graph_wide,100,99,1,15759,0,0,0,0,500
fixture_generation,graph_wide,100,99,2,15685,0,0,0,0,500
fixture_generation,graph_wide,100,99,3,15630,0,0,0,0,500
fixture_generation,graph_wide,100,99,4,15889,0,0,0,0,500
fixture_generation,graph_wide,100,99,5,15945,0,0,0,0,500
fixture_generation,graph_wide,100,99,6,16000,0,0,0,0,500
fixture_generation,graph_wide,100,99,7,15852,0,0,0,0,500
fixture_generation,graph_wide,100,99,8,15833,0,0,0,0,500
fixture_generation,graph_wide,100,99,9,16037,0,0,0,0,500
fixture_generation,graph_wide,100,99,10,16074,0,0,0,0,500
fixture_generation,graph_wide,100,99,11,16074,0,0,0,0,500
fixture_generation,graph_wide,100,99,12,16111,0,0,0,0,500
fixture_generation,graph_wide,100,99,13,16241,0,0,0,0,500
fixture_generation,graph_wide,100,99,14,16445,0,0,0,0,500
fixture_generation,graph_wide,100,99,15,16426,0,0,0,0,500
fixture_generation,graph_wide,100,99,16,16351,0,0,0,0,500
fixture_generation,graph_wide,100,99,17,16352,0,0,0,0,500
fixture_generation,graph_wide,100,99,18,16296,0,0,0,0,500
fixture_generation,graph_wide,100,99,19,16389,0,0,0,0,500
plan_build,graph_wide,100,99,0,150611,0,0,0,0,10
plan_build,graph_wide,100,99,1,146519,0,0,0,0,10
plan_build,graph_wide,100,99,2,143667,0,0,0,0,10
plan_build,graph_wide,100,99,3,143612,0,0,0,0,10
plan_build,graph_wide,100,99,4,143074,0,0,0,0,10
plan_build,graph_wide,100,99,5,141927,0,0,0,0,10
plan_build,graph_wide,100,99,6,141778,0,0,0,0,10
plan_build,graph_wide,100,99,7,141871,0,0,0,0,10
plan_build,graph_wide,100,99,8,141982,0,0,0,0,10
plan_build,graph_wide,100,99,9,140797,0,0,0,0,10
plan_build,graph_wide,100,99,10,140796,0,0,0,0,10
plan_build,graph_wide,100,99,11,141130,0,0,0,0,10
plan_build,graph_wide,100,99,12,140741,0,0,0,0,10
plan_build,graph_wide,100,99,13,140649,0,0,0,0,10
plan_build,graph_wide,100,99,14,140667,0,0,0,0,10
plan_build,graph_wide,100,99,15,141000,0,0,0,0,10
plan_build,graph_wide,100,99,16,144075,0,0,0,0,10
plan_build,graph_wide,100,99,17,141519,0,0,0,0,10
plan_build,graph_wide,100,99,18,140112,0,0,0,0,10
plan_build,graph_wide,100,99,19,139334,0,0,0,0,10
plan_build_alloc,graph_wide,100,99,0,0,1176,305413,0,0,10
plan_declaration,graph_wide,100,99,0,47704,0,0,0,0,100
plan_validation_freeze,graph_wide,100,99,0,105833,0,0,0,0,10
plan_declaration,graph_wide,100,99,1,46667,0,0,0,0,100
plan_validation_freeze,graph_wide,100,99,1,105500,0,0,0,0,10
plan_declaration,graph_wide,100,99,2,46407,0,0,0,0,100
plan_validation_freeze,graph_wide,100,99,2,105759,0,0,0,0,10
plan_declaration,graph_wide,100,99,3,46686,0,0,0,0,100
plan_validation_freeze,graph_wide,100,99,3,106001,0,0,0,0,10
plan_declaration,graph_wide,100,99,4,46407,0,0,0,0,100
plan_validation_freeze,graph_wide,100,99,4,105074,0,0,0,0,10
plan_declaration,graph_wide,100,99,5,46278,0,0,0,0,100
plan_validation_freeze,graph_wide,100,99,5,104796,0,0,0,0,10
plan_declaration,graph_wide,100,99,6,46278,0,0,0,0,100
plan_validation_freeze,graph_wide,100,99,6,104815,0,0,0,0,10
plan_declaration,graph_wide,100,99,7,46723,0,0,0,0,100
plan_validation_freeze,graph_wide,100,99,7,104964,0,0,0,0,10
plan_declaration,graph_wide,100,99,8,46315,0,0,0,0,100
plan_validation_freeze,graph_wide,100,99,8,105926,0,0,0,0,10
plan_declaration,graph_wide,100,99,9,46000,0,0,0,0,100
plan_validation_freeze,graph_wide,100,99,9,105760,0,0,0,0,10
plan_declaration,graph_wide,100,99,10,46408,0,0,0,0,100
plan_validation_freeze,graph_wide,100,99,10,105408,0,0,0,0,10
plan_declaration,graph_wide,100,99,11,46426,0,0,0,0,100
plan_validation_freeze,graph_wide,100,99,11,104963,0,0,0,0,10
plan_declaration,graph_wide,100,99,12,46537,0,0,0,0,100
plan_validation_freeze,graph_wide,100,99,12,105167,0,0,0,0,10
plan_declaration,graph_wide,100,99,13,46445,0,0,0,0,100
plan_validation_freeze,graph_wide,100,99,13,105111,0,0,0,0,10
plan_declaration,graph_wide,100,99,14,46537,0,0,0,0,100
plan_validation_freeze,graph_wide,100,99,14,105149,0,0,0,0,10
plan_declaration,graph_wide,100,99,15,46074,0,0,0,0,100
plan_validation_freeze,graph_wide,100,99,15,104778,0,0,0,0,10
plan_declaration,graph_wide,100,99,16,46241,0,0,0,0,100
plan_validation_freeze,graph_wide,100,99,16,105574,0,0,0,0,10
plan_declaration,graph_wide,100,99,17,46278,0,0,0,0,100
plan_validation_freeze,graph_wide,100,99,17,105612,0,0,0,0,10
plan_declaration,graph_wide,100,99,18,51334,0,0,0,0,100
plan_validation_freeze,graph_wide,100,99,18,105760,0,0,0,0,10
plan_declaration,graph_wide,100,99,19,46445,0,0,0,0,100
plan_validation_freeze,graph_wide,100,99,19,104852,0,0,0,0,10
plan_declaration_alloc,graph_wide,100,99,0,0,536,126951,0,0,100
plan_validation_freeze_alloc,graph_wide,100,99,0,0,640,178462,0,0,10
engine_execution,graph_wide,100,99,0,659873,0,0,0,0,98
engine_execution,graph_wide,100,99,1,659854,0,0,0,0,99
engine_execution,graph_wide,100,99,2,658502,0,0,0,0,96
engine_execution,graph_wide,100,99,3,668817,0,0,0,0,97
engine_execution,graph_wide,100,99,4,657706,0,0,0,0,102
engine_execution,graph_wide,100,99,5,659984,0,0,0,0,103
engine_execution,graph_wide,100,99,6,657873,0,0,0,0,100
engine_execution,graph_wide,100,99,7,656428,0,0,0,0,101
engine_execution,graph_wide,100,99,8,658428,0,0,0,0,106
engine_execution,graph_wide,100,99,9,667243,0,0,0,0,107
engine_execution,graph_wide,100,99,10,660446,0,0,0,0,104
engine_execution,graph_wide,100,99,11,658651,0,0,0,0,105
engine_execution,graph_wide,100,99,12,659076,0,0,0,0,110
engine_execution,graph_wide,100,99,13,658891,0,0,0,0,111
engine_execution,graph_wide,100,99,14,660372,0,0,0,0,108
engine_execution,graph_wide,100,99,15,670188,0,0,0,0,109
engine_execution,graph_wide,100,99,16,660206,0,0,0,0,114
engine_execution,graph_wide,100,99,17,661706,0,0,0,0,115
engine_execution,graph_wide,100,99,18,660780,0,0,0,0,112
engine_execution,graph_wide,100,99,19,662706,0,0,0,0,113
engine_execution,graph_wide,100,99,20,663576,0,0,0,0,118
engine_execution,graph_wide,100,99,21,665354,0,0,0,0,119
engine_execution,graph_wide,100,99,22,660891,0,0,0,0,116
engine_execution,graph_wide,100,99,23,663372,0,0,0,0,117
engine_execution,graph_wide,100,99,24,657131,0,0,0,0,122
engine_execution,graph_wide,100,99,25,659817,0,0,0,0,123
engine_execution,graph_wide,100,99,26,657317,0,0,0,0,120
engine_execution,graph_wide,100,99,27,669465,0,0,0,0,121
engine_execution,graph_wide,100,99,28,669373,0,0,0,0,126
engine_execution,graph_wide,100,99,29,676354,0,0,0,0,127
engine_execution,graph_wide,100,99,30,662317,0,0,0,0,124
engine_execution,graph_wide,100,99,31,667835,0,0,0,0,125
engine_execution,graph_wide,100,99,32,683299,0,0,0,0,66
engine_execution,graph_wide,100,99,33,674928,0,0,0,0,67
engine_execution,graph_wide,100,99,34,665576,0,0,0,0,64
engine_execution,graph_wide,100,99,35,659557,0,0,0,0,65
engine_execution,graph_wide,100,99,36,659335,0,0,0,0,70
engine_execution,graph_wide,100,99,37,659946,0,0,0,0,71
engine_execution,graph_wide,100,99,38,662261,0,0,0,0,68
engine_execution,graph_wide,100,99,39,670132,0,0,0,0,69
engine_execution_alloc,graph_wide,100,99,0,0,4990,488503,0,0,23096
machine_state_setup,graph_wide,100,99,0,16870,0,0,0,0,100
body_state_setup,graph_wide,100,99,0,3519,0,0,0,0,0
machine_state_setup,graph_wide,100,99,1,13889,0,0,0,0,100
body_state_setup,graph_wide,100,99,1,3130,0,0,0,0,0
machine_state_setup,graph_wide,100,99,2,13851,0,0,0,0,100
body_state_setup,graph_wide,100,99,2,3055,0,0,0,0,0
machine_state_setup,graph_wide,100,99,3,13833,0,0,0,0,100
body_state_setup,graph_wide,100,99,3,3037,0,0,0,0,0
machine_state_setup,graph_wide,100,99,4,13722,0,0,0,0,100
body_state_setup,graph_wide,100,99,4,2926,0,0,0,0,0
machine_state_setup,graph_wide,100,99,5,13778,0,0,0,0,100
body_state_setup,graph_wide,100,99,5,3167,0,0,0,0,0
machine_state_setup,graph_wide,100,99,6,13667,0,0,0,0,100
body_state_setup,graph_wide,100,99,6,3018,0,0,0,0,0
machine_state_setup,graph_wide,100,99,7,13759,0,0,0,0,100
body_state_setup,graph_wide,100,99,7,2889,0,0,0,0,0
machine_state_setup,graph_wide,100,99,8,13612,0,0,0,0,100
body_state_setup,graph_wide,100,99,8,2907,0,0,0,0,0
machine_state_setup,graph_wide,100,99,9,13759,0,0,0,0,100
body_state_setup,graph_wide,100,99,9,2944,0,0,0,0,0
machine_state_setup,graph_wide,100,99,10,13537,0,0,0,0,100
body_state_setup,graph_wide,100,99,10,2889,0,0,0,0,0
machine_state_setup,graph_wide,100,99,11,13556,0,0,0,0,100
body_state_setup,graph_wide,100,99,11,2852,0,0,0,0,0
machine_state_setup,graph_wide,100,99,12,13556,0,0,0,0,100
body_state_setup,graph_wide,100,99,12,2686,0,0,0,0,0
machine_state_setup,graph_wide,100,99,13,13574,0,0,0,0,100
body_state_setup,graph_wide,100,99,13,3111,0,0,0,0,0
machine_state_setup,graph_wide,100,99,14,13612,0,0,0,0,100
body_state_setup,graph_wide,100,99,14,2945,0,0,0,0,0
machine_state_setup,graph_wide,100,99,15,13722,0,0,0,0,100
body_state_setup,graph_wide,100,99,15,3000,0,0,0,0,0
machine_state_setup,graph_wide,100,99,16,13482,0,0,0,0,100
body_state_setup,graph_wide,100,99,16,2944,0,0,0,0,0
machine_state_setup,graph_wide,100,99,17,13592,0,0,0,0,100
body_state_setup,graph_wide,100,99,17,2889,0,0,0,0,0
machine_state_setup,graph_wide,100,99,18,14148,0,0,0,0,100
body_state_setup,graph_wide,100,99,18,3093,0,0,0,0,0
machine_state_setup,graph_wide,100,99,19,24667,0,0,0,0,100
body_state_setup,graph_wide,100,99,19,2926,0,0,0,0,0
machine_state_setup,graph_wide,100,99,20,13574,0,0,0,0,100
body_state_setup,graph_wide,100,99,20,2926,0,0,0,0,0
machine_state_setup,graph_wide,100,99,21,13592,0,0,0,0,100
body_state_setup,graph_wide,100,99,21,3000,0,0,0,0,0
machine_state_setup,graph_wide,100,99,22,15815,0,0,0,0,100
body_state_setup,graph_wide,100,99,22,2926,0,0,0,0,0
machine_state_setup,graph_wide,100,99,23,13556,0,0,0,0,100
body_state_setup,graph_wide,100,99,23,3222,0,0,0,0,0
machine_state_setup,graph_wide,100,99,24,13556,0,0,0,0,100
body_state_setup,graph_wide,100,99,24,2777,0,0,0,0,0
machine_state_setup,graph_wide,100,99,25,15315,0,0,0,0,100
body_state_setup,graph_wide,100,99,25,2926,0,0,0,0,0
machine_state_setup,graph_wide,100,99,26,13445,0,0,0,0,100
body_state_setup,graph_wide,100,99,26,2889,0,0,0,0,0
machine_state_setup,graph_wide,100,99,27,13426,0,0,0,0,100
body_state_setup,graph_wide,100,99,27,3000,0,0,0,0,0
machine_state_setup,graph_wide,100,99,28,15481,0,0,0,0,100
body_state_setup,graph_wide,100,99,28,2981,0,0,0,0,0
machine_state_setup,graph_wide,100,99,29,13500,0,0,0,0,100
body_state_setup,graph_wide,100,99,29,2963,0,0,0,0,0
machine_state_setup,graph_wide,100,99,30,13463,0,0,0,0,100
body_state_setup,graph_wide,100,99,30,3000,0,0,0,0,0
machine_state_setup,graph_wide,100,99,31,14871,0,0,0,0,100
body_state_setup,graph_wide,100,99,31,3055,0,0,0,0,0
machine_state_setup,graph_wide,100,99,32,13630,0,0,0,0,100
body_state_setup,graph_wide,100,99,32,2945,0,0,0,0,0
machine_state_setup,graph_wide,100,99,33,13574,0,0,0,0,100
body_state_setup,graph_wide,100,99,33,2926,0,0,0,0,0
machine_state_setup,graph_wide,100,99,34,14778,0,0,0,0,100
body_state_setup,graph_wide,100,99,34,3037,0,0,0,0,0
machine_state_setup,graph_wide,100,99,35,13481,0,0,0,0,100
body_state_setup,graph_wide,100,99,35,2944,0,0,0,0,0
machine_state_setup,graph_wide,100,99,36,15481,0,0,0,0,100
body_state_setup,graph_wide,100,99,36,3000,0,0,0,0,0
machine_state_setup,graph_wide,100,99,37,13352,0,0,0,0,100
body_state_setup,graph_wide,100,99,37,2944,0,0,0,0,0
machine_state_setup,graph_wide,100,99,38,13426,0,0,0,0,100
body_state_setup,graph_wide,100,99,38,3055,0,0,0,0,0
machine_state_setup,graph_wide,100,99,39,15426,0,0,0,0,100
body_state_setup,graph_wide,100,99,39,3019,0,0,0,0,0
fixture_generation,graph_sparse,100,99,0,15981,0,0,0,0,500
fixture_generation,graph_sparse,100,99,1,15648,0,0,0,0,500
fixture_generation,graph_sparse,100,99,2,15778,0,0,0,0,500
fixture_generation,graph_sparse,100,99,3,15704,0,0,0,0,500
fixture_generation,graph_sparse,100,99,4,15740,0,0,0,0,500
fixture_generation,graph_sparse,100,99,5,15759,0,0,0,0,500
fixture_generation,graph_sparse,100,99,6,15760,0,0,0,0,500
fixture_generation,graph_sparse,100,99,7,15870,0,0,0,0,500
fixture_generation,graph_sparse,100,99,8,15815,0,0,0,0,500
fixture_generation,graph_sparse,100,99,9,15907,0,0,0,0,500
fixture_generation,graph_sparse,100,99,10,15760,0,0,0,0,500
fixture_generation,graph_sparse,100,99,11,16352,0,0,0,0,500
fixture_generation,graph_sparse,100,99,12,16130,0,0,0,0,500
fixture_generation,graph_sparse,100,99,13,15963,0,0,0,0,500
fixture_generation,graph_sparse,100,99,14,16093,0,0,0,0,500
fixture_generation,graph_sparse,100,99,15,16297,0,0,0,0,500
fixture_generation,graph_sparse,100,99,16,16055,0,0,0,0,500
fixture_generation,graph_sparse,100,99,17,16112,0,0,0,0,500
fixture_generation,graph_sparse,100,99,18,16296,0,0,0,0,500
fixture_generation,graph_sparse,100,99,19,16167,0,0,0,0,500
plan_build,graph_sparse,100,99,0,151945,0,0,0,0,12
plan_build,graph_sparse,100,99,1,142427,0,0,0,0,12
plan_build,graph_sparse,100,99,2,140167,0,0,0,0,12
plan_build,graph_sparse,100,99,3,139815,0,0,0,0,12
plan_build,graph_sparse,100,99,4,139093,0,0,0,0,12
plan_build,graph_sparse,100,99,5,138575,0,0,0,0,12
plan_build,graph_sparse,100,99,6,138853,0,0,0,0,12
plan_build,graph_sparse,100,99,7,137945,0,0,0,0,12
plan_build,graph_sparse,100,99,8,137612,0,0,0,0,12
plan_build,graph_sparse,100,99,9,137926,0,0,0,0,12
plan_build,graph_sparse,100,99,10,137686,0,0,0,0,12
plan_build,graph_sparse,100,99,11,137852,0,0,0,0,12
plan_build,graph_sparse,100,99,12,144556,0,0,0,0,12
plan_build,graph_sparse,100,99,13,137926,0,0,0,0,12
plan_build,graph_sparse,100,99,14,138001,0,0,0,0,12
plan_build,graph_sparse,100,99,15,138056,0,0,0,0,12
plan_build,graph_sparse,100,99,16,137982,0,0,0,0,12
plan_build,graph_sparse,100,99,17,137611,0,0,0,0,12
plan_build,graph_sparse,100,99,18,137538,0,0,0,0,12
plan_build,graph_sparse,100,99,19,137445,0,0,0,0,12
plan_build_alloc,graph_sparse,100,99,0,0,1220,305001,0,0,12
plan_declaration,graph_sparse,100,99,0,47852,0,0,0,0,100
plan_validation_freeze,graph_sparse,100,99,0,103648,0,0,0,0,12
plan_declaration,graph_sparse,100,99,1,46722,0,0,0,0,100
plan_validation_freeze,graph_sparse,100,99,1,102611,0,0,0,0,12
plan_declaration,graph_sparse,100,99,2,46667,0,0,0,0,100
plan_validation_freeze,graph_sparse,100,99,2,102111,0,0,0,0,12
plan_declaration,graph_sparse,100,99,3,46389,0,0,0,0,100
plan_validation_freeze,graph_sparse,100,99,3,102944,0,0,0,0,12
plan_declaration,graph_sparse,100,99,4,46371,0,0,0,0,100
plan_validation_freeze,graph_sparse,100,99,4,102556,0,0,0,0,12
plan_declaration,graph_sparse,100,99,5,46685,0,0,0,0,100
plan_validation_freeze,graph_sparse,100,99,5,102593,0,0,0,0,12
plan_declaration,graph_sparse,100,99,6,46463,0,0,0,0,100
plan_validation_freeze,graph_sparse,100,99,6,102741,0,0,0,0,12
plan_declaration,graph_sparse,100,99,7,46426,0,0,0,0,100
plan_validation_freeze,graph_sparse,100,99,7,102667,0,0,0,0,12
plan_declaration,graph_sparse,100,99,8,46093,0,0,0,0,100
plan_validation_freeze,graph_sparse,100,99,8,102741,0,0,0,0,12
plan_declaration,graph_sparse,100,99,9,46593,0,0,0,0,100
plan_validation_freeze,graph_sparse,100,99,9,102445,0,0,0,0,12
plan_declaration,graph_sparse,100,99,10,46649,0,0,0,0,100
plan_validation_freeze,graph_sparse,100,99,10,102111,0,0,0,0,12
plan_declaration,graph_sparse,100,99,11,46593,0,0,0,0,100
plan_validation_freeze,graph_sparse,100,99,11,102352,0,0,0,0,12
plan_declaration,graph_sparse,100,99,12,45963,0,0,0,0,100
plan_validation_freeze,graph_sparse,100,99,12,103148,0,0,0,0,12
plan_declaration,graph_sparse,100,99,13,46352,0,0,0,0,100
plan_validation_freeze,graph_sparse,100,99,13,102537,0,0,0,0,12
plan_declaration,graph_sparse,100,99,14,46204,0,0,0,0,100
plan_validation_freeze,graph_sparse,100,99,14,105593,0,0,0,0,12
plan_declaration,graph_sparse,100,99,15,46889,0,0,0,0,100
plan_validation_freeze,graph_sparse,100,99,15,102704,0,0,0,0,12
plan_declaration,graph_sparse,100,99,16,46574,0,0,0,0,100
plan_validation_freeze,graph_sparse,100,99,16,102204,0,0,0,0,12
plan_declaration,graph_sparse,100,99,17,46259,0,0,0,0,100
plan_validation_freeze,graph_sparse,100,99,17,102297,0,0,0,0,12
plan_declaration,graph_sparse,100,99,18,46537,0,0,0,0,100
plan_validation_freeze,graph_sparse,100,99,18,102056,0,0,0,0,12
plan_declaration,graph_sparse,100,99,19,46481,0,0,0,0,100
plan_validation_freeze,graph_sparse,100,99,19,102426,0,0,0,0,12
plan_declaration_alloc,graph_sparse,100,99,0,0,536,126953,0,0,100
plan_validation_freeze_alloc,graph_sparse,100,99,0,0,684,178048,0,0,12
engine_execution,graph_sparse,100,99,0,711650,0,0,0,0,71
engine_execution,graph_sparse,100,99,1,719892,0,0,0,0,70
engine_execution,graph_sparse,100,99,2,710280,0,0,0,0,69
engine_execution,graph_sparse,100,99,3,708613,0,0,0,0,68
engine_execution,graph_sparse,100,99,4,711687,0,0,0,0,67
engine_execution,graph_sparse,100,99,5,707705,0,0,0,0,66
engine_execution,graph_sparse,100,99,6,719151,0,0,0,0,65
engine_execution,graph_sparse,100,99,7,714873,0,0,0,0,64
engine_execution,graph_sparse,100,99,8,714243,0,0,0,0,79
engine_execution,graph_sparse,100,99,9,712280,0,0,0,0,78
engine_execution,graph_sparse,100,99,10,709613,0,0,0,0,77
engine_execution,graph_sparse,100,99,11,710243,0,0,0,0,76
engine_execution,graph_sparse,100,99,12,718780,0,0,0,0,75
engine_execution,graph_sparse,100,99,13,711372,0,0,0,0,74
engine_execution,graph_sparse,100,99,14,710761,0,0,0,0,73
engine_execution,graph_sparse,100,99,15,708465,0,0,0,0,72
engine_execution,graph_sparse,100,99,16,709725,0,0,0,0,87
engine_execution,graph_sparse,100,99,17,712280,0,0,0,0,86
engine_execution,graph_sparse,100,99,18,716335,0,0,0,0,85
engine_execution,graph_sparse,100,99,19,712335,0,0,0,0,84
engine_execution,graph_sparse,100,99,20,711669,0,0,0,0,83
engine_execution,graph_sparse,100,99,21,710669,0,0,0,0,82
engine_execution,graph_sparse,100,99,22,710965,0,0,0,0,81
engine_execution,graph_sparse,100,99,23,717076,0,0,0,0,80
engine_execution,graph_sparse,100,99,24,709928,0,0,0,0,95
engine_execution,graph_sparse,100,99,25,712298,0,0,0,0,94
engine_execution,graph_sparse,100,99,26,712780,0,0,0,0,93
engine_execution,graph_sparse,100,99,27,709557,0,0,0,0,92
engine_execution,graph_sparse,100,99,28,709668,0,0,0,0,91
engine_execution,graph_sparse,100,99,29,714428,0,0,0,0,90
engine_execution,graph_sparse,100,99,30,707947,0,0,0,0,89
engine_execution,graph_sparse,100,99,31,709651,0,0,0,0,88
engine_execution,graph_sparse,100,99,32,706780,0,0,0,0,103
engine_execution,graph_sparse,100,99,33,710576,0,0,0,0,102
engine_execution,graph_sparse,100,99,34,710002,0,0,0,0,101
engine_execution,graph_sparse,100,99,35,715206,0,0,0,0,100
engine_execution,graph_sparse,100,99,36,711483,0,0,0,0,99
engine_execution,graph_sparse,100,99,37,709836,0,0,0,0,98
engine_execution,graph_sparse,100,99,38,709688,0,0,0,0,97
engine_execution,graph_sparse,100,99,39,709151,0,0,0,0,96
engine_execution_alloc,graph_sparse,100,99,0,0,5166,514425,0,0,23069
machine_state_setup,graph_sparse,100,99,0,17408,0,0,0,0,100
body_state_setup,graph_sparse,100,99,0,3667,0,0,0,0,0
machine_state_setup,graph_sparse,100,99,1,13870,0,0,0,0,100
body_state_setup,graph_sparse,100,99,1,3130,0,0,0,0,0
machine_state_setup,graph_sparse,100,99,2,14037,0,0,0,0,100
body_state_setup,graph_sparse,100,99,2,3166,0,0,0,0,0
machine_state_setup,graph_sparse,100,99,3,13685,0,0,0,0,100
body_state_setup,graph_sparse,100,99,3,3074,0,0,0,0,0
machine_state_setup,graph_sparse,100,99,4,13629,0,0,0,0,100
body_state_setup,graph_sparse,100,99,4,2871,0,0,0,0,0
machine_state_setup,graph_sparse,100,99,5,13519,0,0,0,0,100
body_state_setup,graph_sparse,100,99,5,2963,0,0,0,0,0
machine_state_setup,graph_sparse,100,99,6,13592,0,0,0,0,100
body_state_setup,graph_sparse,100,99,6,3074,0,0,0,0,0
machine_state_setup,graph_sparse,100,99,7,13482,0,0,0,0,100
body_state_setup,graph_sparse,100,99,7,2963,0,0,0,0,0
machine_state_setup,graph_sparse,100,99,8,13592,0,0,0,0,100
body_state_setup,graph_sparse,100,99,8,2907,0,0,0,0,0
machine_state_setup,graph_sparse,100,99,9,13519,0,0,0,0,100
body_state_setup,graph_sparse,100,99,9,2907,0,0,0,0,0
machine_state_setup,graph_sparse,100,99,10,13611,0,0,0,0,100
body_state_setup,graph_sparse,100,99,10,2926,0,0,0,0,0
machine_state_setup,graph_sparse,100,99,11,13537,0,0,0,0,100
body_state_setup,graph_sparse,100,99,11,2907,0,0,0,0,0
machine_state_setup,graph_sparse,100,99,12,13611,0,0,0,0,100
body_state_setup,graph_sparse,100,99,12,3000,0,0,0,0,0
machine_state_setup,graph_sparse,100,99,13,13500,0,0,0,0,100
body_state_setup,graph_sparse,100,99,13,2889,0,0,0,0,0
machine_state_setup,graph_sparse,100,99,14,13611,0,0,0,0,100
body_state_setup,graph_sparse,100,99,14,2907,0,0,0,0,0
machine_state_setup,graph_sparse,100,99,15,13500,0,0,0,0,100
body_state_setup,graph_sparse,100,99,15,3074,0,0,0,0,0
machine_state_setup,graph_sparse,100,99,16,13611,0,0,0,0,100
body_state_setup,graph_sparse,100,99,16,3000,0,0,0,0,0
machine_state_setup,graph_sparse,100,99,17,16945,0,0,0,0,100
body_state_setup,graph_sparse,100,99,17,3056,0,0,0,0,0
machine_state_setup,graph_sparse,100,99,18,13666,0,0,0,0,100
body_state_setup,graph_sparse,100,99,18,2907,0,0,0,0,0
machine_state_setup,graph_sparse,100,99,19,13574,0,0,0,0,100
body_state_setup,graph_sparse,100,99,19,2870,0,0,0,0,0
machine_state_setup,graph_sparse,100,99,20,15278,0,0,0,0,100
body_state_setup,graph_sparse,100,99,20,2871,0,0,0,0,0
machine_state_setup,graph_sparse,100,99,21,13500,0,0,0,0,100
body_state_setup,graph_sparse,100,99,21,2908,0,0,0,0,0
machine_state_setup,graph_sparse,100,99,22,13574,0,0,0,0,100
body_state_setup,graph_sparse,100,99,22,3018,0,0,0,0,0
machine_state_setup,graph_sparse,100,99,23,15277,0,0,0,0,100
body_state_setup,graph_sparse,100,99,23,3092,0,0,0,0,0
machine_state_setup,graph_sparse,100,99,24,13703,0,0,0,0,100
body_state_setup,graph_sparse,100,99,24,3019,0,0,0,0,0
machine_state_setup,graph_sparse,100,99,25,13685,0,0,0,0,100
body_state_setup,graph_sparse,100,99,25,2944,0,0,0,0,0
machine_state_setup,graph_sparse,100,99,26,18259,0,0,0,0,100
body_state_setup,graph_sparse,100,99,26,3093,0,0,0,0,0
machine_state_setup,graph_sparse,100,99,27,13519,0,0,0,0,100
body_state_setup,graph_sparse,100,99,27,2945,0,0,0,0,0
machine_state_setup,graph_sparse,100,99,28,13537,0,0,0,0,100
body_state_setup,graph_sparse,100,99,28,2907,0,0,0,0,0
machine_state_setup,graph_sparse,100,99,29,14889,0,0,0,0,100
body_state_setup,graph_sparse,100,99,29,2945,0,0,0,0,0
machine_state_setup,graph_sparse,100,99,30,13574,0,0,0,0,100
body_state_setup,graph_sparse,100,99,30,2889,0,0,0,0,0
machine_state_setup,graph_sparse,100,99,31,15149,0,0,0,0,100
body_state_setup,graph_sparse,100,99,31,3019,0,0,0,0,0
machine_state_setup,graph_sparse,100,99,32,13537,0,0,0,0,100
body_state_setup,graph_sparse,100,99,32,2926,0,0,0,0,0
machine_state_setup,graph_sparse,100,99,33,13482,0,0,0,0,100
body_state_setup,graph_sparse,100,99,33,3093,0,0,0,0,0
machine_state_setup,graph_sparse,100,99,34,15092,0,0,0,0,100
body_state_setup,graph_sparse,100,99,34,2982,0,0,0,0,0
machine_state_setup,graph_sparse,100,99,35,13445,0,0,0,0,100
body_state_setup,graph_sparse,100,99,35,3130,0,0,0,0,0
machine_state_setup,graph_sparse,100,99,36,13556,0,0,0,0,100
body_state_setup,graph_sparse,100,99,36,2945,0,0,0,0,0
machine_state_setup,graph_sparse,100,99,37,14926,0,0,0,0,100
body_state_setup,graph_sparse,100,99,37,2981,0,0,0,0,0
machine_state_setup,graph_sparse,100,99,38,13463,0,0,0,0,100
body_state_setup,graph_sparse,100,99,38,2815,0,0,0,0,0
machine_state_setup,graph_sparse,100,99,39,13592,0,0,0,0,100
body_state_setup,graph_sparse,100,99,39,2981,0,0,0,0,0
fixture_generation,graph_chain,1000,999,0,149167,0,0,0,0,5000
fixture_generation,graph_chain,1000,999,1,149019,0,0,0,0,5000
fixture_generation,graph_chain,1000,999,2,148538,0,0,0,0,5000
fixture_generation,graph_chain,1000,999,3,149130,0,0,0,0,5000
fixture_generation,graph_chain,1000,999,4,148667,0,0,0,0,5000
fixture_generation,graph_chain,1000,999,5,148630,0,0,0,0,5000
fixture_generation,graph_chain,1000,999,6,148833,0,0,0,0,5000
fixture_generation,graph_chain,1000,999,7,148871,0,0,0,0,5000
fixture_generation,graph_chain,1000,999,8,148723,0,0,0,0,5000
fixture_generation,graph_chain,1000,999,9,148612,0,0,0,0,5000
fixture_generation,graph_chain,1000,999,10,148815,0,0,0,0,5000
fixture_generation,graph_chain,1000,999,11,148723,0,0,0,0,5000
fixture_generation,graph_chain,1000,999,12,148890,0,0,0,0,5000
fixture_generation,graph_chain,1000,999,13,148797,0,0,0,0,5000
fixture_generation,graph_chain,1000,999,14,148612,0,0,0,0,5000
fixture_generation,graph_chain,1000,999,15,148519,0,0,0,0,5000
fixture_generation,graph_chain,1000,999,16,148667,0,0,0,0,5000
fixture_generation,graph_chain,1000,999,17,148649,0,0,0,0,5000
fixture_generation,graph_chain,1000,999,18,148445,0,0,0,0,5000
fixture_generation,graph_chain,1000,999,19,152315,0,0,0,0,5000
plan_build,graph_chain,1000,999,0,4470736,0,0,0,0,11
plan_build,graph_chain,1000,999,1,4320421,0,0,0,0,11
plan_build,graph_chain,1000,999,2,4351124,0,0,0,0,11
plan_build,graph_chain,1000,999,3,4375198,0,0,0,0,11
plan_build,graph_chain,1000,999,4,4330958,0,0,0,0,11
plan_build,graph_chain,1000,999,5,4358365,0,0,0,0,11
plan_build,graph_chain,1000,999,6,4359310,0,0,0,0,11
plan_build,graph_chain,1000,999,7,4317810,0,0,0,0,11
plan_build,graph_chain,1000,999,8,4314828,0,0,0,0,11
plan_build,graph_chain,1000,999,9,4408736,0,0,0,0,11
plan_build,graph_chain,1000,999,10,4362218,0,0,0,0,11
plan_build,graph_chain,1000,999,11,4322791,0,0,0,0,11
plan_build,graph_chain,1000,999,12,4318272,0,0,0,0,11
plan_build,graph_chain,1000,999,13,4334624,0,0,0,0,11
plan_build,graph_chain,1000,999,14,4345643,0,0,0,0,11
plan_build,graph_chain,1000,999,15,4302457,0,0,0,0,11
plan_build,graph_chain,1000,999,16,4315217,0,0,0,0,11
plan_build,graph_chain,1000,999,17,4321384,0,0,0,0,11
plan_build,graph_chain,1000,999,18,4333717,0,0,0,0,11
plan_build,graph_chain,1000,999,19,4316291,0,0,0,0,11
plan_build_alloc,graph_chain,1000,999,0,0,12096,2543619,0,0,11
plan_declaration,graph_chain,1000,999,0,465390,0,0,0,0,1000
plan_validation_freeze,graph_chain,1000,999,0,4004438,0,0,0,0,11
plan_declaration,graph_chain,1000,999,1,456613,0,0,0,0,1000
plan_validation_freeze,graph_chain,1000,999,1,4029272,0,0,0,0,11
plan_declaration,graph_chain,1000,999,2,456205,0,0,0,0,1000
plan_validation_freeze,graph_chain,1000,999,2,3985957,0,0,0,0,11
plan_declaration,graph_chain,1000,999,3,460983,0,0,0,0,1000
plan_validation_freeze,graph_chain,1000,999,3,4025827,0,0,0,0,11
plan_declaration,graph_chain,1000,999,4,460409,0,0,0,0,1000
plan_validation_freeze,graph_chain,1000,999,4,3996808,0,0,0,0,11
plan_declaration,graph_chain,1000,999,5,455649,0,0,0,0,1000
plan_validation_freeze,graph_chain,1000,999,5,4039031,0,0,0,0,11
plan_declaration,graph_chain,1000,999,6,462464,0,0,0,0,1000
plan_validation_freeze,graph_chain,1000,999,6,4018030,0,0,0,0,11
plan_declaration,graph_chain,1000,999,7,457038,0,0,0,0,1000
plan_validation_freeze,graph_chain,1000,999,7,4008142,0,0,0,0,11
plan_declaration,graph_chain,1000,999,8,458113,0,0,0,0,1000
plan_validation_freeze,graph_chain,1000,999,8,4018327,0,0,0,0,11
plan_declaration,graph_chain,1000,999,9,465928,0,0,0,0,1000
plan_validation_freeze,graph_chain,1000,999,9,4021642,0,0,0,0,11
plan_declaration,graph_chain,1000,999,10,458131,0,0,0,0,1000
plan_validation_freeze,graph_chain,1000,999,10,4020846,0,0,0,0,11
plan_declaration,graph_chain,1000,999,11,466002,0,0,0,0,1000
plan_validation_freeze,graph_chain,1000,999,11,4004938,0,0,0,0,11
plan_declaration,graph_chain,1000,999,12,460964,0,0,0,0,1000
plan_validation_freeze,graph_chain,1000,999,12,3999771,0,0,0,0,11
plan_declaration,graph_chain,1000,999,13,453798,0,0,0,0,1000
plan_validation_freeze,graph_chain,1000,999,13,4047605,0,0,0,0,11
plan_declaration,graph_chain,1000,999,14,457409,0,0,0,0,1000
plan_validation_freeze,graph_chain,1000,999,14,4050642,0,0,0,0,11
plan_declaration,graph_chain,1000,999,15,474927,0,0,0,0,1000
plan_validation_freeze,graph_chain,1000,999,15,4120717,0,0,0,0,11
plan_declaration,graph_chain,1000,999,16,496872,0,0,0,0,1000
plan_validation_freeze,graph_chain,1000,999,16,4093698,0,0,0,0,11
plan_declaration,graph_chain,1000,999,17,462112,0,0,0,0,1000
plan_validation_freeze,graph_chain,1000,999,17,4072531,0,0,0,0,11
plan_declaration,graph_chain,1000,999,18,472057,0,0,0,0,1000
plan_validation_freeze,graph_chain,1000,999,18,4011253,0,0,0,0,11
plan_declaration,graph_chain,1000,999,19,454945,0,0,0,0,1000
plan_validation_freeze,graph_chain,1000,999,19,3999864,0,0,0,0,11
plan_declaration_alloc,graph_chain,1000,999,0,0,5051,1046640,0,0,1000
plan_validation_freeze_alloc,graph_chain,1000,999,0,0,7045,1496979,0,0,11
engine_execution,graph_chain,1000,999,0,35061071,0,0,0,0,1
engine_execution,graph_chain,1000,999,1,34598032,0,0,0,0,0
engine_execution,graph_chain,1000,999,2,34920514,0,0,0,0,3
engine_execution,graph_chain,1000,999,3,34436624,0,0,0,0,2
engine_execution,graph_chain,1000,999,4,34698217,0,0,0,0,5
engine_execution,graph_chain,1000,999,5,34674921,0,0,0,0,4
engine_execution,graph_chain,1000,999,6,35434276,0,0,0,0,7
engine_execution,graph_chain,1000,999,7,35249682,0,0,0,0,6
engine_execution,graph_chain,1000,999,8,34998515,0,0,0,0,9
engine_execution,graph_chain,1000,999,9,35003941,0,0,0,0,8
engine_execution,graph_chain,1000,999,10,34921644,0,0,0,0,11
engine_execution,graph_chain,1000,999,11,34802366,0,0,0,0,10
engine_execution,graph_chain,1000,999,12,34903089,0,0,0,0,13
engine_execution,graph_chain,1000,999,13,35315738,0,0,0,0,12
engine_execution,graph_chain,1000,999,14,34942071,0,0,0,0,15
engine_execution,graph_chain,1000,999,15,35080015,0,0,0,0,14
engine_execution,graph_chain,1000,999,16,34877552,0,0,0,0,17
engine_execution,graph_chain,1000,999,17,34754069,0,0,0,0,16
engine_execution,graph_chain,1000,999,18,34665069,0,0,0,0,19
engine_execution,graph_chain,1000,999,19,35365979,0,0,0,0,18
engine_execution,graph_chain,1000,999,20,35640109,0,0,0,0,21
engine_execution,graph_chain,1000,999,21,35148516,0,0,0,0,20
engine_execution,graph_chain,1000,999,22,34865218,0,0,0,0,23
engine_execution,graph_chain,1000,999,23,36769798,0,0,0,0,22
engine_execution,graph_chain,1000,999,24,35064978,0,0,0,0,25
engine_execution,graph_chain,1000,999,25,34835848,0,0,0,0,24
engine_execution,graph_chain,1000,999,26,35775962,0,0,0,0,27
engine_execution,graph_chain,1000,999,27,36132741,0,0,0,0,26
engine_execution,graph_chain,1000,999,28,35634461,0,0,0,0,29
engine_execution,graph_chain,1000,999,29,35269645,0,0,0,0,28
engine_execution,graph_chain,1000,999,30,35284979,0,0,0,0,31
engine_execution,graph_chain,1000,999,31,35058570,0,0,0,0,30
engine_execution,graph_chain,1000,999,32,34938218,0,0,0,0,33
engine_execution,graph_chain,1000,999,33,35242312,0,0,0,0,32
engine_execution,graph_chain,1000,999,34,35631868,0,0,0,0,35
engine_execution,graph_chain,1000,999,35,35598350,0,0,0,0,34
engine_execution,graph_chain,1000,999,36,35258645,0,0,0,0,37
engine_execution,graph_chain,1000,999,37,36073684,0,0,0,0,36
engine_execution,graph_chain,1000,999,38,36592631,0,0,0,0,39
engine_execution,graph_chain,1000,999,39,35126237,0,0,0,0,38
engine_execution_alloc,graph_chain,1000,999,0,0,52069,19679208,0,0,23131
machine_state_setup,graph_chain,1000,999,0,193964,0,0,0,0,1000
body_state_setup,graph_chain,1000,999,0,4945,0,0,0,0,0
machine_state_setup,graph_chain,1000,999,1,157723,0,0,0,0,1000
body_state_setup,graph_chain,1000,999,1,2870,0,0,0,0,0
machine_state_setup,graph_chain,1000,999,2,152149,0,0,0,0,1000
body_state_setup,graph_chain,1000,999,2,2870,0,0,0,0,0
machine_state_setup,graph_chain,1000,999,3,152296,0,0,0,0,1000
body_state_setup,graph_chain,1000,999,3,2593,0,0,0,0,0
machine_state_setup,graph_chain,1000,999,4,153871,0,0,0,0,1000
body_state_setup,graph_chain,1000,999,4,2759,0,0,0,0,0
machine_state_setup,graph_chain,1000,999,5,160297,0,0,0,0,1000
body_state_setup,graph_chain,1000,999,5,3593,0,0,0,0,0
machine_state_setup,graph_chain,1000,999,6,153519,0,0,0,0,1000
body_state_setup,graph_chain,1000,999,6,2555,0,0,0,0,0
machine_state_setup,graph_chain,1000,999,7,151075,0,0,0,0,1000
body_state_setup,graph_chain,1000,999,7,2537,0,0,0,0,0
machine_state_setup,graph_chain,1000,999,8,148797,0,0,0,0,1000
body_state_setup,graph_chain,1000,999,8,2648,0,0,0,0,0
machine_state_setup,graph_chain,1000,999,9,148630,0,0,0,0,1000
body_state_setup,graph_chain,1000,999,9,3463,0,0,0,0,0
machine_state_setup,graph_chain,1000,999,10,150667,0,0,0,0,1000
body_state_setup,graph_chain,1000,999,10,2537,0,0,0,0,0
machine_state_setup,graph_chain,1000,999,11,148130,0,0,0,0,1000
body_state_setup,graph_chain,1000,999,11,2481,0,0,0,0,0
machine_state_setup,graph_chain,1000,999,12,149667,0,0,0,0,1000
body_state_setup,graph_chain,1000,999,12,2519,0,0,0,0,0
machine_state_setup,graph_chain,1000,999,13,149371,0,0,0,0,1000
body_state_setup,graph_chain,1000,999,13,2519,0,0,0,0,0
machine_state_setup,graph_chain,1000,999,14,149242,0,0,0,0,1000
body_state_setup,graph_chain,1000,999,14,2555,0,0,0,0,0
machine_state_setup,graph_chain,1000,999,15,150741,0,0,0,0,1000
body_state_setup,graph_chain,1000,999,15,2481,0,0,0,0,0
machine_state_setup,graph_chain,1000,999,16,149685,0,0,0,0,1000
body_state_setup,graph_chain,1000,999,16,2741,0,0,0,0,0
machine_state_setup,graph_chain,1000,999,17,149593,0,0,0,0,1000
body_state_setup,graph_chain,1000,999,17,2482,0,0,0,0,0
machine_state_setup,graph_chain,1000,999,18,161963,0,0,0,0,1000
body_state_setup,graph_chain,1000,999,18,3222,0,0,0,0,0
machine_state_setup,graph_chain,1000,999,19,159982,0,0,0,0,1000
body_state_setup,graph_chain,1000,999,19,2482,0,0,0,0,0
machine_state_setup,graph_chain,1000,999,20,175056,0,0,0,0,1000
body_state_setup,graph_chain,1000,999,20,4000,0,0,0,0,0
machine_state_setup,graph_chain,1000,999,21,156001,0,0,0,0,1000
body_state_setup,graph_chain,1000,999,21,2518,0,0,0,0,0
machine_state_setup,graph_chain,1000,999,22,157686,0,0,0,0,1000
body_state_setup,graph_chain,1000,999,22,2556,0,0,0,0,0
machine_state_setup,graph_chain,1000,999,23,161259,0,0,0,0,1000
body_state_setup,graph_chain,1000,999,23,2649,0,0,0,0,0
machine_state_setup,graph_chain,1000,999,24,153741,0,0,0,0,1000
body_state_setup,graph_chain,1000,999,24,2445,0,0,0,0,0
machine_state_setup,graph_chain,1000,999,25,158148,0,0,0,0,1000
body_state_setup,graph_chain,1000,999,25,2519,0,0,0,0,0
machine_state_setup,graph_chain,1000,999,26,158408,0,0,0,0,1000
body_state_setup,graph_chain,1000,999,26,2555,0,0,0,0,0
machine_state_setup,graph_chain,1000,999,27,164667,0,0,0,0,1000
body_state_setup,graph_chain,1000,999,27,2612,0,0,0,0,0
machine_state_setup,graph_chain,1000,999,28,157056,0,0,0,0,1000
body_state_setup,graph_chain,1000,999,28,2444,0,0,0,0,0
machine_state_setup,graph_chain,1000,999,29,161686,0,0,0,0,1000
body_state_setup,graph_chain,1000,999,29,2555,0,0,0,0,0
machine_state_setup,graph_chain,1000,999,30,166371,0,0,0,0,1000
body_state_setup,graph_chain,1000,999,30,2981,0,0,0,0,0
machine_state_setup,graph_chain,1000,999,31,156371,0,0,0,0,1000
body_state_setup,graph_chain,1000,999,31,2556,0,0,0,0,0
machine_state_setup,graph_chain,1000,999,32,158834,0,0,0,0,1000
body_state_setup,graph_chain,1000,999,32,2944,0,0,0,0,0
machine_state_setup,graph_chain,1000,999,33,155908,0,0,0,0,1000
body_state_setup,graph_chain,1000,999,33,2463,0,0,0,0,0
machine_state_setup,graph_chain,1000,999,34,154056,0,0,0,0,1000
body_state_setup,graph_chain,1000,999,34,2444,0,0,0,0,0
machine_state_setup,graph_chain,1000,999,35,153501,0,0,0,0,1000
body_state_setup,graph_chain,1000,999,35,2611,0,0,0,0,0
machine_state_setup,graph_chain,1000,999,36,164501,0,0,0,0,1000
body_state_setup,graph_chain,1000,999,36,2555,0,0,0,0,0
machine_state_setup,graph_chain,1000,999,37,155426,0,0,0,0,1000
body_state_setup,graph_chain,1000,999,37,2556,0,0,0,0,0
machine_state_setup,graph_chain,1000,999,38,155463,0,0,0,0,1000
body_state_setup,graph_chain,1000,999,38,2648,0,0,0,0,0
machine_state_setup,graph_chain,1000,999,39,154333,0,0,0,0,1000
body_state_setup,graph_chain,1000,999,39,2500,0,0,0,0,0
pure_machine_events_preseeded,graph_chain,1000,999,0,23192608,0,0,0,0,1001
pure_machine_events_preseeded,graph_chain,1000,999,1,23485016,0,0,0,0,1001
pure_machine_events_preseeded,graph_chain,1000,999,2,23281997,0,0,0,0,1001
pure_machine_events_preseeded,graph_chain,1000,999,3,23214386,0,0,0,0,1001
pure_machine_events_preseeded,graph_chain,1000,999,4,23273998,0,0,0,0,1001
pure_machine_events_preseeded,graph_chain,1000,999,5,23314127,0,0,0,0,1001
pure_machine_events_preseeded,graph_chain,1000,999,6,23318035,0,0,0,0,1001
pure_machine_events_preseeded,graph_chain,1000,999,7,23283238,0,0,0,0,1001
pure_machine_events_preseeded,graph_chain,1000,999,8,23150663,0,0,0,0,1001
pure_machine_events_preseeded,graph_chain,1000,999,9,23277313,0,0,0,0,1001
pure_machine_events_preseeded,graph_chain,1000,999,10,23463221,0,0,0,0,1001
pure_machine_events_preseeded,graph_chain,1000,999,11,23345535,0,0,0,0,1001
pure_machine_events_preseeded,graph_chain,1000,999,12,23211516,0,0,0,0,1001
pure_machine_events_preseeded,graph_chain,1000,999,13,23301683,0,0,0,0,1001
pure_machine_events_preseeded,graph_chain,1000,999,14,23196534,0,0,0,0,1001
pure_machine_events_preseeded,graph_chain,1000,999,15,23308534,0,0,0,0,1001
pure_machine_events_preseeded,graph_chain,1000,999,16,23339146,0,0,0,0,1001
pure_machine_events_preseeded,graph_chain,1000,999,17,23151886,0,0,0,0,1001
pure_machine_events_preseeded,graph_chain,1000,999,18,23212183,0,0,0,0,1001
pure_machine_events_preseeded,graph_chain,1000,999,19,23071719,0,0,0,0,1001
pure_machine_events_preseeded,graph_chain,1000,999,20,23071608,0,0,0,0,1001
pure_machine_events_preseeded,graph_chain,1000,999,21,23069033,0,0,0,0,1001
pure_machine_events_preseeded,graph_chain,1000,999,22,23182868,0,0,0,0,1001
pure_machine_events_preseeded,graph_chain,1000,999,23,23183682,0,0,0,0,1001
pure_machine_events_preseeded,graph_chain,1000,999,24,23141960,0,0,0,0,1001
pure_machine_events_preseeded,graph_chain,1000,999,25,23208145,0,0,0,0,1001
pure_machine_events_preseeded,graph_chain,1000,999,26,23132645,0,0,0,0,1001
pure_machine_events_preseeded,graph_chain,1000,999,27,23276368,0,0,0,0,1001
pure_machine_events_preseeded,graph_chain,1000,999,28,23316664,0,0,0,0,1001
pure_machine_events_preseeded,graph_chain,1000,999,29,23330664,0,0,0,0,1001
pure_machine_events_preseeded,graph_chain,1000,999,30,23185627,0,0,0,0,1001
pure_machine_events_preseeded,graph_chain,1000,999,31,23266719,0,0,0,0,1001
pure_machine_events_preseeded,graph_chain,1000,999,32,23217016,0,0,0,0,1001
pure_machine_events_preseeded,graph_chain,1000,999,33,23415331,0,0,0,0,1001
pure_machine_events_preseeded,graph_chain,1000,999,34,23313053,0,0,0,0,1001
pure_machine_events_preseeded,graph_chain,1000,999,35,23375682,0,0,0,0,1001
pure_machine_events_preseeded,graph_chain,1000,999,36,23221034,0,0,0,0,1001
pure_machine_events_preseeded,graph_chain,1000,999,37,23257330,0,0,0,0,1001
pure_machine_events_preseeded,graph_chain,1000,999,38,23298590,0,0,0,0,1001
pure_machine_events_preseeded,graph_chain,1000,999,39,23181330,0,0,0,0,1001
fixture_generation,graph_wide,1000,999,0,148649,0,0,0,0,5000
fixture_generation,graph_wide,1000,999,1,148112,0,0,0,0,5000
fixture_generation,graph_wide,1000,999,2,148001,0,0,0,0,5000
fixture_generation,graph_wide,1000,999,3,148149,0,0,0,0,5000
fixture_generation,graph_wide,1000,999,4,148130,0,0,0,0,5000
fixture_generation,graph_wide,1000,999,5,147816,0,0,0,0,5000
fixture_generation,graph_wide,1000,999,6,147982,0,0,0,0,5000
fixture_generation,graph_wide,1000,999,7,148000,0,0,0,0,5000
fixture_generation,graph_wide,1000,999,8,147834,0,0,0,0,5000
fixture_generation,graph_wide,1000,999,9,147649,0,0,0,0,5000
fixture_generation,graph_wide,1000,999,10,147982,0,0,0,0,5000
fixture_generation,graph_wide,1000,999,11,147926,0,0,0,0,5000
fixture_generation,graph_wide,1000,999,12,147685,0,0,0,0,5000
fixture_generation,graph_wide,1000,999,13,147982,0,0,0,0,5000
fixture_generation,graph_wide,1000,999,14,147871,0,0,0,0,5000
fixture_generation,graph_wide,1000,999,15,147741,0,0,0,0,5000
fixture_generation,graph_wide,1000,999,16,147908,0,0,0,0,5000
fixture_generation,graph_wide,1000,999,17,147760,0,0,0,0,5000
fixture_generation,graph_wide,1000,999,18,147926,0,0,0,0,5000
fixture_generation,graph_wide,1000,999,19,154500,0,0,0,0,5000
plan_build,graph_wide,1000,999,0,5139608,0,0,0,0,10
plan_build,graph_wide,1000,999,1,5077219,0,0,0,0,10
plan_build,graph_wide,1000,999,2,5077700,0,0,0,0,10
plan_build,graph_wide,1000,999,3,5073941,0,0,0,0,10
plan_build,graph_wide,1000,999,4,5059441,0,0,0,0,10
plan_build,graph_wide,1000,999,5,5047590,0,0,0,0,10
plan_build,graph_wide,1000,999,6,5044460,0,0,0,0,10
plan_build,graph_wide,1000,999,7,5043108,0,0,0,0,10
plan_build,graph_wide,1000,999,8,5051349,0,0,0,0,10
plan_build,graph_wide,1000,999,9,5038275,0,0,0,0,10
plan_build,graph_wide,1000,999,10,5045497,0,0,0,0,10
plan_build,graph_wide,1000,999,11,5059108,0,0,0,0,10
plan_build,graph_wide,1000,999,12,5039423,0,0,0,0,10
plan_build,graph_wide,1000,999,13,5038627,0,0,0,0,10
plan_build,graph_wide,1000,999,14,5044127,0,0,0,0,10
plan_build,graph_wide,1000,999,15,5048108,0,0,0,0,10
plan_build,graph_wide,1000,999,16,5060997,0,0,0,0,10
plan_build,graph_wide,1000,999,17,5048386,0,0,0,0,10
plan_build,graph_wide,1000,999,18,5127905,0,0,0,0,10
plan_build,graph_wide,1000,999,19,5192757,0,0,0,0,10
plan_build_alloc,graph_wide,1000,999,0,0,11106,2528001,0,0,10
plan_declaration,graph_wide,1000,999,0,434149,0,0,0,0,1000
plan_validation_freeze,graph_wide,1000,999,0,4767422,0,0,0,0,10
plan_declaration,graph_wide,1000,999,1,431464,0,0,0,0,1000
plan_validation_freeze,graph_wide,1000,999,1,4738755,0,0,0,0,10
plan_declaration,graph_wide,1000,999,2,425890,0,0,0,0,1000
plan_validation_freeze,graph_wide,1000,999,2,4765088,0,0,0,0,10
plan_declaration,graph_wide,1000,999,3,425372,0,0,0,0,1000
plan_validation_freeze,graph_wide,1000,999,3,4758867,0,0,0,0,10
plan_declaration,graph_wide,1000,999,4,426779,0,0,0,0,1000
plan_validation_freeze,graph_wide,1000,999,4,4745959,0,0,0,0,10
plan_declaration,graph_wide,1000,999,5,427445,0,0,0,0,1000
plan_validation_freeze,graph_wide,1000,999,5,4754366,0,0,0,0,10
plan_declaration,graph_wide,1000,999,6,432983,0,0,0,0,1000
plan_validation_freeze,graph_wide,1000,999,6,4751125,0,0,0,0,10
plan_declaration,graph_wide,1000,999,7,424038,0,0,0,0,1000
plan_validation_freeze,graph_wide,1000,999,7,4732625,0,0,0,0,10
plan_declaration,graph_wide,1000,999,8,429094,0,0,0,0,1000
plan_validation_freeze,graph_wide,1000,999,8,4766830,0,0,0,0,10
plan_declaration,graph_wide,1000,999,9,429871,0,0,0,0,1000
plan_validation_freeze,graph_wide,1000,999,9,4749366,0,0,0,0,10
plan_declaration,graph_wide,1000,999,10,428298,0,0,0,0,1000
plan_validation_freeze,graph_wide,1000,999,10,4748255,0,0,0,0,10
plan_declaration,graph_wide,1000,999,11,426742,0,0,0,0,1000
plan_validation_freeze,graph_wide,1000,999,11,4746940,0,0,0,0,10
plan_declaration,graph_wide,1000,999,12,429464,0,0,0,0,1000
plan_validation_freeze,graph_wide,1000,999,12,4745256,0,0,0,0,10
plan_declaration,graph_wide,1000,999,13,425186,0,0,0,0,1000
plan_validation_freeze,graph_wide,1000,999,13,4734719,0,0,0,0,10
plan_declaration,graph_wide,1000,999,14,433742,0,0,0,0,1000
plan_validation_freeze,graph_wide,1000,999,14,4726904,0,0,0,0,10
plan_declaration,graph_wide,1000,999,15,425816,0,0,0,0,1000
plan_validation_freeze,graph_wide,1000,999,15,4717626,0,0,0,0,10
plan_declaration,graph_wide,1000,999,16,427354,0,0,0,0,1000
plan_validation_freeze,graph_wide,1000,999,16,4728811,0,0,0,0,10
plan_declaration,graph_wide,1000,999,17,427316,0,0,0,0,1000
plan_validation_freeze,graph_wide,1000,999,17,4747052,0,0,0,0,10
plan_declaration,graph_wide,1000,999,18,423983,0,0,0,0,1000
plan_validation_freeze,graph_wide,1000,999,18,4741922,0,0,0,0,10
plan_declaration,graph_wide,1000,999,19,428149,0,0,0,0,1000
plan_validation_freeze,graph_wide,1000,999,19,4727718,0,0,0,0,10
plan_declaration_alloc,graph_wide,1000,999,0,0,5051,1046639,0,0,1000
plan_validation_freeze_alloc,graph_wide,1000,999,0,0,6055,1481362,0,0,10
engine_execution,graph_wide,1000,999,0,19002540,0,0,0,0,998
engine_execution,graph_wide,1000,999,1,18973206,0,0,0,0,999
engine_execution,graph_wide,1000,999,2,19138817,0,0,0,0,996
engine_execution,graph_wide,1000,999,3,19028688,0,0,0,0,997
engine_execution,graph_wide,1000,999,4,19188077,0,0,0,0,994
engine_execution,graph_wide,1000,999,5,18790391,0,0,0,0,995
engine_execution,graph_wide,1000,999,6,18826540,0,0,0,0,992
engine_execution,graph_wide,1000,999,7,19033484,0,0,0,0,993
engine_execution,graph_wide,1000,999,8,18939947,0,0,0,0,1006
engine_execution,graph_wide,1000,999,9,18997854,0,0,0,0,1007
engine_execution,graph_wide,1000,999,10,18954725,0,0,0,0,1004
engine_execution,graph_wide,1000,999,11,19504911,0,0,0,0,1005
engine_execution,graph_wide,1000,999,12,19050743,0,0,0,0,1002
engine_execution,graph_wide,1000,999,13,19045225,0,0,0,0,1003
engine_execution,graph_wide,1000,999,14,18787261,0,0,0,0,1000
engine_execution,graph_wide,1000,999,15,19015410,0,0,0,0,1001
engine_execution,graph_wide,1000,999,16,19029595,0,0,0,0,1014
engine_execution,graph_wide,1000,999,17,18906983,0,0,0,0,1015
engine_execution,graph_wide,1000,999,18,19006318,0,0,0,0,1012
engine_execution,graph_wide,1000,999,19,19105558,0,0,0,0,1013
engine_execution,graph_wide,1000,999,20,18993632,0,0,0,0,1010
engine_execution,graph_wide,1000,999,21,18929058,0,0,0,0,1011
engine_execution,graph_wide,1000,999,22,18871502,0,0,0,0,1008
engine_execution,graph_wide,1000,999,23,18921225,0,0,0,0,1009
engine_execution,graph_wide,1000,999,24,19380374,0,0,0,0,1022
engine_execution,graph_wide,1000,999,25,18883280,0,0,0,0,1023
engine_execution,graph_wide,1000,999,26,18962299,0,0,0,0,1020
engine_execution,graph_wide,1000,999,27,19069540,0,0,0,0,1021
engine_execution,graph_wide,1000,999,28,18999613,0,0,0,0,1018
engine_execution,graph_wide,1000,999,29,18989114,0,0,0,0,1019
engine_execution,graph_wide,1000,999,30,18940521,0,0,0,0,1016
engine_execution,graph_wide,1000,999,31,19054244,0,0,0,0,1017
engine_execution,graph_wide,1000,999,32,18969521,0,0,0,0,966
engine_execution,graph_wide,1000,999,33,18890632,0,0,0,0,967
engine_execution,graph_wide,1000,999,34,19140281,0,0,0,0,964
engine_execution,graph_wide,1000,999,35,18966391,0,0,0,0,965
engine_execution,graph_wide,1000,999,36,19119799,0,0,0,0,962
engine_execution,graph_wide,1000,999,37,19348078,0,0,0,0,963
engine_execution,graph_wide,1000,999,38,18995688,0,0,0,0,960
engine_execution,graph_wide,1000,999,39,19024095,0,0,0,0,961
engine_execution_alloc,graph_wide,1000,999,0,0,49164,12018743,0,0,22972
machine_state_setup,graph_wide,1000,999,0,217371,0,0,0,0,1000
body_state_setup,graph_wide,1000,999,0,5296,0,0,0,0,0
machine_state_setup,graph_wide,1000,999,1,172982,0,0,0,0,1000
body_state_setup,graph_wide,1000,999,1,2907,0,0,0,0,0
machine_state_setup,graph_wide,1000,999,2,163148,0,0,0,0,1000
body_state_setup,graph_wide,1000,999,2,2926,0,0,0,0,0
machine_state_setup,graph_wide,1000,999,3,159908,0,0,0,0,1000
body_state_setup,graph_wide,1000,999,3,2741,0,0,0,0,0
machine_state_setup,graph_wide,1000,999,4,155685,0,0,0,0,1000
body_state_setup,graph_wide,1000,999,4,2686,0,0,0,0,0
machine_state_setup,graph_wide,1000,999,5,153741,0,0,0,0,1000
body_state_setup,graph_wide,1000,999,5,2649,0,0,0,0,0
machine_state_setup,graph_wide,1000,999,6,154556,0,0,0,0,1000
body_state_setup,graph_wide,1000,999,6,2574,0,0,0,0,0
machine_state_setup,graph_wide,1000,999,7,154556,0,0,0,0,1000
body_state_setup,graph_wide,1000,999,7,2722,0,0,0,0,0
machine_state_setup,graph_wide,1000,999,8,153723,0,0,0,0,1000
body_state_setup,graph_wide,1000,999,8,2666,0,0,0,0,0
machine_state_setup,graph_wide,1000,999,9,152556,0,0,0,0,1000
body_state_setup,graph_wide,1000,999,9,2593,0,0,0,0,0
machine_state_setup,graph_wide,1000,999,10,155167,0,0,0,0,1000
body_state_setup,graph_wide,1000,999,10,2537,0,0,0,0,0
machine_state_setup,graph_wide,1000,999,11,152149,0,0,0,0,1000
body_state_setup,graph_wide,1000,999,11,2556,0,0,0,0,0
machine_state_setup,graph_wide,1000,999,12,155519,0,0,0,0,1000
body_state_setup,graph_wide,1000,999,12,2833,0,0,0,0,0
machine_state_setup,graph_wide,1000,999,13,151444,0,0,0,0,1000
body_state_setup,graph_wide,1000,999,13,2870,0,0,0,0,0
machine_state_setup,graph_wide,1000,999,14,165742,0,0,0,0,1000
body_state_setup,graph_wide,1000,999,14,3278,0,0,0,0,0
machine_state_setup,graph_wide,1000,999,15,155111,0,0,0,0,1000
body_state_setup,graph_wide,1000,999,15,2666,0,0,0,0,0
machine_state_setup,graph_wide,1000,999,16,154648,0,0,0,0,1000
body_state_setup,graph_wide,1000,999,16,2612,0,0,0,0,0
machine_state_setup,graph_wide,1000,999,17,153259,0,0,0,0,1000
body_state_setup,graph_wide,1000,999,17,2612,0,0,0,0,0
machine_state_setup,graph_wide,1000,999,18,169649,0,0,0,0,1000
body_state_setup,graph_wide,1000,999,18,3518,0,0,0,0,0
machine_state_setup,graph_wide,1000,999,19,162259,0,0,0,0,1000
body_state_setup,graph_wide,1000,999,19,2667,0,0,0,0,0
machine_state_setup,graph_wide,1000,999,20,172852,0,0,0,0,1000
body_state_setup,graph_wide,1000,999,20,3408,0,0,0,0,0
machine_state_setup,graph_wide,1000,999,21,156556,0,0,0,0,1000
body_state_setup,graph_wide,1000,999,21,2593,0,0,0,0,0
machine_state_setup,graph_wide,1000,999,22,159148,0,0,0,0,1000
body_state_setup,graph_wide,1000,999,22,2630,0,0,0,0,0
machine_state_setup,graph_wide,1000,999,23,160149,0,0,0,0,1000
body_state_setup,graph_wide,1000,999,23,2833,0,0,0,0,0
machine_state_setup,graph_wide,1000,999,24,159130,0,0,0,0,1000
body_state_setup,graph_wide,1000,999,24,2593,0,0,0,0,0
machine_state_setup,graph_wide,1000,999,25,166093,0,0,0,0,1000
body_state_setup,graph_wide,1000,999,25,2945,0,0,0,0,0
machine_state_setup,graph_wide,1000,999,26,163630,0,0,0,0,1000
body_state_setup,graph_wide,1000,999,26,2870,0,0,0,0,0
machine_state_setup,graph_wide,1000,999,27,157963,0,0,0,0,1000
body_state_setup,graph_wide,1000,999,27,2555,0,0,0,0,0
machine_state_setup,graph_wide,1000,999,28,156926,0,0,0,0,1000
body_state_setup,graph_wide,1000,999,28,2574,0,0,0,0,0
machine_state_setup,graph_wide,1000,999,29,160019,0,0,0,0,1000
body_state_setup,graph_wide,1000,999,29,2870,0,0,0,0,0
machine_state_setup,graph_wide,1000,999,30,157742,0,0,0,0,1000
body_state_setup,graph_wide,1000,999,30,2630,0,0,0,0,0
machine_state_setup,graph_wide,1000,999,31,159167,0,0,0,0,1000
body_state_setup,graph_wide,1000,999,31,2537,0,0,0,0,0
machine_state_setup,graph_wide,1000,999,32,157741,0,0,0,0,1000
body_state_setup,graph_wide,1000,999,32,3592,0,0,0,0,0
machine_state_setup,graph_wide,1000,999,33,155871,0,0,0,0,1000
body_state_setup,graph_wide,1000,999,33,2685,0,0,0,0,0
machine_state_setup,graph_wide,1000,999,34,165630,0,0,0,0,1000
body_state_setup,graph_wide,1000,999,34,2649,0,0,0,0,0
machine_state_setup,graph_wide,1000,999,35,158000,0,0,0,0,1000
body_state_setup,graph_wide,1000,999,35,2741,0,0,0,0,0
machine_state_setup,graph_wide,1000,999,36,157741,0,0,0,0,1000
body_state_setup,graph_wide,1000,999,36,2630,0,0,0,0,0
machine_state_setup,graph_wide,1000,999,37,156704,0,0,0,0,1000
body_state_setup,graph_wide,1000,999,37,2778,0,0,0,0,0
machine_state_setup,graph_wide,1000,999,38,171260,0,0,0,0,1000
body_state_setup,graph_wide,1000,999,38,3611,0,0,0,0,0
machine_state_setup,graph_wide,1000,999,39,163741,0,0,0,0,1000
body_state_setup,graph_wide,1000,999,39,2926,0,0,0,0,0
fixture_generation,graph_sparse,1000,999,0,149500,0,0,0,0,5000
fixture_generation,graph_sparse,1000,999,1,149371,0,0,0,0,5000
fixture_generation,graph_sparse,1000,999,2,149500,0,0,0,0,5000
fixture_generation,graph_sparse,1000,999,3,149241,0,0,0,0,5000
fixture_generation,graph_sparse,1000,999,4,149945,0,0,0,0,5000
fixture_generation,graph_sparse,1000,999,5,149445,0,0,0,0,5000
fixture_generation,graph_sparse,1000,999,6,149482,0,0,0,0,5000
fixture_generation,graph_sparse,1000,999,7,149482,0,0,0,0,5000
fixture_generation,graph_sparse,1000,999,8,149389,0,0,0,0,5000
fixture_generation,graph_sparse,1000,999,9,149296,0,0,0,0,5000
fixture_generation,graph_sparse,1000,999,10,149537,0,0,0,0,5000
fixture_generation,graph_sparse,1000,999,11,149612,0,0,0,0,5000
fixture_generation,graph_sparse,1000,999,12,149333,0,0,0,0,5000
fixture_generation,graph_sparse,1000,999,13,149186,0,0,0,0,5000
fixture_generation,graph_sparse,1000,999,14,149241,0,0,0,0,5000
fixture_generation,graph_sparse,1000,999,15,148871,0,0,0,0,5000
fixture_generation,graph_sparse,1000,999,16,148538,0,0,0,0,5000
fixture_generation,graph_sparse,1000,999,17,149074,0,0,0,0,5000
fixture_generation,graph_sparse,1000,999,18,148982,0,0,0,0,5000
fixture_generation,graph_sparse,1000,999,19,149019,0,0,0,0,5000
plan_build,graph_sparse,1000,999,0,4782330,0,0,0,0,12
plan_build,graph_sparse,1000,999,1,4692977,0,0,0,0,12
plan_build,graph_sparse,1000,999,2,4634403,0,0,0,0,12
plan_build,graph_sparse,1000,999,3,4630773,0,0,0,0,12
plan_build,graph_sparse,1000,999,4,4634736,0,0,0,0,12
plan_build,graph_sparse,1000,999,5,4640236,0,0,0,0,12
plan_build,graph_sparse,1000,999,6,4619792,0,0,0,0,12
plan_build,graph_sparse,1000,999,7,4613829,0,0,0,0,12
plan_build,graph_sparse,1000,999,8,4621737,0,0,0,0,12
plan_build,graph_sparse,1000,999,9,4615699,0,0,0,0,12
plan_build,graph_sparse,1000,999,10,4613755,0,0,0,0,12
plan_build,graph_sparse,1000,999,11,4619126,0,0,0,0,12
plan_build,graph_sparse,1000,999,12,4629810,0,0,0,0,12
plan_build,graph_sparse,1000,999,13,4613015,0,0,0,0,12
plan_build,graph_sparse,1000,999,14,4619329,0,0,0,0,12
plan_build,graph_sparse,1000,999,15,4608718,0,0,0,0,12
plan_build,graph_sparse,1000,999,16,4624329,0,0,0,0,12
plan_build,graph_sparse,1000,999,17,4621199,0,0,0,0,12
plan_build,graph_sparse,1000,999,18,4614551,0,0,0,0,12
plan_build,graph_sparse,1000,999,19,4603791,0,0,0,0,12
plan_build_alloc,graph_sparse,1000,999,0,0,11597,2527653,0,0,12
plan_declaration,graph_sparse,1000,999,0,435613,0,0,0,0,1000
plan_validation_freeze,graph_sparse,1000,999,0,4312328,0,0,0,0,12
plan_declaration,graph_sparse,1000,999,1,430280,0,0,0,0,1000
plan_validation_freeze,graph_sparse,1000,999,1,4335383,0,0,0,0,12
plan_declaration,graph_sparse,1000,999,2,431316,0,0,0,0,1000
plan_validation_freeze,graph_sparse,1000,999,2,4320032,0,0,0,0,12
plan_declaration,graph_sparse,1000,999,3,432223,0,0,0,0,1000
plan_validation_freeze,graph_sparse,1000,999,3,4310698,0,0,0,0,12
plan_declaration,graph_sparse,1000,999,4,431316,0,0,0,0,1000
plan_validation_freeze,graph_sparse,1000,999,4,4305439,0,0,0,0,12
plan_declaration,graph_sparse,1000,999,5,430853,0,0,0,0,1000
plan_validation_freeze,graph_sparse,1000,999,5,4312217,0,0,0,0,12
plan_declaration,graph_sparse,1000,999,6,435668,0,0,0,0,1000
plan_validation_freeze,graph_sparse,1000,999,6,4395495,0,0,0,0,12
plan_declaration,graph_sparse,1000,999,7,447131,0,0,0,0,1000
plan_validation_freeze,graph_sparse,1000,999,7,4449365,0,0,0,0,12
plan_declaration,graph_sparse,1000,999,8,464280,0,0,0,0,1000
plan_validation_freeze,graph_sparse,1000,999,8,4389569,0,0,0,0,12
plan_declaration,graph_sparse,1000,999,9,458242,0,0,0,0,1000
plan_validation_freeze,graph_sparse,1000,999,9,4318309,0,0,0,0,12
plan_declaration,graph_sparse,1000,999,10,434168,0,0,0,0,1000
plan_validation_freeze,graph_sparse,1000,999,10,4315569,0,0,0,0,12
plan_declaration,graph_sparse,1000,999,11,432279,0,0,0,0,1000
plan_validation_freeze,graph_sparse,1000,999,11,4311921,0,0,0,0,12
plan_declaration,graph_sparse,1000,999,12,433168,0,0,0,0,1000
plan_validation_freeze,graph_sparse,1000,999,12,4309754,0,0,0,0,12
plan_declaration,graph_sparse,1000,999,13,443483,0,0,0,0,1000
plan_validation_freeze,graph_sparse,1000,999,13,4301198,0,0,0,0,12
plan_declaration,graph_sparse,1000,999,14,427909,0,0,0,0,1000
plan_validation_freeze,graph_sparse,1000,999,14,4329995,0,0,0,0,12
plan_declaration,graph_sparse,1000,999,15,428816,0,0,0,0,1000
plan_validation_freeze,graph_sparse,1000,999,15,4349606,0,0,0,0,12
plan_declaration,graph_sparse,1000,999,16,507150,0,0,0,0,1000
plan_validation_freeze,graph_sparse,1000,999,16,4612292,0,0,0,0,12
plan_declaration,graph_sparse,1000,999,17,457816,0,0,0,0,1000
plan_validation_freeze,graph_sparse,1000,999,17,4369884,0,0,0,0,12
plan_declaration,graph_sparse,1000,999,18,439224,0,0,0,0,1000
plan_validation_freeze,graph_sparse,1000,999,18,4329606,0,0,0,0,12
plan_declaration,graph_sparse,1000,999,19,429186,0,0,0,0,1000
plan_validation_freeze,graph_sparse,1000,999,19,4311180,0,0,0,0,12
plan_declaration_alloc,graph_sparse,1000,999,0,0,5051,1046641,0,0,1000
plan_validation_freeze_alloc,graph_sparse,1000,999,0,0,6546,1481012,0,0,12
engine_execution,graph_sparse,1000,999,0,27257621,0,0,0,0,697
engine_execution,graph_sparse,1000,999,1,26813194,0,0,0,0,696
engine_execution,graph_sparse,1000,999,2,26616526,0,0,0,0,699
engine_execution,graph_sparse,1000,999,3,26756378,0,0,0,0,698
engine_execution,graph_sparse,1000,999,4,26613859,0,0,0,0,701
engine_execution,graph_sparse,1000,999,5,26580563,0,0,0,0,700
engine_execution,graph_sparse,1000,999,6,26661915,0,0,0,0,703
engine_execution,graph_sparse,1000,999,7,26514600,0,0,0,0,702
engine_execution,graph_sparse,1000,999,8,26573618,0,0,0,0,689
engine_execution,graph_sparse,1000,999,9,27319547,0,0,0,0,688
engine_execution,graph_sparse,1000,999,10,26670433,0,0,0,0,691
engine_execution,graph_sparse,1000,999,11,26529396,0,0,0,0,690
engine_execution,graph_sparse,1000,999,12,26501933,0,0,0,0,693
engine_execution,graph_sparse,1000,999,13,26608359,0,0,0,0,692
engine_execution,graph_sparse,1000,999,14,26485915,0,0,0,0,695
engine_execution,graph_sparse,1000,999,15,26472562,0,0,0,0,694
engine_execution,graph_sparse,1000,999,16,26590618,0,0,0,0,681
engine_execution,graph_sparse,1000,999,17,26519766,0,0,0,0,680
engine_execution,graph_sparse,1000,999,18,26586155,0,0,0,0,683
engine_execution,graph_sparse,1000,999,19,27212213,0,0,0,0,682
engine_execution,graph_sparse,1000,999,20,26587396,0,0,0,0,685
engine_execution,graph_sparse,1000,999,21,26574174,0,0,0,0,684
engine_execution,graph_sparse,1000,999,22,26444692,0,0,0,0,687
engine_execution,graph_sparse,1000,999,23,26444340,0,0,0,0,686
engine_execution,graph_sparse,1000,999,24,26582377,0,0,0,0,673
engine_execution,graph_sparse,1000,999,25,26593396,0,0,0,0,672
engine_execution,graph_sparse,1000,999,26,30520705,0,0,0,0,675
engine_execution,graph_sparse,1000,999,27,27144287,0,0,0,0,674
engine_execution,graph_sparse,1000,999,28,27396158,0,0,0,0,677
engine_execution,graph_sparse,1000,999,29,26684712,0,0,0,0,676
engine_execution,graph_sparse,1000,999,30,26618415,0,0,0,0,679
engine_execution,graph_sparse,1000,999,31,26443877,0,0,0,0,678
engine_execution,graph_sparse,1000,999,32,26478451,0,0,0,0,665
engine_execution,graph_sparse,1000,999,33,26558878,0,0,0,0,664
engine_execution,graph_sparse,1000,999,34,26712859,0,0,0,0,667
engine_execution,graph_sparse,1000,999,35,26471784,0,0,0,0,666
engine_execution,graph_sparse,1000,999,36,26508285,0,0,0,0,669
engine_execution,graph_sparse,1000,999,37,27091509,0,0,0,0,668
engine_execution,graph_sparse,1000,999,38,26791934,0,0,0,0,671
engine_execution,graph_sparse,1000,999,39,26820915,0,0,0,0,670
engine_execution_alloc,graph_sparse,1000,999,0,0,51109,15933385,0,0,22755
machine_state_setup,graph_sparse,1000,999,0,198093,0,0,0,0,1000
body_state_setup,graph_sparse,1000,999,0,5166,0,0,0,0,0
machine_state_setup,graph_sparse,1000,999,1,169352,0,0,0,0,1000
body_state_setup,graph_sparse,1000,999,1,2981,0,0,0,0,0
machine_state_setup,graph_sparse,1000,999,2,162797,0,0,0,0,1000
body_state_setup,graph_sparse,1000,999,2,2815,0,0,0,0,0
machine_state_setup,graph_sparse,1000,999,3,157075,0,0,0,0,1000
body_state_setup,graph_sparse,1000,999,3,2648,0,0,0,0,0
machine_state_setup,graph_sparse,1000,999,4,158556,0,0,0,0,1000
body_state_setup,graph_sparse,1000,999,4,2648,0,0,0,0,0
machine_state_setup,graph_sparse,1000,999,5,152685,0,0,0,0,1000
body_state_setup,graph_sparse,1000,999,5,2574,0,0,0,0,0
machine_state_setup,graph_sparse,1000,999,6,153315,0,0,0,0,1000
body_state_setup,graph_sparse,1000,999,6,2760,0,0,0,0,0
machine_state_setup,graph_sparse,1000,999,7,150445,0,0,0,0,1000
body_state_setup,graph_sparse,1000,999,7,2796,0,0,0,0,0
machine_state_setup,graph_sparse,1000,999,8,152260,0,0,0,0,1000
body_state_setup,graph_sparse,1000,999,8,2778,0,0,0,0,0
machine_state_setup,graph_sparse,1000,999,9,153056,0,0,0,0,1000
body_state_setup,graph_sparse,1000,999,9,2722,0,0,0,0,0
machine_state_setup,graph_sparse,1000,999,10,153019,0,0,0,0,1000
body_state_setup,graph_sparse,1000,999,10,2703,0,0,0,0,0
machine_state_setup,graph_sparse,1000,999,11,153019,0,0,0,0,1000
body_state_setup,graph_sparse,1000,999,11,2630,0,0,0,0,0
machine_state_setup,graph_sparse,1000,999,12,150315,0,0,0,0,1000
body_state_setup,graph_sparse,1000,999,12,2629,0,0,0,0,0
machine_state_setup,graph_sparse,1000,999,13,167704,0,0,0,0,1000
body_state_setup,graph_sparse,1000,999,13,3370,0,0,0,0,0
machine_state_setup,graph_sparse,1000,999,14,178093,0,0,0,0,1000
body_state_setup,graph_sparse,1000,999,14,3611,0,0,0,0,0
machine_state_setup,graph_sparse,1000,999,15,157296,0,0,0,0,1000
body_state_setup,graph_sparse,1000,999,15,2703,0,0,0,0,0
machine_state_setup,graph_sparse,1000,999,16,156631,0,0,0,0,1000
body_state_setup,graph_sparse,1000,999,16,2611,0,0,0,0,0
machine_state_setup,graph_sparse,1000,999,17,174797,0,0,0,0,1000
body_state_setup,graph_sparse,1000,999,17,3815,0,0,0,0,0
machine_state_setup,graph_sparse,1000,999,18,159296,0,0,0,0,1000
body_state_setup,graph_sparse,1000,999,18,2630,0,0,0,0,0
machine_state_setup,graph_sparse,1000,999,19,156575,0,0,0,0,1000
body_state_setup,graph_sparse,1000,999,19,2611,0,0,0,0,0
machine_state_setup,graph_sparse,1000,999,20,164871,0,0,0,0,1000
body_state_setup,graph_sparse,1000,999,20,2796,0,0,0,0,0
machine_state_setup,graph_sparse,1000,999,21,168074,0,0,0,0,1000
body_state_setup,graph_sparse,1000,999,21,2944,0,0,0,0,0
machine_state_setup,graph_sparse,1000,999,22,158871,0,0,0,0,1000
body_state_setup,graph_sparse,1000,999,22,2519,0,0,0,0,0
machine_state_setup,graph_sparse,1000,999,23,160759,0,0,0,0,1000
body_state_setup,graph_sparse,1000,999,23,2741,0,0,0,0,0
machine_state_setup,graph_sparse,1000,999,24,155019,0,0,0,0,1000
body_state_setup,graph_sparse,1000,999,24,2574,0,0,0,0,0
machine_state_setup,graph_sparse,1000,999,25,157853,0,0,0,0,1000
body_state_setup,graph_sparse,1000,999,25,2870,0,0,0,0,0
machine_state_setup,graph_sparse,1000,999,26,158464,0,0,0,0,1000
body_state_setup,graph_sparse,1000,999,26,2612,0,0,0,0,0
machine_state_setup,graph_sparse,1000,999,27,157519,0,0,0,0,1000
body_state_setup,graph_sparse,1000,999,27,2556,0,0,0,0,0
machine_state_setup,graph_sparse,1000,999,28,158612,0,0,0,0,1000
body_state_setup,graph_sparse,1000,999,28,2574,0,0,0,0,0
machine_state_setup,graph_sparse,1000,999,29,157723,0,0,0,0,1000
body_state_setup,graph_sparse,1000,999,29,2648,0,0,0,0,0
machine_state_setup,graph_sparse,1000,999,30,156649,0,0,0,0,1000
body_state_setup,graph_sparse,1000,999,30,2500,0,0,0,0,0
machine_state_setup,graph_sparse,1000,999,31,165278,0,0,0,0,1000
body_state_setup,graph_sparse,1000,999,31,2630,0,0,0,0,0
machine_state_setup,graph_sparse,1000,999,32,158241,0,0,0,0,1000
body_state_setup,graph_sparse,1000,999,32,2575,0,0,0,0,0
machine_state_setup,graph_sparse,1000,999,33,157593,0,0,0,0,1000
body_state_setup,graph_sparse,1000,999,33,2556,0,0,0,0,0
machine_state_setup,graph_sparse,1000,999,34,154074,0,0,0,0,1000
body_state_setup,graph_sparse,1000,999,34,2611,0,0,0,0,0
machine_state_setup,graph_sparse,1000,999,35,159389,0,0,0,0,1000
body_state_setup,graph_sparse,1000,999,35,3648,0,0,0,0,0
machine_state_setup,graph_sparse,1000,999,36,155871,0,0,0,0,1000
body_state_setup,graph_sparse,1000,999,36,2519,0,0,0,0,0
machine_state_setup,graph_sparse,1000,999,37,156593,0,0,0,0,1000
body_state_setup,graph_sparse,1000,999,37,2666,0,0,0,0,0
machine_state_setup,graph_sparse,1000,999,38,158630,0,0,0,0,1000
body_state_setup,graph_sparse,1000,999,38,2574,0,0,0,0,0
machine_state_setup,graph_sparse,1000,999,39,155204,0,0,0,0,1000
body_state_setup,graph_sparse,1000,999,39,2519,0,0,0,0,0
fixture_generation,tiny_yield_chain,1,0,0,1907,0,0,0,0,5
fixture_generation,tiny_yield_chain,1,0,1,388,0,0,0,0,5
fixture_generation,tiny_yield_chain,1,0,2,259,0,0,0,0,5
fixture_generation,tiny_yield_chain,1,0,3,204,0,0,0,0,5
fixture_generation,tiny_yield_chain,1,0,4,518,0,0,0,0,5
fixture_generation,tiny_yield_chain,1,0,5,222,0,0,0,0,5
fixture_generation,tiny_yield_chain,1,0,6,222,0,0,0,0,5
fixture_generation,tiny_yield_chain,1,0,7,222,0,0,0,0,5
fixture_generation,tiny_yield_chain,1,0,8,204,0,0,0,0,5
fixture_generation,tiny_yield_chain,1,0,9,278,0,0,0,0,5
fixture_generation,tiny_yield_chain,1,0,10,222,0,0,0,0,5
fixture_generation,tiny_yield_chain,1,0,11,260,0,0,0,0,5
fixture_generation,tiny_yield_chain,1,0,12,204,0,0,0,0,5
fixture_generation,tiny_yield_chain,1,0,13,333,0,0,0,0,5
fixture_generation,tiny_yield_chain,1,0,14,260,0,0,0,0,5
fixture_generation,tiny_yield_chain,1,0,15,222,0,0,0,0,5
fixture_generation,tiny_yield_chain,1,0,16,204,0,0,0,0,5
fixture_generation,tiny_yield_chain,1,0,17,203,0,0,0,0,5
fixture_generation,tiny_yield_chain,1,0,18,204,0,0,0,0,5
fixture_generation,tiny_yield_chain,1,0,19,278,0,0,0,0,5
plan_build,tiny_yield_chain,1,0,0,45426,0,0,0,0,11
plan_build,tiny_yield_chain,1,0,1,3630,0,0,0,0,11
plan_build,tiny_yield_chain,1,0,2,3167,0,0,0,0,11
plan_build,tiny_yield_chain,1,0,3,2648,0,0,0,0,11
plan_build,tiny_yield_chain,1,0,4,2741,0,0,0,0,11
plan_build,tiny_yield_chain,1,0,5,2833,0,0,0,0,11
plan_build,tiny_yield_chain,1,0,6,2908,0,0,0,0,11
plan_build,tiny_yield_chain,1,0,7,2814,0,0,0,0,11
plan_build,tiny_yield_chain,1,0,8,2777,0,0,0,0,11
plan_build,tiny_yield_chain,1,0,9,2685,0,0,0,0,11
plan_build,tiny_yield_chain,1,0,10,2722,0,0,0,0,11
plan_build,tiny_yield_chain,1,0,11,2796,0,0,0,0,11
plan_build,tiny_yield_chain,1,0,12,2722,0,0,0,0,11
plan_build,tiny_yield_chain,1,0,13,2685,0,0,0,0,11
plan_build,tiny_yield_chain,1,0,14,2740,0,0,0,0,11
plan_build,tiny_yield_chain,1,0,15,2666,0,0,0,0,11
plan_build,tiny_yield_chain,1,0,16,2611,0,0,0,0,11
plan_build,tiny_yield_chain,1,0,17,2666,0,0,0,0,11
plan_build,tiny_yield_chain,1,0,18,2611,0,0,0,0,11
plan_build,tiny_yield_chain,1,0,19,2685,0,0,0,0,11
plan_build_alloc,tiny_yield_chain,1,0,0,0,36,6762,0,0,11
plan_declaration,tiny_yield_chain,1,0,0,2370,0,0,0,0,1
plan_validation_freeze,tiny_yield_chain,1,0,0,1815,0,0,0,0,11
plan_declaration,tiny_yield_chain,1,0,1,1241,0,0,0,0,1
plan_validation_freeze,tiny_yield_chain,1,0,1,1796,0,0,0,0,11
plan_declaration,tiny_yield_chain,1,0,2,1204,0,0,0,0,1
plan_validation_freeze,tiny_yield_chain,1,0,2,1759,0,0,0,0,11
plan_declaration,tiny_yield_chain,1,0,3,1167,0,0,0,0,1
plan_validation_freeze,tiny_yield_chain,1,0,3,1796,0,0,0,0,11
plan_declaration,tiny_yield_chain,1,0,4,1222,0,0,0,0,1
plan_validation_freeze,tiny_yield_chain,1,0,4,1722,0,0,0,0,11
plan_declaration,tiny_yield_chain,1,0,5,1204,0,0,0,0,1
plan_validation_freeze,tiny_yield_chain,1,0,5,1796,0,0,0,0,11
plan_declaration,tiny_yield_chain,1,0,6,1166,0,0,0,0,1
plan_validation_freeze,tiny_yield_chain,1,0,6,1815,0,0,0,0,11
plan_declaration,tiny_yield_chain,1,0,7,1240,0,0,0,0,1
plan_validation_freeze,tiny_yield_chain,1,0,7,1704,0,0,0,0,11
plan_declaration,tiny_yield_chain,1,0,8,1167,0,0,0,0,1
plan_validation_freeze,tiny_yield_chain,1,0,8,1778,0,0,0,0,11
plan_declaration,tiny_yield_chain,1,0,9,1185,0,0,0,0,1
plan_validation_freeze,tiny_yield_chain,1,0,9,1814,0,0,0,0,11
plan_declaration,tiny_yield_chain,1,0,10,1204,0,0,0,0,1
plan_validation_freeze,tiny_yield_chain,1,0,10,1741,0,0,0,0,11
plan_declaration,tiny_yield_chain,1,0,11,1167,0,0,0,0,1
plan_validation_freeze,tiny_yield_chain,1,0,11,1704,0,0,0,0,11
plan_declaration,tiny_yield_chain,1,0,12,1223,0,0,0,0,1
plan_validation_freeze,tiny_yield_chain,1,0,12,1759,0,0,0,0,11
plan_declaration,tiny_yield_chain,1,0,13,1167,0,0,0,0,1
plan_validation_freeze,tiny_yield_chain,1,0,13,1723,0,0,0,0,11
plan_declaration,tiny_yield_chain,1,0,14,1167,0,0,0,0,1
plan_validation_freeze,tiny_yield_chain,1,0,14,1723,0,0,0,0,11
plan_declaration,tiny_yield_chain,1,0,15,1167,0,0,0,0,1
plan_validation_freeze,tiny_yield_chain,1,0,15,1759,0,0,0,0,11
plan_declaration,tiny_yield_chain,1,0,16,1166,0,0,0,0,1
plan_validation_freeze,tiny_yield_chain,1,0,16,1759,0,0,0,0,11
plan_declaration,tiny_yield_chain,1,0,17,1296,0,0,0,0,1
plan_validation_freeze,tiny_yield_chain,1,0,17,1797,0,0,0,0,11
plan_declaration,tiny_yield_chain,1,0,18,1185,0,0,0,0,1
plan_validation_freeze,tiny_yield_chain,1,0,18,1741,0,0,0,0,11
plan_declaration,tiny_yield_chain,1,0,19,1148,0,0,0,0,1
plan_validation_freeze,tiny_yield_chain,1,0,19,1778,0,0,0,0,11
plan_declaration_alloc,tiny_yield_chain,1,0,0,0,16,2178,0,0,1
plan_validation_freeze_alloc,tiny_yield_chain,1,0,0,0,20,4584,0,0,11
engine_execution,tiny_yield_chain,1,0,0,11241,0,0,0,0,1
engine_execution,tiny_yield_chain,1,0,1,11315,0,0,0,0,0
engine_execution,tiny_yield_chain,1,0,2,11407,0,0,0,0,3
engine_execution,tiny_yield_chain,1,0,3,11389,0,0,0,0,2
engine_execution,tiny_yield_chain,1,0,4,11778,0,0,0,0,5
engine_execution,tiny_yield_chain,1,0,5,11815,0,0,0,0,4
engine_execution,tiny_yield_chain,1,0,6,11723,0,0,0,0,7
engine_execution,tiny_yield_chain,1,0,7,11629,0,0,0,0,6
engine_execution,tiny_yield_chain,1,0,8,11593,0,0,0,0,9
engine_execution,tiny_yield_chain,1,0,9,11630,0,0,0,0,8
engine_execution,tiny_yield_chain,1,0,10,11612,0,0,0,0,11
engine_execution,tiny_yield_chain,1,0,11,11555,0,0,0,0,10
engine_execution,tiny_yield_chain,1,0,12,11611,0,0,0,0,13
engine_execution,tiny_yield_chain,1,0,13,11648,0,0,0,0,12
engine_execution,tiny_yield_chain,1,0,14,11612,0,0,0,0,15
engine_execution,tiny_yield_chain,1,0,15,11482,0,0,0,0,14
engine_execution,tiny_yield_chain,1,0,16,11555,0,0,0,0,17
engine_execution,tiny_yield_chain,1,0,17,11537,0,0,0,0,16
engine_execution,tiny_yield_chain,1,0,18,11593,0,0,0,0,19
engine_execution,tiny_yield_chain,1,0,19,11667,0,0,0,0,18
engine_execution,tiny_yield_chain,1,0,20,11611,0,0,0,0,21
engine_execution,tiny_yield_chain,1,0,21,11500,0,0,0,0,20
engine_execution,tiny_yield_chain,1,0,22,11482,0,0,0,0,23
engine_execution,tiny_yield_chain,1,0,23,11555,0,0,0,0,22
engine_execution,tiny_yield_chain,1,0,24,11611,0,0,0,0,25
engine_execution,tiny_yield_chain,1,0,25,11407,0,0,0,0,24
engine_execution,tiny_yield_chain,1,0,26,11518,0,0,0,0,27
engine_execution,tiny_yield_chain,1,0,27,11555,0,0,0,0,26
engine_execution,tiny_yield_chain,1,0,28,11537,0,0,0,0,29
engine_execution,tiny_yield_chain,1,0,29,11519,0,0,0,0,28
engine_execution,tiny_yield_chain,1,0,30,11574,0,0,0,0,31
engine_execution,tiny_yield_chain,1,0,31,11593,0,0,0,0,30
engine_execution,tiny_yield_chain,1,0,32,11574,0,0,0,0,33
engine_execution,tiny_yield_chain,1,0,33,11518,0,0,0,0,32
engine_execution,tiny_yield_chain,1,0,34,11519,0,0,0,0,35
engine_execution,tiny_yield_chain,1,0,35,11408,0,0,0,0,34
engine_execution,tiny_yield_chain,1,0,36,11519,0,0,0,0,37
engine_execution,tiny_yield_chain,1,0,37,11630,0,0,0,0,36
engine_execution,tiny_yield_chain,1,0,38,11481,0,0,0,0,39
engine_execution,tiny_yield_chain,1,0,39,11481,0,0,0,0,38
engine_execution_alloc,tiny_yield_chain,1,0,0,0,102,11796,0,0,23131
machine_state_setup,tiny_yield_chain,1,0,0,852,0,0,0,0,1
body_state_setup,tiny_yield_chain,1,0,0,555,0,0,0,0,0
machine_state_setup,tiny_yield_chain,1,0,1,500,0,0,0,0,1
body_state_setup,tiny_yield_chain,1,0,1,481,0,0,0,0,0
machine_state_setup,tiny_yield_chain,1,0,2,463,0,0,0,0,1
body_state_setup,tiny_yield_chain,1,0,2,408,0,0,0,0,0
machine_state_setup,tiny_yield_chain,1,0,3,426,0,0,0,0,1
body_state_setup,tiny_yield_chain,1,0,3,426,0,0,0,0,0
machine_state_setup,tiny_yield_chain,1,0,4,407,0,0,0,0,1
body_state_setup,tiny_yield_chain,1,0,4,444,0,0,0,0,0
machine_state_setup,tiny_yield_chain,1,0,5,389,0,0,0,0,1
body_state_setup,tiny_yield_chain,1,0,5,426,0,0,0,0,0
machine_state_setup,tiny_yield_chain,1,0,6,592,0,0,0,0,1
body_state_setup,tiny_yield_chain,1,0,6,1315,0,0,0,0,0
machine_state_setup,tiny_yield_chain,1,0,7,445,0,0,0,0,1
body_state_setup,tiny_yield_chain,1,0,7,389,0,0,0,0,0
machine_state_setup,tiny_yield_chain,1,0,8,333,0,0,0,0,1
body_state_setup,tiny_yield_chain,1,0,8,463,0,0,0,0,0
machine_state_setup,tiny_yield_chain,1,0,9,407,0,0,0,0,1
body_state_setup,tiny_yield_chain,1,0,9,519,0,0,0,0,0
machine_state_setup,tiny_yield_chain,1,0,10,333,0,0,0,0,1
body_state_setup,tiny_yield_chain,1,0,10,444,0,0,0,0,0
machine_state_setup,tiny_yield_chain,1,0,11,389,0,0,0,0,1
body_state_setup,tiny_yield_chain,1,0,11,444,0,0,0,0,0
machine_state_setup,tiny_yield_chain,1,0,12,407,0,0,0,0,1
body_state_setup,tiny_yield_chain,1,0,12,426,0,0,0,0,0
machine_state_setup,tiny_yield_chain,1,0,13,371,0,0,0,0,1
body_state_setup,tiny_yield_chain,1,0,13,426,0,0,0,0,0
machine_state_setup,tiny_yield_chain,1,0,14,445,0,0,0,0,1
body_state_setup,tiny_yield_chain,1,0,14,463,0,0,0,0,0
machine_state_setup,tiny_yield_chain,1,0,15,407,0,0,0,0,1
body_state_setup,tiny_yield_chain,1,0,15,370,0,0,0,0,0
machine_state_setup,tiny_yield_chain,1,0,16,352,0,0,0,0,1
body_state_setup,tiny_yield_chain,1,0,16,426,0,0,0,0,0
machine_state_setup,tiny_yield_chain,1,0,17,370,0,0,0,0,1
body_state_setup,tiny_yield_chain,1,0,17,370,0,0,0,0,0
machine_state_setup,tiny_yield_chain,1,0,18,352,0,0,0,0,1
body_state_setup,tiny_yield_chain,1,0,18,407,0,0,0,0,0
machine_state_setup,tiny_yield_chain,1,0,19,315,0,0,0,0,1
body_state_setup,tiny_yield_chain,1,0,19,352,0,0,0,0,0
machine_state_setup,tiny_yield_chain,1,0,20,333,0,0,0,0,1
body_state_setup,tiny_yield_chain,1,0,20,407,0,0,0,0,0
machine_state_setup,tiny_yield_chain,1,0,21,333,0,0,0,0,1
body_state_setup,tiny_yield_chain,1,0,21,1352,0,0,0,0,0
machine_state_setup,tiny_yield_chain,1,0,22,370,0,0,0,0,1
body_state_setup,tiny_yield_chain,1,0,22,389,0,0,0,0,0
machine_state_setup,tiny_yield_chain,1,0,23,352,0,0,0,0,1
body_state_setup,tiny_yield_chain,1,0,23,426,0,0,0,0,0
machine_state_setup,tiny_yield_chain,1,0,24,333,0,0,0,0,1
body_state_setup,tiny_yield_chain,1,0,24,352,0,0,0,0,0
machine_state_setup,tiny_yield_chain,1,0,25,334,0,0,0,0,1
body_state_setup,tiny_yield_chain,1,0,25,370,0,0,0,0,0
machine_state_setup,tiny_yield_chain,1,0,26,500,0,0,0,0,1
body_state_setup,tiny_yield_chain,1,0,26,370,0,0,0,0,0
machine_state_setup,tiny_yield_chain,1,0,27,352,0,0,0,0,1
body_state_setup,tiny_yield_chain,1,0,27,370,0,0,0,0,0
machine_state_setup,tiny_yield_chain,1,0,28,407,0,0,0,0,1
body_state_setup,tiny_yield_chain,1,0,28,351,0,0,0,0,0
machine_state_setup,tiny_yield_chain,1,0,29,352,0,0,0,0,1
body_state_setup,tiny_yield_chain,1,0,29,371,0,0,0,0,0
machine_state_setup,tiny_yield_chain,1,0,30,500,0,0,0,0,1
body_state_setup,tiny_yield_chain,1,0,30,334,0,0,0,0,0
machine_state_setup,tiny_yield_chain,1,0,31,333,0,0,0,0,1
body_state_setup,tiny_yield_chain,1,0,31,407,0,0,0,0,0
machine_state_setup,tiny_yield_chain,1,0,32,445,0,0,0,0,1
body_state_setup,tiny_yield_chain,1,0,32,351,0,0,0,0,0
machine_state_setup,tiny_yield_chain,1,0,33,370,0,0,0,0,1
body_state_setup,tiny_yield_chain,1,0,33,389,0,0,0,0,0
machine_state_setup,tiny_yield_chain,1,0,34,500,0,0,0,0,1
body_state_setup,tiny_yield_chain,1,0,34,352,0,0,0,0,0
machine_state_setup,tiny_yield_chain,1,0,35,334,0,0,0,0,1
body_state_setup,tiny_yield_chain,1,0,35,370,0,0,0,0,0
machine_state_setup,tiny_yield_chain,1,0,36,389,0,0,0,0,1
body_state_setup,tiny_yield_chain,1,0,36,333,0,0,0,0,0
machine_state_setup,tiny_yield_chain,1,0,37,333,0,0,0,0,1
body_state_setup,tiny_yield_chain,1,0,37,389,0,0,0,0,0
machine_state_setup,tiny_yield_chain,1,0,38,482,0,0,0,0,1
body_state_setup,tiny_yield_chain,1,0,38,352,0,0,0,0,0
machine_state_setup,tiny_yield_chain,1,0,39,334,0,0,0,0,1
body_state_setup,tiny_yield_chain,1,0,39,389,0,0,0,0,0
engine_execution,resource_normal,2,1,0,22426,0,0,0,0,0
engine_execution,resource_normal,2,1,1,22297,0,0,0,0,3
engine_execution,resource_normal,2,1,2,22407,0,0,0,0,2
engine_execution,resource_normal,2,1,3,22389,0,0,0,0,5
engine_execution,resource_normal,2,1,4,22186,0,0,0,0,4
engine_execution,resource_normal,2,1,5,22093,0,0,0,0,7
engine_execution,resource_normal,2,1,6,22574,0,0,0,0,6
engine_execution,resource_normal,2,1,7,22333,0,0,0,0,9
engine_execution,resource_normal,2,1,8,22722,0,0,0,0,8
engine_execution,resource_normal,2,1,9,22351,0,0,0,0,11
engine_execution,resource_normal,2,1,10,22463,0,0,0,0,10
engine_execution,resource_normal,2,1,11,22834,0,0,0,0,13
engine_execution,resource_normal,2,1,12,22685,0,0,0,0,12
engine_execution,resource_normal,2,1,13,22667,0,0,0,0,15
engine_execution,resource_normal,2,1,14,22741,0,0,0,0,14
engine_execution,resource_normal,2,1,15,22796,0,0,0,0,17
engine_execution,resource_normal,2,1,16,22593,0,0,0,0,16
engine_execution,resource_normal,2,1,17,22611,0,0,0,0,19
engine_execution,resource_normal,2,1,18,22630,0,0,0,0,18
engine_execution,resource_normal,2,1,19,22407,0,0,0,0,21
engine_execution,resource_normal,2,1,20,22537,0,0,0,0,20
engine_execution,resource_normal,2,1,21,22740,0,0,0,0,23
engine_execution,resource_normal,2,1,22,22556,0,0,0,0,22
engine_execution,resource_normal,2,1,23,22630,0,0,0,0,25
engine_execution,resource_normal,2,1,24,22704,0,0,0,0,24
engine_execution,resource_normal,2,1,25,22556,0,0,0,0,27
engine_execution,resource_normal,2,1,26,22500,0,0,0,0,26
engine_execution,resource_normal,2,1,27,22481,0,0,0,0,29
engine_execution,resource_normal,2,1,28,22648,0,0,0,0,28
engine_execution,resource_normal,2,1,29,22482,0,0,0,0,31
engine_execution,resource_normal,2,1,30,22574,0,0,0,0,30
engine_execution,resource_normal,2,1,31,22630,0,0,0,0,33
engine_execution,resource_normal,2,1,32,22593,0,0,0,0,32
engine_execution,resource_normal,2,1,33,22408,0,0,0,0,35
engine_execution,resource_normal,2,1,34,22777,0,0,0,0,34
engine_execution,resource_normal,2,1,35,22908,0,0,0,0,37
engine_execution,resource_normal,2,1,36,23129,0,0,0,0,36
engine_execution,resource_normal,2,1,37,22648,0,0,0,0,39
engine_execution,resource_normal,2,1,38,22389,0,0,0,0,38
engine_execution,resource_normal,2,1,39,22592,0,0,0,0,41
engine_execution_alloc,resource_normal,2,1,0,0,205,19770,0,0,23130
engine_execution,resource_release_failure,2,1,0,23666,0,0,0,0,1
engine_execution,resource_release_failure,2,1,1,23537,0,0,0,0,2
engine_execution,resource_release_failure,2,1,2,23703,0,0,0,0,3
engine_execution,resource_release_failure,2,1,3,23760,0,0,0,0,4
engine_execution,resource_release_failure,2,1,4,23759,0,0,0,0,5
engine_execution,resource_release_failure,2,1,5,23704,0,0,0,0,6
engine_execution,resource_release_failure,2,1,6,23667,0,0,0,0,7
engine_execution,resource_release_failure,2,1,7,24686,0,0,0,0,8
engine_execution,resource_release_failure,2,1,8,23981,0,0,0,0,9
engine_execution,resource_release_failure,2,1,9,24074,0,0,0,0,10
engine_execution,resource_release_failure,2,1,10,24148,0,0,0,0,11
engine_execution,resource_release_failure,2,1,11,23778,0,0,0,0,12
engine_execution,resource_release_failure,2,1,12,23759,0,0,0,0,13
engine_execution,resource_release_failure,2,1,13,24019,0,0,0,0,14
engine_execution,resource_release_failure,2,1,14,24038,0,0,0,0,15
engine_execution,resource_release_failure,2,1,15,24407,0,0,0,0,16
engine_execution,resource_release_failure,2,1,16,24352,0,0,0,0,17
engine_execution,resource_release_failure,2,1,17,23981,0,0,0,0,18
engine_execution,resource_release_failure,2,1,18,24519,0,0,0,0,19
engine_execution,resource_release_failure,2,1,19,23834,0,0,0,0,20
engine_execution,resource_release_failure,2,1,20,23833,0,0,0,0,21
engine_execution,resource_release_failure,2,1,21,24370,0,0,0,0,22
engine_execution,resource_release_failure,2,1,22,23908,0,0,0,0,23
engine_execution,resource_release_failure,2,1,23,23722,0,0,0,0,24
engine_execution,resource_release_failure,2,1,24,23593,0,0,0,0,25
engine_execution,resource_release_failure,2,1,25,23722,0,0,0,0,26
engine_execution,resource_release_failure,2,1,26,23667,0,0,0,0,27
engine_execution,resource_release_failure,2,1,27,23685,0,0,0,0,28
engine_execution,resource_release_failure,2,1,28,23870,0,0,0,0,29
engine_execution,resource_release_failure,2,1,29,23833,0,0,0,0,30
engine_execution,resource_release_failure,2,1,30,23981,0,0,0,0,31
engine_execution,resource_release_failure,2,1,31,24315,0,0,0,0,32
engine_execution,resource_release_failure,2,1,32,23889,0,0,0,0,33
engine_execution,resource_release_failure,2,1,33,24296,0,0,0,0,34
engine_execution,resource_release_failure,2,1,34,24278,0,0,0,0,35
engine_execution,resource_release_failure,2,1,35,24241,0,0,0,0,36
engine_execution,resource_release_failure,2,1,36,23741,0,0,0,0,37
engine_execution,resource_release_failure,2,1,37,24204,0,0,0,0,38
engine_execution,resource_release_failure,2,1,38,24074,0,0,0,0,39
engine_execution,resource_release_failure,2,1,39,23908,0,0,0,0,40
engine_execution_alloc,resource_release_failure,2,1,0,0,215,20513,0,0,23131
engine_execution,resource_startup_failure,2,1,0,23352,0,0,0,0,3
engine_execution,resource_startup_failure,2,1,1,23833,0,0,0,0,3
engine_execution,resource_startup_failure,2,1,2,23629,0,0,0,0,3
engine_execution,resource_startup_failure,2,1,3,23870,0,0,0,0,3
engine_execution,resource_startup_failure,2,1,4,23851,0,0,0,0,3
engine_execution,resource_startup_failure,2,1,5,23963,0,0,0,0,3
engine_execution,resource_startup_failure,2,1,6,23463,0,0,0,0,3
engine_execution,resource_startup_failure,2,1,7,23945,0,0,0,0,3
engine_execution,resource_startup_failure,2,1,8,23556,0,0,0,0,3
engine_execution,resource_startup_failure,2,1,9,23666,0,0,0,0,3
engine_execution,resource_startup_failure,2,1,10,24334,0,0,0,0,3
engine_execution,resource_startup_failure,2,1,11,23963,0,0,0,0,3
engine_execution,resource_startup_failure,2,1,12,23814,0,0,0,0,3
engine_execution,resource_startup_failure,2,1,13,24093,0,0,0,0,3
engine_execution,resource_startup_failure,2,1,14,23741,0,0,0,0,3
engine_execution,resource_startup_failure,2,1,15,35055,0,0,0,0,3
engine_execution,resource_startup_failure,2,1,16,24982,0,0,0,0,3
engine_execution,resource_startup_failure,2,1,17,24408,0,0,0,0,3
engine_execution,resource_startup_failure,2,1,18,23482,0,0,0,0,3
engine_execution,resource_startup_failure,2,1,19,23852,0,0,0,0,3
engine_execution,resource_startup_failure,2,1,20,23555,0,0,0,0,3
engine_execution,resource_startup_failure,2,1,21,24001,0,0,0,0,3
engine_execution,resource_startup_failure,2,1,22,23889,0,0,0,0,3
engine_execution,resource_startup_failure,2,1,23,23796,0,0,0,0,3
engine_execution,resource_startup_failure,2,1,24,23537,0,0,0,0,3
engine_execution,resource_startup_failure,2,1,25,24074,0,0,0,0,3
engine_execution,resource_startup_failure,2,1,26,23463,0,0,0,0,3
engine_execution,resource_startup_failure,2,1,27,24092,0,0,0,0,3
engine_execution,resource_startup_failure,2,1,28,23667,0,0,0,0,3
engine_execution,resource_startup_failure,2,1,29,23685,0,0,0,0,3
engine_execution,resource_startup_failure,2,1,30,23889,0,0,0,0,3
engine_execution,resource_startup_failure,2,1,31,23777,0,0,0,0,3
engine_execution,resource_startup_failure,2,1,32,23685,0,0,0,0,3
engine_execution,resource_startup_failure,2,1,33,23926,0,0,0,0,3
engine_execution,resource_startup_failure,2,1,34,23814,0,0,0,0,3
engine_execution,resource_startup_failure,2,1,35,24297,0,0,0,0,3
engine_execution,resource_startup_failure,2,1,36,23778,0,0,0,0,3
engine_execution,resource_startup_failure,2,1,37,23833,0,0,0,0,3
engine_execution,resource_startup_failure,2,1,38,23704,0,0,0,0,3
engine_execution,resource_startup_failure,2,1,39,23611,0,0,0,0,3
engine_execution_alloc,resource_startup_failure,2,1,0,0,212,20817,0,0,3
engine_execution,resource_cleanup_error_upstream,3,1,0,34686,0,0,0,0,0
engine_execution,resource_cleanup_error_upstream,3,1,1,34370,0,0,0,0,1
engine_execution,resource_cleanup_error_upstream,3,1,2,34963,0,0,0,0,2
engine_execution,resource_cleanup_error_upstream,3,1,3,34667,0,0,0,0,3
engine_execution,resource_cleanup_error_upstream,3,1,4,34556,0,0,0,0,4
engine_execution,resource_cleanup_error_upstream,3,1,5,34759,0,0,0,0,5
engine_execution,resource_cleanup_error_upstream,3,1,6,34852,0,0,0,0,6
engine_execution,resource_cleanup_error_upstream,3,1,7,34722,0,0,0,0,7
engine_execution,resource_cleanup_error_upstream,3,1,8,35000,0,0,0,0,8
engine_execution,resource_cleanup_error_upstream,3,1,9,34408,0,0,0,0,9
engine_execution,resource_cleanup_error_upstream,3,1,10,34741,0,0,0,0,10
engine_execution,resource_cleanup_error_upstream,3,1,11,34704,0,0,0,0,11
engine_execution,resource_cleanup_error_upstream,3,1,12,34704,0,0,0,0,12
engine_execution,resource_cleanup_error_upstream,3,1,13,34297,0,0,0,0,13
engine_execution,resource_cleanup_error_upstream,3,1,14,34500,0,0,0,0,14
engine_execution,resource_cleanup_error_upstream,3,1,15,34167,0,0,0,0,15
engine_execution,resource_cleanup_error_upstream,3,1,16,34129,0,0,0,0,16
engine_execution,resource_cleanup_error_upstream,3,1,17,34222,0,0,0,0,17
engine_execution,resource_cleanup_error_upstream,3,1,18,34649,0,0,0,0,18
engine_execution,resource_cleanup_error_upstream,3,1,19,34204,0,0,0,0,19
engine_execution,resource_cleanup_error_upstream,3,1,20,34408,0,0,0,0,20
engine_execution,resource_cleanup_error_upstream,3,1,21,34019,0,0,0,0,21
engine_execution,resource_cleanup_error_upstream,3,1,22,34389,0,0,0,0,22
engine_execution,resource_cleanup_error_upstream,3,1,23,34241,0,0,0,0,23
engine_execution,resource_cleanup_error_upstream,3,1,24,33889,0,0,0,0,24
engine_execution,resource_cleanup_error_upstream,3,1,25,34278,0,0,0,0,25
engine_execution,resource_cleanup_error_upstream,3,1,26,33945,0,0,0,0,26
engine_execution,resource_cleanup_error_upstream,3,1,27,34537,0,0,0,0,27
engine_execution,resource_cleanup_error_upstream,3,1,28,34297,0,0,0,0,28
engine_execution,resource_cleanup_error_upstream,3,1,29,35611,0,0,0,0,29
engine_execution,resource_cleanup_error_upstream,3,1,30,35463,0,0,0,0,30
engine_execution,resource_cleanup_error_upstream,3,1,31,35055,0,0,0,0,31
engine_execution,resource_cleanup_error_upstream,3,1,32,34667,0,0,0,0,32
engine_execution,resource_cleanup_error_upstream,3,1,33,34333,0,0,0,0,33
engine_execution,resource_cleanup_error_upstream,3,1,34,34408,0,0,0,0,34
engine_execution,resource_cleanup_error_upstream,3,1,35,34500,0,0,0,0,35
engine_execution,resource_cleanup_error_upstream,3,1,36,35315,0,0,0,0,36
engine_execution,resource_cleanup_error_upstream,3,1,37,34741,0,0,0,0,37
engine_execution,resource_cleanup_error_upstream,3,1,38,34741,0,0,0,0,38
engine_execution,resource_cleanup_error_upstream,3,1,39,34463,0,0,0,0,39
engine_execution_alloc,resource_cleanup_error_upstream,3,1,0,0,317,26719,0,0,23130
engine_execution,resource_cancel_after_acquire,1,0,0,30667,0,0,0,0,3
engine_execution,resource_cancel_after_acquire,1,0,1,21889,0,0,0,0,3
engine_execution,resource_cancel_after_acquire,1,0,2,20278,0,0,0,0,3
engine_execution,resource_cancel_after_acquire,1,0,3,19722,0,0,0,0,3
engine_execution,resource_cancel_after_acquire,1,0,4,19667,0,0,0,0,3
engine_execution,resource_cancel_after_acquire,1,0,5,19685,0,0,0,0,3
engine_execution,resource_cancel_after_acquire,1,0,6,19648,0,0,0,0,3
engine_execution,resource_cancel_after_acquire,1,0,7,19315,0,0,0,0,3
engine_execution,resource_cancel_after_acquire,1,0,8,19537,0,0,0,0,3
engine_execution,resource_cancel_after_acquire,1,0,9,19315,0,0,0,0,3
engine_execution,resource_cancel_after_acquire,1,0,10,19426,0,0,0,0,3
engine_execution,resource_cancel_after_acquire,1,0,11,19555,0,0,0,0,3
engine_execution,resource_cancel_after_acquire,1,0,12,19648,0,0,0,0,3
engine_execution,resource_cancel_after_acquire,1,0,13,19426,0,0,0,0,3
engine_execution,resource_cancel_after_acquire,1,0,14,19259,0,0,0,0,3
engine_execution,resource_cancel_after_acquire,1,0,15,19482,0,0,0,0,3
engine_execution,resource_cancel_after_acquire,1,0,16,19333,0,0,0,0,3
engine_execution,resource_cancel_after_acquire,1,0,17,19481,0,0,0,0,3
engine_execution,resource_cancel_after_acquire,1,0,18,19259,0,0,0,0,3
engine_execution,resource_cancel_after_acquire,1,0,19,19296,0,0,0,0,3
engine_execution,resource_cancel_after_acquire,1,0,20,19445,0,0,0,0,3
engine_execution,resource_cancel_after_acquire,1,0,21,19111,0,0,0,0,3
engine_execution,resource_cancel_after_acquire,1,0,22,19149,0,0,0,0,3
engine_execution,resource_cancel_after_acquire,1,0,23,19259,0,0,0,0,3
engine_execution,resource_cancel_after_acquire,1,0,24,19259,0,0,0,0,3
engine_execution,resource_cancel_after_acquire,1,0,25,19222,0,0,0,0,3
engine_execution,resource_cancel_after_acquire,1,0,26,18963,0,0,0,0,3
engine_execution,resource_cancel_after_acquire,1,0,27,19186,0,0,0,0,3
engine_execution,resource_cancel_after_acquire,1,0,28,19518,0,0,0,0,3
engine_execution,resource_cancel_after_acquire,1,0,29,19056,0,0,0,0,3
engine_execution,resource_cancel_after_acquire,1,0,30,18815,0,0,0,0,3
engine_execution,resource_cancel_after_acquire,1,0,31,18815,0,0,0,0,3
engine_execution,resource_cancel_after_acquire,1,0,32,18704,0,0,0,0,3
engine_execution,resource_cancel_after_acquire,1,0,33,18833,0,0,0,0,3
engine_execution,resource_cancel_after_acquire,1,0,34,18982,0,0,0,0,3
engine_execution,resource_cancel_after_acquire,1,0,35,19222,0,0,0,0,3
engine_execution,resource_cancel_after_acquire,1,0,36,19056,0,0,0,0,3
engine_execution,resource_cancel_after_acquire,1,0,37,19093,0,0,0,0,3
engine_execution,resource_cancel_after_acquire,1,0,38,19370,0,0,0,0,3
engine_execution,resource_cancel_after_acquire,1,0,39,19074,0,0,0,0,3
engine_execution,effect_known_receipt,1,0,0,16426,0,0,0,0,1
engine_execution,effect_known_receipt,1,0,1,16814,0,0,0,0,0
engine_execution,effect_known_receipt,1,0,2,16796,0,0,0,0,3
engine_execution,effect_known_receipt,1,0,3,16815,0,0,0,0,2
engine_execution,effect_known_receipt,1,0,4,16815,0,0,0,0,5
engine_execution,effect_known_receipt,1,0,5,16648,0,0,0,0,4
engine_execution,effect_known_receipt,1,0,6,16555,0,0,0,0,7
engine_execution,effect_known_receipt,1,0,7,16889,0,0,0,0,6
engine_execution,effect_known_receipt,1,0,8,16871,0,0,0,0,9
engine_execution,effect_known_receipt,1,0,9,16685,0,0,0,0,8
engine_execution,effect_known_receipt,1,0,10,16574,0,0,0,0,11
engine_execution,effect_known_receipt,1,0,11,16389,0,0,0,0,10
engine_execution,effect_known_receipt,1,0,12,16611,0,0,0,0,13
engine_execution,effect_known_receipt,1,0,13,16501,0,0,0,0,12
engine_execution,effect_known_receipt,1,0,14,16407,0,0,0,0,15
engine_execution,effect_known_receipt,1,0,15,16296,0,0,0,0,14
engine_execution,effect_known_receipt,1,0,16,17019,0,0,0,0,17
engine_execution,effect_known_receipt,1,0,17,16277,0,0,0,0,16
engine_execution,effect_known_receipt,1,0,18,16648,0,0,0,0,19
engine_execution,effect_known_receipt,1,0,19,16556,0,0,0,0,18
engine_execution,effect_known_receipt,1,0,20,16481,0,0,0,0,21
engine_execution,effect_known_receipt,1,0,21,16260,0,0,0,0,20
engine_execution,effect_known_receipt,1,0,22,16667,0,0,0,0,23
engine_execution,effect_known_receipt,1,0,23,16129,0,0,0,0,22
engine_execution,effect_known_receipt,1,0,24,16445,0,0,0,0,25
engine_execution,effect_known_receipt,1,0,25,16167,0,0,0,0,24
engine_execution,effect_known_receipt,1,0,26,16278,0,0,0,0,27
engine_execution,effect_known_receipt,1,0,27,15963,0,0,0,0,26
engine_execution,effect_known_receipt,1,0,28,16371,0,0,0,0,29
engine_execution,effect_known_receipt,1,0,29,16315,0,0,0,0,28
engine_execution,effect_known_receipt,1,0,30,16704,0,0,0,0,31
engine_execution,effect_known_receipt,1,0,31,16741,0,0,0,0,30
engine_execution,effect_known_receipt,1,0,32,16611,0,0,0,0,33
engine_execution,effect_known_receipt,1,0,33,16352,0,0,0,0,32
engine_execution,effect_known_receipt,1,0,34,16426,0,0,0,0,35
engine_execution,effect_known_receipt,1,0,35,16352,0,0,0,0,34
engine_execution,effect_known_receipt,1,0,36,16519,0,0,0,0,37
engine_execution,effect_known_receipt,1,0,37,16407,0,0,0,0,36
engine_execution,effect_known_receipt,1,0,38,16278,0,0,0,0,39
engine_execution,effect_known_receipt,1,0,39,16315,0,0,0,0,38
engine_execution_alloc,effect_known_receipt,1,0,0,0,152,15266,0,0,23131
engine_execution,retry_one_failure,1,0,0,16612,0,0,0,0,1
engine_execution,retry_one_failure,1,0,1,16963,0,0,0,0,0
engine_execution,retry_one_failure,1,0,2,16704,0,0,0,0,3
engine_execution,retry_one_failure,1,0,3,16445,0,0,0,0,2
engine_execution,retry_one_failure,1,0,4,16667,0,0,0,0,5
engine_execution,retry_one_failure,1,0,5,16815,0,0,0,0,4
engine_execution,retry_one_failure,1,0,6,16649,0,0,0,0,7
engine_execution,retry_one_failure,1,0,7,16351,0,0,0,0,6
engine_execution,retry_one_failure,1,0,8,16703,0,0,0,0,9
engine_execution,retry_one_failure,1,0,9,16519,0,0,0,0,8
engine_execution,retry_one_failure,1,0,10,16556,0,0,0,0,11
engine_execution,retry_one_failure,1,0,11,16407,0,0,0,0,10
engine_execution,retry_one_failure,1,0,12,16611,0,0,0,0,13
engine_execution,retry_one_failure,1,0,13,16593,0,0,0,0,12
engine_execution,retry_one_failure,1,0,14,16518,0,0,0,0,15
engine_execution,retry_one_failure,1,0,15,16426,0,0,0,0,14
engine_execution,retry_one_failure,1,0,16,16444,0,0,0,0,17
engine_execution,retry_one_failure,1,0,17,16907,0,0,0,0,16
engine_execution,retry_one_failure,1,0,18,16704,0,0,0,0,19
engine_execution,retry_one_failure,1,0,19,16796,0,0,0,0,18
engine_execution,retry_one_failure,1,0,20,16555,0,0,0,0,21
engine_execution,retry_one_failure,1,0,21,16889,0,0,0,0,20
engine_execution,retry_one_failure,1,0,22,16649,0,0,0,0,23
engine_execution,retry_one_failure,1,0,23,16740,0,0,0,0,22
engine_execution,retry_one_failure,1,0,24,16593,0,0,0,0,25
engine_execution,retry_one_failure,1,0,25,16704,0,0,0,0,24
engine_execution,retry_one_failure,1,0,26,16574,0,0,0,0,27
engine_execution,retry_one_failure,1,0,27,16592,0,0,0,0,26
engine_execution,retry_one_failure,1,0,28,16352,0,0,0,0,29
engine_execution,retry_one_failure,1,0,29,16463,0,0,0,0,28
engine_execution,retry_one_failure,1,0,30,16648,0,0,0,0,31
engine_execution,retry_one_failure,1,0,31,16778,0,0,0,0,30
engine_execution,retry_one_failure,1,0,32,16611,0,0,0,0,33
engine_execution,retry_one_failure,1,0,33,16944,0,0,0,0,32
engine_execution,retry_one_failure,1,0,34,17019,0,0,0,0,35
engine_execution,retry_one_failure,1,0,35,16648,0,0,0,0,34
engine_execution,retry_one_failure,1,0,36,16611,0,0,0,0,37
engine_execution,retry_one_failure,1,0,37,16648,0,0,0,0,36
engine_execution,retry_one_failure,1,0,38,16982,0,0,0,0,39
engine_execution,retry_one_failure,1,0,39,17481,0,0,0,0,38
engine_execution_alloc,retry_one_failure,1,0,0,0,155,15433,0,0,23131
engine_execution,component_flat,10,9,0,63037,0,0,0,0,0
engine_execution,component_flat,10,9,1,63870,0,0,0,0,1
engine_execution,component_flat,10,9,2,63500,0,0,0,0,2
engine_execution,component_flat,10,9,3,63722,0,0,0,0,3
engine_execution,component_flat,10,9,4,63612,0,0,0,0,4
engine_execution,component_flat,10,9,5,63426,0,0,0,0,5
engine_execution,component_flat,10,9,6,63426,0,0,0,0,6
engine_execution,component_flat,10,9,7,63185,0,0,0,0,7
engine_execution,component_flat,10,9,8,63648,0,0,0,0,8
engine_execution,component_flat,10,9,9,63259,0,0,0,0,9
engine_execution,component_flat,10,9,10,62834,0,0,0,0,10
engine_execution,component_flat,10,9,11,63666,0,0,0,0,11
engine_execution,component_flat,10,9,12,63223,0,0,0,0,12
engine_execution,component_flat,10,9,13,63260,0,0,0,0,13
engine_execution,component_flat,10,9,14,62815,0,0,0,0,14
engine_execution,component_flat,10,9,15,63278,0,0,0,0,15
engine_execution,component_flat,10,9,16,63481,0,0,0,0,16
engine_execution,component_flat,10,9,17,63445,0,0,0,0,17
engine_execution,component_flat,10,9,18,63056,0,0,0,0,18
engine_execution,component_flat,10,9,19,62945,0,0,0,0,19
engine_execution,component_flat,10,9,20,62889,0,0,0,0,20
engine_execution,component_flat,10,9,21,63000,0,0,0,0,21
engine_execution,component_flat,10,9,22,62630,0,0,0,0,22
engine_execution,component_flat,10,9,23,62908,0,0,0,0,23
engine_execution,component_flat,10,9,24,63204,0,0,0,0,24
engine_execution,component_flat,10,9,25,62630,0,0,0,0,25
engine_execution,component_flat,10,9,26,62871,0,0,0,0,26
engine_execution,component_flat,10,9,27,62611,0,0,0,0,27
engine_execution,component_flat,10,9,28,62297,0,0,0,0,28
engine_execution,component_flat,10,9,29,62741,0,0,0,0,29
engine_execution,component_flat,10,9,30,62686,0,0,0,0,30
engine_execution,component_flat,10,9,31,62518,0,0,0,0,31
engine_execution,component_flat,10,9,32,63056,0,0,0,0,32
engine_execution,component_flat,10,9,33,62741,0,0,0,0,33
engine_execution,component_flat,10,9,34,62741,0,0,0,0,34
engine_execution,component_flat,10,9,35,62167,0,0,0,0,35
engine_execution,component_flat,10,9,36,62723,0,0,0,0,36
engine_execution,component_flat,10,9,37,62759,0,0,0,0,37
engine_execution,component_flat,10,9,38,62278,0,0,0,0,38
engine_execution,component_flat,10,9,39,62407,0,0,0,0,39
engine_execution_alloc,component_flat,10,9,0,0,575,47080,0,0,23130
engine_execution,component_nested,13,12,0,91297,0,0,0,0,0
engine_execution,component_nested,13,12,1,91666,0,0,0,0,1
engine_execution,component_nested,13,12,2,90833,0,0,0,0,2
engine_execution,component_nested,13,12,3,92000,0,0,0,0,3
engine_execution,component_nested,13,12,4,90852,0,0,0,0,4
engine_execution,component_nested,13,12,5,92149,0,0,0,0,5
engine_execution,component_nested,13,12,6,91630,0,0,0,0,6
engine_execution,component_nested,13,12,7,91093,0,0,0,0,7
engine_execution,component_nested,13,12,8,90019,0,0,0,0,8
engine_execution,component_nested,13,12,9,90648,0,0,0,0,9
engine_execution,component_nested,13,12,10,89926,0,0,0,0,10
engine_execution,component_nested,13,12,11,90390,0,0,0,0,11
engine_execution,component_nested,13,12,12,90444,0,0,0,0,12
engine_execution,component_nested,13,12,13,89982,0,0,0,0,13
engine_execution,component_nested,13,12,14,90426,0,0,0,0,14
engine_execution,component_nested,13,12,15,90945,0,0,0,0,15
engine_execution,component_nested,13,12,16,91260,0,0,0,0,16
engine_execution,component_nested,13,12,17,90463,0,0,0,0,17
engine_execution,component_nested,13,12,18,90797,0,0,0,0,18
engine_execution,component_nested,13,12,19,91130,0,0,0,0,19
engine_execution,component_nested,13,12,20,90371,0,0,0,0,20
engine_execution,component_nested,13,12,21,92111,0,0,0,0,21
engine_execution,component_nested,13,12,22,92204,0,0,0,0,22
engine_execution,component_nested,13,12,23,90908,0,0,0,0,23
engine_execution,component_nested,13,12,24,91685,0,0,0,0,24
engine_execution,component_nested,13,12,25,91686,0,0,0,0,25
engine_execution,component_nested,13,12,26,91778,0,0,0,0,26
engine_execution,component_nested,13,12,27,90853,0,0,0,0,27
engine_execution,component_nested,13,12,28,90871,0,0,0,0,28
engine_execution,component_nested,13,12,29,90889,0,0,0,0,29
engine_execution,component_nested,13,12,30,91982,0,0,0,0,30
engine_execution,component_nested,13,12,31,91797,0,0,0,0,31
engine_execution,component_nested,13,12,32,90722,0,0,0,0,32
engine_execution,component_nested,13,12,33,91407,0,0,0,0,33
engine_execution,component_nested,13,12,34,91222,0,0,0,0,34
engine_execution,component_nested,13,12,35,124630,0,0,0,0,35
engine_execution,component_nested,13,12,36,92278,0,0,0,0,36
engine_execution,component_nested,13,12,37,91945,0,0,0,0,37
engine_execution,component_nested,13,12,38,90501,0,0,0,0,38
engine_execution,component_nested,13,12,39,91130,0,0,0,0,39
engine_execution_alloc,component_nested,13,12,0,0,858,62385,0,0,23130
engine_execution,component_flat,100,99,0,771707,0,0,0,0,1
engine_execution,component_flat,100,99,1,779021,0,0,0,0,0
engine_execution,component_flat,100,99,2,774576,0,0,0,0,3
engine_execution,component_flat,100,99,3,774669,0,0,0,0,2
engine_execution,component_flat,100,99,4,772225,0,0,0,0,5
engine_execution,component_flat,100,99,5,771373,0,0,0,0,4
engine_execution,component_flat,100,99,6,780706,0,0,0,0,7
engine_execution,component_flat,100,99,7,772095,0,0,0,0,6
engine_execution,component_flat,100,99,8,771151,0,0,0,0,9
engine_execution,component_flat,100,99,9,771799,0,0,0,0,8
engine_execution,component_flat,100,99,10,772558,0,0,0,0,11
engine_execution,component_flat,100,99,11,776502,0,0,0,0,10
engine_execution,component_flat,100,99,12,772317,0,0,0,0,13
engine_execution,component_flat,100,99,13,772613,0,0,0,0,12
engine_execution,component_flat,100,99,14,774114,0,0,0,0,15
engine_execution,component_flat,100,99,15,772780,0,0,0,0,14
engine_execution,component_flat,100,99,16,779262,0,0,0,0,17
engine_execution,component_flat,100,99,17,772854,0,0,0,0,16
engine_execution,component_flat,100,99,18,771336,0,0,0,0,19
engine_execution,component_flat,100,99,19,771780,0,0,0,0,18
engine_execution,component_flat,100,99,20,771299,0,0,0,0,21
engine_execution,component_flat,100,99,21,772188,0,0,0,0,20
engine_execution,component_flat,100,99,22,778780,0,0,0,0,23
engine_execution,component_flat,100,99,23,772799,0,0,0,0,22
engine_execution,component_flat,100,99,24,772187,0,0,0,0,25
engine_execution,component_flat,100,99,25,773076,0,0,0,0,24
engine_execution,component_flat,100,99,26,770687,0,0,0,0,27
engine_execution,component_flat,100,99,27,776206,0,0,0,0,26
engine_execution,component_flat,100,99,28,773873,0,0,0,0,29
engine_execution,component_flat,100,99,29,774373,0,0,0,0,28
engine_execution,component_flat,100,99,30,770428,0,0,0,0,31
engine_execution,component_flat,100,99,31,772762,0,0,0,0,30
engine_execution,component_flat,100,99,32,779595,0,0,0,0,33
engine_execution,component_flat,100,99,33,772743,0,0,0,0,32
engine_execution,component_flat,100,99,34,770817,0,0,0,0,35
engine_execution,component_flat,100,99,35,773132,0,0,0,0,34
engine_execution,component_flat,100,99,36,770002,0,0,0,0,37
engine_execution,component_flat,100,99,37,775688,0,0,0,0,36
engine_execution,component_flat,100,99,38,771780,0,0,0,0,39
engine_execution,component_flat,100,99,39,769336,0,0,0,0,38
engine_execution_alloc,component_flat,100,99,0,0,5262,533272,0,0,23131
engine_execution,component_nested,103,102,0,945929,0,0,0,0,1
engine_execution,component_nested,103,102,1,954503,0,0,0,0,0
engine_execution,component_nested,103,102,2,947281,0,0,0,0,3
engine_execution,component_nested,103,102,3,943114,0,0,0,0,2
engine_execution,component_nested,103,102,4,944059,0,0,0,0,5
engine_execution,component_nested,103,102,5,951429,0,0,0,0,4
engine_execution,component_nested,103,102,6,949317,0,0,0,0,7
engine_execution,component_nested,103,102,7,946207,0,0,0,0,6
engine_execution,component_nested,103,102,8,944021,0,0,0,0,9
engine_execution,component_nested,103,102,9,945948,0,0,0,0,8
engine_execution,component_nested,103,102,10,955559,0,0,0,0,11
engine_execution,component_nested,103,102,11,942707,0,0,0,0,10
engine_execution,component_nested,103,102,12,944521,0,0,0,0,13
engine_execution,component_nested,103,102,13,943040,0,0,0,0,12
engine_execution,component_nested,103,102,14,949763,0,0,0,0,15
engine_execution,component_nested,103,102,15,942429,0,0,0,0,14
engine_execution,component_nested,103,102,16,942188,0,0,0,0,17
engine_execution,component_nested,103,102,17,946188,0,0,0,0,16
engine_execution,component_nested,103,102,18,987762,0,0,0,0,19
engine_execution,component_nested,103,102,19,946633,0,0,0,0,18
engine_execution,component_nested,103,102,20,946817,0,0,0,0,21
engine_execution,component_nested,103,102,21,945725,0,0,0,0,20
engine_execution,component_nested,103,102,22,952169,0,0,0,0,23
engine_execution,component_nested,103,102,23,945948,0,0,0,0,22
engine_execution,component_nested,103,102,24,945317,0,0,0,0,25
engine_execution,component_nested,103,102,25,946225,0,0,0,0,24
engine_execution,component_nested,103,102,26,948947,0,0,0,0,27
engine_execution,component_nested,103,102,27,949558,0,0,0,0,26
engine_execution,component_nested,103,102,28,946929,0,0,0,0,29
engine_execution,component_nested,103,102,29,947206,0,0,0,0,28
engine_execution,component_nested,103,102,30,944688,0,0,0,0,31
engine_execution,component_nested,103,102,31,953003,0,0,0,0,30
engine_execution,component_nested,103,102,32,949595,0,0,0,0,33
engine_execution,component_nested,103,102,33,948207,0,0,0,0,32
engine_execution,component_nested,103,102,34,948855,0,0,0,0,35
engine_execution,component_nested,103,102,35,952336,0,0,0,0,34
engine_execution,component_nested,103,102,36,946910,0,0,0,0,37
engine_execution,component_nested,103,102,37,947651,0,0,0,0,36
engine_execution,component_nested,103,102,38,946114,0,0,0,0,39
engine_execution,component_nested,103,102,39,954688,0,0,0,0,38
engine_execution_alloc,component_nested,103,102,0,0,6535,665937,0,0,23131
plan_build,component_repeated_typed_2,2,2,0,29445,0,0,0,0,25
plan_build,component_repeated_typed_2,2,2,1,12167,0,0,0,0,25
plan_build,component_repeated_typed_2,2,2,2,10630,0,0,0,0,25
plan_build,component_repeated_typed_2,2,2,3,9926,0,0,0,0,25
plan_build,component_repeated_typed_2,2,2,4,10704,0,0,0,0,25
plan_build,component_repeated_typed_2,2,2,5,9778,0,0,0,0,25
plan_build,component_repeated_typed_2,2,2,6,9556,0,0,0,0,25
plan_build,component_repeated_typed_2,2,2,7,9648,0,0,0,0,25
plan_build,component_repeated_typed_2,2,2,8,9797,0,0,0,0,25
plan_build,component_repeated_typed_2,2,2,9,9796,0,0,0,0,25
plan_build,component_repeated_typed_2,2,2,10,9907,0,0,0,0,25
plan_build,component_repeated_typed_2,2,2,11,9537,0,0,0,0,25
plan_build,component_repeated_typed_2,2,2,12,9240,0,0,0,0,25
plan_build,component_repeated_typed_2,2,2,13,9925,0,0,0,0,25
plan_build,component_repeated_typed_2,2,2,14,9130,0,0,0,0,25
plan_build,component_repeated_typed_2,2,2,15,9241,0,0,0,0,25
plan_build,component_repeated_typed_2,2,2,16,8944,0,0,0,0,25
plan_build,component_repeated_typed_2,2,2,17,9185,0,0,0,0,25
plan_build,component_repeated_typed_2,2,2,18,9167,0,0,0,0,25
plan_build,component_repeated_typed_2,2,2,19,9148,0,0,0,0,25
plan_build_alloc,component_repeated_typed_2,2,2,0,0,124,17919,0,0,25
engine_execution,component_repeated_typed_2,2,2,0,30277,0,0,0,0,3
engine_execution,component_repeated_typed_2,2,2,1,30222,0,0,0,0,2
engine_execution,component_repeated_typed_2,2,2,2,30667,0,0,0,0,5
engine_execution,component_repeated_typed_2,2,2,3,30092,0,0,0,0,4
engine_execution,component_repeated_typed_2,2,2,4,30148,0,0,0,0,7
engine_execution,component_repeated_typed_2,2,2,5,31056,0,0,0,0,6
engine_execution,component_repeated_typed_2,2,2,6,29593,0,0,0,0,9
engine_execution,component_repeated_typed_2,2,2,7,29759,0,0,0,0,8
engine_execution,component_repeated_typed_2,2,2,8,29797,0,0,0,0,11
engine_execution,component_repeated_typed_2,2,2,9,30111,0,0,0,0,10
engine_execution,component_repeated_typed_2,2,2,10,30000,0,0,0,0,13
engine_execution,component_repeated_typed_2,2,2,11,29704,0,0,0,0,12
engine_execution,component_repeated_typed_2,2,2,12,29666,0,0,0,0,15
engine_execution,component_repeated_typed_2,2,2,13,29389,0,0,0,0,14
engine_execution,component_repeated_typed_2,2,2,14,29723,0,0,0,0,17
engine_execution,component_repeated_typed_2,2,2,15,30130,0,0,0,0,16
engine_execution,component_repeated_typed_2,2,2,16,29240,0,0,0,0,19
engine_execution,component_repeated_typed_2,2,2,17,29833,0,0,0,0,18
engine_execution,component_repeated_typed_2,2,2,18,29333,0,0,0,0,21
engine_execution,component_repeated_typed_2,2,2,19,29723,0,0,0,0,20
engine_execution,component_repeated_typed_2,2,2,20,29834,0,0,0,0,23
engine_execution,component_repeated_typed_2,2,2,21,29981,0,0,0,0,22
engine_execution,component_repeated_typed_2,2,2,22,29815,0,0,0,0,25
engine_execution,component_repeated_typed_2,2,2,23,29315,0,0,0,0,24
engine_execution,component_repeated_typed_2,2,2,24,29907,0,0,0,0,27
engine_execution,component_repeated_typed_2,2,2,25,29241,0,0,0,0,26
engine_execution,component_repeated_typed_2,2,2,26,29278,0,0,0,0,29
engine_execution,component_repeated_typed_2,2,2,27,29222,0,0,0,0,28
engine_execution,component_repeated_typed_2,2,2,28,29371,0,0,0,0,31
engine_execution,component_repeated_typed_2,2,2,29,29296,0,0,0,0,30
engine_execution,component_repeated_typed_2,2,2,30,29945,0,0,0,0,33
engine_execution,component_repeated_typed_2,2,2,31,29482,0,0,0,0,32
engine_execution,component_repeated_typed_2,2,2,32,29408,0,0,0,0,35
engine_execution,component_repeated_typed_2,2,2,33,29297,0,0,0,0,34
engine_execution,component_repeated_typed_2,2,2,34,29167,0,0,0,0,37
engine_execution,component_repeated_typed_2,2,2,35,29260,0,0,0,0,36
engine_execution,component_repeated_typed_2,2,2,36,29315,0,0,0,0,39
engine_execution,component_repeated_typed_2,2,2,37,29463,0,0,0,0,38
engine_execution,component_repeated_typed_2,2,2,38,29297,0,0,0,0,41
engine_execution,component_repeated_typed_2,2,2,39,28889,0,0,0,0,40
engine_execution_alloc,component_repeated_typed_2,2,2,0,0,306,25590,0,0,23133
plan_build,component_repeated_typed_10,10,10,0,51500,0,0,0,0,25
plan_build,component_repeated_typed_10,10,10,1,41908,0,0,0,0,25
plan_build,component_repeated_typed_10,10,10,2,40111,0,0,0,0,25
plan_build,component_repeated_typed_10,10,10,3,39315,0,0,0,0,25
plan_build,component_repeated_typed_10,10,10,4,38370,0,0,0,0,25
plan_build,component_repeated_typed_10,10,10,5,37759,0,0,0,0,25
plan_build,component_repeated_typed_10,10,10,6,37555,0,0,0,0,25
plan_build,component_repeated_typed_10,10,10,7,37260,0,0,0,0,25
plan_build,component_repeated_typed_10,10,10,8,36722,0,0,0,0,25
plan_build,component_repeated_typed_10,10,10,9,37000,0,0,0,0,25
plan_build,component_repeated_typed_10,10,10,10,36686,0,0,0,0,25
plan_build,component_repeated_typed_10,10,10,11,36241,0,0,0,0,25
plan_build,component_repeated_typed_10,10,10,12,36648,0,0,0,0,25
plan_build,component_repeated_typed_10,10,10,13,36259,0,0,0,0,25
plan_build,component_repeated_typed_10,10,10,14,35964,0,0,0,0,25
plan_build,component_repeated_typed_10,10,10,15,35556,0,0,0,0,25
plan_build,component_repeated_typed_10,10,10,16,35889,0,0,0,0,25
plan_build,component_repeated_typed_10,10,10,17,35649,0,0,0,0,25
plan_build,component_repeated_typed_10,10,10,18,36055,0,0,0,0,25
plan_build,component_repeated_typed_10,10,10,19,43926,0,0,0,0,25
plan_build_alloc,component_repeated_typed_10,10,10,0,0,410,85447,0,0,25
engine_execution,component_repeated_typed_10,10,10,0,144185,0,0,0,0,11
engine_execution,component_repeated_typed_10,10,10,1,145037,0,0,0,0,10
engine_execution,component_repeated_typed_10,10,10,2,144223,0,0,0,0,13
engine_execution,component_repeated_typed_10,10,10,3,143334,0,0,0,0,12
engine_execution,component_repeated_typed_10,10,10,4,142445,0,0,0,0,15
engine_execution,component_repeated_typed_10,10,10,5,144833,0,0,0,0,14
engine_execution,component_repeated_typed_10,10,10,6,144667,0,0,0,0,17
engine_execution,component_repeated_typed_10,10,10,7,143408,0,0,0,0,16
engine_execution,component_repeated_typed_10,10,10,8,144686,0,0,0,0,19
engine_execution,component_repeated_typed_10,10,10,9,144204,0,0,0,0,18
engine_execution,component_repeated_typed_10,10,10,10,144278,0,0,0,0,21
engine_execution,component_repeated_typed_10,10,10,11,143427,0,0,0,0,20
engine_execution,component_repeated_typed_10,10,10,12,142519,0,0,0,0,23
engine_execution,component_repeated_typed_10,10,10,13,143908,0,0,0,0,22
engine_execution,component_repeated_typed_10,10,10,14,144167,0,0,0,0,25
engine_execution,component_repeated_typed_10,10,10,15,143630,0,0,0,0,24
engine_execution,component_repeated_typed_10,10,10,16,144722,0,0,0,0,27
engine_execution,component_repeated_typed_10,10,10,17,143852,0,0,0,0,26
engine_execution,component_repeated_typed_10,10,10,18,150371,0,0,0,0,29
engine_execution,component_repeated_typed_10,10,10,19,145149,0,0,0,0,28
engine_execution,component_repeated_typed_10,10,10,20,144815,0,0,0,0,31
engine_execution,component_repeated_typed_10,10,10,21,143723,0,0,0,0,30
engine_execution,component_repeated_typed_10,10,10,22,144001,0,0,0,0,33
engine_execution,component_repeated_typed_10,10,10,23,143519,0,0,0,0,32
engine_execution,component_repeated_typed_10,10,10,24,144075,0,0,0,0,35
engine_execution,component_repeated_typed_10,10,10,25,143593,0,0,0,0,34
engine_execution,component_repeated_typed_10,10,10,26,143649,0,0,0,0,37
engine_execution,component_repeated_typed_10,10,10,27,143722,0,0,0,0,36
engine_execution,component_repeated_typed_10,10,10,28,143871,0,0,0,0,39
engine_execution,component_repeated_typed_10,10,10,29,143519,0,0,0,0,38
engine_execution,component_repeated_typed_10,10,10,30,142982,0,0,0,0,41
engine_execution,component_repeated_typed_10,10,10,31,143222,0,0,0,0,40
engine_execution,component_repeated_typed_10,10,10,32,143445,0,0,0,0,43
engine_execution,component_repeated_typed_10,10,10,33,142297,0,0,0,0,42
engine_execution,component_repeated_typed_10,10,10,34,143704,0,0,0,0,45
engine_execution,component_repeated_typed_10,10,10,35,141852,0,0,0,0,44
engine_execution,component_repeated_typed_10,10,10,36,142815,0,0,0,0,47
engine_execution,component_repeated_typed_10,10,10,37,142315,0,0,0,0,46
engine_execution,component_repeated_typed_10,10,10,38,142168,0,0,0,0,49
engine_execution,component_repeated_typed_10,10,10,39,141797,0,0,0,0,48
engine_execution_alloc,component_repeated_typed_10,10,10,0,0,1408,99870,0,0,23141
plan_build,component_repeated_typed_100,100,100,0,403909,0,0,0,0,25
plan_build,component_repeated_typed_100,100,100,1,386853,0,0,0,0,25
plan_build,component_repeated_typed_100,100,100,2,380724,0,0,0,0,25
plan_build,component_repeated_typed_100,100,100,3,375409,0,0,0,0,25
plan_build,component_repeated_typed_100,100,100,4,376853,0,0,0,0,25
plan_build,component_repeated_typed_100,100,100,5,370834,0,0,0,0,25
plan_build,component_repeated_typed_100,100,100,6,370760,0,0,0,0,25
plan_build,component_repeated_typed_100,100,100,7,372316,0,0,0,0,25
plan_build,component_repeated_typed_100,100,100,8,372853,0,0,0,0,25
plan_build,component_repeated_typed_100,100,100,9,371594,0,0,0,0,25
plan_build,component_repeated_typed_100,100,100,10,370390,0,0,0,0,25
plan_build,component_repeated_typed_100,100,100,11,369798,0,0,0,0,25
plan_build,component_repeated_typed_100,100,100,12,372242,0,0,0,0,25
plan_build,component_repeated_typed_100,100,100,13,371464,0,0,0,0,25
plan_build,component_repeated_typed_100,100,100,14,368778,0,0,0,0,25
plan_build,component_repeated_typed_100,100,100,15,368760,0,0,0,0,25
plan_build,component_repeated_typed_100,100,100,16,368872,0,0,0,0,25
plan_build,component_repeated_typed_100,100,100,17,370112,0,0,0,0,25
plan_build,component_repeated_typed_100,100,100,18,368741,0,0,0,0,25
plan_build,component_repeated_typed_100,100,100,19,367094,0,0,0,0,25
plan_build_alloc,component_repeated_typed_100,100,100,0,0,3376,727313,0,0,25
engine_execution,component_repeated_typed_100,100,100,0,2676786,0,0,0,0,101
engine_execution,component_repeated_typed_100,100,100,1,2678916,0,0,0,0,100
engine_execution,component_repeated_typed_100,100,100,2,2692916,0,0,0,0,103
engine_execution,component_repeated_typed_100,100,100,3,2679545,0,0,0,0,102
engine_execution,component_repeated_typed_100,100,100,4,2681008,0,0,0,0,105
engine_execution,component_repeated_typed_100,100,100,5,2726212,0,0,0,0,104
engine_execution,component_repeated_typed_100,100,100,6,2782527,0,0,0,0,107
engine_execution,component_repeated_typed_100,100,100,7,2694767,0,0,0,0,106
engine_execution,component_repeated_typed_100,100,100,8,2680472,0,0,0,0,109
engine_execution,component_repeated_typed_100,100,100,9,2694546,0,0,0,0,108
engine_execution,component_repeated_typed_100,100,100,10,2667490,0,0,0,0,111
engine_execution,component_repeated_typed_100,100,100,11,2689138,0,0,0,0,110
engine_execution,component_repeated_typed_100,100,100,12,2678545,0,0,0,0,113
engine_execution,component_repeated_typed_100,100,100,13,2668860,0,0,0,0,112
engine_execution,component_repeated_typed_100,100,100,14,2679675,0,0,0,0,115
engine_execution,component_repeated_typed_100,100,100,15,2680508,0,0,0,0,114
engine_execution,component_repeated_typed_100,100,100,16,2685268,0,0,0,0,117
engine_execution,component_repeated_typed_100,100,100,17,2674897,0,0,0,0,116
engine_execution,component_repeated_typed_100,100,100,18,2671657,0,0,0,0,119
engine_execution,component_repeated_typed_100,100,100,19,2678842,0,0,0,0,118
engine_execution,component_repeated_typed_100,100,100,20,2694786,0,0,0,0,121
engine_execution,component_repeated_typed_100,100,100,21,2674397,0,0,0,0,120
engine_execution,component_repeated_typed_100,100,100,22,2679268,0,0,0,0,123
engine_execution,component_repeated_typed_100,100,100,23,2672601,0,0,0,0,122
engine_execution,component_repeated_typed_100,100,100,24,2680786,0,0,0,0,125
engine_execution,component_repeated_typed_100,100,100,25,2680119,0,0,0,0,124
engine_execution,component_repeated_typed_100,100,100,26,2684045,0,0,0,0,127
engine_execution,component_repeated_typed_100,100,100,27,2679157,0,0,0,0,126
engine_execution,component_repeated_typed_100,100,100,28,2668120,0,0,0,0,129
engine_execution,component_repeated_typed_100,100,100,29,2672897,0,0,0,0,128
engine_execution,component_repeated_typed_100,100,100,30,2674231,0,0,0,0,131
engine_execution,component_repeated_typed_100,100,100,31,2664193,0,0,0,0,130
engine_execution,component_repeated_typed_100,100,100,32,2671786,0,0,0,0,133
engine_execution,component_repeated_typed_100,100,100,33,2687990,0,0,0,0,132
engine_execution,component_repeated_typed_100,100,100,34,2678249,0,0,0,0,135
engine_execution,component_repeated_typed_100,100,100,35,2676990,0,0,0,0,134
engine_execution,component_repeated_typed_100,100,100,36,2679009,0,0,0,0,137
engine_execution,component_repeated_typed_100,100,100,37,2671008,0,0,0,0,136
engine_execution,component_repeated_typed_100,100,100,38,2681674,0,0,0,0,139
engine_execution,component_repeated_typed_100,100,100,39,2694730,0,0,0,0,138
engine_execution_alloc,component_repeated_typed_100,100,100,0,0,22569,1497230,0,0,23231
engine_execution,resident_ready_shutdown,1,0,0,16537,0,0,0,0,1
engine_execution,resident_ready_shutdown,1,0,1,16648,0,0,0,0,1
engine_execution,resident_ready_shutdown,1,0,2,16667,0,0,0,0,1
engine_execution,resident_ready_shutdown,1,0,3,16574,0,0,0,0,1
engine_execution,resident_ready_shutdown,1,0,4,16704,0,0,0,0,1
engine_execution,resident_ready_shutdown,1,0,5,16500,0,0,0,0,1
engine_execution,resident_ready_shutdown,1,0,6,16667,0,0,0,0,1
engine_execution,resident_ready_shutdown,1,0,7,16629,0,0,0,0,1
engine_execution,resident_ready_shutdown,1,0,8,16871,0,0,0,0,1
engine_execution,resident_ready_shutdown,1,0,9,16778,0,0,0,0,1
engine_execution,resident_ready_shutdown,1,0,10,16870,0,0,0,0,1
engine_execution,resident_ready_shutdown,1,0,11,16945,0,0,0,0,1
engine_execution,resident_ready_shutdown,1,0,12,17149,0,0,0,0,1
engine_execution,resident_ready_shutdown,1,0,13,17055,0,0,0,0,1
engine_execution,resident_ready_shutdown,1,0,14,16815,0,0,0,0,1
engine_execution,resident_ready_shutdown,1,0,15,17000,0,0,0,0,1
engine_execution,resident_ready_shutdown,1,0,16,17000,0,0,0,0,1
engine_execution,resident_ready_shutdown,1,0,17,16888,0,0,0,0,1
engine_execution,resident_ready_shutdown,1,0,18,16944,0,0,0,0,1
engine_execution,resident_ready_shutdown,1,0,19,17241,0,0,0,0,1
engine_execution,resident_ready_shutdown,1,0,20,17296,0,0,0,0,1
engine_execution,resident_ready_shutdown,1,0,21,17111,0,0,0,0,1
engine_execution,resident_ready_shutdown,1,0,22,17037,0,0,0,0,1
engine_execution,resident_ready_shutdown,1,0,23,16870,0,0,0,0,1
engine_execution,resident_ready_shutdown,1,0,24,17093,0,0,0,0,1
engine_execution,resident_ready_shutdown,1,0,25,16796,0,0,0,0,1
engine_execution,resident_ready_shutdown,1,0,26,16945,0,0,0,0,1
engine_execution,resident_ready_shutdown,1,0,27,17019,0,0,0,0,1
engine_execution,resident_ready_shutdown,1,0,28,17167,0,0,0,0,1
engine_execution,resident_ready_shutdown,1,0,29,16889,0,0,0,0,1
engine_execution,resident_ready_shutdown,1,0,30,16889,0,0,0,0,1
engine_execution,resident_ready_shutdown,1,0,31,17055,0,0,0,0,1
engine_execution,resident_ready_shutdown,1,0,32,17315,0,0,0,0,1
engine_execution,resident_ready_shutdown,1,0,33,16944,0,0,0,0,1
engine_execution,resident_ready_shutdown,1,0,34,16945,0,0,0,0,1
engine_execution,resident_ready_shutdown,1,0,35,16870,0,0,0,0,1
engine_execution,resident_ready_shutdown,1,0,36,16833,0,0,0,0,1
engine_execution,resident_ready_shutdown,1,0,37,16870,0,0,0,0,1
engine_execution,resident_ready_shutdown,1,0,38,16852,0,0,0,0,1
engine_execution,resident_ready_shutdown,1,0,39,16907,0,0,0,0,1
engine_execution,service_restart_stable_handle,1,0,0,27333,0,0,0,0,27
engine_execution,service_restart_stable_handle,1,0,1,26593,0,0,0,0,30
engine_execution,service_restart_stable_handle,1,0,2,26815,0,0,0,0,33
engine_execution,service_restart_stable_handle,1,0,3,27037,0,0,0,0,36
engine_execution,service_restart_stable_handle,1,0,4,26760,0,0,0,0,39
engine_execution,service_restart_stable_handle,1,0,5,26908,0,0,0,0,42
engine_execution,service_restart_stable_handle,1,0,6,26686,0,0,0,0,45
engine_execution,service_restart_stable_handle,1,0,7,26593,0,0,0,0,48
engine_execution,service_restart_stable_handle,1,0,8,26426,0,0,0,0,51
engine_execution,service_restart_stable_handle,1,0,9,26722,0,0,0,0,54
engine_execution,service_restart_stable_handle,1,0,10,26760,0,0,0,0,57
engine_execution,service_restart_stable_handle,1,0,11,26223,0,0,0,0,60
engine_execution,service_restart_stable_handle,1,0,12,26574,0,0,0,0,63
engine_execution,service_restart_stable_handle,1,0,13,26592,0,0,0,0,66
engine_execution,service_restart_stable_handle,1,0,14,26408,0,0,0,0,69
engine_execution,service_restart_stable_handle,1,0,15,26556,0,0,0,0,72
engine_execution,service_restart_stable_handle,1,0,16,26500,0,0,0,0,75
engine_execution,service_restart_stable_handle,1,0,17,26444,0,0,0,0,78
engine_execution,service_restart_stable_handle,1,0,18,26278,0,0,0,0,81
engine_execution,service_restart_stable_handle,1,0,19,26204,0,0,0,0,84
engine_execution,service_restart_stable_handle,1,0,20,25926,0,0,0,0,87
engine_execution,service_restart_stable_handle,1,0,21,26500,0,0,0,0,90
engine_execution,service_restart_stable_handle,1,0,22,26259,0,0,0,0,93
engine_execution,service_restart_stable_handle,1,0,23,26259,0,0,0,0,96
engine_execution,service_restart_stable_handle,1,0,24,26352,0,0,0,0,99
engine_execution,service_restart_stable_handle,1,0,25,26611,0,0,0,0,102
engine_execution,service_restart_stable_handle,1,0,26,26074,0,0,0,0,105
engine_execution,service_restart_stable_handle,1,0,27,26611,0,0,0,0,108
engine_execution,service_restart_stable_handle,1,0,28,26130,0,0,0,0,111
engine_execution,service_restart_stable_handle,1,0,29,26500,0,0,0,0,114
engine_execution,service_restart_stable_handle,1,0,30,26334,0,0,0,0,117
engine_execution,service_restart_stable_handle,1,0,31,26315,0,0,0,0,120
engine_execution,service_restart_stable_handle,1,0,32,26371,0,0,0,0,123
engine_execution,service_restart_stable_handle,1,0,33,26982,0,0,0,0,126
engine_execution,service_restart_stable_handle,1,0,34,26223,0,0,0,0,129
engine_execution,service_restart_stable_handle,1,0,35,26186,0,0,0,0,132
engine_execution,service_restart_stable_handle,1,0,36,26204,0,0,0,0,135
engine_execution,service_restart_stable_handle,1,0,37,26315,0,0,0,0,138
engine_execution,service_restart_stable_handle,1,0,38,26389,0,0,0,0,141
engine_execution,service_restart_stable_handle,1,0,39,26575,0,0,0,0,144
engine_execution_alloc,service_restart_stable_handle,1,0,0,0,237,22460,0,0,147
engine_execution,service_restart_exhausted,1,0,0,19296,0,0,0,0,19
engine_execution,service_restart_exhausted,1,0,1,19574,0,0,0,0,21
engine_execution,service_restart_exhausted,1,0,2,19519,0,0,0,0,23
engine_execution,service_restart_exhausted,1,0,3,19574,0,0,0,0,25
engine_execution,service_restart_exhausted,1,0,4,19574,0,0,0,0,27
engine_execution,service_restart_exhausted,1,0,5,19870,0,0,0,0,29
engine_execution,service_restart_exhausted,1,0,6,19926,0,0,0,0,31
engine_execution,service_restart_exhausted,1,0,7,19648,0,0,0,0,33
engine_execution,service_restart_exhausted,1,0,8,19500,0,0,0,0,35
engine_execution,service_restart_exhausted,1,0,9,19333,0,0,0,0,37
engine_execution,service_restart_exhausted,1,0,10,19518,0,0,0,0,39
engine_execution,service_restart_exhausted,1,0,11,19519,0,0,0,0,41
engine_execution,service_restart_exhausted,1,0,12,20000,0,0,0,0,43
engine_execution,service_restart_exhausted,1,0,13,19611,0,0,0,0,45
engine_execution,service_restart_exhausted,1,0,14,19629,0,0,0,0,47
engine_execution,service_restart_exhausted,1,0,15,20296,0,0,0,0,49
engine_execution,service_restart_exhausted,1,0,16,19445,0,0,0,0,51
engine_execution,service_restart_exhausted,1,0,17,19481,0,0,0,0,53
engine_execution,service_restart_exhausted,1,0,18,19722,0,0,0,0,55
engine_execution,service_restart_exhausted,1,0,19,19611,0,0,0,0,57
engine_execution,service_restart_exhausted,1,0,20,19555,0,0,0,0,59
engine_execution,service_restart_exhausted,1,0,21,19297,0,0,0,0,61
engine_execution,service_restart_exhausted,1,0,22,19593,0,0,0,0,63
engine_execution,service_restart_exhausted,1,0,23,19463,0,0,0,0,65
engine_execution,service_restart_exhausted,1,0,24,19537,0,0,0,0,67
engine_execution,service_restart_exhausted,1,0,25,19370,0,0,0,0,69
engine_execution,service_restart_exhausted,1,0,26,19352,0,0,0,0,71
engine_execution,service_restart_exhausted,1,0,27,19389,0,0,0,0,73
engine_execution,service_restart_exhausted,1,0,28,19371,0,0,0,0,75
engine_execution,service_restart_exhausted,1,0,29,19278,0,0,0,0,77
engine_execution,service_restart_exhausted,1,0,30,19481,0,0,0,0,79
engine_execution,service_restart_exhausted,1,0,31,19389,0,0,0,0,81
engine_execution,service_restart_exhausted,1,0,32,19149,0,0,0,0,83
engine_execution,service_restart_exhausted,1,0,33,19500,0,0,0,0,85
engine_execution,service_restart_exhausted,1,0,34,19166,0,0,0,0,87
engine_execution,service_restart_exhausted,1,0,35,19241,0,0,0,0,89
engine_execution,service_restart_exhausted,1,0,36,19334,0,0,0,0,91
engine_execution,service_restart_exhausted,1,0,37,19167,0,0,0,0,93
engine_execution,service_restart_exhausted,1,0,38,19222,0,0,0,0,95
engine_execution,service_restart_exhausted,1,0,39,19315,0,0,0,0,97
engine_execution_alloc,service_restart_exhausted,1,0,0,0,185,17964,0,0,99
engine_execution,dynamic_live_instances_1,3,2,0,77667,0,0,0,0,0
engine_execution,dynamic_live_instances_1,3,2,1,71834,0,0,0,0,0
engine_execution,dynamic_live_instances_1,3,2,2,70222,0,0,0,0,0
engine_execution,dynamic_live_instances_1,3,2,3,69685,0,0,0,0,0
engine_execution,dynamic_live_instances_1,3,2,4,70278,0,0,0,0,0
engine_execution,dynamic_live_instances_1,3,2,5,69889,0,0,0,0,0
engine_execution,dynamic_live_instances_1,3,2,6,69241,0,0,0,0,0
engine_execution,dynamic_live_instances_1,3,2,7,69352,0,0,0,0,0
engine_execution,dynamic_live_instances_1,3,2,8,69685,0,0,0,0,0
engine_execution,dynamic_live_instances_1,3,2,9,69241,0,0,0,0,0
engine_execution,dynamic_live_instances_1,3,2,10,68797,0,0,0,0,0
engine_execution,dynamic_live_instances_1,3,2,11,68852,0,0,0,0,0
engine_execution,dynamic_live_instances_1,3,2,12,68703,0,0,0,0,0
engine_execution,dynamic_live_instances_1,3,2,13,69741,0,0,0,0,0
engine_execution,dynamic_live_instances_1,3,2,14,69296,0,0,0,0,0
engine_execution,dynamic_live_instances_1,3,2,15,69334,0,0,0,0,0
engine_execution,dynamic_live_instances_1,3,2,16,69037,0,0,0,0,0
engine_execution,dynamic_live_instances_1,3,2,17,68870,0,0,0,0,0
engine_execution,dynamic_live_instances_1,3,2,18,69112,0,0,0,0,0
engine_execution,dynamic_live_instances_1,3,2,19,68426,0,0,0,0,0
engine_execution,dynamic_live_instances_1,3,2,20,68759,0,0,0,0,0
engine_execution,dynamic_live_instances_1,3,2,21,67538,0,0,0,0,0
engine_execution,dynamic_live_instances_1,3,2,22,67871,0,0,0,0,0
engine_execution,dynamic_live_instances_1,3,2,23,68593,0,0,0,0,0
engine_execution,dynamic_live_instances_1,3,2,24,69148,0,0,0,0,0
engine_execution,dynamic_live_instances_1,3,2,25,68445,0,0,0,0,0
engine_execution,dynamic_live_instances_1,3,2,26,68667,0,0,0,0,0
engine_execution,dynamic_live_instances_1,3,2,27,68704,0,0,0,0,0
engine_execution,dynamic_live_instances_1,3,2,28,68315,0,0,0,0,0
engine_execution,dynamic_live_instances_1,3,2,29,68871,0,0,0,0,0
engine_execution,dynamic_live_instances_1,3,2,30,68278,0,0,0,0,0
engine_execution,dynamic_live_instances_1,3,2,31,68648,0,0,0,0,0
engine_execution,dynamic_live_instances_1,3,2,32,68408,0,0,0,0,0
engine_execution,dynamic_live_instances_1,3,2,33,68759,0,0,0,0,0
engine_execution,dynamic_live_instances_1,3,2,34,68352,0,0,0,0,0
engine_execution,dynamic_live_instances_1,3,2,35,68278,0,0,0,0,0
engine_execution,dynamic_live_instances_1,3,2,36,68019,0,0,0,0,0
engine_execution,dynamic_live_instances_1,3,2,37,68778,0,0,0,0,0
engine_execution,dynamic_live_instances_1,3,2,38,68815,0,0,0,0,0
engine_execution,dynamic_live_instances_1,3,2,39,68185,0,0,0,0,0
engine_execution_alloc,dynamic_live_instances_1,3,2,1,0,615,63231,0,0,0
engine_execution,dynamic_live_instances_10,3,2,0,534354,0,0,0,0,11
engine_execution,dynamic_live_instances_10,3,2,1,541613,0,0,0,0,11
engine_execution,dynamic_live_instances_10,3,2,2,534039,0,0,0,0,11
engine_execution,dynamic_live_instances_10,3,2,3,535206,0,0,0,0,11
engine_execution,dynamic_live_instances_10,3,2,4,533927,0,0,0,0,11
engine_execution,dynamic_live_instances_10,3,2,5,534909,0,0,0,0,11
engine_execution,dynamic_live_instances_10,3,2,6,531169,0,0,0,0,11
engine_execution,dynamic_live_instances_10,3,2,7,531668,0,0,0,0,11
engine_execution,dynamic_live_instances_10,3,2,8,532909,0,0,0,0,11
engine_execution,dynamic_live_instances_10,3,2,9,540632,0,0,0,0,11
engine_execution,dynamic_live_instances_10,3,2,10,533020,0,0,0,0,11
engine_execution,dynamic_live_instances_10,3,2,11,534946,0,0,0,0,11
engine_execution,dynamic_live_instances_10,3,2,12,532575,0,0,0,0,11
engine_execution,dynamic_live_instances_10,3,2,13,534150,0,0,0,0,11
engine_execution,dynamic_live_instances_10,3,2,14,532650,0,0,0,0,11
engine_execution,dynamic_live_instances_10,3,2,15,531353,0,0,0,0,11
engine_execution,dynamic_live_instances_10,3,2,16,542205,0,0,0,0,11
engine_execution,dynamic_live_instances_10,3,2,17,531557,0,0,0,0,11
engine_execution,dynamic_live_instances_10,3,2,18,529928,0,0,0,0,11
engine_execution,dynamic_live_instances_10,3,2,19,532446,0,0,0,0,11
engine_execution,dynamic_live_instances_10,3,2,20,533224,0,0,0,0,11
engine_execution,dynamic_live_instances_10,3,2,21,529872,0,0,0,0,11
engine_execution,dynamic_live_instances_10,3,2,22,529798,0,0,0,0,11
engine_execution,dynamic_live_instances_10,3,2,23,531983,0,0,0,0,11
engine_execution,dynamic_live_instances_10,3,2,24,537373,0,0,0,0,11
engine_execution,dynamic_live_instances_10,3,2,25,531983,0,0,0,0,11
engine_execution,dynamic_live_instances_10,3,2,26,532335,0,0,0,0,11
engine_execution,dynamic_live_instances_10,3,2,27,529669,0,0,0,0,11
engine_execution,dynamic_live_instances_10,3,2,28,531057,0,0,0,0,11
engine_execution,dynamic_live_instances_10,3,2,29,530743,0,0,0,0,11
engine_execution,dynamic_live_instances_10,3,2,30,535057,0,0,0,0,11
engine_execution,dynamic_live_instances_10,3,2,31,542224,0,0,0,0,11
engine_execution,dynamic_live_instances_10,3,2,32,531909,0,0,0,0,11
engine_execution,dynamic_live_instances_10,3,2,33,531335,0,0,0,0,11
engine_execution,dynamic_live_instances_10,3,2,34,531390,0,0,0,0,11
engine_execution,dynamic_live_instances_10,3,2,35,532631,0,0,0,0,11
engine_execution,dynamic_live_instances_10,3,2,36,532206,0,0,0,0,11
engine_execution,dynamic_live_instances_10,3,2,37,533224,0,0,0,0,11
engine_execution,dynamic_live_instances_10,3,2,38,531131,0,0,0,0,11
engine_execution,dynamic_live_instances_10,3,2,39,540261,0,0,0,0,11
engine_execution_alloc,dynamic_live_instances_10,3,2,10,0,4382,470925,0,0,11
engine_execution,dynamic_live_instances_100,3,2,0,9856882,0,0,0,0,101
engine_execution,dynamic_live_instances_100,3,2,1,10835182,0,0,0,0,101
engine_execution,dynamic_live_instances_100,3,2,2,14197933,0,0,0,0,101
engine_execution,dynamic_live_instances_100,3,2,3,10948552,0,0,0,0,101
engine_execution,dynamic_live_instances_100,3,2,4,10063882,0,0,0,0,101
engine_execution,dynamic_live_instances_100,3,2,5,10430254,0,0,0,0,101
engine_execution,dynamic_live_instances_100,3,2,6,9794585,0,0,0,0,101
engine_execution,dynamic_live_instances_100,3,2,7,9777400,0,0,0,0,101
engine_execution,dynamic_live_instances_100,3,2,8,9707863,0,0,0,0,101
engine_execution,dynamic_live_instances_100,3,2,9,9817382,0,0,0,0,101
engine_execution,dynamic_live_instances_100,3,2,10,10008919,0,0,0,0,101
engine_execution,dynamic_live_instances_100,3,2,11,10222606,0,0,0,0,101
engine_execution,dynamic_live_instances_100,3,2,12,10851181,0,0,0,0,101
engine_execution,dynamic_live_instances_100,3,2,13,9982290,0,0,0,0,101
engine_execution,dynamic_live_instances_100,3,2,14,9750826,0,0,0,0,101
engine_execution,dynamic_live_instances_100,3,2,15,10108160,0,0,0,0,101
engine_execution,dynamic_live_instances_100,3,2,16,9788511,0,0,0,0,101
engine_execution,dynamic_live_instances_100,3,2,17,9698141,0,0,0,0,101
engine_execution,dynamic_live_instances_100,3,2,18,9728382,0,0,0,0,101
engine_execution,dynamic_live_instances_100,3,2,19,9714678,0,0,0,0,101
engine_execution,dynamic_live_instances_100,3,2,20,9816253,0,0,0,0,101
engine_execution,dynamic_live_instances_100,3,2,21,10151086,0,0,0,0,101
engine_execution,dynamic_live_instances_100,3,2,22,10556606,0,0,0,0,101
engine_execution,dynamic_live_instances_100,3,2,23,10257772,0,0,0,0,101
engine_execution,dynamic_live_instances_100,3,2,24,10062012,0,0,0,0,101
engine_execution,dynamic_live_instances_100,3,2,25,10101697,0,0,0,0,101
engine_execution,dynamic_live_instances_100,3,2,26,10046345,0,0,0,0,101
engine_execution,dynamic_live_instances_100,3,2,27,9920938,0,0,0,0,101
engine_execution,dynamic_live_instances_100,3,2,28,9797660,0,0,0,0,101
engine_execution,dynamic_live_instances_100,3,2,29,10612459,0,0,0,0,101
engine_execution,dynamic_live_instances_100,3,2,30,9981215,0,0,0,0,101
engine_execution,dynamic_live_instances_100,3,2,31,10172401,0,0,0,0,101
engine_execution,dynamic_live_instances_100,3,2,32,10456755,0,0,0,0,101
engine_execution,dynamic_live_instances_100,3,2,33,9769789,0,0,0,0,101
engine_execution,dynamic_live_instances_100,3,2,34,9720307,0,0,0,0,101
engine_execution,dynamic_live_instances_100,3,2,35,9764696,0,0,0,0,101
engine_execution,dynamic_live_instances_100,3,2,36,10101512,0,0,0,0,101
engine_execution,dynamic_live_instances_100,3,2,37,10117142,0,0,0,0,101
engine_execution,dynamic_live_instances_100,3,2,38,9742734,0,0,0,0,101
engine_execution,dynamic_live_instances_100,3,2,39,9741067,0,0,0,0,101
engine_execution_alloc,dynamic_live_instances_100,3,2,100,0,68263,5172559,0,0,101
engine_execution,dynamic_sequential_churn_1,2,1,0,61871,0,0,0,0,9
engine_execution,dynamic_sequential_churn_1,2,1,1,62000,0,0,0,0,10
engine_execution,dynamic_sequential_churn_1,2,1,2,61982,0,0,0,0,11
engine_execution,dynamic_sequential_churn_1,2,1,3,62148,0,0,0,0,12
engine_execution,dynamic_sequential_churn_1,2,1,4,73334,0,0,0,0,13
engine_execution,dynamic_sequential_churn_1,2,1,5,63555,0,0,0,0,14
engine_execution,dynamic_sequential_churn_1,2,1,6,62056,0,0,0,0,15
engine_execution,dynamic_sequential_churn_1,2,1,7,62074,0,0,0,0,16
engine_execution,dynamic_sequential_churn_1,2,1,8,60723,0,0,0,0,17
engine_execution,dynamic_sequential_churn_1,2,1,9,61426,0,0,0,0,18
engine_execution,dynamic_sequential_churn_1,2,1,10,60593,0,0,0,0,19
engine_execution,dynamic_sequential_churn_1,2,1,11,60444,0,0,0,0,20
engine_execution,dynamic_sequential_churn_1,2,1,12,61408,0,0,0,0,21
engine_execution,dynamic_sequential_churn_1,2,1,13,60889,0,0,0,0,22
engine_execution,dynamic_sequential_churn_1,2,1,14,60574,0,0,0,0,23
engine_execution,dynamic_sequential_churn_1,2,1,15,61481,0,0,0,0,24
engine_execution,dynamic_sequential_churn_1,2,1,16,61463,0,0,0,0,25
engine_execution,dynamic_sequential_churn_1,2,1,17,60852,0,0,0,0,26
engine_execution,dynamic_sequential_churn_1,2,1,18,61370,0,0,0,0,27
engine_execution,dynamic_sequential_churn_1,2,1,19,61149,0,0,0,0,28
engine_execution,dynamic_sequential_churn_1,2,1,20,61037,0,0,0,0,29
engine_execution,dynamic_sequential_churn_1,2,1,21,61686,0,0,0,0,30
engine_execution,dynamic_sequential_churn_1,2,1,22,61278,0,0,0,0,31
engine_execution,dynamic_sequential_churn_1,2,1,23,61111,0,0,0,0,32
engine_execution,dynamic_sequential_churn_1,2,1,24,60963,0,0,0,0,33
engine_execution,dynamic_sequential_churn_1,2,1,25,60297,0,0,0,0,34
engine_execution,dynamic_sequential_churn_1,2,1,26,60852,0,0,0,0,35
engine_execution,dynamic_sequential_churn_1,2,1,27,60407,0,0,0,0,36
engine_execution,dynamic_sequential_churn_1,2,1,28,60927,0,0,0,0,37
engine_execution,dynamic_sequential_churn_1,2,1,29,60630,0,0,0,0,38
engine_execution,dynamic_sequential_churn_1,2,1,30,60871,0,0,0,0,39
engine_execution,dynamic_sequential_churn_1,2,1,31,60481,0,0,0,0,40
engine_execution,dynamic_sequential_churn_1,2,1,32,60093,0,0,0,0,41
engine_execution,dynamic_sequential_churn_1,2,1,33,60630,0,0,0,0,42
engine_execution,dynamic_sequential_churn_1,2,1,34,60278,0,0,0,0,43
engine_execution,dynamic_sequential_churn_1,2,1,35,60186,0,0,0,0,44
engine_execution,dynamic_sequential_churn_1,2,1,36,61296,0,0,0,0,45
engine_execution,dynamic_sequential_churn_1,2,1,37,60611,0,0,0,0,46
engine_execution,dynamic_sequential_churn_1,2,1,38,61259,0,0,0,0,47
engine_execution,dynamic_sequential_churn_1,2,1,39,60760,0,0,0,0,48
engine_execution_alloc,dynamic_sequential_churn_1,2,1,1,0,538,52749,0,0,49
engine_execution,dynamic_sequential_churn_10,2,1,0,393687,0,0,0,0,90
engine_execution,dynamic_sequential_churn_10,2,1,1,392964,0,0,0,0,100
engine_execution,dynamic_sequential_churn_10,2,1,2,402557,0,0,0,0,110
engine_execution,dynamic_sequential_churn_10,2,1,3,403557,0,0,0,0,120
engine_execution,dynamic_sequential_churn_10,2,1,4,393205,0,0,0,0,130
engine_execution,dynamic_sequential_churn_10,2,1,5,450446,0,0,0,0,140
engine_execution,dynamic_sequential_churn_10,2,1,6,466742,0,0,0,0,150
engine_execution,dynamic_sequential_churn_10,2,1,7,396835,0,0,0,0,160
engine_execution,dynamic_sequential_churn_10,2,1,8,394779,0,0,0,0,170
engine_execution,dynamic_sequential_churn_10,2,1,9,392112,0,0,0,0,180
engine_execution,dynamic_sequential_churn_10,2,1,10,426001,0,0,0,0,190
engine_execution,dynamic_sequential_churn_10,2,1,11,421630,0,0,0,0,200
engine_execution,dynamic_sequential_churn_10,2,1,12,475409,0,0,0,0,210
engine_execution,dynamic_sequential_churn_10,2,1,13,396483,0,0,0,0,220
engine_execution,dynamic_sequential_churn_10,2,1,14,414187,0,0,0,0,230
engine_execution,dynamic_sequential_churn_10,2,1,15,414687,0,0,0,0,240
engine_execution,dynamic_sequential_churn_10,2,1,16,395816,0,0,0,0,250
engine_execution,dynamic_sequential_churn_10,2,1,17,391631,0,0,0,0,260
engine_execution,dynamic_sequential_churn_10,2,1,18,390983,0,0,0,0,270
engine_execution,dynamic_sequential_churn_10,2,1,19,400279,0,0,0,0,280
engine_execution,dynamic_sequential_churn_10,2,1,20,394297,0,0,0,0,290
engine_execution,dynamic_sequential_churn_10,2,1,21,393705,0,0,0,0,300
engine_execution,dynamic_sequential_churn_10,2,1,22,392446,0,0,0,0,310
engine_execution,dynamic_sequential_churn_10,2,1,23,391890,0,0,0,0,320
engine_execution,dynamic_sequential_churn_10,2,1,24,391594,0,0,0,0,330
engine_execution,dynamic_sequential_churn_10,2,1,25,400038,0,0,0,0,340
engine_execution,dynamic_sequential_churn_10,2,1,26,397964,0,0,0,0,350
engine_execution,dynamic_sequential_churn_10,2,1,27,392853,0,0,0,0,360
engine_execution,dynamic_sequential_churn_10,2,1,28,392964,0,0,0,0,370
engine_execution,dynamic_sequential_churn_10,2,1,29,392853,0,0,0,0,380
engine_execution,dynamic_sequential_churn_10,2,1,30,391668,0,0,0,0,390
engine_execution,dynamic_sequential_churn_10,2,1,31,391779,0,0,0,0,400
engine_execution,dynamic_sequential_churn_10,2,1,32,391612,0,0,0,0,410
engine_execution,dynamic_sequential_churn_10,2,1,33,391168,0,0,0,0,420
engine_execution,dynamic_sequential_churn_10,2,1,34,392946,0,0,0,0,430
engine_execution,dynamic_sequential_churn_10,2,1,35,393242,0,0,0,0,440
engine_execution,dynamic_sequential_churn_10,2,1,36,399630,0,0,0,0,450
engine_execution,dynamic_sequential_churn_10,2,1,37,430075,0,0,0,0,460
engine_execution,dynamic_sequential_churn_10,2,1,38,400205,0,0,0,0,470
engine_execution,dynamic_sequential_churn_10,2,1,39,392798,0,0,0,0,480
engine_execution_alloc,dynamic_sequential_churn_10,2,1,10,0,3495,324339,0,0,490
engine_execution,dynamic_sequential_churn_100,2,1,0,3673197,0,0,0,0,900
engine_execution,dynamic_sequential_churn_100,2,1,1,3672919,0,0,0,0,1000
engine_execution,dynamic_sequential_churn_100,2,1,2,3655307,0,0,0,0,1100
engine_execution,dynamic_sequential_churn_100,2,1,3,3656530,0,0,0,0,1200
engine_execution,dynamic_sequential_churn_100,2,1,4,3732937,0,0,0,0,1300
engine_execution,dynamic_sequential_churn_100,2,1,5,3696252,0,0,0,0,1400
engine_execution,dynamic_sequential_churn_100,2,1,6,3719252,0,0,0,0,1500
engine_execution,dynamic_sequential_churn_100,2,1,7,3676122,0,0,0,0,1600
engine_execution,dynamic_sequential_churn_100,2,1,8,3649622,0,0,0,0,1700
engine_execution,dynamic_sequential_churn_100,2,1,9,3684937,0,0,0,0,1800
engine_execution,dynamic_sequential_churn_100,2,1,10,3688845,0,0,0,0,1900
engine_execution,dynamic_sequential_churn_100,2,1,11,3720067,0,0,0,0,2000
engine_execution,dynamic_sequential_churn_100,2,1,12,3734493,0,0,0,0,2100
engine_execution,dynamic_sequential_churn_100,2,1,13,3668993,0,0,0,0,2200
engine_execution,dynamic_sequential_churn_100,2,1,14,3672419,0,0,0,0,2300
engine_execution,dynamic_sequential_churn_100,2,1,15,3695659,0,0,0,0,2400
engine_execution,dynamic_sequential_churn_100,2,1,16,3667270,0,0,0,0,2500
engine_execution,dynamic_sequential_churn_100,2,1,17,3652863,0,0,0,0,2600
engine_execution,dynamic_sequential_churn_100,2,1,18,3674307,0,0,0,0,2700
engine_execution,dynamic_sequential_churn_100,2,1,19,4140013,0,0,0,0,2800
engine_execution,dynamic_sequential_churn_100,2,1,20,3825401,0,0,0,0,2900
engine_execution,dynamic_sequential_churn_100,2,1,21,4023790,0,0,0,0,3000
engine_execution,dynamic_sequential_churn_100,2,1,22,3763474,0,0,0,0,3100
engine_execution,dynamic_sequential_churn_100,2,1,23,4000050,0,0,0,0,3200
engine_execution,dynamic_sequential_churn_100,2,1,24,3802049,0,0,0,0,3300
engine_execution,dynamic_sequential_churn_100,2,1,25,3734863,0,0,0,0,3400
engine_execution,dynamic_sequential_churn_100,2,1,26,3731826,0,0,0,0,3500
engine_execution,dynamic_sequential_churn_100,2,1,27,3685456,0,0,0,0,3600
engine_execution,dynamic_sequential_churn_100,2,1,28,3677086,0,0,0,0,3700
engine_execution,dynamic_sequential_churn_100,2,1,29,3683400,0,0,0,0,3800
engine_execution,dynamic_sequential_churn_100,2,1,30,3664382,0,0,0,0,3900
engine_execution,dynamic_sequential_churn_100,2,1,31,3641270,0,0,0,0,4000
engine_execution,dynamic_sequential_churn_100,2,1,32,3650548,0,0,0,0,4100
engine_execution,dynamic_sequential_churn_100,2,1,33,3635289,0,0,0,0,4200
engine_execution,dynamic_sequential_churn_100,2,1,34,3636252,0,0,0,0,4300
engine_execution,dynamic_sequential_churn_100,2,1,35,3638455,0,0,0,0,4400
engine_execution,dynamic_sequential_churn_100,2,1,36,3638252,0,0,0,0,4500
engine_execution,dynamic_sequential_churn_100,2,1,37,3630992,0,0,0,0,4600
engine_execution,dynamic_sequential_churn_100,2,1,38,3632381,0,0,0,0,4700
engine_execution,dynamic_sequential_churn_100,2,1,39,3634437,0,0,0,0,4800
engine_execution_alloc,dynamic_sequential_churn_100,2,1,100,0,32982,2932143,0,0,4900
engine_execution,effect_unknown_recovery_resolved,1,0,0,16203,0,0,0,0,9
engine_execution,effect_unknown_recovery_resolved,1,0,1,16555,0,0,0,0,10
engine_execution,effect_unknown_recovery_resolved,1,0,2,16241,0,0,0,0,11
engine_execution,effect_unknown_recovery_resolved,1,0,3,16278,0,0,0,0,12
engine_execution,effect_unknown_recovery_resolved,1,0,4,16222,0,0,0,0,13
engine_execution,effect_unknown_recovery_resolved,1,0,5,16797,0,0,0,0,14
engine_execution,effect_unknown_recovery_resolved,1,0,6,16130,0,0,0,0,15
engine_execution,effect_unknown_recovery_resolved,1,0,7,16611,0,0,0,0,16
engine_execution,effect_unknown_recovery_resolved,1,0,8,16741,0,0,0,0,17
engine_execution,effect_unknown_recovery_resolved,1,0,9,16778,0,0,0,0,18
engine_execution,effect_unknown_recovery_resolved,1,0,10,16667,0,0,0,0,19
engine_execution,effect_unknown_recovery_resolved,1,0,11,16575,0,0,0,0,20
engine_execution,effect_unknown_recovery_resolved,1,0,12,16518,0,0,0,0,21
engine_execution,effect_unknown_recovery_resolved,1,0,13,17074,0,0,0,0,22
engine_execution,effect_unknown_recovery_resolved,1,0,14,16463,0,0,0,0,23
engine_execution,effect_unknown_recovery_resolved,1,0,15,16500,0,0,0,0,24
engine_execution,effect_unknown_recovery_resolved,1,0,16,16426,0,0,0,0,25
engine_execution,effect_unknown_recovery_resolved,1,0,17,16574,0,0,0,0,26
engine_execution,effect_unknown_recovery_resolved,1,0,18,16370,0,0,0,0,27
engine_execution,effect_unknown_recovery_resolved,1,0,19,16592,0,0,0,0,28
engine_execution,effect_unknown_recovery_resolved,1,0,20,16500,0,0,0,0,29
engine_execution,effect_unknown_recovery_resolved,1,0,21,16500,0,0,0,0,30
engine_execution,effect_unknown_recovery_resolved,1,0,22,16371,0,0,0,0,31
engine_execution,effect_unknown_recovery_resolved,1,0,23,16445,0,0,0,0,32
engine_execution,effect_unknown_recovery_resolved,1,0,24,16463,0,0,0,0,33
engine_execution,effect_unknown_recovery_resolved,1,0,25,16556,0,0,0,0,34
engine_execution,effect_unknown_recovery_resolved,1,0,26,16482,0,0,0,0,35
engine_execution,effect_unknown_recovery_resolved,1,0,27,16611,0,0,0,0,36
engine_execution,effect_unknown_recovery_resolved,1,0,28,16482,0,0,0,0,37
engine_execution,effect_unknown_recovery_resolved,1,0,29,17296,0,0,0,0,38
engine_execution,effect_unknown_recovery_resolved,1,0,30,16574,0,0,0,0,39
engine_execution,effect_unknown_recovery_resolved,1,0,31,16723,0,0,0,0,40
engine_execution,effect_unknown_recovery_resolved,1,0,32,16426,0,0,0,0,41
engine_execution,effect_unknown_recovery_resolved,1,0,33,16574,0,0,0,0,42
engine_execution,effect_unknown_recovery_resolved,1,0,34,16575,0,0,0,0,43
engine_execution,effect_unknown_recovery_resolved,1,0,35,16574,0,0,0,0,44
engine_execution,effect_unknown_recovery_resolved,1,0,36,16556,0,0,0,0,45
engine_execution,effect_unknown_recovery_resolved,1,0,37,16926,0,0,0,0,46
engine_execution,effect_unknown_recovery_resolved,1,0,38,16574,0,0,0,0,47
engine_execution,effect_unknown_recovery_resolved,1,0,39,16815,0,0,0,0,48
engine_execution_alloc,effect_unknown_recovery_resolved,1,0,0,0,147,15403,0,0,49
engine_execution,effect_unknown_recovery_failed,1,0,0,17537,0,0,0,0,11
engine_execution,effect_unknown_recovery_failed,1,0,1,17648,0,0,0,0,12
engine_execution,effect_unknown_recovery_failed,1,0,2,17649,0,0,0,0,13
engine_execution,effect_unknown_recovery_failed,1,0,3,17852,0,0,0,0,14
engine_execution,effect_unknown_recovery_failed,1,0,4,17667,0,0,0,0,15
engine_execution,effect_unknown_recovery_failed,1,0,5,17834,0,0,0,0,16
engine_execution,effect_unknown_recovery_failed,1,0,6,17852,0,0,0,0,17
engine_execution,effect_unknown_recovery_failed,1,0,7,18352,0,0,0,0,18
engine_execution,effect_unknown_recovery_failed,1,0,8,17537,0,0,0,0,19
engine_execution,effect_unknown_recovery_failed,1,0,9,17556,0,0,0,0,20
engine_execution,effect_unknown_recovery_failed,1,0,10,17555,0,0,0,0,21
engine_execution,effect_unknown_recovery_failed,1,0,11,17371,0,0,0,0,22
engine_execution,effect_unknown_recovery_failed,1,0,12,17463,0,0,0,0,23
engine_execution,effect_unknown_recovery_failed,1,0,13,17426,0,0,0,0,24
engine_execution,effect_unknown_recovery_failed,1,0,14,17426,0,0,0,0,25
engine_execution,effect_unknown_recovery_failed,1,0,15,17537,0,0,0,0,26
engine_execution,effect_unknown_recovery_failed,1,0,16,17611,0,0,0,0,27
engine_execution,effect_unknown_recovery_failed,1,0,17,17834,0,0,0,0,28
engine_execution,effect_unknown_recovery_failed,1,0,18,17611,0,0,0,0,29
engine_execution,effect_unknown_recovery_failed,1,0,19,17667,0,0,0,0,30
engine_execution,effect_unknown_recovery_failed,1,0,20,17518,0,0,0,0,31
engine_execution,effect_unknown_recovery_failed,1,0,21,17593,0,0,0,0,32
engine_execution,effect_unknown_recovery_failed,1,0,22,17685,0,0,0,0,33
engine_execution,effect_unknown_recovery_failed,1,0,23,17759,0,0,0,0,34
engine_execution,effect_unknown_recovery_failed,1,0,24,17592,0,0,0,0,35
engine_execution,effect_unknown_recovery_failed,1,0,25,17593,0,0,0,0,36
engine_execution,effect_unknown_recovery_failed,1,0,26,17592,0,0,0,0,37
engine_execution,effect_unknown_recovery_failed,1,0,27,17630,0,0,0,0,38
engine_execution,effect_unknown_recovery_failed,1,0,28,17444,0,0,0,0,39
engine_execution,effect_unknown_recovery_failed,1,0,29,17481,0,0,0,0,40
engine_execution,effect_unknown_recovery_failed,1,0,30,17592,0,0,0,0,41
engine_execution,effect_unknown_recovery_failed,1,0,31,17500,0,0,0,0,42
engine_execution,effect_unknown_recovery_failed,1,0,32,17555,0,0,0,0,43
engine_execution,effect_unknown_recovery_failed,1,0,33,17426,0,0,0,0,44
engine_execution,effect_unknown_recovery_failed,1,0,34,17667,0,0,0,0,45
engine_execution,effect_unknown_recovery_failed,1,0,35,17555,0,0,0,0,46
engine_execution,effect_unknown_recovery_failed,1,0,36,17407,0,0,0,0,47
engine_execution,effect_unknown_recovery_failed,1,0,37,17611,0,0,0,0,48
engine_execution,effect_unknown_recovery_failed,1,0,38,17556,0,0,0,0,49
engine_execution,effect_unknown_recovery_failed,1,0,39,17630,0,0,0,0,50
engine_execution_alloc,effect_unknown_recovery_failed,1,0,0,0,154,16091,0,0,51
engine_execution,trace_default,100,99,0,785355,0,0,0,0,1
engine_execution,trace_default,100,99,1,787762,0,0,0,0,0
engine_execution,trace_default,100,99,2,811798,0,0,0,0,3
engine_execution,trace_default,100,99,3,787817,0,0,0,0,2
engine_execution,trace_default,100,99,4,791299,0,0,0,0,5
engine_execution,trace_default,100,99,5,783225,0,0,0,0,4
engine_execution,trace_default,100,99,6,781706,0,0,0,0,7
engine_execution,trace_default,100,99,7,781650,0,0,0,0,6
engine_execution,trace_default,100,99,8,792225,0,0,0,0,9
engine_execution,trace_default,100,99,9,797688,0,0,0,0,8
engine_execution,trace_default,100,99,10,783947,0,0,0,0,11
engine_execution,trace_default,100,99,11,803503,0,0,0,0,10
engine_execution,trace_default,100,99,12,782169,0,0,0,0,13
engine_execution,trace_default,100,99,13,799761,0,0,0,0,12
engine_execution,trace_default,100,99,14,800909,0,0,0,0,15
engine_execution,trace_default,100,99,15,787428,0,0,0,0,14
engine_execution,trace_default,100,99,16,786429,0,0,0,0,17
engine_execution,trace_default,100,99,17,783929,0,0,0,0,16
engine_execution,trace_default,100,99,18,781632,0,0,0,0,19
engine_execution,trace_default,100,99,19,795077,0,0,0,0,18
engine_execution,trace_default,100,99,20,787780,0,0,0,0,21
engine_execution,trace_default,100,99,21,780818,0,0,0,0,20
engine_execution,trace_default,100,99,22,780984,0,0,0,0,23
engine_execution,trace_default,100,99,23,781688,0,0,0,0,22
engine_execution,trace_default,100,99,24,794873,0,0,0,0,25
engine_execution,trace_default,100,99,25,792391,0,0,0,0,24
engine_execution,trace_default,100,99,26,784558,0,0,0,0,27
engine_execution,trace_default,100,99,27,783188,0,0,0,0,26
engine_execution,trace_default,100,99,28,793521,0,0,0,0,29
engine_execution,trace_default,100,99,29,795391,0,0,0,0,28
engine_execution,trace_default,100,99,30,784613,0,0,0,0,31
engine_execution,trace_default,100,99,31,782095,0,0,0,0,30
engine_execution,trace_default,100,99,32,791558,0,0,0,0,33
engine_execution,trace_default,100,99,33,782798,0,0,0,0,32
engine_execution,trace_default,100,99,34,814169,0,0,0,0,35
engine_execution,trace_default,100,99,35,797669,0,0,0,0,34
engine_execution,trace_default,100,99,36,803669,0,0,0,0,37
engine_execution,trace_default,100,99,37,789891,0,0,0,0,36
engine_execution,trace_default,100,99,38,784392,0,0,0,0,39
engine_execution,trace_default,100,99,39,806799,0,0,0,0,38
engine_execution_alloc,trace_default,100,99,0,0,5262,533272,0,0,23131
engine_execution,trace_observer,100,99,0,794225,0,0,0,0,1
engine_execution,trace_observer,100,99,1,784429,0,0,0,0,0
engine_execution,trace_observer,100,99,2,799466,0,0,0,0,3
engine_execution,trace_observer,100,99,3,795725,0,0,0,0,2
engine_execution,trace_observer,100,99,4,804836,0,0,0,0,5
engine_execution,trace_observer,100,99,5,799281,0,0,0,0,4
engine_execution,trace_observer,100,99,6,785151,0,0,0,0,7
engine_execution,trace_observer,100,99,7,784780,0,0,0,0,6
engine_execution,trace_observer,100,99,8,784576,0,0,0,0,9
engine_execution,trace_observer,100,99,9,781318,0,0,0,0,8
engine_execution,trace_observer,100,99,10,810077,0,0,0,0,11
engine_execution,trace_observer,100,99,11,785021,0,0,0,0,10
engine_execution,trace_observer,100,99,12,781928,0,0,0,0,13
engine_execution,trace_observer,100,99,13,781225,0,0,0,0,12
engine_execution,trace_observer,100,99,14,793484,0,0,0,0,15
engine_execution,trace_observer,100,99,15,791298,0,0,0,0,14
engine_execution,trace_observer,100,99,16,780818,0,0,0,0,17
engine_execution,trace_observer,100,99,17,780484,0,0,0,0,16
engine_execution,trace_observer,100,99,18,781335,0,0,0,0,19
engine_execution,trace_observer,100,99,19,783002,0,0,0,0,18
engine_execution,trace_observer,100,99,20,780169,0,0,0,0,21
engine_execution,trace_observer,100,99,21,788040,0,0,0,0,20
engine_execution,trace_observer,100,99,22,783577,0,0,0,0,23
engine_execution,trace_observer,100,99,23,782151,0,0,0,0,22
engine_execution,trace_observer,100,99,24,779502,0,0,0,0,25
engine_execution,trace_observer,100,99,25,782077,0,0,0,0,24
engine_execution,trace_observer,100,99,26,790873,0,0,0,0,27
engine_execution,trace_observer,100,99,27,780910,0,0,0,0,26
engine_execution,trace_observer,100,99,28,781132,0,0,0,0,29
engine_execution,trace_observer,100,99,29,785095,0,0,0,0,28
engine_execution,trace_observer,100,99,30,781446,0,0,0,0,31
engine_execution,trace_observer,100,99,31,805502,0,0,0,0,30
engine_execution,trace_observer,100,99,32,788891,0,0,0,0,33
engine_execution,trace_observer,100,99,33,781465,0,0,0,0,32
engine_execution,trace_observer,100,99,34,781132,0,0,0,0,35
engine_execution,trace_observer,100,99,35,798502,0,0,0,0,34
engine_execution,trace_observer,100,99,36,801132,0,0,0,0,37
engine_execution,trace_observer,100,99,37,783669,0,0,0,0,36
engine_execution,trace_observer,100,99,38,783910,0,0,0,0,39
engine_execution,trace_observer,100,99,39,783465,0,0,0,0,38
engine_execution_alloc,trace_observer,100,99,0,0,5262,533272,0,0,23131
representative_application,application_hash_sdax,10,9,0,64426,0,0,0,0,8827501768403342007
representative_application,application_hash_sdax,10,9,1,64482,0,0,0,0,8951258580674472749
representative_application,application_hash_sdax,10,9,2,64464,0,0,0,0,18157584738022301124
representative_application,application_hash_sdax,10,9,3,64333,0,0,0,0,16093298964628915617
representative_application,application_hash_sdax,10,9,4,64945,0,0,0,0,4338024545885762412
representative_application,application_hash_sdax,10,9,5,64945,0,0,0,0,4989613096480112062
representative_application,application_hash_sdax,10,9,6,64408,0,0,0,0,14756605482753659039
representative_application,application_hash_sdax,10,9,7,64556,0,0,0,0,48615153832195890
representative_application,application_hash_sdax,10,9,8,64648,0,0,0,0,12897547982939568865
representative_application,application_hash_sdax,10,9,9,64408,0,0,0,0,6455468052857312123
representative_application,application_hash_sdax,10,9,10,64556,0,0,0,0,7461994257773924098
representative_application,application_hash_sdax,10,9,11,63889,0,0,0,0,3636896381673253623
representative_application,application_hash_sdax,10,9,12,64037,0,0,0,0,6793413810667899076
representative_application,application_hash_sdax,10,9,13,64259,0,0,0,0,12277190981714708308
representative_application,application_hash_sdax,10,9,14,64093,0,0,0,0,9683030269895486545
representative_application,application_hash_sdax,10,9,15,64038,0,0,0,0,9383150768291419922
representative_application,application_hash_sdax,10,9,16,64018,0,0,0,0,11312423361794011584
representative_application,application_hash_sdax,10,9,17,64574,0,0,0,0,18128183083347417488
representative_application,application_hash_sdax,10,9,18,63741,0,0,0,0,12087555839788357172
representative_application,application_hash_sdax,10,9,19,64001,0,0,0,0,13041129334982073488
representative_application,application_hash_sdax,10,9,20,63741,0,0,0,0,8384464984104957687
representative_application,application_hash_sdax,10,9,21,63556,0,0,0,0,10868783110269989825
representative_application,application_hash_sdax,10,9,22,63945,0,0,0,0,15668235844036064711
representative_application,application_hash_sdax,10,9,23,64296,0,0,0,0,4013874171971043560
representative_application,application_hash_sdax,10,9,24,63741,0,0,0,0,4203571749175062306
representative_application,application_hash_sdax,10,9,25,63797,0,0,0,0,10926854856726577928
representative_application,application_hash_sdax,10,9,26,63500,0,0,0,0,16212662351989052772
representative_application,application_hash_sdax,10,9,27,63908,0,0,0,0,11560519827294593319
representative_application,application_hash_sdax,10,9,28,64426,0,0,0,0,7617103062409141563
representative_application,application_hash_sdax,10,9,29,64019,0,0,0,0,15838086077383948403
representative_application,application_hash_sdax,10,9,30,64037,0,0,0,0,8116776606867456652
representative_application,application_hash_sdax,10,9,31,64464,0,0,0,0,11359474695907197805
representative_application,application_hash_sdax,10,9,32,63889,0,0,0,0,9168736860549268637
representative_application,application_hash_sdax,10,9,33,64149,0,0,0,0,16764612828771598240
representative_application,application_hash_sdax,10,9,34,63648,0,0,0,0,14255204493723425259
representative_application,application_hash_sdax,10,9,35,63852,0,0,0,0,3518369773145393400
representative_application,application_hash_sdax,10,9,36,63723,0,0,0,0,8965317550446050729
representative_application,application_hash_sdax,10,9,37,64278,0,0,0,0,16665962306655849748
representative_application,application_hash_sdax,10,9,38,64056,0,0,0,0,13342058531664200426
representative_application,application_hash_sdax,10,9,39,63870,0,0,0,0,18112928529687244317
representative_application_alloc,application_hash_sdax,10,9,0,0,575,47357,0,0,17601881740522758837
representative_application,application_hash_handwritten,10,9,0,1277,0,0,0,0,8827501768403342006
representative_application,application_hash_handwritten,10,9,1,1241,0,0,0,0,8951258580674472748
representative_application,application_hash_handwritten,10,9,2,1593,0,0,0,0,18157584738022301125
representative_application,application_hash_handwritten,10,9,3,1241,0,0,0,0,16093298964628915616
representative_application,application_hash_handwritten,10,9,4,1240,0,0,0,0,4338024545885762413
representative_application,application_hash_handwritten,10,9,5,1241,0,0,0,0,4989613096480112063
representative_application,application_hash_handwritten,10,9,6,1241,0,0,0,0,14756605482753659038
representative_application,application_hash_handwritten,10,9,7,1222,0,0,0,0,48615153832195891
representative_application,application_hash_handwritten,10,9,8,1241,0,0,0,0,12897547982939568864
representative_application,application_hash_handwritten,10,9,9,1223,0,0,0,0,6455468052857312122
representative_application,application_hash_handwritten,10,9,10,1241,0,0,0,0,7461994257773924099
representative_application,application_hash_handwritten,10,9,11,1241,0,0,0,0,3636896381673253622
representative_application,application_hash_handwritten,10,9,12,1222,0,0,0,0,6793413810667899077
representative_application,application_hash_handwritten,10,9,13,1649,0,0,0,0,12277190981714708309
representative_application,application_hash_handwritten,10,9,14,1222,0,0,0,0,9683030269895486544
representative_application,application_hash_handwritten,10,9,15,1241,0,0,0,0,9383150768291419923
representative_application,application_hash_handwritten,10,9,16,1241,0,0,0,0,11312423361794011585
representative_application,application_hash_handwritten,10,9,17,1241,0,0,0,0,18128183083347417489
representative_application,application_hash_handwritten,10,9,18,1223,0,0,0,0,12087555839788357173
representative_application,application_hash_handwritten,10,9,19,1241,0,0,0,0,13041129334982073489
representative_application,application_hash_handwritten,10,9,20,1222,0,0,0,0,8384464984104957686
representative_application,application_hash_handwritten,10,9,21,1241,0,0,0,0,10868783110269989824
representative_application,application_hash_handwritten,10,9,22,1240,0,0,0,0,15668235844036064710
representative_application,application_hash_handwritten,10,9,23,1222,0,0,0,0,4013874171971043561
representative_application,application_hash_handwritten,10,9,24,1240,0,0,0,0,4203571749175062307
representative_application,application_hash_handwritten,10,9,25,1241,0,0,0,0,10926854856726577929
representative_application,application_hash_handwritten,10,9,26,1223,0,0,0,0,16212662351989052773
representative_application,application_hash_handwritten,10,9,27,1241,0,0,0,0,11560519827294593318
representative_application,application_hash_handwritten,10,9,28,1241,0,0,0,0,7617103062409141562
representative_application,application_hash_handwritten,10,9,29,1222,0,0,0,0,15838086077383948402
representative_application,application_hash_handwritten,10,9,30,1241,0,0,0,0,8116776606867456653
representative_application,application_hash_handwritten,10,9,31,1222,0,0,0,0,11359474695907197804
representative_application,application_hash_handwritten,10,9,32,1240,0,0,0,0,9168736860549268636
representative_application,application_hash_handwritten,10,9,33,1241,0,0,0,0,16764612828771598241
representative_application,application_hash_handwritten,10,9,34,1222,0,0,0,0,14255204493723425258
representative_application,application_hash_handwritten,10,9,35,1222,0,0,0,0,3518369773145393401
representative_application,application_hash_handwritten,10,9,36,1222,0,0,0,0,8965317550446050728
representative_application,application_hash_handwritten,10,9,37,1240,0,0,0,0,16665962306655849749
representative_application,application_hash_handwritten,10,9,38,1222,0,0,0,0,13342058531664200427
representative_application,application_hash_handwritten,10,9,39,1241,0,0,0,0,18112928529687244316
representative_application,application_hash_sdax,100,99,0,795261,0,0,0,0,11698499080773063169
representative_application,application_hash_sdax,100,99,1,793039,0,0,0,0,1167273700599470746
representative_application,application_hash_sdax,100,99,2,801910,0,0,0,0,230717062559681466
representative_application,application_hash_sdax,100,99,3,799132,0,0,0,0,13461277124864170951
representative_application,application_hash_sdax,100,99,4,798077,0,0,0,0,1843089491647656604
representative_application,application_hash_sdax,100,99,5,796003,0,0,0,0,1884400405866327554
representative_application,application_hash_sdax,100,99,6,822077,0,0,0,0,15657071968087079792
representative_application,application_hash_sdax,100,99,7,811021,0,0,0,0,8136226820520416651
representative_application,application_hash_sdax,100,99,8,797576,0,0,0,0,9211086410723557827
representative_application,application_hash_sdax,100,99,9,798058,0,0,0,0,3206438314367023030
representative_application,application_hash_sdax,100,99,10,794281,0,0,0,0,5368241661201366769
representative_application,application_hash_sdax,100,99,11,791503,0,0,0,0,6168939717596367288
representative_application,application_hash_sdax,100,99,12,822169,0,0,0,0,14206662131410471245
representative_application,application_hash_sdax,100,99,13,800188,0,0,0,0,13119166869922341979
representative_application,application_hash_sdax,100,99,14,793780,0,0,0,0,13832537443924736586
representative_application,application_hash_sdax,100,99,15,794151,0,0,0,0,10215951684877506974
representative_application,application_hash_sdax,100,99,16,792799,0,0,0,0,5034229283543529572
representative_application,application_hash_sdax,100,99,17,796947,0,0,0,0,14677823012927430832
representative_application,application_hash_sdax,100,99,18,827429,0,0,0,0,13894612964717701903
representative_application,application_hash_sdax,100,99,19,801484,0,0,0,0,15583721593309401490
representative_application,application_hash_sdax,100,99,20,792373,0,0,0,0,6418842662590208827
representative_application,application_hash_sdax,100,99,21,792373,0,0,0,0,13631435880641776915
representative_application,application_hash_sdax,100,99,22,818132,0,0,0,0,17183653852698357092
representative_application,application_hash_sdax,100,99,23,809725,0,0,0,0,9274972455216937604
representative_application,application_hash_sdax,100,99,24,813780,0,0,0,0,9355792106790873694
representative_application,application_hash_sdax,100,99,25,799650,0,0,0,0,6870977820890846112
representative_application,application_hash_sdax,100,99,26,796576,0,0,0,0,7356228651156183227
representative_application,application_hash_sdax,100,99,27,831059,0,0,0,0,6496560239278517594
representative_application,application_hash_sdax,100,99,28,805132,0,0,0,0,1600470374967907333
representative_application,application_hash_sdax,100,99,29,793262,0,0,0,0,7749396622089507156
representative_application,application_hash_sdax,100,99,30,789762,0,0,0,0,5914597544721144955
representative_application,application_hash_sdax,100,99,31,809984,0,0,0,0,8593148281290798141
representative_application,application_hash_sdax,100,99,32,829854,0,0,0,0,17312262507819578044
representative_application,application_hash_sdax,100,99,33,802484,0,0,0,0,8449402800832754809
representative_application,application_hash_sdax,100,99,34,790614,0,0,0,0,3614604414420252231
representative_application,application_hash_sdax,100,99,35,795076,0,0,0,0,2366660716473973819
representative_application,application_hash_sdax,100,99,36,789835,0,0,0,0,8524431054321544385
representative_application,application_hash_sdax,100,99,37,833947,0,0,0,0,11652126080490940143
representative_application,application_hash_sdax,100,99,38,792966,0,0,0,0,7153169922785203679
representative_application,application_hash_sdax,100,99,39,791298,0,0,0,0,6082470906507506695
representative_application_alloc,application_hash_sdax,100,99,0,0,5262,536429,0,0,4889995614244325387
representative_application,application_hash_handwritten,100,99,0,13315,0,0,0,0,11698499080773063168
representative_application,application_hash_handwritten,100,99,1,13315,0,0,0,0,1167273700599470747
representative_application,application_hash_handwritten,100,99,2,13296,0,0,0,0,230717062559681467
representative_application,application_hash_handwritten,100,99,3,13297,0,0,0,0,13461277124864170950
representative_application,application_hash_handwritten,100,99,4,13759,0,0,0,0,1843089491647656605
representative_application,application_hash_handwritten,100,99,5,13445,0,0,0,0,1884400405866327555
representative_application,application_hash_handwritten,100,99,6,13315,0,0,0,0,15657071968087079793
representative_application,application_hash_handwritten,100,99,7,13315,0,0,0,0,8136226820520416650
representative_application,application_hash_handwritten,100,99,8,13315,0,0,0,0,9211086410723557826
representative_application,application_hash_handwritten,100,99,9,13315,0,0,0,0,3206438314367023031
representative_application,application_hash_handwritten,100,99,10,13315,0,0,0,0,5368241661201366768
representative_application,application_hash_handwritten,100,99,11,13297,0,0,0,0,6168939717596367289
representative_application,application_hash_handwritten,100,99,12,13315,0,0,0,0,14206662131410471244
representative_application,application_hash_handwritten,100,99,13,13314,0,0,0,0,13119166869922341978
representative_application,application_hash_handwritten,100,99,14,13296,0,0,0,0,13832537443924736587
representative_application,application_hash_handwritten,100,99,15,13315,0,0,0,0,10215951684877506975
representative_application,application_hash_handwritten,100,99,16,13315,0,0,0,0,5034229283543529573
representative_application,application_hash_handwritten,100,99,17,13296,0,0,0,0,14677823012927430833
representative_application,application_hash_handwritten,100,99,18,13314,0,0,0,0,13894612964717701902
representative_application,application_hash_handwritten,100,99,19,13315,0,0,0,0,15583721593309401491
representative_application,application_hash_handwritten,100,99,20,13315,0,0,0,0,6418842662590208826
representative_application,application_hash_handwritten,100,99,21,13296,0,0,0,0,13631435880641776914
representative_application,application_hash_handwritten,100,99,22,13315,0,0,0,0,17183653852698357093
representative_application,application_hash_handwritten,100,99,23,13315,0,0,0,0,9274972455216937605
representative_application,application_hash_handwritten,100,99,24,13296,0,0,0,0,9355792106790873695
representative_application,application_hash_handwritten,100,99,25,13314,0,0,0,0,6870977820890846113
representative_application,application_hash_handwritten,100,99,26,13315,0,0,0,0,7356228651156183226
representative_application,application_hash_handwritten,100,99,27,13315,0,0,0,0,6496560239278517595
representative_application,application_hash_handwritten,100,99,28,13296,0,0,0,0,1600470374967907332
representative_application,application_hash_handwritten,100,99,29,13315,0,0,0,0,7749396622089507157
representative_application,application_hash_handwritten,100,99,30,13315,0,0,0,0,5914597544721144954
representative_application,application_hash_handwritten,100,99,31,13297,0,0,0,0,8593148281290798140
representative_application,application_hash_handwritten,100,99,32,13315,0,0,0,0,17312262507819578045
representative_application,application_hash_handwritten,100,99,33,13315,0,0,0,0,8449402800832754808
representative_application,application_hash_handwritten,100,99,34,13297,0,0,0,0,3614604414420252230
representative_application,application_hash_handwritten,100,99,35,13445,0,0,0,0,2366660716473973818
representative_application,application_hash_handwritten,100,99,36,13297,0,0,0,0,8524431054321544384
representative_application,application_hash_handwritten,100,99,37,13315,0,0,0,0,11652126080490940142
representative_application,application_hash_handwritten,100,99,38,13314,0,0,0,0,7153169922785203678
representative_application,application_hash_handwritten,100,99,39,13296,0,0,0,0,6082470906507506694
