phase,workload,nodes,edges,sample,nanos,allocations,allocated_bytes,checksum
adapter_setup,current_thread_runtime,0,0,0,4000,0,0,0
adapter_setup,current_thread_runtime,0,0,1,1300,0,0,0
adapter_setup,current_thread_runtime,0,0,2,1000,0,0,0
adapter_setup,current_thread_runtime,0,0,3,900,0,0,0
adapter_setup,current_thread_runtime,0,0,4,1000,0,0,0
adapter_setup,current_thread_runtime,0,0,5,1200,0,0,0
adapter_setup,current_thread_runtime,0,0,6,1000,0,0,0
adapter_setup,current_thread_runtime,0,0,7,900,0,0,0
adapter_setup,current_thread_runtime,0,0,8,900,0,0,0
adapter_setup,current_thread_runtime,0,0,9,1000,0,0,0
adapter_setup,current_thread_runtime,0,0,10,1000,0,0,0
adapter_setup,current_thread_runtime,0,0,11,900,0,0,0
adapter_setup,current_thread_runtime,0,0,12,900,0,0,0
adapter_setup,current_thread_runtime,0,0,13,900,0,0,0
adapter_setup,current_thread_runtime,0,0,14,1300,0,0,0
adapter_setup,current_thread_runtime,0,0,15,1200,0,0,0
adapter_setup,current_thread_runtime,0,0,16,1200,0,0,0
adapter_setup,current_thread_runtime,0,0,17,1200,0,0,0
adapter_setup,current_thread_runtime,0,0,18,1000,0,0,0
adapter_setup,current_thread_runtime,0,0,19,1000,0,0,0
adapter_setup,current_thread_runtime,0,0,20,900,0,0,0
adapter_setup,current_thread_runtime,0,0,21,1000,0,0,0
adapter_setup,current_thread_runtime,0,0,22,1000,0,0,0
adapter_setup,current_thread_runtime,0,0,23,1000,0,0,0
adapter_setup,current_thread_runtime,0,0,24,1000,0,0,0
adapter_setup,current_thread_runtime,0,0,25,1000,0,0,0
adapter_setup,current_thread_runtime,0,0,26,1000,0,0,0
adapter_setup,current_thread_runtime,0,0,27,1000,0,0,0
adapter_setup,current_thread_runtime,0,0,28,1000,0,0,0
adapter_setup,current_thread_runtime,0,0,29,900,0,0,0
adapter_setup,current_thread_runtime,0,0,30,1000,0,0,0
adapter_setup,current_thread_runtime,0,0,31,1000,0,0,0
adapter_setup,current_thread_runtime,0,0,32,1000,0,0,0
adapter_setup,current_thread_runtime,0,0,33,1100,0,0,0
adapter_setup,current_thread_runtime,0,0,34,1000,0,0,0
adapter_setup,current_thread_runtime,0,0,35,1000,0,0,0
adapter_setup,current_thread_runtime,0,0,36,900,0,0,0
adapter_setup,current_thread_runtime,0,0,37,900,0,0,0
adapter_setup,current_thread_runtime,0,0,38,900,0,0,0
adapter_setup,current_thread_runtime,0,0,39,1000,0,0,0
fixture_generation,graph_chain,1,0,0,200,0,0,5
fixture_generation,graph_chain,1,0,1,200,0,0,5
fixture_generation,graph_chain,1,0,2,200,0,0,5
fixture_generation,graph_chain,1,0,3,200,0,0,5
fixture_generation,graph_chain,1,0,4,100,0,0,5
fixture_generation,graph_chain,1,0,5,100,0,0,5
fixture_generation,graph_chain,1,0,6,100,0,0,5
fixture_generation,graph_chain,1,0,7,200,0,0,5
fixture_generation,graph_chain,1,0,8,100,0,0,5
fixture_generation,graph_chain,1,0,9,100,0,0,5
fixture_generation,graph_chain,1,0,10,200,0,0,5
fixture_generation,graph_chain,1,0,11,100,0,0,5
fixture_generation,graph_chain,1,0,12,100,0,0,5
fixture_generation,graph_chain,1,0,13,100,0,0,5
fixture_generation,graph_chain,1,0,14,100,0,0,5
fixture_generation,graph_chain,1,0,15,100,0,0,5
fixture_generation,graph_chain,1,0,16,200,0,0,5
fixture_generation,graph_chain,1,0,17,100,0,0,5
fixture_generation,graph_chain,1,0,18,100,0,0,5
fixture_generation,graph_chain,1,0,19,200,0,0,5
plan_build,graph_chain,1,0,0,4400,0,0,11
plan_build,graph_chain,1,0,1,2200,0,0,11
plan_build,graph_chain,1,0,2,1400,0,0,11
plan_build,graph_chain,1,0,3,1400,0,0,11
plan_build,graph_chain,1,0,4,1300,0,0,11
plan_build,graph_chain,1,0,5,1400,0,0,11
plan_build,graph_chain,1,0,6,1400,0,0,11
plan_build,graph_chain,1,0,7,1700,0,0,11
plan_build,graph_chain,1,0,8,1500,0,0,11
plan_build,graph_chain,1,0,9,1500,0,0,11
plan_build,graph_chain,1,0,10,1600,0,0,11
plan_build,graph_chain,1,0,11,1500,0,0,11
plan_build,graph_chain,1,0,12,1500,0,0,11
plan_build,graph_chain,1,0,13,1500,0,0,11
plan_build,graph_chain,1,0,14,1400,0,0,11
plan_build,graph_chain,1,0,15,1400,0,0,11
plan_build,graph_chain,1,0,16,1200,0,0,11
plan_build,graph_chain,1,0,17,1200,0,0,11
plan_build,graph_chain,1,0,18,1200,0,0,11
plan_build,graph_chain,1,0,19,1200,0,0,11
plan_build_alloc,graph_chain,1,0,0,0,36,6722,11
engine_execution,graph_chain,1,0,0,5300,0,0,1
engine_execution,graph_chain,1,0,1,5100,0,0,0
engine_execution,graph_chain,1,0,2,5000,0,0,3
engine_execution,graph_chain,1,0,3,5100,0,0,2
engine_execution,graph_chain,1,0,4,5200,0,0,5
engine_execution,graph_chain,1,0,5,5100,0,0,4
engine_execution,graph_chain,1,0,6,5000,0,0,7
engine_execution,graph_chain,1,0,7,5000,0,0,6
engine_execution,graph_chain,1,0,8,5000,0,0,9
engine_execution,graph_chain,1,0,9,5000,0,0,8
engine_execution,graph_chain,1,0,10,5100,0,0,11
engine_execution,graph_chain,1,0,11,5200,0,0,10
engine_execution,graph_chain,1,0,12,5100,0,0,13
engine_execution,graph_chain,1,0,13,5100,0,0,12
engine_execution,graph_chain,1,0,14,5100,0,0,15
engine_execution,graph_chain,1,0,15,5000,0,0,14
engine_execution,graph_chain,1,0,16,5000,0,0,17
engine_execution,graph_chain,1,0,17,5200,0,0,16
engine_execution,graph_chain,1,0,18,5000,0,0,19
engine_execution,graph_chain,1,0,19,5000,0,0,18
engine_execution,graph_chain,1,0,20,5100,0,0,21
engine_execution,graph_chain,1,0,21,5100,0,0,20
engine_execution,graph_chain,1,0,22,5100,0,0,23
engine_execution,graph_chain,1,0,23,5100,0,0,22
engine_execution,graph_chain,1,0,24,5100,0,0,25
engine_execution,graph_chain,1,0,25,5000,0,0,24
engine_execution,graph_chain,1,0,26,5100,0,0,27
engine_execution,graph_chain,1,0,27,5200,0,0,26
engine_execution,graph_chain,1,0,28,4900,0,0,29
engine_execution,graph_chain,1,0,29,5000,0,0,28
engine_execution,graph_chain,1,0,30,5700,0,0,31
engine_execution,graph_chain,1,0,31,5400,0,0,30
engine_execution,graph_chain,1,0,32,5300,0,0,33
engine_execution,graph_chain,1,0,33,5300,0,0,32
engine_execution,graph_chain,1,0,34,5400,0,0,35
engine_execution,graph_chain,1,0,35,6100,0,0,34
engine_execution,graph_chain,1,0,36,5400,0,0,37
engine_execution,graph_chain,1,0,37,5300,0,0,36
engine_execution,graph_chain,1,0,38,5200,0,0,39
engine_execution,graph_chain,1,0,39,5200,0,0,38
engine_execution_alloc,graph_chain,1,0,0,0,99,11356,23131
machine_state_setup,graph_chain,1,0,0,400,0,0,1
body_state_setup,graph_chain,1,0,0,400,0,0,0
machine_state_setup,graph_chain,1,0,1,300,0,0,1
body_state_setup,graph_chain,1,0,1,300,0,0,0
machine_state_setup,graph_chain,1,0,2,200,0,0,1
body_state_setup,graph_chain,1,0,2,500,0,0,0
machine_state_setup,graph_chain,1,0,3,400,0,0,1
body_state_setup,graph_chain,1,0,3,300,0,0,0
machine_state_setup,graph_chain,1,0,4,200,0,0,1
body_state_setup,graph_chain,1,0,4,200,0,0,0
machine_state_setup,graph_chain,1,0,5,200,0,0,1
body_state_setup,graph_chain,1,0,5,200,0,0,0
machine_state_setup,graph_chain,1,0,6,200,0,0,1
body_state_setup,graph_chain,1,0,6,300,0,0,0
machine_state_setup,graph_chain,1,0,7,200,0,0,1
body_state_setup,graph_chain,1,0,7,200,0,0,0
machine_state_setup,graph_chain,1,0,8,200,0,0,1
body_state_setup,graph_chain,1,0,8,300,0,0,0
machine_state_setup,graph_chain,1,0,9,200,0,0,1
body_state_setup,graph_chain,1,0,9,300,0,0,0
machine_state_setup,graph_chain,1,0,10,200,0,0,1
body_state_setup,graph_chain,1,0,10,200,0,0,0
machine_state_setup,graph_chain,1,0,11,200,0,0,1
body_state_setup,graph_chain,1,0,11,200,0,0,0
machine_state_setup,graph_chain,1,0,12,200,0,0,1
body_state_setup,graph_chain,1,0,12,200,0,0,0
machine_state_setup,graph_chain,1,0,13,200,0,0,1
body_state_setup,graph_chain,1,0,13,300,0,0,0
machine_state_setup,graph_chain,1,0,14,200,0,0,1
body_state_setup,graph_chain,1,0,14,200,0,0,0
machine_state_setup,graph_chain,1,0,15,300,0,0,1
body_state_setup,graph_chain,1,0,15,200,0,0,0
machine_state_setup,graph_chain,1,0,16,200,0,0,1
body_state_setup,graph_chain,1,0,16,300,0,0,0
machine_state_setup,graph_chain,1,0,17,200,0,0,1
body_state_setup,graph_chain,1,0,17,200,0,0,0
machine_state_setup,graph_chain,1,0,18,200,0,0,1
body_state_setup,graph_chain,1,0,18,200,0,0,0
machine_state_setup,graph_chain,1,0,19,300,0,0,1
body_state_setup,graph_chain,1,0,19,200,0,0,0
machine_state_setup,graph_chain,1,0,20,200,0,0,1
body_state_setup,graph_chain,1,0,20,300,0,0,0
machine_state_setup,graph_chain,1,0,21,200,0,0,1
body_state_setup,graph_chain,1,0,21,300,0,0,0
machine_state_setup,graph_chain,1,0,22,200,0,0,1
body_state_setup,graph_chain,1,0,22,300,0,0,0
machine_state_setup,graph_chain,1,0,23,200,0,0,1
body_state_setup,graph_chain,1,0,23,200,0,0,0
machine_state_setup,graph_chain,1,0,24,200,0,0,1
body_state_setup,graph_chain,1,0,24,200,0,0,0
machine_state_setup,graph_chain,1,0,25,200,0,0,1
body_state_setup,graph_chain,1,0,25,200,0,0,0
machine_state_setup,graph_chain,1,0,26,200,0,0,1
body_state_setup,graph_chain,1,0,26,200,0,0,0
machine_state_setup,graph_chain,1,0,27,300,0,0,1
body_state_setup,graph_chain,1,0,27,200,0,0,0
machine_state_setup,graph_chain,1,0,28,200,0,0,1
body_state_setup,graph_chain,1,0,28,300,0,0,0
machine_state_setup,graph_chain,1,0,29,200,0,0,1
body_state_setup,graph_chain,1,0,29,300,0,0,0
machine_state_setup,graph_chain,1,0,30,300,0,0,1
body_state_setup,graph_chain,1,0,30,200,0,0,0
machine_state_setup,graph_chain,1,0,31,300,0,0,1
body_state_setup,graph_chain,1,0,31,300,0,0,0
machine_state_setup,graph_chain,1,0,32,200,0,0,1
body_state_setup,graph_chain,1,0,32,600,0,0,0
machine_state_setup,graph_chain,1,0,33,200,0,0,1
body_state_setup,graph_chain,1,0,33,400,0,0,0
machine_state_setup,graph_chain,1,0,34,200,0,0,1
body_state_setup,graph_chain,1,0,34,200,0,0,0
machine_state_setup,graph_chain,1,0,35,200,0,0,1
body_state_setup,graph_chain,1,0,35,200,0,0,0
machine_state_setup,graph_chain,1,0,36,300,0,0,1
body_state_setup,graph_chain,1,0,36,200,0,0,0
machine_state_setup,graph_chain,1,0,37,200,0,0,1
body_state_setup,graph_chain,1,0,37,200,0,0,0
machine_state_setup,graph_chain,1,0,38,200,0,0,1
body_state_setup,graph_chain,1,0,38,200,0,0,0
machine_state_setup,graph_chain,1,0,39,200,0,0,1
body_state_setup,graph_chain,1,0,39,200,0,0,0
pure_machine_events_preseeded,graph_chain,1,0,0,1900,0,0,1
pure_machine_events_preseeded,graph_chain,1,0,1,1200,0,0,1
pure_machine_events_preseeded,graph_chain,1,0,2,1000,0,0,1
pure_machine_events_preseeded,graph_chain,1,0,3,1000,0,0,1
pure_machine_events_preseeded,graph_chain,1,0,4,1000,0,0,1
pure_machine_events_preseeded,graph_chain,1,0,5,1000,0,0,1
pure_machine_events_preseeded,graph_chain,1,0,6,1000,0,0,1
pure_machine_events_preseeded,graph_chain,1,0,7,1000,0,0,1
pure_machine_events_preseeded,graph_chain,1,0,8,1000,0,0,1
pure_machine_events_preseeded,graph_chain,1,0,9,1000,0,0,1
pure_machine_events_preseeded,graph_chain,1,0,10,1000,0,0,1
pure_machine_events_preseeded,graph_chain,1,0,11,1000,0,0,1
pure_machine_events_preseeded,graph_chain,1,0,12,1000,0,0,1
pure_machine_events_preseeded,graph_chain,1,0,13,1100,0,0,1
pure_machine_events_preseeded,graph_chain,1,0,14,1000,0,0,1
pure_machine_events_preseeded,graph_chain,1,0,15,900,0,0,1
pure_machine_events_preseeded,graph_chain,1,0,16,900,0,0,1
pure_machine_events_preseeded,graph_chain,1,0,17,900,0,0,1
pure_machine_events_preseeded,graph_chain,1,0,18,1000,0,0,1
pure_machine_events_preseeded,graph_chain,1,0,19,1000,0,0,1
pure_machine_events_preseeded,graph_chain,1,0,20,1000,0,0,1
pure_machine_events_preseeded,graph_chain,1,0,21,900,0,0,1
pure_machine_events_preseeded,graph_chain,1,0,22,900,0,0,1
pure_machine_events_preseeded,graph_chain,1,0,23,1000,0,0,1
pure_machine_events_preseeded,graph_chain,1,0,24,1000,0,0,1
pure_machine_events_preseeded,graph_chain,1,0,25,1000,0,0,1
pure_machine_events_preseeded,graph_chain,1,0,26,1000,0,0,1
pure_machine_events_preseeded,graph_chain,1,0,27,1000,0,0,1
pure_machine_events_preseeded,graph_chain,1,0,28,1000,0,0,1
pure_machine_events_preseeded,graph_chain,1,0,29,900,0,0,1
pure_machine_events_preseeded,graph_chain,1,0,30,1000,0,0,1
pure_machine_events_preseeded,graph_chain,1,0,31,1100,0,0,1
pure_machine_events_preseeded,graph_chain,1,0,32,1000,0,0,1
pure_machine_events_preseeded,graph_chain,1,0,33,1000,0,0,1
pure_machine_events_preseeded,graph_chain,1,0,34,1000,0,0,1
pure_machine_events_preseeded,graph_chain,1,0,35,900,0,0,1
pure_machine_events_preseeded,graph_chain,1,0,36,900,0,0,1
pure_machine_events_preseeded,graph_chain,1,0,37,1000,0,0,1
pure_machine_events_preseeded,graph_chain,1,0,38,1000,0,0,1
pure_machine_events_preseeded,graph_chain,1,0,39,1000,0,0,1
fixture_generation,graph_wide,1,0,0,100,0,0,5
fixture_generation,graph_wide,1,0,1,200,0,0,5
fixture_generation,graph_wide,1,0,2,100,0,0,5
fixture_generation,graph_wide,1,0,3,100,0,0,5
fixture_generation,graph_wide,1,0,4,200,0,0,5
fixture_generation,graph_wide,1,0,5,100,0,0,5
fixture_generation,graph_wide,1,0,6,200,0,0,5
fixture_generation,graph_wide,1,0,7,100,0,0,5
fixture_generation,graph_wide,1,0,8,200,0,0,5
fixture_generation,graph_wide,1,0,9,200,0,0,5
fixture_generation,graph_wide,1,0,10,100,0,0,5
fixture_generation,graph_wide,1,0,11,100,0,0,5
fixture_generation,graph_wide,1,0,12,200,0,0,5
fixture_generation,graph_wide,1,0,13,200,0,0,5
fixture_generation,graph_wide,1,0,14,100,0,0,5
fixture_generation,graph_wide,1,0,15,200,0,0,5
fixture_generation,graph_wide,1,0,16,300,0,0,5
fixture_generation,graph_wide,1,0,17,400,0,0,5
fixture_generation,graph_wide,1,0,18,400,0,0,5
fixture_generation,graph_wide,1,0,19,200,0,0,5
plan_build,graph_wide,1,0,0,3800,0,0,10
plan_build,graph_wide,1,0,1,1400,0,0,10
plan_build,graph_wide,1,0,2,1400,0,0,10
plan_build,graph_wide,1,0,3,1300,0,0,10
plan_build,graph_wide,1,0,4,1200,0,0,10
plan_build,graph_wide,1,0,5,1300,0,0,10
plan_build,graph_wide,1,0,6,1200,0,0,10
plan_build,graph_wide,1,0,7,1300,0,0,10
plan_build,graph_wide,1,0,8,1300,0,0,10
plan_build,graph_wide,1,0,9,1200,0,0,10
plan_build,graph_wide,1,0,10,1200,0,0,10
plan_build,graph_wide,1,0,11,1300,0,0,10
plan_build,graph_wide,1,0,12,1300,0,0,10
plan_build,graph_wide,1,0,13,1200,0,0,10
plan_build,graph_wide,1,0,14,1200,0,0,10
plan_build,graph_wide,1,0,15,1200,0,0,10
plan_build,graph_wide,1,0,16,1200,0,0,10
plan_build,graph_wide,1,0,17,1300,0,0,10
plan_build,graph_wide,1,0,18,1200,0,0,10
plan_build,graph_wide,1,0,19,1200,0,0,10
plan_build_alloc,graph_wide,1,0,0,0,36,6720,10
engine_execution,graph_wide,1,0,0,5300,0,0,1
engine_execution,graph_wide,1,0,1,5100,0,0,0
engine_execution,graph_wide,1,0,2,5200,0,0,3
engine_execution,graph_wide,1,0,3,4900,0,0,2
engine_execution,graph_wide,1,0,4,5000,0,0,5
engine_execution,graph_wide,1,0,5,5100,0,0,4
engine_execution,graph_wide,1,0,6,4900,0,0,7
engine_execution,graph_wide,1,0,7,5100,0,0,6
engine_execution,graph_wide,1,0,8,5000,0,0,9
engine_execution,graph_wide,1,0,9,5000,0,0,8
engine_execution,graph_wide,1,0,10,5200,0,0,11
engine_execution,graph_wide,1,0,11,5600,0,0,10
engine_execution,graph_wide,1,0,12,5400,0,0,13
engine_execution,graph_wide,1,0,13,5300,0,0,12
engine_execution,graph_wide,1,0,14,5200,0,0,15
engine_execution,graph_wide,1,0,15,5300,0,0,14
engine_execution,graph_wide,1,0,16,6100,0,0,17
engine_execution,graph_wide,1,0,17,5300,0,0,16
engine_execution,graph_wide,1,0,18,5200,0,0,19
engine_execution,graph_wide,1,0,19,5300,0,0,18
engine_execution,graph_wide,1,0,20,5300,0,0,21
engine_execution,graph_wide,1,0,21,5300,0,0,20
engine_execution,graph_wide,1,0,22,5300,0,0,23
engine_execution,graph_wide,1,0,23,5300,0,0,22
engine_execution,graph_wide,1,0,24,5200,0,0,25
engine_execution,graph_wide,1,0,25,5200,0,0,24
engine_execution,graph_wide,1,0,26,5000,0,0,27
engine_execution,graph_wide,1,0,27,5100,0,0,26
engine_execution,graph_wide,1,0,28,5100,0,0,29
engine_execution,graph_wide,1,0,29,5100,0,0,28
engine_execution,graph_wide,1,0,30,5000,0,0,31
engine_execution,graph_wide,1,0,31,5000,0,0,30
engine_execution,graph_wide,1,0,32,5000,0,0,33
engine_execution,graph_wide,1,0,33,5100,0,0,32
engine_execution,graph_wide,1,0,34,5000,0,0,35
engine_execution,graph_wide,1,0,35,5100,0,0,34
engine_execution,graph_wide,1,0,36,5100,0,0,37
engine_execution,graph_wide,1,0,37,4900,0,0,36
engine_execution,graph_wide,1,0,38,5100,0,0,39
engine_execution,graph_wide,1,0,39,5000,0,0,38
engine_execution_alloc,graph_wide,1,0,0,0,99,11355,23131
machine_state_setup,graph_wide,1,0,0,300,0,0,1
body_state_setup,graph_wide,1,0,0,300,0,0,0
machine_state_setup,graph_wide,1,0,1,300,0,0,1
body_state_setup,graph_wide,1,0,1,300,0,0,0
machine_state_setup,graph_wide,1,0,2,200,0,0,1
body_state_setup,graph_wide,1,0,2,200,0,0,0
machine_state_setup,graph_wide,1,0,3,300,0,0,1
body_state_setup,graph_wide,1,0,3,300,0,0,0
machine_state_setup,graph_wide,1,0,4,200,0,0,1
body_state_setup,graph_wide,1,0,4,200,0,0,0
machine_state_setup,graph_wide,1,0,5,200,0,0,1
body_state_setup,graph_wide,1,0,5,200,0,0,0
machine_state_setup,graph_wide,1,0,6,300,0,0,1
body_state_setup,graph_wide,1,0,6,200,0,0,0
machine_state_setup,graph_wide,1,0,7,200,0,0,1
body_state_setup,graph_wide,1,0,7,300,0,0,0
machine_state_setup,graph_wide,1,0,8,200,0,0,1
body_state_setup,graph_wide,1,0,8,200,0,0,0
machine_state_setup,graph_wide,1,0,9,200,0,0,1
body_state_setup,graph_wide,1,0,9,300,0,0,0
machine_state_setup,graph_wide,1,0,10,200,0,0,1
body_state_setup,graph_wide,1,0,10,300,0,0,0
machine_state_setup,graph_wide,1,0,11,200,0,0,1
body_state_setup,graph_wide,1,0,11,300,0,0,0
machine_state_setup,graph_wide,1,0,12,200,0,0,1
body_state_setup,graph_wide,1,0,12,200,0,0,0
machine_state_setup,graph_wide,1,0,13,200,0,0,1
body_state_setup,graph_wide,1,0,13,200,0,0,0
machine_state_setup,graph_wide,1,0,14,200,0,0,1
body_state_setup,graph_wide,1,0,14,200,0,0,0
machine_state_setup,graph_wide,1,0,15,300,0,0,1
body_state_setup,graph_wide,1,0,15,200,0,0,0
machine_state_setup,graph_wide,1,0,16,200,0,0,1
body_state_setup,graph_wide,1,0,16,200,0,0,0
machine_state_setup,graph_wide,1,0,17,200,0,0,1
body_state_setup,graph_wide,1,0,17,200,0,0,0
machine_state_setup,graph_wide,1,0,18,200,0,0,1
body_state_setup,graph_wide,1,0,18,200,0,0,0
machine_state_setup,graph_wide,1,0,19,200,0,0,1
body_state_setup,graph_wide,1,0,19,200,0,0,0
machine_state_setup,graph_wide,1,0,20,200,0,0,1
body_state_setup,graph_wide,1,0,20,300,0,0,0
machine_state_setup,graph_wide,1,0,21,200,0,0,1
body_state_setup,graph_wide,1,0,21,400,0,0,0
machine_state_setup,graph_wide,1,0,22,200,0,0,1
body_state_setup,graph_wide,1,0,22,200,0,0,0
machine_state_setup,graph_wide,1,0,23,200,0,0,1
body_state_setup,graph_wide,1,0,23,500,0,0,0
machine_state_setup,graph_wide,1,0,24,400,0,0,1
body_state_setup,graph_wide,1,0,24,200,0,0,0
machine_state_setup,graph_wide,1,0,25,300,0,0,1
body_state_setup,graph_wide,1,0,25,200,0,0,0
machine_state_setup,graph_wide,1,0,26,200,0,0,1
body_state_setup,graph_wide,1,0,26,200,0,0,0
machine_state_setup,graph_wide,1,0,27,200,0,0,1
body_state_setup,graph_wide,1,0,27,300,0,0,0
machine_state_setup,graph_wide,1,0,28,200,0,0,1
body_state_setup,graph_wide,1,0,28,300,0,0,0
machine_state_setup,graph_wide,1,0,29,200,0,0,1
body_state_setup,graph_wide,1,0,29,200,0,0,0
machine_state_setup,graph_wide,1,0,30,200,0,0,1
body_state_setup,graph_wide,1,0,30,200,0,0,0
machine_state_setup,graph_wide,1,0,31,300,0,0,1
body_state_setup,graph_wide,1,0,31,200,0,0,0
machine_state_setup,graph_wide,1,0,32,200,0,0,1
body_state_setup,graph_wide,1,0,32,200,0,0,0
machine_state_setup,graph_wide,1,0,33,200,0,0,1
body_state_setup,graph_wide,1,0,33,300,0,0,0
machine_state_setup,graph_wide,1,0,34,200,0,0,1
body_state_setup,graph_wide,1,0,34,300,0,0,0
machine_state_setup,graph_wide,1,0,35,200,0,0,1
body_state_setup,graph_wide,1,0,35,200,0,0,0
machine_state_setup,graph_wide,1,0,36,200,0,0,1
body_state_setup,graph_wide,1,0,36,200,0,0,0
machine_state_setup,graph_wide,1,0,37,200,0,0,1
body_state_setup,graph_wide,1,0,37,200,0,0,0
machine_state_setup,graph_wide,1,0,38,200,0,0,1
body_state_setup,graph_wide,1,0,38,200,0,0,0
machine_state_setup,graph_wide,1,0,39,200,0,0,1
body_state_setup,graph_wide,1,0,39,200,0,0,0
fixture_generation,graph_sparse,1,0,0,200,0,0,5
fixture_generation,graph_sparse,1,0,1,200,0,0,5
fixture_generation,graph_sparse,1,0,2,200,0,0,5
fixture_generation,graph_sparse,1,0,3,100,0,0,5
fixture_generation,graph_sparse,1,0,4,100,0,0,5
fixture_generation,graph_sparse,1,0,5,100,0,0,5
fixture_generation,graph_sparse,1,0,6,200,0,0,5
fixture_generation,graph_sparse,1,0,7,100,0,0,5
fixture_generation,graph_sparse,1,0,8,100,0,0,5
fixture_generation,graph_sparse,1,0,9,200,0,0,5
fixture_generation,graph_sparse,1,0,10,100,0,0,5
fixture_generation,graph_sparse,1,0,11,100,0,0,5
fixture_generation,graph_sparse,1,0,12,200,0,0,5
fixture_generation,graph_sparse,1,0,13,100,0,0,5
fixture_generation,graph_sparse,1,0,14,100,0,0,5
fixture_generation,graph_sparse,1,0,15,200,0,0,5
fixture_generation,graph_sparse,1,0,16,200,0,0,5
fixture_generation,graph_sparse,1,0,17,100,0,0,5
fixture_generation,graph_sparse,1,0,18,100,0,0,5
fixture_generation,graph_sparse,1,0,19,100,0,0,5
plan_build,graph_sparse,1,0,0,3100,0,0,12
plan_build,graph_sparse,1,0,1,1400,0,0,12
plan_build,graph_sparse,1,0,2,1400,0,0,12
plan_build,graph_sparse,1,0,3,1300,0,0,12
plan_build,graph_sparse,1,0,4,1300,0,0,12
plan_build,graph_sparse,1,0,5,1300,0,0,12
plan_build,graph_sparse,1,0,6,1300,0,0,12
plan_build,graph_sparse,1,0,7,1200,0,0,12
plan_build,graph_sparse,1,0,8,1500,0,0,12
plan_build,graph_sparse,1,0,9,1700,0,0,12
plan_build,graph_sparse,1,0,10,1600,0,0,12
plan_build,graph_sparse,1,0,11,1600,0,0,12
plan_build,graph_sparse,1,0,12,1500,0,0,12
plan_build,graph_sparse,1,0,13,1500,0,0,12
plan_build,graph_sparse,1,0,14,1500,0,0,12
plan_build,graph_sparse,1,0,15,1500,0,0,12
plan_build,graph_sparse,1,0,16,1600,0,0,12
plan_build,graph_sparse,1,0,17,1500,0,0,12
plan_build,graph_sparse,1,0,18,1300,0,0,12
plan_build,graph_sparse,1,0,19,1300,0,0,12
plan_build_alloc,graph_sparse,1,0,0,0,36,6724,12
engine_execution,graph_sparse,1,0,0,4800,0,0,1
engine_execution,graph_sparse,1,0,1,5000,0,0,0
engine_execution,graph_sparse,1,0,2,4900,0,0,3
engine_execution,graph_sparse,1,0,3,5000,0,0,2
engine_execution,graph_sparse,1,0,4,5000,0,0,5
engine_execution,graph_sparse,1,0,5,5000,0,0,4
engine_execution,graph_sparse,1,0,6,5000,0,0,7
engine_execution,graph_sparse,1,0,7,5000,0,0,6
engine_execution,graph_sparse,1,0,8,5100,0,0,9
engine_execution,graph_sparse,1,0,9,5000,0,0,8
engine_execution,graph_sparse,1,0,10,5000,0,0,11
engine_execution,graph_sparse,1,0,11,5000,0,0,10
engine_execution,graph_sparse,1,0,12,5000,0,0,13
engine_execution,graph_sparse,1,0,13,4900,0,0,12
engine_execution,graph_sparse,1,0,14,5000,0,0,15
engine_execution,graph_sparse,1,0,15,4900,0,0,14
engine_execution,graph_sparse,1,0,16,5000,0,0,17
engine_execution,graph_sparse,1,0,17,4900,0,0,16
engine_execution,graph_sparse,1,0,18,4900,0,0,19
engine_execution,graph_sparse,1,0,19,5100,0,0,18
engine_execution,graph_sparse,1,0,20,5100,0,0,21
engine_execution,graph_sparse,1,0,21,4900,0,0,20
engine_execution,graph_sparse,1,0,22,5000,0,0,23
engine_execution,graph_sparse,1,0,23,5100,0,0,22
engine_execution,graph_sparse,1,0,24,4900,0,0,25
engine_execution,graph_sparse,1,0,25,4900,0,0,24
engine_execution,graph_sparse,1,0,26,4900,0,0,27
engine_execution,graph_sparse,1,0,27,5100,0,0,26
engine_execution,graph_sparse,1,0,28,4900,0,0,29
engine_execution,graph_sparse,1,0,29,4900,0,0,28
engine_execution,graph_sparse,1,0,30,5000,0,0,31
engine_execution,graph_sparse,1,0,31,5000,0,0,30
engine_execution,graph_sparse,1,0,32,5500,0,0,33
engine_execution,graph_sparse,1,0,33,5200,0,0,32
engine_execution,graph_sparse,1,0,34,5200,0,0,35
engine_execution,graph_sparse,1,0,35,5300,0,0,34
engine_execution,graph_sparse,1,0,36,5300,0,0,37
engine_execution,graph_sparse,1,0,37,6400,0,0,36
engine_execution,graph_sparse,1,0,38,5300,0,0,39
engine_execution,graph_sparse,1,0,39,5200,0,0,38
engine_execution_alloc,graph_sparse,1,0,0,0,99,11357,23131
machine_state_setup,graph_sparse,1,0,0,300,0,0,1
body_state_setup,graph_sparse,1,0,0,300,0,0,0
machine_state_setup,graph_sparse,1,0,1,300,0,0,1
body_state_setup,graph_sparse,1,0,1,200,0,0,0
machine_state_setup,graph_sparse,1,0,2,200,0,0,1
body_state_setup,graph_sparse,1,0,2,200,0,0,0
machine_state_setup,graph_sparse,1,0,3,200,0,0,1
body_state_setup,graph_sparse,1,0,3,700,0,0,0
machine_state_setup,graph_sparse,1,0,4,400,0,0,1
body_state_setup,graph_sparse,1,0,4,300,0,0,0
machine_state_setup,graph_sparse,1,0,5,300,0,0,1
body_state_setup,graph_sparse,1,0,5,300,0,0,0
machine_state_setup,graph_sparse,1,0,6,200,0,0,1
body_state_setup,graph_sparse,1,0,6,200,0,0,0
machine_state_setup,graph_sparse,1,0,7,200,0,0,1
body_state_setup,graph_sparse,1,0,7,200,0,0,0
machine_state_setup,graph_sparse,1,0,8,300,0,0,1
body_state_setup,graph_sparse,1,0,8,200,0,0,0
machine_state_setup,graph_sparse,1,0,9,200,0,0,1
body_state_setup,graph_sparse,1,0,9,200,0,0,0
machine_state_setup,graph_sparse,1,0,10,200,0,0,1
body_state_setup,graph_sparse,1,0,10,300,0,0,0
machine_state_setup,graph_sparse,1,0,11,200,0,0,1
body_state_setup,graph_sparse,1,0,11,200,0,0,0
machine_state_setup,graph_sparse,1,0,12,200,0,0,1
body_state_setup,graph_sparse,1,0,12,200,0,0,0
machine_state_setup,graph_sparse,1,0,13,200,0,0,1
body_state_setup,graph_sparse,1,0,13,300,0,0,0
machine_state_setup,graph_sparse,1,0,14,200,0,0,1
body_state_setup,graph_sparse,1,0,14,200,0,0,0
machine_state_setup,graph_sparse,1,0,15,200,0,0,1
body_state_setup,graph_sparse,1,0,15,200,0,0,0
machine_state_setup,graph_sparse,1,0,16,300,0,0,1
body_state_setup,graph_sparse,1,0,16,200,0,0,0
machine_state_setup,graph_sparse,1,0,17,200,0,0,1
body_state_setup,graph_sparse,1,0,17,200,0,0,0
machine_state_setup,graph_sparse,1,0,18,200,0,0,1
body_state_setup,graph_sparse,1,0,18,200,0,0,0
machine_state_setup,graph_sparse,1,0,19,200,0,0,1
body_state_setup,graph_sparse,1,0,19,200,0,0,0
machine_state_setup,graph_sparse,1,0,20,200,0,0,1
body_state_setup,graph_sparse,1,0,20,300,0,0,0
machine_state_setup,graph_sparse,1,0,21,200,0,0,1
body_state_setup,graph_sparse,1,0,21,300,0,0,0
machine_state_setup,graph_sparse,1,0,22,200,0,0,1
body_state_setup,graph_sparse,1,0,22,200,0,0,0
machine_state_setup,graph_sparse,1,0,23,200,0,0,1
body_state_setup,graph_sparse,1,0,23,200,0,0,0
machine_state_setup,graph_sparse,1,0,24,300,0,0,1
body_state_setup,graph_sparse,1,0,24,200,0,0,0
machine_state_setup,graph_sparse,1,0,25,200,0,0,1
body_state_setup,graph_sparse,1,0,25,300,0,0,0
machine_state_setup,graph_sparse,1,0,26,200,0,0,1
body_state_setup,graph_sparse,1,0,26,200,0,0,0
machine_state_setup,graph_sparse,1,0,27,200,0,0,1
body_state_setup,graph_sparse,1,0,27,200,0,0,0
machine_state_setup,graph_sparse,1,0,28,200,0,0,1
body_state_setup,graph_sparse,1,0,28,200,0,0,0
machine_state_setup,graph_sparse,1,0,29,200,0,0,1
body_state_setup,graph_sparse,1,0,29,200,0,0,0
machine_state_setup,graph_sparse,1,0,30,300,0,0,1
body_state_setup,graph_sparse,1,0,30,200,0,0,0
machine_state_setup,graph_sparse,1,0,31,200,0,0,1
body_state_setup,graph_sparse,1,0,31,200,0,0,0
machine_state_setup,graph_sparse,1,0,32,200,0,0,1
body_state_setup,graph_sparse,1,0,32,200,0,0,0
machine_state_setup,graph_sparse,1,0,33,200,0,0,1
body_state_setup,graph_sparse,1,0,33,200,0,0,0
machine_state_setup,graph_sparse,1,0,34,200,0,0,1
body_state_setup,graph_sparse,1,0,34,200,0,0,0
machine_state_setup,graph_sparse,1,0,35,200,0,0,1
body_state_setup,graph_sparse,1,0,35,300,0,0,0
machine_state_setup,graph_sparse,1,0,36,300,0,0,1
body_state_setup,graph_sparse,1,0,36,300,0,0,0
machine_state_setup,graph_sparse,1,0,37,300,0,0,1
body_state_setup,graph_sparse,1,0,37,200,0,0,0
machine_state_setup,graph_sparse,1,0,38,200,0,0,1
body_state_setup,graph_sparse,1,0,38,200,0,0,0
machine_state_setup,graph_sparse,1,0,39,200,0,0,1
body_state_setup,graph_sparse,1,0,39,300,0,0,0
fixture_generation,graph_chain,10,9,0,900,0,0,50
fixture_generation,graph_chain,10,9,1,800,0,0,50
fixture_generation,graph_chain,10,9,2,800,0,0,50
fixture_generation,graph_chain,10,9,3,800,0,0,50
fixture_generation,graph_chain,10,9,4,800,0,0,50
fixture_generation,graph_chain,10,9,5,900,0,0,50
fixture_generation,graph_chain,10,9,6,800,0,0,50
fixture_generation,graph_chain,10,9,7,900,0,0,50
fixture_generation,graph_chain,10,9,8,800,0,0,50
fixture_generation,graph_chain,10,9,9,900,0,0,50
fixture_generation,graph_chain,10,9,10,800,0,0,50
fixture_generation,graph_chain,10,9,11,800,0,0,50
fixture_generation,graph_chain,10,9,12,800,0,0,50
fixture_generation,graph_chain,10,9,13,800,0,0,50
fixture_generation,graph_chain,10,9,14,800,0,0,50
fixture_generation,graph_chain,10,9,15,800,0,0,50
fixture_generation,graph_chain,10,9,16,800,0,0,50
fixture_generation,graph_chain,10,9,17,800,0,0,50
fixture_generation,graph_chain,10,9,18,900,0,0,50
fixture_generation,graph_chain,10,9,19,800,0,0,50
plan_build,graph_chain,10,9,0,16300,0,0,11
plan_build,graph_chain,10,9,1,10100,0,0,11
plan_build,graph_chain,10,9,2,7900,0,0,11
plan_build,graph_chain,10,9,3,6800,0,0,11
plan_build,graph_chain,10,9,4,7000,0,0,11
plan_build,graph_chain,10,9,5,6600,0,0,11
plan_build,graph_chain,10,9,6,6900,0,0,11
plan_build,graph_chain,10,9,7,9800,0,0,11
plan_build,graph_chain,10,9,8,8200,0,0,11
plan_build,graph_chain,10,9,9,7700,0,0,11
plan_build,graph_chain,10,9,10,7200,0,0,11
plan_build,graph_chain,10,9,11,8200,0,0,11
plan_build,graph_chain,10,9,12,6800,0,0,11
plan_build,graph_chain,10,9,13,7300,0,0,11
plan_build,graph_chain,10,9,14,6900,0,0,11
plan_build,graph_chain,10,9,15,7700,0,0,11
plan_build,graph_chain,10,9,16,7100,0,0,11
plan_build,graph_chain,10,9,17,7200,0,0,11
plan_build,graph_chain,10,9,18,7800,0,0,11
plan_build,graph_chain,10,9,19,7000,0,0,11
plan_build_alloc,graph_chain,10,9,0,0,162,35321,11
engine_execution,graph_chain,10,9,0,30500,0,0,0
engine_execution,graph_chain,10,9,1,30200,0,0,1
engine_execution,graph_chain,10,9,2,29900,0,0,2
engine_execution,graph_chain,10,9,3,29700,0,0,3
engine_execution,graph_chain,10,9,4,29300,0,0,4
engine_execution,graph_chain,10,9,5,29700,0,0,5
engine_execution,graph_chain,10,9,6,35000,0,0,6
engine_execution,graph_chain,10,9,7,29700,0,0,7
engine_execution,graph_chain,10,9,8,29500,0,0,8
engine_execution,graph_chain,10,9,9,29900,0,0,9
engine_execution,graph_chain,10,9,10,29800,0,0,10
engine_execution,graph_chain,10,9,11,29600,0,0,11
engine_execution,graph_chain,10,9,12,29500,0,0,12
engine_execution,graph_chain,10,9,13,29800,0,0,13
engine_execution,graph_chain,10,9,14,29200,0,0,14
engine_execution,graph_chain,10,9,15,30100,0,0,15
engine_execution,graph_chain,10,9,16,29100,0,0,16
engine_execution,graph_chain,10,9,17,29300,0,0,17
engine_execution,graph_chain,10,9,18,29300,0,0,18
engine_execution,graph_chain,10,9,19,29300,0,0,19
engine_execution,graph_chain,10,9,20,29700,0,0,20
engine_execution,graph_chain,10,9,21,28800,0,0,21
engine_execution,graph_chain,10,9,22,28900,0,0,22
engine_execution,graph_chain,10,9,23,29200,0,0,23
engine_execution,graph_chain,10,9,24,29200,0,0,24
engine_execution,graph_chain,10,9,25,29300,0,0,25
engine_execution,graph_chain,10,9,26,29200,0,0,26
engine_execution,graph_chain,10,9,27,29600,0,0,27
engine_execution,graph_chain,10,9,28,29100,0,0,28
engine_execution,graph_chain,10,9,29,29100,0,0,29
engine_execution,graph_chain,10,9,30,29700,0,0,30
engine_execution,graph_chain,10,9,31,29300,0,0,31
engine_execution,graph_chain,10,9,32,29300,0,0,32
engine_execution,graph_chain,10,9,33,29600,0,0,33
engine_execution,graph_chain,10,9,34,30000,0,0,34
engine_execution,graph_chain,10,9,35,29700,0,0,35
engine_execution,graph_chain,10,9,36,29500,0,0,36
engine_execution,graph_chain,10,9,37,30900,0,0,37
engine_execution,graph_chain,10,9,38,31000,0,0,38
engine_execution,graph_chain,10,9,39,30200,0,0,39
engine_execution_alloc,graph_chain,10,9,0,0,572,44928,23130
machine_state_setup,graph_chain,10,9,0,1500,0,0,10
body_state_setup,graph_chain,10,9,0,400,0,0,0
machine_state_setup,graph_chain,10,9,1,1100,0,0,10
body_state_setup,graph_chain,10,9,1,300,0,0,0
machine_state_setup,graph_chain,10,9,2,1000,0,0,10
body_state_setup,graph_chain,10,9,2,300,0,0,0
machine_state_setup,graph_chain,10,9,3,900,0,0,10
body_state_setup,graph_chain,10,9,3,300,0,0,0
machine_state_setup,graph_chain,10,9,4,900,0,0,10
body_state_setup,graph_chain,10,9,4,200,0,0,0
machine_state_setup,graph_chain,10,9,5,900,0,0,10
body_state_setup,graph_chain,10,9,5,300,0,0,0
machine_state_setup,graph_chain,10,9,6,900,0,0,10
body_state_setup,graph_chain,10,9,6,300,0,0,0
machine_state_setup,graph_chain,10,9,7,1000,0,0,10
body_state_setup,graph_chain,10,9,7,300,0,0,0
machine_state_setup,graph_chain,10,9,8,900,0,0,10
body_state_setup,graph_chain,10,9,8,200,0,0,0
machine_state_setup,graph_chain,10,9,9,900,0,0,10
body_state_setup,graph_chain,10,9,9,300,0,0,0
machine_state_setup,graph_chain,10,9,10,900,0,0,10
body_state_setup,graph_chain,10,9,10,200,0,0,0
machine_state_setup,graph_chain,10,9,11,1000,0,0,10
body_state_setup,graph_chain,10,9,11,300,0,0,0
machine_state_setup,graph_chain,10,9,12,900,0,0,10
body_state_setup,graph_chain,10,9,12,300,0,0,0
machine_state_setup,graph_chain,10,9,13,900,0,0,10
body_state_setup,graph_chain,10,9,13,300,0,0,0
machine_state_setup,graph_chain,10,9,14,900,0,0,10
body_state_setup,graph_chain,10,9,14,200,0,0,0
machine_state_setup,graph_chain,10,9,15,900,0,0,10
body_state_setup,graph_chain,10,9,15,300,0,0,0
machine_state_setup,graph_chain,10,9,16,900,0,0,10
body_state_setup,graph_chain,10,9,16,300,0,0,0
machine_state_setup,graph_chain,10,9,17,900,0,0,10
body_state_setup,graph_chain,10,9,17,300,0,0,0
machine_state_setup,graph_chain,10,9,18,900,0,0,10
body_state_setup,graph_chain,10,9,18,200,0,0,0
machine_state_setup,graph_chain,10,9,19,900,0,0,10
body_state_setup,graph_chain,10,9,19,200,0,0,0
machine_state_setup,graph_chain,10,9,20,900,0,0,10
body_state_setup,graph_chain,10,9,20,200,0,0,0
machine_state_setup,graph_chain,10,9,21,900,0,0,10
body_state_setup,graph_chain,10,9,21,300,0,0,0
machine_state_setup,graph_chain,10,9,22,900,0,0,10
body_state_setup,graph_chain,10,9,22,300,0,0,0
machine_state_setup,graph_chain,10,9,23,900,0,0,10
body_state_setup,graph_chain,10,9,23,200,0,0,0
machine_state_setup,graph_chain,10,9,24,900,0,0,10
body_state_setup,graph_chain,10,9,24,300,0,0,0
machine_state_setup,graph_chain,10,9,25,900,0,0,10
body_state_setup,graph_chain,10,9,25,200,0,0,0
machine_state_setup,graph_chain,10,9,26,900,0,0,10
body_state_setup,graph_chain,10,9,26,300,0,0,0
machine_state_setup,graph_chain,10,9,27,1200,0,0,10
body_state_setup,graph_chain,10,9,27,200,0,0,0
machine_state_setup,graph_chain,10,9,28,1100,0,0,10
body_state_setup,graph_chain,10,9,28,200,0,0,0
machine_state_setup,graph_chain,10,9,29,1100,0,0,10
body_state_setup,graph_chain,10,9,29,200,0,0,0
machine_state_setup,graph_chain,10,9,30,1000,0,0,10
body_state_setup,graph_chain,10,9,30,500,0,0,0
machine_state_setup,graph_chain,10,9,31,1000,0,0,10
body_state_setup,graph_chain,10,9,31,500,0,0,0
machine_state_setup,graph_chain,10,9,32,900,0,0,10
body_state_setup,graph_chain,10,9,32,300,0,0,0
machine_state_setup,graph_chain,10,9,33,900,0,0,10
body_state_setup,graph_chain,10,9,33,300,0,0,0
machine_state_setup,graph_chain,10,9,34,900,0,0,10
body_state_setup,graph_chain,10,9,34,200,0,0,0
machine_state_setup,graph_chain,10,9,35,800,0,0,10
body_state_setup,graph_chain,10,9,35,200,0,0,0
machine_state_setup,graph_chain,10,9,36,800,0,0,10
body_state_setup,graph_chain,10,9,36,200,0,0,0
machine_state_setup,graph_chain,10,9,37,900,0,0,10
body_state_setup,graph_chain,10,9,37,300,0,0,0
machine_state_setup,graph_chain,10,9,38,900,0,0,10
body_state_setup,graph_chain,10,9,38,200,0,0,0
machine_state_setup,graph_chain,10,9,39,900,0,0,10
body_state_setup,graph_chain,10,9,39,200,0,0,0
pure_machine_events_preseeded,graph_chain,10,9,0,8600,0,0,10
pure_machine_events_preseeded,graph_chain,10,9,1,7800,0,0,10
pure_machine_events_preseeded,graph_chain,10,9,2,7500,0,0,10
pure_machine_events_preseeded,graph_chain,10,9,3,7400,0,0,10
pure_machine_events_preseeded,graph_chain,10,9,4,7400,0,0,10
pure_machine_events_preseeded,graph_chain,10,9,5,7500,0,0,10
pure_machine_events_preseeded,graph_chain,10,9,6,7500,0,0,10
pure_machine_events_preseeded,graph_chain,10,9,7,7600,0,0,10
pure_machine_events_preseeded,graph_chain,10,9,8,7400,0,0,10
pure_machine_events_preseeded,graph_chain,10,9,9,7400,0,0,10
pure_machine_events_preseeded,graph_chain,10,9,10,7700,0,0,10
pure_machine_events_preseeded,graph_chain,10,9,11,7700,0,0,10
pure_machine_events_preseeded,graph_chain,10,9,12,7500,0,0,10
pure_machine_events_preseeded,graph_chain,10,9,13,7600,0,0,10
pure_machine_events_preseeded,graph_chain,10,9,14,7700,0,0,10
pure_machine_events_preseeded,graph_chain,10,9,15,7500,0,0,10
pure_machine_events_preseeded,graph_chain,10,9,16,7500,0,0,10
pure_machine_events_preseeded,graph_chain,10,9,17,7500,0,0,10
pure_machine_events_preseeded,graph_chain,10,9,18,7600,0,0,10
pure_machine_events_preseeded,graph_chain,10,9,19,7400,0,0,10
pure_machine_events_preseeded,graph_chain,10,9,20,7600,0,0,10
pure_machine_events_preseeded,graph_chain,10,9,21,7500,0,0,10
pure_machine_events_preseeded,graph_chain,10,9,22,7500,0,0,10
pure_machine_events_preseeded,graph_chain,10,9,23,7400,0,0,10
pure_machine_events_preseeded,graph_chain,10,9,24,7400,0,0,10
pure_machine_events_preseeded,graph_chain,10,9,25,7500,0,0,10
pure_machine_events_preseeded,graph_chain,10,9,26,7400,0,0,10
pure_machine_events_preseeded,graph_chain,10,9,27,7300,0,0,10
pure_machine_events_preseeded,graph_chain,10,9,28,7400,0,0,10
pure_machine_events_preseeded,graph_chain,10,9,29,7400,0,0,10
pure_machine_events_preseeded,graph_chain,10,9,30,7400,0,0,10
pure_machine_events_preseeded,graph_chain,10,9,31,7200,0,0,10
pure_machine_events_preseeded,graph_chain,10,9,32,7400,0,0,10
pure_machine_events_preseeded,graph_chain,10,9,33,7300,0,0,10
pure_machine_events_preseeded,graph_chain,10,9,34,7200,0,0,10
pure_machine_events_preseeded,graph_chain,10,9,35,7500,0,0,10
pure_machine_events_preseeded,graph_chain,10,9,36,7700,0,0,10
pure_machine_events_preseeded,graph_chain,10,9,37,7400,0,0,10
pure_machine_events_preseeded,graph_chain,10,9,38,7400,0,0,10
pure_machine_events_preseeded,graph_chain,10,9,39,7400,0,0,10
fixture_generation,graph_wide,10,9,0,900,0,0,50
fixture_generation,graph_wide,10,9,1,800,0,0,50
fixture_generation,graph_wide,10,9,2,800,0,0,50
fixture_generation,graph_wide,10,9,3,800,0,0,50
fixture_generation,graph_wide,10,9,4,800,0,0,50
fixture_generation,graph_wide,10,9,5,800,0,0,50
fixture_generation,graph_wide,10,9,6,700,0,0,50
fixture_generation,graph_wide,10,9,7,700,0,0,50
fixture_generation,graph_wide,10,9,8,700,0,0,50
fixture_generation,graph_wide,10,9,9,800,0,0,50
fixture_generation,graph_wide,10,9,10,800,0,0,50
fixture_generation,graph_wide,10,9,11,700,0,0,50
fixture_generation,graph_wide,10,9,12,700,0,0,50
fixture_generation,graph_wide,10,9,13,800,0,0,50
fixture_generation,graph_wide,10,9,14,800,0,0,50
fixture_generation,graph_wide,10,9,15,800,0,0,50
fixture_generation,graph_wide,10,9,16,800,0,0,50
fixture_generation,graph_wide,10,9,17,800,0,0,50
fixture_generation,graph_wide,10,9,18,800,0,0,50
fixture_generation,graph_wide,10,9,19,800,0,0,50
plan_build,graph_wide,10,9,0,20400,0,0,10
plan_build,graph_wide,10,9,1,22300,0,0,10
plan_build,graph_wide,10,9,2,7700,0,0,10
plan_build,graph_wide,10,9,3,8300,0,0,10
plan_build,graph_wide,10,9,4,6900,0,0,10
plan_build,graph_wide,10,9,5,6800,0,0,10
plan_build,graph_wide,10,9,6,6200,0,0,10
plan_build,graph_wide,10,9,7,6400,0,0,10
plan_build,graph_wide,10,9,8,6100,0,0,10
plan_build,graph_wide,10,9,9,6000,0,0,10
plan_build,graph_wide,10,9,10,6700,0,0,10
plan_build,graph_wide,10,9,11,6500,0,0,10
plan_build,graph_wide,10,9,12,6600,0,0,10
plan_build,graph_wide,10,9,13,12600,0,0,10
plan_build,graph_wide,10,9,14,20300,0,0,10
plan_build,graph_wide,10,9,15,10100,0,0,10
plan_build,graph_wide,10,9,16,6200,0,0,10
plan_build,graph_wide,10,9,17,6800,0,0,10
plan_build,graph_wide,10,9,18,6400,0,0,10
plan_build,graph_wide,10,9,19,6200,0,0,10
plan_build_alloc,graph_wide,10,9,0,0,156,35255,10
engine_execution,graph_wide,10,9,0,28900,0,0,8
engine_execution,graph_wide,10,9,1,29600,0,0,9
engine_execution,graph_wide,10,9,2,28300,0,0,10
engine_execution,graph_wide,10,9,3,32500,0,0,11
engine_execution,graph_wide,10,9,4,27900,0,0,12
engine_execution,graph_wide,10,9,5,27700,0,0,13
engine_execution,graph_wide,10,9,6,28300,0,0,14
engine_execution,graph_wide,10,9,7,27900,0,0,15
engine_execution,graph_wide,10,9,8,28000,0,0,0
engine_execution,graph_wide,10,9,9,28200,0,0,1
engine_execution,graph_wide,10,9,10,27900,0,0,2
engine_execution,graph_wide,10,9,11,28400,0,0,3
engine_execution,graph_wide,10,9,12,28700,0,0,4
engine_execution,graph_wide,10,9,13,28500,0,0,5
engine_execution,graph_wide,10,9,14,28300,0,0,6
engine_execution,graph_wide,10,9,15,29000,0,0,7
engine_execution,graph_wide,10,9,16,28300,0,0,24
engine_execution,graph_wide,10,9,17,28800,0,0,25
engine_execution,graph_wide,10,9,18,28700,0,0,26
engine_execution,graph_wide,10,9,19,28700,0,0,27
engine_execution,graph_wide,10,9,20,28400,0,0,28
engine_execution,graph_wide,10,9,21,27600,0,0,29
engine_execution,graph_wide,10,9,22,27800,0,0,30
engine_execution,graph_wide,10,9,23,27400,0,0,31
engine_execution,graph_wide,10,9,24,27200,0,0,16
engine_execution,graph_wide,10,9,25,27200,0,0,17
engine_execution,graph_wide,10,9,26,26600,0,0,18
engine_execution,graph_wide,10,9,27,26800,0,0,19
engine_execution,graph_wide,10,9,28,27000,0,0,20
engine_execution,graph_wide,10,9,29,30900,0,0,21
engine_execution,graph_wide,10,9,30,34800,0,0,22
engine_execution,graph_wide,10,9,31,27400,0,0,23
engine_execution,graph_wide,10,9,32,27100,0,0,40
engine_execution,graph_wide,10,9,33,29500,0,0,41
engine_execution,graph_wide,10,9,34,27000,0,0,42
engine_execution,graph_wide,10,9,35,27300,0,0,43
engine_execution,graph_wide,10,9,36,26800,0,0,44
engine_execution,graph_wide,10,9,37,27200,0,0,45
engine_execution,graph_wide,10,9,38,33200,0,0,46
engine_execution,graph_wide,10,9,39,41100,0,0,47
engine_execution_alloc,graph_wide,10,9,0,0,555,46847,23122
machine_state_setup,graph_wide,10,9,0,1200,0,0,10
body_state_setup,graph_wide,10,9,0,600,0,0,0
machine_state_setup,graph_wide,10,9,1,900,0,0,10
body_state_setup,graph_wide,10,9,1,300,0,0,0
machine_state_setup,graph_wide,10,9,2,800,0,0,10
body_state_setup,graph_wide,10,9,2,200,0,0,0
machine_state_setup,graph_wide,10,9,3,900,0,0,10
body_state_setup,graph_wide,10,9,3,200,0,0,0
machine_state_setup,graph_wide,10,9,4,800,0,0,10
body_state_setup,graph_wide,10,9,4,200,0,0,0
machine_state_setup,graph_wide,10,9,5,800,0,0,10
body_state_setup,graph_wide,10,9,5,300,0,0,0
machine_state_setup,graph_wide,10,9,6,900,0,0,10
body_state_setup,graph_wide,10,9,6,300,0,0,0
machine_state_setup,graph_wide,10,9,7,800,0,0,10
body_state_setup,graph_wide,10,9,7,200,0,0,0
machine_state_setup,graph_wide,10,9,8,800,0,0,10
body_state_setup,graph_wide,10,9,8,300,0,0,0
machine_state_setup,graph_wide,10,9,9,900,0,0,10
body_state_setup,graph_wide,10,9,9,200,0,0,0
machine_state_setup,graph_wide,10,9,10,800,0,0,10
body_state_setup,graph_wide,10,9,10,200,0,0,0
machine_state_setup,graph_wide,10,9,11,900,0,0,10
body_state_setup,graph_wide,10,9,11,200,0,0,0
machine_state_setup,graph_wide,10,9,12,800,0,0,10
body_state_setup,graph_wide,10,9,12,300,0,0,0
machine_state_setup,graph_wide,10,9,13,800,0,0,10
body_state_setup,graph_wide,10,9,13,200,0,0,0
machine_state_setup,graph_wide,10,9,14,900,0,0,10
body_state_setup,graph_wide,10,9,14,200,0,0,0
machine_state_setup,graph_wide,10,9,15,800,0,0,10
body_state_setup,graph_wide,10,9,15,200,0,0,0
machine_state_setup,graph_wide,10,9,16,800,0,0,10
body_state_setup,graph_wide,10,9,16,200,0,0,0
machine_state_setup,graph_wide,10,9,17,900,0,0,10
body_state_setup,graph_wide,10,9,17,300,0,0,0
machine_state_setup,graph_wide,10,9,18,900,0,0,10
body_state_setup,graph_wide,10,9,18,200,0,0,0
machine_state_setup,graph_wide,10,9,19,800,0,0,10
body_state_setup,graph_wide,10,9,19,300,0,0,0
machine_state_setup,graph_wide,10,9,20,800,0,0,10
body_state_setup,graph_wide,10,9,20,200,0,0,0
machine_state_setup,graph_wide,10,9,21,800,0,0,10
body_state_setup,graph_wide,10,9,21,300,0,0,0
machine_state_setup,graph_wide,10,9,22,900,0,0,10
body_state_setup,graph_wide,10,9,22,300,0,0,0
machine_state_setup,graph_wide,10,9,23,900,0,0,10
body_state_setup,graph_wide,10,9,23,200,0,0,0
machine_state_setup,graph_wide,10,9,24,800,0,0,10
body_state_setup,graph_wide,10,9,24,300,0,0,0
machine_state_setup,graph_wide,10,9,25,800,0,0,10
body_state_setup,graph_wide,10,9,25,200,0,0,0
machine_state_setup,graph_wide,10,9,26,900,0,0,10
body_state_setup,graph_wide,10,9,26,200,0,0,0
machine_state_setup,graph_wide,10,9,27,800,0,0,10
body_state_setup,graph_wide,10,9,27,300,0,0,0
machine_state_setup,graph_wide,10,9,28,900,0,0,10
body_state_setup,graph_wide,10,9,28,200,0,0,0
machine_state_setup,graph_wide,10,9,29,800,0,0,10
body_state_setup,graph_wide,10,9,29,300,0,0,0
machine_state_setup,graph_wide,10,9,30,800,0,0,10
body_state_setup,graph_wide,10,9,30,200,0,0,0
machine_state_setup,graph_wide,10,9,31,900,0,0,10
body_state_setup,graph_wide,10,9,31,200,0,0,0
machine_state_setup,graph_wide,10,9,32,800,0,0,10
body_state_setup,graph_wide,10,9,32,200,0,0,0
machine_state_setup,graph_wide,10,9,33,900,0,0,10
body_state_setup,graph_wide,10,9,33,300,0,0,0
machine_state_setup,graph_wide,10,9,34,900,0,0,10
body_state_setup,graph_wide,10,9,34,300,0,0,0
machine_state_setup,graph_wide,10,9,35,800,0,0,10
body_state_setup,graph_wide,10,9,35,200,0,0,0
machine_state_setup,graph_wide,10,9,36,900,0,0,10
body_state_setup,graph_wide,10,9,36,200,0,0,0
machine_state_setup,graph_wide,10,9,37,900,0,0,10
body_state_setup,graph_wide,10,9,37,200,0,0,0
machine_state_setup,graph_wide,10,9,38,800,0,0,10
body_state_setup,graph_wide,10,9,38,200,0,0,0
machine_state_setup,graph_wide,10,9,39,900,0,0,10
body_state_setup,graph_wide,10,9,39,200,0,0,0
fixture_generation,graph_sparse,10,9,0,900,0,0,50
fixture_generation,graph_sparse,10,9,1,800,0,0,50
fixture_generation,graph_sparse,10,9,2,700,0,0,50
fixture_generation,graph_sparse,10,9,3,700,0,0,50
fixture_generation,graph_sparse,10,9,4,700,0,0,50
fixture_generation,graph_sparse,10,9,5,700,0,0,50
fixture_generation,graph_sparse,10,9,6,700,0,0,50
fixture_generation,graph_sparse,10,9,7,700,0,0,50
fixture_generation,graph_sparse,10,9,8,800,0,0,50
fixture_generation,graph_sparse,10,9,9,800,0,0,50
fixture_generation,graph_sparse,10,9,10,800,0,0,50
fixture_generation,graph_sparse,10,9,11,800,0,0,50
fixture_generation,graph_sparse,10,9,12,800,0,0,50
fixture_generation,graph_sparse,10,9,13,700,0,0,50
fixture_generation,graph_sparse,10,9,14,700,0,0,50
fixture_generation,graph_sparse,10,9,15,700,0,0,50
fixture_generation,graph_sparse,10,9,16,700,0,0,50
fixture_generation,graph_sparse,10,9,17,700,0,0,50
fixture_generation,graph_sparse,10,9,18,700,0,0,50
fixture_generation,graph_sparse,10,9,19,700,0,0,50
plan_build,graph_sparse,10,9,0,11300,0,0,12
plan_build,graph_sparse,10,9,1,11000,0,0,12
plan_build,graph_sparse,10,9,2,7300,0,0,12
plan_build,graph_sparse,10,9,3,6800,0,0,12
plan_build,graph_sparse,10,9,4,6600,0,0,12
plan_build,graph_sparse,10,9,5,6300,0,0,12
plan_build,graph_sparse,10,9,6,6400,0,0,12
plan_build,graph_sparse,10,9,7,6500,0,0,12
plan_build,graph_sparse,10,9,8,6500,0,0,12
plan_build,graph_sparse,10,9,9,6800,0,0,12
plan_build,graph_sparse,10,9,10,8300,0,0,12
plan_build,graph_sparse,10,9,11,7100,0,0,12
plan_build,graph_sparse,10,9,12,7300,0,0,12
plan_build,graph_sparse,10,9,13,7000,0,0,12
plan_build,graph_sparse,10,9,14,6900,0,0,12
plan_build,graph_sparse,10,9,15,6900,0,0,12
plan_build,graph_sparse,10,9,16,6600,0,0,12
plan_build,graph_sparse,10,9,17,6700,0,0,12
plan_build,graph_sparse,10,9,18,6900,0,0,12
plan_build,graph_sparse,10,9,19,7300,0,0,12
plan_build_alloc,graph_sparse,10,9,0,0,158,35195,12
engine_execution,graph_sparse,10,9,0,27800,0,0,13
engine_execution,graph_sparse,10,9,1,27400,0,0,12
engine_execution,graph_sparse,10,9,2,27200,0,0,15
engine_execution,graph_sparse,10,9,3,27700,0,0,14
engine_execution,graph_sparse,10,9,4,27700,0,0,9
engine_execution,graph_sparse,10,9,5,27100,0,0,8
engine_execution,graph_sparse,10,9,6,27800,0,0,11
engine_execution,graph_sparse,10,9,7,35800,0,0,10
engine_execution,graph_sparse,10,9,8,40600,0,0,5
engine_execution,graph_sparse,10,9,9,27600,0,0,4
engine_execution,graph_sparse,10,9,10,27300,0,0,7
engine_execution,graph_sparse,10,9,11,27600,0,0,6
engine_execution,graph_sparse,10,9,12,27300,0,0,1
engine_execution,graph_sparse,10,9,13,27000,0,0,0
engine_execution,graph_sparse,10,9,14,27400,0,0,3
engine_execution,graph_sparse,10,9,15,30500,0,0,2
engine_execution,graph_sparse,10,9,16,27300,0,0,29
engine_execution,graph_sparse,10,9,17,28100,0,0,28
engine_execution,graph_sparse,10,9,18,28100,0,0,31
engine_execution,graph_sparse,10,9,19,27400,0,0,30
engine_execution,graph_sparse,10,9,20,32100,0,0,25
engine_execution,graph_sparse,10,9,21,38600,0,0,24
engine_execution,graph_sparse,10,9,22,27100,0,0,27
engine_execution,graph_sparse,10,9,23,27400,0,0,26
engine_execution,graph_sparse,10,9,24,27300,0,0,21
engine_execution,graph_sparse,10,9,25,27000,0,0,20
engine_execution,graph_sparse,10,9,26,27100,0,0,23
engine_execution,graph_sparse,10,9,27,27400,0,0,22
engine_execution,graph_sparse,10,9,28,27000,0,0,17
engine_execution,graph_sparse,10,9,29,27300,0,0,16
engine_execution,graph_sparse,10,9,30,27300,0,0,19
engine_execution,graph_sparse,10,9,31,27200,0,0,18
engine_execution,graph_sparse,10,9,32,27200,0,0,45
engine_execution,graph_sparse,10,9,33,27300,0,0,44
engine_execution,graph_sparse,10,9,34,27400,0,0,47
engine_execution,graph_sparse,10,9,35,32700,0,0,46
engine_execution,graph_sparse,10,9,36,40300,0,0,41
engine_execution,graph_sparse,10,9,37,27600,0,0,40
engine_execution,graph_sparse,10,9,38,27600,0,0,43
engine_execution,graph_sparse,10,9,39,26900,0,0,42
engine_execution_alloc,graph_sparse,10,9,0,0,564,45889,23127
machine_state_setup,graph_sparse,10,9,0,1200,0,0,10
body_state_setup,graph_sparse,10,9,0,300,0,0,0
machine_state_setup,graph_sparse,10,9,1,900,0,0,10
body_state_setup,graph_sparse,10,9,1,200,0,0,0
machine_state_setup,graph_sparse,10,9,2,800,0,0,10
body_state_setup,graph_sparse,10,9,2,300,0,0,0
machine_state_setup,graph_sparse,10,9,3,900,0,0,10
body_state_setup,graph_sparse,10,9,3,200,0,0,0
machine_state_setup,graph_sparse,10,9,4,800,0,0,10
body_state_setup,graph_sparse,10,9,4,300,0,0,0
machine_state_setup,graph_sparse,10,9,5,800,0,0,10
body_state_setup,graph_sparse,10,9,5,200,0,0,0
machine_state_setup,graph_sparse,10,9,6,800,0,0,10
body_state_setup,graph_sparse,10,9,6,400,0,0,0
machine_state_setup,graph_sparse,10,9,7,1000,0,0,10
body_state_setup,graph_sparse,10,9,7,300,0,0,0
machine_state_setup,graph_sparse,10,9,8,900,0,0,10
body_state_setup,graph_sparse,10,9,8,200,0,0,0
machine_state_setup,graph_sparse,10,9,9,800,0,0,10
body_state_setup,graph_sparse,10,9,9,300,0,0,0
machine_state_setup,graph_sparse,10,9,10,800,0,0,10
body_state_setup,graph_sparse,10,9,10,200,0,0,0
machine_state_setup,graph_sparse,10,9,11,800,0,0,10
body_state_setup,graph_sparse,10,9,11,300,0,0,0
machine_state_setup,graph_sparse,10,9,12,800,0,0,10
body_state_setup,graph_sparse,10,9,12,300,0,0,0
machine_state_setup,graph_sparse,10,9,13,900,0,0,10
body_state_setup,graph_sparse,10,9,13,200,0,0,0
machine_state_setup,graph_sparse,10,9,14,800,0,0,10
body_state_setup,graph_sparse,10,9,14,300,0,0,0
machine_state_setup,graph_sparse,10,9,15,800,0,0,10
body_state_setup,graph_sparse,10,9,15,200,0,0,0
machine_state_setup,graph_sparse,10,9,16,800,0,0,10
body_state_setup,graph_sparse,10,9,16,200,0,0,0
machine_state_setup,graph_sparse,10,9,17,900,0,0,10
body_state_setup,graph_sparse,10,9,17,200,0,0,0
machine_state_setup,graph_sparse,10,9,18,800,0,0,10
body_state_setup,graph_sparse,10,9,18,300,0,0,0
machine_state_setup,graph_sparse,10,9,19,800,0,0,10
body_state_setup,graph_sparse,10,9,19,300,0,0,0
machine_state_setup,graph_sparse,10,9,20,800,0,0,10
body_state_setup,graph_sparse,10,9,20,200,0,0,0
machine_state_setup,graph_sparse,10,9,21,800,0,0,10
body_state_setup,graph_sparse,10,9,21,300,0,0,0
machine_state_setup,graph_sparse,10,9,22,800,0,0,10
body_state_setup,graph_sparse,10,9,22,200,0,0,0
machine_state_setup,graph_sparse,10,9,23,900,0,0,10
body_state_setup,graph_sparse,10,9,23,200,0,0,0
machine_state_setup,graph_sparse,10,9,24,800,0,0,10
body_state_setup,graph_sparse,10,9,24,300,0,0,0
machine_state_setup,graph_sparse,10,9,25,800,0,0,10
body_state_setup,graph_sparse,10,9,25,200,0,0,0
machine_state_setup,graph_sparse,10,9,26,800,0,0,10
body_state_setup,graph_sparse,10,9,26,200,0,0,0
machine_state_setup,graph_sparse,10,9,27,800,0,0,10
body_state_setup,graph_sparse,10,9,27,300,0,0,0
machine_state_setup,graph_sparse,10,9,28,800,0,0,10
body_state_setup,graph_sparse,10,9,28,300,0,0,0
machine_state_setup,graph_sparse,10,9,29,800,0,0,10
body_state_setup,graph_sparse,10,9,29,300,0,0,0
machine_state_setup,graph_sparse,10,9,30,800,0,0,10
body_state_setup,graph_sparse,10,9,30,200,0,0,0
machine_state_setup,graph_sparse,10,9,31,800,0,0,10
body_state_setup,graph_sparse,10,9,31,200,0,0,0
machine_state_setup,graph_sparse,10,9,32,900,0,0,10
body_state_setup,graph_sparse,10,9,32,200,0,0,0
machine_state_setup,graph_sparse,10,9,33,800,0,0,10
body_state_setup,graph_sparse,10,9,33,300,0,0,0
machine_state_setup,graph_sparse,10,9,34,800,0,0,10
body_state_setup,graph_sparse,10,9,34,300,0,0,0
machine_state_setup,graph_sparse,10,9,35,800,0,0,10
body_state_setup,graph_sparse,10,9,35,200,0,0,0
machine_state_setup,graph_sparse,10,9,36,800,0,0,10
body_state_setup,graph_sparse,10,9,36,200,0,0,0
machine_state_setup,graph_sparse,10,9,37,800,0,0,10
body_state_setup,graph_sparse,10,9,37,200,0,0,0
machine_state_setup,graph_sparse,10,9,38,800,0,0,10
body_state_setup,graph_sparse,10,9,38,200,0,0,0
machine_state_setup,graph_sparse,10,9,39,900,0,0,10
body_state_setup,graph_sparse,10,9,39,200,0,0,0
fixture_generation,graph_chain,100,99,0,7200,0,0,500
fixture_generation,graph_chain,100,99,1,6800,0,0,500
fixture_generation,graph_chain,100,99,2,6800,0,0,500
fixture_generation,graph_chain,100,99,3,6900,0,0,500
fixture_generation,graph_chain,100,99,4,6700,0,0,500
fixture_generation,graph_chain,100,99,5,6800,0,0,500
fixture_generation,graph_chain,100,99,6,6900,0,0,500
fixture_generation,graph_chain,100,99,7,6900,0,0,500
fixture_generation,graph_chain,100,99,8,6900,0,0,500
fixture_generation,graph_chain,100,99,9,6800,0,0,500
fixture_generation,graph_chain,100,99,10,6800,0,0,500
fixture_generation,graph_chain,100,99,11,6900,0,0,500
fixture_generation,graph_chain,100,99,12,6800,0,0,500
fixture_generation,graph_chain,100,99,13,6800,0,0,500
fixture_generation,graph_chain,100,99,14,6800,0,0,500
fixture_generation,graph_chain,100,99,15,6800,0,0,500
fixture_generation,graph_chain,100,99,16,6800,0,0,500
fixture_generation,graph_chain,100,99,17,6800,0,0,500
fixture_generation,graph_chain,100,99,18,6800,0,0,500
fixture_generation,graph_chain,100,99,19,6800,0,0,500
plan_build,graph_chain,100,99,0,140400,0,0,11
plan_build,graph_chain,100,99,1,122000,0,0,11
plan_build,graph_chain,100,99,2,117400,0,0,11
plan_build,graph_chain,100,99,3,120000,0,0,11
plan_build,graph_chain,100,99,4,146000,0,0,11
plan_build,graph_chain,100,99,5,111400,0,0,11
plan_build,graph_chain,100,99,6,125300,0,0,11
plan_build,graph_chain,100,99,7,145800,0,0,11
plan_build,graph_chain,100,99,8,106100,0,0,11
plan_build,graph_chain,100,99,9,151900,0,0,11
plan_build,graph_chain,100,99,10,142500,0,0,11
plan_build,graph_chain,100,99,11,112400,0,0,11
plan_build,graph_chain,100,99,12,116500,0,0,11
plan_build,graph_chain,100,99,13,137700,0,0,11
plan_build,graph_chain,100,99,14,105500,0,0,11
plan_build,graph_chain,100,99,15,153300,0,0,11
plan_build,graph_chain,100,99,16,137700,0,0,11
plan_build,graph_chain,100,99,17,122700,0,0,11
plan_build,graph_chain,100,99,18,117700,0,0,11
plan_build,graph_chain,100,99,19,141800,0,0,11
plan_build_alloc,graph_chain,100,99,0,0,1269,304543,11
engine_execution,graph_chain,100,99,0,355400,0,0,1
engine_execution,graph_chain,100,99,1,350500,0,0,0
engine_execution,graph_chain,100,99,2,347200,0,0,3
engine_execution,graph_chain,100,99,3,351900,0,0,2
engine_execution,graph_chain,100,99,4,344400,0,0,5
engine_execution,graph_chain,100,99,5,377400,0,0,4
engine_execution,graph_chain,100,99,6,360300,0,0,7
engine_execution,graph_chain,100,99,7,345000,0,0,6
engine_execution,graph_chain,100,99,8,357100,0,0,9
engine_execution,graph_chain,100,99,9,349400,0,0,8
engine_execution,graph_chain,100,99,10,348200,0,0,11
engine_execution,graph_chain,100,99,11,342400,0,0,10
engine_execution,graph_chain,100,99,12,347800,0,0,13
engine_execution,graph_chain,100,99,13,349500,0,0,12
engine_execution,graph_chain,100,99,14,334900,0,0,15
engine_execution,graph_chain,100,99,15,355600,0,0,14
engine_execution,graph_chain,100,99,16,339300,0,0,17
engine_execution,graph_chain,100,99,17,371300,0,0,16
engine_execution,graph_chain,100,99,18,344800,0,0,19
engine_execution,graph_chain,100,99,19,358200,0,0,18
engine_execution,graph_chain,100,99,20,360100,0,0,21
engine_execution,graph_chain,100,99,21,357500,0,0,20
engine_execution,graph_chain,100,99,22,364900,0,0,23
engine_execution,graph_chain,100,99,23,358600,0,0,22
engine_execution,graph_chain,100,99,24,361400,0,0,25
engine_execution,graph_chain,100,99,25,365200,0,0,24
engine_execution,graph_chain,100,99,26,357200,0,0,27
engine_execution,graph_chain,100,99,27,351000,0,0,26
engine_execution,graph_chain,100,99,28,340800,0,0,29
engine_execution,graph_chain,100,99,29,347200,0,0,28
engine_execution,graph_chain,100,99,30,356700,0,0,31
engine_execution,graph_chain,100,99,31,347800,0,0,30
engine_execution,graph_chain,100,99,32,350500,0,0,33
engine_execution,graph_chain,100,99,33,349600,0,0,32
engine_execution,graph_chain,100,99,34,358500,0,0,35
engine_execution,graph_chain,100,99,35,360700,0,0,34
engine_execution,graph_chain,100,99,36,345600,0,0,37
engine_execution,graph_chain,100,99,37,349100,0,0,36
engine_execution,graph_chain,100,99,38,345300,0,0,39
engine_execution,graph_chain,100,99,39,346300,0,0,38
engine_execution_alloc,graph_chain,100,99,0,0,5259,513144,23131
machine_state_setup,graph_chain,100,99,0,11400,0,0,100
body_state_setup,graph_chain,100,99,0,700,0,0,0
machine_state_setup,graph_chain,100,99,1,6200,0,0,100
body_state_setup,graph_chain,100,99,1,400,0,0,0
machine_state_setup,graph_chain,100,99,2,6200,0,0,100
body_state_setup,graph_chain,100,99,2,400,0,0,0
machine_state_setup,graph_chain,100,99,3,6200,0,0,100
body_state_setup,graph_chain,100,99,3,400,0,0,0
machine_state_setup,graph_chain,100,99,4,6500,0,0,100
body_state_setup,graph_chain,100,99,4,400,0,0,0
machine_state_setup,graph_chain,100,99,5,6100,0,0,100
body_state_setup,graph_chain,100,99,5,300,0,0,0
machine_state_setup,graph_chain,100,99,6,6000,0,0,100
body_state_setup,graph_chain,100,99,6,400,0,0,0
machine_state_setup,graph_chain,100,99,7,6100,0,0,100
body_state_setup,graph_chain,100,99,7,400,0,0,0
machine_state_setup,graph_chain,100,99,8,6100,0,0,100
body_state_setup,graph_chain,100,99,8,400,0,0,0
machine_state_setup,graph_chain,100,99,9,6200,0,0,100
body_state_setup,graph_chain,100,99,9,400,0,0,0
machine_state_setup,graph_chain,100,99,10,6100,0,0,100
body_state_setup,graph_chain,100,99,10,400,0,0,0
machine_state_setup,graph_chain,100,99,11,6100,0,0,100
body_state_setup,graph_chain,100,99,11,300,0,0,0
machine_state_setup,graph_chain,100,99,12,6100,0,0,100
body_state_setup,graph_chain,100,99,12,300,0,0,0
machine_state_setup,graph_chain,100,99,13,6200,0,0,100
body_state_setup,graph_chain,100,99,13,300,0,0,0
machine_state_setup,graph_chain,100,99,14,6300,0,0,100
body_state_setup,graph_chain,100,99,14,300,0,0,0
machine_state_setup,graph_chain,100,99,15,6200,0,0,100
body_state_setup,graph_chain,100,99,15,300,0,0,0
machine_state_setup,graph_chain,100,99,16,6300,0,0,100
body_state_setup,graph_chain,100,99,16,300,0,0,0
machine_state_setup,graph_chain,100,99,17,6200,0,0,100
body_state_setup,graph_chain,100,99,17,300,0,0,0
machine_state_setup,graph_chain,100,99,18,6100,0,0,100
body_state_setup,graph_chain,100,99,18,300,0,0,0
machine_state_setup,graph_chain,100,99,19,6200,0,0,100
body_state_setup,graph_chain,100,99,19,400,0,0,0
machine_state_setup,graph_chain,100,99,20,6300,0,0,100
body_state_setup,graph_chain,100,99,20,300,0,0,0
machine_state_setup,graph_chain,100,99,21,6200,0,0,100
body_state_setup,graph_chain,100,99,21,400,0,0,0
machine_state_setup,graph_chain,100,99,22,6200,0,0,100
body_state_setup,graph_chain,100,99,22,400,0,0,0
machine_state_setup,graph_chain,100,99,23,6100,0,0,100
body_state_setup,graph_chain,100,99,23,300,0,0,0
machine_state_setup,graph_chain,100,99,24,6100,0,0,100
body_state_setup,graph_chain,100,99,24,300,0,0,0
machine_state_setup,graph_chain,100,99,25,6300,0,0,100
body_state_setup,graph_chain,100,99,25,400,0,0,0
machine_state_setup,graph_chain,100,99,26,6200,0,0,100
body_state_setup,graph_chain,100,99,26,400,0,0,0
machine_state_setup,graph_chain,100,99,27,6200,0,0,100
body_state_setup,graph_chain,100,99,27,400,0,0,0
machine_state_setup,graph_chain,100,99,28,6200,0,0,100
body_state_setup,graph_chain,100,99,28,400,0,0,0
machine_state_setup,graph_chain,100,99,29,6100,0,0,100
body_state_setup,graph_chain,100,99,29,400,0,0,0
machine_state_setup,graph_chain,100,99,30,6300,0,0,100
body_state_setup,graph_chain,100,99,30,300,0,0,0
machine_state_setup,graph_chain,100,99,31,6200,0,0,100
body_state_setup,graph_chain,100,99,31,300,0,0,0
machine_state_setup,graph_chain,100,99,32,6200,0,0,100
body_state_setup,graph_chain,100,99,32,400,0,0,0
machine_state_setup,graph_chain,100,99,33,6200,0,0,100
body_state_setup,graph_chain,100,99,33,400,0,0,0
machine_state_setup,graph_chain,100,99,34,6200,0,0,100
body_state_setup,graph_chain,100,99,34,400,0,0,0
machine_state_setup,graph_chain,100,99,35,6300,0,0,100
body_state_setup,graph_chain,100,99,35,400,0,0,0
machine_state_setup,graph_chain,100,99,36,6400,0,0,100
body_state_setup,graph_chain,100,99,36,400,0,0,0
machine_state_setup,graph_chain,100,99,37,6100,0,0,100
body_state_setup,graph_chain,100,99,37,400,0,0,0
machine_state_setup,graph_chain,100,99,38,6100,0,0,100
body_state_setup,graph_chain,100,99,38,300,0,0,0
machine_state_setup,graph_chain,100,99,39,6200,0,0,100
body_state_setup,graph_chain,100,99,39,400,0,0,0
pure_machine_events_preseeded,graph_chain,100,99,0,107500,0,0,101
pure_machine_events_preseeded,graph_chain,100,99,1,104600,0,0,101
pure_machine_events_preseeded,graph_chain,100,99,2,104500,0,0,101
pure_machine_events_preseeded,graph_chain,100,99,3,104600,0,0,101
pure_machine_events_preseeded,graph_chain,100,99,4,103900,0,0,101
pure_machine_events_preseeded,graph_chain,100,99,5,104000,0,0,101
pure_machine_events_preseeded,graph_chain,100,99,6,104100,0,0,101
pure_machine_events_preseeded,graph_chain,100,99,7,105100,0,0,101
pure_machine_events_preseeded,graph_chain,100,99,8,108500,0,0,101
pure_machine_events_preseeded,graph_chain,100,99,9,105100,0,0,101
pure_machine_events_preseeded,graph_chain,100,99,10,105000,0,0,101
pure_machine_events_preseeded,graph_chain,100,99,11,105300,0,0,101
pure_machine_events_preseeded,graph_chain,100,99,12,108000,0,0,101
pure_machine_events_preseeded,graph_chain,100,99,13,104500,0,0,101
pure_machine_events_preseeded,graph_chain,100,99,14,106100,0,0,101
pure_machine_events_preseeded,graph_chain,100,99,15,103800,0,0,101
pure_machine_events_preseeded,graph_chain,100,99,16,105200,0,0,101
pure_machine_events_preseeded,graph_chain,100,99,17,105700,0,0,101
pure_machine_events_preseeded,graph_chain,100,99,18,108500,0,0,101
pure_machine_events_preseeded,graph_chain,100,99,19,104900,0,0,101
pure_machine_events_preseeded,graph_chain,100,99,20,105100,0,0,101
pure_machine_events_preseeded,graph_chain,100,99,21,105800,0,0,101
pure_machine_events_preseeded,graph_chain,100,99,22,104800,0,0,101
pure_machine_events_preseeded,graph_chain,100,99,23,104500,0,0,101
pure_machine_events_preseeded,graph_chain,100,99,24,104800,0,0,101
pure_machine_events_preseeded,graph_chain,100,99,25,104700,0,0,101
pure_machine_events_preseeded,graph_chain,100,99,26,104600,0,0,101
pure_machine_events_preseeded,graph_chain,100,99,27,103000,0,0,101
pure_machine_events_preseeded,graph_chain,100,99,28,104400,0,0,101
pure_machine_events_preseeded,graph_chain,100,99,29,103800,0,0,101
pure_machine_events_preseeded,graph_chain,100,99,30,103600,0,0,101
pure_machine_events_preseeded,graph_chain,100,99,31,106200,0,0,101
pure_machine_events_preseeded,graph_chain,100,99,32,102800,0,0,101
pure_machine_events_preseeded,graph_chain,100,99,33,103200,0,0,101
pure_machine_events_preseeded,graph_chain,100,99,34,103700,0,0,101
pure_machine_events_preseeded,graph_chain,100,99,35,103100,0,0,101
pure_machine_events_preseeded,graph_chain,100,99,36,103200,0,0,101
pure_machine_events_preseeded,graph_chain,100,99,37,104400,0,0,101
pure_machine_events_preseeded,graph_chain,100,99,38,103600,0,0,101
pure_machine_events_preseeded,graph_chain,100,99,39,107600,0,0,101
fixture_generation,graph_wide,100,99,0,6900,0,0,500
fixture_generation,graph_wide,100,99,1,6900,0,0,500
fixture_generation,graph_wide,100,99,2,6900,0,0,500
fixture_generation,graph_wide,100,99,3,6900,0,0,500
fixture_generation,graph_wide,100,99,4,7200,0,0,500
fixture_generation,graph_wide,100,99,5,6800,0,0,500
fixture_generation,graph_wide,100,99,6,6900,0,0,500
fixture_generation,graph_wide,100,99,7,7000,0,0,500
fixture_generation,graph_wide,100,99,8,7000,0,0,500
fixture_generation,graph_wide,100,99,9,7000,0,0,500
fixture_generation,graph_wide,100,99,10,6900,0,0,500
fixture_generation,graph_wide,100,99,11,6900,0,0,500
fixture_generation,graph_wide,100,99,12,6900,0,0,500
fixture_generation,graph_wide,100,99,13,6900,0,0,500
fixture_generation,graph_wide,100,99,14,6900,0,0,500
fixture_generation,graph_wide,100,99,15,6800,0,0,500
fixture_generation,graph_wide,100,99,16,6900,0,0,500
fixture_generation,graph_wide,100,99,17,6900,0,0,500
fixture_generation,graph_wide,100,99,18,7000,0,0,500
fixture_generation,graph_wide,100,99,19,6900,0,0,500
plan_build,graph_wide,100,99,0,160500,0,0,10
plan_build,graph_wide,100,99,1,140700,0,0,10
plan_build,graph_wide,100,99,2,122600,0,0,10
plan_build,graph_wide,100,99,3,163500,0,0,10
plan_build,graph_wide,100,99,4,145000,0,0,10
plan_build,graph_wide,100,99,5,138100,0,0,10
plan_build,graph_wide,100,99,6,161700,0,0,10
plan_build,graph_wide,100,99,7,142400,0,0,10
plan_build,graph_wide,100,99,8,109400,0,0,10
plan_build,graph_wide,100,99,9,143300,0,0,10
plan_build,graph_wide,100,99,10,122900,0,0,10
plan_build,graph_wide,100,99,11,120100,0,0,10
plan_build,graph_wide,100,99,12,151300,0,0,10
plan_build,graph_wide,100,99,13,136700,0,0,10
plan_build,graph_wide,100,99,14,122200,0,0,10
plan_build,graph_wide,100,99,15,164500,0,0,10
plan_build,graph_wide,100,99,16,159100,0,0,10
plan_build,graph_wide,100,99,17,122600,0,0,10
plan_build,graph_wide,100,99,18,186900,0,0,10
plan_build,graph_wide,100,99,19,150000,0,0,10
plan_build_alloc,graph_wide,100,99,0,0,1176,303389,10
engine_execution,graph_wide,100,99,0,332500,0,0,98
engine_execution,graph_wide,100,99,1,328400,0,0,99
engine_execution,graph_wide,100,99,2,368400,0,0,96
engine_execution,graph_wide,100,99,3,359100,0,0,97
engine_execution,graph_wide,100,99,4,343200,0,0,102
engine_execution,graph_wide,100,99,5,318000,0,0,103
engine_execution,graph_wide,100,99,6,357500,0,0,100
engine_execution,graph_wide,100,99,7,370800,0,0,101
engine_execution,graph_wide,100,99,8,339700,0,0,106
engine_execution,graph_wide,100,99,9,346100,0,0,107
engine_execution,graph_wide,100,99,10,344800,0,0,104
engine_execution,graph_wide,100,99,11,332600,0,0,105
engine_execution,graph_wide,100,99,12,347900,0,0,110
engine_execution,graph_wide,100,99,13,321400,0,0,111
engine_execution,graph_wide,100,99,14,309500,0,0,108
engine_execution,graph_wide,100,99,15,303900,0,0,109
engine_execution,graph_wide,100,99,16,304100,0,0,114
engine_execution,graph_wide,100,99,17,314200,0,0,115
engine_execution,graph_wide,100,99,18,303100,0,0,112
engine_execution,graph_wide,100,99,19,302200,0,0,113
engine_execution,graph_wide,100,99,20,309900,0,0,118
engine_execution,graph_wide,100,99,21,312200,0,0,119
engine_execution,graph_wide,100,99,22,326500,0,0,116
engine_execution,graph_wide,100,99,23,298600,0,0,117
engine_execution,graph_wide,100,99,24,324800,0,0,122
engine_execution,graph_wide,100,99,25,299900,0,0,123
engine_execution,graph_wide,100,99,26,305600,0,0,120
engine_execution,graph_wide,100,99,27,307100,0,0,121
engine_execution,graph_wide,100,99,28,306500,0,0,126
engine_execution,graph_wide,100,99,29,307200,0,0,127
engine_execution,graph_wide,100,99,30,300100,0,0,124
engine_execution,graph_wide,100,99,31,322500,0,0,125
engine_execution,graph_wide,100,99,32,298300,0,0,66
engine_execution,graph_wide,100,99,33,301000,0,0,67
engine_execution,graph_wide,100,99,34,315900,0,0,64
engine_execution,graph_wide,100,99,35,307800,0,0,65
engine_execution,graph_wide,100,99,36,304100,0,0,70
engine_execution,graph_wide,100,99,37,311900,0,0,71
engine_execution,graph_wide,100,99,38,304200,0,0,68
engine_execution,graph_wide,100,99,39,306300,0,0,69
engine_execution_alloc,graph_wide,100,99,0,0,4987,468375,23096
machine_state_setup,graph_wide,100,99,0,11800,0,0,100
body_state_setup,graph_wide,100,99,0,700,0,0,0
machine_state_setup,graph_wide,100,99,1,6400,0,0,100
body_state_setup,graph_wide,100,99,1,400,0,0,0
machine_state_setup,graph_wide,100,99,2,6900,0,0,100
body_state_setup,graph_wide,100,99,2,400,0,0,0
machine_state_setup,graph_wide,100,99,3,6400,0,0,100
body_state_setup,graph_wide,100,99,3,400,0,0,0
machine_state_setup,graph_wide,100,99,4,7400,0,0,100
body_state_setup,graph_wide,100,99,4,400,0,0,0
machine_state_setup,graph_wide,100,99,5,8300,0,0,100
body_state_setup,graph_wide,100,99,5,400,0,0,0
machine_state_setup,graph_wide,100,99,6,6500,0,0,100
body_state_setup,graph_wide,100,99,6,400,0,0,0
machine_state_setup,graph_wide,100,99,7,6400,0,0,100
body_state_setup,graph_wide,100,99,7,400,0,0,0
machine_state_setup,graph_wide,100,99,8,6400,0,0,100
body_state_setup,graph_wide,100,99,8,400,0,0,0
machine_state_setup,graph_wide,100,99,9,6600,0,0,100
body_state_setup,graph_wide,100,99,9,400,0,0,0
machine_state_setup,graph_wide,100,99,10,6300,0,0,100
body_state_setup,graph_wide,100,99,10,500,0,0,0
machine_state_setup,graph_wide,100,99,11,6400,0,0,100
body_state_setup,graph_wide,100,99,11,400,0,0,0
machine_state_setup,graph_wide,100,99,12,6400,0,0,100
body_state_setup,graph_wide,100,99,12,300,0,0,0
machine_state_setup,graph_wide,100,99,13,6400,0,0,100
body_state_setup,graph_wide,100,99,13,400,0,0,0
machine_state_setup,graph_wide,100,99,14,6600,0,0,100
body_state_setup,graph_wide,100,99,14,400,0,0,0
machine_state_setup,graph_wide,100,99,15,6400,0,0,100
body_state_setup,graph_wide,100,99,15,300,0,0,0
machine_state_setup,graph_wide,100,99,16,6300,0,0,100
body_state_setup,graph_wide,100,99,16,300,0,0,0
machine_state_setup,graph_wide,100,99,17,6400,0,0,100
body_state_setup,graph_wide,100,99,17,400,0,0,0
machine_state_setup,graph_wide,100,99,18,6400,0,0,100
body_state_setup,graph_wide,100,99,18,400,0,0,0
machine_state_setup,graph_wide,100,99,19,6700,0,0,100
body_state_setup,graph_wide,100,99,19,400,0,0,0
machine_state_setup,graph_wide,100,99,20,6400,0,0,100
body_state_setup,graph_wide,100,99,20,400,0,0,0
machine_state_setup,graph_wide,100,99,21,6500,0,0,100
body_state_setup,graph_wide,100,99,21,400,0,0,0
machine_state_setup,graph_wide,100,99,22,6400,0,0,100
body_state_setup,graph_wide,100,99,22,400,0,0,0
machine_state_setup,graph_wide,100,99,23,6400,0,0,100
body_state_setup,graph_wide,100,99,23,400,0,0,0
machine_state_setup,graph_wide,100,99,24,6300,0,0,100
body_state_setup,graph_wide,100,99,24,300,0,0,0
machine_state_setup,graph_wide,100,99,25,6500,0,0,100
body_state_setup,graph_wide,100,99,25,400,0,0,0
machine_state_setup,graph_wide,100,99,26,6300,0,0,100
body_state_setup,graph_wide,100,99,26,300,0,0,0
machine_state_setup,graph_wide,100,99,27,6400,0,0,100
body_state_setup,graph_wide,100,99,27,400,0,0,0
machine_state_setup,graph_wide,100,99,28,6400,0,0,100
body_state_setup,graph_wide,100,99,28,400,0,0,0
machine_state_setup,graph_wide,100,99,29,6400,0,0,100
body_state_setup,graph_wide,100,99,29,400,0,0,0
machine_state_setup,graph_wide,100,99,30,6600,0,0,100
body_state_setup,graph_wide,100,99,30,400,0,0,0
machine_state_setup,graph_wide,100,99,31,6500,0,0,100
body_state_setup,graph_wide,100,99,31,400,0,0,0
machine_state_setup,graph_wide,100,99,32,6400,0,0,100
body_state_setup,graph_wide,100,99,32,300,0,0,0
machine_state_setup,graph_wide,100,99,33,6400,0,0,100
body_state_setup,graph_wide,100,99,33,300,0,0,0
machine_state_setup,graph_wide,100,99,34,6300,0,0,100
body_state_setup,graph_wide,100,99,34,400,0,0,0
machine_state_setup,graph_wide,100,99,35,6800,0,0,100
body_state_setup,graph_wide,100,99,35,400,0,0,0
machine_state_setup,graph_wide,100,99,36,6400,0,0,100
body_state_setup,graph_wide,100,99,36,400,0,0,0
machine_state_setup,graph_wide,100,99,37,6500,0,0,100
body_state_setup,graph_wide,100,99,37,300,0,0,0
machine_state_setup,graph_wide,100,99,38,6400,0,0,100
body_state_setup,graph_wide,100,99,38,400,0,0,0
machine_state_setup,graph_wide,100,99,39,6400,0,0,100
body_state_setup,graph_wide,100,99,39,400,0,0,0
fixture_generation,graph_sparse,100,99,0,7000,0,0,500
fixture_generation,graph_sparse,100,99,1,6900,0,0,500
fixture_generation,graph_sparse,100,99,2,6900,0,0,500
fixture_generation,graph_sparse,100,99,3,6900,0,0,500
fixture_generation,graph_sparse,100,99,4,6800,0,0,500
fixture_generation,graph_sparse,100,99,5,7000,0,0,500
fixture_generation,graph_sparse,100,99,6,6900,0,0,500
fixture_generation,graph_sparse,100,99,7,6900,0,0,500
fixture_generation,graph_sparse,100,99,8,6900,0,0,500
fixture_generation,graph_sparse,100,99,9,6800,0,0,500
fixture_generation,graph_sparse,100,99,10,6800,0,0,500
fixture_generation,graph_sparse,100,99,11,6800,0,0,500
fixture_generation,graph_sparse,100,99,12,6700,0,0,500
fixture_generation,graph_sparse,100,99,13,6700,0,0,500
fixture_generation,graph_sparse,100,99,14,6800,0,0,500
fixture_generation,graph_sparse,100,99,15,6800,0,0,500
fixture_generation,graph_sparse,100,99,16,6900,0,0,500
fixture_generation,graph_sparse,100,99,17,6800,0,0,500
fixture_generation,graph_sparse,100,99,18,6900,0,0,500
fixture_generation,graph_sparse,100,99,19,6800,0,0,500
plan_build,graph_sparse,100,99,0,156700,0,0,12
plan_build,graph_sparse,100,99,1,136100,0,0,12
plan_build,graph_sparse,100,99,2,132900,0,0,12
plan_build,graph_sparse,100,99,3,120600,0,0,12
plan_build,graph_sparse,100,99,4,125400,0,0,12
plan_build,graph_sparse,100,99,5,107400,0,0,12
plan_build,graph_sparse,100,99,6,120500,0,0,12
plan_build,graph_sparse,100,99,7,112700,0,0,12
plan_build,graph_sparse,100,99,8,102500,0,0,12
plan_build,graph_sparse,100,99,9,103300,0,0,12
plan_build,graph_sparse,100,99,10,109300,0,0,12
plan_build,graph_sparse,100,99,11,94200,0,0,12
plan_build,graph_sparse,100,99,12,152400,0,0,12
plan_build,graph_sparse,100,99,13,139800,0,0,12
plan_build,graph_sparse,100,99,14,127000,0,0,12
plan_build,graph_sparse,100,99,15,117800,0,0,12
plan_build,graph_sparse,100,99,16,126900,0,0,12
plan_build,graph_sparse,100,99,17,109600,0,0,12
plan_build,graph_sparse,100,99,18,149100,0,0,12
plan_build,graph_sparse,100,99,19,121100,0,0,12
plan_build_alloc,graph_sparse,100,99,0,0,1220,302977,12
engine_execution,graph_sparse,100,99,0,315900,0,0,71
engine_execution,graph_sparse,100,99,1,299000,0,0,70
engine_execution,graph_sparse,100,99,2,330100,0,0,69
engine_execution,graph_sparse,100,99,3,319800,0,0,68
engine_execution,graph_sparse,100,99,4,323100,0,0,67
engine_execution,graph_sparse,100,99,5,298600,0,0,66
engine_execution,graph_sparse,100,99,6,330100,0,0,65
engine_execution,graph_sparse,100,99,7,328700,0,0,64
engine_execution,graph_sparse,100,99,8,319300,0,0,79
engine_execution,graph_sparse,100,99,9,303800,0,0,78
engine_execution,graph_sparse,100,99,10,330400,0,0,77
engine_execution,graph_sparse,100,99,11,329700,0,0,76
engine_execution,graph_sparse,100,99,12,326800,0,0,75
engine_execution,graph_sparse,100,99,13,339400,0,0,74
engine_execution,graph_sparse,100,99,14,338100,0,0,73
engine_execution,graph_sparse,100,99,15,325600,0,0,72
engine_execution,graph_sparse,100,99,16,335300,0,0,87
engine_execution,graph_sparse,100,99,17,311500,0,0,86
engine_execution,graph_sparse,100,99,18,337200,0,0,85
engine_execution,graph_sparse,100,99,19,332300,0,0,84
engine_execution,graph_sparse,100,99,20,337000,0,0,83
engine_execution,graph_sparse,100,99,21,329200,0,0,82
engine_execution,graph_sparse,100,99,22,338800,0,0,81
engine_execution,graph_sparse,100,99,23,328900,0,0,80
engine_execution,graph_sparse,100,99,24,330400,0,0,95
engine_execution,graph_sparse,100,99,25,324200,0,0,94
engine_execution,graph_sparse,100,99,26,341600,0,0,93
engine_execution,graph_sparse,100,99,27,334600,0,0,92
engine_execution,graph_sparse,100,99,28,326200,0,0,91
engine_execution,graph_sparse,100,99,29,308700,0,0,90
engine_execution,graph_sparse,100,99,30,328700,0,0,89
engine_execution,graph_sparse,100,99,31,335800,0,0,88
engine_execution,graph_sparse,100,99,32,339100,0,0,103
engine_execution,graph_sparse,100,99,33,325800,0,0,102
engine_execution,graph_sparse,100,99,34,326300,0,0,101
engine_execution,graph_sparse,100,99,35,330200,0,0,100
engine_execution,graph_sparse,100,99,36,321900,0,0,99
engine_execution,graph_sparse,100,99,37,304100,0,0,98
engine_execution,graph_sparse,100,99,38,346700,0,0,97
engine_execution,graph_sparse,100,99,39,333100,0,0,96
engine_execution_alloc,graph_sparse,100,99,0,0,5163,494297,23069
machine_state_setup,graph_sparse,100,99,0,16100,0,0,100
body_state_setup,graph_sparse,100,99,0,600,0,0,0
machine_state_setup,graph_sparse,100,99,1,7000,0,0,100
body_state_setup,graph_sparse,100,99,1,400,0,0,0
machine_state_setup,graph_sparse,100,99,2,6800,0,0,100
body_state_setup,graph_sparse,100,99,2,300,0,0,0
machine_state_setup,graph_sparse,100,99,3,6800,0,0,100
body_state_setup,graph_sparse,100,99,3,400,0,0,0
machine_state_setup,graph_sparse,100,99,4,6900,0,0,100
body_state_setup,graph_sparse,100,99,4,400,0,0,0
machine_state_setup,graph_sparse,100,99,5,6900,0,0,100
body_state_setup,graph_sparse,100,99,5,400,0,0,0
machine_state_setup,graph_sparse,100,99,6,6900,0,0,100
body_state_setup,graph_sparse,100,99,6,400,0,0,0
machine_state_setup,graph_sparse,100,99,7,6800,0,0,100
body_state_setup,graph_sparse,100,99,7,400,0,0,0
machine_state_setup,graph_sparse,100,99,8,6800,0,0,100
body_state_setup,graph_sparse,100,99,8,400,0,0,0
machine_state_setup,graph_sparse,100,99,9,6900,0,0,100
body_state_setup,graph_sparse,100,99,9,400,0,0,0
machine_state_setup,graph_sparse,100,99,10,7000,0,0,100
body_state_setup,graph_sparse,100,99,10,400,0,0,0
machine_state_setup,graph_sparse,100,99,11,7100,0,0,100
body_state_setup,graph_sparse,100,99,11,300,0,0,0
machine_state_setup,graph_sparse,100,99,12,6800,0,0,100
body_state_setup,graph_sparse,100,99,12,400,0,0,0
machine_state_setup,graph_sparse,100,99,13,6800,0,0,100
body_state_setup,graph_sparse,100,99,13,400,0,0,0
machine_state_setup,graph_sparse,100,99,14,6800,0,0,100
body_state_setup,graph_sparse,100,99,14,300,0,0,0
machine_state_setup,graph_sparse,100,99,15,6700,0,0,100
body_state_setup,graph_sparse,100,99,15,400,0,0,0
machine_state_setup,graph_sparse,100,99,16,6900,0,0,100
body_state_setup,graph_sparse,100,99,16,400,0,0,0
machine_state_setup,graph_sparse,100,99,17,6800,0,0,100
body_state_setup,graph_sparse,100,99,17,400,0,0,0
machine_state_setup,graph_sparse,100,99,18,6900,0,0,100
body_state_setup,graph_sparse,100,99,18,400,0,0,0
machine_state_setup,graph_sparse,100,99,19,6900,0,0,100
body_state_setup,graph_sparse,100,99,19,400,0,0,0
machine_state_setup,graph_sparse,100,99,20,7000,0,0,100
body_state_setup,graph_sparse,100,99,20,400,0,0,0
machine_state_setup,graph_sparse,100,99,21,6800,0,0,100
body_state_setup,graph_sparse,100,99,21,400,0,0,0
machine_state_setup,graph_sparse,100,99,22,6900,0,0,100
body_state_setup,graph_sparse,100,99,22,300,0,0,0
machine_state_setup,graph_sparse,100,99,23,6700,0,0,100
body_state_setup,graph_sparse,100,99,23,400,0,0,0
machine_state_setup,graph_sparse,100,99,24,6800,0,0,100
body_state_setup,graph_sparse,100,99,24,400,0,0,0
machine_state_setup,graph_sparse,100,99,25,6800,0,0,100
body_state_setup,graph_sparse,100,99,25,300,0,0,0
machine_state_setup,graph_sparse,100,99,26,6800,0,0,100
body_state_setup,graph_sparse,100,99,26,400,0,0,0
machine_state_setup,graph_sparse,100,99,27,6800,0,0,100
body_state_setup,graph_sparse,100,99,27,400,0,0,0
machine_state_setup,graph_sparse,100,99,28,6800,0,0,100
body_state_setup,graph_sparse,100,99,28,400,0,0,0
machine_state_setup,graph_sparse,100,99,29,6900,0,0,100
body_state_setup,graph_sparse,100,99,29,400,0,0,0
machine_state_setup,graph_sparse,100,99,30,6800,0,0,100
body_state_setup,graph_sparse,100,99,30,400,0,0,0
machine_state_setup,graph_sparse,100,99,31,6800,0,0,100
body_state_setup,graph_sparse,100,99,31,400,0,0,0
machine_state_setup,graph_sparse,100,99,32,6700,0,0,100
body_state_setup,graph_sparse,100,99,32,400,0,0,0
machine_state_setup,graph_sparse,100,99,33,6700,0,0,100
body_state_setup,graph_sparse,100,99,33,500,0,0,0
machine_state_setup,graph_sparse,100,99,34,6700,0,0,100
body_state_setup,graph_sparse,100,99,34,900,0,0,0
machine_state_setup,graph_sparse,100,99,35,6600,0,0,100
body_state_setup,graph_sparse,100,99,35,800,0,0,0
machine_state_setup,graph_sparse,100,99,36,6200,0,0,100
body_state_setup,graph_sparse,100,99,36,400,0,0,0
machine_state_setup,graph_sparse,100,99,37,6100,0,0,100
body_state_setup,graph_sparse,100,99,37,400,0,0,0
machine_state_setup,graph_sparse,100,99,38,6000,0,0,100
body_state_setup,graph_sparse,100,99,38,400,0,0,0
machine_state_setup,graph_sparse,100,99,39,6800,0,0,100
body_state_setup,graph_sparse,100,99,39,400,0,0,0
fixture_generation,graph_chain,1000,999,0,66000,0,0,5000
fixture_generation,graph_chain,1000,999,1,65200,0,0,5000
fixture_generation,graph_chain,1000,999,2,66300,0,0,5000
fixture_generation,graph_chain,1000,999,3,63400,0,0,5000
fixture_generation,graph_chain,1000,999,4,62700,0,0,5000
fixture_generation,graph_chain,1000,999,5,66200,0,0,5000
fixture_generation,graph_chain,1000,999,6,62600,0,0,5000
fixture_generation,graph_chain,1000,999,7,62700,0,0,5000
fixture_generation,graph_chain,1000,999,8,62800,0,0,5000
fixture_generation,graph_chain,1000,999,9,63300,0,0,5000
fixture_generation,graph_chain,1000,999,10,62900,0,0,5000
fixture_generation,graph_chain,1000,999,11,62800,0,0,5000
fixture_generation,graph_chain,1000,999,12,63000,0,0,5000
fixture_generation,graph_chain,1000,999,13,62700,0,0,5000
fixture_generation,graph_chain,1000,999,14,62500,0,0,5000
fixture_generation,graph_chain,1000,999,15,65500,0,0,5000
fixture_generation,graph_chain,1000,999,16,64000,0,0,5000
fixture_generation,graph_chain,1000,999,17,62400,0,0,5000
fixture_generation,graph_chain,1000,999,18,62300,0,0,5000
fixture_generation,graph_chain,1000,999,19,62500,0,0,5000
plan_build,graph_chain,1000,999,0,1839300,0,0,11
plan_build,graph_chain,1000,999,1,1741400,0,0,11
plan_build,graph_chain,1000,999,2,1677600,0,0,11
plan_build,graph_chain,1000,999,3,1684800,0,0,11
plan_build,graph_chain,1000,999,4,1618800,0,0,11
plan_build,graph_chain,1000,999,5,1619700,0,0,11
plan_build,graph_chain,1000,999,6,1440000,0,0,11
plan_build,graph_chain,1000,999,7,1541800,0,0,11
plan_build,graph_chain,1000,999,8,1592000,0,0,11
plan_build,graph_chain,1000,999,9,1467500,0,0,11
plan_build,graph_chain,1000,999,10,1426600,0,0,11
plan_build,graph_chain,1000,999,11,1524400,0,0,11
plan_build,graph_chain,1000,999,12,1376200,0,0,11
plan_build,graph_chain,1000,999,13,1537200,0,0,11
plan_build,graph_chain,1000,999,14,1581200,0,0,11
plan_build,graph_chain,1000,999,15,1478500,0,0,11
plan_build,graph_chain,1000,999,16,1702600,0,0,11
plan_build,graph_chain,1000,999,17,1464000,0,0,11
plan_build,graph_chain,1000,999,18,1593900,0,0,11
plan_build,graph_chain,1000,999,19,1579500,0,0,11
plan_build_alloc,graph_chain,1000,999,0,0,12096,2527259,11
engine_execution,graph_chain,1000,999,0,10906200,0,0,1
engine_execution,graph_chain,1000,999,1,10814100,0,0,0
engine_execution,graph_chain,1000,999,2,10813600,0,0,3
engine_execution,graph_chain,1000,999,3,10706200,0,0,2
engine_execution,graph_chain,1000,999,4,10672000,0,0,5
engine_execution,graph_chain,1000,999,5,10825200,0,0,4
engine_execution,graph_chain,1000,999,6,11084300,0,0,7
engine_execution,graph_chain,1000,999,7,11053300,0,0,6
engine_execution,graph_chain,1000,999,8,10769400,0,0,9
engine_execution,graph_chain,1000,999,9,10829000,0,0,8
engine_execution,graph_chain,1000,999,10,10702800,0,0,11
engine_execution,graph_chain,1000,999,11,10773000,0,0,10
engine_execution,graph_chain,1000,999,12,10904500,0,0,13
engine_execution,graph_chain,1000,999,13,10699200,0,0,12
engine_execution,graph_chain,1000,999,14,10624400,0,0,15
engine_execution,graph_chain,1000,999,15,10678800,0,0,14
engine_execution,graph_chain,1000,999,16,10675900,0,0,17
engine_execution,graph_chain,1000,999,17,10655400,0,0,16
engine_execution,graph_chain,1000,999,18,10806000,0,0,19
engine_execution,graph_chain,1000,999,19,10698900,0,0,18
engine_execution,graph_chain,1000,999,20,10660300,0,0,21
engine_execution,graph_chain,1000,999,21,10725000,0,0,20
engine_execution,graph_chain,1000,999,22,10659000,0,0,23
engine_execution,graph_chain,1000,999,23,10727700,0,0,22
engine_execution,graph_chain,1000,999,24,10715700,0,0,25
engine_execution,graph_chain,1000,999,25,10720600,0,0,24
engine_execution,graph_chain,1000,999,26,10801500,0,0,27
engine_execution,graph_chain,1000,999,27,10711700,0,0,26
engine_execution,graph_chain,1000,999,28,10959400,0,0,29
engine_execution,graph_chain,1000,999,29,10667000,0,0,28
engine_execution,graph_chain,1000,999,30,10585800,0,0,31
engine_execution,graph_chain,1000,999,31,10578700,0,0,30
engine_execution,graph_chain,1000,999,32,10682000,0,0,33
engine_execution,graph_chain,1000,999,33,10698600,0,0,32
engine_execution,graph_chain,1000,999,34,10763800,0,0,35
engine_execution,graph_chain,1000,999,35,10682000,0,0,34
engine_execution,graph_chain,1000,999,36,10600600,0,0,37
engine_execution,graph_chain,1000,999,37,10731200,0,0,36
engine_execution,graph_chain,1000,999,38,10700200,0,0,39
engine_execution,graph_chain,1000,999,39,10724400,0,0,38
engine_execution_alloc,graph_chain,1000,999,0,0,52066,19479112,23131
machine_state_setup,graph_chain,1000,999,0,271100,0,0,1000
body_state_setup,graph_chain,1000,999,0,12300,0,0,0
machine_state_setup,graph_chain,1000,999,1,78100,0,0,1000
body_state_setup,graph_chain,1000,999,1,11300,0,0,0
machine_state_setup,graph_chain,1000,999,2,234900,0,0,1000
body_state_setup,graph_chain,1000,999,2,900,0,0,0
machine_state_setup,graph_chain,1000,999,3,60000,0,0,1000
body_state_setup,graph_chain,1000,999,3,900,0,0,0
machine_state_setup,graph_chain,1000,999,4,63100,0,0,1000
body_state_setup,graph_chain,1000,999,4,800,0,0,0
machine_state_setup,graph_chain,1000,999,5,58200,0,0,1000
body_state_setup,graph_chain,1000,999,5,700,0,0,0
machine_state_setup,graph_chain,1000,999,6,73700,0,0,1000
body_state_setup,graph_chain,1000,999,6,4200,0,0,0
machine_state_setup,graph_chain,1000,999,7,228700,0,0,1000
body_state_setup,graph_chain,1000,999,7,800,0,0,0
machine_state_setup,graph_chain,1000,999,8,74000,0,0,1000
body_state_setup,graph_chain,1000,999,8,10000,0,0,0
machine_state_setup,graph_chain,1000,999,9,270800,0,0,1000
body_state_setup,graph_chain,1000,999,9,800,0,0,0
machine_state_setup,graph_chain,1000,999,10,58500,0,0,1000
body_state_setup,graph_chain,1000,999,10,700,0,0,0
machine_state_setup,graph_chain,1000,999,11,62400,0,0,1000
body_state_setup,graph_chain,1000,999,11,700,0,0,0
machine_state_setup,graph_chain,1000,999,12,62800,0,0,1000
body_state_setup,graph_chain,1000,999,12,700,0,0,0
machine_state_setup,graph_chain,1000,999,13,75200,0,0,1000
body_state_setup,graph_chain,1000,999,13,11600,0,0,0
machine_state_setup,graph_chain,1000,999,14,271500,0,0,1000
body_state_setup,graph_chain,1000,999,14,1100,0,0,0
machine_state_setup,graph_chain,1000,999,15,58300,0,0,1000
body_state_setup,graph_chain,1000,999,15,700,0,0,0
machine_state_setup,graph_chain,1000,999,16,58300,0,0,1000
body_state_setup,graph_chain,1000,999,16,700,0,0,0
machine_state_setup,graph_chain,1000,999,17,58300,0,0,1000
body_state_setup,graph_chain,1000,999,17,700,0,0,0
machine_state_setup,graph_chain,1000,999,18,73200,0,0,1000
body_state_setup,graph_chain,1000,999,18,4400,0,0,0
machine_state_setup,graph_chain,1000,999,19,126400,0,0,1000
body_state_setup,graph_chain,1000,999,19,700,0,0,0
machine_state_setup,graph_chain,1000,999,20,58000,0,0,1000
body_state_setup,graph_chain,1000,999,20,700,0,0,0
machine_state_setup,graph_chain,1000,999,21,57900,0,0,1000
body_state_setup,graph_chain,1000,999,21,700,0,0,0
machine_state_setup,graph_chain,1000,999,22,58500,0,0,1000
body_state_setup,graph_chain,1000,999,22,700,0,0,0
machine_state_setup,graph_chain,1000,999,23,72600,0,0,1000
body_state_setup,graph_chain,1000,999,23,3800,0,0,0
machine_state_setup,graph_chain,1000,999,24,125000,0,0,1000
body_state_setup,graph_chain,1000,999,24,900,0,0,0
machine_state_setup,graph_chain,1000,999,25,72600,0,0,1000
body_state_setup,graph_chain,1000,999,25,3700,0,0,0
machine_state_setup,graph_chain,1000,999,26,167300,0,0,1000
body_state_setup,graph_chain,1000,999,26,700,0,0,0
machine_state_setup,graph_chain,1000,999,27,59100,0,0,1000
body_state_setup,graph_chain,1000,999,27,800,0,0,0
machine_state_setup,graph_chain,1000,999,28,58200,0,0,1000
body_state_setup,graph_chain,1000,999,28,700,0,0,0
machine_state_setup,graph_chain,1000,999,29,57900,0,0,1000
body_state_setup,graph_chain,1000,999,29,700,0,0,0
machine_state_setup,graph_chain,1000,999,30,72300,0,0,1000
body_state_setup,graph_chain,1000,999,30,5300,0,0,0
machine_state_setup,graph_chain,1000,999,31,120700,0,0,1000
body_state_setup,graph_chain,1000,999,31,800,0,0,0
machine_state_setup,graph_chain,1000,999,32,58100,0,0,1000
body_state_setup,graph_chain,1000,999,32,800,0,0,0
machine_state_setup,graph_chain,1000,999,33,58100,0,0,1000
body_state_setup,graph_chain,1000,999,33,700,0,0,0
machine_state_setup,graph_chain,1000,999,34,58300,0,0,1000
body_state_setup,graph_chain,1000,999,34,700,0,0,0
machine_state_setup,graph_chain,1000,999,35,70500,0,0,1000
body_state_setup,graph_chain,1000,999,35,3700,0,0,0
machine_state_setup,graph_chain,1000,999,36,113300,0,0,1000
body_state_setup,graph_chain,1000,999,36,800,0,0,0
machine_state_setup,graph_chain,1000,999,37,58000,0,0,1000
body_state_setup,graph_chain,1000,999,37,700,0,0,0
machine_state_setup,graph_chain,1000,999,38,58300,0,0,1000
body_state_setup,graph_chain,1000,999,38,700,0,0,0
machine_state_setup,graph_chain,1000,999,39,58100,0,0,1000
body_state_setup,graph_chain,1000,999,39,700,0,0,0
pure_machine_events_preseeded,graph_chain,1000,999,0,5287500,0,0,1001
pure_machine_events_preseeded,graph_chain,1000,999,1,5280400,0,0,1001
pure_machine_events_preseeded,graph_chain,1000,999,2,5279500,0,0,1001
pure_machine_events_preseeded,graph_chain,1000,999,3,5283400,0,0,1001
pure_machine_events_preseeded,graph_chain,1000,999,4,5278000,0,0,1001
pure_machine_events_preseeded,graph_chain,1000,999,5,5268300,0,0,1001
pure_machine_events_preseeded,graph_chain,1000,999,6,5275200,0,0,1001
pure_machine_events_preseeded,graph_chain,1000,999,7,5371000,0,0,1001
pure_machine_events_preseeded,graph_chain,1000,999,8,5365600,0,0,1001
pure_machine_events_preseeded,graph_chain,1000,999,9,5378900,0,0,1001
pure_machine_events_preseeded,graph_chain,1000,999,10,5368000,0,0,1001
pure_machine_events_preseeded,graph_chain,1000,999,11,5364000,0,0,1001
pure_machine_events_preseeded,graph_chain,1000,999,12,5366300,0,0,1001
pure_machine_events_preseeded,graph_chain,1000,999,13,5370100,0,0,1001
pure_machine_events_preseeded,graph_chain,1000,999,14,5375100,0,0,1001
pure_machine_events_preseeded,graph_chain,1000,999,15,5366700,0,0,1001
pure_machine_events_preseeded,graph_chain,1000,999,16,5371200,0,0,1001
pure_machine_events_preseeded,graph_chain,1000,999,17,5373400,0,0,1001
pure_machine_events_preseeded,graph_chain,1000,999,18,5370600,0,0,1001
pure_machine_events_preseeded,graph_chain,1000,999,19,5364600,0,0,1001
pure_machine_events_preseeded,graph_chain,1000,999,20,5384600,0,0,1001
pure_machine_events_preseeded,graph_chain,1000,999,21,5365600,0,0,1001
pure_machine_events_preseeded,graph_chain,1000,999,22,5369800,0,0,1001
pure_machine_events_preseeded,graph_chain,1000,999,23,5371700,0,0,1001
pure_machine_events_preseeded,graph_chain,1000,999,24,5368300,0,0,1001
pure_machine_events_preseeded,graph_chain,1000,999,25,5365100,0,0,1001
pure_machine_events_preseeded,graph_chain,1000,999,26,5365300,0,0,1001
pure_machine_events_preseeded,graph_chain,1000,999,27,5402000,0,0,1001
pure_machine_events_preseeded,graph_chain,1000,999,28,5362800,0,0,1001
pure_machine_events_preseeded,graph_chain,1000,999,29,5364300,0,0,1001
pure_machine_events_preseeded,graph_chain,1000,999,30,5371100,0,0,1001
pure_machine_events_preseeded,graph_chain,1000,999,31,5373400,0,0,1001
pure_machine_events_preseeded,graph_chain,1000,999,32,5369800,0,0,1001
pure_machine_events_preseeded,graph_chain,1000,999,33,5359500,0,0,1001
pure_machine_events_preseeded,graph_chain,1000,999,34,5363400,0,0,1001
pure_machine_events_preseeded,graph_chain,1000,999,35,5364700,0,0,1001
pure_machine_events_preseeded,graph_chain,1000,999,36,5402000,0,0,1001
pure_machine_events_preseeded,graph_chain,1000,999,37,5467400,0,0,1001
pure_machine_events_preseeded,graph_chain,1000,999,38,5409400,0,0,1001
pure_machine_events_preseeded,graph_chain,1000,999,39,5407600,0,0,1001
fixture_generation,graph_wide,1000,999,0,67500,0,0,5000
fixture_generation,graph_wide,1000,999,1,63000,0,0,5000
fixture_generation,graph_wide,1000,999,2,62600,0,0,5000
fixture_generation,graph_wide,1000,999,3,62900,0,0,5000
fixture_generation,graph_wide,1000,999,4,62700,0,0,5000
fixture_generation,graph_wide,1000,999,5,62600,0,0,5000
fixture_generation,graph_wide,1000,999,6,62500,0,0,5000
fixture_generation,graph_wide,1000,999,7,62700,0,0,5000
fixture_generation,graph_wide,1000,999,8,62500,0,0,5000
fixture_generation,graph_wide,1000,999,9,63000,0,0,5000
fixture_generation,graph_wide,1000,999,10,68000,0,0,5000
fixture_generation,graph_wide,1000,999,11,62900,0,0,5000
fixture_generation,graph_wide,1000,999,12,62400,0,0,5000
fixture_generation,graph_wide,1000,999,13,62500,0,0,5000
fixture_generation,graph_wide,1000,999,14,62300,0,0,5000
fixture_generation,graph_wide,1000,999,15,66000,0,0,5000
fixture_generation,graph_wide,1000,999,16,66300,0,0,5000
fixture_generation,graph_wide,1000,999,17,62800,0,0,5000
fixture_generation,graph_wide,1000,999,18,62700,0,0,5000
fixture_generation,graph_wide,1000,999,19,63400,0,0,5000
plan_build,graph_wide,1000,999,0,1848000,0,0,10
plan_build,graph_wide,1000,999,1,1805100,0,0,10
plan_build,graph_wide,1000,999,2,1750900,0,0,10
plan_build,graph_wide,1000,999,3,1781800,0,0,10
plan_build,graph_wide,1000,999,4,1659100,0,0,10
plan_build,graph_wide,1000,999,5,1781400,0,0,10
plan_build,graph_wide,1000,999,6,1725200,0,0,10
plan_build,graph_wide,1000,999,7,1828100,0,0,10
plan_build,graph_wide,1000,999,8,1637700,0,0,10
plan_build,graph_wide,1000,999,9,1636300,0,0,10
plan_build,graph_wide,1000,999,10,1853100,0,0,10
plan_build,graph_wide,1000,999,11,1891100,0,0,10
plan_build,graph_wide,1000,999,12,1765500,0,0,10
plan_build,graph_wide,1000,999,13,1750400,0,0,10
plan_build,graph_wide,1000,999,14,1711100,0,0,10
plan_build,graph_wide,1000,999,15,1793000,0,0,10
plan_build,graph_wide,1000,999,16,1735700,0,0,10
plan_build,graph_wide,1000,999,17,1720400,0,0,10
plan_build,graph_wide,1000,999,18,1651700,0,0,10
plan_build,graph_wide,1000,999,19,1757600,0,0,10
plan_build_alloc,graph_wide,1000,999,0,0,11106,2511641,10
engine_execution,graph_wide,1000,999,0,7981900,0,0,998
engine_execution,graph_wide,1000,999,1,8524100,0,0,999
engine_execution,graph_wide,1000,999,2,7769900,0,0,996
engine_execution,graph_wide,1000,999,3,7803100,0,0,997
engine_execution,graph_wide,1000,999,4,7817100,0,0,994
engine_execution,graph_wide,1000,999,5,7725100,0,0,995
engine_execution,graph_wide,1000,999,6,7806100,0,0,992
engine_execution,graph_wide,1000,999,7,7807900,0,0,993
engine_execution,graph_wide,1000,999,8,7849600,0,0,1006
engine_execution,graph_wide,1000,999,9,7825100,0,0,1007
engine_execution,graph_wide,1000,999,10,7911100,0,0,1004
engine_execution,graph_wide,1000,999,11,7903500,0,0,1005
engine_execution,graph_wide,1000,999,12,7819600,0,0,1002
engine_execution,graph_wide,1000,999,13,7785400,0,0,1003
engine_execution,graph_wide,1000,999,14,7878100,0,0,1000
engine_execution,graph_wide,1000,999,15,8522700,0,0,1001
engine_execution,graph_wide,1000,999,16,7714600,0,0,1014
engine_execution,graph_wide,1000,999,17,7813800,0,0,1015
engine_execution,graph_wide,1000,999,18,7897100,0,0,1012
engine_execution,graph_wide,1000,999,19,7861500,0,0,1013
engine_execution,graph_wide,1000,999,20,7873000,0,0,1010
engine_execution,graph_wide,1000,999,21,7821900,0,0,1011
engine_execution,graph_wide,1000,999,22,7889800,0,0,1008
engine_execution,graph_wide,1000,999,23,7824100,0,0,1009
engine_execution,graph_wide,1000,999,24,7691000,0,0,1022
engine_execution,graph_wide,1000,999,25,7643000,0,0,1023
engine_execution,graph_wide,1000,999,26,7740200,0,0,1020
engine_execution,graph_wide,1000,999,27,7820800,0,0,1021
engine_execution,graph_wide,1000,999,28,7787400,0,0,1018
engine_execution,graph_wide,1000,999,29,7850200,0,0,1019
engine_execution,graph_wide,1000,999,30,7835000,0,0,1016
engine_execution,graph_wide,1000,999,31,7862500,0,0,1017
engine_execution,graph_wide,1000,999,32,7638800,0,0,966
engine_execution,graph_wide,1000,999,33,7734700,0,0,967
engine_execution,graph_wide,1000,999,34,7882700,0,0,964
engine_execution,graph_wide,1000,999,35,7933300,0,0,965
engine_execution,graph_wide,1000,999,36,8039100,0,0,962
engine_execution,graph_wide,1000,999,37,7668900,0,0,963
engine_execution,graph_wide,1000,999,38,7719100,0,0,960
engine_execution,graph_wide,1000,999,39,7806000,0,0,961
engine_execution_alloc,graph_wide,1000,999,0,0,49161,11818647,22972
machine_state_setup,graph_wide,1000,999,0,141600,0,0,1000
body_state_setup,graph_wide,1000,999,0,5900,0,0,0
machine_state_setup,graph_wide,1000,999,1,68000,0,0,1000
body_state_setup,graph_wide,1000,999,1,800,0,0,0
machine_state_setup,graph_wide,1000,999,2,62400,0,0,1000
body_state_setup,graph_wide,1000,999,2,1000,0,0,0
machine_state_setup,graph_wide,1000,999,3,61800,0,0,1000
body_state_setup,graph_wide,1000,999,3,700,0,0,0
machine_state_setup,graph_wide,1000,999,4,62100,0,0,1000
body_state_setup,graph_wide,1000,999,4,800,0,0,0
machine_state_setup,graph_wide,1000,999,5,80600,0,0,1000
body_state_setup,graph_wide,1000,999,5,5900,0,0,0
machine_state_setup,graph_wide,1000,999,6,138000,0,0,1000
body_state_setup,graph_wide,1000,999,6,700,0,0,0
machine_state_setup,graph_wide,1000,999,7,58400,0,0,1000
body_state_setup,graph_wide,1000,999,7,700,0,0,0
machine_state_setup,graph_wide,1000,999,8,57600,0,0,1000
body_state_setup,graph_wide,1000,999,8,700,0,0,0
machine_state_setup,graph_wide,1000,999,9,56900,0,0,1000
body_state_setup,graph_wide,1000,999,9,700,0,0,0
machine_state_setup,graph_wide,1000,999,10,57500,0,0,1000
body_state_setup,graph_wide,1000,999,10,700,0,0,0
machine_state_setup,graph_wide,1000,999,11,56800,0,0,1000
body_state_setup,graph_wide,1000,999,11,700,0,0,0
machine_state_setup,graph_wide,1000,999,12,57400,0,0,1000
body_state_setup,graph_wide,1000,999,12,700,0,0,0
machine_state_setup,graph_wide,1000,999,13,58100,0,0,1000
body_state_setup,graph_wide,1000,999,13,700,0,0,0
machine_state_setup,graph_wide,1000,999,14,57400,0,0,1000
body_state_setup,graph_wide,1000,999,14,700,0,0,0
machine_state_setup,graph_wide,1000,999,15,56800,0,0,1000
body_state_setup,graph_wide,1000,999,15,700,0,0,0
machine_state_setup,graph_wide,1000,999,16,60200,0,0,1000
body_state_setup,graph_wide,1000,999,16,700,0,0,0
machine_state_setup,graph_wide,1000,999,17,56900,0,0,1000
body_state_setup,graph_wide,1000,999,17,700,0,0,0
machine_state_setup,graph_wide,1000,999,18,74000,0,0,1000
body_state_setup,graph_wide,1000,999,18,5800,0,0,0
machine_state_setup,graph_wide,1000,999,19,138000,0,0,1000
body_state_setup,graph_wide,1000,999,19,700,0,0,0
machine_state_setup,graph_wide,1000,999,20,57400,0,0,1000
body_state_setup,graph_wide,1000,999,20,700,0,0,0
machine_state_setup,graph_wide,1000,999,21,56900,0,0,1000
body_state_setup,graph_wide,1000,999,21,700,0,0,0
machine_state_setup,graph_wide,1000,999,22,57100,0,0,1000
body_state_setup,graph_wide,1000,999,22,700,0,0,0
machine_state_setup,graph_wide,1000,999,23,56900,0,0,1000
body_state_setup,graph_wide,1000,999,23,700,0,0,0
machine_state_setup,graph_wide,1000,999,24,57200,0,0,1000
body_state_setup,graph_wide,1000,999,24,800,0,0,0
machine_state_setup,graph_wide,1000,999,25,58300,0,0,1000
body_state_setup,graph_wide,1000,999,25,600,0,0,0
machine_state_setup,graph_wide,1000,999,26,57200,0,0,1000
body_state_setup,graph_wide,1000,999,26,700,0,0,0
machine_state_setup,graph_wide,1000,999,27,56800,0,0,1000
body_state_setup,graph_wide,1000,999,27,700,0,0,0
machine_state_setup,graph_wide,1000,999,28,57500,0,0,1000
body_state_setup,graph_wide,1000,999,28,700,0,0,0
machine_state_setup,graph_wide,1000,999,29,57000,0,0,1000
body_state_setup,graph_wide,1000,999,29,600,0,0,0
machine_state_setup,graph_wide,1000,999,30,57800,0,0,1000
body_state_setup,graph_wide,1000,999,30,700,0,0,0
machine_state_setup,graph_wide,1000,999,31,90900,0,0,1000
body_state_setup,graph_wide,1000,999,31,5700,0,0,0
machine_state_setup,graph_wide,1000,999,32,136700,0,0,1000
body_state_setup,graph_wide,1000,999,32,800,0,0,0
machine_state_setup,graph_wide,1000,999,33,57100,0,0,1000
body_state_setup,graph_wide,1000,999,33,700,0,0,0
machine_state_setup,graph_wide,1000,999,34,57400,0,0,1000
body_state_setup,graph_wide,1000,999,34,700,0,0,0
machine_state_setup,graph_wide,1000,999,35,56800,0,0,1000
body_state_setup,graph_wide,1000,999,35,700,0,0,0
machine_state_setup,graph_wide,1000,999,36,57700,0,0,1000
body_state_setup,graph_wide,1000,999,36,700,0,0,0
machine_state_setup,graph_wide,1000,999,37,58500,0,0,1000
body_state_setup,graph_wide,1000,999,37,700,0,0,0
machine_state_setup,graph_wide,1000,999,38,57200,0,0,1000
body_state_setup,graph_wide,1000,999,38,700,0,0,0
machine_state_setup,graph_wide,1000,999,39,56700,0,0,1000
body_state_setup,graph_wide,1000,999,39,600,0,0,0
fixture_generation,graph_sparse,1000,999,0,67100,0,0,5000
fixture_generation,graph_sparse,1000,999,1,63000,0,0,5000
fixture_generation,graph_sparse,1000,999,2,62700,0,0,5000
fixture_generation,graph_sparse,1000,999,3,62600,0,0,5000
fixture_generation,graph_sparse,1000,999,4,63600,0,0,5000
fixture_generation,graph_sparse,1000,999,5,63600,0,0,5000
fixture_generation,graph_sparse,1000,999,6,62500,0,0,5000
fixture_generation,graph_sparse,1000,999,7,62300,0,0,5000
fixture_generation,graph_sparse,1000,999,8,62600,0,0,5000
fixture_generation,graph_sparse,1000,999,9,62500,0,0,5000
fixture_generation,graph_sparse,1000,999,10,62700,0,0,5000
fixture_generation,graph_sparse,1000,999,11,62700,0,0,5000
fixture_generation,graph_sparse,1000,999,12,62800,0,0,5000
fixture_generation,graph_sparse,1000,999,13,63100,0,0,5000
fixture_generation,graph_sparse,1000,999,14,62600,0,0,5000
fixture_generation,graph_sparse,1000,999,15,62500,0,0,5000
fixture_generation,graph_sparse,1000,999,16,65100,0,0,5000
fixture_generation,graph_sparse,1000,999,17,62600,0,0,5000
fixture_generation,graph_sparse,1000,999,18,62600,0,0,5000
fixture_generation,graph_sparse,1000,999,19,62500,0,0,5000
plan_build,graph_sparse,1000,999,0,2054100,0,0,12
plan_build,graph_sparse,1000,999,1,1722600,0,0,12
plan_build,graph_sparse,1000,999,2,1854600,0,0,12
plan_build,graph_sparse,1000,999,3,1620800,0,0,12
plan_build,graph_sparse,1000,999,4,1333200,0,0,12
plan_build,graph_sparse,1000,999,5,1646100,0,0,12
plan_build,graph_sparse,1000,999,6,1290600,0,0,12
plan_build,graph_sparse,1000,999,7,1612200,0,0,12
plan_build,graph_sparse,1000,999,8,1657700,0,0,12
plan_build,graph_sparse,1000,999,9,1605700,0,0,12
plan_build,graph_sparse,1000,999,10,1593900,0,0,12
plan_build,graph_sparse,1000,999,11,1654900,0,0,12
plan_build,graph_sparse,1000,999,12,1179100,0,0,12
plan_build,graph_sparse,1000,999,13,1675500,0,0,12
plan_build,graph_sparse,1000,999,14,1321800,0,0,12
plan_build,graph_sparse,1000,999,15,1729300,0,0,12
plan_build,graph_sparse,1000,999,16,1407100,0,0,12
plan_build,graph_sparse,1000,999,17,1835500,0,0,12
plan_build,graph_sparse,1000,999,18,1785500,0,0,12
plan_build,graph_sparse,1000,999,19,1766700,0,0,12
plan_build_alloc,graph_sparse,1000,999,0,0,11597,2511293,12
engine_execution,graph_sparse,1000,999,0,8899700,0,0,697
engine_execution,graph_sparse,1000,999,1,9559300,0,0,696
engine_execution,graph_sparse,1000,999,2,8853900,0,0,699
engine_execution,graph_sparse,1000,999,3,9077400,0,0,698
engine_execution,graph_sparse,1000,999,4,8903200,0,0,701
engine_execution,graph_sparse,1000,999,5,8910600,0,0,700
engine_execution,graph_sparse,1000,999,6,8958700,0,0,703
engine_execution,graph_sparse,1000,999,7,9012800,0,0,702
engine_execution,graph_sparse,1000,999,8,9012600,0,0,689
engine_execution,graph_sparse,1000,999,9,9388100,0,0,688
engine_execution,graph_sparse,1000,999,10,9347700,0,0,691
engine_execution,graph_sparse,1000,999,11,9199900,0,0,690
engine_execution,graph_sparse,1000,999,12,8939800,0,0,693
engine_execution,graph_sparse,1000,999,13,8783900,0,0,692
engine_execution,graph_sparse,1000,999,14,8837700,0,0,695
engine_execution,graph_sparse,1000,999,15,8906100,0,0,694
engine_execution,graph_sparse,1000,999,16,8900100,0,0,681
engine_execution,graph_sparse,1000,999,17,8884000,0,0,680
engine_execution,graph_sparse,1000,999,18,8764100,0,0,683
engine_execution,graph_sparse,1000,999,19,8958900,0,0,682
engine_execution,graph_sparse,1000,999,20,8915800,0,0,685
engine_execution,graph_sparse,1000,999,21,8514600,0,0,684
engine_execution,graph_sparse,1000,999,22,8937100,0,0,687
engine_execution,graph_sparse,1000,999,23,8950600,0,0,686
engine_execution,graph_sparse,1000,999,24,8483700,0,0,673
engine_execution,graph_sparse,1000,999,25,8952700,0,0,672
engine_execution,graph_sparse,1000,999,26,8502700,0,0,675
engine_execution,graph_sparse,1000,999,27,8924500,0,0,674
engine_execution,graph_sparse,1000,999,28,8997300,0,0,677
engine_execution,graph_sparse,1000,999,29,8516500,0,0,676
engine_execution,graph_sparse,1000,999,30,8839700,0,0,679
engine_execution,graph_sparse,1000,999,31,8319900,0,0,678
engine_execution,graph_sparse,1000,999,32,8451200,0,0,665
engine_execution,graph_sparse,1000,999,33,8852500,0,0,664
engine_execution,graph_sparse,1000,999,34,8539900,0,0,667
engine_execution,graph_sparse,1000,999,35,9002600,0,0,666
engine_execution,graph_sparse,1000,999,36,8476300,0,0,669
engine_execution,graph_sparse,1000,999,37,9607200,0,0,668
engine_execution,graph_sparse,1000,999,38,8900600,0,0,671
engine_execution,graph_sparse,1000,999,39,8436100,0,0,670
engine_execution_alloc,graph_sparse,1000,999,0,0,51106,15733289,22755
machine_state_setup,graph_sparse,1000,999,0,62400,0,0,1000
body_state_setup,graph_sparse,1000,999,0,1200,0,0,0
machine_state_setup,graph_sparse,1000,999,1,58400,0,0,1000
body_state_setup,graph_sparse,1000,999,1,800,0,0,0
machine_state_setup,graph_sparse,1000,999,2,57200,0,0,1000
body_state_setup,graph_sparse,1000,999,2,700,0,0,0
machine_state_setup,graph_sparse,1000,999,3,61700,0,0,1000
body_state_setup,graph_sparse,1000,999,3,800,0,0,0
machine_state_setup,graph_sparse,1000,999,4,61700,0,0,1000
body_state_setup,graph_sparse,1000,999,4,700,0,0,0
machine_state_setup,graph_sparse,1000,999,5,61900,0,0,1000
body_state_setup,graph_sparse,1000,999,5,700,0,0,0
machine_state_setup,graph_sparse,1000,999,6,61700,0,0,1000
body_state_setup,graph_sparse,1000,999,6,900,0,0,0
machine_state_setup,graph_sparse,1000,999,7,59000,0,0,1000
body_state_setup,graph_sparse,1000,999,7,700,0,0,0
machine_state_setup,graph_sparse,1000,999,8,57000,0,0,1000
body_state_setup,graph_sparse,1000,999,8,800,0,0,0
machine_state_setup,graph_sparse,1000,999,9,56800,0,0,1000
body_state_setup,graph_sparse,1000,999,9,800,0,0,0
machine_state_setup,graph_sparse,1000,999,10,57000,0,0,1000
body_state_setup,graph_sparse,1000,999,10,700,0,0,0
machine_state_setup,graph_sparse,1000,999,11,57100,0,0,1000
body_state_setup,graph_sparse,1000,999,11,700,0,0,0
machine_state_setup,graph_sparse,1000,999,12,57000,0,0,1000
body_state_setup,graph_sparse,1000,999,12,800,0,0,0
machine_state_setup,graph_sparse,1000,999,13,57400,0,0,1000
body_state_setup,graph_sparse,1000,999,13,700,0,0,0
machine_state_setup,graph_sparse,1000,999,14,61300,0,0,1000
body_state_setup,graph_sparse,1000,999,14,800,0,0,0
machine_state_setup,graph_sparse,1000,999,15,57100,0,0,1000
body_state_setup,graph_sparse,1000,999,15,700,0,0,0
machine_state_setup,graph_sparse,1000,999,16,57200,0,0,1000
body_state_setup,graph_sparse,1000,999,16,700,0,0,0
machine_state_setup,graph_sparse,1000,999,17,57000,0,0,1000
body_state_setup,graph_sparse,1000,999,17,600,0,0,0
machine_state_setup,graph_sparse,1000,999,18,57300,0,0,1000
body_state_setup,graph_sparse,1000,999,18,800,0,0,0
machine_state_setup,graph_sparse,1000,999,19,57600,0,0,1000
body_state_setup,graph_sparse,1000,999,19,700,0,0,0
machine_state_setup,graph_sparse,1000,999,20,57500,0,0,1000
body_state_setup,graph_sparse,1000,999,20,700,0,0,0
machine_state_setup,graph_sparse,1000,999,21,57300,0,0,1000
body_state_setup,graph_sparse,1000,999,21,800,0,0,0
machine_state_setup,graph_sparse,1000,999,22,57200,0,0,1000
body_state_setup,graph_sparse,1000,999,22,700,0,0,0
machine_state_setup,graph_sparse,1000,999,23,56900,0,0,1000
body_state_setup,graph_sparse,1000,999,23,1000,0,0,0
machine_state_setup,graph_sparse,1000,999,24,57200,0,0,1000
body_state_setup,graph_sparse,1000,999,24,700,0,0,0
machine_state_setup,graph_sparse,1000,999,25,57600,0,0,1000
body_state_setup,graph_sparse,1000,999,25,700,0,0,0
machine_state_setup,graph_sparse,1000,999,26,56800,0,0,1000
body_state_setup,graph_sparse,1000,999,26,700,0,0,0
machine_state_setup,graph_sparse,1000,999,27,56800,0,0,1000
body_state_setup,graph_sparse,1000,999,27,600,0,0,0
machine_state_setup,graph_sparse,1000,999,28,57200,0,0,1000
body_state_setup,graph_sparse,1000,999,28,700,0,0,0
machine_state_setup,graph_sparse,1000,999,29,57200,0,0,1000
body_state_setup,graph_sparse,1000,999,29,600,0,0,0
machine_state_setup,graph_sparse,1000,999,30,57200,0,0,1000
body_state_setup,graph_sparse,1000,999,30,700,0,0,0
machine_state_setup,graph_sparse,1000,999,31,64800,0,0,1000
body_state_setup,graph_sparse,1000,999,31,800,0,0,0
machine_state_setup,graph_sparse,1000,999,32,57100,0,0,1000
body_state_setup,graph_sparse,1000,999,32,800,0,0,0
machine_state_setup,graph_sparse,1000,999,33,57100,0,0,1000
body_state_setup,graph_sparse,1000,999,33,700,0,0,0
machine_state_setup,graph_sparse,1000,999,34,57700,0,0,1000
body_state_setup,graph_sparse,1000,999,34,700,0,0,0
machine_state_setup,graph_sparse,1000,999,35,57000,0,0,1000
body_state_setup,graph_sparse,1000,999,35,700,0,0,0
machine_state_setup,graph_sparse,1000,999,36,56900,0,0,1000
body_state_setup,graph_sparse,1000,999,36,700,0,0,0
machine_state_setup,graph_sparse,1000,999,37,57400,0,0,1000
body_state_setup,graph_sparse,1000,999,37,700,0,0,0
machine_state_setup,graph_sparse,1000,999,38,57200,0,0,1000
body_state_setup,graph_sparse,1000,999,38,700,0,0,0
machine_state_setup,graph_sparse,1000,999,39,57000,0,0,1000
body_state_setup,graph_sparse,1000,999,39,93200,0,0,0
fixture_generation,tiny_yield_chain,1,0,0,900,0,0,5
fixture_generation,tiny_yield_chain,1,0,1,400,0,0,5
fixture_generation,tiny_yield_chain,1,0,2,600,0,0,5
fixture_generation,tiny_yield_chain,1,0,3,200,0,0,5
fixture_generation,tiny_yield_chain,1,0,4,200,0,0,5
fixture_generation,tiny_yield_chain,1,0,5,100,0,0,5
fixture_generation,tiny_yield_chain,1,0,6,100,0,0,5
fixture_generation,tiny_yield_chain,1,0,7,100,0,0,5
fixture_generation,tiny_yield_chain,1,0,8,200,0,0,5
fixture_generation,tiny_yield_chain,1,0,9,100,0,0,5
fixture_generation,tiny_yield_chain,1,0,10,300,0,0,5
fixture_generation,tiny_yield_chain,1,0,11,100,0,0,5
fixture_generation,tiny_yield_chain,1,0,12,100,0,0,5
fixture_generation,tiny_yield_chain,1,0,13,100,0,0,5
fixture_generation,tiny_yield_chain,1,0,14,200,0,0,5
fixture_generation,tiny_yield_chain,1,0,15,100,0,0,5
fixture_generation,tiny_yield_chain,1,0,16,100,0,0,5
fixture_generation,tiny_yield_chain,1,0,17,200,0,0,5
fixture_generation,tiny_yield_chain,1,0,18,100,0,0,5
fixture_generation,tiny_yield_chain,1,0,19,100,0,0,5
plan_build,tiny_yield_chain,1,0,0,18900,0,0,11
plan_build,tiny_yield_chain,1,0,1,2700,0,0,11
plan_build,tiny_yield_chain,1,0,2,1900,0,0,11
plan_build,tiny_yield_chain,1,0,3,1400,0,0,11
plan_build,tiny_yield_chain,1,0,4,1600,0,0,11
plan_build,tiny_yield_chain,1,0,5,1400,0,0,11
plan_build,tiny_yield_chain,1,0,6,1600,0,0,11
plan_build,tiny_yield_chain,1,0,7,1300,0,0,11
plan_build,tiny_yield_chain,1,0,8,1400,0,0,11
plan_build,tiny_yield_chain,1,0,9,1300,0,0,11
plan_build,tiny_yield_chain,1,0,10,1300,0,0,11
plan_build,tiny_yield_chain,1,0,11,1400,0,0,11
plan_build,tiny_yield_chain,1,0,12,1300,0,0,11
plan_build,tiny_yield_chain,1,0,13,1400,0,0,11
plan_build,tiny_yield_chain,1,0,14,1800,0,0,11
plan_build,tiny_yield_chain,1,0,15,1300,0,0,11
plan_build,tiny_yield_chain,1,0,16,1600,0,0,11
plan_build,tiny_yield_chain,1,0,17,1600,0,0,11
plan_build,tiny_yield_chain,1,0,18,1600,0,0,11
plan_build,tiny_yield_chain,1,0,19,1200,0,0,11
plan_build_alloc,tiny_yield_chain,1,0,0,0,36,6722,11
engine_execution,tiny_yield_chain,1,0,0,5300,0,0,1
engine_execution,tiny_yield_chain,1,0,1,9500,0,0,0
engine_execution,tiny_yield_chain,1,0,2,5200,0,0,3
engine_execution,tiny_yield_chain,1,0,3,5100,0,0,2
engine_execution,tiny_yield_chain,1,0,4,5100,0,0,5
engine_execution,tiny_yield_chain,1,0,5,5200,0,0,4
engine_execution,tiny_yield_chain,1,0,6,5000,0,0,7
engine_execution,tiny_yield_chain,1,0,7,5100,0,0,6
engine_execution,tiny_yield_chain,1,0,8,5200,0,0,9
engine_execution,tiny_yield_chain,1,0,9,5100,0,0,8
engine_execution,tiny_yield_chain,1,0,10,5100,0,0,11
engine_execution,tiny_yield_chain,1,0,11,5100,0,0,10
engine_execution,tiny_yield_chain,1,0,12,5100,0,0,13
engine_execution,tiny_yield_chain,1,0,13,5100,0,0,12
engine_execution,tiny_yield_chain,1,0,14,5100,0,0,15
engine_execution,tiny_yield_chain,1,0,15,5200,0,0,14
engine_execution,tiny_yield_chain,1,0,16,5000,0,0,17
engine_execution,tiny_yield_chain,1,0,17,5100,0,0,16
engine_execution,tiny_yield_chain,1,0,18,5000,0,0,19
engine_execution,tiny_yield_chain,1,0,19,5100,0,0,18
engine_execution,tiny_yield_chain,1,0,20,5100,0,0,21
engine_execution,tiny_yield_chain,1,0,21,5000,0,0,20
engine_execution,tiny_yield_chain,1,0,22,5200,0,0,23
engine_execution,tiny_yield_chain,1,0,23,5100,0,0,22
engine_execution,tiny_yield_chain,1,0,24,5100,0,0,25
engine_execution,tiny_yield_chain,1,0,25,5100,0,0,24
engine_execution,tiny_yield_chain,1,0,26,5100,0,0,27
engine_execution,tiny_yield_chain,1,0,27,5100,0,0,26
engine_execution,tiny_yield_chain,1,0,28,5100,0,0,29
engine_execution,tiny_yield_chain,1,0,29,5100,0,0,28
engine_execution,tiny_yield_chain,1,0,30,5200,0,0,31
engine_execution,tiny_yield_chain,1,0,31,5000,0,0,30
engine_execution,tiny_yield_chain,1,0,32,5100,0,0,33
engine_execution,tiny_yield_chain,1,0,33,5000,0,0,32
engine_execution,tiny_yield_chain,1,0,34,5100,0,0,35
engine_execution,tiny_yield_chain,1,0,35,5100,0,0,34
engine_execution,tiny_yield_chain,1,0,36,5100,0,0,37
engine_execution,tiny_yield_chain,1,0,37,5000,0,0,36
engine_execution,tiny_yield_chain,1,0,38,5100,0,0,39
engine_execution,tiny_yield_chain,1,0,39,5000,0,0,38
engine_execution_alloc,tiny_yield_chain,1,0,0,0,99,11356,23131
machine_state_setup,tiny_yield_chain,1,0,0,400,0,0,1
body_state_setup,tiny_yield_chain,1,0,0,300,0,0,0
machine_state_setup,tiny_yield_chain,1,0,1,200,0,0,1
body_state_setup,tiny_yield_chain,1,0,1,200,0,0,0
machine_state_setup,tiny_yield_chain,1,0,2,200,0,0,1
body_state_setup,tiny_yield_chain,1,0,2,300,0,0,0
machine_state_setup,tiny_yield_chain,1,0,3,200,0,0,1
body_state_setup,tiny_yield_chain,1,0,3,200,0,0,0
machine_state_setup,tiny_yield_chain,1,0,4,200,0,0,1
body_state_setup,tiny_yield_chain,1,0,4,200,0,0,0
machine_state_setup,tiny_yield_chain,1,0,5,200,0,0,1
body_state_setup,tiny_yield_chain,1,0,5,300,0,0,0
machine_state_setup,tiny_yield_chain,1,0,6,200,0,0,1
body_state_setup,tiny_yield_chain,1,0,6,200,0,0,0
machine_state_setup,tiny_yield_chain,1,0,7,200,0,0,1
body_state_setup,tiny_yield_chain,1,0,7,300,0,0,0
machine_state_setup,tiny_yield_chain,1,0,8,200,0,0,1
body_state_setup,tiny_yield_chain,1,0,8,300,0,0,0
machine_state_setup,tiny_yield_chain,1,0,9,200,0,0,1
body_state_setup,tiny_yield_chain,1,0,9,200,0,0,0
machine_state_setup,tiny_yield_chain,1,0,10,200,0,0,1
body_state_setup,tiny_yield_chain,1,0,10,200,0,0,0
machine_state_setup,tiny_yield_chain,1,0,11,300,0,0,1
body_state_setup,tiny_yield_chain,1,0,11,200,0,0,0
machine_state_setup,tiny_yield_chain,1,0,12,200,0,0,1
body_state_setup,tiny_yield_chain,1,0,12,200,0,0,0
machine_state_setup,tiny_yield_chain,1,0,13,200,0,0,1
body_state_setup,tiny_yield_chain,1,0,13,300,0,0,0
machine_state_setup,tiny_yield_chain,1,0,14,200,0,0,1
body_state_setup,tiny_yield_chain,1,0,14,300,0,0,0
machine_state_setup,tiny_yield_chain,1,0,15,200,0,0,1
body_state_setup,tiny_yield_chain,1,0,15,200,0,0,0
machine_state_setup,tiny_yield_chain,1,0,16,200,0,0,1
body_state_setup,tiny_yield_chain,1,0,16,200,0,0,0
machine_state_setup,tiny_yield_chain,1,0,17,200,0,0,1
body_state_setup,tiny_yield_chain,1,0,17,200,0,0,0
machine_state_setup,tiny_yield_chain,1,0,18,300,0,0,1
body_state_setup,tiny_yield_chain,1,0,18,200,0,0,0
machine_state_setup,tiny_yield_chain,1,0,19,200,0,0,1
body_state_setup,tiny_yield_chain,1,0,19,200,0,0,0
machine_state_setup,tiny_yield_chain,1,0,20,200,0,0,1
body_state_setup,tiny_yield_chain,1,0,20,200,0,0,0
machine_state_setup,tiny_yield_chain,1,0,21,200,0,0,1
body_state_setup,tiny_yield_chain,1,0,21,300,0,0,0
machine_state_setup,tiny_yield_chain,1,0,22,300,0,0,1
body_state_setup,tiny_yield_chain,1,0,22,200,0,0,0
machine_state_setup,tiny_yield_chain,1,0,23,200,0,0,1
body_state_setup,tiny_yield_chain,1,0,23,300,0,0,0
machine_state_setup,tiny_yield_chain,1,0,24,200,0,0,1
body_state_setup,tiny_yield_chain,1,0,24,200,0,0,0
machine_state_setup,tiny_yield_chain,1,0,25,300,0,0,1
body_state_setup,tiny_yield_chain,1,0,25,200,0,0,0
machine_state_setup,tiny_yield_chain,1,0,26,200,0,0,1
body_state_setup,tiny_yield_chain,1,0,26,200,0,0,0
machine_state_setup,tiny_yield_chain,1,0,27,200,0,0,1
body_state_setup,tiny_yield_chain,1,0,27,300,0,0,0
machine_state_setup,tiny_yield_chain,1,0,28,200,0,0,1
body_state_setup,tiny_yield_chain,1,0,28,200,0,0,0
machine_state_setup,tiny_yield_chain,1,0,29,200,0,0,1
body_state_setup,tiny_yield_chain,1,0,29,300,0,0,0
machine_state_setup,tiny_yield_chain,1,0,30,200,0,0,1
body_state_setup,tiny_yield_chain,1,0,30,300,0,0,0
machine_state_setup,tiny_yield_chain,1,0,31,300,0,0,1
body_state_setup,tiny_yield_chain,1,0,31,200,0,0,0
machine_state_setup,tiny_yield_chain,1,0,32,200,0,0,1
body_state_setup,tiny_yield_chain,1,0,32,300,0,0,0
machine_state_setup,tiny_yield_chain,1,0,33,200,0,0,1
body_state_setup,tiny_yield_chain,1,0,33,200,0,0,0
machine_state_setup,tiny_yield_chain,1,0,34,200,0,0,1
body_state_setup,tiny_yield_chain,1,0,34,300,0,0,0
machine_state_setup,tiny_yield_chain,1,0,35,200,0,0,1
body_state_setup,tiny_yield_chain,1,0,35,300,0,0,0
machine_state_setup,tiny_yield_chain,1,0,36,200,0,0,1
body_state_setup,tiny_yield_chain,1,0,36,200,0,0,0
machine_state_setup,tiny_yield_chain,1,0,37,200,0,0,1
body_state_setup,tiny_yield_chain,1,0,37,200,0,0,0
machine_state_setup,tiny_yield_chain,1,0,38,200,0,0,1
body_state_setup,tiny_yield_chain,1,0,38,200,0,0,0
machine_state_setup,tiny_yield_chain,1,0,39,300,0,0,1
body_state_setup,tiny_yield_chain,1,0,39,200,0,0,0
engine_execution,resource_normal,2,1,0,9800,0,0,0
engine_execution,resource_normal,2,1,1,9800,0,0,3
engine_execution,resource_normal,2,1,2,10000,0,0,2
engine_execution,resource_normal,2,1,3,9700,0,0,5
engine_execution,resource_normal,2,1,4,9800,0,0,4
engine_execution,resource_normal,2,1,5,9900,0,0,7
engine_execution,resource_normal,2,1,6,9800,0,0,6
engine_execution,resource_normal,2,1,7,9700,0,0,9
engine_execution,resource_normal,2,1,8,10000,0,0,8
engine_execution,resource_normal,2,1,9,11600,0,0,11
engine_execution,resource_normal,2,1,10,10000,0,0,10
engine_execution,resource_normal,2,1,11,10000,0,0,13
engine_execution,resource_normal,2,1,12,9900,0,0,12
engine_execution,resource_normal,2,1,13,9700,0,0,15
engine_execution,resource_normal,2,1,14,10000,0,0,14
engine_execution,resource_normal,2,1,15,10100,0,0,17
engine_execution,resource_normal,2,1,16,10100,0,0,16
engine_execution,resource_normal,2,1,17,9900,0,0,19
engine_execution,resource_normal,2,1,18,10000,0,0,18
engine_execution,resource_normal,2,1,19,9800,0,0,21
engine_execution,resource_normal,2,1,20,9800,0,0,20
engine_execution,resource_normal,2,1,21,9700,0,0,23
engine_execution,resource_normal,2,1,22,9700,0,0,22
engine_execution,resource_normal,2,1,23,9800,0,0,25
engine_execution,resource_normal,2,1,24,9700,0,0,24
engine_execution,resource_normal,2,1,25,9600,0,0,27
engine_execution,resource_normal,2,1,26,10000,0,0,26
engine_execution,resource_normal,2,1,27,9600,0,0,29
engine_execution,resource_normal,2,1,28,9600,0,0,28
engine_execution,resource_normal,2,1,29,9900,0,0,31
engine_execution,resource_normal,2,1,30,9900,0,0,30
engine_execution,resource_normal,2,1,31,9700,0,0,33
engine_execution,resource_normal,2,1,32,9700,0,0,32
engine_execution,resource_normal,2,1,33,9900,0,0,35
engine_execution,resource_normal,2,1,34,9500,0,0,34
engine_execution,resource_normal,2,1,35,9800,0,0,37
engine_execution,resource_normal,2,1,36,9900,0,0,36
engine_execution,resource_normal,2,1,37,9600,0,0,39
engine_execution,resource_normal,2,1,38,9800,0,0,38
engine_execution,resource_normal,2,1,39,9800,0,0,41
engine_execution_alloc,resource_normal,2,1,0,0,202,19154,23130
engine_execution,resource_release_failure,2,1,0,10200,0,0,1
engine_execution,resource_release_failure,2,1,1,10300,0,0,2
engine_execution,resource_release_failure,2,1,2,10200,0,0,3
engine_execution,resource_release_failure,2,1,3,10100,0,0,4
engine_execution,resource_release_failure,2,1,4,10300,0,0,5
engine_execution,resource_release_failure,2,1,5,10300,0,0,6
engine_execution,resource_release_failure,2,1,6,10400,0,0,7
engine_execution,resource_release_failure,2,1,7,10300,0,0,8
engine_execution,resource_release_failure,2,1,8,10200,0,0,9
engine_execution,resource_release_failure,2,1,9,10200,0,0,10
engine_execution,resource_release_failure,2,1,10,10200,0,0,11
engine_execution,resource_release_failure,2,1,11,10400,0,0,12
engine_execution,resource_release_failure,2,1,12,11300,0,0,13
engine_execution,resource_release_failure,2,1,13,10300,0,0,14
engine_execution,resource_release_failure,2,1,14,10300,0,0,15
engine_execution,resource_release_failure,2,1,15,12900,0,0,16
engine_execution,resource_release_failure,2,1,16,10600,0,0,17
engine_execution,resource_release_failure,2,1,17,10300,0,0,18
engine_execution,resource_release_failure,2,1,18,10300,0,0,19
engine_execution,resource_release_failure,2,1,19,10200,0,0,20
engine_execution,resource_release_failure,2,1,20,10200,0,0,21
engine_execution,resource_release_failure,2,1,21,10400,0,0,22
engine_execution,resource_release_failure,2,1,22,10300,0,0,23
engine_execution,resource_release_failure,2,1,23,10100,0,0,24
engine_execution,resource_release_failure,2,1,24,10400,0,0,25
engine_execution,resource_release_failure,2,1,25,10300,0,0,26
engine_execution,resource_release_failure,2,1,26,10400,0,0,27
engine_execution,resource_release_failure,2,1,27,10400,0,0,28
engine_execution,resource_release_failure,2,1,28,10200,0,0,29
engine_execution,resource_release_failure,2,1,29,10200,0,0,30
engine_execution,resource_release_failure,2,1,30,10300,0,0,31
engine_execution,resource_release_failure,2,1,31,10200,0,0,32
engine_execution,resource_release_failure,2,1,32,10300,0,0,33
engine_execution,resource_release_failure,2,1,33,10200,0,0,34
engine_execution,resource_release_failure,2,1,34,10200,0,0,35
engine_execution,resource_release_failure,2,1,35,10300,0,0,36
engine_execution,resource_release_failure,2,1,36,10200,0,0,37
engine_execution,resource_release_failure,2,1,37,10300,0,0,38
engine_execution,resource_release_failure,2,1,38,10100,0,0,39
engine_execution,resource_release_failure,2,1,39,10300,0,0,40
engine_execution_alloc,resource_release_failure,2,1,0,0,212,19913,23131
engine_execution,resource_startup_failure,2,1,0,10300,0,0,3
engine_execution,resource_startup_failure,2,1,1,10200,0,0,3
engine_execution,resource_startup_failure,2,1,2,10400,0,0,3
engine_execution,resource_startup_failure,2,1,3,10800,0,0,3
engine_execution,resource_startup_failure,2,1,4,10300,0,0,3
engine_execution,resource_startup_failure,2,1,5,10200,0,0,3
engine_execution,resource_startup_failure,2,1,6,10200,0,0,3
engine_execution,resource_startup_failure,2,1,7,10100,0,0,3
engine_execution,resource_startup_failure,2,1,8,10400,0,0,3
engine_execution,resource_startup_failure,2,1,9,10400,0,0,3
engine_execution,resource_startup_failure,2,1,10,10200,0,0,3
engine_execution,resource_startup_failure,2,1,11,10300,0,0,3
engine_execution,resource_startup_failure,2,1,12,10200,0,0,3
engine_execution,resource_startup_failure,2,1,13,10300,0,0,3
engine_execution,resource_startup_failure,2,1,14,10200,0,0,3
engine_execution,resource_startup_failure,2,1,15,10100,0,0,3
engine_execution,resource_startup_failure,2,1,16,9900,0,0,3
engine_execution,resource_startup_failure,2,1,17,10200,0,0,3
engine_execution,resource_startup_failure,2,1,18,10500,0,0,3
engine_execution,resource_startup_failure,2,1,19,10600,0,0,3
engine_execution,resource_startup_failure,2,1,20,10400,0,0,3
engine_execution,resource_startup_failure,2,1,21,10500,0,0,3
engine_execution,resource_startup_failure,2,1,22,10300,0,0,3
engine_execution,resource_startup_failure,2,1,23,10200,0,0,3
engine_execution,resource_startup_failure,2,1,24,10200,0,0,3
engine_execution,resource_startup_failure,2,1,25,10200,0,0,3
engine_execution,resource_startup_failure,2,1,26,10100,0,0,3
engine_execution,resource_startup_failure,2,1,27,10100,0,0,3
engine_execution,resource_startup_failure,2,1,28,10300,0,0,3
engine_execution,resource_startup_failure,2,1,29,10200,0,0,3
engine_execution,resource_startup_failure,2,1,30,10200,0,0,3
engine_execution,resource_startup_failure,2,1,31,10200,0,0,3
engine_execution,resource_startup_failure,2,1,32,10200,0,0,3
engine_execution,resource_startup_failure,2,1,33,10200,0,0,3
engine_execution,resource_startup_failure,2,1,34,10200,0,0,3
engine_execution,resource_startup_failure,2,1,35,10300,0,0,3
engine_execution,resource_startup_failure,2,1,36,10100,0,0,3
engine_execution,resource_startup_failure,2,1,37,10200,0,0,3
engine_execution,resource_startup_failure,2,1,38,10200,0,0,3
engine_execution,resource_startup_failure,2,1,39,10100,0,0,3
engine_execution_alloc,resource_startup_failure,2,1,0,0,209,20217,3
engine_execution,resource_cleanup_error_upstream,3,1,0,15600,0,0,0
engine_execution,resource_cleanup_error_upstream,3,1,1,19700,0,0,1
engine_execution,resource_cleanup_error_upstream,3,1,2,16300,0,0,2
engine_execution,resource_cleanup_error_upstream,3,1,3,15100,0,0,3
engine_execution,resource_cleanup_error_upstream,3,1,4,15000,0,0,4
engine_execution,resource_cleanup_error_upstream,3,1,5,19600,0,0,5
engine_execution,resource_cleanup_error_upstream,3,1,6,15600,0,0,6
engine_execution,resource_cleanup_error_upstream,3,1,7,15100,0,0,7
engine_execution,resource_cleanup_error_upstream,3,1,8,14900,0,0,8
engine_execution,resource_cleanup_error_upstream,3,1,9,15000,0,0,9
engine_execution,resource_cleanup_error_upstream,3,1,10,14800,0,0,10
engine_execution,resource_cleanup_error_upstream,3,1,11,15000,0,0,11
engine_execution,resource_cleanup_error_upstream,3,1,12,14800,0,0,12
engine_execution,resource_cleanup_error_upstream,3,1,13,14900,0,0,13
engine_execution,resource_cleanup_error_upstream,3,1,14,14900,0,0,14
engine_execution,resource_cleanup_error_upstream,3,1,15,15000,0,0,15
engine_execution,resource_cleanup_error_upstream,3,1,16,15300,0,0,16
engine_execution,resource_cleanup_error_upstream,3,1,17,15200,0,0,17
engine_execution,resource_cleanup_error_upstream,3,1,18,15600,0,0,18
engine_execution,resource_cleanup_error_upstream,3,1,19,15300,0,0,19
engine_execution,resource_cleanup_error_upstream,3,1,20,19000,0,0,20
engine_execution,resource_cleanup_error_upstream,3,1,21,15700,0,0,21
engine_execution,resource_cleanup_error_upstream,3,1,22,15400,0,0,22
engine_execution,resource_cleanup_error_upstream,3,1,23,15000,0,0,23
engine_execution,resource_cleanup_error_upstream,3,1,24,15100,0,0,24
engine_execution,resource_cleanup_error_upstream,3,1,25,15000,0,0,25
engine_execution,resource_cleanup_error_upstream,3,1,26,15000,0,0,26
engine_execution,resource_cleanup_error_upstream,3,1,27,15100,0,0,27
engine_execution,resource_cleanup_error_upstream,3,1,28,15400,0,0,28
engine_execution,resource_cleanup_error_upstream,3,1,29,14800,0,0,29
engine_execution,resource_cleanup_error_upstream,3,1,30,14700,0,0,30
engine_execution,resource_cleanup_error_upstream,3,1,31,14900,0,0,31
engine_execution,resource_cleanup_error_upstream,3,1,32,14900,0,0,32
engine_execution,resource_cleanup_error_upstream,3,1,33,15100,0,0,33
engine_execution,resource_cleanup_error_upstream,3,1,34,14900,0,0,34
engine_execution,resource_cleanup_error_upstream,3,1,35,15200,0,0,35
engine_execution,resource_cleanup_error_upstream,3,1,36,15000,0,0,36
engine_execution,resource_cleanup_error_upstream,3,1,37,15900,0,0,37
engine_execution,resource_cleanup_error_upstream,3,1,38,15300,0,0,38
engine_execution,resource_cleanup_error_upstream,3,1,39,19500,0,0,39
engine_execution_alloc,resource_cleanup_error_upstream,3,1,0,0,314,25951,23130
engine_execution,resource_cancel_after_acquire,1,0,0,16300,0,0,3
engine_execution,resource_cancel_after_acquire,1,0,1,9300,0,0,3
engine_execution,resource_cancel_after_acquire,1,0,2,8800,0,0,3
engine_execution,resource_cancel_after_acquire,1,0,3,8900,0,0,3
engine_execution,resource_cancel_after_acquire,1,0,4,8500,0,0,3
engine_execution,resource_cancel_after_acquire,1,0,5,8800,0,0,3
engine_execution,resource_cancel_after_acquire,1,0,6,9000,0,0,3
engine_execution,resource_cancel_after_acquire,1,0,7,8900,0,0,3
engine_execution,resource_cancel_after_acquire,1,0,8,9100,0,0,3
engine_execution,resource_cancel_after_acquire,1,0,9,8800,0,0,3
engine_execution,resource_cancel_after_acquire,1,0,10,8700,0,0,3
engine_execution,resource_cancel_after_acquire,1,0,11,8800,0,0,3
engine_execution,resource_cancel_after_acquire,1,0,12,8600,0,0,3
engine_execution,resource_cancel_after_acquire,1,0,13,8600,0,0,3
engine_execution,resource_cancel_after_acquire,1,0,14,8500,0,0,3
engine_execution,resource_cancel_after_acquire,1,0,15,8500,0,0,3
engine_execution,resource_cancel_after_acquire,1,0,16,8600,0,0,3
engine_execution,resource_cancel_after_acquire,1,0,17,8700,0,0,3
engine_execution,resource_cancel_after_acquire,1,0,18,8500,0,0,3
engine_execution,resource_cancel_after_acquire,1,0,19,8500,0,0,3
engine_execution,resource_cancel_after_acquire,1,0,20,8500,0,0,3
engine_execution,resource_cancel_after_acquire,1,0,21,8500,0,0,3
engine_execution,resource_cancel_after_acquire,1,0,22,8500,0,0,3
engine_execution,resource_cancel_after_acquire,1,0,23,8500,0,0,3
engine_execution,resource_cancel_after_acquire,1,0,24,8600,0,0,3
engine_execution,resource_cancel_after_acquire,1,0,25,8400,0,0,3
engine_execution,resource_cancel_after_acquire,1,0,26,8600,0,0,3
engine_execution,resource_cancel_after_acquire,1,0,27,8600,0,0,3
engine_execution,resource_cancel_after_acquire,1,0,28,8500,0,0,3
engine_execution,resource_cancel_after_acquire,1,0,29,8500,0,0,3
engine_execution,resource_cancel_after_acquire,1,0,30,8500,0,0,3
engine_execution,resource_cancel_after_acquire,1,0,31,8400,0,0,3
engine_execution,resource_cancel_after_acquire,1,0,32,8500,0,0,3
engine_execution,resource_cancel_after_acquire,1,0,33,8500,0,0,3
engine_execution,resource_cancel_after_acquire,1,0,34,8700,0,0,3
engine_execution,resource_cancel_after_acquire,1,0,35,8500,0,0,3
engine_execution,resource_cancel_after_acquire,1,0,36,8500,0,0,3
engine_execution,resource_cancel_after_acquire,1,0,37,8500,0,0,3
engine_execution,resource_cancel_after_acquire,1,0,38,8800,0,0,3
engine_execution,resource_cancel_after_acquire,1,0,39,8400,0,0,3
engine_execution,effect_known_receipt,1,0,0,9400,0,0,1
engine_execution,effect_known_receipt,1,0,1,9100,0,0,0
engine_execution,effect_known_receipt,1,0,2,9300,0,0,3
engine_execution,effect_known_receipt,1,0,3,9400,0,0,2
engine_execution,effect_known_receipt,1,0,4,9000,0,0,5
engine_execution,effect_known_receipt,1,0,5,9000,0,0,4
engine_execution,effect_known_receipt,1,0,6,9100,0,0,7
engine_execution,effect_known_receipt,1,0,7,9200,0,0,6
engine_execution,effect_known_receipt,1,0,8,9300,0,0,9
engine_execution,effect_known_receipt,1,0,9,8900,0,0,8
engine_execution,effect_known_receipt,1,0,10,9100,0,0,11
engine_execution,effect_known_receipt,1,0,11,9500,0,0,10
engine_execution,effect_known_receipt,1,0,12,9200,0,0,13
engine_execution,effect_known_receipt,1,0,13,8900,0,0,12
engine_execution,effect_known_receipt,1,0,14,9300,0,0,15
engine_execution,effect_known_receipt,1,0,15,9300,0,0,14
engine_execution,effect_known_receipt,1,0,16,9000,0,0,17
engine_execution,effect_known_receipt,1,0,17,9400,0,0,16
engine_execution,effect_known_receipt,1,0,18,9300,0,0,19
engine_execution,effect_known_receipt,1,0,19,9300,0,0,18
engine_execution,effect_known_receipt,1,0,20,9200,0,0,21
engine_execution,effect_known_receipt,1,0,21,9200,0,0,20
engine_execution,effect_known_receipt,1,0,22,9100,0,0,23
engine_execution,effect_known_receipt,1,0,23,9000,0,0,22
engine_execution,effect_known_receipt,1,0,24,9200,0,0,25
engine_execution,effect_known_receipt,1,0,25,8900,0,0,24
engine_execution,effect_known_receipt,1,0,26,9100,0,0,27
engine_execution,effect_known_receipt,1,0,27,9300,0,0,26
engine_execution,effect_known_receipt,1,0,28,8900,0,0,29
engine_execution,effect_known_receipt,1,0,29,9200,0,0,28
engine_execution,effect_known_receipt,1,0,30,9300,0,0,31
engine_execution,effect_known_receipt,1,0,31,9000,0,0,30
engine_execution,effect_known_receipt,1,0,32,9000,0,0,33
engine_execution,effect_known_receipt,1,0,33,9200,0,0,32
engine_execution,effect_known_receipt,1,0,34,9000,0,0,35
engine_execution,effect_known_receipt,1,0,35,9100,0,0,34
engine_execution,effect_known_receipt,1,0,36,9100,0,0,37
engine_execution,effect_known_receipt,1,0,37,9100,0,0,36
engine_execution,effect_known_receipt,1,0,38,9100,0,0,39
engine_execution,effect_known_receipt,1,0,39,9300,0,0,38
engine_execution_alloc,effect_known_receipt,1,0,0,0,149,14826,23131
engine_execution,retry_one_failure,1,0,0,7800,0,0,1
engine_execution,retry_one_failure,1,0,1,7600,0,0,0
engine_execution,retry_one_failure,1,0,2,7800,0,0,3
engine_execution,retry_one_failure,1,0,3,7700,0,0,2
engine_execution,retry_one_failure,1,0,4,7900,0,0,5
engine_execution,retry_one_failure,1,0,5,7900,0,0,4
engine_execution,retry_one_failure,1,0,6,7800,0,0,7
engine_execution,retry_one_failure,1,0,7,7700,0,0,6
engine_execution,retry_one_failure,1,0,8,7800,0,0,9
engine_execution,retry_one_failure,1,0,9,7700,0,0,8
engine_execution,retry_one_failure,1,0,10,7800,0,0,11
engine_execution,retry_one_failure,1,0,11,7800,0,0,10
engine_execution,retry_one_failure,1,0,12,7900,0,0,13
engine_execution,retry_one_failure,1,0,13,7900,0,0,12
engine_execution,retry_one_failure,1,0,14,7800,0,0,15
engine_execution,retry_one_failure,1,0,15,7800,0,0,14
engine_execution,retry_one_failure,1,0,16,7700,0,0,17
engine_execution,retry_one_failure,1,0,17,7900,0,0,16
engine_execution,retry_one_failure,1,0,18,7800,0,0,19
engine_execution,retry_one_failure,1,0,19,7700,0,0,18
engine_execution,retry_one_failure,1,0,20,7600,0,0,21
engine_execution,retry_one_failure,1,0,21,7800,0,0,20
engine_execution,retry_one_failure,1,0,22,7800,0,0,23
engine_execution,retry_one_failure,1,0,23,7700,0,0,22
engine_execution,retry_one_failure,1,0,24,8100,0,0,25
engine_execution,retry_one_failure,1,0,25,7900,0,0,24
engine_execution,retry_one_failure,1,0,26,7700,0,0,27
engine_execution,retry_one_failure,1,0,27,7700,0,0,26
engine_execution,retry_one_failure,1,0,28,7700,0,0,29
engine_execution,retry_one_failure,1,0,29,7900,0,0,28
engine_execution,retry_one_failure,1,0,30,8200,0,0,31
engine_execution,retry_one_failure,1,0,31,8300,0,0,30
engine_execution,retry_one_failure,1,0,32,7800,0,0,33
engine_execution,retry_one_failure,1,0,33,7700,0,0,32
engine_execution,retry_one_failure,1,0,34,7800,0,0,35
engine_execution,retry_one_failure,1,0,35,7900,0,0,34
engine_execution,retry_one_failure,1,0,36,7800,0,0,37
engine_execution,retry_one_failure,1,0,37,7700,0,0,36
engine_execution,retry_one_failure,1,0,38,7600,0,0,39
engine_execution,retry_one_failure,1,0,39,7700,0,0,38
engine_execution_alloc,retry_one_failure,1,0,0,0,152,15009,23131
engine_execution,component_flat,10,9,0,27400,0,0,0
engine_execution,component_flat,10,9,1,27100,0,0,1
engine_execution,component_flat,10,9,2,26900,0,0,2
engine_execution,component_flat,10,9,3,26900,0,0,3
engine_execution,component_flat,10,9,4,27100,0,0,4
engine_execution,component_flat,10,9,5,27400,0,0,5
engine_execution,component_flat,10,9,6,27000,0,0,6
engine_execution,component_flat,10,9,7,26900,0,0,7
engine_execution,component_flat,10,9,8,26900,0,0,8
engine_execution,component_flat,10,9,9,27100,0,0,9
engine_execution,component_flat,10,9,10,27000,0,0,10
engine_execution,component_flat,10,9,11,27500,0,0,11
engine_execution,component_flat,10,9,12,27200,0,0,12
engine_execution,component_flat,10,9,13,27200,0,0,13
engine_execution,component_flat,10,9,14,27600,0,0,14
engine_execution,component_flat,10,9,15,27000,0,0,15
engine_execution,component_flat,10,9,16,26900,0,0,16
engine_execution,component_flat,10,9,17,27200,0,0,17
engine_execution,component_flat,10,9,18,27000,0,0,18
engine_execution,component_flat,10,9,19,26900,0,0,19
engine_execution,component_flat,10,9,20,26800,0,0,20
engine_execution,component_flat,10,9,21,26800,0,0,21
engine_execution,component_flat,10,9,22,27300,0,0,22
engine_execution,component_flat,10,9,23,27100,0,0,23
engine_execution,component_flat,10,9,24,27100,0,0,24
engine_execution,component_flat,10,9,25,27900,0,0,25
engine_execution,component_flat,10,9,26,27000,0,0,26
engine_execution,component_flat,10,9,27,27000,0,0,27
engine_execution,component_flat,10,9,28,26800,0,0,28
engine_execution,component_flat,10,9,29,27100,0,0,29
engine_execution,component_flat,10,9,30,27300,0,0,30
engine_execution,component_flat,10,9,31,26900,0,0,31
engine_execution,component_flat,10,9,32,27300,0,0,32
engine_execution,component_flat,10,9,33,27000,0,0,33
engine_execution,component_flat,10,9,34,30100,0,0,34
engine_execution,component_flat,10,9,35,27800,0,0,35
engine_execution,component_flat,10,9,36,27200,0,0,36
engine_execution,component_flat,10,9,37,27200,0,0,37
engine_execution,component_flat,10,9,38,26800,0,0,38
engine_execution,component_flat,10,9,39,26800,0,0,39
engine_execution_alloc,component_flat,10,9,0,0,572,44928,23130
engine_execution,component_nested,13,12,0,40200,0,0,0
engine_execution,component_nested,13,12,1,40200,0,0,1
engine_execution,component_nested,13,12,2,39800,0,0,2
engine_execution,component_nested,13,12,3,40700,0,0,3
engine_execution,component_nested,13,12,4,40200,0,0,4
engine_execution,component_nested,13,12,5,40500,0,0,5
engine_execution,component_nested,13,12,6,41800,0,0,6
engine_execution,component_nested,13,12,7,40200,0,0,7
engine_execution,component_nested,13,12,8,40700,0,0,8
engine_execution,component_nested,13,12,9,40400,0,0,9
engine_execution,component_nested,13,12,10,40700,0,0,10
engine_execution,component_nested,13,12,11,44600,0,0,11
engine_execution,component_nested,13,12,12,40400,0,0,12
engine_execution,component_nested,13,12,13,40000,0,0,13
engine_execution,component_nested,13,12,14,40500,0,0,14
engine_execution,component_nested,13,12,15,40400,0,0,15
engine_execution,component_nested,13,12,16,39900,0,0,16
engine_execution,component_nested,13,12,17,40500,0,0,17
engine_execution,component_nested,13,12,18,40100,0,0,18
engine_execution,component_nested,13,12,19,40000,0,0,19
engine_execution,component_nested,13,12,20,40600,0,0,20
engine_execution,component_nested,13,12,21,40100,0,0,21
engine_execution,component_nested,13,12,22,40000,0,0,22
engine_execution,component_nested,13,12,23,39800,0,0,23
engine_execution,component_nested,13,12,24,40300,0,0,24
engine_execution,component_nested,13,12,25,40100,0,0,25
engine_execution,component_nested,13,12,26,40400,0,0,26
engine_execution,component_nested,13,12,27,40300,0,0,27
engine_execution,component_nested,13,12,28,40000,0,0,28
engine_execution,component_nested,13,12,29,40400,0,0,29
engine_execution,component_nested,13,12,30,40000,0,0,30
engine_execution,component_nested,13,12,31,40300,0,0,31
engine_execution,component_nested,13,12,32,41800,0,0,32
engine_execution,component_nested,13,12,33,40600,0,0,33
engine_execution,component_nested,13,12,34,39900,0,0,34
engine_execution,component_nested,13,12,35,40100,0,0,35
engine_execution,component_nested,13,12,36,42700,0,0,36
engine_execution,component_nested,13,12,37,40100,0,0,37
engine_execution,component_nested,13,12,38,40600,0,0,38
engine_execution,component_nested,13,12,39,40300,0,0,39
engine_execution_alloc,component_nested,13,12,0,0,855,59553,23130
engine_execution,component_flat,100,99,0,317300,0,0,1
engine_execution,component_flat,100,99,1,326200,0,0,0
engine_execution,component_flat,100,99,2,324700,0,0,3
engine_execution,component_flat,100,99,3,320100,0,0,2
engine_execution,component_flat,100,99,4,313100,0,0,5
engine_execution,component_flat,100,99,5,311700,0,0,4
engine_execution,component_flat,100,99,6,313200,0,0,7
engine_execution,component_flat,100,99,7,309900,0,0,6
engine_execution,component_flat,100,99,8,307900,0,0,9
engine_execution,component_flat,100,99,9,310200,0,0,8
engine_execution,component_flat,100,99,10,307100,0,0,11
engine_execution,component_flat,100,99,11,305600,0,0,10
engine_execution,component_flat,100,99,12,309400,0,0,13
engine_execution,component_flat,100,99,13,305300,0,0,12
engine_execution,component_flat,100,99,14,309400,0,0,15
engine_execution,component_flat,100,99,15,307100,0,0,14
engine_execution,component_flat,100,99,16,318300,0,0,17
engine_execution,component_flat,100,99,17,305600,0,0,16
engine_execution,component_flat,100,99,18,304700,0,0,19
engine_execution,component_flat,100,99,19,314700,0,0,18
engine_execution,component_flat,100,99,20,308800,0,0,21
engine_execution,component_flat,100,99,21,309100,0,0,20
engine_execution,component_flat,100,99,22,309900,0,0,23
engine_execution,component_flat,100,99,23,302500,0,0,22
engine_execution,component_flat,100,99,24,305300,0,0,25
engine_execution,component_flat,100,99,25,308300,0,0,24
engine_execution,component_flat,100,99,26,304800,0,0,27
engine_execution,component_flat,100,99,27,303700,0,0,26
engine_execution,component_flat,100,99,28,304400,0,0,29
engine_execution,component_flat,100,99,29,308300,0,0,28
engine_execution,component_flat,100,99,30,303500,0,0,31
engine_execution,component_flat,100,99,31,302500,0,0,30
engine_execution,component_flat,100,99,32,330500,0,0,33
engine_execution,component_flat,100,99,33,309600,0,0,32
engine_execution,component_flat,100,99,34,311400,0,0,35
engine_execution,component_flat,100,99,35,314300,0,0,34
engine_execution,component_flat,100,99,36,305300,0,0,37
engine_execution,component_flat,100,99,37,303400,0,0,36
engine_execution,component_flat,100,99,38,310400,0,0,39
engine_execution,component_flat,100,99,39,305500,0,0,38
engine_execution_alloc,component_flat,100,99,0,0,5259,513144,23131
engine_execution,component_nested,103,102,0,378000,0,0,1
engine_execution,component_nested,103,102,1,375100,0,0,0
engine_execution,component_nested,103,102,2,383000,0,0,3
engine_execution,component_nested,103,102,3,374600,0,0,2
engine_execution,component_nested,103,102,4,375600,0,0,5
engine_execution,component_nested,103,102,5,382000,0,0,4
engine_execution,component_nested,103,102,6,377500,0,0,7
engine_execution,component_nested,103,102,7,375600,0,0,6
engine_execution,component_nested,103,102,8,377600,0,0,9
engine_execution,component_nested,103,102,9,373600,0,0,8
engine_execution,component_nested,103,102,10,378900,0,0,11
engine_execution,component_nested,103,102,11,375100,0,0,10
engine_execution,component_nested,103,102,12,376000,0,0,13
engine_execution,component_nested,103,102,13,385300,0,0,12
engine_execution,component_nested,103,102,14,372400,0,0,15
engine_execution,component_nested,103,102,15,374900,0,0,14
engine_execution,component_nested,103,102,16,377900,0,0,17
engine_execution,component_nested,103,102,17,373100,0,0,16
engine_execution,component_nested,103,102,18,381600,0,0,19
engine_execution,component_nested,103,102,19,372400,0,0,18
engine_execution,component_nested,103,102,20,376600,0,0,21
engine_execution,component_nested,103,102,21,379900,0,0,20
engine_execution,component_nested,103,102,22,372900,0,0,23
engine_execution,component_nested,103,102,23,375100,0,0,22
engine_execution,component_nested,103,102,24,380500,0,0,25
engine_execution,component_nested,103,102,25,374700,0,0,24
engine_execution,component_nested,103,102,26,376100,0,0,27
engine_execution,component_nested,103,102,27,374300,0,0,26
engine_execution,component_nested,103,102,28,374900,0,0,29
engine_execution,component_nested,103,102,29,390500,0,0,28
engine_execution,component_nested,103,102,30,397200,0,0,31
engine_execution,component_nested,103,102,31,397100,0,0,30
engine_execution,component_nested,103,102,32,396500,0,0,33
engine_execution,component_nested,103,102,33,375100,0,0,32
engine_execution,component_nested,103,102,34,377900,0,0,35
engine_execution,component_nested,103,102,35,374000,0,0,34
engine_execution,component_nested,103,102,36,371800,0,0,37
engine_execution,component_nested,103,102,37,378600,0,0,36
engine_execution,component_nested,103,102,38,375900,0,0,39
engine_execution,component_nested,103,102,39,373000,0,0,38
engine_execution_alloc,component_nested,103,102,0,0,6532,645129,23131
plan_build,component_repeated_typed_2,2,2,0,13300,0,0,25
plan_build,component_repeated_typed_2,2,2,1,7100,0,0,25
plan_build,component_repeated_typed_2,2,2,2,5400,0,0,25
plan_build,component_repeated_typed_2,2,2,3,5100,0,0,25
plan_build,component_repeated_typed_2,2,2,4,5100,0,0,25
plan_build,component_repeated_typed_2,2,2,5,4900,0,0,25
plan_build,component_repeated_typed_2,2,2,6,5100,0,0,25
plan_build,component_repeated_typed_2,2,2,7,4900,0,0,25
plan_build,component_repeated_typed_2,2,2,8,4700,0,0,25
plan_build,component_repeated_typed_2,2,2,9,4800,0,0,25
plan_build,component_repeated_typed_2,2,2,10,4800,0,0,25
plan_build,component_repeated_typed_2,2,2,11,4600,0,0,25
plan_build,component_repeated_typed_2,2,2,12,4500,0,0,25
plan_build,component_repeated_typed_2,2,2,13,4600,0,0,25
plan_build,component_repeated_typed_2,2,2,14,4600,0,0,25
plan_build,component_repeated_typed_2,2,2,15,4800,0,0,25
plan_build,component_repeated_typed_2,2,2,16,4800,0,0,25
plan_build,component_repeated_typed_2,2,2,17,4800,0,0,25
plan_build,component_repeated_typed_2,2,2,18,4700,0,0,25
plan_build,component_repeated_typed_2,2,2,19,4800,0,0,25
plan_build_alloc,component_repeated_typed_2,2,2,0,0,134,19521,25
engine_execution,component_repeated_typed_2,2,2,0,13200,0,0,3
engine_execution,component_repeated_typed_2,2,2,1,13100,0,0,2
engine_execution,component_repeated_typed_2,2,2,2,13200,0,0,5
engine_execution,component_repeated_typed_2,2,2,3,13200,0,0,4
engine_execution,component_repeated_typed_2,2,2,4,13500,0,0,7
engine_execution,component_repeated_typed_2,2,2,5,13700,0,0,6
engine_execution,component_repeated_typed_2,2,2,6,13700,0,0,9
engine_execution,component_repeated_typed_2,2,2,7,13200,0,0,8
engine_execution,component_repeated_typed_2,2,2,8,13400,0,0,11
engine_execution,component_repeated_typed_2,2,2,9,13400,0,0,10
engine_execution,component_repeated_typed_2,2,2,10,14300,0,0,13
engine_execution,component_repeated_typed_2,2,2,11,13500,0,0,12
engine_execution,component_repeated_typed_2,2,2,12,14000,0,0,15
engine_execution,component_repeated_typed_2,2,2,13,13700,0,0,14
engine_execution,component_repeated_typed_2,2,2,14,13700,0,0,17
engine_execution,component_repeated_typed_2,2,2,15,14100,0,0,16
engine_execution,component_repeated_typed_2,2,2,16,13200,0,0,19
engine_execution,component_repeated_typed_2,2,2,17,17000,0,0,18
engine_execution,component_repeated_typed_2,2,2,18,13400,0,0,21
engine_execution,component_repeated_typed_2,2,2,19,13100,0,0,20
engine_execution,component_repeated_typed_2,2,2,20,13100,0,0,23
engine_execution,component_repeated_typed_2,2,2,21,13700,0,0,22
engine_execution,component_repeated_typed_2,2,2,22,13200,0,0,25
engine_execution,component_repeated_typed_2,2,2,23,13200,0,0,24
engine_execution,component_repeated_typed_2,2,2,24,13000,0,0,27
engine_execution,component_repeated_typed_2,2,2,25,13300,0,0,26
engine_execution,component_repeated_typed_2,2,2,26,13900,0,0,29
engine_execution,component_repeated_typed_2,2,2,27,13500,0,0,28
engine_execution,component_repeated_typed_2,2,2,28,13300,0,0,31
engine_execution,component_repeated_typed_2,2,2,29,14100,0,0,30
engine_execution,component_repeated_typed_2,2,2,30,13500,0,0,33
engine_execution,component_repeated_typed_2,2,2,31,13600,0,0,32
engine_execution,component_repeated_typed_2,2,2,32,13500,0,0,35
engine_execution,component_repeated_typed_2,2,2,33,13400,0,0,34
engine_execution,component_repeated_typed_2,2,2,34,13500,0,0,37
engine_execution,component_repeated_typed_2,2,2,35,13900,0,0,36
engine_execution,component_repeated_typed_2,2,2,36,13700,0,0,39
engine_execution,component_repeated_typed_2,2,2,37,13300,0,0,38
engine_execution,component_repeated_typed_2,2,2,38,13200,0,0,41
engine_execution,component_repeated_typed_2,2,2,39,13500,0,0,40
engine_execution_alloc,component_repeated_typed_2,2,2,0,0,303,24606,23133
plan_build,component_repeated_typed_10,10,10,0,34500,0,0,25
plan_build,component_repeated_typed_10,10,10,1,19500,0,0,25
plan_build,component_repeated_typed_10,10,10,2,18700,0,0,25
plan_build,component_repeated_typed_10,10,10,3,18400,0,0,25
plan_build,component_repeated_typed_10,10,10,4,19500,0,0,25
plan_build,component_repeated_typed_10,10,10,5,18800,0,0,25
plan_build,component_repeated_typed_10,10,10,6,18700,0,0,25
plan_build,component_repeated_typed_10,10,10,7,18500,0,0,25
plan_build,component_repeated_typed_10,10,10,8,17800,0,0,25
plan_build,component_repeated_typed_10,10,10,9,17400,0,0,25
plan_build,component_repeated_typed_10,10,10,10,18100,0,0,25
plan_build,component_repeated_typed_10,10,10,11,18900,0,0,25
plan_build,component_repeated_typed_10,10,10,12,20200,0,0,25
plan_build,component_repeated_typed_10,10,10,13,18200,0,0,25
plan_build,component_repeated_typed_10,10,10,14,18200,0,0,25
plan_build,component_repeated_typed_10,10,10,15,17800,0,0,25
plan_build,component_repeated_typed_10,10,10,16,17600,0,0,25
plan_build,component_repeated_typed_10,10,10,17,17600,0,0,25
plan_build,component_repeated_typed_10,10,10,18,17500,0,0,25
plan_build,component_repeated_typed_10,10,10,19,17600,0,0,25
plan_build_alloc,component_repeated_typed_10,10,10,0,0,460,93329,25
engine_execution,component_repeated_typed_10,10,10,0,61800,0,0,11
engine_execution,component_repeated_typed_10,10,10,1,61000,0,0,10
engine_execution,component_repeated_typed_10,10,10,2,61500,0,0,13
engine_execution,component_repeated_typed_10,10,10,3,61200,0,0,12
engine_execution,component_repeated_typed_10,10,10,4,61100,0,0,15
engine_execution,component_repeated_typed_10,10,10,5,62200,0,0,14
engine_execution,component_repeated_typed_10,10,10,6,60900,0,0,17
engine_execution,component_repeated_typed_10,10,10,7,61400,0,0,16
engine_execution,component_repeated_typed_10,10,10,8,61100,0,0,19
engine_execution,component_repeated_typed_10,10,10,9,61100,0,0,18
engine_execution,component_repeated_typed_10,10,10,10,60900,0,0,21
engine_execution,component_repeated_typed_10,10,10,11,62300,0,0,20
engine_execution,component_repeated_typed_10,10,10,12,69600,0,0,23
engine_execution,component_repeated_typed_10,10,10,13,61000,0,0,22
engine_execution,component_repeated_typed_10,10,10,14,60900,0,0,25
engine_execution,component_repeated_typed_10,10,10,15,60500,0,0,24
engine_execution,component_repeated_typed_10,10,10,16,60600,0,0,27
engine_execution,component_repeated_typed_10,10,10,17,60900,0,0,26
engine_execution,component_repeated_typed_10,10,10,18,60400,0,0,29
engine_execution,component_repeated_typed_10,10,10,19,60100,0,0,28
engine_execution,component_repeated_typed_10,10,10,20,60600,0,0,31
engine_execution,component_repeated_typed_10,10,10,21,61000,0,0,30
engine_execution,component_repeated_typed_10,10,10,22,61100,0,0,33
engine_execution,component_repeated_typed_10,10,10,23,62500,0,0,32
engine_execution,component_repeated_typed_10,10,10,24,60900,0,0,35
engine_execution,component_repeated_typed_10,10,10,25,60300,0,0,34
engine_execution,component_repeated_typed_10,10,10,26,60600,0,0,37
engine_execution,component_repeated_typed_10,10,10,27,61500,0,0,36
engine_execution,component_repeated_typed_10,10,10,28,68600,0,0,39
engine_execution,component_repeated_typed_10,10,10,29,60700,0,0,38
engine_execution,component_repeated_typed_10,10,10,30,60800,0,0,41
engine_execution,component_repeated_typed_10,10,10,31,60000,0,0,40
engine_execution,component_repeated_typed_10,10,10,32,60300,0,0,43
engine_execution,component_repeated_typed_10,10,10,33,60200,0,0,42
engine_execution,component_repeated_typed_10,10,10,34,60900,0,0,45
engine_execution,component_repeated_typed_10,10,10,35,60900,0,0,44
engine_execution,component_repeated_typed_10,10,10,36,60500,0,0,47
engine_execution,component_repeated_typed_10,10,10,37,60200,0,0,46
engine_execution,component_repeated_typed_10,10,10,38,60200,0,0,49
engine_execution,component_repeated_typed_10,10,10,39,60100,0,0,48
engine_execution_alloc,component_repeated_typed_10,10,10,0,0,1405,95590,23141
plan_build,component_repeated_typed_100,100,100,0,350000,0,0,25
plan_build,component_repeated_typed_100,100,100,1,309600,0,0,25
plan_build,component_repeated_typed_100,100,100,2,188700,0,0,25
plan_build,component_repeated_typed_100,100,100,3,218300,0,0,25
plan_build,component_repeated_typed_100,100,100,4,190300,0,0,25
plan_build,component_repeated_typed_100,100,100,5,182600,0,0,25
plan_build,component_repeated_typed_100,100,100,6,273400,0,0,25
plan_build,component_repeated_typed_100,100,100,7,320000,0,0,25
plan_build,component_repeated_typed_100,100,100,8,176800,0,0,25
plan_build,component_repeated_typed_100,100,100,9,168700,0,0,25
plan_build,component_repeated_typed_100,100,100,10,167800,0,0,25
plan_build,component_repeated_typed_100,100,100,11,190700,0,0,25
plan_build,component_repeated_typed_100,100,100,12,205300,0,0,25
plan_build,component_repeated_typed_100,100,100,13,348600,0,0,25
plan_build,component_repeated_typed_100,100,100,14,327500,0,0,25
plan_build,component_repeated_typed_100,100,100,15,322300,0,0,25
plan_build,component_repeated_typed_100,100,100,16,198400,0,0,25
plan_build,component_repeated_typed_100,100,100,17,174300,0,0,25
plan_build,component_repeated_typed_100,100,100,18,165600,0,0,25
plan_build,component_repeated_typed_100,100,100,19,219500,0,0,25
plan_build_alloc,component_repeated_typed_100,100,100,0,0,3876,807301,25
engine_execution,component_repeated_typed_100,100,100,0,1067700,0,0,101
engine_execution,component_repeated_typed_100,100,100,1,1061900,0,0,100
engine_execution,component_repeated_typed_100,100,100,2,1082700,0,0,103
engine_execution,component_repeated_typed_100,100,100,3,1076200,0,0,102
engine_execution,component_repeated_typed_100,100,100,4,1071100,0,0,105
engine_execution,component_repeated_typed_100,100,100,5,1065300,0,0,104
engine_execution,component_repeated_typed_100,100,100,6,1065400,0,0,107
engine_execution,component_repeated_typed_100,100,100,7,1084200,0,0,106
engine_execution,component_repeated_typed_100,100,100,8,1074500,0,0,109
engine_execution,component_repeated_typed_100,100,100,9,1076600,0,0,108
engine_execution,component_repeated_typed_100,100,100,10,1065100,0,0,111
engine_execution,component_repeated_typed_100,100,100,11,1070100,0,0,110
engine_execution,component_repeated_typed_100,100,100,12,1067300,0,0,113
engine_execution,component_repeated_typed_100,100,100,13,1070000,0,0,112
engine_execution,component_repeated_typed_100,100,100,14,1073200,0,0,115
engine_execution,component_repeated_typed_100,100,100,15,1072200,0,0,114
engine_execution,component_repeated_typed_100,100,100,16,1072500,0,0,117
engine_execution,component_repeated_typed_100,100,100,17,1085400,0,0,116
engine_execution,component_repeated_typed_100,100,100,18,1078400,0,0,119
engine_execution,component_repeated_typed_100,100,100,19,1104400,0,0,118
engine_execution,component_repeated_typed_100,100,100,20,1162300,0,0,121
engine_execution,component_repeated_typed_100,100,100,21,1081800,0,0,120
engine_execution,component_repeated_typed_100,100,100,22,1077200,0,0,123
engine_execution,component_repeated_typed_100,100,100,23,1088500,0,0,122
engine_execution,component_repeated_typed_100,100,100,24,1094500,0,0,125
engine_execution,component_repeated_typed_100,100,100,25,1083400,0,0,124
engine_execution,component_repeated_typed_100,100,100,26,1077700,0,0,127
engine_execution,component_repeated_typed_100,100,100,27,1079500,0,0,126
engine_execution,component_repeated_typed_100,100,100,28,1088800,0,0,129
engine_execution,component_repeated_typed_100,100,100,29,1078200,0,0,128
engine_execution,component_repeated_typed_100,100,100,30,1085300,0,0,131
engine_execution,component_repeated_typed_100,100,100,31,1075800,0,0,130
engine_execution,component_repeated_typed_100,100,100,32,1133000,0,0,133
engine_execution,component_repeated_typed_100,100,100,33,1094200,0,0,132
engine_execution,component_repeated_typed_100,100,100,34,1085100,0,0,135
engine_execution,component_repeated_typed_100,100,100,35,1095400,0,0,134
engine_execution,component_repeated_typed_100,100,100,36,1073300,0,0,137
engine_execution,component_repeated_typed_100,100,100,37,1091400,0,0,136
engine_execution,component_repeated_typed_100,100,100,38,1115900,0,0,139
engine_execution,component_repeated_typed_100,100,100,39,1106700,0,0,138
engine_execution_alloc,component_repeated_typed_100,100,100,0,0,22566,1456254,23231
engine_execution,resident_ready_shutdown,1,0,0,8600,0,0,1
engine_execution,resident_ready_shutdown,1,0,1,8400,0,0,1
engine_execution,resident_ready_shutdown,1,0,2,8600,0,0,1
engine_execution,resident_ready_shutdown,1,0,3,7800,0,0,1
engine_execution,resident_ready_shutdown,1,0,4,7700,0,0,1
engine_execution,resident_ready_shutdown,1,0,5,7900,0,0,1
engine_execution,resident_ready_shutdown,1,0,6,7900,0,0,1
engine_execution,resident_ready_shutdown,1,0,7,7900,0,0,1
engine_execution,resident_ready_shutdown,1,0,8,7900,0,0,1
engine_execution,resident_ready_shutdown,1,0,9,7700,0,0,1
engine_execution,resident_ready_shutdown,1,0,10,7700,0,0,1
engine_execution,resident_ready_shutdown,1,0,11,8000,0,0,1
engine_execution,resident_ready_shutdown,1,0,12,7900,0,0,1
engine_execution,resident_ready_shutdown,1,0,13,8100,0,0,1
engine_execution,resident_ready_shutdown,1,0,14,7800,0,0,1
engine_execution,resident_ready_shutdown,1,0,15,7900,0,0,1
engine_execution,resident_ready_shutdown,1,0,16,7700,0,0,1
engine_execution,resident_ready_shutdown,1,0,17,8000,0,0,1
engine_execution,resident_ready_shutdown,1,0,18,7700,0,0,1
engine_execution,resident_ready_shutdown,1,0,19,7700,0,0,1
engine_execution,resident_ready_shutdown,1,0,20,7900,0,0,1
engine_execution,resident_ready_shutdown,1,0,21,7900,0,0,1
engine_execution,resident_ready_shutdown,1,0,22,7900,0,0,1
engine_execution,resident_ready_shutdown,1,0,23,7800,0,0,1
engine_execution,resident_ready_shutdown,1,0,24,7700,0,0,1
engine_execution,resident_ready_shutdown,1,0,25,7800,0,0,1
engine_execution,resident_ready_shutdown,1,0,26,8000,0,0,1
engine_execution,resident_ready_shutdown,1,0,27,7800,0,0,1
engine_execution,resident_ready_shutdown,1,0,28,7800,0,0,1
engine_execution,resident_ready_shutdown,1,0,29,7900,0,0,1
engine_execution,resident_ready_shutdown,1,0,30,61100,0,0,1
engine_execution,resident_ready_shutdown,1,0,31,7900,0,0,1
engine_execution,resident_ready_shutdown,1,0,32,7700,0,0,1
engine_execution,resident_ready_shutdown,1,0,33,7800,0,0,1
engine_execution,resident_ready_shutdown,1,0,34,7800,0,0,1
engine_execution,resident_ready_shutdown,1,0,35,7800,0,0,1
engine_execution,resident_ready_shutdown,1,0,36,7800,0,0,1
engine_execution,resident_ready_shutdown,1,0,37,7900,0,0,1
engine_execution,resident_ready_shutdown,1,0,38,7800,0,0,1
engine_execution,resident_ready_shutdown,1,0,39,7700,0,0,1
engine_execution,service_restart_stable_handle,1,0,0,11900,0,0,27
engine_execution,service_restart_stable_handle,1,0,1,11800,0,0,30
engine_execution,service_restart_stable_handle,1,0,2,11800,0,0,33
engine_execution,service_restart_stable_handle,1,0,3,12000,0,0,36
engine_execution,service_restart_stable_handle,1,0,4,11900,0,0,39
engine_execution,service_restart_stable_handle,1,0,5,11800,0,0,42
engine_execution,service_restart_stable_handle,1,0,6,11700,0,0,45
engine_execution,service_restart_stable_handle,1,0,7,11700,0,0,48
engine_execution,service_restart_stable_handle,1,0,8,11800,0,0,51
engine_execution,service_restart_stable_handle,1,0,9,11700,0,0,54
engine_execution,service_restart_stable_handle,1,0,10,11500,0,0,57
engine_execution,service_restart_stable_handle,1,0,11,11500,0,0,60
engine_execution,service_restart_stable_handle,1,0,12,11600,0,0,63
engine_execution,service_restart_stable_handle,1,0,13,11700,0,0,66
engine_execution,service_restart_stable_handle,1,0,14,11800,0,0,69
engine_execution,service_restart_stable_handle,1,0,15,11800,0,0,72
engine_execution,service_restart_stable_handle,1,0,16,12100,0,0,75
engine_execution,service_restart_stable_handle,1,0,17,12100,0,0,78
engine_execution,service_restart_stable_handle,1,0,18,12000,0,0,81
engine_execution,service_restart_stable_handle,1,0,19,11700,0,0,84
engine_execution,service_restart_stable_handle,1,0,20,11800,0,0,87
engine_execution,service_restart_stable_handle,1,0,21,11800,0,0,90
engine_execution,service_restart_stable_handle,1,0,22,11800,0,0,93
engine_execution,service_restart_stable_handle,1,0,23,11800,0,0,96
engine_execution,service_restart_stable_handle,1,0,24,11700,0,0,99
engine_execution,service_restart_stable_handle,1,0,25,11700,0,0,102
engine_execution,service_restart_stable_handle,1,0,26,11800,0,0,105
engine_execution,service_restart_stable_handle,1,0,27,11800,0,0,108
engine_execution,service_restart_stable_handle,1,0,28,11700,0,0,111
engine_execution,service_restart_stable_handle,1,0,29,14700,0,0,114
engine_execution,service_restart_stable_handle,1,0,30,12400,0,0,117
engine_execution,service_restart_stable_handle,1,0,31,12100,0,0,120
engine_execution,service_restart_stable_handle,1,0,32,11900,0,0,123
engine_execution,service_restart_stable_handle,1,0,33,11900,0,0,126
engine_execution,service_restart_stable_handle,1,0,34,11900,0,0,129
engine_execution,service_restart_stable_handle,1,0,35,12100,0,0,132
engine_execution,service_restart_stable_handle,1,0,36,11700,0,0,135
engine_execution,service_restart_stable_handle,1,0,37,11800,0,0,138
engine_execution,service_restart_stable_handle,1,0,38,11800,0,0,141
engine_execution,service_restart_stable_handle,1,0,39,11800,0,0,144
engine_execution_alloc,service_restart_stable_handle,1,0,0,0,234,22052,147
engine_execution,service_restart_exhausted,1,0,0,9000,0,0,19
engine_execution,service_restart_exhausted,1,0,1,8900,0,0,21
engine_execution,service_restart_exhausted,1,0,2,9000,0,0,23
engine_execution,service_restart_exhausted,1,0,3,8800,0,0,25
engine_execution,service_restart_exhausted,1,0,4,8900,0,0,27
engine_execution,service_restart_exhausted,1,0,5,8900,0,0,29
engine_execution,service_restart_exhausted,1,0,6,9000,0,0,31
engine_execution,service_restart_exhausted,1,0,7,9100,0,0,33
engine_execution,service_restart_exhausted,1,0,8,8900,0,0,35
engine_execution,service_restart_exhausted,1,0,9,9100,0,0,37
engine_execution,service_restart_exhausted,1,0,10,9000,0,0,39
engine_execution,service_restart_exhausted,1,0,11,9000,0,0,41
engine_execution,service_restart_exhausted,1,0,12,9000,0,0,43
engine_execution,service_restart_exhausted,1,0,13,8900,0,0,45
engine_execution,service_restart_exhausted,1,0,14,9100,0,0,47
engine_execution,service_restart_exhausted,1,0,15,9300,0,0,49
engine_execution,service_restart_exhausted,1,0,16,9200,0,0,51
engine_execution,service_restart_exhausted,1,0,17,9200,0,0,53
engine_execution,service_restart_exhausted,1,0,18,9000,0,0,55
engine_execution,service_restart_exhausted,1,0,19,8800,0,0,57
engine_execution,service_restart_exhausted,1,0,20,9000,0,0,59
engine_execution,service_restart_exhausted,1,0,21,9200,0,0,61
engine_execution,service_restart_exhausted,1,0,22,9100,0,0,63
engine_execution,service_restart_exhausted,1,0,23,9200,0,0,65
engine_execution,service_restart_exhausted,1,0,24,9100,0,0,67
engine_execution,service_restart_exhausted,1,0,25,9200,0,0,69
engine_execution,service_restart_exhausted,1,0,26,8900,0,0,71
engine_execution,service_restart_exhausted,1,0,27,9000,0,0,73
engine_execution,service_restart_exhausted,1,0,28,9100,0,0,75
engine_execution,service_restart_exhausted,1,0,29,9400,0,0,77
engine_execution,service_restart_exhausted,1,0,30,9000,0,0,79
engine_execution,service_restart_exhausted,1,0,31,9100,0,0,81
engine_execution,service_restart_exhausted,1,0,32,9000,0,0,83
engine_execution,service_restart_exhausted,1,0,33,9400,0,0,85
engine_execution,service_restart_exhausted,1,0,34,9300,0,0,87
engine_execution,service_restart_exhausted,1,0,35,9500,0,0,89
engine_execution,service_restart_exhausted,1,0,36,11100,0,0,91
engine_execution,service_restart_exhausted,1,0,37,11200,0,0,93
engine_execution,service_restart_exhausted,1,0,38,9600,0,0,95
engine_execution,service_restart_exhausted,1,0,39,9400,0,0,97
engine_execution_alloc,service_restart_exhausted,1,0,0,0,182,17556,99
engine_execution,dynamic_live_instances_1,3,2,0,30700,0,0,0
engine_execution,dynamic_live_instances_1,3,2,1,33000,0,0,0
engine_execution,dynamic_live_instances_1,3,2,2,31100,0,0,0
engine_execution,dynamic_live_instances_1,3,2,3,35800,0,0,0
engine_execution,dynamic_live_instances_1,3,2,4,31300,0,0,0
engine_execution,dynamic_live_instances_1,3,2,5,31300,0,0,0
engine_execution,dynamic_live_instances_1,3,2,6,30100,0,0,0
engine_execution,dynamic_live_instances_1,3,2,7,29700,0,0,0
engine_execution,dynamic_live_instances_1,3,2,8,30300,0,0,0
engine_execution,dynamic_live_instances_1,3,2,9,29800,0,0,0
engine_execution,dynamic_live_instances_1,3,2,10,30100,0,0,0
engine_execution,dynamic_live_instances_1,3,2,11,29800,0,0,0
engine_execution,dynamic_live_instances_1,3,2,12,29600,0,0,0
engine_execution,dynamic_live_instances_1,3,2,13,30400,0,0,0
engine_execution,dynamic_live_instances_1,3,2,14,31700,0,0,0
engine_execution,dynamic_live_instances_1,3,2,15,30400,0,0,0
engine_execution,dynamic_live_instances_1,3,2,16,30500,0,0,0
engine_execution,dynamic_live_instances_1,3,2,17,30100,0,0,0
engine_execution,dynamic_live_instances_1,3,2,18,29600,0,0,0
engine_execution,dynamic_live_instances_1,3,2,19,29800,0,0,0
engine_execution,dynamic_live_instances_1,3,2,20,30300,0,0,0
engine_execution,dynamic_live_instances_1,3,2,21,29700,0,0,0
engine_execution,dynamic_live_instances_1,3,2,22,29900,0,0,0
engine_execution,dynamic_live_instances_1,3,2,23,30200,0,0,0
engine_execution,dynamic_live_instances_1,3,2,24,29600,0,0,0
engine_execution,dynamic_live_instances_1,3,2,25,30100,0,0,0
engine_execution,dynamic_live_instances_1,3,2,26,30700,0,0,0
engine_execution,dynamic_live_instances_1,3,2,27,30700,0,0,0
engine_execution,dynamic_live_instances_1,3,2,28,30400,0,0,0
engine_execution,dynamic_live_instances_1,3,2,29,30400,0,0,0
engine_execution,dynamic_live_instances_1,3,2,30,29800,0,0,0
engine_execution,dynamic_live_instances_1,3,2,31,29900,0,0,0
engine_execution,dynamic_live_instances_1,3,2,32,30100,0,0,0
engine_execution,dynamic_live_instances_1,3,2,33,29600,0,0,0
engine_execution,dynamic_live_instances_1,3,2,34,29800,0,0,0
engine_execution,dynamic_live_instances_1,3,2,35,30000,0,0,0
engine_execution,dynamic_live_instances_1,3,2,36,35500,0,0,0
engine_execution,dynamic_live_instances_1,3,2,37,30200,0,0,0
engine_execution,dynamic_live_instances_1,3,2,38,30100,0,0,0
engine_execution,dynamic_live_instances_1,3,2,39,30800,0,0,0
engine_execution_alloc,dynamic_live_instances_1,3,2,1,0,610,58061,0
engine_execution,dynamic_live_instances_10,3,2,0,221400,0,0,11
engine_execution,dynamic_live_instances_10,3,2,1,226800,0,0,11
engine_execution,dynamic_live_instances_10,3,2,2,220500,0,0,11
engine_execution,dynamic_live_instances_10,3,2,3,240300,0,0,11
engine_execution,dynamic_live_instances_10,3,2,4,222100,0,0,11
engine_execution,dynamic_live_instances_10,3,2,5,224200,0,0,11
engine_execution,dynamic_live_instances_10,3,2,6,264500,0,0,11
engine_execution,dynamic_live_instances_10,3,2,7,296000,0,0,11
engine_execution,dynamic_live_instances_10,3,2,8,225300,0,0,11
engine_execution,dynamic_live_instances_10,3,2,9,236000,0,0,11
engine_execution,dynamic_live_instances_10,3,2,10,236800,0,0,11
engine_execution,dynamic_live_instances_10,3,2,11,272500,0,0,11
engine_execution,dynamic_live_instances_10,3,2,12,224900,0,0,11
engine_execution,dynamic_live_instances_10,3,2,13,229500,0,0,11
engine_execution,dynamic_live_instances_10,3,2,14,221300,0,0,11
engine_execution,dynamic_live_instances_10,3,2,15,224600,0,0,11
engine_execution,dynamic_live_instances_10,3,2,16,226500,0,0,11
engine_execution,dynamic_live_instances_10,3,2,17,223400,0,0,11
engine_execution,dynamic_live_instances_10,3,2,18,221300,0,0,11
engine_execution,dynamic_live_instances_10,3,2,19,223000,0,0,11
engine_execution,dynamic_live_instances_10,3,2,20,223900,0,0,11
engine_execution,dynamic_live_instances_10,3,2,21,220800,0,0,11
engine_execution,dynamic_live_instances_10,3,2,22,217500,0,0,11
engine_execution,dynamic_live_instances_10,3,2,23,222200,0,0,11
engine_execution,dynamic_live_instances_10,3,2,24,217700,0,0,11
engine_execution,dynamic_live_instances_10,3,2,25,221500,0,0,11
engine_execution,dynamic_live_instances_10,3,2,26,237700,0,0,11
engine_execution,dynamic_live_instances_10,3,2,27,276000,0,0,11
engine_execution,dynamic_live_instances_10,3,2,28,218400,0,0,11
engine_execution,dynamic_live_instances_10,3,2,29,231500,0,0,11
engine_execution,dynamic_live_instances_10,3,2,30,239100,0,0,11
engine_execution,dynamic_live_instances_10,3,2,31,275600,0,0,11
engine_execution,dynamic_live_instances_10,3,2,32,223100,0,0,11
engine_execution,dynamic_live_instances_10,3,2,33,227800,0,0,11
engine_execution,dynamic_live_instances_10,3,2,34,217800,0,0,11
engine_execution,dynamic_live_instances_10,3,2,35,224200,0,0,11
engine_execution,dynamic_live_instances_10,3,2,36,222600,0,0,11
engine_execution,dynamic_live_instances_10,3,2,37,233700,0,0,11
engine_execution,dynamic_live_instances_10,3,2,38,221500,0,0,11
engine_execution,dynamic_live_instances_10,3,2,39,220500,0,0,11
engine_execution_alloc,dynamic_live_instances_10,3,2,10,0,4384,421871,11
engine_execution,dynamic_live_instances_100,3,2,0,5059100,0,0,101
engine_execution,dynamic_live_instances_100,3,2,1,4189300,0,0,101
engine_execution,dynamic_live_instances_100,3,2,2,4184400,0,0,101
engine_execution,dynamic_live_instances_100,3,2,3,4226300,0,0,101
engine_execution,dynamic_live_instances_100,3,2,4,4178600,0,0,101
engine_execution,dynamic_live_instances_100,3,2,5,4307300,0,0,101
engine_execution,dynamic_live_instances_100,3,2,6,4275300,0,0,101
engine_execution,dynamic_live_instances_100,3,2,7,4294100,0,0,101
engine_execution,dynamic_live_instances_100,3,2,8,4251800,0,0,101
engine_execution,dynamic_live_instances_100,3,2,9,4382000,0,0,101
engine_execution,dynamic_live_instances_100,3,2,10,4076100,0,0,101
engine_execution,dynamic_live_instances_100,3,2,11,3854600,0,0,101
engine_execution,dynamic_live_instances_100,3,2,12,4098900,0,0,101
engine_execution,dynamic_live_instances_100,3,2,13,4090000,0,0,101
engine_execution,dynamic_live_instances_100,3,2,14,4223900,0,0,101
engine_execution,dynamic_live_instances_100,3,2,15,4238100,0,0,101
engine_execution,dynamic_live_instances_100,3,2,16,4299000,0,0,101
engine_execution,dynamic_live_instances_100,3,2,17,4214900,0,0,101
engine_execution,dynamic_live_instances_100,3,2,18,4139200,0,0,101
engine_execution,dynamic_live_instances_100,3,2,19,4280200,0,0,101
engine_execution,dynamic_live_instances_100,3,2,20,4178300,0,0,101
engine_execution,dynamic_live_instances_100,3,2,21,3779200,0,0,101
engine_execution,dynamic_live_instances_100,3,2,22,4168300,0,0,101
engine_execution,dynamic_live_instances_100,3,2,23,3712300,0,0,101
engine_execution,dynamic_live_instances_100,3,2,24,3640900,0,0,101
engine_execution,dynamic_live_instances_100,3,2,25,3841900,0,0,101
engine_execution,dynamic_live_instances_100,3,2,26,4123200,0,0,101
engine_execution,dynamic_live_instances_100,3,2,27,3693600,0,0,101
engine_execution,dynamic_live_instances_100,3,2,28,4296600,0,0,101
engine_execution,dynamic_live_instances_100,3,2,29,3880100,0,0,101
engine_execution,dynamic_live_instances_100,3,2,30,4818800,0,0,101
engine_execution,dynamic_live_instances_100,3,2,31,3736400,0,0,101
engine_execution,dynamic_live_instances_100,3,2,32,3648600,0,0,101
engine_execution,dynamic_live_instances_100,3,2,33,3738300,0,0,101
engine_execution,dynamic_live_instances_100,3,2,34,4128800,0,0,101
engine_execution,dynamic_live_instances_100,3,2,35,3719500,0,0,101
engine_execution,dynamic_live_instances_100,3,2,36,3632500,0,0,101
engine_execution,dynamic_live_instances_100,3,2,37,3812200,0,0,101
engine_execution,dynamic_live_instances_100,3,2,38,4190500,0,0,101
engine_execution,dynamic_live_instances_100,3,2,39,3688000,0,0,101
engine_execution_alloc,dynamic_live_instances_100,3,2,100,0,68743,5486899,101
engine_execution,dynamic_sequential_churn_1,2,1,0,28200,0,0,9
engine_execution,dynamic_sequential_churn_1,2,1,1,26500,0,0,10
engine_execution,dynamic_sequential_churn_1,2,1,2,26300,0,0,11
engine_execution,dynamic_sequential_churn_1,2,1,3,25800,0,0,12
engine_execution,dynamic_sequential_churn_1,2,1,4,25800,0,0,13
engine_execution,dynamic_sequential_churn_1,2,1,5,25900,0,0,14
engine_execution,dynamic_sequential_churn_1,2,1,6,26100,0,0,15
engine_execution,dynamic_sequential_churn_1,2,1,7,26700,0,0,16
engine_execution,dynamic_sequential_churn_1,2,1,8,26200,0,0,17
engine_execution,dynamic_sequential_churn_1,2,1,9,26400,0,0,18
engine_execution,dynamic_sequential_churn_1,2,1,10,26000,0,0,19
engine_execution,dynamic_sequential_churn_1,2,1,11,26100,0,0,20
engine_execution,dynamic_sequential_churn_1,2,1,12,26000,0,0,21
engine_execution,dynamic_sequential_churn_1,2,1,13,25800,0,0,22
engine_execution,dynamic_sequential_churn_1,2,1,14,26000,0,0,23
engine_execution,dynamic_sequential_churn_1,2,1,15,25600,0,0,24
engine_execution,dynamic_sequential_churn_1,2,1,16,26000,0,0,25
engine_execution,dynamic_sequential_churn_1,2,1,17,25500,0,0,26
engine_execution,dynamic_sequential_churn_1,2,1,18,26300,0,0,27
engine_execution,dynamic_sequential_churn_1,2,1,19,26000,0,0,28
engine_execution,dynamic_sequential_churn_1,2,1,20,25900,0,0,29
engine_execution,dynamic_sequential_churn_1,2,1,21,29500,0,0,30
engine_execution,dynamic_sequential_churn_1,2,1,22,26200,0,0,31
engine_execution,dynamic_sequential_churn_1,2,1,23,25700,0,0,32
engine_execution,dynamic_sequential_churn_1,2,1,24,25700,0,0,33
engine_execution,dynamic_sequential_churn_1,2,1,25,26100,0,0,34
engine_execution,dynamic_sequential_churn_1,2,1,26,26300,0,0,35
engine_execution,dynamic_sequential_churn_1,2,1,27,26400,0,0,36
engine_execution,dynamic_sequential_churn_1,2,1,28,26200,0,0,37
engine_execution,dynamic_sequential_churn_1,2,1,29,25900,0,0,38
engine_execution,dynamic_sequential_churn_1,2,1,30,25800,0,0,39
engine_execution,dynamic_sequential_churn_1,2,1,31,25600,0,0,40
engine_execution,dynamic_sequential_churn_1,2,1,32,26200,0,0,41
engine_execution,dynamic_sequential_churn_1,2,1,33,26300,0,0,42
engine_execution,dynamic_sequential_churn_1,2,1,34,26000,0,0,43
engine_execution,dynamic_sequential_churn_1,2,1,35,25500,0,0,44
engine_execution,dynamic_sequential_churn_1,2,1,36,26000,0,0,45
engine_execution,dynamic_sequential_churn_1,2,1,37,26000,0,0,46
engine_execution,dynamic_sequential_churn_1,2,1,38,25800,0,0,47
engine_execution,dynamic_sequential_churn_1,2,1,39,25400,0,0,48
engine_execution_alloc,dynamic_sequential_churn_1,2,1,1,0,532,47603,49
engine_execution,dynamic_sequential_churn_10,2,1,0,173800,0,0,90
engine_execution,dynamic_sequential_churn_10,2,1,1,180100,0,0,100
engine_execution,dynamic_sequential_churn_10,2,1,2,172300,0,0,110
engine_execution,dynamic_sequential_churn_10,2,1,3,172800,0,0,120
engine_execution,dynamic_sequential_churn_10,2,1,4,171100,0,0,130
engine_execution,dynamic_sequential_churn_10,2,1,5,169400,0,0,140
engine_execution,dynamic_sequential_churn_10,2,1,6,170000,0,0,150
engine_execution,dynamic_sequential_churn_10,2,1,7,179400,0,0,160
engine_execution,dynamic_sequential_churn_10,2,1,8,174600,0,0,170
engine_execution,dynamic_sequential_churn_10,2,1,9,173400,0,0,180
engine_execution,dynamic_sequential_churn_10,2,1,10,179900,0,0,190
engine_execution,dynamic_sequential_churn_10,2,1,11,184700,0,0,200
engine_execution,dynamic_sequential_churn_10,2,1,12,181600,0,0,210
engine_execution,dynamic_sequential_churn_10,2,1,13,170100,0,0,220
engine_execution,dynamic_sequential_churn_10,2,1,14,170700,0,0,230
engine_execution,dynamic_sequential_churn_10,2,1,15,170200,0,0,240
engine_execution,dynamic_sequential_churn_10,2,1,16,171100,0,0,250
engine_execution,dynamic_sequential_churn_10,2,1,17,171900,0,0,260
engine_execution,dynamic_sequential_churn_10,2,1,18,170200,0,0,270
engine_execution,dynamic_sequential_churn_10,2,1,19,173500,0,0,280
engine_execution,dynamic_sequential_churn_10,2,1,20,170700,0,0,290
engine_execution,dynamic_sequential_churn_10,2,1,21,169100,0,0,300
engine_execution,dynamic_sequential_churn_10,2,1,22,172800,0,0,310
engine_execution,dynamic_sequential_churn_10,2,1,23,168600,0,0,320
engine_execution,dynamic_sequential_churn_10,2,1,24,170900,0,0,330
engine_execution,dynamic_sequential_churn_10,2,1,25,171400,0,0,340
engine_execution,dynamic_sequential_churn_10,2,1,26,169700,0,0,350
engine_execution,dynamic_sequential_churn_10,2,1,27,169500,0,0,360
engine_execution,dynamic_sequential_churn_10,2,1,28,175400,0,0,370
engine_execution,dynamic_sequential_churn_10,2,1,29,171000,0,0,380
engine_execution,dynamic_sequential_churn_10,2,1,30,177600,0,0,390
engine_execution,dynamic_sequential_churn_10,2,1,31,172600,0,0,400
engine_execution,dynamic_sequential_churn_10,2,1,32,169700,0,0,410
engine_execution,dynamic_sequential_churn_10,2,1,33,176000,0,0,420
engine_execution,dynamic_sequential_churn_10,2,1,34,174000,0,0,430
engine_execution,dynamic_sequential_churn_10,2,1,35,170600,0,0,440
engine_execution,dynamic_sequential_churn_10,2,1,36,170500,0,0,450
engine_execution,dynamic_sequential_churn_10,2,1,37,171000,0,0,460
engine_execution,dynamic_sequential_churn_10,2,1,38,172700,0,0,470
engine_execution,dynamic_sequential_churn_10,2,1,39,171600,0,0,480
engine_execution_alloc,dynamic_sequential_churn_10,2,1,10,0,3398,312367,490
engine_execution,dynamic_sequential_churn_100,2,1,0,1951000,0,0,900
engine_execution,dynamic_sequential_churn_100,2,1,1,2149400,0,0,1000
engine_execution,dynamic_sequential_churn_100,2,1,2,1909300,0,0,1100
engine_execution,dynamic_sequential_churn_100,2,1,3,1882600,0,0,1200
engine_execution,dynamic_sequential_churn_100,2,1,4,1873500,0,0,1300
engine_execution,dynamic_sequential_churn_100,2,1,5,1931600,0,0,1400
engine_execution,dynamic_sequential_churn_100,2,1,6,2193400,0,0,1500
engine_execution,dynamic_sequential_churn_100,2,1,7,1903400,0,0,1600
engine_execution,dynamic_sequential_churn_100,2,1,8,1927200,0,0,1700
engine_execution,dynamic_sequential_churn_100,2,1,9,1857800,0,0,1800
engine_execution,dynamic_sequential_churn_100,2,1,10,1915100,0,0,1900
engine_execution,dynamic_sequential_churn_100,2,1,11,1946300,0,0,2000
engine_execution,dynamic_sequential_churn_100,2,1,12,2146600,0,0,2100
engine_execution,dynamic_sequential_churn_100,2,1,13,1904600,0,0,2200
engine_execution,dynamic_sequential_churn_100,2,1,14,1865700,0,0,2300
engine_execution,dynamic_sequential_churn_100,2,1,15,1867400,0,0,2400
engine_execution,dynamic_sequential_churn_100,2,1,16,1954100,0,0,2500
engine_execution,dynamic_sequential_churn_100,2,1,17,2145900,0,0,2600
engine_execution,dynamic_sequential_churn_100,2,1,18,1960800,0,0,2700
engine_execution,dynamic_sequential_churn_100,2,1,19,1867700,0,0,2800
engine_execution,dynamic_sequential_churn_100,2,1,20,1849600,0,0,2900
engine_execution,dynamic_sequential_churn_100,2,1,21,1887000,0,0,3000
engine_execution,dynamic_sequential_churn_100,2,1,22,2019700,0,0,3100
engine_execution,dynamic_sequential_churn_100,2,1,23,2164000,0,0,3200
engine_execution,dynamic_sequential_churn_100,2,1,24,1888800,0,0,3300
engine_execution,dynamic_sequential_churn_100,2,1,25,1860800,0,0,3400
engine_execution,dynamic_sequential_churn_100,2,1,26,1877800,0,0,3500
engine_execution,dynamic_sequential_churn_100,2,1,27,1915200,0,0,3600
engine_execution,dynamic_sequential_churn_100,2,1,28,1969000,0,0,3700
engine_execution,dynamic_sequential_churn_100,2,1,29,2076500,0,0,3800
engine_execution,dynamic_sequential_churn_100,2,1,30,1943100,0,0,3900
engine_execution,dynamic_sequential_churn_100,2,1,31,1850400,0,0,4000
engine_execution,dynamic_sequential_churn_100,2,1,32,1877500,0,0,4100
engine_execution,dynamic_sequential_churn_100,2,1,33,1880000,0,0,4200
engine_execution,dynamic_sequential_churn_100,2,1,34,1861400,0,0,4300
engine_execution,dynamic_sequential_churn_100,2,1,35,1862800,0,0,4400
engine_execution,dynamic_sequential_churn_100,2,1,36,1849800,0,0,4500
engine_execution,dynamic_sequential_churn_100,2,1,37,1849600,0,0,4600
engine_execution,dynamic_sequential_churn_100,2,1,38,1848200,0,0,4700
engine_execution,dynamic_sequential_churn_100,2,1,39,1867700,0,0,4800
engine_execution_alloc,dynamic_sequential_churn_100,2,1,100,0,31800,3397895,4900
engine_execution,effect_unknown_recovery_resolved,1,0,0,8000,0,0,9
engine_execution,effect_unknown_recovery_resolved,1,0,1,8000,0,0,10
engine_execution,effect_unknown_recovery_resolved,1,0,2,8000,0,0,11
engine_execution,effect_unknown_recovery_resolved,1,0,3,8200,0,0,12
engine_execution,effect_unknown_recovery_resolved,1,0,4,7800,0,0,13
engine_execution,effect_unknown_recovery_resolved,1,0,5,7800,0,0,14
engine_execution,effect_unknown_recovery_resolved,1,0,6,7800,0,0,15
engine_execution,effect_unknown_recovery_resolved,1,0,7,7800,0,0,16
engine_execution,effect_unknown_recovery_resolved,1,0,8,7800,0,0,17
engine_execution,effect_unknown_recovery_resolved,1,0,9,7800,0,0,18
engine_execution,effect_unknown_recovery_resolved,1,0,10,8100,0,0,19
engine_execution,effect_unknown_recovery_resolved,1,0,11,10800,0,0,20
engine_execution,effect_unknown_recovery_resolved,1,0,12,8000,0,0,21
engine_execution,effect_unknown_recovery_resolved,1,0,13,8100,0,0,22
engine_execution,effect_unknown_recovery_resolved,1,0,14,8200,0,0,23
engine_execution,effect_unknown_recovery_resolved,1,0,15,8300,0,0,24
engine_execution,effect_unknown_recovery_resolved,1,0,16,8400,0,0,25
engine_execution,effect_unknown_recovery_resolved,1,0,17,8200,0,0,26
engine_execution,effect_unknown_recovery_resolved,1,0,18,8500,0,0,27
engine_execution,effect_unknown_recovery_resolved,1,0,19,8100,0,0,28
engine_execution,effect_unknown_recovery_resolved,1,0,20,8100,0,0,29
engine_execution,effect_unknown_recovery_resolved,1,0,21,8100,0,0,30
engine_execution,effect_unknown_recovery_resolved,1,0,22,7800,0,0,31
engine_execution,effect_unknown_recovery_resolved,1,0,23,7900,0,0,32
engine_execution,effect_unknown_recovery_resolved,1,0,24,8100,0,0,33
engine_execution,effect_unknown_recovery_resolved,1,0,25,8000,0,0,34
engine_execution,effect_unknown_recovery_resolved,1,0,26,7800,0,0,35
engine_execution,effect_unknown_recovery_resolved,1,0,27,7700,0,0,36
engine_execution,effect_unknown_recovery_resolved,1,0,28,7900,0,0,37
engine_execution,effect_unknown_recovery_resolved,1,0,29,7900,0,0,38
engine_execution,effect_unknown_recovery_resolved,1,0,30,7900,0,0,39
engine_execution,effect_unknown_recovery_resolved,1,0,31,8000,0,0,40
engine_execution,effect_unknown_recovery_resolved,1,0,32,7900,0,0,41
engine_execution,effect_unknown_recovery_resolved,1,0,33,7900,0,0,42
engine_execution,effect_unknown_recovery_resolved,1,0,34,8200,0,0,43
engine_execution,effect_unknown_recovery_resolved,1,0,35,8000,0,0,44
engine_execution,effect_unknown_recovery_resolved,1,0,36,7900,0,0,45
engine_execution,effect_unknown_recovery_resolved,1,0,37,8700,0,0,46
engine_execution,effect_unknown_recovery_resolved,1,0,38,10000,0,0,47
engine_execution,effect_unknown_recovery_resolved,1,0,39,8800,0,0,48
engine_execution_alloc,effect_unknown_recovery_resolved,1,0,0,0,144,14963,49
engine_execution,effect_unknown_recovery_failed,1,0,0,8600,0,0,11
engine_execution,effect_unknown_recovery_failed,1,0,1,8500,0,0,12
engine_execution,effect_unknown_recovery_failed,1,0,2,8300,0,0,13
engine_execution,effect_unknown_recovery_failed,1,0,3,8100,0,0,14
engine_execution,effect_unknown_recovery_failed,1,0,4,8200,0,0,15
engine_execution,effect_unknown_recovery_failed,1,0,5,8200,0,0,16
engine_execution,effect_unknown_recovery_failed,1,0,6,8300,0,0,17
engine_execution,effect_unknown_recovery_failed,1,0,7,8400,0,0,18
engine_execution,effect_unknown_recovery_failed,1,0,8,8300,0,0,19
engine_execution,effect_unknown_recovery_failed,1,0,9,8300,0,0,20
engine_execution,effect_unknown_recovery_failed,1,0,10,8300,0,0,21
engine_execution,effect_unknown_recovery_failed,1,0,11,8300,0,0,22
engine_execution,effect_unknown_recovery_failed,1,0,12,8400,0,0,23
engine_execution,effect_unknown_recovery_failed,1,0,13,8500,0,0,24
engine_execution,effect_unknown_recovery_failed,1,0,14,8300,0,0,25
engine_execution,effect_unknown_recovery_failed,1,0,15,8200,0,0,26
engine_execution,effect_unknown_recovery_failed,1,0,16,8500,0,0,27
engine_execution,effect_unknown_recovery_failed,1,0,17,8400,0,0,28
engine_execution,effect_unknown_recovery_failed,1,0,18,8200,0,0,29
engine_execution,effect_unknown_recovery_failed,1,0,19,54800,0,0,30
engine_execution,effect_unknown_recovery_failed,1,0,20,39100,0,0,31
engine_execution,effect_unknown_recovery_failed,1,0,21,17600,0,0,32
engine_execution,effect_unknown_recovery_failed,1,0,22,10100,0,0,33
engine_execution,effect_unknown_recovery_failed,1,0,23,9800,0,0,34
engine_execution,effect_unknown_recovery_failed,1,0,24,9800,0,0,35
engine_execution,effect_unknown_recovery_failed,1,0,25,9200,0,0,36
engine_execution,effect_unknown_recovery_failed,1,0,26,9100,0,0,37
engine_execution,effect_unknown_recovery_failed,1,0,27,9200,0,0,38
engine_execution,effect_unknown_recovery_failed,1,0,28,9200,0,0,39
engine_execution,effect_unknown_recovery_failed,1,0,29,9400,0,0,40
engine_execution,effect_unknown_recovery_failed,1,0,30,9100,0,0,41
engine_execution,effect_unknown_recovery_failed,1,0,31,8800,0,0,42
engine_execution,effect_unknown_recovery_failed,1,0,32,9100,0,0,43
engine_execution,effect_unknown_recovery_failed,1,0,33,9100,0,0,44
engine_execution,effect_unknown_recovery_failed,1,0,34,9100,0,0,45
engine_execution,effect_unknown_recovery_failed,1,0,35,9200,0,0,46
engine_execution,effect_unknown_recovery_failed,1,0,36,9200,0,0,47
engine_execution,effect_unknown_recovery_failed,1,0,37,9100,0,0,48
engine_execution,effect_unknown_recovery_failed,1,0,38,9100,0,0,49
engine_execution,effect_unknown_recovery_failed,1,0,39,9100,0,0,50
engine_execution_alloc,effect_unknown_recovery_failed,1,0,0,0,151,15667,51
engine_execution,trace_default,100,99,0,309600,0,0,1
engine_execution,trace_default,100,99,1,311100,0,0,0
engine_execution,trace_default,100,99,2,314200,0,0,3
engine_execution,trace_default,100,99,3,308300,0,0,2
engine_execution,trace_default,100,99,4,308700,0,0,5
engine_execution,trace_default,100,99,5,313900,0,0,4
engine_execution,trace_default,100,99,6,310800,0,0,7
engine_execution,trace_default,100,99,7,308500,0,0,6
engine_execution,trace_default,100,99,8,322200,0,0,9
engine_execution,trace_default,100,99,9,312600,0,0,8
engine_execution,trace_default,100,99,10,308900,0,0,11
engine_execution,trace_default,100,99,11,309900,0,0,10
engine_execution,trace_default,100,99,12,314200,0,0,13
engine_execution,trace_default,100,99,13,310200,0,0,12
engine_execution,trace_default,100,99,14,315000,0,0,15
engine_execution,trace_default,100,99,15,316100,0,0,14
engine_execution,trace_default,100,99,16,307000,0,0,17
engine_execution,trace_default,100,99,17,311100,0,0,16
engine_execution,trace_default,100,99,18,322100,0,0,19
engine_execution,trace_default,100,99,19,305900,0,0,18
engine_execution,trace_default,100,99,20,304500,0,0,21
engine_execution,trace_default,100,99,21,309200,0,0,20
engine_execution,trace_default,100,99,22,307200,0,0,23
engine_execution,trace_default,100,99,23,306600,0,0,22
engine_execution,trace_default,100,99,24,311200,0,0,25
engine_execution,trace_default,100,99,25,308300,0,0,24
engine_execution,trace_default,100,99,26,306600,0,0,27
engine_execution,trace_default,100,99,27,309200,0,0,26
engine_execution,trace_default,100,99,28,320000,0,0,29
engine_execution,trace_default,100,99,29,311400,0,0,28
engine_execution,trace_default,100,99,30,307600,0,0,31
engine_execution,trace_default,100,99,31,320700,0,0,30
engine_execution,trace_default,100,99,32,319300,0,0,33
engine_execution,trace_default,100,99,33,312700,0,0,32
engine_execution,trace_default,100,99,34,313800,0,0,35
engine_execution,trace_default,100,99,35,307200,0,0,34
engine_execution,trace_default,100,99,36,308300,0,0,37
engine_execution,trace_default,100,99,37,312800,0,0,36
engine_execution,trace_default,100,99,38,307700,0,0,39
engine_execution,trace_default,100,99,39,310500,0,0,38
engine_execution_alloc,trace_default,100,99,0,0,5259,513144,23131
engine_execution,trace_observer,100,99,0,306000,0,0,1
engine_execution,trace_observer,100,99,1,313400,0,0,0
engine_execution,trace_observer,100,99,2,308200,0,0,3
engine_execution,trace_observer,100,99,3,310300,0,0,2
engine_execution,trace_observer,100,99,4,312700,0,0,5
engine_execution,trace_observer,100,99,5,307600,0,0,4
engine_execution,trace_observer,100,99,6,306200,0,0,7
engine_execution,trace_observer,100,99,7,311900,0,0,6
engine_execution,trace_observer,100,99,8,311300,0,0,9
engine_execution,trace_observer,100,99,9,311600,0,0,8
engine_execution,trace_observer,100,99,10,310000,0,0,11
engine_execution,trace_observer,100,99,11,312900,0,0,10
engine_execution,trace_observer,100,99,12,305900,0,0,13
engine_execution,trace_observer,100,99,13,305700,0,0,12
engine_execution,trace_observer,100,99,14,314800,0,0,15
engine_execution,trace_observer,100,99,15,312100,0,0,14
engine_execution,trace_observer,100,99,16,306100,0,0,17
engine_execution,trace_observer,100,99,17,318900,0,0,16
engine_execution,trace_observer,100,99,18,307800,0,0,19
engine_execution,trace_observer,100,99,19,305100,0,0,18
engine_execution,trace_observer,100,99,20,313200,0,0,21
engine_execution,trace_observer,100,99,21,308700,0,0,20
engine_execution,trace_observer,100,99,22,307200,0,0,23
engine_execution,trace_observer,100,99,23,312600,0,0,22
engine_execution,trace_observer,100,99,24,307700,0,0,25
engine_execution,trace_observer,100,99,25,308500,0,0,24
engine_execution,trace_observer,100,99,26,311200,0,0,27
engine_execution,trace_observer,100,99,27,312600,0,0,26
engine_execution,trace_observer,100,99,28,308500,0,0,29
engine_execution,trace_observer,100,99,29,307900,0,0,28
engine_execution,trace_observer,100,99,30,312500,0,0,31
engine_execution,trace_observer,100,99,31,307600,0,0,30
engine_execution,trace_observer,100,99,32,307100,0,0,33
engine_execution,trace_observer,100,99,33,310900,0,0,32
engine_execution,trace_observer,100,99,34,303100,0,0,35
engine_execution,trace_observer,100,99,35,309400,0,0,34
engine_execution,trace_observer,100,99,36,313400,0,0,37
engine_execution,trace_observer,100,99,37,307400,0,0,36
engine_execution,trace_observer,100,99,38,308200,0,0,39
engine_execution,trace_observer,100,99,39,310500,0,0,38
engine_execution_alloc,trace_observer,100,99,0,0,5259,513144,23131
representative_application,application_hash_sdax,10,9,0,26900,0,0,8827501768403342007
representative_application,application_hash_sdax,10,9,1,27000,0,0,8951258580674472749
representative_application,application_hash_sdax,10,9,2,26800,0,0,18157584738022301124
representative_application,application_hash_sdax,10,9,3,27600,0,0,16093298964628915617
representative_application,application_hash_sdax,10,9,4,27700,0,0,4338024545885762412
representative_application,application_hash_sdax,10,9,5,26800,0,0,4989613096480112062
representative_application,application_hash_sdax,10,9,6,26900,0,0,14756605482753659039
representative_application,application_hash_sdax,10,9,7,26900,0,0,48615153832195890
representative_application,application_hash_sdax,10,9,8,26800,0,0,12897547982939568865
representative_application,application_hash_sdax,10,9,9,26800,0,0,6455468052857312123
representative_application,application_hash_sdax,10,9,10,26700,0,0,7461994257773924098
representative_application,application_hash_sdax,10,9,11,26600,0,0,3636896381673253623
representative_application,application_hash_sdax,10,9,12,27000,0,0,6793413810667899076
representative_application,application_hash_sdax,10,9,13,26800,0,0,12277190981714708308
representative_application,application_hash_sdax,10,9,14,54100,0,0,9683030269895486545
representative_application,application_hash_sdax,10,9,15,27200,0,0,9383150768291419922
representative_application,application_hash_sdax,10,9,16,26900,0,0,11312423361794011584
representative_application,application_hash_sdax,10,9,17,27000,0,0,18128183083347417488
representative_application,application_hash_sdax,10,9,18,27400,0,0,12087555839788357172
representative_application,application_hash_sdax,10,9,19,27000,0,0,13041129334982073488
representative_application,application_hash_sdax,10,9,20,26900,0,0,8384464984104957687
representative_application,application_hash_sdax,10,9,21,27300,0,0,10868783110269989825
representative_application,application_hash_sdax,10,9,22,27200,0,0,15668235844036064711
representative_application,application_hash_sdax,10,9,23,27200,0,0,4013874171971043560
representative_application,application_hash_sdax,10,9,24,27300,0,0,4203571749175062306
representative_application,application_hash_sdax,10,9,25,27000,0,0,10926854856726577928
representative_application,application_hash_sdax,10,9,26,27200,0,0,16212662351989052772
representative_application,application_hash_sdax,10,9,27,27500,0,0,11560519827294593319
representative_application,application_hash_sdax,10,9,28,27000,0,0,7617103062409141563
representative_application,application_hash_sdax,10,9,29,27100,0,0,15838086077383948403
representative_application,application_hash_sdax,10,9,30,27200,0,0,8116776606867456652
representative_application,application_hash_sdax,10,9,31,27300,0,0,11359474695907197805
representative_application,application_hash_sdax,10,9,32,27300,0,0,9168736860549268637
representative_application,application_hash_sdax,10,9,33,26800,0,0,16764612828771598240
representative_application,application_hash_sdax,10,9,34,27300,0,0,14255204493723425259
representative_application,application_hash_sdax,10,9,35,27300,0,0,3518369773145393400
representative_application,application_hash_sdax,10,9,36,27200,0,0,8965317550446050729
representative_application,application_hash_sdax,10,9,37,27200,0,0,16665962306655849748
representative_application,application_hash_sdax,10,9,38,27000,0,0,13342058531664200426
representative_application,application_hash_sdax,10,9,39,27200,0,0,18112928529687244317
representative_application_alloc,application_hash_sdax,10,9,0,0,572,45205,17601881740522758837
representative_application,application_hash_handwritten,10,9,0,600,0,0,8827501768403342006
representative_application,application_hash_handwritten,10,9,1,500,0,0,8951258580674472748
representative_application,application_hash_handwritten,10,9,2,600,0,0,18157584738022301125
representative_application,application_hash_handwritten,10,9,3,600,0,0,16093298964628915616
representative_application,application_hash_handwritten,10,9,4,600,0,0,4338024545885762413
representative_application,application_hash_handwritten,10,9,5,600,0,0,4989613096480112063
representative_application,application_hash_handwritten,10,9,6,600,0,0,14756605482753659038
representative_application,application_hash_handwritten,10,9,7,600,0,0,48615153832195891
representative_application,application_hash_handwritten,10,9,8,600,0,0,12897547982939568864
representative_application,application_hash_handwritten,10,9,9,500,0,0,6455468052857312122
representative_application,application_hash_handwritten,10,9,10,500,0,0,7461994257773924099
representative_application,application_hash_handwritten,10,9,11,500,0,0,3636896381673253622
representative_application,application_hash_handwritten,10,9,12,500,0,0,6793413810667899077
representative_application,application_hash_handwritten,10,9,13,600,0,0,12277190981714708309
representative_application,application_hash_handwritten,10,9,14,600,0,0,9683030269895486544
representative_application,application_hash_handwritten,10,9,15,600,0,0,9383150768291419923
representative_application,application_hash_handwritten,10,9,16,600,0,0,11312423361794011585
representative_application,application_hash_handwritten,10,9,17,600,0,0,18128183083347417489
representative_application,application_hash_handwritten,10,9,18,600,0,0,12087555839788357173
representative_application,application_hash_handwritten,10,9,19,600,0,0,13041129334982073489
representative_application,application_hash_handwritten,10,9,20,600,0,0,8384464984104957686
representative_application,application_hash_handwritten,10,9,21,600,0,0,10868783110269989824
representative_application,application_hash_handwritten,10,9,22,500,0,0,15668235844036064710
representative_application,application_hash_handwritten,10,9,23,500,0,0,4013874171971043561
representative_application,application_hash_handwritten,10,9,24,600,0,0,4203571749175062307
representative_application,application_hash_handwritten,10,9,25,600,0,0,10926854856726577929
representative_application,application_hash_handwritten,10,9,26,600,0,0,16212662351989052773
representative_application,application_hash_handwritten,10,9,27,600,0,0,11560519827294593318
representative_application,application_hash_handwritten,10,9,28,600,0,0,7617103062409141562
representative_application,application_hash_handwritten,10,9,29,600,0,0,15838086077383948402
representative_application,application_hash_handwritten,10,9,30,600,0,0,8116776606867456653
representative_application,application_hash_handwritten,10,9,31,600,0,0,11359474695907197804
representative_application,application_hash_handwritten,10,9,32,600,0,0,9168736860549268636
representative_application,application_hash_handwritten,10,9,33,600,0,0,16764612828771598241
representative_application,application_hash_handwritten,10,9,34,600,0,0,14255204493723425258
representative_application,application_hash_handwritten,10,9,35,600,0,0,3518369773145393401
representative_application,application_hash_handwritten,10,9,36,600,0,0,8965317550446050728
representative_application,application_hash_handwritten,10,9,37,600,0,0,16665962306655849749
representative_application,application_hash_handwritten,10,9,38,600,0,0,13342058531664200427
representative_application,application_hash_handwritten,10,9,39,600,0,0,18112928529687244316
representative_application,application_hash_sdax,100,99,0,305700,0,0,11698499080773063169
representative_application,application_hash_sdax,100,99,1,316500,0,0,1167273700599470746
representative_application,application_hash_sdax,100,99,2,310400,0,0,230717062559681466
representative_application,application_hash_sdax,100,99,3,312800,0,0,13461277124864170951
representative_application,application_hash_sdax,100,99,4,318000,0,0,1843089491647656604
representative_application,application_hash_sdax,100,99,5,308900,0,0,1884400405866327554
representative_application,application_hash_sdax,100,99,6,307200,0,0,15657071968087079792
representative_application,application_hash_sdax,100,99,7,307200,0,0,8136226820520416651
representative_application,application_hash_sdax,100,99,8,314600,0,0,9211086410723557827
representative_application,application_hash_sdax,100,99,9,309700,0,0,3206438314367023030
representative_application,application_hash_sdax,100,99,10,307400,0,0,5368241661201366769
representative_application,application_hash_sdax,100,99,11,315300,0,0,6168939717596367288
representative_application,application_hash_sdax,100,99,12,307400,0,0,14206662131410471245
representative_application,application_hash_sdax,100,99,13,304500,0,0,13119166869922341979
representative_application,application_hash_sdax,100,99,14,307600,0,0,13832537443924736586
representative_application,application_hash_sdax,100,99,15,306600,0,0,10215951684877506974
representative_application,application_hash_sdax,100,99,16,305400,0,0,5034229283543529572
representative_application,application_hash_sdax,100,99,17,310700,0,0,14677823012927430832
representative_application,application_hash_sdax,100,99,18,306800,0,0,13894612964717701903
representative_application,application_hash_sdax,100,99,19,306100,0,0,15583721593309401490
representative_application,application_hash_sdax,100,99,20,305500,0,0,6418842662590208827
representative_application,application_hash_sdax,100,99,21,311600,0,0,13631435880641776915
representative_application,application_hash_sdax,100,99,22,307900,0,0,17183653852698357092
representative_application,application_hash_sdax,100,99,23,305100,0,0,9274972455216937604
representative_application,application_hash_sdax,100,99,24,312100,0,0,9355792106790873694
representative_application,application_hash_sdax,100,99,25,309500,0,0,6870977820890846112
representative_application,application_hash_sdax,100,99,26,311000,0,0,7356228651156183227
representative_application,application_hash_sdax,100,99,27,316400,0,0,6496560239278517594
representative_application,application_hash_sdax,100,99,28,308200,0,0,1600470374967907333
representative_application,application_hash_sdax,100,99,29,319100,0,0,7749396622089507156
representative_application,application_hash_sdax,100,99,30,308400,0,0,5914597544721144955
representative_application,application_hash_sdax,100,99,31,304400,0,0,8593148281290798141
representative_application,application_hash_sdax,100,99,32,309800,0,0,17312262507819578044
representative_application,application_hash_sdax,100,99,33,311100,0,0,8449402800832754809
representative_application,application_hash_sdax,100,99,34,307100,0,0,3614604414420252231
representative_application,application_hash_sdax,100,99,35,307100,0,0,2366660716473973819
representative_application,application_hash_sdax,100,99,36,307500,0,0,8524431054321544385
representative_application,application_hash_sdax,100,99,37,309600,0,0,11652126080490940143
representative_application,application_hash_sdax,100,99,38,303700,0,0,7153169922785203679
representative_application,application_hash_sdax,100,99,39,306400,0,0,6082470906507506695
representative_application_alloc,application_hash_sdax,100,99,0,0,5259,516301,4889995614244325387
representative_application,application_hash_handwritten,100,99,0,6100,0,0,11698499080773063168
representative_application,application_hash_handwritten,100,99,1,6100,0,0,1167273700599470747
representative_application,application_hash_handwritten,100,99,2,6100,0,0,230717062559681467
representative_application,application_hash_handwritten,100,99,3,6100,0,0,13461277124864170950
representative_application,application_hash_handwritten,100,99,4,6200,0,0,1843089491647656605
representative_application,application_hash_handwritten,100,99,5,6100,0,0,1884400405866327555
representative_application,application_hash_handwritten,100,99,6,6100,0,0,15657071968087079793
representative_application,application_hash_handwritten,100,99,7,6200,0,0,8136226820520416650
representative_application,application_hash_handwritten,100,99,8,6200,0,0,9211086410723557826
representative_application,application_hash_handwritten,100,99,9,6100,0,0,3206438314367023031
representative_application,application_hash_handwritten,100,99,10,6100,0,0,5368241661201366768
representative_application,application_hash_handwritten,100,99,11,6200,0,0,6168939717596367289
representative_application,application_hash_handwritten,100,99,12,6200,0,0,14206662131410471244
representative_application,application_hash_handwritten,100,99,13,6100,0,0,13119166869922341978
representative_application,application_hash_handwritten,100,99,14,6100,0,0,13832537443924736587
representative_application,application_hash_handwritten,100,99,15,6200,0,0,10215951684877506975
representative_application,application_hash_handwritten,100,99,16,6100,0,0,5034229283543529573
representative_application,application_hash_handwritten,100,99,17,6100,0,0,14677823012927430833
representative_application,application_hash_handwritten,100,99,18,6100,0,0,13894612964717701902
representative_application,application_hash_handwritten,100,99,19,6200,0,0,15583721593309401491
representative_application,application_hash_handwritten,100,99,20,6100,0,0,6418842662590208826
representative_application,application_hash_handwritten,100,99,21,6100,0,0,13631435880641776914
representative_application,application_hash_handwritten,100,99,22,6100,0,0,17183653852698357093
representative_application,application_hash_handwritten,100,99,23,6200,0,0,9274972455216937605
representative_application,application_hash_handwritten,100,99,24,6100,0,0,9355792106790873695
representative_application,application_hash_handwritten,100,99,25,6100,0,0,6870977820890846113
representative_application,application_hash_handwritten,100,99,26,6200,0,0,7356228651156183226
representative_application,application_hash_handwritten,100,99,27,6200,0,0,6496560239278517595
representative_application,application_hash_handwritten,100,99,28,6100,0,0,1600470374967907332
representative_application,application_hash_handwritten,100,99,29,6100,0,0,7749396622089507157
representative_application,application_hash_handwritten,100,99,30,6200,0,0,5914597544721144954
representative_application,application_hash_handwritten,100,99,31,6100,0,0,8593148281290798140
representative_application,application_hash_handwritten,100,99,32,6100,0,0,17312262507819578045
representative_application,application_hash_handwritten,100,99,33,6100,0,0,8449402800832754808
representative_application,application_hash_handwritten,100,99,34,6100,0,0,3614604414420252230
representative_application,application_hash_handwritten,100,99,35,6100,0,0,2366660716473973818
representative_application,application_hash_handwritten,100,99,36,6100,0,0,8524431054321544384
representative_application,application_hash_handwritten,100,99,37,6200,0,0,11652126080490940142
representative_application,application_hash_handwritten,100,99,38,6100,0,0,7153169922785203678
representative_application,application_hash_handwritten,100,99,39,6100,0,0,6082470906507506694
