phase,workload,nodes,edges,sample,nanos,allocations,allocated_bytes,checksum
adapter_setup,current_thread_runtime,0,0,0,3375,0,0,0
adapter_setup,current_thread_runtime,0,0,1,1375,0,0,0
adapter_setup,current_thread_runtime,0,0,2,1125,0,0,0
adapter_setup,current_thread_runtime,0,0,3,1167,0,0,0
adapter_setup,current_thread_runtime,0,0,4,1083,0,0,0
adapter_setup,current_thread_runtime,0,0,5,1125,0,0,0
adapter_setup,current_thread_runtime,0,0,6,2167,0,0,0
adapter_setup,current_thread_runtime,0,0,7,1167,0,0,0
adapter_setup,current_thread_runtime,0,0,8,1041,0,0,0
adapter_setup,current_thread_runtime,0,0,9,1166,0,0,0
adapter_setup,current_thread_runtime,0,0,10,1042,0,0,0
adapter_setup,current_thread_runtime,0,0,11,2041,0,0,0
adapter_setup,current_thread_runtime,0,0,12,2042,0,0,0
adapter_setup,current_thread_runtime,0,0,13,1167,0,0,0
adapter_setup,current_thread_runtime,0,0,14,1167,0,0,0
adapter_setup,current_thread_runtime,0,0,15,1041,0,0,0
adapter_setup,current_thread_runtime,0,0,16,2000,0,0,0
adapter_setup,current_thread_runtime,0,0,17,2083,0,0,0
adapter_setup,current_thread_runtime,0,0,18,1125,0,0,0
adapter_setup,current_thread_runtime,0,0,19,1083,0,0,0
adapter_setup,current_thread_runtime,0,0,20,1042,0,0,0
adapter_setup,current_thread_runtime,0,0,21,1083,0,0,0
adapter_setup,current_thread_runtime,0,0,22,1000,0,0,0
adapter_setup,current_thread_runtime,0,0,23,1000,0,0,0
adapter_setup,current_thread_runtime,0,0,24,1084,0,0,0
adapter_setup,current_thread_runtime,0,0,25,1000,0,0,0
adapter_setup,current_thread_runtime,0,0,26,1000,0,0,0
adapter_setup,current_thread_runtime,0,0,27,1000,0,0,0
adapter_setup,current_thread_runtime,0,0,28,1042,0,0,0
adapter_setup,current_thread_runtime,0,0,29,1000,0,0,0
adapter_setup,current_thread_runtime,0,0,30,958,0,0,0
adapter_setup,current_thread_runtime,0,0,31,1000,0,0,0
adapter_setup,current_thread_runtime,0,0,32,1000,0,0,0
adapter_setup,current_thread_runtime,0,0,33,1208,0,0,0
adapter_setup,current_thread_runtime,0,0,34,1042,0,0,0
adapter_setup,current_thread_runtime,0,0,35,1041,0,0,0
adapter_setup,current_thread_runtime,0,0,36,1083,0,0,0
adapter_setup,current_thread_runtime,0,0,37,1000,0,0,0
adapter_setup,current_thread_runtime,0,0,38,1000,0,0,0
adapter_setup,current_thread_runtime,0,0,39,1042,0,0,0
fixture_generation,graph_chain,1,0,0,250,0,0,5
fixture_generation,graph_chain,1,0,1,208,0,0,5
fixture_generation,graph_chain,1,0,2,125,0,0,5
fixture_generation,graph_chain,1,0,3,125,0,0,5
fixture_generation,graph_chain,1,0,4,125,0,0,5
fixture_generation,graph_chain,1,0,5,167,0,0,5
fixture_generation,graph_chain,1,0,6,125,0,0,5
fixture_generation,graph_chain,1,0,7,125,0,0,5
fixture_generation,graph_chain,1,0,8,125,0,0,5
fixture_generation,graph_chain,1,0,9,125,0,0,5
fixture_generation,graph_chain,1,0,10,125,0,0,5
fixture_generation,graph_chain,1,0,11,208,0,0,5
fixture_generation,graph_chain,1,0,12,167,0,0,5
fixture_generation,graph_chain,1,0,13,167,0,0,5
fixture_generation,graph_chain,1,0,14,125,0,0,5
fixture_generation,graph_chain,1,0,15,125,0,0,5
fixture_generation,graph_chain,1,0,16,1125,0,0,5
fixture_generation,graph_chain,1,0,17,208,0,0,5
fixture_generation,graph_chain,1,0,18,125,0,0,5
fixture_generation,graph_chain,1,0,19,125,0,0,5
plan_build,graph_chain,1,0,0,1208,0,0,11
plan_build,graph_chain,1,0,1,1458,0,0,11
plan_build,graph_chain,1,0,2,500,0,0,11
plan_build,graph_chain,1,0,3,459,0,0,11
plan_build,graph_chain,1,0,4,459,0,0,11
plan_build,graph_chain,1,0,5,500,0,0,11
plan_build,graph_chain,1,0,6,458,0,0,11
plan_build,graph_chain,1,0,7,416,0,0,11
plan_build,graph_chain,1,0,8,458,0,0,11
plan_build,graph_chain,1,0,9,459,0,0,11
plan_build,graph_chain,1,0,10,416,0,0,11
plan_build,graph_chain,1,0,11,417,0,0,11
plan_build,graph_chain,1,0,12,417,0,0,11
plan_build,graph_chain,1,0,13,416,0,0,11
plan_build,graph_chain,1,0,14,417,0,0,11
plan_build,graph_chain,1,0,15,417,0,0,11
plan_build,graph_chain,1,0,16,416,0,0,11
plan_build,graph_chain,1,0,17,500,0,0,11
plan_build,graph_chain,1,0,18,458,0,0,11
plan_build,graph_chain,1,0,19,417,0,0,11
plan_build_alloc,graph_chain,1,0,0,0,13,2317,11
engine_execution,graph_chain,1,0,0,5417,0,0,1
engine_execution,graph_chain,1,0,1,5500,0,0,0
engine_execution,graph_chain,1,0,2,6875,0,0,3
engine_execution,graph_chain,1,0,3,5917,0,0,2
engine_execution,graph_chain,1,0,4,5833,0,0,5
engine_execution,graph_chain,1,0,5,5583,0,0,4
engine_execution,graph_chain,1,0,6,5583,0,0,7
engine_execution,graph_chain,1,0,7,5583,0,0,6
engine_execution,graph_chain,1,0,8,5958,0,0,9
engine_execution,graph_chain,1,0,9,5875,0,0,8
engine_execution,graph_chain,1,0,10,5666,0,0,11
engine_execution,graph_chain,1,0,11,5667,0,0,10
engine_execution,graph_chain,1,0,12,5541,0,0,13
engine_execution,graph_chain,1,0,13,5625,0,0,12
engine_execution,graph_chain,1,0,14,5291,0,0,15
engine_execution,graph_chain,1,0,15,5667,0,0,14
engine_execution,graph_chain,1,0,16,5834,0,0,17
engine_execution,graph_chain,1,0,17,5833,0,0,16
engine_execution,graph_chain,1,0,18,5542,0,0,19
engine_execution,graph_chain,1,0,19,5584,0,0,18
engine_execution,graph_chain,1,0,20,5458,0,0,21
engine_execution,graph_chain,1,0,21,5625,0,0,20
engine_execution,graph_chain,1,0,22,5458,0,0,23
engine_execution,graph_chain,1,0,23,5791,0,0,22
engine_execution,graph_chain,1,0,24,5625,0,0,25
engine_execution,graph_chain,1,0,25,5583,0,0,24
engine_execution,graph_chain,1,0,26,5583,0,0,27
engine_execution,graph_chain,1,0,27,5875,0,0,26
engine_execution,graph_chain,1,0,28,5583,0,0,29
engine_execution,graph_chain,1,0,29,5709,0,0,28
engine_execution,graph_chain,1,0,30,5542,0,0,31
engine_execution,graph_chain,1,0,31,5541,0,0,30
engine_execution,graph_chain,1,0,32,5625,0,0,33
engine_execution,graph_chain,1,0,33,5708,0,0,32
engine_execution,graph_chain,1,0,34,5583,0,0,35
engine_execution,graph_chain,1,0,35,5333,0,0,34
engine_execution,graph_chain,1,0,36,5333,0,0,37
engine_execution,graph_chain,1,0,37,5542,0,0,36
engine_execution,graph_chain,1,0,38,5792,0,0,39
engine_execution,graph_chain,1,0,39,5458,0,0,38
engine_execution_alloc,graph_chain,1,0,0,0,118,15764,23131
machine_state_setup,graph_chain,1,0,0,875,0,0,1
body_state_setup,graph_chain,1,0,0,375,0,0,0
machine_state_setup,graph_chain,1,0,1,625,0,0,1
body_state_setup,graph_chain,1,0,1,250,0,0,0
machine_state_setup,graph_chain,1,0,2,542,0,0,1
body_state_setup,graph_chain,1,0,2,208,0,0,0
machine_state_setup,graph_chain,1,0,3,500,0,0,1
body_state_setup,graph_chain,1,0,3,292,0,0,0
machine_state_setup,graph_chain,1,0,4,584,0,0,1
body_state_setup,graph_chain,1,0,4,291,0,0,0
machine_state_setup,graph_chain,1,0,5,542,0,0,1
body_state_setup,graph_chain,1,0,5,250,0,0,0
machine_state_setup,graph_chain,1,0,6,500,0,0,1
body_state_setup,graph_chain,1,0,6,209,0,0,0
machine_state_setup,graph_chain,1,0,7,500,0,0,1
body_state_setup,graph_chain,1,0,7,208,0,0,0
machine_state_setup,graph_chain,1,0,8,500,0,0,1
body_state_setup,graph_chain,1,0,8,208,0,0,0
machine_state_setup,graph_chain,1,0,9,500,0,0,1
body_state_setup,graph_chain,1,0,9,209,0,0,0
machine_state_setup,graph_chain,1,0,10,500,0,0,1
body_state_setup,graph_chain,1,0,10,250,0,0,0
machine_state_setup,graph_chain,1,0,11,542,0,0,1
body_state_setup,graph_chain,1,0,11,208,0,0,0
machine_state_setup,graph_chain,1,0,12,500,0,0,1
body_state_setup,graph_chain,1,0,12,291,0,0,0
machine_state_setup,graph_chain,1,0,13,584,0,0,1
body_state_setup,graph_chain,1,0,13,250,0,0,0
machine_state_setup,graph_chain,1,0,14,500,0,0,1
body_state_setup,graph_chain,1,0,14,250,0,0,0
machine_state_setup,graph_chain,1,0,15,500,0,0,1
body_state_setup,graph_chain,1,0,15,208,0,0,0
machine_state_setup,graph_chain,1,0,16,458,0,0,1
body_state_setup,graph_chain,1,0,16,208,0,0,0
machine_state_setup,graph_chain,1,0,17,500,0,0,1
body_state_setup,graph_chain,1,0,17,208,0,0,0
machine_state_setup,graph_chain,1,0,18,500,0,0,1
body_state_setup,graph_chain,1,0,18,208,0,0,0
machine_state_setup,graph_chain,1,0,19,500,0,0,1
body_state_setup,graph_chain,1,0,19,209,0,0,0
machine_state_setup,graph_chain,1,0,20,500,0,0,1
body_state_setup,graph_chain,1,0,20,208,0,0,0
machine_state_setup,graph_chain,1,0,21,500,0,0,1
body_state_setup,graph_chain,1,0,21,208,0,0,0
machine_state_setup,graph_chain,1,0,22,500,0,0,1
body_state_setup,graph_chain,1,0,22,250,0,0,0
machine_state_setup,graph_chain,1,0,23,500,0,0,1
body_state_setup,graph_chain,1,0,23,208,0,0,0
machine_state_setup,graph_chain,1,0,24,500,0,0,1
body_state_setup,graph_chain,1,0,24,250,0,0,0
machine_state_setup,graph_chain,1,0,25,500,0,0,1
body_state_setup,graph_chain,1,0,25,208,0,0,0
machine_state_setup,graph_chain,1,0,26,500,0,0,1
body_state_setup,graph_chain,1,0,26,209,0,0,0
machine_state_setup,graph_chain,1,0,27,500,0,0,1
body_state_setup,graph_chain,1,0,27,250,0,0,0
machine_state_setup,graph_chain,1,0,28,500,0,0,1
body_state_setup,graph_chain,1,0,28,208,0,0,0
machine_state_setup,graph_chain,1,0,29,500,0,0,1
body_state_setup,graph_chain,1,0,29,208,0,0,0
machine_state_setup,graph_chain,1,0,30,458,0,0,1
body_state_setup,graph_chain,1,0,30,208,0,0,0
machine_state_setup,graph_chain,1,0,31,500,0,0,1
body_state_setup,graph_chain,1,0,31,209,0,0,0
machine_state_setup,graph_chain,1,0,32,500,0,0,1
body_state_setup,graph_chain,1,0,32,209,0,0,0
machine_state_setup,graph_chain,1,0,33,500,0,0,1
body_state_setup,graph_chain,1,0,33,209,0,0,0
machine_state_setup,graph_chain,1,0,34,500,0,0,1
body_state_setup,graph_chain,1,0,34,250,0,0,0
machine_state_setup,graph_chain,1,0,35,542,0,0,1
body_state_setup,graph_chain,1,0,35,208,0,0,0
machine_state_setup,graph_chain,1,0,36,500,0,0,1
body_state_setup,graph_chain,1,0,36,208,0,0,0
machine_state_setup,graph_chain,1,0,37,458,0,0,1
body_state_setup,graph_chain,1,0,37,208,0,0,0
machine_state_setup,graph_chain,1,0,38,500,0,0,1
body_state_setup,graph_chain,1,0,38,208,0,0,0
machine_state_setup,graph_chain,1,0,39,500,0,0,1
body_state_setup,graph_chain,1,0,39,250,0,0,0
pure_machine_events_preseeded,graph_chain,1,0,0,2000,0,0,1
pure_machine_events_preseeded,graph_chain,1,0,1,1125,0,0,1
pure_machine_events_preseeded,graph_chain,1,0,2,1084,0,0,1
pure_machine_events_preseeded,graph_chain,1,0,3,1083,0,0,1
pure_machine_events_preseeded,graph_chain,1,0,4,1084,0,0,1
pure_machine_events_preseeded,graph_chain,1,0,5,1083,0,0,1
pure_machine_events_preseeded,graph_chain,1,0,6,1083,0,0,1
pure_machine_events_preseeded,graph_chain,1,0,7,1042,0,0,1
pure_machine_events_preseeded,graph_chain,1,0,8,1042,0,0,1
pure_machine_events_preseeded,graph_chain,1,0,9,1084,0,0,1
pure_machine_events_preseeded,graph_chain,1,0,10,1042,0,0,1
pure_machine_events_preseeded,graph_chain,1,0,11,1083,0,0,1
pure_machine_events_preseeded,graph_chain,1,0,12,1041,0,0,1
pure_machine_events_preseeded,graph_chain,1,0,13,1041,0,0,1
pure_machine_events_preseeded,graph_chain,1,0,14,1042,0,0,1
pure_machine_events_preseeded,graph_chain,1,0,15,1041,0,0,1
pure_machine_events_preseeded,graph_chain,1,0,16,1041,0,0,1
pure_machine_events_preseeded,graph_chain,1,0,17,1041,0,0,1
pure_machine_events_preseeded,graph_chain,1,0,18,1083,0,0,1
pure_machine_events_preseeded,graph_chain,1,0,19,1042,0,0,1
pure_machine_events_preseeded,graph_chain,1,0,20,1084,0,0,1
pure_machine_events_preseeded,graph_chain,1,0,21,1083,0,0,1
pure_machine_events_preseeded,graph_chain,1,0,22,1042,0,0,1
pure_machine_events_preseeded,graph_chain,1,0,23,1084,0,0,1
pure_machine_events_preseeded,graph_chain,1,0,24,1042,0,0,1
pure_machine_events_preseeded,graph_chain,1,0,25,1042,0,0,1
pure_machine_events_preseeded,graph_chain,1,0,26,1042,0,0,1
pure_machine_events_preseeded,graph_chain,1,0,27,1042,0,0,1
pure_machine_events_preseeded,graph_chain,1,0,28,1042,0,0,1
pure_machine_events_preseeded,graph_chain,1,0,29,1000,0,0,1
pure_machine_events_preseeded,graph_chain,1,0,30,1041,0,0,1
pure_machine_events_preseeded,graph_chain,1,0,31,1042,0,0,1
pure_machine_events_preseeded,graph_chain,1,0,32,1042,0,0,1
pure_machine_events_preseeded,graph_chain,1,0,33,1000,0,0,1
pure_machine_events_preseeded,graph_chain,1,0,34,1083,0,0,1
pure_machine_events_preseeded,graph_chain,1,0,35,1000,0,0,1
pure_machine_events_preseeded,graph_chain,1,0,36,1083,0,0,1
pure_machine_events_preseeded,graph_chain,1,0,37,1083,0,0,1
pure_machine_events_preseeded,graph_chain,1,0,38,1042,0,0,1
pure_machine_events_preseeded,graph_chain,1,0,39,1042,0,0,1
fixture_generation,graph_wide,1,0,0,125,0,0,5
fixture_generation,graph_wide,1,0,1,83,0,0,5
fixture_generation,graph_wide,1,0,2,83,0,0,5
fixture_generation,graph_wide,1,0,3,83,0,0,5
fixture_generation,graph_wide,1,0,4,83,0,0,5
fixture_generation,graph_wide,1,0,5,125,0,0,5
fixture_generation,graph_wide,1,0,6,83,0,0,5
fixture_generation,graph_wide,1,0,7,83,0,0,5
fixture_generation,graph_wide,1,0,8,125,0,0,5
fixture_generation,graph_wide,1,0,9,125,0,0,5
fixture_generation,graph_wide,1,0,10,125,0,0,5
fixture_generation,graph_wide,1,0,11,125,0,0,5
fixture_generation,graph_wide,1,0,12,125,0,0,5
fixture_generation,graph_wide,1,0,13,83,0,0,5
fixture_generation,graph_wide,1,0,14,83,0,0,5
fixture_generation,graph_wide,1,0,15,167,0,0,5
fixture_generation,graph_wide,1,0,16,125,0,0,5
fixture_generation,graph_wide,1,0,17,125,0,0,5
fixture_generation,graph_wide,1,0,18,84,0,0,5
fixture_generation,graph_wide,1,0,19,125,0,0,5
plan_build,graph_wide,1,0,0,833,0,0,10
plan_build,graph_wide,1,0,1,500,0,0,10
plan_build,graph_wide,1,0,2,417,0,0,10
plan_build,graph_wide,1,0,3,459,0,0,10
plan_build,graph_wide,1,0,4,459,0,0,10
plan_build,graph_wide,1,0,5,458,0,0,10
plan_build,graph_wide,1,0,6,416,0,0,10
plan_build,graph_wide,1,0,7,458,0,0,10
plan_build,graph_wide,1,0,8,459,0,0,10
plan_build,graph_wide,1,0,9,459,0,0,10
plan_build,graph_wide,1,0,10,458,0,0,10
plan_build,graph_wide,1,0,11,416,0,0,10
plan_build,graph_wide,1,0,12,458,0,0,10
plan_build,graph_wide,1,0,13,417,0,0,10
plan_build,graph_wide,1,0,14,417,0,0,10
plan_build,graph_wide,1,0,15,458,0,0,10
plan_build,graph_wide,1,0,16,458,0,0,10
plan_build,graph_wide,1,0,17,417,0,0,10
plan_build,graph_wide,1,0,18,417,0,0,10
plan_build,graph_wide,1,0,19,416,0,0,10
plan_build_alloc,graph_wide,1,0,0,0,13,2316,10
engine_execution,graph_wide,1,0,0,5292,0,0,1
engine_execution,graph_wide,1,0,1,5250,0,0,0
engine_execution,graph_wide,1,0,2,5500,0,0,3
engine_execution,graph_wide,1,0,3,5709,0,0,2
engine_execution,graph_wide,1,0,4,5583,0,0,5
engine_execution,graph_wide,1,0,5,5542,0,0,4
engine_execution,graph_wide,1,0,6,5459,0,0,7
engine_execution,graph_wide,1,0,7,5791,0,0,6
engine_execution,graph_wide,1,0,8,5834,0,0,9
engine_execution,graph_wide,1,0,9,5667,0,0,8
engine_execution,graph_wide,1,0,10,5959,0,0,11
engine_execution,graph_wide,1,0,11,5792,0,0,10
engine_execution,graph_wide,1,0,12,5750,0,0,13
engine_execution,graph_wide,1,0,13,5875,0,0,12
engine_execution,graph_wide,1,0,14,5500,0,0,15
engine_execution,graph_wide,1,0,15,5542,0,0,14
engine_execution,graph_wide,1,0,16,5500,0,0,17
engine_execution,graph_wide,1,0,17,5667,0,0,16
engine_execution,graph_wide,1,0,18,5583,0,0,19
engine_execution,graph_wide,1,0,19,5667,0,0,18
engine_execution,graph_wide,1,0,20,5583,0,0,21
engine_execution,graph_wide,1,0,21,5666,0,0,20
engine_execution,graph_wide,1,0,22,5625,0,0,23
engine_execution,graph_wide,1,0,23,5583,0,0,22
engine_execution,graph_wide,1,0,24,5584,0,0,25
engine_execution,graph_wide,1,0,25,5750,0,0,24
engine_execution,graph_wide,1,0,26,5667,0,0,27
engine_execution,graph_wide,1,0,27,5833,0,0,26
engine_execution,graph_wide,1,0,28,5542,0,0,29
engine_execution,graph_wide,1,0,29,5500,0,0,28
engine_execution,graph_wide,1,0,30,5583,0,0,31
engine_execution,graph_wide,1,0,31,5542,0,0,30
engine_execution,graph_wide,1,0,32,5541,0,0,33
engine_execution,graph_wide,1,0,33,5500,0,0,32
engine_execution,graph_wide,1,0,34,5625,0,0,35
engine_execution,graph_wide,1,0,35,5458,0,0,34
engine_execution,graph_wide,1,0,36,5500,0,0,37
engine_execution,graph_wide,1,0,37,5583,0,0,36
engine_execution,graph_wide,1,0,38,5708,0,0,39
engine_execution,graph_wide,1,0,39,5583,0,0,38
engine_execution_alloc,graph_wide,1,0,0,0,118,15762,23131
machine_state_setup,graph_wide,1,0,0,625,0,0,1
body_state_setup,graph_wide,1,0,0,292,0,0,0
machine_state_setup,graph_wide,1,0,1,541,0,0,1
body_state_setup,graph_wide,1,0,1,250,0,0,0
machine_state_setup,graph_wide,1,0,2,583,0,0,1
body_state_setup,graph_wide,1,0,2,250,0,0,0
machine_state_setup,graph_wide,1,0,3,583,0,0,1
body_state_setup,graph_wide,1,0,3,250,0,0,0
machine_state_setup,graph_wide,1,0,4,541,0,0,1
body_state_setup,graph_wide,1,0,4,334,0,0,0
machine_state_setup,graph_wide,1,0,5,542,0,0,1
body_state_setup,graph_wide,1,0,5,250,0,0,0
machine_state_setup,graph_wide,1,0,6,500,0,0,1
body_state_setup,graph_wide,1,0,6,209,0,0,0
machine_state_setup,graph_wide,1,0,7,542,0,0,1
body_state_setup,graph_wide,1,0,7,208,0,0,0
machine_state_setup,graph_wide,1,0,8,500,0,0,1
body_state_setup,graph_wide,1,0,8,208,0,0,0
machine_state_setup,graph_wide,1,0,9,542,0,0,1
body_state_setup,graph_wide,1,0,9,208,0,0,0
machine_state_setup,graph_wide,1,0,10,500,0,0,1
body_state_setup,graph_wide,1,0,10,209,0,0,0
machine_state_setup,graph_wide,1,0,11,500,0,0,1
body_state_setup,graph_wide,1,0,11,250,0,0,0
machine_state_setup,graph_wide,1,0,12,542,0,0,1
body_state_setup,graph_wide,1,0,12,208,0,0,0
machine_state_setup,graph_wide,1,0,13,500,0,0,1
body_state_setup,graph_wide,1,0,13,250,0,0,0
machine_state_setup,graph_wide,1,0,14,500,0,0,1
body_state_setup,graph_wide,1,0,14,208,0,0,0
machine_state_setup,graph_wide,1,0,15,500,0,0,1
body_state_setup,graph_wide,1,0,15,250,0,0,0
machine_state_setup,graph_wide,1,0,16,500,0,0,1
body_state_setup,graph_wide,1,0,16,208,0,0,0
machine_state_setup,graph_wide,1,0,17,500,0,0,1
body_state_setup,graph_wide,1,0,17,209,0,0,0
machine_state_setup,graph_wide,1,0,18,500,0,0,1
body_state_setup,graph_wide,1,0,18,209,0,0,0
machine_state_setup,graph_wide,1,0,19,500,0,0,1
body_state_setup,graph_wide,1,0,19,250,0,0,0
machine_state_setup,graph_wide,1,0,20,500,0,0,1
body_state_setup,graph_wide,1,0,20,208,0,0,0
machine_state_setup,graph_wide,1,0,21,542,0,0,1
body_state_setup,graph_wide,1,0,21,250,0,0,0
machine_state_setup,graph_wide,1,0,22,500,0,0,1
body_state_setup,graph_wide,1,0,22,209,0,0,0
machine_state_setup,graph_wide,1,0,23,500,0,0,1
body_state_setup,graph_wide,1,0,23,208,0,0,0
machine_state_setup,graph_wide,1,0,24,500,0,0,1
body_state_setup,graph_wide,1,0,24,208,0,0,0
machine_state_setup,graph_wide,1,0,25,500,0,0,1
body_state_setup,graph_wide,1,0,25,250,0,0,0
machine_state_setup,graph_wide,1,0,26,459,0,0,1
body_state_setup,graph_wide,1,0,26,209,0,0,0
machine_state_setup,graph_wide,1,0,27,500,0,0,1
body_state_setup,graph_wide,1,0,27,209,0,0,0
machine_state_setup,graph_wide,1,0,28,500,0,0,1
body_state_setup,graph_wide,1,0,28,209,0,0,0
machine_state_setup,graph_wide,1,0,29,542,0,0,1
body_state_setup,graph_wide,1,0,29,208,0,0,0
machine_state_setup,graph_wide,1,0,30,542,0,0,1
body_state_setup,graph_wide,1,0,30,208,0,0,0
machine_state_setup,graph_wide,1,0,31,500,0,0,1
body_state_setup,graph_wide,1,0,31,209,0,0,0
machine_state_setup,graph_wide,1,0,32,500,0,0,1
body_state_setup,graph_wide,1,0,32,250,0,0,0
machine_state_setup,graph_wide,1,0,33,542,0,0,1
body_state_setup,graph_wide,1,0,33,208,0,0,0
machine_state_setup,graph_wide,1,0,34,500,0,0,1
body_state_setup,graph_wide,1,0,34,250,0,0,0
machine_state_setup,graph_wide,1,0,35,500,0,0,1
body_state_setup,graph_wide,1,0,35,209,0,0,0
machine_state_setup,graph_wide,1,0,36,500,0,0,1
body_state_setup,graph_wide,1,0,36,209,0,0,0
machine_state_setup,graph_wide,1,0,37,500,0,0,1
body_state_setup,graph_wide,1,0,37,250,0,0,0
machine_state_setup,graph_wide,1,0,38,500,0,0,1
body_state_setup,graph_wide,1,0,38,208,0,0,0
machine_state_setup,graph_wide,1,0,39,458,0,0,1
body_state_setup,graph_wide,1,0,39,250,0,0,0
fixture_generation,graph_sparse,1,0,0,167,0,0,5
fixture_generation,graph_sparse,1,0,1,84,0,0,5
fixture_generation,graph_sparse,1,0,2,125,0,0,5
fixture_generation,graph_sparse,1,0,3,125,0,0,5
fixture_generation,graph_sparse,1,0,4,83,0,0,5
fixture_generation,graph_sparse,1,0,5,83,0,0,5
fixture_generation,graph_sparse,1,0,6,125,0,0,5
fixture_generation,graph_sparse,1,0,7,125,0,0,5
fixture_generation,graph_sparse,1,0,8,83,0,0,5
fixture_generation,graph_sparse,1,0,9,83,0,0,5
fixture_generation,graph_sparse,1,0,10,83,0,0,5
fixture_generation,graph_sparse,1,0,11,83,0,0,5
fixture_generation,graph_sparse,1,0,12,83,0,0,5
fixture_generation,graph_sparse,1,0,13,83,0,0,5
fixture_generation,graph_sparse,1,0,14,83,0,0,5
fixture_generation,graph_sparse,1,0,15,83,0,0,5
fixture_generation,graph_sparse,1,0,16,83,0,0,5
fixture_generation,graph_sparse,1,0,17,83,0,0,5
fixture_generation,graph_sparse,1,0,18,83,0,0,5
fixture_generation,graph_sparse,1,0,19,125,0,0,5
plan_build,graph_sparse,1,0,0,667,0,0,12
plan_build,graph_sparse,1,0,1,500,0,0,12
plan_build,graph_sparse,1,0,2,459,0,0,12
plan_build,graph_sparse,1,0,3,500,0,0,12
plan_build,graph_sparse,1,0,4,458,0,0,12
plan_build,graph_sparse,1,0,5,458,0,0,12
plan_build,graph_sparse,1,0,6,458,0,0,12
plan_build,graph_sparse,1,0,7,458,0,0,12
plan_build,graph_sparse,1,0,8,459,0,0,12
plan_build,graph_sparse,1,0,9,417,0,0,12
plan_build,graph_sparse,1,0,10,458,0,0,12
plan_build,graph_sparse,1,0,11,458,0,0,12
plan_build,graph_sparse,1,0,12,417,0,0,12
plan_build,graph_sparse,1,0,13,459,0,0,12
plan_build,graph_sparse,1,0,14,417,0,0,12
plan_build,graph_sparse,1,0,15,458,0,0,12
plan_build,graph_sparse,1,0,16,458,0,0,12
plan_build,graph_sparse,1,0,17,458,0,0,12
plan_build,graph_sparse,1,0,18,458,0,0,12
plan_build,graph_sparse,1,0,19,459,0,0,12
plan_build_alloc,graph_sparse,1,0,0,0,13,2318,12
engine_execution,graph_sparse,1,0,0,5417,0,0,1
engine_execution,graph_sparse,1,0,1,5208,0,0,0
engine_execution,graph_sparse,1,0,2,5375,0,0,3
engine_execution,graph_sparse,1,0,3,5750,0,0,2
engine_execution,graph_sparse,1,0,4,5584,0,0,5
engine_execution,graph_sparse,1,0,5,5583,0,0,4
engine_execution,graph_sparse,1,0,6,5542,0,0,7
engine_execution,graph_sparse,1,0,7,5417,0,0,6
engine_execution,graph_sparse,1,0,8,5708,0,0,9
engine_execution,graph_sparse,1,0,9,5792,0,0,8
engine_execution,graph_sparse,1,0,10,5750,0,0,11
engine_execution,graph_sparse,1,0,11,5500,0,0,10
engine_execution,graph_sparse,1,0,12,5583,0,0,13
engine_execution,graph_sparse,1,0,13,5792,0,0,12
engine_execution,graph_sparse,1,0,14,5375,0,0,15
engine_execution,graph_sparse,1,0,15,5459,0,0,14
engine_execution,graph_sparse,1,0,16,5459,0,0,17
engine_execution,graph_sparse,1,0,17,5250,0,0,16
engine_execution,graph_sparse,1,0,18,5167,0,0,19
engine_execution,graph_sparse,1,0,19,5291,0,0,18
engine_execution,graph_sparse,1,0,20,5209,0,0,21
engine_execution,graph_sparse,1,0,21,5208,0,0,20
engine_execution,graph_sparse,1,0,22,5208,0,0,23
engine_execution,graph_sparse,1,0,23,5208,0,0,22
engine_execution,graph_sparse,1,0,24,5375,0,0,25
engine_execution,graph_sparse,1,0,25,5625,0,0,24
engine_execution,graph_sparse,1,0,26,5709,0,0,27
engine_execution,graph_sparse,1,0,27,5417,0,0,26
engine_execution,graph_sparse,1,0,28,5625,0,0,29
engine_execution,graph_sparse,1,0,29,5416,0,0,28
engine_execution,graph_sparse,1,0,30,5667,0,0,31
engine_execution,graph_sparse,1,0,31,5625,0,0,30
engine_execution,graph_sparse,1,0,32,5542,0,0,33
engine_execution,graph_sparse,1,0,33,5583,0,0,32
engine_execution,graph_sparse,1,0,34,5750,0,0,35
engine_execution,graph_sparse,1,0,35,5459,0,0,34
engine_execution,graph_sparse,1,0,36,5458,0,0,37
engine_execution,graph_sparse,1,0,37,5458,0,0,36
engine_execution,graph_sparse,1,0,38,5583,0,0,39
engine_execution,graph_sparse,1,0,39,5791,0,0,38
engine_execution_alloc,graph_sparse,1,0,0,0,118,15766,23131
machine_state_setup,graph_sparse,1,0,0,709,0,0,1
body_state_setup,graph_sparse,1,0,0,334,0,0,0
machine_state_setup,graph_sparse,1,0,1,667,0,0,1
body_state_setup,graph_sparse,1,0,1,333,0,0,0
machine_state_setup,graph_sparse,1,0,2,667,0,0,1
body_state_setup,graph_sparse,1,0,2,292,0,0,0
machine_state_setup,graph_sparse,1,0,3,708,0,0,1
body_state_setup,graph_sparse,1,0,3,333,0,0,0
machine_state_setup,graph_sparse,1,0,4,792,0,0,1
body_state_setup,graph_sparse,1,0,4,292,0,0,0
machine_state_setup,graph_sparse,1,0,5,625,0,0,1
body_state_setup,graph_sparse,1,0,5,250,0,0,0
machine_state_setup,graph_sparse,1,0,6,625,0,0,1
body_state_setup,graph_sparse,1,0,6,291,0,0,0
machine_state_setup,graph_sparse,1,0,7,667,0,0,1
body_state_setup,graph_sparse,1,0,7,208,0,0,0
machine_state_setup,graph_sparse,1,0,8,541,0,0,1
body_state_setup,graph_sparse,1,0,8,250,0,0,0
machine_state_setup,graph_sparse,1,0,9,542,0,0,1
body_state_setup,graph_sparse,1,0,9,208,0,0,0
machine_state_setup,graph_sparse,1,0,10,500,0,0,1
body_state_setup,graph_sparse,1,0,10,208,0,0,0
machine_state_setup,graph_sparse,1,0,11,541,0,0,1
body_state_setup,graph_sparse,1,0,11,250,0,0,0
machine_state_setup,graph_sparse,1,0,12,500,0,0,1
body_state_setup,graph_sparse,1,0,12,208,0,0,0
machine_state_setup,graph_sparse,1,0,13,541,0,0,1
body_state_setup,graph_sparse,1,0,13,209,0,0,0
machine_state_setup,graph_sparse,1,0,14,500,0,0,1
body_state_setup,graph_sparse,1,0,14,250,0,0,0
machine_state_setup,graph_sparse,1,0,15,542,0,0,1
body_state_setup,graph_sparse,1,0,15,250,0,0,0
machine_state_setup,graph_sparse,1,0,16,500,0,0,1
body_state_setup,graph_sparse,1,0,16,208,0,0,0
machine_state_setup,graph_sparse,1,0,17,500,0,0,1
body_state_setup,graph_sparse,1,0,17,250,0,0,0
machine_state_setup,graph_sparse,1,0,18,500,0,0,1
body_state_setup,graph_sparse,1,0,18,250,0,0,0
machine_state_setup,graph_sparse,1,0,19,542,0,0,1
body_state_setup,graph_sparse,1,0,19,250,0,0,0
machine_state_setup,graph_sparse,1,0,20,541,0,0,1
body_state_setup,graph_sparse,1,0,20,208,0,0,0
machine_state_setup,graph_sparse,1,0,21,500,0,0,1
body_state_setup,graph_sparse,1,0,21,208,0,0,0
machine_state_setup,graph_sparse,1,0,22,542,0,0,1
body_state_setup,graph_sparse,1,0,22,208,0,0,0
machine_state_setup,graph_sparse,1,0,23,500,0,0,1
body_state_setup,graph_sparse,1,0,23,209,0,0,0
machine_state_setup,graph_sparse,1,0,24,500,0,0,1
body_state_setup,graph_sparse,1,0,24,209,0,0,0
machine_state_setup,graph_sparse,1,0,25,500,0,0,1
body_state_setup,graph_sparse,1,0,25,250,0,0,0
machine_state_setup,graph_sparse,1,0,26,500,0,0,1
body_state_setup,graph_sparse,1,0,26,208,0,0,0
machine_state_setup,graph_sparse,1,0,27,500,0,0,1
body_state_setup,graph_sparse,1,0,27,292,0,0,0
machine_state_setup,graph_sparse,1,0,28,500,0,0,1
body_state_setup,graph_sparse,1,0,28,209,0,0,0
machine_state_setup,graph_sparse,1,0,29,542,0,0,1
body_state_setup,graph_sparse,1,0,29,250,0,0,0
machine_state_setup,graph_sparse,1,0,30,542,0,0,1
body_state_setup,graph_sparse,1,0,30,208,0,0,0
machine_state_setup,graph_sparse,1,0,31,500,0,0,1
body_state_setup,graph_sparse,1,0,31,209,0,0,0
machine_state_setup,graph_sparse,1,0,32,500,0,0,1
body_state_setup,graph_sparse,1,0,32,209,0,0,0
machine_state_setup,graph_sparse,1,0,33,500,0,0,1
body_state_setup,graph_sparse,1,0,33,208,0,0,0
machine_state_setup,graph_sparse,1,0,34,500,0,0,1
body_state_setup,graph_sparse,1,0,34,250,0,0,0
machine_state_setup,graph_sparse,1,0,35,500,0,0,1
body_state_setup,graph_sparse,1,0,35,208,0,0,0
machine_state_setup,graph_sparse,1,0,36,500,0,0,1
body_state_setup,graph_sparse,1,0,36,208,0,0,0
machine_state_setup,graph_sparse,1,0,37,500,0,0,1
body_state_setup,graph_sparse,1,0,37,209,0,0,0
machine_state_setup,graph_sparse,1,0,38,500,0,0,1
body_state_setup,graph_sparse,1,0,38,250,0,0,0
machine_state_setup,graph_sparse,1,0,39,500,0,0,1
body_state_setup,graph_sparse,1,0,39,208,0,0,0
fixture_generation,graph_chain,10,9,0,833,0,0,50
fixture_generation,graph_chain,10,9,1,750,0,0,50
fixture_generation,graph_chain,10,9,2,667,0,0,50
fixture_generation,graph_chain,10,9,3,2166,0,0,50
fixture_generation,graph_chain,10,9,4,708,0,0,50
fixture_generation,graph_chain,10,9,5,667,0,0,50
fixture_generation,graph_chain,10,9,6,625,0,0,50
fixture_generation,graph_chain,10,9,7,625,0,0,50
fixture_generation,graph_chain,10,9,8,625,0,0,50
fixture_generation,graph_chain,10,9,9,625,0,0,50
fixture_generation,graph_chain,10,9,10,667,0,0,50
fixture_generation,graph_chain,10,9,11,625,0,0,50
fixture_generation,graph_chain,10,9,12,666,0,0,50
fixture_generation,graph_chain,10,9,13,625,0,0,50
fixture_generation,graph_chain,10,9,14,625,0,0,50
fixture_generation,graph_chain,10,9,15,708,0,0,50
fixture_generation,graph_chain,10,9,16,625,0,0,50
fixture_generation,graph_chain,10,9,17,666,0,0,50
fixture_generation,graph_chain,10,9,18,625,0,0,50
fixture_generation,graph_chain,10,9,19,625,0,0,50
plan_build,graph_chain,10,9,0,4583,0,0,11
plan_build,graph_chain,10,9,1,2750,0,0,11
plan_build,graph_chain,10,9,2,2375,0,0,11
plan_build,graph_chain,10,9,3,2291,0,0,11
plan_build,graph_chain,10,9,4,2167,0,0,11
plan_build,graph_chain,10,9,5,2125,0,0,11
plan_build,graph_chain,10,9,6,2125,0,0,11
plan_build,graph_chain,10,9,7,2083,0,0,11
plan_build,graph_chain,10,9,8,2250,0,0,11
plan_build,graph_chain,10,9,9,2083,0,0,11
plan_build,graph_chain,10,9,10,2083,0,0,11
plan_build,graph_chain,10,9,11,2125,0,0,11
plan_build,graph_chain,10,9,12,2083,0,0,11
plan_build,graph_chain,10,9,13,2000,0,0,11
plan_build,graph_chain,10,9,14,2083,0,0,11
plan_build,graph_chain,10,9,15,2042,0,0,11
plan_build,graph_chain,10,9,16,2084,0,0,11
plan_build,graph_chain,10,9,17,2042,0,0,11
plan_build,graph_chain,10,9,18,2041,0,0,11
plan_build,graph_chain,10,9,19,2125,0,0,11
plan_build_alloc,graph_chain,10,9,0,0,57,14266,11
engine_execution,graph_chain,10,9,0,30791,0,0,0
engine_execution,graph_chain,10,9,1,30792,0,0,1
engine_execution,graph_chain,10,9,2,31625,0,0,2
engine_execution,graph_chain,10,9,3,30584,0,0,3
engine_execution,graph_chain,10,9,4,30709,0,0,4
engine_execution,graph_chain,10,9,5,30792,0,0,5
engine_execution,graph_chain,10,9,6,30334,0,0,6
engine_execution,graph_chain,10,9,7,30416,0,0,7
engine_execution,graph_chain,10,9,8,30458,0,0,8
engine_execution,graph_chain,10,9,9,30083,0,0,9
engine_execution,graph_chain,10,9,10,30292,0,0,10
engine_execution,graph_chain,10,9,11,30208,0,0,11
engine_execution,graph_chain,10,9,12,30417,0,0,12
engine_execution,graph_chain,10,9,13,30125,0,0,13
engine_execution,graph_chain,10,9,14,30417,0,0,14
engine_execution,graph_chain,10,9,15,30375,0,0,15
engine_execution,graph_chain,10,9,16,30542,0,0,16
engine_execution,graph_chain,10,9,17,30250,0,0,17
engine_execution,graph_chain,10,9,18,30209,0,0,18
engine_execution,graph_chain,10,9,19,30500,0,0,19
engine_execution,graph_chain,10,9,20,30042,0,0,20
engine_execution,graph_chain,10,9,21,30375,0,0,21
engine_execution,graph_chain,10,9,22,30125,0,0,22
engine_execution,graph_chain,10,9,23,30292,0,0,23
engine_execution,graph_chain,10,9,24,30166,0,0,24
engine_execution,graph_chain,10,9,25,30334,0,0,25
engine_execution,graph_chain,10,9,26,30250,0,0,26
engine_execution,graph_chain,10,9,27,30125,0,0,27
engine_execution,graph_chain,10,9,28,30208,0,0,28
engine_execution,graph_chain,10,9,29,30250,0,0,29
engine_execution,graph_chain,10,9,30,30375,0,0,30
engine_execution,graph_chain,10,9,31,30292,0,0,31
engine_execution,graph_chain,10,9,32,30083,0,0,32
engine_execution,graph_chain,10,9,33,30375,0,0,33
engine_execution,graph_chain,10,9,34,30000,0,0,34
engine_execution,graph_chain,10,9,35,30292,0,0,35
engine_execution,graph_chain,10,9,36,30167,0,0,36
engine_execution,graph_chain,10,9,37,30208,0,0,37
engine_execution,graph_chain,10,9,38,30625,0,0,38
engine_execution,graph_chain,10,9,39,30084,0,0,39
engine_execution_alloc,graph_chain,10,9,0,0,671,67725,23130
machine_state_setup,graph_chain,10,9,0,3542,0,0,10
body_state_setup,graph_chain,10,9,0,417,0,0,0
machine_state_setup,graph_chain,10,9,1,3167,0,0,10
body_state_setup,graph_chain,10,9,1,292,0,0,0
machine_state_setup,graph_chain,10,9,2,3041,0,0,10
body_state_setup,graph_chain,10,9,2,250,0,0,0
machine_state_setup,graph_chain,10,9,3,3083,0,0,10
body_state_setup,graph_chain,10,9,3,250,0,0,0
machine_state_setup,graph_chain,10,9,4,3125,0,0,10
body_state_setup,graph_chain,10,9,4,209,0,0,0
machine_state_setup,graph_chain,10,9,5,3042,0,0,10
body_state_setup,graph_chain,10,9,5,208,0,0,0
machine_state_setup,graph_chain,10,9,6,3041,0,0,10
body_state_setup,graph_chain,10,9,6,208,0,0,0
machine_state_setup,graph_chain,10,9,7,3042,0,0,10
body_state_setup,graph_chain,10,9,7,250,0,0,0
machine_state_setup,graph_chain,10,9,8,3042,0,0,10
body_state_setup,graph_chain,10,9,8,250,0,0,0
machine_state_setup,graph_chain,10,9,9,3000,0,0,10
body_state_setup,graph_chain,10,9,9,250,0,0,0
machine_state_setup,graph_chain,10,9,10,3042,0,0,10
body_state_setup,graph_chain,10,9,10,208,0,0,0
machine_state_setup,graph_chain,10,9,11,3000,0,0,10
body_state_setup,graph_chain,10,9,11,208,0,0,0
machine_state_setup,graph_chain,10,9,12,3041,0,0,10
body_state_setup,graph_chain,10,9,12,292,0,0,0
machine_state_setup,graph_chain,10,9,13,3000,0,0,10
body_state_setup,graph_chain,10,9,13,250,0,0,0
machine_state_setup,graph_chain,10,9,14,3041,0,0,10
body_state_setup,graph_chain,10,9,14,208,0,0,0
machine_state_setup,graph_chain,10,9,15,3000,0,0,10
body_state_setup,graph_chain,10,9,15,250,0,0,0
machine_state_setup,graph_chain,10,9,16,3041,0,0,10
body_state_setup,graph_chain,10,9,16,208,0,0,0
machine_state_setup,graph_chain,10,9,17,3000,0,0,10
body_state_setup,graph_chain,10,9,17,250,0,0,0
machine_state_setup,graph_chain,10,9,18,3041,0,0,10
body_state_setup,graph_chain,10,9,18,250,0,0,0
machine_state_setup,graph_chain,10,9,19,3042,0,0,10
body_state_setup,graph_chain,10,9,19,208,0,0,0
machine_state_setup,graph_chain,10,9,20,3041,0,0,10
body_state_setup,graph_chain,10,9,20,292,0,0,0
machine_state_setup,graph_chain,10,9,21,3000,0,0,10
body_state_setup,graph_chain,10,9,21,208,0,0,0
machine_state_setup,graph_chain,10,9,22,3042,0,0,10
body_state_setup,graph_chain,10,9,22,250,0,0,0
machine_state_setup,graph_chain,10,9,23,3042,0,0,10
body_state_setup,graph_chain,10,9,23,250,0,0,0
machine_state_setup,graph_chain,10,9,24,3041,0,0,10
body_state_setup,graph_chain,10,9,24,208,0,0,0
machine_state_setup,graph_chain,10,9,25,3042,0,0,10
body_state_setup,graph_chain,10,9,25,209,0,0,0
machine_state_setup,graph_chain,10,9,26,3000,0,0,10
body_state_setup,graph_chain,10,9,26,208,0,0,0
machine_state_setup,graph_chain,10,9,27,3042,0,0,10
body_state_setup,graph_chain,10,9,27,250,0,0,0
machine_state_setup,graph_chain,10,9,28,3041,0,0,10
body_state_setup,graph_chain,10,9,28,208,0,0,0
machine_state_setup,graph_chain,10,9,29,3000,0,0,10
body_state_setup,graph_chain,10,9,29,250,0,0,0
machine_state_setup,graph_chain,10,9,30,3125,0,0,10
body_state_setup,graph_chain,10,9,30,250,0,0,0
machine_state_setup,graph_chain,10,9,31,3000,0,0,10
body_state_setup,graph_chain,10,9,31,250,0,0,0
machine_state_setup,graph_chain,10,9,32,3250,0,0,10
body_state_setup,graph_chain,10,9,32,291,0,0,0
machine_state_setup,graph_chain,10,9,33,3708,0,0,10
body_state_setup,graph_chain,10,9,33,292,0,0,0
machine_state_setup,graph_chain,10,9,34,3834,0,0,10
body_state_setup,graph_chain,10,9,34,291,0,0,0
machine_state_setup,graph_chain,10,9,35,3750,0,0,10
body_state_setup,graph_chain,10,9,35,333,0,0,0
machine_state_setup,graph_chain,10,9,36,3916,0,0,10
body_state_setup,graph_chain,10,9,36,292,0,0,0
machine_state_setup,graph_chain,10,9,37,3083,0,0,10
body_state_setup,graph_chain,10,9,37,250,0,0,0
machine_state_setup,graph_chain,10,9,38,3000,0,0,10
body_state_setup,graph_chain,10,9,38,250,0,0,0
machine_state_setup,graph_chain,10,9,39,3042,0,0,10
body_state_setup,graph_chain,10,9,39,250,0,0,0
pure_machine_events_preseeded,graph_chain,10,9,0,10125,0,0,10
pure_machine_events_preseeded,graph_chain,10,9,1,9167,0,0,10
pure_machine_events_preseeded,graph_chain,10,9,2,9041,0,0,10
pure_machine_events_preseeded,graph_chain,10,9,3,8958,0,0,10
pure_machine_events_preseeded,graph_chain,10,9,4,8958,0,0,10
pure_machine_events_preseeded,graph_chain,10,9,5,8875,0,0,10
pure_machine_events_preseeded,graph_chain,10,9,6,8916,0,0,10
pure_machine_events_preseeded,graph_chain,10,9,7,8875,0,0,10
pure_machine_events_preseeded,graph_chain,10,9,8,8959,0,0,10
pure_machine_events_preseeded,graph_chain,10,9,9,8875,0,0,10
pure_machine_events_preseeded,graph_chain,10,9,10,8875,0,0,10
pure_machine_events_preseeded,graph_chain,10,9,11,8875,0,0,10
pure_machine_events_preseeded,graph_chain,10,9,12,8875,0,0,10
pure_machine_events_preseeded,graph_chain,10,9,13,8875,0,0,10
pure_machine_events_preseeded,graph_chain,10,9,14,8916,0,0,10
pure_machine_events_preseeded,graph_chain,10,9,15,8875,0,0,10
pure_machine_events_preseeded,graph_chain,10,9,16,8916,0,0,10
pure_machine_events_preseeded,graph_chain,10,9,17,8875,0,0,10
pure_machine_events_preseeded,graph_chain,10,9,18,8875,0,0,10
pure_machine_events_preseeded,graph_chain,10,9,19,8875,0,0,10
pure_machine_events_preseeded,graph_chain,10,9,20,8916,0,0,10
pure_machine_events_preseeded,graph_chain,10,9,21,8875,0,0,10
pure_machine_events_preseeded,graph_chain,10,9,22,8959,0,0,10
pure_machine_events_preseeded,graph_chain,10,9,23,8875,0,0,10
pure_machine_events_preseeded,graph_chain,10,9,24,8875,0,0,10
pure_machine_events_preseeded,graph_chain,10,9,25,8875,0,0,10
pure_machine_events_preseeded,graph_chain,10,9,26,8875,0,0,10
pure_machine_events_preseeded,graph_chain,10,9,27,8875,0,0,10
pure_machine_events_preseeded,graph_chain,10,9,28,8875,0,0,10
pure_machine_events_preseeded,graph_chain,10,9,29,8916,0,0,10
pure_machine_events_preseeded,graph_chain,10,9,30,8917,0,0,10
pure_machine_events_preseeded,graph_chain,10,9,31,8958,0,0,10
pure_machine_events_preseeded,graph_chain,10,9,32,8917,0,0,10
pure_machine_events_preseeded,graph_chain,10,9,33,8833,0,0,10
pure_machine_events_preseeded,graph_chain,10,9,34,8792,0,0,10
pure_machine_events_preseeded,graph_chain,10,9,35,8833,0,0,10
pure_machine_events_preseeded,graph_chain,10,9,36,8834,0,0,10
pure_machine_events_preseeded,graph_chain,10,9,37,8916,0,0,10
pure_machine_events_preseeded,graph_chain,10,9,38,8875,0,0,10
pure_machine_events_preseeded,graph_chain,10,9,39,8875,0,0,10
fixture_generation,graph_wide,10,9,0,708,0,0,50
fixture_generation,graph_wide,10,9,1,666,0,0,50
fixture_generation,graph_wide,10,9,2,667,0,0,50
fixture_generation,graph_wide,10,9,3,625,0,0,50
fixture_generation,graph_wide,10,9,4,667,0,0,50
fixture_generation,graph_wide,10,9,5,625,0,0,50
fixture_generation,graph_wide,10,9,6,625,0,0,50
fixture_generation,graph_wide,10,9,7,667,0,0,50
fixture_generation,graph_wide,10,9,8,625,0,0,50
fixture_generation,graph_wide,10,9,9,666,0,0,50
fixture_generation,graph_wide,10,9,10,625,0,0,50
fixture_generation,graph_wide,10,9,11,625,0,0,50
fixture_generation,graph_wide,10,9,12,625,0,0,50
fixture_generation,graph_wide,10,9,13,625,0,0,50
fixture_generation,graph_wide,10,9,14,667,0,0,50
fixture_generation,graph_wide,10,9,15,625,0,0,50
fixture_generation,graph_wide,10,9,16,625,0,0,50
fixture_generation,graph_wide,10,9,17,625,0,0,50
fixture_generation,graph_wide,10,9,18,625,0,0,50
fixture_generation,graph_wide,10,9,19,667,0,0,50
plan_build,graph_wide,10,9,0,3250,0,0,10
plan_build,graph_wide,10,9,1,2500,0,0,10
plan_build,graph_wide,10,9,2,2125,0,0,10
plan_build,graph_wide,10,9,3,2208,0,0,10
plan_build,graph_wide,10,9,4,2084,0,0,10
plan_build,graph_wide,10,9,5,2042,0,0,10
plan_build,graph_wide,10,9,6,2041,0,0,10
plan_build,graph_wide,10,9,7,2084,0,0,10
plan_build,graph_wide,10,9,8,2041,0,0,10
plan_build,graph_wide,10,9,9,2042,0,0,10
plan_build,graph_wide,10,9,10,2083,0,0,10
plan_build,graph_wide,10,9,11,2042,0,0,10
plan_build,graph_wide,10,9,12,2041,0,0,10
plan_build,graph_wide,10,9,13,2042,0,0,10
plan_build,graph_wide,10,9,14,2042,0,0,10
plan_build,graph_wide,10,9,15,2041,0,0,10
plan_build,graph_wide,10,9,16,2084,0,0,10
plan_build,graph_wide,10,9,17,2083,0,0,10
plan_build,graph_wide,10,9,18,2042,0,0,10
plan_build,graph_wide,10,9,19,2042,0,0,10
plan_build_alloc,graph_wide,10,9,0,0,57,14265,10
engine_execution,graph_wide,10,9,0,29083,0,0,8
engine_execution,graph_wide,10,9,1,28792,0,0,9
engine_execution,graph_wide,10,9,2,29000,0,0,10
engine_execution,graph_wide,10,9,3,28917,0,0,11
engine_execution,graph_wide,10,9,4,29000,0,0,12
engine_execution,graph_wide,10,9,5,28500,0,0,13
engine_execution,graph_wide,10,9,6,29000,0,0,14
engine_execution,graph_wide,10,9,7,29000,0,0,15
engine_execution,graph_wide,10,9,8,28958,0,0,0
engine_execution,graph_wide,10,9,9,29084,0,0,1
engine_execution,graph_wide,10,9,10,29125,0,0,2
engine_execution,graph_wide,10,9,11,29042,0,0,3
engine_execution,graph_wide,10,9,12,29000,0,0,4
engine_execution,graph_wide,10,9,13,29041,0,0,5
engine_execution,graph_wide,10,9,14,29208,0,0,6
engine_execution,graph_wide,10,9,15,29042,0,0,7
engine_execution,graph_wide,10,9,16,29375,0,0,24
engine_execution,graph_wide,10,9,17,28542,0,0,25
engine_execution,graph_wide,10,9,18,28959,0,0,26
engine_execution,graph_wide,10,9,19,28959,0,0,27
engine_execution,graph_wide,10,9,20,29125,0,0,28
engine_execution,graph_wide,10,9,21,29000,0,0,29
engine_execution,graph_wide,10,9,22,28917,0,0,30
engine_execution,graph_wide,10,9,23,28834,0,0,31
engine_execution,graph_wide,10,9,24,29167,0,0,16
engine_execution,graph_wide,10,9,25,28625,0,0,17
engine_execution,graph_wide,10,9,26,29459,0,0,18
engine_execution,graph_wide,10,9,27,29417,0,0,19
engine_execution,graph_wide,10,9,28,29083,0,0,20
engine_execution,graph_wide,10,9,29,28708,0,0,21
engine_execution,graph_wide,10,9,30,29292,0,0,22
engine_execution,graph_wide,10,9,31,29584,0,0,23
engine_execution,graph_wide,10,9,32,29209,0,0,40
engine_execution,graph_wide,10,9,33,28834,0,0,41
engine_execution,graph_wide,10,9,34,28959,0,0,42
engine_execution,graph_wide,10,9,35,28916,0,0,43
engine_execution,graph_wide,10,9,36,29292,0,0,44
engine_execution,graph_wide,10,9,37,28958,0,0,45
engine_execution,graph_wide,10,9,38,29291,0,0,46
engine_execution,graph_wide,10,9,39,28875,0,0,47
engine_execution_alloc,graph_wide,10,9,0,0,648,69579,23122
machine_state_setup,graph_wide,10,9,0,3417,0,0,10
body_state_setup,graph_wide,10,9,0,333,0,0,0
machine_state_setup,graph_wide,10,9,1,3083,0,0,10
body_state_setup,graph_wide,10,9,1,208,0,0,0
machine_state_setup,graph_wide,10,9,2,3042,0,0,10
body_state_setup,graph_wide,10,9,2,250,0,0,0
machine_state_setup,graph_wide,10,9,3,3042,0,0,10
body_state_setup,graph_wide,10,9,3,250,0,0,0
machine_state_setup,graph_wide,10,9,4,3000,0,0,10
body_state_setup,graph_wide,10,9,4,250,0,0,0
machine_state_setup,graph_wide,10,9,5,3042,0,0,10
body_state_setup,graph_wide,10,9,5,208,0,0,0
machine_state_setup,graph_wide,10,9,6,3041,0,0,10
body_state_setup,graph_wide,10,9,6,292,0,0,0
machine_state_setup,graph_wide,10,9,7,3000,0,0,10
body_state_setup,graph_wide,10,9,7,334,0,0,0
machine_state_setup,graph_wide,10,9,8,3000,0,0,10
body_state_setup,graph_wide,10,9,8,291,0,0,0
machine_state_setup,graph_wide,10,9,9,3000,0,0,10
body_state_setup,graph_wide,10,9,9,250,0,0,0
machine_state_setup,graph_wide,10,9,10,2958,0,0,10
body_state_setup,graph_wide,10,9,10,250,0,0,0
machine_state_setup,graph_wide,10,9,11,2958,0,0,10
body_state_setup,graph_wide,10,9,11,208,0,0,0
machine_state_setup,graph_wide,10,9,12,2916,0,0,10
body_state_setup,graph_wide,10,9,12,250,0,0,0
machine_state_setup,graph_wide,10,9,13,2875,0,0,10
body_state_setup,graph_wide,10,9,13,250,0,0,0
machine_state_setup,graph_wide,10,9,14,3000,0,0,10
body_state_setup,graph_wide,10,9,14,292,0,0,0
machine_state_setup,graph_wide,10,9,15,3000,0,0,10
body_state_setup,graph_wide,10,9,15,250,0,0,0
machine_state_setup,graph_wide,10,9,16,2958,0,0,10
body_state_setup,graph_wide,10,9,16,291,0,0,0
machine_state_setup,graph_wide,10,9,17,2959,0,0,10
body_state_setup,graph_wide,10,9,17,250,0,0,0
machine_state_setup,graph_wide,10,9,18,2959,0,0,10
body_state_setup,graph_wide,10,9,18,209,0,0,0
machine_state_setup,graph_wide,10,9,19,2917,0,0,10
body_state_setup,graph_wide,10,9,19,208,0,0,0
machine_state_setup,graph_wide,10,9,20,2916,0,0,10
body_state_setup,graph_wide,10,9,20,208,0,0,0
machine_state_setup,graph_wide,10,9,21,2917,0,0,10
body_state_setup,graph_wide,10,9,21,209,0,0,0
machine_state_setup,graph_wide,10,9,22,2959,0,0,10
body_state_setup,graph_wide,10,9,22,334,0,0,0
machine_state_setup,graph_wide,10,9,23,3000,0,0,10
body_state_setup,graph_wide,10,9,23,209,0,0,0
machine_state_setup,graph_wide,10,9,24,2959,0,0,10
body_state_setup,graph_wide,10,9,24,209,0,0,0
machine_state_setup,graph_wide,10,9,25,2917,0,0,10
body_state_setup,graph_wide,10,9,25,250,0,0,0
machine_state_setup,graph_wide,10,9,26,2958,0,0,10
body_state_setup,graph_wide,10,9,26,208,0,0,0
machine_state_setup,graph_wide,10,9,27,2917,0,0,10
body_state_setup,graph_wide,10,9,27,250,0,0,0
machine_state_setup,graph_wide,10,9,28,2916,0,0,10
body_state_setup,graph_wide,10,9,28,250,0,0,0
machine_state_setup,graph_wide,10,9,29,2916,0,0,10
body_state_setup,graph_wide,10,9,29,208,0,0,0
machine_state_setup,graph_wide,10,9,30,2917,0,0,10
body_state_setup,graph_wide,10,9,30,375,0,0,0
machine_state_setup,graph_wide,10,9,31,2916,0,0,10
body_state_setup,graph_wide,10,9,31,250,0,0,0
machine_state_setup,graph_wide,10,9,32,2917,0,0,10
body_state_setup,graph_wide,10,9,32,250,0,0,0
machine_state_setup,graph_wide,10,9,33,3084,0,0,10
body_state_setup,graph_wide,10,9,33,292,0,0,0
machine_state_setup,graph_wide,10,9,34,3625,0,0,10
body_state_setup,graph_wide,10,9,34,250,0,0,0
machine_state_setup,graph_wide,10,9,35,3667,0,0,10
body_state_setup,graph_wide,10,9,35,250,0,0,0
machine_state_setup,graph_wide,10,9,36,3667,0,0,10
body_state_setup,graph_wide,10,9,36,375,0,0,0
machine_state_setup,graph_wide,10,9,37,3875,0,0,10
body_state_setup,graph_wide,10,9,37,291,0,0,0
machine_state_setup,graph_wide,10,9,38,3083,0,0,10
body_state_setup,graph_wide,10,9,38,208,0,0,0
machine_state_setup,graph_wide,10,9,39,2958,0,0,10
body_state_setup,graph_wide,10,9,39,208,0,0,0
fixture_generation,graph_sparse,10,9,0,625,0,0,50
fixture_generation,graph_sparse,10,9,1,625,0,0,50
fixture_generation,graph_sparse,10,9,2,625,0,0,50
fixture_generation,graph_sparse,10,9,3,625,0,0,50
fixture_generation,graph_sparse,10,9,4,625,0,0,50
fixture_generation,graph_sparse,10,9,5,625,0,0,50
fixture_generation,graph_sparse,10,9,6,625,0,0,50
fixture_generation,graph_sparse,10,9,7,625,0,0,50
fixture_generation,graph_sparse,10,9,8,625,0,0,50
fixture_generation,graph_sparse,10,9,9,625,0,0,50
fixture_generation,graph_sparse,10,9,10,625,0,0,50
fixture_generation,graph_sparse,10,9,11,625,0,0,50
fixture_generation,graph_sparse,10,9,12,625,0,0,50
fixture_generation,graph_sparse,10,9,13,625,0,0,50
fixture_generation,graph_sparse,10,9,14,625,0,0,50
fixture_generation,graph_sparse,10,9,15,625,0,0,50
fixture_generation,graph_sparse,10,9,16,666,0,0,50
fixture_generation,graph_sparse,10,9,17,625,0,0,50
fixture_generation,graph_sparse,10,9,18,625,0,0,50
fixture_generation,graph_sparse,10,9,19,667,0,0,50
plan_build,graph_sparse,10,9,0,2750,0,0,12
plan_build,graph_sparse,10,9,1,2333,0,0,12
plan_build,graph_sparse,10,9,2,2125,0,0,12
plan_build,graph_sparse,10,9,3,2167,0,0,12
plan_build,graph_sparse,10,9,4,2125,0,0,12
plan_build,graph_sparse,10,9,5,2125,0,0,12
plan_build,graph_sparse,10,9,6,2125,0,0,12
plan_build,graph_sparse,10,9,7,2125,0,0,12
plan_build,graph_sparse,10,9,8,2292,0,0,12
plan_build,graph_sparse,10,9,9,2083,0,0,12
plan_build,graph_sparse,10,9,10,2125,0,0,12
plan_build,graph_sparse,10,9,11,2125,0,0,12
plan_build,graph_sparse,10,9,12,2125,0,0,12
plan_build,graph_sparse,10,9,13,2167,0,0,12
plan_build,graph_sparse,10,9,14,2166,0,0,12
plan_build,graph_sparse,10,9,15,2167,0,0,12
plan_build,graph_sparse,10,9,16,2125,0,0,12
plan_build,graph_sparse,10,9,17,2125,0,0,12
plan_build,graph_sparse,10,9,18,2125,0,0,12
plan_build,graph_sparse,10,9,19,2084,0,0,12
plan_build_alloc,graph_sparse,10,9,0,0,57,14267,12
engine_execution,graph_sparse,10,9,0,29667,0,0,13
engine_execution,graph_sparse,10,9,1,29666,0,0,12
engine_execution,graph_sparse,10,9,2,29959,0,0,15
engine_execution,graph_sparse,10,9,3,29833,0,0,14
engine_execution,graph_sparse,10,9,4,29875,0,0,9
engine_execution,graph_sparse,10,9,5,29583,0,0,8
engine_execution,graph_sparse,10,9,6,30042,0,0,11
engine_execution,graph_sparse,10,9,7,29792,0,0,10
engine_execution,graph_sparse,10,9,8,29958,0,0,5
engine_execution,graph_sparse,10,9,9,29375,0,0,4
engine_execution,graph_sparse,10,9,10,29833,0,0,7
engine_execution,graph_sparse,10,9,11,29584,0,0,6
engine_execution,graph_sparse,10,9,12,30208,0,0,1
engine_execution,graph_sparse,10,9,13,30000,0,0,0
engine_execution,graph_sparse,10,9,14,30084,0,0,3
engine_execution,graph_sparse,10,9,15,29584,0,0,2
engine_execution,graph_sparse,10,9,16,30084,0,0,29
engine_execution,graph_sparse,10,9,17,29917,0,0,28
engine_execution,graph_sparse,10,9,18,30041,0,0,31
engine_execution,graph_sparse,10,9,19,29875,0,0,30
engine_execution,graph_sparse,10,9,20,29958,0,0,25
engine_execution,graph_sparse,10,9,21,29625,0,0,24
engine_execution,graph_sparse,10,9,22,29875,0,0,27
engine_execution,graph_sparse,10,9,23,29875,0,0,26
engine_execution,graph_sparse,10,9,24,35250,0,0,21
engine_execution,graph_sparse,10,9,25,31625,0,0,20
engine_execution,graph_sparse,10,9,26,29917,0,0,23
engine_execution,graph_sparse,10,9,27,29666,0,0,22
engine_execution,graph_sparse,10,9,28,29958,0,0,17
engine_execution,graph_sparse,10,9,29,29708,0,0,16
engine_execution,graph_sparse,10,9,30,30042,0,0,19
engine_execution,graph_sparse,10,9,31,30125,0,0,18
engine_execution,graph_sparse,10,9,32,30084,0,0,45
engine_execution,graph_sparse,10,9,33,29458,0,0,44
engine_execution,graph_sparse,10,9,34,30042,0,0,47
engine_execution,graph_sparse,10,9,35,29792,0,0,46
engine_execution,graph_sparse,10,9,36,29958,0,0,41
engine_execution,graph_sparse,10,9,37,29958,0,0,40
engine_execution,graph_sparse,10,9,38,29875,0,0,43
engine_execution,graph_sparse,10,9,39,29959,0,0,42
engine_execution_alloc,graph_sparse,10,9,0,0,659,68559,23127
machine_state_setup,graph_sparse,10,9,0,3292,0,0,10
body_state_setup,graph_sparse,10,9,0,291,0,0,0
machine_state_setup,graph_sparse,10,9,1,3042,0,0,10
body_state_setup,graph_sparse,10,9,1,292,0,0,0
machine_state_setup,graph_sparse,10,9,2,3000,0,0,10
body_state_setup,graph_sparse,10,9,2,333,0,0,0
machine_state_setup,graph_sparse,10,9,3,2958,0,0,10
body_state_setup,graph_sparse,10,9,3,250,0,0,0
machine_state_setup,graph_sparse,10,9,4,2959,0,0,10
body_state_setup,graph_sparse,10,9,4,250,0,0,0
machine_state_setup,graph_sparse,10,9,5,2959,0,0,10
body_state_setup,graph_sparse,10,9,5,209,0,0,0
machine_state_setup,graph_sparse,10,9,6,2959,0,0,10
body_state_setup,graph_sparse,10,9,6,333,0,0,0
machine_state_setup,graph_sparse,10,9,7,3042,0,0,10
body_state_setup,graph_sparse,10,9,7,250,0,0,0
machine_state_setup,graph_sparse,10,9,8,2959,0,0,10
body_state_setup,graph_sparse,10,9,8,250,0,0,0
machine_state_setup,graph_sparse,10,9,9,3000,0,0,10
body_state_setup,graph_sparse,10,9,9,250,0,0,0
machine_state_setup,graph_sparse,10,9,10,2958,0,0,10
body_state_setup,graph_sparse,10,9,10,208,0,0,0
machine_state_setup,graph_sparse,10,9,11,2958,0,0,10
body_state_setup,graph_sparse,10,9,11,250,0,0,0
machine_state_setup,graph_sparse,10,9,12,3000,0,0,10
body_state_setup,graph_sparse,10,9,12,250,0,0,0
machine_state_setup,graph_sparse,10,9,13,2917,0,0,10
body_state_setup,graph_sparse,10,9,13,250,0,0,0
machine_state_setup,graph_sparse,10,9,14,2916,0,0,10
body_state_setup,graph_sparse,10,9,14,208,0,0,0
machine_state_setup,graph_sparse,10,9,15,3000,0,0,10
body_state_setup,graph_sparse,10,9,15,250,0,0,0
machine_state_setup,graph_sparse,10,9,16,2958,0,0,10
body_state_setup,graph_sparse,10,9,16,250,0,0,0
machine_state_setup,graph_sparse,10,9,17,3000,0,0,10
body_state_setup,graph_sparse,10,9,17,292,0,0,0
machine_state_setup,graph_sparse,10,9,18,3042,0,0,10
body_state_setup,graph_sparse,10,9,18,250,0,0,0
machine_state_setup,graph_sparse,10,9,19,3000,0,0,10
body_state_setup,graph_sparse,10,9,19,250,0,0,0
machine_state_setup,graph_sparse,10,9,20,3000,0,0,10
body_state_setup,graph_sparse,10,9,20,208,0,0,0
machine_state_setup,graph_sparse,10,9,21,2958,0,0,10
body_state_setup,graph_sparse,10,9,21,208,0,0,0
machine_state_setup,graph_sparse,10,9,22,2958,0,0,10
body_state_setup,graph_sparse,10,9,22,208,0,0,0
machine_state_setup,graph_sparse,10,9,23,3000,0,0,10
body_state_setup,graph_sparse,10,9,23,208,0,0,0
machine_state_setup,graph_sparse,10,9,24,2958,0,0,10
body_state_setup,graph_sparse,10,9,24,250,0,0,0
machine_state_setup,graph_sparse,10,9,25,3084,0,0,10
body_state_setup,graph_sparse,10,9,25,250,0,0,0
machine_state_setup,graph_sparse,10,9,26,2958,0,0,10
body_state_setup,graph_sparse,10,9,26,250,0,0,0
machine_state_setup,graph_sparse,10,9,27,2958,0,0,10
body_state_setup,graph_sparse,10,9,27,208,0,0,0
machine_state_setup,graph_sparse,10,9,28,2916,0,0,10
body_state_setup,graph_sparse,10,9,28,208,0,0,0
machine_state_setup,graph_sparse,10,9,29,2958,0,0,10
body_state_setup,graph_sparse,10,9,29,208,0,0,0
machine_state_setup,graph_sparse,10,9,30,2875,0,0,10
body_state_setup,graph_sparse,10,9,30,250,0,0,0
machine_state_setup,graph_sparse,10,9,31,2959,0,0,10
body_state_setup,graph_sparse,10,9,31,250,0,0,0
machine_state_setup,graph_sparse,10,9,32,2917,0,0,10
body_state_setup,graph_sparse,10,9,32,208,0,0,0
machine_state_setup,graph_sparse,10,9,33,2916,0,0,10
body_state_setup,graph_sparse,10,9,33,208,0,0,0
machine_state_setup,graph_sparse,10,9,34,2958,0,0,10
body_state_setup,graph_sparse,10,9,34,250,0,0,0
machine_state_setup,graph_sparse,10,9,35,2958,0,0,10
body_state_setup,graph_sparse,10,9,35,250,0,0,0
machine_state_setup,graph_sparse,10,9,36,3042,0,0,10
body_state_setup,graph_sparse,10,9,36,250,0,0,0
machine_state_setup,graph_sparse,10,9,37,2958,0,0,10
body_state_setup,graph_sparse,10,9,37,250,0,0,0
machine_state_setup,graph_sparse,10,9,38,2916,0,0,10
body_state_setup,graph_sparse,10,9,38,334,0,0,0
machine_state_setup,graph_sparse,10,9,39,2958,0,0,10
body_state_setup,graph_sparse,10,9,39,250,0,0,0
fixture_generation,graph_chain,100,99,0,6833,0,0,500
fixture_generation,graph_chain,100,99,1,6583,0,0,500
fixture_generation,graph_chain,100,99,2,5667,0,0,500
fixture_generation,graph_chain,100,99,3,5625,0,0,500
fixture_generation,graph_chain,100,99,4,5667,0,0,500
fixture_generation,graph_chain,100,99,5,5625,0,0,500
fixture_generation,graph_chain,100,99,6,5625,0,0,500
fixture_generation,graph_chain,100,99,7,5625,0,0,500
fixture_generation,graph_chain,100,99,8,5584,0,0,500
fixture_generation,graph_chain,100,99,9,5625,0,0,500
fixture_generation,graph_chain,100,99,10,5584,0,0,500
fixture_generation,graph_chain,100,99,11,5584,0,0,500
fixture_generation,graph_chain,100,99,12,5708,0,0,500
fixture_generation,graph_chain,100,99,13,5583,0,0,500
fixture_generation,graph_chain,100,99,14,5625,0,0,500
fixture_generation,graph_chain,100,99,15,5667,0,0,500
fixture_generation,graph_chain,100,99,16,5584,0,0,500
fixture_generation,graph_chain,100,99,17,5625,0,0,500
fixture_generation,graph_chain,100,99,18,5625,0,0,500
fixture_generation,graph_chain,100,99,19,5625,0,0,500
plan_build,graph_chain,100,99,0,34250,0,0,11
plan_build,graph_chain,100,99,1,34125,0,0,11
plan_build,graph_chain,100,99,2,28708,0,0,11
plan_build,graph_chain,100,99,3,27667,0,0,11
plan_build,graph_chain,100,99,4,27583,0,0,11
plan_build,graph_chain,100,99,5,26708,0,0,11
plan_build,graph_chain,100,99,6,27667,0,0,11
plan_build,graph_chain,100,99,7,27041,0,0,11
plan_build,graph_chain,100,99,8,27375,0,0,11
plan_build,graph_chain,100,99,9,27167,0,0,11
plan_build,graph_chain,100,99,10,27208,0,0,11
plan_build,graph_chain,100,99,11,27291,0,0,11
plan_build,graph_chain,100,99,12,27000,0,0,11
plan_build,graph_chain,100,99,13,27417,0,0,11
plan_build,graph_chain,100,99,14,27084,0,0,11
plan_build,graph_chain,100,99,15,26417,0,0,11
plan_build,graph_chain,100,99,16,29166,0,0,11
plan_build,graph_chain,100,99,17,26583,0,0,11
plan_build,graph_chain,100,99,18,27083,0,0,11
plan_build,graph_chain,100,99,19,27334,0,0,11
plan_build_alloc,graph_chain,100,99,0,0,429,126588,11
engine_execution,graph_chain,100,99,0,385875,0,0,1
engine_execution,graph_chain,100,99,1,356666,0,0,0
engine_execution,graph_chain,100,99,2,347333,0,0,3
engine_execution,graph_chain,100,99,3,357334,0,0,2
engine_execution,graph_chain,100,99,4,344417,0,0,5
engine_execution,graph_chain,100,99,5,345208,0,0,4
engine_execution,graph_chain,100,99,6,346042,0,0,7
engine_execution,graph_chain,100,99,7,353875,0,0,6
engine_execution,graph_chain,100,99,8,345917,0,0,9
engine_execution,graph_chain,100,99,9,345500,0,0,8
engine_execution,graph_chain,100,99,10,342708,0,0,11
engine_execution,graph_chain,100,99,11,343750,0,0,10
engine_execution,graph_chain,100,99,12,341250,0,0,13
engine_execution,graph_chain,100,99,13,341042,0,0,12
engine_execution,graph_chain,100,99,14,344916,0,0,15
engine_execution,graph_chain,100,99,15,344875,0,0,14
engine_execution,graph_chain,100,99,16,342791,0,0,17
engine_execution,graph_chain,100,99,17,343125,0,0,16
engine_execution,graph_chain,100,99,18,342250,0,0,19
engine_execution,graph_chain,100,99,19,344667,0,0,18
engine_execution,graph_chain,100,99,20,343041,0,0,21
engine_execution,graph_chain,100,99,21,343500,0,0,20
engine_execution,graph_chain,100,99,22,350750,0,0,23
engine_execution,graph_chain,100,99,23,346166,0,0,22
engine_execution,graph_chain,100,99,24,345209,0,0,25
engine_execution,graph_chain,100,99,25,346750,0,0,24
engine_execution,graph_chain,100,99,26,343875,0,0,27
engine_execution,graph_chain,100,99,27,341875,0,0,26
engine_execution,graph_chain,100,99,28,354000,0,0,29
engine_execution,graph_chain,100,99,29,344708,0,0,28
engine_execution,graph_chain,100,99,30,341542,0,0,31
engine_execution,graph_chain,100,99,31,343667,0,0,30
engine_execution,graph_chain,100,99,32,343500,0,0,33
engine_execution,graph_chain,100,99,33,346167,0,0,32
engine_execution,graph_chain,100,99,34,343958,0,0,35
engine_execution,graph_chain,100,99,35,345291,0,0,34
engine_execution,graph_chain,100,99,36,343708,0,0,37
engine_execution,graph_chain,100,99,37,345292,0,0,36
engine_execution,graph_chain,100,99,38,345792,0,0,39
engine_execution,graph_chain,100,99,39,348333,0,0,38
engine_execution_alloc,graph_chain,100,99,0,0,6090,781647,23131
machine_state_setup,graph_chain,100,99,0,25375,0,0,100
body_state_setup,graph_chain,100,99,0,709,0,0,0
machine_state_setup,graph_chain,100,99,1,24417,0,0,100
body_state_setup,graph_chain,100,99,1,500,0,0,0
machine_state_setup,graph_chain,100,99,2,24167,0,0,100
body_state_setup,graph_chain,100,99,2,458,0,0,0
machine_state_setup,graph_chain,100,99,3,24000,0,0,100
body_state_setup,graph_chain,100,99,3,416,0,0,0
machine_state_setup,graph_chain,100,99,4,24209,0,0,100
body_state_setup,graph_chain,100,99,4,417,0,0,0
machine_state_setup,graph_chain,100,99,5,24375,0,0,100
body_state_setup,graph_chain,100,99,5,417,0,0,0
machine_state_setup,graph_chain,100,99,6,24125,0,0,100
body_state_setup,graph_chain,100,99,6,459,0,0,0
machine_state_setup,graph_chain,100,99,7,24125,0,0,100
body_state_setup,graph_chain,100,99,7,416,0,0,0
machine_state_setup,graph_chain,100,99,8,24042,0,0,100
body_state_setup,graph_chain,100,99,8,416,0,0,0
machine_state_setup,graph_chain,100,99,9,24042,0,0,100
body_state_setup,graph_chain,100,99,9,375,0,0,0
machine_state_setup,graph_chain,100,99,10,24042,0,0,100
body_state_setup,graph_chain,100,99,10,458,0,0,0
machine_state_setup,graph_chain,100,99,11,24083,0,0,100
body_state_setup,graph_chain,100,99,11,375,0,0,0
machine_state_setup,graph_chain,100,99,12,24166,0,0,100
body_state_setup,graph_chain,100,99,12,375,0,0,0
machine_state_setup,graph_chain,100,99,13,24583,0,0,100
body_state_setup,graph_chain,100,99,13,500,0,0,0
machine_state_setup,graph_chain,100,99,14,27833,0,0,100
body_state_setup,graph_chain,100,99,14,375,0,0,0
machine_state_setup,graph_chain,100,99,15,24125,0,0,100
body_state_setup,graph_chain,100,99,15,417,0,0,0
machine_state_setup,graph_chain,100,99,16,24583,0,0,100
body_state_setup,graph_chain,100,99,16,375,0,0,0
machine_state_setup,graph_chain,100,99,17,24208,0,0,100
body_state_setup,graph_chain,100,99,17,500,0,0,0
machine_state_setup,graph_chain,100,99,18,24041,0,0,100
body_state_setup,graph_chain,100,99,18,417,0,0,0
machine_state_setup,graph_chain,100,99,19,24250,0,0,100
body_state_setup,graph_chain,100,99,19,375,0,0,0
machine_state_setup,graph_chain,100,99,20,24042,0,0,100
body_state_setup,graph_chain,100,99,20,375,0,0,0
machine_state_setup,graph_chain,100,99,21,23917,0,0,100
body_state_setup,graph_chain,100,99,21,417,0,0,0
machine_state_setup,graph_chain,100,99,22,24041,0,0,100
body_state_setup,graph_chain,100,99,22,375,0,0,0
machine_state_setup,graph_chain,100,99,23,24083,0,0,100
body_state_setup,graph_chain,100,99,23,417,0,0,0
machine_state_setup,graph_chain,100,99,24,24000,0,0,100
body_state_setup,graph_chain,100,99,24,417,0,0,0
machine_state_setup,graph_chain,100,99,25,24166,0,0,100
body_state_setup,graph_chain,100,99,25,375,0,0,0
machine_state_setup,graph_chain,100,99,26,24083,0,0,100
body_state_setup,graph_chain,100,99,26,375,0,0,0
machine_state_setup,graph_chain,100,99,27,23958,0,0,100
body_state_setup,graph_chain,100,99,27,417,0,0,0
machine_state_setup,graph_chain,100,99,28,24125,0,0,100
body_state_setup,graph_chain,100,99,28,375,0,0,0
machine_state_setup,graph_chain,100,99,29,24042,0,0,100
body_state_setup,graph_chain,100,99,29,416,0,0,0
machine_state_setup,graph_chain,100,99,30,23959,0,0,100
body_state_setup,graph_chain,100,99,30,667,0,0,0
machine_state_setup,graph_chain,100,99,31,24125,0,0,100
body_state_setup,graph_chain,100,99,31,625,0,0,0
machine_state_setup,graph_chain,100,99,32,36916,0,0,100
body_state_setup,graph_chain,100,99,32,6583,0,0,0
machine_state_setup,graph_chain,100,99,33,31084,0,0,100
body_state_setup,graph_chain,100,99,33,750,0,0,0
machine_state_setup,graph_chain,100,99,34,25417,0,0,100
body_state_setup,graph_chain,100,99,34,625,0,0,0
machine_state_setup,graph_chain,100,99,35,100709,0,0,100
body_state_setup,graph_chain,100,99,35,5125,0,0,0
machine_state_setup,graph_chain,100,99,36,73250,0,0,100
body_state_setup,graph_chain,100,99,36,1875,0,0,0
machine_state_setup,graph_chain,100,99,37,56500,0,0,100
body_state_setup,graph_chain,100,99,37,792,0,0,0
machine_state_setup,graph_chain,100,99,38,44667,0,0,100
body_state_setup,graph_chain,100,99,38,917,0,0,0
machine_state_setup,graph_chain,100,99,39,25584,0,0,100
body_state_setup,graph_chain,100,99,39,459,0,0,0
pure_machine_events_preseeded,graph_chain,100,99,0,211583,0,0,101
pure_machine_events_preseeded,graph_chain,100,99,1,151166,0,0,101
pure_machine_events_preseeded,graph_chain,100,99,2,151916,0,0,101
pure_machine_events_preseeded,graph_chain,100,99,3,147500,0,0,101
pure_machine_events_preseeded,graph_chain,100,99,4,156500,0,0,101
pure_machine_events_preseeded,graph_chain,100,99,5,163875,0,0,101
pure_machine_events_preseeded,graph_chain,100,99,6,161333,0,0,101
pure_machine_events_preseeded,graph_chain,100,99,7,148084,0,0,101
pure_machine_events_preseeded,graph_chain,100,99,8,148458,0,0,101
pure_machine_events_preseeded,graph_chain,100,99,9,148250,0,0,101
pure_machine_events_preseeded,graph_chain,100,99,10,148583,0,0,101
pure_machine_events_preseeded,graph_chain,100,99,11,148917,0,0,101
pure_machine_events_preseeded,graph_chain,100,99,12,156750,0,0,101
pure_machine_events_preseeded,graph_chain,100,99,13,148917,0,0,101
pure_machine_events_preseeded,graph_chain,100,99,14,148542,0,0,101
pure_machine_events_preseeded,graph_chain,100,99,15,148083,0,0,101
pure_machine_events_preseeded,graph_chain,100,99,16,149584,0,0,101
pure_machine_events_preseeded,graph_chain,100,99,17,149125,0,0,101
pure_machine_events_preseeded,graph_chain,100,99,18,150166,0,0,101
pure_machine_events_preseeded,graph_chain,100,99,19,149500,0,0,101
pure_machine_events_preseeded,graph_chain,100,99,20,149750,0,0,101
pure_machine_events_preseeded,graph_chain,100,99,21,149750,0,0,101
pure_machine_events_preseeded,graph_chain,100,99,22,149333,0,0,101
pure_machine_events_preseeded,graph_chain,100,99,23,149083,0,0,101
pure_machine_events_preseeded,graph_chain,100,99,24,148875,0,0,101
pure_machine_events_preseeded,graph_chain,100,99,25,148334,0,0,101
pure_machine_events_preseeded,graph_chain,100,99,26,148250,0,0,101
pure_machine_events_preseeded,graph_chain,100,99,27,148334,0,0,101
pure_machine_events_preseeded,graph_chain,100,99,28,148584,0,0,101
pure_machine_events_preseeded,graph_chain,100,99,29,148416,0,0,101
pure_machine_events_preseeded,graph_chain,100,99,30,148250,0,0,101
pure_machine_events_preseeded,graph_chain,100,99,31,149083,0,0,101
pure_machine_events_preseeded,graph_chain,100,99,32,148416,0,0,101
pure_machine_events_preseeded,graph_chain,100,99,33,153500,0,0,101
pure_machine_events_preseeded,graph_chain,100,99,34,148458,0,0,101
pure_machine_events_preseeded,graph_chain,100,99,35,148333,0,0,101
pure_machine_events_preseeded,graph_chain,100,99,36,148542,0,0,101
pure_machine_events_preseeded,graph_chain,100,99,37,149792,0,0,101
pure_machine_events_preseeded,graph_chain,100,99,38,148625,0,0,101
pure_machine_events_preseeded,graph_chain,100,99,39,150083,0,0,101
fixture_generation,graph_wide,100,99,0,5750,0,0,500
fixture_generation,graph_wide,100,99,1,5625,0,0,500
fixture_generation,graph_wide,100,99,2,5584,0,0,500
fixture_generation,graph_wide,100,99,3,5542,0,0,500
fixture_generation,graph_wide,100,99,4,5541,0,0,500
fixture_generation,graph_wide,100,99,5,5584,0,0,500
fixture_generation,graph_wide,100,99,6,5583,0,0,500
fixture_generation,graph_wide,100,99,7,5583,0,0,500
fixture_generation,graph_wide,100,99,8,5583,0,0,500
fixture_generation,graph_wide,100,99,9,5583,0,0,500
fixture_generation,graph_wide,100,99,10,5583,0,0,500
fixture_generation,graph_wide,100,99,11,5583,0,0,500
fixture_generation,graph_wide,100,99,12,5542,0,0,500
fixture_generation,graph_wide,100,99,13,5500,0,0,500
fixture_generation,graph_wide,100,99,14,5583,0,0,500
fixture_generation,graph_wide,100,99,15,5584,0,0,500
fixture_generation,graph_wide,100,99,16,5542,0,0,500
fixture_generation,graph_wide,100,99,17,5583,0,0,500
fixture_generation,graph_wide,100,99,18,5625,0,0,500
fixture_generation,graph_wide,100,99,19,5583,0,0,500
plan_build,graph_wide,100,99,0,36041,0,0,10
plan_build,graph_wide,100,99,1,28416,0,0,10
plan_build,graph_wide,100,99,2,27250,0,0,10
plan_build,graph_wide,100,99,3,27084,0,0,10
plan_build,graph_wide,100,99,4,26917,0,0,10
plan_build,graph_wide,100,99,5,26875,0,0,10
plan_build,graph_wide,100,99,6,27042,0,0,10
plan_build,graph_wide,100,99,7,27083,0,0,10
plan_build,graph_wide,100,99,8,26875,0,0,10
plan_build,graph_wide,100,99,9,27000,0,0,10
plan_build,graph_wide,100,99,10,26959,0,0,10
plan_build,graph_wide,100,99,11,27000,0,0,10
plan_build,graph_wide,100,99,12,26917,0,0,10
plan_build,graph_wide,100,99,13,26875,0,0,10
plan_build,graph_wide,100,99,14,26709,0,0,10
plan_build,graph_wide,100,99,15,27042,0,0,10
plan_build,graph_wide,100,99,16,26958,0,0,10
plan_build,graph_wide,100,99,17,26833,0,0,10
plan_build,graph_wide,100,99,18,27125,0,0,10
plan_build,graph_wide,100,99,19,26959,0,0,10
plan_build_alloc,graph_wide,100,99,0,0,429,126587,10
engine_execution,graph_wide,100,99,0,293583,0,0,98
engine_execution,graph_wide,100,99,1,303333,0,0,99
engine_execution,graph_wide,100,99,2,292917,0,0,96
engine_execution,graph_wide,100,99,3,294417,0,0,97
engine_execution,graph_wide,100,99,4,292125,0,0,102
engine_execution,graph_wide,100,99,5,293584,0,0,103
engine_execution,graph_wide,100,99,6,292709,0,0,100
engine_execution,graph_wide,100,99,7,295917,0,0,101
engine_execution,graph_wide,100,99,8,293375,0,0,106
engine_execution,graph_wide,100,99,9,295125,0,0,107
engine_execution,graph_wide,100,99,10,292584,0,0,104
engine_execution,graph_wide,100,99,11,294792,0,0,105
engine_execution,graph_wide,100,99,12,301542,0,0,110
engine_execution,graph_wide,100,99,13,293584,0,0,111
engine_execution,graph_wide,100,99,14,292584,0,0,108
engine_execution,graph_wide,100,99,15,294959,0,0,109
engine_execution,graph_wide,100,99,16,294334,0,0,114
engine_execution,graph_wide,100,99,17,293875,0,0,115
engine_execution,graph_wide,100,99,18,306750,0,0,112
engine_execution,graph_wide,100,99,19,298708,0,0,113
engine_execution,graph_wide,100,99,20,311416,0,0,118
engine_execution,graph_wide,100,99,21,306417,0,0,119
engine_execution,graph_wide,100,99,22,316708,0,0,116
engine_execution,graph_wide,100,99,23,324750,0,0,117
engine_execution,graph_wide,100,99,24,313000,0,0,122
engine_execution,graph_wide,100,99,25,306958,0,0,123
engine_execution,graph_wide,100,99,26,297041,0,0,120
engine_execution,graph_wide,100,99,27,299583,0,0,121
engine_execution,graph_wide,100,99,28,294042,0,0,126
engine_execution,graph_wide,100,99,29,299709,0,0,127
engine_execution,graph_wide,100,99,30,294834,0,0,124
engine_execution,graph_wide,100,99,31,295167,0,0,125
engine_execution,graph_wide,100,99,32,317500,0,0,66
engine_execution,graph_wide,100,99,33,295584,0,0,67
engine_execution,graph_wide,100,99,34,295291,0,0,64
engine_execution,graph_wide,100,99,35,309167,0,0,65
engine_execution,graph_wide,100,99,36,293292,0,0,70
engine_execution,graph_wide,100,99,37,292833,0,0,71
engine_execution,graph_wide,100,99,38,303291,0,0,68
engine_execution,graph_wide,100,99,39,304750,0,0,69
engine_execution_alloc,graph_wide,100,99,0,0,5725,735725,23096
machine_state_setup,graph_wide,100,99,0,29250,0,0,100
body_state_setup,graph_wide,100,99,0,666,0,0,0
machine_state_setup,graph_wide,100,99,1,28125,0,0,100
body_state_setup,graph_wide,100,99,1,416,0,0,0
machine_state_setup,graph_wide,100,99,2,27958,0,0,100
body_state_setup,graph_wide,100,99,2,417,0,0,0
machine_state_setup,graph_wide,100,99,3,27750,0,0,100
body_state_setup,graph_wide,100,99,3,375,0,0,0
machine_state_setup,graph_wide,100,99,4,27542,0,0,100
body_state_setup,graph_wide,100,99,4,459,0,0,0
machine_state_setup,graph_wide,100,99,5,27833,0,0,100
body_state_setup,graph_wide,100,99,5,458,0,0,0
machine_state_setup,graph_wide,100,99,6,27542,0,0,100
body_state_setup,graph_wide,100,99,6,375,0,0,0
machine_state_setup,graph_wide,100,99,7,27917,0,0,100
body_state_setup,graph_wide,100,99,7,417,0,0,0
machine_state_setup,graph_wide,100,99,8,27750,0,0,100
body_state_setup,graph_wide,100,99,8,417,0,0,0
machine_state_setup,graph_wide,100,99,9,27791,0,0,100
body_state_setup,graph_wide,100,99,9,375,0,0,0
machine_state_setup,graph_wide,100,99,10,27875,0,0,100
body_state_setup,graph_wide,100,99,10,375,0,0,0
machine_state_setup,graph_wide,100,99,11,27875,0,0,100
body_state_setup,graph_wide,100,99,11,417,0,0,0
machine_state_setup,graph_wide,100,99,12,27708,0,0,100
body_state_setup,graph_wide,100,99,12,500,0,0,0
machine_state_setup,graph_wide,100,99,13,27834,0,0,100
body_state_setup,graph_wide,100,99,13,8125,0,0,0
machine_state_setup,graph_wide,100,99,14,27833,0,0,100
body_state_setup,graph_wide,100,99,14,375,0,0,0
machine_state_setup,graph_wide,100,99,15,27875,0,0,100
body_state_setup,graph_wide,100,99,15,375,0,0,0
machine_state_setup,graph_wide,100,99,16,27750,0,0,100
body_state_setup,graph_wide,100,99,16,459,0,0,0
machine_state_setup,graph_wide,100,99,17,27875,0,0,100
body_state_setup,graph_wide,100,99,17,375,0,0,0
machine_state_setup,graph_wide,100,99,18,27958,0,0,100
body_state_setup,graph_wide,100,99,18,375,0,0,0
machine_state_setup,graph_wide,100,99,19,27833,0,0,100
body_state_setup,graph_wide,100,99,19,417,0,0,0
machine_state_setup,graph_wide,100,99,20,27833,0,0,100
body_state_setup,graph_wide,100,99,20,416,0,0,0
machine_state_setup,graph_wide,100,99,21,27667,0,0,100
body_state_setup,graph_wide,100,99,21,417,0,0,0
machine_state_setup,graph_wide,100,99,22,27791,0,0,100
body_state_setup,graph_wide,100,99,22,500,0,0,0
machine_state_setup,graph_wide,100,99,23,27875,0,0,100
body_state_setup,graph_wide,100,99,23,375,0,0,0
machine_state_setup,graph_wide,100,99,24,27917,0,0,100
body_state_setup,graph_wide,100,99,24,458,0,0,0
machine_state_setup,graph_wide,100,99,25,27833,0,0,100
body_state_setup,graph_wide,100,99,25,375,0,0,0
machine_state_setup,graph_wide,100,99,26,28167,0,0,100
body_state_setup,graph_wide,100,99,26,417,0,0,0
machine_state_setup,graph_wide,100,99,27,28041,0,0,100
body_state_setup,graph_wide,100,99,27,542,0,0,0
machine_state_setup,graph_wide,100,99,28,28125,0,0,100
body_state_setup,graph_wide,100,99,28,375,0,0,0
machine_state_setup,graph_wide,100,99,29,28291,0,0,100
body_state_setup,graph_wide,100,99,29,500,0,0,0
machine_state_setup,graph_wide,100,99,30,27958,0,0,100
body_state_setup,graph_wide,100,99,30,542,0,0,0
machine_state_setup,graph_wide,100,99,31,28000,0,0,100
body_state_setup,graph_wide,100,99,31,417,0,0,0
machine_state_setup,graph_wide,100,99,32,27708,0,0,100
body_state_setup,graph_wide,100,99,32,417,0,0,0
machine_state_setup,graph_wide,100,99,33,27750,0,0,100
body_state_setup,graph_wide,100,99,33,417,0,0,0
machine_state_setup,graph_wide,100,99,34,27791,0,0,100
body_state_setup,graph_wide,100,99,34,375,0,0,0
machine_state_setup,graph_wide,100,99,35,27750,0,0,100
body_state_setup,graph_wide,100,99,35,417,0,0,0
machine_state_setup,graph_wide,100,99,36,28000,0,0,100
body_state_setup,graph_wide,100,99,36,416,0,0,0
machine_state_setup,graph_wide,100,99,37,27792,0,0,100
body_state_setup,graph_wide,100,99,37,375,0,0,0
machine_state_setup,graph_wide,100,99,38,27875,0,0,100
body_state_setup,graph_wide,100,99,38,458,0,0,0
machine_state_setup,graph_wide,100,99,39,28167,0,0,100
body_state_setup,graph_wide,100,99,39,375,0,0,0
fixture_generation,graph_sparse,100,99,0,5833,0,0,500
fixture_generation,graph_sparse,100,99,1,5625,0,0,500
fixture_generation,graph_sparse,100,99,2,5667,0,0,500
fixture_generation,graph_sparse,100,99,3,5667,0,0,500
fixture_generation,graph_sparse,100,99,4,5583,0,0,500
fixture_generation,graph_sparse,100,99,5,5583,0,0,500
fixture_generation,graph_sparse,100,99,6,5667,0,0,500
fixture_generation,graph_sparse,100,99,7,5708,0,0,500
fixture_generation,graph_sparse,100,99,8,5792,0,0,500
fixture_generation,graph_sparse,100,99,9,5666,0,0,500
fixture_generation,graph_sparse,100,99,10,5583,0,0,500
fixture_generation,graph_sparse,100,99,11,5542,0,0,500
fixture_generation,graph_sparse,100,99,12,5584,0,0,500
fixture_generation,graph_sparse,100,99,13,5584,0,0,500
fixture_generation,graph_sparse,100,99,14,5542,0,0,500
fixture_generation,graph_sparse,100,99,15,5583,0,0,500
fixture_generation,graph_sparse,100,99,16,5541,0,0,500
fixture_generation,graph_sparse,100,99,17,5583,0,0,500
fixture_generation,graph_sparse,100,99,18,5584,0,0,500
fixture_generation,graph_sparse,100,99,19,5542,0,0,500
plan_build,graph_sparse,100,99,0,34875,0,0,12
plan_build,graph_sparse,100,99,1,28042,0,0,12
plan_build,graph_sparse,100,99,2,27416,0,0,12
plan_build,graph_sparse,100,99,3,27084,0,0,12
plan_build,graph_sparse,100,99,4,26750,0,0,12
plan_build,graph_sparse,100,99,5,27375,0,0,12
plan_build,graph_sparse,100,99,6,27459,0,0,12
plan_build,graph_sparse,100,99,7,27292,0,0,12
plan_build,graph_sparse,100,99,8,27208,0,0,12
plan_build,graph_sparse,100,99,9,27500,0,0,12
plan_build,graph_sparse,100,99,10,27125,0,0,12
plan_build,graph_sparse,100,99,11,27333,0,0,12
plan_build,graph_sparse,100,99,12,27042,0,0,12
plan_build,graph_sparse,100,99,13,27291,0,0,12
plan_build,graph_sparse,100,99,14,26333,0,0,12
plan_build,graph_sparse,100,99,15,26542,0,0,12
plan_build,graph_sparse,100,99,16,26542,0,0,12
plan_build,graph_sparse,100,99,17,26625,0,0,12
plan_build,graph_sparse,100,99,18,26666,0,0,12
plan_build,graph_sparse,100,99,19,27333,0,0,12
plan_build_alloc,graph_sparse,100,99,0,0,429,126589,12
engine_execution,graph_sparse,100,99,0,326667,0,0,71
engine_execution,graph_sparse,100,99,1,327041,0,0,70
engine_execution,graph_sparse,100,99,2,327208,0,0,69
engine_execution,graph_sparse,100,99,3,326208,0,0,68
engine_execution,graph_sparse,100,99,4,322250,0,0,67
engine_execution,graph_sparse,100,99,5,322500,0,0,66
engine_execution,graph_sparse,100,99,6,322625,0,0,65
engine_execution,graph_sparse,100,99,7,324250,0,0,64
engine_execution,graph_sparse,100,99,8,320167,0,0,79
engine_execution,graph_sparse,100,99,9,322334,0,0,78
engine_execution,graph_sparse,100,99,10,323375,0,0,77
engine_execution,graph_sparse,100,99,11,320375,0,0,76
engine_execution,graph_sparse,100,99,12,324458,0,0,75
engine_execution,graph_sparse,100,99,13,321375,0,0,74
engine_execution,graph_sparse,100,99,14,320584,0,0,73
engine_execution,graph_sparse,100,99,15,320583,0,0,72
engine_execution,graph_sparse,100,99,16,331916,0,0,87
engine_execution,graph_sparse,100,99,17,333750,0,0,86
engine_execution,graph_sparse,100,99,18,773500,0,0,85
engine_execution,graph_sparse,100,99,19,341208,0,0,84
engine_execution,graph_sparse,100,99,20,353292,0,0,83
engine_execution,graph_sparse,100,99,21,330916,0,0,82
engine_execution,graph_sparse,100,99,22,328000,0,0,81
engine_execution,graph_sparse,100,99,23,326208,0,0,80
engine_execution,graph_sparse,100,99,24,332875,0,0,95
engine_execution,graph_sparse,100,99,25,324542,0,0,94
engine_execution,graph_sparse,100,99,26,324750,0,0,93
engine_execution,graph_sparse,100,99,27,343209,0,0,92
engine_execution,graph_sparse,100,99,28,337292,0,0,91
engine_execution,graph_sparse,100,99,29,324041,0,0,90
engine_execution,graph_sparse,100,99,30,330042,0,0,89
engine_execution,graph_sparse,100,99,31,324500,0,0,88
engine_execution,graph_sparse,100,99,32,329875,0,0,103
engine_execution,graph_sparse,100,99,33,324833,0,0,102
engine_execution,graph_sparse,100,99,34,324958,0,0,101
engine_execution,graph_sparse,100,99,35,325666,0,0,100
engine_execution,graph_sparse,100,99,36,324708,0,0,99
engine_execution,graph_sparse,100,99,37,327208,0,0,98
engine_execution,graph_sparse,100,99,38,326375,0,0,97
engine_execution,graph_sparse,100,99,39,323083,0,0,96
engine_execution_alloc,graph_sparse,100,99,0,0,5945,761233,23069
machine_state_setup,graph_sparse,100,99,0,26792,0,0,100
body_state_setup,graph_sparse,100,99,0,667,0,0,0
machine_state_setup,graph_sparse,100,99,1,25500,0,0,100
body_state_setup,graph_sparse,100,99,1,458,0,0,0
machine_state_setup,graph_sparse,100,99,2,25292,0,0,100
body_state_setup,graph_sparse,100,99,2,375,0,0,0
machine_state_setup,graph_sparse,100,99,3,24708,0,0,100
body_state_setup,graph_sparse,100,99,3,375,0,0,0
machine_state_setup,graph_sparse,100,99,4,25041,0,0,100
body_state_setup,graph_sparse,100,99,4,417,0,0,0
machine_state_setup,graph_sparse,100,99,5,25125,0,0,100
body_state_setup,graph_sparse,100,99,5,416,0,0,0
machine_state_setup,graph_sparse,100,99,6,25208,0,0,100
body_state_setup,graph_sparse,100,99,6,417,0,0,0
machine_state_setup,graph_sparse,100,99,7,25041,0,0,100
body_state_setup,graph_sparse,100,99,7,417,0,0,0
machine_state_setup,graph_sparse,100,99,8,25209,0,0,100
body_state_setup,graph_sparse,100,99,8,375,0,0,0
machine_state_setup,graph_sparse,100,99,9,25000,0,0,100
body_state_setup,graph_sparse,100,99,9,417,0,0,0
machine_state_setup,graph_sparse,100,99,10,25041,0,0,100
body_state_setup,graph_sparse,100,99,10,375,0,0,0
machine_state_setup,graph_sparse,100,99,11,24875,0,0,100
body_state_setup,graph_sparse,100,99,11,375,0,0,0
machine_state_setup,graph_sparse,100,99,12,25167,0,0,100
body_state_setup,graph_sparse,100,99,12,375,0,0,0
machine_state_setup,graph_sparse,100,99,13,25000,0,0,100
body_state_setup,graph_sparse,100,99,13,333,0,0,0
machine_state_setup,graph_sparse,100,99,14,25083,0,0,100
body_state_setup,graph_sparse,100,99,14,416,0,0,0
machine_state_setup,graph_sparse,100,99,15,24959,0,0,100
body_state_setup,graph_sparse,100,99,15,334,0,0,0
machine_state_setup,graph_sparse,100,99,16,25084,0,0,100
body_state_setup,graph_sparse,100,99,16,417,0,0,0
machine_state_setup,graph_sparse,100,99,17,25125,0,0,100
body_state_setup,graph_sparse,100,99,17,375,0,0,0
machine_state_setup,graph_sparse,100,99,18,25125,0,0,100
body_state_setup,graph_sparse,100,99,18,500,0,0,0
machine_state_setup,graph_sparse,100,99,19,25125,0,0,100
body_state_setup,graph_sparse,100,99,19,375,0,0,0
machine_state_setup,graph_sparse,100,99,20,25250,0,0,100
body_state_setup,graph_sparse,100,99,20,417,0,0,0
machine_state_setup,graph_sparse,100,99,21,24917,0,0,100
body_state_setup,graph_sparse,100,99,21,375,0,0,0
machine_state_setup,graph_sparse,100,99,22,24958,0,0,100
body_state_setup,graph_sparse,100,99,22,416,0,0,0
machine_state_setup,graph_sparse,100,99,23,24917,0,0,100
body_state_setup,graph_sparse,100,99,23,375,0,0,0
machine_state_setup,graph_sparse,100,99,24,25083,0,0,100
body_state_setup,graph_sparse,100,99,24,417,0,0,0
machine_state_setup,graph_sparse,100,99,25,24958,0,0,100
body_state_setup,graph_sparse,100,99,25,459,0,0,0
machine_state_setup,graph_sparse,100,99,26,24958,0,0,100
body_state_setup,graph_sparse,100,99,26,375,0,0,0
machine_state_setup,graph_sparse,100,99,27,24875,0,0,100
body_state_setup,graph_sparse,100,99,27,459,0,0,0
machine_state_setup,graph_sparse,100,99,28,25083,0,0,100
body_state_setup,graph_sparse,100,99,28,417,0,0,0
machine_state_setup,graph_sparse,100,99,29,25000,0,0,100
body_state_setup,graph_sparse,100,99,29,417,0,0,0
machine_state_setup,graph_sparse,100,99,30,24875,0,0,100
body_state_setup,graph_sparse,100,99,30,375,0,0,0
machine_state_setup,graph_sparse,100,99,31,24916,0,0,100
body_state_setup,graph_sparse,100,99,31,417,0,0,0
machine_state_setup,graph_sparse,100,99,32,25291,0,0,100
body_state_setup,graph_sparse,100,99,32,375,0,0,0
machine_state_setup,graph_sparse,100,99,33,25000,0,0,100
body_state_setup,graph_sparse,100,99,33,375,0,0,0
machine_state_setup,graph_sparse,100,99,34,25042,0,0,100
body_state_setup,graph_sparse,100,99,34,375,0,0,0
machine_state_setup,graph_sparse,100,99,35,25209,0,0,100
body_state_setup,graph_sparse,100,99,35,375,0,0,0
machine_state_setup,graph_sparse,100,99,36,25250,0,0,100
body_state_setup,graph_sparse,100,99,36,458,0,0,0
machine_state_setup,graph_sparse,100,99,37,24959,0,0,100
body_state_setup,graph_sparse,100,99,37,375,0,0,0
machine_state_setup,graph_sparse,100,99,38,25084,0,0,100
body_state_setup,graph_sparse,100,99,38,375,0,0,0
machine_state_setup,graph_sparse,100,99,39,25042,0,0,100
body_state_setup,graph_sparse,100,99,39,375,0,0,0
fixture_generation,graph_chain,1000,999,0,54584,0,0,5000
fixture_generation,graph_chain,1000,999,1,54583,0,0,5000
fixture_generation,graph_chain,1000,999,2,54334,0,0,5000
fixture_generation,graph_chain,1000,999,3,54417,0,0,5000
fixture_generation,graph_chain,1000,999,4,54334,0,0,5000
fixture_generation,graph_chain,1000,999,5,54375,0,0,5000
fixture_generation,graph_chain,1000,999,6,54375,0,0,5000
fixture_generation,graph_chain,1000,999,7,54334,0,0,5000
fixture_generation,graph_chain,1000,999,8,54375,0,0,5000
fixture_generation,graph_chain,1000,999,9,54333,0,0,5000
fixture_generation,graph_chain,1000,999,10,54291,0,0,5000
fixture_generation,graph_chain,1000,999,11,54333,0,0,5000
fixture_generation,graph_chain,1000,999,12,54333,0,0,5000
fixture_generation,graph_chain,1000,999,13,54375,0,0,5000
fixture_generation,graph_chain,1000,999,14,54375,0,0,5000
fixture_generation,graph_chain,1000,999,15,54334,0,0,5000
fixture_generation,graph_chain,1000,999,16,54334,0,0,5000
fixture_generation,graph_chain,1000,999,17,55375,0,0,5000
fixture_generation,graph_chain,1000,999,18,56916,0,0,5000
fixture_generation,graph_chain,1000,999,19,55833,0,0,5000
plan_build,graph_chain,1000,999,0,1284083,0,0,11
plan_build,graph_chain,1000,999,1,1248708,0,0,11
plan_build,graph_chain,1000,999,2,1245833,0,0,11
plan_build,graph_chain,1000,999,3,1248959,0,0,11
plan_build,graph_chain,1000,999,4,1261375,0,0,11
plan_build,graph_chain,1000,999,5,1296333,0,0,11
plan_build,graph_chain,1000,999,6,1263208,0,0,11
plan_build,graph_chain,1000,999,7,1262583,0,0,11
plan_build,graph_chain,1000,999,8,1248000,0,0,11
plan_build,graph_chain,1000,999,9,1245917,0,0,11
plan_build,graph_chain,1000,999,10,1248084,0,0,11
plan_build,graph_chain,1000,999,11,1255667,0,0,11
plan_build,graph_chain,1000,999,12,1254792,0,0,11
plan_build,graph_chain,1000,999,13,1269750,0,0,11
plan_build,graph_chain,1000,999,14,1249709,0,0,11
plan_build,graph_chain,1000,999,15,1249334,0,0,11
plan_build,graph_chain,1000,999,16,1245709,0,0,11
plan_build,graph_chain,1000,999,17,1259375,0,0,11
plan_build,graph_chain,1000,999,18,1587250,0,0,11
plan_build,graph_chain,1000,999,19,1264500,0,0,11
plan_build_alloc,graph_chain,1000,999,0,0,4041,1049104,11
engine_execution,graph_chain,1000,999,0,15580041,0,0,1
engine_execution,graph_chain,1000,999,1,16879958,0,0,0
engine_execution,graph_chain,1000,999,2,17169833,0,0,3
engine_execution,graph_chain,1000,999,3,16898209,0,0,2
engine_execution,graph_chain,1000,999,4,15862666,0,0,5
engine_execution,graph_chain,1000,999,5,16855625,0,0,4
engine_execution,graph_chain,1000,999,6,16185375,0,0,7
engine_execution,graph_chain,1000,999,7,15962125,0,0,6
engine_execution,graph_chain,1000,999,8,16388500,0,0,9
engine_execution,graph_chain,1000,999,9,17228042,0,0,8
engine_execution,graph_chain,1000,999,10,17396458,0,0,11
engine_execution,graph_chain,1000,999,11,17402667,0,0,10
engine_execution,graph_chain,1000,999,12,16534042,0,0,13
engine_execution,graph_chain,1000,999,13,16905375,0,0,12
engine_execution,graph_chain,1000,999,14,16518959,0,0,15
engine_execution,graph_chain,1000,999,15,16960541,0,0,14
engine_execution,graph_chain,1000,999,16,16307583,0,0,17
engine_execution,graph_chain,1000,999,17,17295042,0,0,16
engine_execution,graph_chain,1000,999,18,17693167,0,0,19
engine_execution,graph_chain,1000,999,19,17133041,0,0,18
engine_execution,graph_chain,1000,999,20,15826166,0,0,21
engine_execution,graph_chain,1000,999,21,17623916,0,0,20
engine_execution,graph_chain,1000,999,22,16335667,0,0,23
engine_execution,graph_chain,1000,999,23,16572708,0,0,22
engine_execution,graph_chain,1000,999,24,16116917,0,0,25
engine_execution,graph_chain,1000,999,25,16519542,0,0,24
engine_execution,graph_chain,1000,999,26,17182416,0,0,27
engine_execution,graph_chain,1000,999,27,17320834,0,0,26
engine_execution,graph_chain,1000,999,28,16992750,0,0,29
engine_execution,graph_chain,1000,999,29,16441750,0,0,28
engine_execution,graph_chain,1000,999,30,16546542,0,0,31
engine_execution,graph_chain,1000,999,31,17356667,0,0,30
engine_execution,graph_chain,1000,999,32,16498167,0,0,33
engine_execution,graph_chain,1000,999,33,17235583,0,0,32
engine_execution,graph_chain,1000,999,34,16841709,0,0,35
engine_execution,graph_chain,1000,999,35,17168791,0,0,34
engine_execution,graph_chain,1000,999,36,16484875,0,0,37
engine_execution,graph_chain,1000,999,37,16890458,0,0,36
engine_execution,graph_chain,1000,999,38,16769792,0,0,39
engine_execution,graph_chain,1000,999,39,17546791,0,0,38
engine_execution_alloc,graph_chain,1000,999,0,0,60109,29096851,23131
machine_state_setup,graph_chain,1000,999,0,242208,0,0,1000
body_state_setup,graph_chain,1000,999,0,3208,0,0,0
machine_state_setup,graph_chain,1000,999,1,245083,0,0,1000
body_state_setup,graph_chain,1000,999,1,2083,0,0,0
machine_state_setup,graph_chain,1000,999,2,247500,0,0,1000
body_state_setup,graph_chain,1000,999,2,1875,0,0,0
machine_state_setup,graph_chain,1000,999,3,231334,0,0,1000
body_state_setup,graph_chain,1000,999,3,2417,0,0,0
machine_state_setup,graph_chain,1000,999,4,241166,0,0,1000
body_state_setup,graph_chain,1000,999,4,2375,0,0,0
machine_state_setup,graph_chain,1000,999,5,233791,0,0,1000
body_state_setup,graph_chain,1000,999,5,2416,0,0,0
machine_state_setup,graph_chain,1000,999,6,244125,0,0,1000
body_state_setup,graph_chain,1000,999,6,2458,0,0,0
machine_state_setup,graph_chain,1000,999,7,237208,0,0,1000
body_state_setup,graph_chain,1000,999,7,2125,0,0,0
machine_state_setup,graph_chain,1000,999,8,230167,0,0,1000
body_state_setup,graph_chain,1000,999,8,1792,0,0,0
machine_state_setup,graph_chain,1000,999,9,237250,0,0,1000
body_state_setup,graph_chain,1000,999,9,1875,0,0,0
machine_state_setup,graph_chain,1000,999,10,227417,0,0,1000
body_state_setup,graph_chain,1000,999,10,1792,0,0,0
machine_state_setup,graph_chain,1000,999,11,236958,0,0,1000
body_state_setup,graph_chain,1000,999,11,1958,0,0,0
machine_state_setup,graph_chain,1000,999,12,247166,0,0,1000
body_state_setup,graph_chain,1000,999,12,2917,0,0,0
machine_state_setup,graph_chain,1000,999,13,241375,0,0,1000
body_state_setup,graph_chain,1000,999,13,2042,0,0,0
machine_state_setup,graph_chain,1000,999,14,240500,0,0,1000
body_state_setup,graph_chain,1000,999,14,1833,0,0,0
machine_state_setup,graph_chain,1000,999,15,236917,0,0,1000
body_state_setup,graph_chain,1000,999,15,1834,0,0,0
machine_state_setup,graph_chain,1000,999,16,235125,0,0,1000
body_state_setup,graph_chain,1000,999,16,2292,0,0,0
machine_state_setup,graph_chain,1000,999,17,243750,0,0,1000
body_state_setup,graph_chain,1000,999,17,1750,0,0,0
machine_state_setup,graph_chain,1000,999,18,236084,0,0,1000
body_state_setup,graph_chain,1000,999,18,1917,0,0,0
machine_state_setup,graph_chain,1000,999,19,235583,0,0,1000
body_state_setup,graph_chain,1000,999,19,1833,0,0,0
machine_state_setup,graph_chain,1000,999,20,239791,0,0,1000
body_state_setup,graph_chain,1000,999,20,1833,0,0,0
machine_state_setup,graph_chain,1000,999,21,238416,0,0,1000
body_state_setup,graph_chain,1000,999,21,1792,0,0,0
machine_state_setup,graph_chain,1000,999,22,238125,0,0,1000
body_state_setup,graph_chain,1000,999,22,2042,0,0,0
machine_state_setup,graph_chain,1000,999,23,231625,0,0,1000
body_state_setup,graph_chain,1000,999,23,2458,0,0,0
machine_state_setup,graph_chain,1000,999,24,231500,0,0,1000
body_state_setup,graph_chain,1000,999,24,1875,0,0,0
machine_state_setup,graph_chain,1000,999,25,240333,0,0,1000
body_state_setup,graph_chain,1000,999,25,2291,0,0,0
machine_state_setup,graph_chain,1000,999,26,239667,0,0,1000
body_state_setup,graph_chain,1000,999,26,2250,0,0,0
machine_state_setup,graph_chain,1000,999,27,252500,0,0,1000
body_state_setup,graph_chain,1000,999,27,1875,0,0,0
machine_state_setup,graph_chain,1000,999,28,232625,0,0,1000
body_state_setup,graph_chain,1000,999,28,1875,0,0,0
machine_state_setup,graph_chain,1000,999,29,226250,0,0,1000
body_state_setup,graph_chain,1000,999,29,2250,0,0,0
machine_state_setup,graph_chain,1000,999,30,228917,0,0,1000
body_state_setup,graph_chain,1000,999,30,1833,0,0,0
machine_state_setup,graph_chain,1000,999,31,229125,0,0,1000
body_state_setup,graph_chain,1000,999,31,1875,0,0,0
machine_state_setup,graph_chain,1000,999,32,231084,0,0,1000
body_state_setup,graph_chain,1000,999,32,1875,0,0,0
machine_state_setup,graph_chain,1000,999,33,237083,0,0,1000
body_state_setup,graph_chain,1000,999,33,1833,0,0,0
machine_state_setup,graph_chain,1000,999,34,235583,0,0,1000
body_state_setup,graph_chain,1000,999,34,1750,0,0,0
machine_state_setup,graph_chain,1000,999,35,237875,0,0,1000
body_state_setup,graph_chain,1000,999,35,1792,0,0,0
machine_state_setup,graph_chain,1000,999,36,236708,0,0,1000
body_state_setup,graph_chain,1000,999,36,1833,0,0,0
machine_state_setup,graph_chain,1000,999,37,225000,0,0,1000
body_state_setup,graph_chain,1000,999,37,1959,0,0,0
machine_state_setup,graph_chain,1000,999,38,229292,0,0,1000
body_state_setup,graph_chain,1000,999,38,1875,0,0,0
machine_state_setup,graph_chain,1000,999,39,235542,0,0,1000
body_state_setup,graph_chain,1000,999,39,1792,0,0,0
pure_machine_events_preseeded,graph_chain,1000,999,0,11413000,0,0,1001
pure_machine_events_preseeded,graph_chain,1000,999,1,10574000,0,0,1001
pure_machine_events_preseeded,graph_chain,1000,999,2,10744833,0,0,1001
pure_machine_events_preseeded,graph_chain,1000,999,3,12877084,0,0,1001
pure_machine_events_preseeded,graph_chain,1000,999,4,10869542,0,0,1001
pure_machine_events_preseeded,graph_chain,1000,999,5,11127459,0,0,1001
pure_machine_events_preseeded,graph_chain,1000,999,6,10208125,0,0,1001
pure_machine_events_preseeded,graph_chain,1000,999,7,10572833,0,0,1001
pure_machine_events_preseeded,graph_chain,1000,999,8,10781667,0,0,1001
pure_machine_events_preseeded,graph_chain,1000,999,9,11075541,0,0,1001
pure_machine_events_preseeded,graph_chain,1000,999,10,11076417,0,0,1001
pure_machine_events_preseeded,graph_chain,1000,999,11,11276875,0,0,1001
pure_machine_events_preseeded,graph_chain,1000,999,12,11236625,0,0,1001
pure_machine_events_preseeded,graph_chain,1000,999,13,11354708,0,0,1001
pure_machine_events_preseeded,graph_chain,1000,999,14,11907000,0,0,1001
pure_machine_events_preseeded,graph_chain,1000,999,15,10876834,0,0,1001
pure_machine_events_preseeded,graph_chain,1000,999,16,11219416,0,0,1001
pure_machine_events_preseeded,graph_chain,1000,999,17,11521708,0,0,1001
pure_machine_events_preseeded,graph_chain,1000,999,18,10966708,0,0,1001
pure_machine_events_preseeded,graph_chain,1000,999,19,10944875,0,0,1001
pure_machine_events_preseeded,graph_chain,1000,999,20,10954250,0,0,1001
pure_machine_events_preseeded,graph_chain,1000,999,21,10761667,0,0,1001
pure_machine_events_preseeded,graph_chain,1000,999,22,11885375,0,0,1001
pure_machine_events_preseeded,graph_chain,1000,999,23,11316583,0,0,1001
pure_machine_events_preseeded,graph_chain,1000,999,24,10008208,0,0,1001
pure_machine_events_preseeded,graph_chain,1000,999,25,10976750,0,0,1001
pure_machine_events_preseeded,graph_chain,1000,999,26,11083125,0,0,1001
pure_machine_events_preseeded,graph_chain,1000,999,27,10831375,0,0,1001
pure_machine_events_preseeded,graph_chain,1000,999,28,10877792,0,0,1001
pure_machine_events_preseeded,graph_chain,1000,999,29,12156167,0,0,1001
pure_machine_events_preseeded,graph_chain,1000,999,30,11426667,0,0,1001
pure_machine_events_preseeded,graph_chain,1000,999,31,10459291,0,0,1001
pure_machine_events_preseeded,graph_chain,1000,999,32,10879459,0,0,1001
pure_machine_events_preseeded,graph_chain,1000,999,33,10667167,0,0,1001
pure_machine_events_preseeded,graph_chain,1000,999,34,10895584,0,0,1001
pure_machine_events_preseeded,graph_chain,1000,999,35,11881958,0,0,1001
pure_machine_events_preseeded,graph_chain,1000,999,36,11559375,0,0,1001
pure_machine_events_preseeded,graph_chain,1000,999,37,11527833,0,0,1001
pure_machine_events_preseeded,graph_chain,1000,999,38,11983000,0,0,1001
pure_machine_events_preseeded,graph_chain,1000,999,39,10890292,0,0,1001
fixture_generation,graph_wide,1000,999,0,55208,0,0,5000
fixture_generation,graph_wide,1000,999,1,58417,0,0,5000
fixture_generation,graph_wide,1000,999,2,61583,0,0,5000
fixture_generation,graph_wide,1000,999,3,60250,0,0,5000
fixture_generation,graph_wide,1000,999,4,72375,0,0,5000
fixture_generation,graph_wide,1000,999,5,61917,0,0,5000
fixture_generation,graph_wide,1000,999,6,54625,0,0,5000
fixture_generation,graph_wide,1000,999,7,54833,0,0,5000
fixture_generation,graph_wide,1000,999,8,64250,0,0,5000
fixture_generation,graph_wide,1000,999,9,55500,0,0,5000
fixture_generation,graph_wide,1000,999,10,60542,0,0,5000
fixture_generation,graph_wide,1000,999,11,63416,0,0,5000
fixture_generation,graph_wide,1000,999,12,54584,0,0,5000
fixture_generation,graph_wide,1000,999,13,54291,0,0,5000
fixture_generation,graph_wide,1000,999,14,54708,0,0,5000
fixture_generation,graph_wide,1000,999,15,73583,0,0,5000
fixture_generation,graph_wide,1000,999,16,58334,0,0,5000
fixture_generation,graph_wide,1000,999,17,54250,0,0,5000
fixture_generation,graph_wide,1000,999,18,54541,0,0,5000
fixture_generation,graph_wide,1000,999,19,54958,0,0,5000
plan_build,graph_wide,1000,999,0,1373542,0,0,10
plan_build,graph_wide,1000,999,1,1344917,0,0,10
plan_build,graph_wide,1000,999,2,1344041,0,0,10
plan_build,graph_wide,1000,999,3,1343958,0,0,10
plan_build,graph_wide,1000,999,4,1373542,0,0,10
plan_build,graph_wide,1000,999,5,1369375,0,0,10
plan_build,graph_wide,1000,999,6,1357958,0,0,10
plan_build,graph_wide,1000,999,7,1367292,0,0,10
plan_build,graph_wide,1000,999,8,2025583,0,0,10
plan_build,graph_wide,1000,999,9,1540833,0,0,10
plan_build,graph_wide,1000,999,10,1469458,0,0,10
plan_build,graph_wide,1000,999,11,1433250,0,0,10
plan_build,graph_wide,1000,999,12,1441708,0,0,10
plan_build,graph_wide,1000,999,13,1538291,0,0,10
plan_build,graph_wide,1000,999,14,1410667,0,0,10
plan_build,graph_wide,1000,999,15,1576500,0,0,10
plan_build,graph_wide,1000,999,16,1260417,0,0,10
plan_build,graph_wide,1000,999,17,1301167,0,0,10
plan_build,graph_wide,1000,999,18,1848750,0,0,10
plan_build,graph_wide,1000,999,19,2468833,0,0,10
plan_build_alloc,graph_wide,1000,999,0,0,4041,1049103,10
engine_execution,graph_wide,1000,999,0,12176000,0,0,998
engine_execution,graph_wide,1000,999,1,11308458,0,0,999
engine_execution,graph_wide,1000,999,2,11446833,0,0,996
engine_execution,graph_wide,1000,999,3,11407459,0,0,997
engine_execution,graph_wide,1000,999,4,12227125,0,0,994
engine_execution,graph_wide,1000,999,5,11117167,0,0,995
engine_execution,graph_wide,1000,999,6,11305625,0,0,992
engine_execution,graph_wide,1000,999,7,12158542,0,0,993
engine_execution,graph_wide,1000,999,8,10917084,0,0,1006
engine_execution,graph_wide,1000,999,9,11446959,0,0,1007
engine_execution,graph_wide,1000,999,10,12426250,0,0,1004
engine_execution,graph_wide,1000,999,11,11832250,0,0,1005
engine_execution,graph_wide,1000,999,12,10817958,0,0,1002
engine_execution,graph_wide,1000,999,13,11352417,0,0,1003
engine_execution,graph_wide,1000,999,14,11127875,0,0,1000
engine_execution,graph_wide,1000,999,15,10314625,0,0,1001
engine_execution,graph_wide,1000,999,16,11426000,0,0,1014
engine_execution,graph_wide,1000,999,17,11074709,0,0,1015
engine_execution,graph_wide,1000,999,18,10136708,0,0,1012
engine_execution,graph_wide,1000,999,19,10852041,0,0,1013
engine_execution,graph_wide,1000,999,20,10841917,0,0,1010
engine_execution,graph_wide,1000,999,21,10361750,0,0,1011
engine_execution,graph_wide,1000,999,22,11323833,0,0,1008
engine_execution,graph_wide,1000,999,23,10627208,0,0,1009
engine_execution,graph_wide,1000,999,24,10172958,0,0,1022
engine_execution,graph_wide,1000,999,25,10378000,0,0,1023
engine_execution,graph_wide,1000,999,26,12006083,0,0,1020
engine_execution,graph_wide,1000,999,27,11134042,0,0,1021
engine_execution,graph_wide,1000,999,28,11955042,0,0,1018
engine_execution,graph_wide,1000,999,29,11586208,0,0,1019
engine_execution,graph_wide,1000,999,30,11606209,0,0,1016
engine_execution,graph_wide,1000,999,31,11185833,0,0,1017
engine_execution,graph_wide,1000,999,32,10820667,0,0,966
engine_execution,graph_wide,1000,999,33,11413333,0,0,967
engine_execution,graph_wide,1000,999,34,11951792,0,0,964
engine_execution,graph_wide,1000,999,35,10424250,0,0,965
engine_execution,graph_wide,1000,999,36,11141167,0,0,962
engine_execution,graph_wide,1000,999,37,12054042,0,0,963
engine_execution,graph_wide,1000,999,38,10972166,0,0,960
engine_execution,graph_wide,1000,999,39,11396583,0,0,961
engine_execution_alloc,graph_wide,1000,999,0,0,56214,21420769,22972
machine_state_setup,graph_wide,1000,999,0,522500,0,0,1000
body_state_setup,graph_wide,1000,999,0,2792,0,0,0
machine_state_setup,graph_wide,1000,999,1,513459,0,0,1000
body_state_setup,graph_wide,1000,999,1,2416,0,0,0
machine_state_setup,graph_wide,1000,999,2,516917,0,0,1000
body_state_setup,graph_wide,1000,999,2,2709,0,0,0
machine_state_setup,graph_wide,1000,999,3,521209,0,0,1000
body_state_setup,graph_wide,1000,999,3,2333,0,0,0
machine_state_setup,graph_wide,1000,999,4,502833,0,0,1000
body_state_setup,graph_wide,1000,999,4,2041,0,0,0
machine_state_setup,graph_wide,1000,999,5,520125,0,0,1000
body_state_setup,graph_wide,1000,999,5,2000,0,0,0
machine_state_setup,graph_wide,1000,999,6,504292,0,0,1000
body_state_setup,graph_wide,1000,999,6,2000,0,0,0
machine_state_setup,graph_wide,1000,999,7,524500,0,0,1000
body_state_setup,graph_wide,1000,999,7,2291,0,0,0
machine_state_setup,graph_wide,1000,999,8,511708,0,0,1000
body_state_setup,graph_wide,1000,999,8,2000,0,0,0
machine_state_setup,graph_wide,1000,999,9,499166,0,0,1000
body_state_setup,graph_wide,1000,999,9,2458,0,0,0
machine_state_setup,graph_wide,1000,999,10,505625,0,0,1000
body_state_setup,graph_wide,1000,999,10,1875,0,0,0
machine_state_setup,graph_wide,1000,999,11,498708,0,0,1000
body_state_setup,graph_wide,1000,999,11,4541,0,0,0
machine_state_setup,graph_wide,1000,999,12,514917,0,0,1000
body_state_setup,graph_wide,1000,999,12,2458,0,0,0
machine_state_setup,graph_wide,1000,999,13,507708,0,0,1000
body_state_setup,graph_wide,1000,999,13,1916,0,0,0
machine_state_setup,graph_wide,1000,999,14,512708,0,0,1000
body_state_setup,graph_wide,1000,999,14,1958,0,0,0
machine_state_setup,graph_wide,1000,999,15,511583,0,0,1000
body_state_setup,graph_wide,1000,999,15,1958,0,0,0
machine_state_setup,graph_wide,1000,999,16,511875,0,0,1000
body_state_setup,graph_wide,1000,999,16,1916,0,0,0
machine_state_setup,graph_wide,1000,999,17,514167,0,0,1000
body_state_setup,graph_wide,1000,999,17,2000,0,0,0
machine_state_setup,graph_wide,1000,999,18,529333,0,0,1000
body_state_setup,graph_wide,1000,999,18,3292,0,0,0
machine_state_setup,graph_wide,1000,999,19,524458,0,0,1000
body_state_setup,graph_wide,1000,999,19,2083,0,0,0
machine_state_setup,graph_wide,1000,999,20,527167,0,0,1000
body_state_setup,graph_wide,1000,999,20,3334,0,0,0
machine_state_setup,graph_wide,1000,999,21,530583,0,0,1000
body_state_setup,graph_wide,1000,999,21,3417,0,0,0
machine_state_setup,graph_wide,1000,999,22,534459,0,0,1000
body_state_setup,graph_wide,1000,999,22,2875,0,0,0
machine_state_setup,graph_wide,1000,999,23,534125,0,0,1000
body_state_setup,graph_wide,1000,999,23,3375,0,0,0
machine_state_setup,graph_wide,1000,999,24,549250,0,0,1000
body_state_setup,graph_wide,1000,999,24,2958,0,0,0
machine_state_setup,graph_wide,1000,999,25,519625,0,0,1000
body_state_setup,graph_wide,1000,999,25,2708,0,0,0
machine_state_setup,graph_wide,1000,999,26,530000,0,0,1000
body_state_setup,graph_wide,1000,999,26,2292,0,0,0
machine_state_setup,graph_wide,1000,999,27,499083,0,0,1000
body_state_setup,graph_wide,1000,999,27,2167,0,0,0
machine_state_setup,graph_wide,1000,999,28,475708,0,0,1000
body_state_setup,graph_wide,1000,999,28,2375,0,0,0
machine_state_setup,graph_wide,1000,999,29,530250,0,0,1000
body_state_setup,graph_wide,1000,999,29,3250,0,0,0
machine_state_setup,graph_wide,1000,999,30,517625,0,0,1000
body_state_setup,graph_wide,1000,999,30,2709,0,0,0
machine_state_setup,graph_wide,1000,999,31,485333,0,0,1000
body_state_setup,graph_wide,1000,999,31,1917,0,0,0
machine_state_setup,graph_wide,1000,999,32,501792,0,0,1000
body_state_setup,graph_wide,1000,999,32,2625,0,0,0
machine_state_setup,graph_wide,1000,999,33,495333,0,0,1000
body_state_setup,graph_wide,1000,999,33,2375,0,0,0
machine_state_setup,graph_wide,1000,999,34,518166,0,0,1000
body_state_setup,graph_wide,1000,999,34,2542,0,0,0
machine_state_setup,graph_wide,1000,999,35,505083,0,0,1000
body_state_setup,graph_wide,1000,999,35,2042,0,0,0
machine_state_setup,graph_wide,1000,999,36,478709,0,0,1000
body_state_setup,graph_wide,1000,999,36,2083,0,0,0
machine_state_setup,graph_wide,1000,999,37,493167,0,0,1000
body_state_setup,graph_wide,1000,999,37,2000,0,0,0
machine_state_setup,graph_wide,1000,999,38,487083,0,0,1000
body_state_setup,graph_wide,1000,999,38,2916,0,0,0
machine_state_setup,graph_wide,1000,999,39,525167,0,0,1000
body_state_setup,graph_wide,1000,999,39,2417,0,0,0
fixture_generation,graph_sparse,1000,999,0,60250,0,0,5000
fixture_generation,graph_sparse,1000,999,1,66750,0,0,5000
fixture_generation,graph_sparse,1000,999,2,58500,0,0,5000
fixture_generation,graph_sparse,1000,999,3,62125,0,0,5000
fixture_generation,graph_sparse,1000,999,4,62500,0,0,5000
fixture_generation,graph_sparse,1000,999,5,60458,0,0,5000
fixture_generation,graph_sparse,1000,999,6,62250,0,0,5000
fixture_generation,graph_sparse,1000,999,7,64542,0,0,5000
fixture_generation,graph_sparse,1000,999,8,60959,0,0,5000
fixture_generation,graph_sparse,1000,999,9,61417,0,0,5000
fixture_generation,graph_sparse,1000,999,10,60583,0,0,5000
fixture_generation,graph_sparse,1000,999,11,78042,0,0,5000
fixture_generation,graph_sparse,1000,999,12,59250,0,0,5000
fixture_generation,graph_sparse,1000,999,13,64750,0,0,5000
fixture_generation,graph_sparse,1000,999,14,61875,0,0,5000
fixture_generation,graph_sparse,1000,999,15,57334,0,0,5000
fixture_generation,graph_sparse,1000,999,16,72875,0,0,5000
fixture_generation,graph_sparse,1000,999,17,57416,0,0,5000
fixture_generation,graph_sparse,1000,999,18,62125,0,0,5000
fixture_generation,graph_sparse,1000,999,19,62833,0,0,5000
plan_build,graph_sparse,1000,999,0,1368208,0,0,12
plan_build,graph_sparse,1000,999,1,1431125,0,0,12
plan_build,graph_sparse,1000,999,2,1338333,0,0,12
plan_build,graph_sparse,1000,999,3,1649375,0,0,12
plan_build,graph_sparse,1000,999,4,1535584,0,0,12
plan_build,graph_sparse,1000,999,5,1309834,0,0,12
plan_build,graph_sparse,1000,999,6,1324000,0,0,12
plan_build,graph_sparse,1000,999,7,1354166,0,0,12
plan_build,graph_sparse,1000,999,8,1379625,0,0,12
plan_build,graph_sparse,1000,999,9,1377959,0,0,12
plan_build,graph_sparse,1000,999,10,1381417,0,0,12
plan_build,graph_sparse,1000,999,11,1370250,0,0,12
plan_build,graph_sparse,1000,999,12,1376000,0,0,12
plan_build,graph_sparse,1000,999,13,1348334,0,0,12
plan_build,graph_sparse,1000,999,14,1330458,0,0,12
plan_build,graph_sparse,1000,999,15,1316166,0,0,12
plan_build,graph_sparse,1000,999,16,1399917,0,0,12
plan_build,graph_sparse,1000,999,17,1520917,0,0,12
plan_build,graph_sparse,1000,999,18,1434250,0,0,12
plan_build,graph_sparse,1000,999,19,1358834,0,0,12
plan_build_alloc,graph_sparse,1000,999,0,0,4041,1049105,12
engine_execution,graph_sparse,1000,999,0,15085833,0,0,697
engine_execution,graph_sparse,1000,999,1,15092916,0,0,696
engine_execution,graph_sparse,1000,999,2,14486958,0,0,699
engine_execution,graph_sparse,1000,999,3,15220083,0,0,698
engine_execution,graph_sparse,1000,999,4,15576000,0,0,701
engine_execution,graph_sparse,1000,999,5,15626333,0,0,700
engine_execution,graph_sparse,1000,999,6,14730667,0,0,703
engine_execution,graph_sparse,1000,999,7,15176000,0,0,702
engine_execution,graph_sparse,1000,999,8,15320041,0,0,689
engine_execution,graph_sparse,1000,999,9,14551667,0,0,688
engine_execution,graph_sparse,1000,999,10,15209750,0,0,691
engine_execution,graph_sparse,1000,999,11,14792916,0,0,690
engine_execution,graph_sparse,1000,999,12,14823792,0,0,693
engine_execution,graph_sparse,1000,999,13,16030250,0,0,692
engine_execution,graph_sparse,1000,999,14,15870875,0,0,695
engine_execution,graph_sparse,1000,999,15,15224625,0,0,694
engine_execution,graph_sparse,1000,999,16,15825000,0,0,681
engine_execution,graph_sparse,1000,999,17,15173500,0,0,680
engine_execution,graph_sparse,1000,999,18,14907583,0,0,683
engine_execution,graph_sparse,1000,999,19,15929375,0,0,682
engine_execution,graph_sparse,1000,999,20,15800083,0,0,685
engine_execution,graph_sparse,1000,999,21,15343166,0,0,684
engine_execution,graph_sparse,1000,999,22,14979083,0,0,687
engine_execution,graph_sparse,1000,999,23,15100958,0,0,686
engine_execution,graph_sparse,1000,999,24,15576542,0,0,673
engine_execution,graph_sparse,1000,999,25,15500667,0,0,672
engine_execution,graph_sparse,1000,999,26,15348208,0,0,675
engine_execution,graph_sparse,1000,999,27,15881833,0,0,674
engine_execution,graph_sparse,1000,999,28,14668792,0,0,677
engine_execution,graph_sparse,1000,999,29,15797375,0,0,676
engine_execution,graph_sparse,1000,999,30,15515792,0,0,679
engine_execution,graph_sparse,1000,999,31,14476791,0,0,678
engine_execution,graph_sparse,1000,999,32,15491750,0,0,665
engine_execution,graph_sparse,1000,999,33,14670292,0,0,664
engine_execution,graph_sparse,1000,999,34,15045916,0,0,667
engine_execution,graph_sparse,1000,999,35,15547458,0,0,666
engine_execution,graph_sparse,1000,999,36,15350083,0,0,669
engine_execution,graph_sparse,1000,999,37,14608250,0,0,668
engine_execution,graph_sparse,1000,999,38,15252167,0,0,671
engine_execution,graph_sparse,1000,999,39,15015917,0,0,670
engine_execution_alloc,graph_sparse,1000,999,0,0,58650,25335061,22755
machine_state_setup,graph_sparse,1000,999,0,396083,0,0,1000
body_state_setup,graph_sparse,1000,999,0,3125,0,0,0
machine_state_setup,graph_sparse,1000,999,1,373625,0,0,1000
body_state_setup,graph_sparse,1000,999,1,2208,0,0,0
machine_state_setup,graph_sparse,1000,999,2,423125,0,0,1000
body_state_setup,graph_sparse,1000,999,2,3667,0,0,0
machine_state_setup,graph_sparse,1000,999,3,389875,0,0,1000
body_state_setup,graph_sparse,1000,999,3,2542,0,0,0
machine_state_setup,graph_sparse,1000,999,4,376792,0,0,1000
body_state_setup,graph_sparse,1000,999,4,2000,0,0,0
machine_state_setup,graph_sparse,1000,999,5,343541,0,0,1000
body_state_setup,graph_sparse,1000,999,5,2208,0,0,0
machine_state_setup,graph_sparse,1000,999,6,365000,0,0,1000
body_state_setup,graph_sparse,1000,999,6,2000,0,0,0
machine_state_setup,graph_sparse,1000,999,7,367750,0,0,1000
body_state_setup,graph_sparse,1000,999,7,2209,0,0,0
machine_state_setup,graph_sparse,1000,999,8,358042,0,0,1000
body_state_setup,graph_sparse,1000,999,8,1958,0,0,0
machine_state_setup,graph_sparse,1000,999,9,355375,0,0,1000
body_state_setup,graph_sparse,1000,999,9,2292,0,0,0
machine_state_setup,graph_sparse,1000,999,10,366708,0,0,1000
body_state_setup,graph_sparse,1000,999,10,2292,0,0,0
machine_state_setup,graph_sparse,1000,999,11,348833,0,0,1000
body_state_setup,graph_sparse,1000,999,11,1916,0,0,0
machine_state_setup,graph_sparse,1000,999,12,349958,0,0,1000
body_state_setup,graph_sparse,1000,999,12,1750,0,0,0
machine_state_setup,graph_sparse,1000,999,13,353041,0,0,1000
body_state_setup,graph_sparse,1000,999,13,2208,0,0,0
machine_state_setup,graph_sparse,1000,999,14,351916,0,0,1000
body_state_setup,graph_sparse,1000,999,14,1833,0,0,0
machine_state_setup,graph_sparse,1000,999,15,347542,0,0,1000
body_state_setup,graph_sparse,1000,999,15,2208,0,0,0
machine_state_setup,graph_sparse,1000,999,16,353875,0,0,1000
body_state_setup,graph_sparse,1000,999,16,2084,0,0,0
machine_state_setup,graph_sparse,1000,999,17,353167,0,0,1000
body_state_setup,graph_sparse,1000,999,17,1791,0,0,0
machine_state_setup,graph_sparse,1000,999,18,371833,0,0,1000
body_state_setup,graph_sparse,1000,999,18,1791,0,0,0
machine_state_setup,graph_sparse,1000,999,19,367708,0,0,1000
body_state_setup,graph_sparse,1000,999,19,2208,0,0,0
machine_state_setup,graph_sparse,1000,999,20,342625,0,0,1000
body_state_setup,graph_sparse,1000,999,20,1792,0,0,0
machine_state_setup,graph_sparse,1000,999,21,355833,0,0,1000
body_state_setup,graph_sparse,1000,999,21,2291,0,0,0
machine_state_setup,graph_sparse,1000,999,22,368167,0,0,1000
body_state_setup,graph_sparse,1000,999,22,2375,0,0,0
machine_state_setup,graph_sparse,1000,999,23,354625,0,0,1000
body_state_setup,graph_sparse,1000,999,23,1750,0,0,0
machine_state_setup,graph_sparse,1000,999,24,362375,0,0,1000
body_state_setup,graph_sparse,1000,999,24,2375,0,0,0
machine_state_setup,graph_sparse,1000,999,25,364084,0,0,1000
body_state_setup,graph_sparse,1000,999,25,2333,0,0,0
machine_state_setup,graph_sparse,1000,999,26,373417,0,0,1000
body_state_setup,graph_sparse,1000,999,26,2333,0,0,0
machine_state_setup,graph_sparse,1000,999,27,374708,0,0,1000
body_state_setup,graph_sparse,1000,999,27,1792,0,0,0
machine_state_setup,graph_sparse,1000,999,28,365917,0,0,1000
body_state_setup,graph_sparse,1000,999,28,1916,0,0,0
machine_state_setup,graph_sparse,1000,999,29,338792,0,0,1000
body_state_setup,graph_sparse,1000,999,29,2167,0,0,0
machine_state_setup,graph_sparse,1000,999,30,356041,0,0,1000
body_state_setup,graph_sparse,1000,999,30,1958,0,0,0
machine_state_setup,graph_sparse,1000,999,31,349416,0,0,1000
body_state_setup,graph_sparse,1000,999,31,2291,0,0,0
machine_state_setup,graph_sparse,1000,999,32,359958,0,0,1000
body_state_setup,graph_sparse,1000,999,32,2250,0,0,0
machine_state_setup,graph_sparse,1000,999,33,360459,0,0,1000
body_state_setup,graph_sparse,1000,999,33,1792,0,0,0
machine_state_setup,graph_sparse,1000,999,34,345791,0,0,1000
body_state_setup,graph_sparse,1000,999,34,2416,0,0,0
machine_state_setup,graph_sparse,1000,999,35,365583,0,0,1000
body_state_setup,graph_sparse,1000,999,35,1750,0,0,0
machine_state_setup,graph_sparse,1000,999,36,381375,0,0,1000
body_state_setup,graph_sparse,1000,999,36,1834,0,0,0
machine_state_setup,graph_sparse,1000,999,37,377500,0,0,1000
body_state_setup,graph_sparse,1000,999,37,2250,0,0,0
machine_state_setup,graph_sparse,1000,999,38,362875,0,0,1000
body_state_setup,graph_sparse,1000,999,38,2417,0,0,0
machine_state_setup,graph_sparse,1000,999,39,353875,0,0,1000
body_state_setup,graph_sparse,1000,999,39,2208,0,0,0
fixture_generation,tiny_yield_chain,1,0,0,1166,0,0,5
fixture_generation,tiny_yield_chain,1,0,1,291,0,0,5
fixture_generation,tiny_yield_chain,1,0,2,125,0,0,5
fixture_generation,tiny_yield_chain,1,0,3,166,0,0,5
fixture_generation,tiny_yield_chain,1,0,4,83,0,0,5
fixture_generation,tiny_yield_chain,1,0,5,125,0,0,5
fixture_generation,tiny_yield_chain,1,0,6,125,0,0,5
fixture_generation,tiny_yield_chain,1,0,7,84,0,0,5
fixture_generation,tiny_yield_chain,1,0,8,125,0,0,5
fixture_generation,tiny_yield_chain,1,0,9,125,0,0,5
fixture_generation,tiny_yield_chain,1,0,10,83,0,0,5
fixture_generation,tiny_yield_chain,1,0,11,125,0,0,5
fixture_generation,tiny_yield_chain,1,0,12,125,0,0,5
fixture_generation,tiny_yield_chain,1,0,13,125,0,0,5
fixture_generation,tiny_yield_chain,1,0,14,125,0,0,5
fixture_generation,tiny_yield_chain,1,0,15,125,0,0,5
fixture_generation,tiny_yield_chain,1,0,16,125,0,0,5
fixture_generation,tiny_yield_chain,1,0,17,125,0,0,5
fixture_generation,tiny_yield_chain,1,0,18,125,0,0,5
fixture_generation,tiny_yield_chain,1,0,19,83,0,0,5
plan_build,tiny_yield_chain,1,0,0,5875,0,0,11
plan_build,tiny_yield_chain,1,0,1,917,0,0,11
plan_build,tiny_yield_chain,1,0,2,667,0,0,11
plan_build,tiny_yield_chain,1,0,3,583,0,0,11
plan_build,tiny_yield_chain,1,0,4,542,0,0,11
plan_build,tiny_yield_chain,1,0,5,542,0,0,11
plan_build,tiny_yield_chain,1,0,6,541,0,0,11
plan_build,tiny_yield_chain,1,0,7,542,0,0,11
plan_build,tiny_yield_chain,1,0,8,542,0,0,11
plan_build,tiny_yield_chain,1,0,9,541,0,0,11
plan_build,tiny_yield_chain,1,0,10,542,0,0,11
plan_build,tiny_yield_chain,1,0,11,541,0,0,11
plan_build,tiny_yield_chain,1,0,12,542,0,0,11
plan_build,tiny_yield_chain,1,0,13,541,0,0,11
plan_build,tiny_yield_chain,1,0,14,458,0,0,11
plan_build,tiny_yield_chain,1,0,15,542,0,0,11
plan_build,tiny_yield_chain,1,0,16,500,0,0,11
plan_build,tiny_yield_chain,1,0,17,500,0,0,11
plan_build,tiny_yield_chain,1,0,18,583,0,0,11
plan_build,tiny_yield_chain,1,0,19,583,0,0,11
plan_build_alloc,tiny_yield_chain,1,0,0,0,13,2317,11
engine_execution,tiny_yield_chain,1,0,0,5792,0,0,1
engine_execution,tiny_yield_chain,1,0,1,5541,0,0,0
engine_execution,tiny_yield_chain,1,0,2,5542,0,0,3
engine_execution,tiny_yield_chain,1,0,3,6000,0,0,2
engine_execution,tiny_yield_chain,1,0,4,6583,0,0,5
engine_execution,tiny_yield_chain,1,0,5,6417,0,0,4
engine_execution,tiny_yield_chain,1,0,6,7042,0,0,7
engine_execution,tiny_yield_chain,1,0,7,6000,0,0,6
engine_execution,tiny_yield_chain,1,0,8,6500,0,0,9
engine_execution,tiny_yield_chain,1,0,9,6333,0,0,8
engine_execution,tiny_yield_chain,1,0,10,6250,0,0,11
engine_execution,tiny_yield_chain,1,0,11,6750,0,0,10
engine_execution,tiny_yield_chain,1,0,12,6375,0,0,13
engine_execution,tiny_yield_chain,1,0,13,6333,0,0,12
engine_execution,tiny_yield_chain,1,0,14,6583,0,0,15
engine_execution,tiny_yield_chain,1,0,15,6416,0,0,14
engine_execution,tiny_yield_chain,1,0,16,6500,0,0,17
engine_execution,tiny_yield_chain,1,0,17,5917,0,0,16
engine_execution,tiny_yield_chain,1,0,18,6250,0,0,19
engine_execution,tiny_yield_chain,1,0,19,5792,0,0,18
engine_execution,tiny_yield_chain,1,0,20,6208,0,0,21
engine_execution,tiny_yield_chain,1,0,21,6417,0,0,20
engine_execution,tiny_yield_chain,1,0,22,6250,0,0,23
engine_execution,tiny_yield_chain,1,0,23,6209,0,0,22
engine_execution,tiny_yield_chain,1,0,24,6416,0,0,25
engine_execution,tiny_yield_chain,1,0,25,6292,0,0,24
engine_execution,tiny_yield_chain,1,0,26,6209,0,0,27
engine_execution,tiny_yield_chain,1,0,27,6209,0,0,26
engine_execution,tiny_yield_chain,1,0,28,6125,0,0,29
engine_execution,tiny_yield_chain,1,0,29,6875,0,0,28
engine_execution,tiny_yield_chain,1,0,30,7792,0,0,31
engine_execution,tiny_yield_chain,1,0,31,7208,0,0,30
engine_execution,tiny_yield_chain,1,0,32,6291,0,0,33
engine_execution,tiny_yield_chain,1,0,33,6417,0,0,32
engine_execution,tiny_yield_chain,1,0,34,6250,0,0,35
engine_execution,tiny_yield_chain,1,0,35,6291,0,0,34
engine_execution,tiny_yield_chain,1,0,36,6417,0,0,37
engine_execution,tiny_yield_chain,1,0,37,6458,0,0,36
engine_execution,tiny_yield_chain,1,0,38,8000,0,0,39
engine_execution,tiny_yield_chain,1,0,39,8541,0,0,38
engine_execution_alloc,tiny_yield_chain,1,0,0,0,118,15764,23131
machine_state_setup,tiny_yield_chain,1,0,0,875,0,0,1
body_state_setup,tiny_yield_chain,1,0,0,417,0,0,0
machine_state_setup,tiny_yield_chain,1,0,1,1000,0,0,1
body_state_setup,tiny_yield_chain,1,0,1,292,0,0,0
machine_state_setup,tiny_yield_chain,1,0,2,541,0,0,1
body_state_setup,tiny_yield_chain,1,0,2,292,0,0,0
machine_state_setup,tiny_yield_chain,1,0,3,666,0,0,1
body_state_setup,tiny_yield_chain,1,0,3,292,0,0,0
machine_state_setup,tiny_yield_chain,1,0,4,542,0,0,1
body_state_setup,tiny_yield_chain,1,0,4,250,0,0,0
machine_state_setup,tiny_yield_chain,1,0,5,625,0,0,1
body_state_setup,tiny_yield_chain,1,0,5,291,0,0,0
machine_state_setup,tiny_yield_chain,1,0,6,583,0,0,1
body_state_setup,tiny_yield_chain,1,0,6,333,0,0,0
machine_state_setup,tiny_yield_chain,1,0,7,500,0,0,1
body_state_setup,tiny_yield_chain,1,0,7,291,0,0,0
machine_state_setup,tiny_yield_chain,1,0,8,542,0,0,1
body_state_setup,tiny_yield_chain,1,0,8,250,0,0,0
machine_state_setup,tiny_yield_chain,1,0,9,500,0,0,1
body_state_setup,tiny_yield_chain,1,0,9,250,0,0,0
machine_state_setup,tiny_yield_chain,1,0,10,500,0,0,1
body_state_setup,tiny_yield_chain,1,0,10,333,0,0,0
machine_state_setup,tiny_yield_chain,1,0,11,542,0,0,1
body_state_setup,tiny_yield_chain,1,0,11,292,0,0,0
machine_state_setup,tiny_yield_chain,1,0,12,500,0,0,1
body_state_setup,tiny_yield_chain,1,0,12,250,0,0,0
machine_state_setup,tiny_yield_chain,1,0,13,542,0,0,1
body_state_setup,tiny_yield_chain,1,0,13,292,0,0,0
machine_state_setup,tiny_yield_chain,1,0,14,583,0,0,1
body_state_setup,tiny_yield_chain,1,0,14,208,0,0,0
machine_state_setup,tiny_yield_chain,1,0,15,791,0,0,1
body_state_setup,tiny_yield_chain,1,0,15,209,0,0,0
machine_state_setup,tiny_yield_chain,1,0,16,500,0,0,1
body_state_setup,tiny_yield_chain,1,0,16,250,0,0,0
machine_state_setup,tiny_yield_chain,1,0,17,667,0,0,1
body_state_setup,tiny_yield_chain,1,0,17,291,0,0,0
machine_state_setup,tiny_yield_chain,1,0,18,542,0,0,1
body_state_setup,tiny_yield_chain,1,0,18,250,0,0,0
machine_state_setup,tiny_yield_chain,1,0,19,500,0,0,1
body_state_setup,tiny_yield_chain,1,0,19,250,0,0,0
machine_state_setup,tiny_yield_chain,1,0,20,667,0,0,1
body_state_setup,tiny_yield_chain,1,0,20,333,0,0,0
machine_state_setup,tiny_yield_chain,1,0,21,542,0,0,1
body_state_setup,tiny_yield_chain,1,0,21,291,0,0,0
machine_state_setup,tiny_yield_chain,1,0,22,542,0,0,1
body_state_setup,tiny_yield_chain,1,0,22,291,0,0,0
machine_state_setup,tiny_yield_chain,1,0,23,542,0,0,1
body_state_setup,tiny_yield_chain,1,0,23,250,0,0,0
machine_state_setup,tiny_yield_chain,1,0,24,625,0,0,1
body_state_setup,tiny_yield_chain,1,0,24,333,0,0,0
machine_state_setup,tiny_yield_chain,1,0,25,709,0,0,1
body_state_setup,tiny_yield_chain,1,0,25,292,0,0,0
machine_state_setup,tiny_yield_chain,1,0,26,708,0,0,1
body_state_setup,tiny_yield_chain,1,0,26,333,0,0,0
machine_state_setup,tiny_yield_chain,1,0,27,709,0,0,1
body_state_setup,tiny_yield_chain,1,0,27,250,0,0,0
machine_state_setup,tiny_yield_chain,1,0,28,583,0,0,1
body_state_setup,tiny_yield_chain,1,0,28,333,0,0,0
machine_state_setup,tiny_yield_chain,1,0,29,792,0,0,1
body_state_setup,tiny_yield_chain,1,0,29,375,0,0,0
machine_state_setup,tiny_yield_chain,1,0,30,709,0,0,1
body_state_setup,tiny_yield_chain,1,0,30,334,0,0,0
machine_state_setup,tiny_yield_chain,1,0,31,625,0,0,1
body_state_setup,tiny_yield_chain,1,0,31,333,0,0,0
machine_state_setup,tiny_yield_chain,1,0,32,667,0,0,1
body_state_setup,tiny_yield_chain,1,0,32,334,0,0,0
machine_state_setup,tiny_yield_chain,1,0,33,708,0,0,1
body_state_setup,tiny_yield_chain,1,0,33,375,0,0,0
machine_state_setup,tiny_yield_chain,1,0,34,625,0,0,1
body_state_setup,tiny_yield_chain,1,0,34,334,0,0,0
machine_state_setup,tiny_yield_chain,1,0,35,666,0,0,1
body_state_setup,tiny_yield_chain,1,0,35,375,0,0,0
machine_state_setup,tiny_yield_chain,1,0,36,666,0,0,1
body_state_setup,tiny_yield_chain,1,0,36,291,0,0,0
machine_state_setup,tiny_yield_chain,1,0,37,708,0,0,1
body_state_setup,tiny_yield_chain,1,0,37,375,0,0,0
machine_state_setup,tiny_yield_chain,1,0,38,625,0,0,1
body_state_setup,tiny_yield_chain,1,0,38,250,0,0,0
machine_state_setup,tiny_yield_chain,1,0,39,625,0,0,1
body_state_setup,tiny_yield_chain,1,0,39,333,0,0,0
engine_execution,resource_normal,2,1,0,11250,0,0,0
engine_execution,resource_normal,2,1,1,11625,0,0,3
engine_execution,resource_normal,2,1,2,11791,0,0,2
engine_execution,resource_normal,2,1,3,14042,0,0,5
engine_execution,resource_normal,2,1,4,13709,0,0,4
engine_execution,resource_normal,2,1,5,11833,0,0,7
engine_execution,resource_normal,2,1,6,13458,0,0,6
engine_execution,resource_normal,2,1,7,14666,0,0,9
engine_execution,resource_normal,2,1,8,14542,0,0,8
engine_execution,resource_normal,2,1,9,15125,0,0,11
engine_execution,resource_normal,2,1,10,13625,0,0,10
engine_execution,resource_normal,2,1,11,12875,0,0,13
engine_execution,resource_normal,2,1,12,15875,0,0,12
engine_execution,resource_normal,2,1,13,15292,0,0,15
engine_execution,resource_normal,2,1,14,11917,0,0,14
engine_execution,resource_normal,2,1,15,11791,0,0,17
engine_execution,resource_normal,2,1,16,12417,0,0,16
engine_execution,resource_normal,2,1,17,14667,0,0,19
engine_execution,resource_normal,2,1,18,14833,0,0,18
engine_execution,resource_normal,2,1,19,12208,0,0,21
engine_execution,resource_normal,2,1,20,11875,0,0,20
engine_execution,resource_normal,2,1,21,11958,0,0,23
engine_execution,resource_normal,2,1,22,14541,0,0,22
engine_execution,resource_normal,2,1,23,12209,0,0,25
engine_execution,resource_normal,2,1,24,14834,0,0,24
engine_execution,resource_normal,2,1,25,12459,0,0,27
engine_execution,resource_normal,2,1,26,13750,0,0,26
engine_execution,resource_normal,2,1,27,15334,0,0,29
engine_execution,resource_normal,2,1,28,14084,0,0,28
engine_execution,resource_normal,2,1,29,14292,0,0,31
engine_execution,resource_normal,2,1,30,13708,0,0,30
engine_execution,resource_normal,2,1,31,15167,0,0,33
engine_execution,resource_normal,2,1,32,11500,0,0,32
engine_execution,resource_normal,2,1,33,11667,0,0,35
engine_execution,resource_normal,2,1,34,11458,0,0,34
engine_execution,resource_normal,2,1,35,11208,0,0,37
engine_execution,resource_normal,2,1,36,14458,0,0,36
engine_execution,resource_normal,2,1,37,12375,0,0,39
engine_execution,resource_normal,2,1,38,13500,0,0,38
engine_execution,resource_normal,2,1,39,14125,0,0,41
engine_execution_alloc,resource_normal,2,1,0,0,229,23914,23130
engine_execution,resource_release_failure,2,1,0,15291,0,0,1
engine_execution,resource_release_failure,2,1,1,14292,0,0,2
engine_execution,resource_release_failure,2,1,2,15792,0,0,3
engine_execution,resource_release_failure,2,1,3,15292,0,0,4
engine_execution,resource_release_failure,2,1,4,12583,0,0,5
engine_execution,resource_release_failure,2,1,5,12166,0,0,6
engine_execution,resource_release_failure,2,1,6,12292,0,0,7
engine_execution,resource_release_failure,2,1,7,12666,0,0,8
engine_execution,resource_release_failure,2,1,8,17875,0,0,9
engine_execution,resource_release_failure,2,1,9,15750,0,0,10
engine_execution,resource_release_failure,2,1,10,15084,0,0,11
engine_execution,resource_release_failure,2,1,11,12375,0,0,12
engine_execution,resource_release_failure,2,1,12,15250,0,0,13
engine_execution,resource_release_failure,2,1,13,15083,0,0,14
engine_execution,resource_release_failure,2,1,14,13334,0,0,15
engine_execution,resource_release_failure,2,1,15,13208,0,0,16
engine_execution,resource_release_failure,2,1,16,15291,0,0,17
engine_execution,resource_release_failure,2,1,17,12875,0,0,18
engine_execution,resource_release_failure,2,1,18,12541,0,0,19
engine_execution,resource_release_failure,2,1,19,12042,0,0,20
engine_execution,resource_release_failure,2,1,20,15250,0,0,21
engine_execution,resource_release_failure,2,1,21,13375,0,0,22
engine_execution,resource_release_failure,2,1,22,12375,0,0,23
engine_execution,resource_release_failure,2,1,23,12292,0,0,24
engine_execution,resource_release_failure,2,1,24,12291,0,0,25
engine_execution,resource_release_failure,2,1,25,12417,0,0,26
engine_execution,resource_release_failure,2,1,26,14166,0,0,27
engine_execution,resource_release_failure,2,1,27,14750,0,0,28
engine_execution,resource_release_failure,2,1,28,12833,0,0,29
engine_execution,resource_release_failure,2,1,29,12458,0,0,30
engine_execution,resource_release_failure,2,1,30,12208,0,0,31
engine_execution,resource_release_failure,2,1,31,13333,0,0,32
engine_execution,resource_release_failure,2,1,32,14417,0,0,33
engine_execution,resource_release_failure,2,1,33,15084,0,0,34
engine_execution,resource_release_failure,2,1,34,13334,0,0,35
engine_execution,resource_release_failure,2,1,35,12083,0,0,36
engine_execution,resource_release_failure,2,1,36,15166,0,0,37
engine_execution,resource_release_failure,2,1,37,15417,0,0,38
engine_execution,resource_release_failure,2,1,38,16041,0,0,39
engine_execution,resource_release_failure,2,1,39,14625,0,0,40
engine_execution_alloc,resource_release_failure,2,1,0,0,239,24657,23131
engine_execution,resource_startup_failure,2,1,0,13750,0,0,3
engine_execution,resource_startup_failure,2,1,1,11125,0,0,3
engine_execution,resource_startup_failure,2,1,2,10875,0,0,3
engine_execution,resource_startup_failure,2,1,3,11167,0,0,3
engine_execution,resource_startup_failure,2,1,4,12250,0,0,3
engine_execution,resource_startup_failure,2,1,5,14583,0,0,3
engine_execution,resource_startup_failure,2,1,6,13750,0,0,3
engine_execution,resource_startup_failure,2,1,7,14000,0,0,3
engine_execution,resource_startup_failure,2,1,8,13875,0,0,3
engine_execution,resource_startup_failure,2,1,9,13750,0,0,3
engine_execution,resource_startup_failure,2,1,10,12292,0,0,3
engine_execution,resource_startup_failure,2,1,11,12125,0,0,3
engine_execution,resource_startup_failure,2,1,12,10959,0,0,3
engine_execution,resource_startup_failure,2,1,13,13209,0,0,3
engine_execution,resource_startup_failure,2,1,14,13917,0,0,3
engine_execution,resource_startup_failure,2,1,15,13625,0,0,3
engine_execution,resource_startup_failure,2,1,16,13334,0,0,3
engine_execution,resource_startup_failure,2,1,17,11334,0,0,3
engine_execution,resource_startup_failure,2,1,18,10500,0,0,3
engine_execution,resource_startup_failure,2,1,19,10750,0,0,3
engine_execution,resource_startup_failure,2,1,20,10458,0,0,3
engine_execution,resource_startup_failure,2,1,21,12125,0,0,3
engine_execution,resource_startup_failure,2,1,22,13125,0,0,3
engine_execution,resource_startup_failure,2,1,23,10791,0,0,3
engine_execution,resource_startup_failure,2,1,24,11000,0,0,3
engine_execution,resource_startup_failure,2,1,25,11083,0,0,3
engine_execution,resource_startup_failure,2,1,26,13375,0,0,3
engine_execution,resource_startup_failure,2,1,27,13291,0,0,3
engine_execution,resource_startup_failure,2,1,28,10917,0,0,3
engine_execution,resource_startup_failure,2,1,29,10958,0,0,3
engine_execution,resource_startup_failure,2,1,30,11375,0,0,3
engine_execution,resource_startup_failure,2,1,31,12167,0,0,3
engine_execution,resource_startup_failure,2,1,32,13959,0,0,3
engine_execution,resource_startup_failure,2,1,33,13750,0,0,3
engine_execution,resource_startup_failure,2,1,34,13833,0,0,3
engine_execution,resource_startup_failure,2,1,35,14292,0,0,3
engine_execution,resource_startup_failure,2,1,36,12625,0,0,3
engine_execution,resource_startup_failure,2,1,37,13917,0,0,3
engine_execution,resource_startup_failure,2,1,38,10583,0,0,3
engine_execution,resource_startup_failure,2,1,39,10791,0,0,3
engine_execution_alloc,resource_startup_failure,2,1,0,0,236,24950,3
engine_execution,resource_cleanup_error_upstream,3,1,0,16541,0,0,0
engine_execution,resource_cleanup_error_upstream,3,1,1,15542,0,0,1
engine_execution,resource_cleanup_error_upstream,3,1,2,18083,0,0,2
engine_execution,resource_cleanup_error_upstream,3,1,3,15917,0,0,3
engine_execution,resource_cleanup_error_upstream,3,1,4,16041,0,0,4
engine_execution,resource_cleanup_error_upstream,3,1,5,15833,0,0,5
engine_execution,resource_cleanup_error_upstream,3,1,6,15958,0,0,6
engine_execution,resource_cleanup_error_upstream,3,1,7,15458,0,0,7
engine_execution,resource_cleanup_error_upstream,3,1,8,16125,0,0,8
engine_execution,resource_cleanup_error_upstream,3,1,9,15875,0,0,9
engine_execution,resource_cleanup_error_upstream,3,1,10,16000,0,0,10
engine_execution,resource_cleanup_error_upstream,3,1,11,17583,0,0,11
engine_execution,resource_cleanup_error_upstream,3,1,12,20084,0,0,12
engine_execution,resource_cleanup_error_upstream,3,1,13,20459,0,0,13
engine_execution,resource_cleanup_error_upstream,3,1,14,20917,0,0,14
engine_execution,resource_cleanup_error_upstream,3,1,15,21083,0,0,15
engine_execution,resource_cleanup_error_upstream,3,1,16,20458,0,0,16
engine_execution,resource_cleanup_error_upstream,3,1,17,20708,0,0,17
engine_execution,resource_cleanup_error_upstream,3,1,18,18000,0,0,18
engine_execution,resource_cleanup_error_upstream,3,1,19,16541,0,0,19
engine_execution,resource_cleanup_error_upstream,3,1,20,16167,0,0,20
engine_execution,resource_cleanup_error_upstream,3,1,21,16459,0,0,21
engine_execution,resource_cleanup_error_upstream,3,1,22,15625,0,0,22
engine_execution,resource_cleanup_error_upstream,3,1,23,15709,0,0,23
engine_execution,resource_cleanup_error_upstream,3,1,24,15791,0,0,24
engine_execution,resource_cleanup_error_upstream,3,1,25,17209,0,0,25
engine_execution,resource_cleanup_error_upstream,3,1,26,18459,0,0,26
engine_execution,resource_cleanup_error_upstream,3,1,27,18250,0,0,27
engine_execution,resource_cleanup_error_upstream,3,1,28,18417,0,0,28
engine_execution,resource_cleanup_error_upstream,3,1,29,21334,0,0,29
engine_execution,resource_cleanup_error_upstream,3,1,30,16959,0,0,30
engine_execution,resource_cleanup_error_upstream,3,1,31,19834,0,0,31
engine_execution,resource_cleanup_error_upstream,3,1,32,20625,0,0,32
engine_execution,resource_cleanup_error_upstream,3,1,33,20417,0,0,33
engine_execution,resource_cleanup_error_upstream,3,1,34,18708,0,0,34
engine_execution,resource_cleanup_error_upstream,3,1,35,19333,0,0,35
engine_execution,resource_cleanup_error_upstream,3,1,36,20583,0,0,36
engine_execution,resource_cleanup_error_upstream,3,1,37,19458,0,0,37
engine_execution,resource_cleanup_error_upstream,3,1,38,18750,0,0,38
engine_execution,resource_cleanup_error_upstream,3,1,39,16708,0,0,39
engine_execution_alloc,resource_cleanup_error_upstream,3,1,0,0,349,31202,23130
engine_execution,resource_cancel_after_acquire,1,0,0,18167,0,0,3
engine_execution,resource_cancel_after_acquire,1,0,1,12000,0,0,3
engine_execution,resource_cancel_after_acquire,1,0,2,9917,0,0,3
engine_execution,resource_cancel_after_acquire,1,0,3,8833,0,0,3
engine_execution,resource_cancel_after_acquire,1,0,4,10250,0,0,3
engine_execution,resource_cancel_after_acquire,1,0,5,9416,0,0,3
engine_execution,resource_cancel_after_acquire,1,0,6,10375,0,0,3
engine_execution,resource_cancel_after_acquire,1,0,7,11583,0,0,3
engine_execution,resource_cancel_after_acquire,1,0,8,10333,0,0,3
engine_execution,resource_cancel_after_acquire,1,0,9,9167,0,0,3
engine_execution,resource_cancel_after_acquire,1,0,10,10166,0,0,3
engine_execution,resource_cancel_after_acquire,1,0,11,11625,0,0,3
engine_execution,resource_cancel_after_acquire,1,0,12,12666,0,0,3
engine_execution,resource_cancel_after_acquire,1,0,13,11542,0,0,3
engine_execution,resource_cancel_after_acquire,1,0,14,11334,0,0,3
engine_execution,resource_cancel_after_acquire,1,0,15,9750,0,0,3
engine_execution,resource_cancel_after_acquire,1,0,16,10042,0,0,3
engine_execution,resource_cancel_after_acquire,1,0,17,11583,0,0,3
engine_execution,resource_cancel_after_acquire,1,0,18,12209,0,0,3
engine_execution,resource_cancel_after_acquire,1,0,19,12375,0,0,3
engine_execution,resource_cancel_after_acquire,1,0,20,10917,0,0,3
engine_execution,resource_cancel_after_acquire,1,0,21,9459,0,0,3
engine_execution,resource_cancel_after_acquire,1,0,22,9875,0,0,3
engine_execution,resource_cancel_after_acquire,1,0,23,9209,0,0,3
engine_execution,resource_cancel_after_acquire,1,0,24,9667,0,0,3
engine_execution,resource_cancel_after_acquire,1,0,25,11833,0,0,3
engine_execution,resource_cancel_after_acquire,1,0,26,10375,0,0,3
engine_execution,resource_cancel_after_acquire,1,0,27,9375,0,0,3
engine_execution,resource_cancel_after_acquire,1,0,28,9291,0,0,3
engine_execution,resource_cancel_after_acquire,1,0,29,9292,0,0,3
engine_execution,resource_cancel_after_acquire,1,0,30,9083,0,0,3
engine_execution,resource_cancel_after_acquire,1,0,31,9417,0,0,3
engine_execution,resource_cancel_after_acquire,1,0,32,9542,0,0,3
engine_execution,resource_cancel_after_acquire,1,0,33,9208,0,0,3
engine_execution,resource_cancel_after_acquire,1,0,34,8959,0,0,3
engine_execution,resource_cancel_after_acquire,1,0,35,9417,0,0,3
engine_execution,resource_cancel_after_acquire,1,0,36,9208,0,0,3
engine_execution,resource_cancel_after_acquire,1,0,37,9041,0,0,3
engine_execution,resource_cancel_after_acquire,1,0,38,9625,0,0,3
engine_execution,resource_cancel_after_acquire,1,0,39,11625,0,0,3
engine_execution,effect_known_receipt,1,0,0,8458,0,0,1
engine_execution,effect_known_receipt,1,0,1,10500,0,0,0
engine_execution,effect_known_receipt,1,0,2,10833,0,0,3
engine_execution,effect_known_receipt,1,0,3,10542,0,0,2
engine_execution,effect_known_receipt,1,0,4,10084,0,0,5
engine_execution,effect_known_receipt,1,0,5,10875,0,0,4
engine_execution,effect_known_receipt,1,0,6,10084,0,0,7
engine_execution,effect_known_receipt,1,0,7,9709,0,0,6
engine_execution,effect_known_receipt,1,0,8,9917,0,0,9
engine_execution,effect_known_receipt,1,0,9,9500,0,0,8
engine_execution,effect_known_receipt,1,0,10,7709,0,0,11
engine_execution,effect_known_receipt,1,0,11,7792,0,0,10
engine_execution,effect_known_receipt,1,0,12,7375,0,0,13
engine_execution,effect_known_receipt,1,0,13,7291,0,0,12
engine_execution,effect_known_receipt,1,0,14,7375,0,0,15
engine_execution,effect_known_receipt,1,0,15,7625,0,0,14
engine_execution,effect_known_receipt,1,0,16,7000,0,0,17
engine_execution,effect_known_receipt,1,0,17,7292,0,0,16
engine_execution,effect_known_receipt,1,0,18,7334,0,0,19
engine_execution,effect_known_receipt,1,0,19,7583,0,0,18
engine_execution,effect_known_receipt,1,0,20,7458,0,0,21
engine_execution,effect_known_receipt,1,0,21,7584,0,0,20
engine_execution,effect_known_receipt,1,0,22,7792,0,0,23
engine_execution,effect_known_receipt,1,0,23,9416,0,0,22
engine_execution,effect_known_receipt,1,0,24,9375,0,0,25
engine_execution,effect_known_receipt,1,0,25,9750,0,0,24
engine_execution,effect_known_receipt,1,0,26,8791,0,0,27
engine_execution,effect_known_receipt,1,0,27,9458,0,0,26
engine_execution,effect_known_receipt,1,0,28,9750,0,0,29
engine_execution,effect_known_receipt,1,0,29,9791,0,0,28
engine_execution,effect_known_receipt,1,0,30,9667,0,0,31
engine_execution,effect_known_receipt,1,0,31,10000,0,0,30
engine_execution,effect_known_receipt,1,0,32,9542,0,0,33
engine_execution,effect_known_receipt,1,0,33,8542,0,0,32
engine_execution,effect_known_receipt,1,0,34,7458,0,0,35
engine_execution,effect_known_receipt,1,0,35,8083,0,0,34
engine_execution,effect_known_receipt,1,0,36,7625,0,0,37
engine_execution,effect_known_receipt,1,0,37,9583,0,0,36
engine_execution,effect_known_receipt,1,0,38,9000,0,0,39
engine_execution,effect_known_receipt,1,0,39,7958,0,0,38
engine_execution_alloc,effect_known_receipt,1,0,0,0,169,19229,23131
engine_execution,retry_one_failure,1,0,0,7708,0,0,1
engine_execution,retry_one_failure,1,0,1,7458,0,0,0
engine_execution,retry_one_failure,1,0,2,7750,0,0,3
engine_execution,retry_one_failure,1,0,3,9250,0,0,2
engine_execution,retry_one_failure,1,0,4,9542,0,0,5
engine_execution,retry_one_failure,1,0,5,8000,0,0,4
engine_execution,retry_one_failure,1,0,6,7625,0,0,7
engine_execution,retry_one_failure,1,0,7,7709,0,0,6
engine_execution,retry_one_failure,1,0,8,7750,0,0,9
engine_execution,retry_one_failure,1,0,9,8792,0,0,8
engine_execution,retry_one_failure,1,0,10,9917,0,0,11
engine_execution,retry_one_failure,1,0,11,8416,0,0,10
engine_execution,retry_one_failure,1,0,12,9833,0,0,13
engine_execution,retry_one_failure,1,0,13,10417,0,0,12
engine_execution,retry_one_failure,1,0,14,9334,0,0,15
engine_execution,retry_one_failure,1,0,15,8041,0,0,14
engine_execution,retry_one_failure,1,0,16,8000,0,0,17
engine_execution,retry_one_failure,1,0,17,8292,0,0,16
engine_execution,retry_one_failure,1,0,18,8417,0,0,19
engine_execution,retry_one_failure,1,0,19,8458,0,0,18
engine_execution,retry_one_failure,1,0,20,10166,0,0,21
engine_execution,retry_one_failure,1,0,21,10083,0,0,20
engine_execution,retry_one_failure,1,0,22,10167,0,0,23
engine_execution,retry_one_failure,1,0,23,9959,0,0,22
engine_execution,retry_one_failure,1,0,24,8500,0,0,25
engine_execution,retry_one_failure,1,0,25,9125,0,0,24
engine_execution,retry_one_failure,1,0,26,10041,0,0,27
engine_execution,retry_one_failure,1,0,27,9792,0,0,26
engine_execution,retry_one_failure,1,0,28,10125,0,0,29
engine_execution,retry_one_failure,1,0,29,7583,0,0,28
engine_execution,retry_one_failure,1,0,30,7875,0,0,31
engine_execution,retry_one_failure,1,0,31,7584,0,0,30
engine_execution,retry_one_failure,1,0,32,7459,0,0,33
engine_execution,retry_one_failure,1,0,33,7542,0,0,32
engine_execution,retry_one_failure,1,0,34,9583,0,0,35
engine_execution,retry_one_failure,1,0,35,9500,0,0,34
engine_execution,retry_one_failure,1,0,36,8125,0,0,37
engine_execution,retry_one_failure,1,0,37,8208,0,0,36
engine_execution,retry_one_failure,1,0,38,7666,0,0,39
engine_execution,retry_one_failure,1,0,39,7625,0,0,38
engine_execution_alloc,retry_one_failure,1,0,0,0,174,19592,23131
engine_execution,component_flat,10,9,0,36458,0,0,0
engine_execution,component_flat,10,9,1,37875,0,0,1
engine_execution,component_flat,10,9,2,37625,0,0,2
engine_execution,component_flat,10,9,3,38042,0,0,3
engine_execution,component_flat,10,9,4,38208,0,0,4
engine_execution,component_flat,10,9,5,33458,0,0,5
engine_execution,component_flat,10,9,6,29375,0,0,6
engine_execution,component_flat,10,9,7,33666,0,0,7
engine_execution,component_flat,10,9,8,32625,0,0,8
engine_execution,component_flat,10,9,9,37291,0,0,9
engine_execution,component_flat,10,9,10,38292,0,0,10
engine_execution,component_flat,10,9,11,35250,0,0,11
engine_execution,component_flat,10,9,12,38209,0,0,12
engine_execution,component_flat,10,9,13,34250,0,0,13
engine_execution,component_flat,10,9,14,38167,0,0,14
engine_execution,component_flat,10,9,15,30500,0,0,15
engine_execution,component_flat,10,9,16,29333,0,0,16
engine_execution,component_flat,10,9,17,34875,0,0,17
engine_execution,component_flat,10,9,18,34083,0,0,18
engine_execution,component_flat,10,9,19,38083,0,0,19
engine_execution,component_flat,10,9,20,32666,0,0,20
engine_execution,component_flat,10,9,21,31042,0,0,21
engine_execution,component_flat,10,9,22,29875,0,0,22
engine_execution,component_flat,10,9,23,29583,0,0,23
engine_execution,component_flat,10,9,24,29375,0,0,24
engine_execution,component_flat,10,9,25,29750,0,0,25
engine_execution,component_flat,10,9,26,32459,0,0,26
engine_execution,component_flat,10,9,27,34458,0,0,27
engine_execution,component_flat,10,9,28,35458,0,0,28
engine_execution,component_flat,10,9,29,33541,0,0,29
engine_execution,component_flat,10,9,30,38500,0,0,30
engine_execution,component_flat,10,9,31,38916,0,0,31
engine_execution,component_flat,10,9,32,31375,0,0,32
engine_execution,component_flat,10,9,33,29500,0,0,33
engine_execution,component_flat,10,9,34,30625,0,0,34
engine_execution,component_flat,10,9,35,33375,0,0,35
engine_execution,component_flat,10,9,36,36708,0,0,36
engine_execution,component_flat,10,9,37,38458,0,0,37
engine_execution,component_flat,10,9,38,35375,0,0,38
engine_execution,component_flat,10,9,39,35833,0,0,39
engine_execution_alloc,component_flat,10,9,0,0,671,67725,23130
engine_execution,component_nested,13,12,0,52166,0,0,0
engine_execution,component_nested,13,12,1,51000,0,0,1
engine_execution,component_nested,13,12,2,53041,0,0,2
engine_execution,component_nested,13,12,3,46042,0,0,3
engine_execution,component_nested,13,12,4,46375,0,0,4
engine_execution,component_nested,13,12,5,40875,0,0,5
engine_execution,component_nested,13,12,6,49875,0,0,6
engine_execution,component_nested,13,12,7,50500,0,0,7
engine_execution,component_nested,13,12,8,53000,0,0,8
engine_execution,component_nested,13,12,9,47667,0,0,9
engine_execution,component_nested,13,12,10,40584,0,0,10
engine_execution,component_nested,13,12,11,41125,0,0,11
engine_execution,component_nested,13,12,12,48166,0,0,12
engine_execution,component_nested,13,12,13,50375,0,0,13
engine_execution,component_nested,13,12,14,52500,0,0,14
engine_execution,component_nested,13,12,15,63208,0,0,15
engine_execution,component_nested,13,12,16,40583,0,0,16
engine_execution,component_nested,13,12,17,49667,0,0,17
engine_execution,component_nested,13,12,18,50584,0,0,18
engine_execution,component_nested,13,12,19,46625,0,0,19
engine_execution,component_nested,13,12,20,43375,0,0,20
engine_execution,component_nested,13,12,21,45833,0,0,21
engine_execution,component_nested,13,12,22,41166,0,0,22
engine_execution,component_nested,13,12,23,44875,0,0,23
engine_execution,component_nested,13,12,24,43708,0,0,24
engine_execution,component_nested,13,12,25,51291,0,0,25
engine_execution,component_nested,13,12,26,47208,0,0,26
engine_execution,component_nested,13,12,27,48958,0,0,27
engine_execution,component_nested,13,12,28,41500,0,0,28
engine_execution,component_nested,13,12,29,41167,0,0,29
engine_execution,component_nested,13,12,30,48667,0,0,30
engine_execution,component_nested,13,12,31,49375,0,0,31
engine_execution,component_nested,13,12,32,41750,0,0,32
engine_execution,component_nested,13,12,33,40625,0,0,33
engine_execution,component_nested,13,12,34,44250,0,0,34
engine_execution,component_nested,13,12,35,53000,0,0,35
engine_execution,component_nested,13,12,36,50084,0,0,36
engine_execution,component_nested,13,12,37,48084,0,0,37
engine_execution,component_nested,13,12,38,51834,0,0,38
engine_execution,component_nested,13,12,39,48209,0,0,39
engine_execution_alloc,component_nested,13,12,0,0,1003,84371,23130
engine_execution,component_flat,100,99,0,390084,0,0,1
engine_execution,component_flat,100,99,1,369167,0,0,0
engine_execution,component_flat,100,99,2,384041,0,0,3
engine_execution,component_flat,100,99,3,383916,0,0,2
engine_execution,component_flat,100,99,4,394625,0,0,5
engine_execution,component_flat,100,99,5,368000,0,0,4
engine_execution,component_flat,100,99,6,366417,0,0,7
engine_execution,component_flat,100,99,7,365083,0,0,6
engine_execution,component_flat,100,99,8,378416,0,0,9
engine_execution,component_flat,100,99,9,381542,0,0,8
engine_execution,component_flat,100,99,10,541250,0,0,11
engine_execution,component_flat,100,99,11,509917,0,0,10
engine_execution,component_flat,100,99,12,375375,0,0,13
engine_execution,component_flat,100,99,13,393542,0,0,12
engine_execution,component_flat,100,99,14,378542,0,0,15
engine_execution,component_flat,100,99,15,385625,0,0,14
engine_execution,component_flat,100,99,16,372042,0,0,17
engine_execution,component_flat,100,99,17,377584,0,0,16
engine_execution,component_flat,100,99,18,387292,0,0,19
engine_execution,component_flat,100,99,19,385083,0,0,18
engine_execution,component_flat,100,99,20,379333,0,0,21
engine_execution,component_flat,100,99,21,383833,0,0,20
engine_execution,component_flat,100,99,22,385333,0,0,23
engine_execution,component_flat,100,99,23,364041,0,0,22
engine_execution,component_flat,100,99,24,381708,0,0,25
engine_execution,component_flat,100,99,25,382542,0,0,24
engine_execution,component_flat,100,99,26,379542,0,0,27
engine_execution,component_flat,100,99,27,362459,0,0,26
engine_execution,component_flat,100,99,28,377125,0,0,29
engine_execution,component_flat,100,99,29,394333,0,0,28
engine_execution,component_flat,100,99,30,381166,0,0,31
engine_execution,component_flat,100,99,31,344625,0,0,30
engine_execution,component_flat,100,99,32,376709,0,0,33
engine_execution,component_flat,100,99,33,373750,0,0,32
engine_execution,component_flat,100,99,34,393167,0,0,35
engine_execution,component_flat,100,99,35,373250,0,0,34
engine_execution,component_flat,100,99,36,383583,0,0,37
engine_execution,component_flat,100,99,37,375500,0,0,36
engine_execution,component_flat,100,99,38,385250,0,0,39
engine_execution,component_flat,100,99,39,374875,0,0,38
engine_execution_alloc,component_flat,100,99,0,0,6090,781647,23131
engine_execution,component_nested,103,102,0,382208,0,0,1
engine_execution,component_nested,103,102,1,388667,0,0,0
engine_execution,component_nested,103,102,2,397250,0,0,3
engine_execution,component_nested,103,102,3,399292,0,0,2
engine_execution,component_nested,103,102,4,401625,0,0,5
engine_execution,component_nested,103,102,5,405084,0,0,4
engine_execution,component_nested,103,102,6,402500,0,0,7
engine_execution,component_nested,103,102,7,407458,0,0,6
engine_execution,component_nested,103,102,8,407000,0,0,9
engine_execution,component_nested,103,102,9,387625,0,0,8
engine_execution,component_nested,103,102,10,389042,0,0,11
engine_execution,component_nested,103,102,11,426500,0,0,10
engine_execution,component_nested,103,102,12,404125,0,0,13
engine_execution,component_nested,103,102,13,420667,0,0,12
engine_execution,component_nested,103,102,14,407833,0,0,15
engine_execution,component_nested,103,102,15,419750,0,0,14
engine_execution,component_nested,103,102,16,420875,0,0,17
engine_execution,component_nested,103,102,17,432375,0,0,16
engine_execution,component_nested,103,102,18,414334,0,0,19
engine_execution,component_nested,103,102,19,410792,0,0,18
engine_execution,component_nested,103,102,20,413333,0,0,21
engine_execution,component_nested,103,102,21,438291,0,0,20
engine_execution,component_nested,103,102,22,417083,0,0,23
engine_execution,component_nested,103,102,23,440750,0,0,22
engine_execution,component_nested,103,102,24,410000,0,0,25
engine_execution,component_nested,103,102,25,416791,0,0,24
engine_execution,component_nested,103,102,26,418042,0,0,27
engine_execution,component_nested,103,102,27,423417,0,0,26
engine_execution,component_nested,103,102,28,422291,0,0,29
engine_execution,component_nested,103,102,29,432125,0,0,28
engine_execution,component_nested,103,102,30,437833,0,0,31
engine_execution,component_nested,103,102,31,420333,0,0,30
engine_execution,component_nested,103,102,32,419708,0,0,33
engine_execution,component_nested,103,102,33,405958,0,0,32
engine_execution,component_nested,103,102,34,400666,0,0,35
engine_execution,component_nested,103,102,35,412667,0,0,34
engine_execution,component_nested,103,102,36,436167,0,0,37
engine_execution,component_nested,103,102,37,443292,0,0,36
engine_execution,component_nested,103,102,38,430333,0,0,39
engine_execution,component_nested,103,102,39,424375,0,0,38
engine_execution_alloc,component_nested,103,102,0,0,7592,851213,23131
engine_execution,resident_ready_shutdown,1,0,0,9584,0,0,1
engine_execution,resident_ready_shutdown,1,0,1,9583,0,0,1
engine_execution,resident_ready_shutdown,1,0,2,7875,0,0,1
engine_execution,resident_ready_shutdown,1,0,3,7625,0,0,1
engine_execution,resident_ready_shutdown,1,0,4,7833,0,0,1
engine_execution,resident_ready_shutdown,1,0,5,7458,0,0,1
engine_execution,resident_ready_shutdown,1,0,6,7292,0,0,1
engine_execution,resident_ready_shutdown,1,0,7,9334,0,0,1
engine_execution,resident_ready_shutdown,1,0,8,9459,0,0,1
engine_execution,resident_ready_shutdown,1,0,9,9709,0,0,1
engine_execution,resident_ready_shutdown,1,0,10,9583,0,0,1
engine_execution,resident_ready_shutdown,1,0,11,9125,0,0,1
engine_execution,resident_ready_shutdown,1,0,12,9000,0,0,1
engine_execution,resident_ready_shutdown,1,0,13,8083,0,0,1
engine_execution,resident_ready_shutdown,1,0,14,8834,0,0,1
engine_execution,resident_ready_shutdown,1,0,15,9167,0,0,1
engine_execution,resident_ready_shutdown,1,0,16,9250,0,0,1
engine_execution,resident_ready_shutdown,1,0,17,9500,0,0,1
engine_execution,resident_ready_shutdown,1,0,18,7959,0,0,1
engine_execution,resident_ready_shutdown,1,0,19,7625,0,0,1
engine_execution,resident_ready_shutdown,1,0,20,8375,0,0,1
engine_execution,resident_ready_shutdown,1,0,21,9625,0,0,1
engine_execution,resident_ready_shutdown,1,0,22,9459,0,0,1
engine_execution,resident_ready_shutdown,1,0,23,7584,0,0,1
engine_execution,resident_ready_shutdown,1,0,24,7875,0,0,1
engine_execution,resident_ready_shutdown,1,0,25,7542,0,0,1
engine_execution,resident_ready_shutdown,1,0,26,7375,0,0,1
engine_execution,resident_ready_shutdown,1,0,27,8625,0,0,1
engine_execution,resident_ready_shutdown,1,0,28,9792,0,0,1
engine_execution,resident_ready_shutdown,1,0,29,9291,0,0,1
engine_execution,resident_ready_shutdown,1,0,30,9417,0,0,1
engine_execution,resident_ready_shutdown,1,0,31,7167,0,0,1
engine_execution,resident_ready_shutdown,1,0,32,7292,0,0,1
engine_execution,resident_ready_shutdown,1,0,33,7250,0,0,1
engine_execution,resident_ready_shutdown,1,0,34,8875,0,0,1
engine_execution,resident_ready_shutdown,1,0,35,9250,0,0,1
engine_execution,resident_ready_shutdown,1,0,36,9208,0,0,1
engine_execution,resident_ready_shutdown,1,0,37,9458,0,0,1
engine_execution,resident_ready_shutdown,1,0,38,9042,0,0,1
engine_execution,resident_ready_shutdown,1,0,39,9583,0,0,1
engine_execution,dynamic_live_instances_1,3,2,0,34750,0,0,0
engine_execution,dynamic_live_instances_1,3,2,1,30292,0,0,0
engine_execution,dynamic_live_instances_1,3,2,2,33666,0,0,0
engine_execution,dynamic_live_instances_1,3,2,3,34375,0,0,0
engine_execution,dynamic_live_instances_1,3,2,4,34083,0,0,0
engine_execution,dynamic_live_instances_1,3,2,5,30458,0,0,0
engine_execution,dynamic_live_instances_1,3,2,6,30833,0,0,0
engine_execution,dynamic_live_instances_1,3,2,7,31583,0,0,0
engine_execution,dynamic_live_instances_1,3,2,8,30542,0,0,0
engine_execution,dynamic_live_instances_1,3,2,9,30792,0,0,0
engine_execution,dynamic_live_instances_1,3,2,10,28583,0,0,0
engine_execution,dynamic_live_instances_1,3,2,11,31250,0,0,0
engine_execution,dynamic_live_instances_1,3,2,12,29792,0,0,0
engine_execution,dynamic_live_instances_1,3,2,13,65667,0,0,0
engine_execution,dynamic_live_instances_1,3,2,14,41209,0,0,0
engine_execution,dynamic_live_instances_1,3,2,15,33084,0,0,0
engine_execution,dynamic_live_instances_1,3,2,16,48042,0,0,0
engine_execution,dynamic_live_instances_1,3,2,17,175125,0,0,0
engine_execution,dynamic_live_instances_1,3,2,18,51125,0,0,0
engine_execution,dynamic_live_instances_1,3,2,19,81792,0,0,0
engine_execution,dynamic_live_instances_1,3,2,20,60791,0,0,0
engine_execution,dynamic_live_instances_1,3,2,21,40333,0,0,0
engine_execution,dynamic_live_instances_1,3,2,22,57208,0,0,0
engine_execution,dynamic_live_instances_1,3,2,23,42375,0,0,0
engine_execution,dynamic_live_instances_1,3,2,24,32125,0,0,0
engine_execution,dynamic_live_instances_1,3,2,25,34333,0,0,0
engine_execution,dynamic_live_instances_1,3,2,26,31667,0,0,0
engine_execution,dynamic_live_instances_1,3,2,27,34208,0,0,0
engine_execution,dynamic_live_instances_1,3,2,28,30375,0,0,0
engine_execution,dynamic_live_instances_1,3,2,29,29208,0,0,0
engine_execution,dynamic_live_instances_1,3,2,30,27458,0,0,0
engine_execution,dynamic_live_instances_1,3,2,31,27208,0,0,0
engine_execution,dynamic_live_instances_1,3,2,32,34208,0,0,0
engine_execution,dynamic_live_instances_1,3,2,33,32375,0,0,0
engine_execution,dynamic_live_instances_1,3,2,34,35250,0,0,0
engine_execution,dynamic_live_instances_1,3,2,35,27250,0,0,0
engine_execution,dynamic_live_instances_1,3,2,36,27500,0,0,0
engine_execution,dynamic_live_instances_1,3,2,37,30625,0,0,0
engine_execution,dynamic_live_instances_1,3,2,38,31458,0,0,0
engine_execution,dynamic_live_instances_1,3,2,39,32667,0,0,0
engine_execution_alloc,dynamic_live_instances_1,3,2,1,0,626,57837,0
engine_execution,dynamic_live_instances_10,3,2,0,239291,0,0,11
engine_execution,dynamic_live_instances_10,3,2,1,232667,0,0,11
engine_execution,dynamic_live_instances_10,3,2,2,227042,0,0,11
engine_execution,dynamic_live_instances_10,3,2,3,232791,0,0,11
engine_execution,dynamic_live_instances_10,3,2,4,234250,0,0,11
engine_execution,dynamic_live_instances_10,3,2,5,236583,0,0,11
engine_execution,dynamic_live_instances_10,3,2,6,239459,0,0,11
engine_execution,dynamic_live_instances_10,3,2,7,237375,0,0,11
engine_execution,dynamic_live_instances_10,3,2,8,231375,0,0,11
engine_execution,dynamic_live_instances_10,3,2,9,234083,0,0,11
engine_execution,dynamic_live_instances_10,3,2,10,236208,0,0,11
engine_execution,dynamic_live_instances_10,3,2,11,234750,0,0,11
engine_execution,dynamic_live_instances_10,3,2,12,228916,0,0,11
engine_execution,dynamic_live_instances_10,3,2,13,234375,0,0,11
engine_execution,dynamic_live_instances_10,3,2,14,232666,0,0,11
engine_execution,dynamic_live_instances_10,3,2,15,232083,0,0,11
engine_execution,dynamic_live_instances_10,3,2,16,228917,0,0,11
engine_execution,dynamic_live_instances_10,3,2,17,239333,0,0,11
engine_execution,dynamic_live_instances_10,3,2,18,251208,0,0,11
engine_execution,dynamic_live_instances_10,3,2,19,233417,0,0,11
engine_execution,dynamic_live_instances_10,3,2,20,238334,0,0,11
engine_execution,dynamic_live_instances_10,3,2,21,246584,0,0,11
engine_execution,dynamic_live_instances_10,3,2,22,229042,0,0,11
engine_execution,dynamic_live_instances_10,3,2,23,225625,0,0,11
engine_execution,dynamic_live_instances_10,3,2,24,225875,0,0,11
engine_execution,dynamic_live_instances_10,3,2,25,221333,0,0,11
engine_execution,dynamic_live_instances_10,3,2,26,222458,0,0,11
engine_execution,dynamic_live_instances_10,3,2,27,206125,0,0,11
engine_execution,dynamic_live_instances_10,3,2,28,213041,0,0,11
engine_execution,dynamic_live_instances_10,3,2,29,226833,0,0,11
engine_execution,dynamic_live_instances_10,3,2,30,221042,0,0,11
engine_execution,dynamic_live_instances_10,3,2,31,218250,0,0,11
engine_execution,dynamic_live_instances_10,3,2,32,209292,0,0,11
engine_execution,dynamic_live_instances_10,3,2,33,214500,0,0,11
engine_execution,dynamic_live_instances_10,3,2,34,223125,0,0,11
engine_execution,dynamic_live_instances_10,3,2,35,207167,0,0,11
engine_execution,dynamic_live_instances_10,3,2,36,208416,0,0,11
engine_execution,dynamic_live_instances_10,3,2,37,216834,0,0,11
engine_execution,dynamic_live_instances_10,3,2,38,219917,0,0,11
engine_execution,dynamic_live_instances_10,3,2,39,210791,0,0,11
engine_execution_alloc,dynamic_live_instances_10,3,2,10,0,4464,409440,11
engine_execution,dynamic_live_instances_100,3,2,0,5082375,0,0,101
engine_execution,dynamic_live_instances_100,3,2,1,4996708,0,0,101
engine_execution,dynamic_live_instances_100,3,2,2,5539875,0,0,101
engine_execution,dynamic_live_instances_100,3,2,3,5017250,0,0,101
engine_execution,dynamic_live_instances_100,3,2,4,5094542,0,0,101
engine_execution,dynamic_live_instances_100,3,2,5,4963750,0,0,101
engine_execution,dynamic_live_instances_100,3,2,6,5059708,0,0,101
engine_execution,dynamic_live_instances_100,3,2,7,4990667,0,0,101
engine_execution,dynamic_live_instances_100,3,2,8,5321125,0,0,101
engine_execution,dynamic_live_instances_100,3,2,9,5002625,0,0,101
engine_execution,dynamic_live_instances_100,3,2,10,4989417,0,0,101
engine_execution,dynamic_live_instances_100,3,2,11,4985708,0,0,101
engine_execution,dynamic_live_instances_100,3,2,12,5049083,0,0,101
engine_execution,dynamic_live_instances_100,3,2,13,5112333,0,0,101
engine_execution,dynamic_live_instances_100,3,2,14,5134292,0,0,101
engine_execution,dynamic_live_instances_100,3,2,15,5788208,0,0,101
engine_execution,dynamic_live_instances_100,3,2,16,5205958,0,0,101
engine_execution,dynamic_live_instances_100,3,2,17,5326583,0,0,101
engine_execution,dynamic_live_instances_100,3,2,18,5302250,0,0,101
engine_execution,dynamic_live_instances_100,3,2,19,5042125,0,0,101
engine_execution,dynamic_live_instances_100,3,2,20,5013417,0,0,101
engine_execution,dynamic_live_instances_100,3,2,21,5606458,0,0,101
engine_execution,dynamic_live_instances_100,3,2,22,5676292,0,0,101
engine_execution,dynamic_live_instances_100,3,2,23,5209792,0,0,101
engine_execution,dynamic_live_instances_100,3,2,24,5095625,0,0,101
engine_execution,dynamic_live_instances_100,3,2,25,5085625,0,0,101
engine_execution,dynamic_live_instances_100,3,2,26,5027750,0,0,101
engine_execution,dynamic_live_instances_100,3,2,27,5135625,0,0,101
engine_execution,dynamic_live_instances_100,3,2,28,5208916,0,0,101
engine_execution,dynamic_live_instances_100,3,2,29,5023500,0,0,101
engine_execution,dynamic_live_instances_100,3,2,30,4887208,0,0,101
engine_execution,dynamic_live_instances_100,3,2,31,4953833,0,0,101
engine_execution,dynamic_live_instances_100,3,2,32,4999291,0,0,101
engine_execution,dynamic_live_instances_100,3,2,33,4883417,0,0,101
engine_execution,dynamic_live_instances_100,3,2,34,5170375,0,0,101
engine_execution,dynamic_live_instances_100,3,2,35,4974625,0,0,101
engine_execution,dynamic_live_instances_100,3,2,36,4866791,0,0,101
engine_execution,dynamic_live_instances_100,3,2,37,4905958,0,0,101
engine_execution,dynamic_live_instances_100,3,2,38,4983584,0,0,101
engine_execution,dynamic_live_instances_100,3,2,39,5048875,0,0,101
engine_execution_alloc,dynamic_live_instances_100,3,2,100,0,69425,6321790,101
engine_execution,trace_default,100,99,0,384917,0,0,1
engine_execution,trace_default,100,99,1,379083,0,0,0
engine_execution,trace_default,100,99,2,382291,0,0,3
engine_execution,trace_default,100,99,3,374708,0,0,2
engine_execution,trace_default,100,99,4,369292,0,0,5
engine_execution,trace_default,100,99,5,376625,0,0,4
engine_execution,trace_default,100,99,6,369333,0,0,7
engine_execution,trace_default,100,99,7,375500,0,0,6
engine_execution,trace_default,100,99,8,386583,0,0,9
engine_execution,trace_default,100,99,9,385416,0,0,8
engine_execution,trace_default,100,99,10,364458,0,0,11
engine_execution,trace_default,100,99,11,369500,0,0,10
engine_execution,trace_default,100,99,12,370125,0,0,13
engine_execution,trace_default,100,99,13,374417,0,0,12
engine_execution,trace_default,100,99,14,372209,0,0,15
engine_execution,trace_default,100,99,15,370292,0,0,14
engine_execution,trace_default,100,99,16,372041,0,0,17
engine_execution,trace_default,100,99,17,376375,0,0,16
engine_execution,trace_default,100,99,18,360625,0,0,19
engine_execution,trace_default,100,99,19,382292,0,0,18
engine_execution,trace_default,100,99,20,372417,0,0,21
engine_execution,trace_default,100,99,21,381208,0,0,20
engine_execution,trace_default,100,99,22,385875,0,0,23
engine_execution,trace_default,100,99,23,384125,0,0,22
engine_execution,trace_default,100,99,24,384000,0,0,25
engine_execution,trace_default,100,99,25,379750,0,0,24
engine_execution,trace_default,100,99,26,377541,0,0,27
engine_execution,trace_default,100,99,27,380292,0,0,26
engine_execution,trace_default,100,99,28,381250,0,0,29
engine_execution,trace_default,100,99,29,366209,0,0,28
engine_execution,trace_default,100,99,30,377250,0,0,31
engine_execution,trace_default,100,99,31,389375,0,0,30
engine_execution,trace_default,100,99,32,380667,0,0,33
engine_execution,trace_default,100,99,33,391834,0,0,32
engine_execution,trace_default,100,99,34,381958,0,0,35
engine_execution,trace_default,100,99,35,388541,0,0,34
engine_execution,trace_default,100,99,36,380417,0,0,37
engine_execution,trace_default,100,99,37,410209,0,0,36
engine_execution,trace_default,100,99,38,387375,0,0,39
engine_execution,trace_default,100,99,39,378750,0,0,38
engine_execution_alloc,trace_default,100,99,0,0,6090,781647,23131
engine_execution,trace_observer,100,99,0,376292,0,0,1
engine_execution,trace_observer,100,99,1,396375,0,0,0
engine_execution,trace_observer,100,99,2,394709,0,0,3
engine_execution,trace_observer,100,99,3,407750,0,0,2
engine_execution,trace_observer,100,99,4,390917,0,0,5
engine_execution,trace_observer,100,99,5,374333,0,0,4
engine_execution,trace_observer,100,99,6,400708,0,0,7
engine_execution,trace_observer,100,99,7,393166,0,0,6
engine_execution,trace_observer,100,99,8,397375,0,0,9
engine_execution,trace_observer,100,99,9,397917,0,0,8
engine_execution,trace_observer,100,99,10,413958,0,0,11
engine_execution,trace_observer,100,99,11,399541,0,0,10
engine_execution,trace_observer,100,99,12,397958,0,0,13
engine_execution,trace_observer,100,99,13,442125,0,0,12
engine_execution,trace_observer,100,99,14,395666,0,0,15
engine_execution,trace_observer,100,99,15,397542,0,0,14
engine_execution,trace_observer,100,99,16,476708,0,0,17
engine_execution,trace_observer,100,99,17,494666,0,0,16
engine_execution,trace_observer,100,99,18,417125,0,0,19
engine_execution,trace_observer,100,99,19,389500,0,0,18
engine_execution,trace_observer,100,99,20,382084,0,0,21
engine_execution,trace_observer,100,99,21,474875,0,0,20
engine_execution,trace_observer,100,99,22,403250,0,0,23
engine_execution,trace_observer,100,99,23,425833,0,0,22
engine_execution,trace_observer,100,99,24,401291,0,0,25
engine_execution,trace_observer,100,99,25,425167,0,0,24
engine_execution,trace_observer,100,99,26,388458,0,0,27
engine_execution,trace_observer,100,99,27,420000,0,0,26
engine_execution,trace_observer,100,99,28,377917,0,0,29
engine_execution,trace_observer,100,99,29,374833,0,0,28
engine_execution,trace_observer,100,99,30,411958,0,0,31
engine_execution,trace_observer,100,99,31,395500,0,0,30
engine_execution,trace_observer,100,99,32,779500,0,0,33
engine_execution,trace_observer,100,99,33,374083,0,0,32
engine_execution,trace_observer,100,99,34,402083,0,0,35
engine_execution,trace_observer,100,99,35,421542,0,0,34
engine_execution,trace_observer,100,99,36,383583,0,0,37
engine_execution,trace_observer,100,99,37,370000,0,0,36
engine_execution,trace_observer,100,99,38,382541,0,0,39
engine_execution,trace_observer,100,99,39,390000,0,0,38
engine_execution_alloc,trace_observer,100,99,0,0,6090,781647,23131
representative_application,application_hash_sdax,10,9,0,31459,0,0,8827501768403342007
representative_application,application_hash_sdax,10,9,1,34458,0,0,8951258580674472749
representative_application,application_hash_sdax,10,9,2,30375,0,0,18157584738022301124
representative_application,application_hash_sdax,10,9,3,30541,0,0,16093298964628915617
representative_application,application_hash_sdax,10,9,4,30208,0,0,4338024545885762412
representative_application,application_hash_sdax,10,9,5,31834,0,0,4989613096480112062
representative_application,application_hash_sdax,10,9,6,36209,0,0,14756605482753659039
representative_application,application_hash_sdax,10,9,7,37334,0,0,48615153832195890
representative_application,application_hash_sdax,10,9,8,30667,0,0,12897547982939568865
representative_application,application_hash_sdax,10,9,9,40792,0,0,6455468052857312123
representative_application,application_hash_sdax,10,9,10,33833,0,0,7461994257773924098
representative_application,application_hash_sdax,10,9,11,32958,0,0,3636896381673253623
representative_application,application_hash_sdax,10,9,12,35416,0,0,6793413810667899076
representative_application,application_hash_sdax,10,9,13,32459,0,0,12277190981714708308
representative_application,application_hash_sdax,10,9,14,30416,0,0,9683030269895486545
representative_application,application_hash_sdax,10,9,15,31875,0,0,9383150768291419922
representative_application,application_hash_sdax,10,9,16,32000,0,0,11312423361794011584
representative_application,application_hash_sdax,10,9,17,34334,0,0,18128183083347417488
representative_application,application_hash_sdax,10,9,18,34334,0,0,12087555839788357172
representative_application,application_hash_sdax,10,9,19,38375,0,0,13041129334982073488
representative_application,application_hash_sdax,10,9,20,31375,0,0,8384464984104957687
representative_application,application_hash_sdax,10,9,21,30584,0,0,10868783110269989825
representative_application,application_hash_sdax,10,9,22,29292,0,0,15668235844036064711
representative_application,application_hash_sdax,10,9,23,29333,0,0,4013874171971043560
representative_application,application_hash_sdax,10,9,24,29541,0,0,4203571749175062306
representative_application,application_hash_sdax,10,9,25,29542,0,0,10926854856726577928
representative_application,application_hash_sdax,10,9,26,33667,0,0,16212662351989052772
representative_application,application_hash_sdax,10,9,27,34458,0,0,11560519827294593319
representative_application,application_hash_sdax,10,9,28,35125,0,0,7617103062409141563
representative_application,application_hash_sdax,10,9,29,30458,0,0,15838086077383948403
representative_application,application_hash_sdax,10,9,30,30584,0,0,8116776606867456652
representative_application,application_hash_sdax,10,9,31,30500,0,0,11359474695907197805
representative_application,application_hash_sdax,10,9,32,30083,0,0,9168736860549268637
representative_application,application_hash_sdax,10,9,33,30125,0,0,16764612828771598240
representative_application,application_hash_sdax,10,9,34,29917,0,0,14255204493723425259
representative_application,application_hash_sdax,10,9,35,29500,0,0,3518369773145393400
representative_application,application_hash_sdax,10,9,36,29542,0,0,8965317550446050729
representative_application,application_hash_sdax,10,9,37,36792,0,0,16665962306655849748
representative_application,application_hash_sdax,10,9,38,34584,0,0,13342058531664200426
representative_application,application_hash_sdax,10,9,39,32542,0,0,18112928529687244317
representative_application_alloc,application_hash_sdax,10,9,0,0,671,68034,17601881740522758837
representative_application,application_hash_handwritten,10,9,0,1167,0,0,8827501768403342006
representative_application,application_hash_handwritten,10,9,1,959,0,0,8951258580674472748
representative_application,application_hash_handwritten,10,9,2,1000,0,0,18157584738022301125
representative_application,application_hash_handwritten,10,9,3,1000,0,0,16093298964628915616
representative_application,application_hash_handwritten,10,9,4,1000,0,0,4338024545885762413
representative_application,application_hash_handwritten,10,9,5,1083,0,0,4989613096480112063
representative_application,application_hash_handwritten,10,9,6,1000,0,0,14756605482753659038
representative_application,application_hash_handwritten,10,9,7,959,0,0,48615153832195891
representative_application,application_hash_handwritten,10,9,8,959,0,0,12897547982939568864
representative_application,application_hash_handwritten,10,9,9,959,0,0,6455468052857312122
representative_application,application_hash_handwritten,10,9,10,959,0,0,7461994257773924099
representative_application,application_hash_handwritten,10,9,11,958,0,0,3636896381673253622
representative_application,application_hash_handwritten,10,9,12,958,0,0,6793413810667899077
representative_application,application_hash_handwritten,10,9,13,958,0,0,12277190981714708309
representative_application,application_hash_handwritten,10,9,14,958,0,0,9683030269895486544
representative_application,application_hash_handwritten,10,9,15,958,0,0,9383150768291419923
representative_application,application_hash_handwritten,10,9,16,958,0,0,11312423361794011585
representative_application,application_hash_handwritten,10,9,17,958,0,0,18128183083347417489
representative_application,application_hash_handwritten,10,9,18,1000,0,0,12087555839788357173
representative_application,application_hash_handwritten,10,9,19,1000,0,0,13041129334982073489
representative_application,application_hash_handwritten,10,9,20,1000,0,0,8384464984104957686
representative_application,application_hash_handwritten,10,9,21,875,0,0,10868783110269989824
representative_application,application_hash_handwritten,10,9,22,791,0,0,15668235844036064710
representative_application,application_hash_handwritten,10,9,23,792,0,0,4013874171971043561
representative_application,application_hash_handwritten,10,9,24,792,0,0,4203571749175062307
representative_application,application_hash_handwritten,10,9,25,750,0,0,10926854856726577929
representative_application,application_hash_handwritten,10,9,26,750,0,0,16212662351989052773
representative_application,application_hash_handwritten,10,9,27,791,0,0,11560519827294593318
representative_application,application_hash_handwritten,10,9,28,792,0,0,7617103062409141562
representative_application,application_hash_handwritten,10,9,29,750,0,0,15838086077383948402
representative_application,application_hash_handwritten,10,9,30,750,0,0,8116776606867456653
representative_application,application_hash_handwritten,10,9,31,792,0,0,11359474695907197804
representative_application,application_hash_handwritten,10,9,32,791,0,0,9168736860549268636
representative_application,application_hash_handwritten,10,9,33,833,0,0,16764612828771598241
representative_application,application_hash_handwritten,10,9,34,792,0,0,14255204493723425258
representative_application,application_hash_handwritten,10,9,35,792,0,0,3518369773145393401
representative_application,application_hash_handwritten,10,9,36,791,0,0,8965317550446050728
representative_application,application_hash_handwritten,10,9,37,750,0,0,16665962306655849749
representative_application,application_hash_handwritten,10,9,38,791,0,0,13342058531664200427
representative_application,application_hash_handwritten,10,9,39,792,0,0,18112928529687244316
representative_application,application_hash_sdax,100,99,0,395875,0,0,11698499080773063169
representative_application,application_hash_sdax,100,99,1,381041,0,0,1167273700599470746
representative_application,application_hash_sdax,100,99,2,389958,0,0,230717062559681466
representative_application,application_hash_sdax,100,99,3,388833,0,0,13461277124864170951
representative_application,application_hash_sdax,100,99,4,408958,0,0,1843089491647656604
representative_application,application_hash_sdax,100,99,5,391667,0,0,1884400405866327554
representative_application,application_hash_sdax,100,99,6,397917,0,0,15657071968087079792
representative_application,application_hash_sdax,100,99,7,402708,0,0,8136226820520416651
representative_application,application_hash_sdax,100,99,8,395291,0,0,9211086410723557827
representative_application,application_hash_sdax,100,99,9,399333,0,0,3206438314367023030
representative_application,application_hash_sdax,100,99,10,389042,0,0,5368241661201366769
representative_application,application_hash_sdax,100,99,11,385125,0,0,6168939717596367288
representative_application,application_hash_sdax,100,99,12,403417,0,0,14206662131410471245
representative_application,application_hash_sdax,100,99,13,389500,0,0,13119166869922341979
representative_application,application_hash_sdax,100,99,14,394083,0,0,13832537443924736586
representative_application,application_hash_sdax,100,99,15,384375,0,0,10215951684877506974
representative_application,application_hash_sdax,100,99,16,397333,0,0,5034229283543529572
representative_application,application_hash_sdax,100,99,17,399541,0,0,14677823012927430832
representative_application,application_hash_sdax,100,99,18,391083,0,0,13894612964717701903
representative_application,application_hash_sdax,100,99,19,370208,0,0,15583721593309401490
representative_application,application_hash_sdax,100,99,20,377708,0,0,6418842662590208827
representative_application,application_hash_sdax,100,99,21,382500,0,0,13631435880641776915
representative_application,application_hash_sdax,100,99,22,393333,0,0,17183653852698357092
representative_application,application_hash_sdax,100,99,23,422541,0,0,9274972455216937604
representative_application,application_hash_sdax,100,99,24,384875,0,0,9355792106790873694
representative_application,application_hash_sdax,100,99,25,361916,0,0,6870977820890846112
representative_application,application_hash_sdax,100,99,26,371667,0,0,7356228651156183227
representative_application,application_hash_sdax,100,99,27,383625,0,0,6496560239278517594
representative_application,application_hash_sdax,100,99,28,385416,0,0,1600470374967907333
representative_application,application_hash_sdax,100,99,29,388583,0,0,7749396622089507156
representative_application,application_hash_sdax,100,99,30,380000,0,0,5914597544721144955
representative_application,application_hash_sdax,100,99,31,371958,0,0,8593148281290798141
representative_application,application_hash_sdax,100,99,32,366208,0,0,17312262507819578044
representative_application,application_hash_sdax,100,99,33,393083,0,0,8449402800832754809
representative_application,application_hash_sdax,100,99,34,388250,0,0,3614604414420252231
representative_application,application_hash_sdax,100,99,35,385500,0,0,2366660716473973819
representative_application,application_hash_sdax,100,99,36,382042,0,0,8524431054321544385
representative_application,application_hash_sdax,100,99,37,396875,0,0,11652126080490940143
representative_application,application_hash_sdax,100,99,38,388125,0,0,7153169922785203679
representative_application,application_hash_sdax,100,99,39,386333,0,0,6082470906507506695
representative_application_alloc,application_hash_sdax,100,99,0,0,6090,785196,4889995614244325387
representative_application,application_hash_handwritten,100,99,0,11125,0,0,11698499080773063168
representative_application,application_hash_handwritten,100,99,1,10416,0,0,1167273700599470747
representative_application,application_hash_handwritten,100,99,2,11167,0,0,230717062559681467
representative_application,application_hash_handwritten,100,99,3,10959,0,0,13461277124864170950
representative_application,application_hash_handwritten,100,99,4,10875,0,0,1843089491647656605
representative_application,application_hash_handwritten,100,99,5,11125,0,0,1884400405866327555
representative_application,application_hash_handwritten,100,99,6,11000,0,0,15657071968087079793
representative_application,application_hash_handwritten,100,99,7,9541,0,0,8136226820520416650
representative_application,application_hash_handwritten,100,99,8,8750,0,0,9211086410723557826
representative_application,application_hash_handwritten,100,99,9,9917,0,0,3206438314367023031
representative_application,application_hash_handwritten,100,99,10,11000,0,0,5368241661201366768
representative_application,application_hash_handwritten,100,99,11,10875,0,0,6168939717596367289
representative_application,application_hash_handwritten,100,99,12,10917,0,0,14206662131410471244
representative_application,application_hash_handwritten,100,99,13,11042,0,0,13119166869922341978
representative_application,application_hash_handwritten,100,99,14,10875,0,0,13832537443924736587
representative_application,application_hash_handwritten,100,99,15,10958,0,0,10215951684877506975
representative_application,application_hash_handwritten,100,99,16,8375,0,0,5034229283543529573
representative_application,application_hash_handwritten,100,99,17,8375,0,0,14677823012927430833
representative_application,application_hash_handwritten,100,99,18,8375,0,0,13894612964717701902
representative_application,application_hash_handwritten,100,99,19,8417,0,0,15583721593309401491
representative_application,application_hash_handwritten,100,99,20,8375,0,0,6418842662590208826
representative_application,application_hash_handwritten,100,99,21,8375,0,0,13631435880641776914
representative_application,application_hash_handwritten,100,99,22,8375,0,0,17183653852698357093
representative_application,application_hash_handwritten,100,99,23,8375,0,0,9274972455216937605
representative_application,application_hash_handwritten,100,99,24,8375,0,0,9355792106790873695
representative_application,application_hash_handwritten,100,99,25,8416,0,0,6870977820890846113
representative_application,application_hash_handwritten,100,99,26,8375,0,0,7356228651156183226
representative_application,application_hash_handwritten,100,99,27,8375,0,0,6496560239278517595
representative_application,application_hash_handwritten,100,99,28,8375,0,0,1600470374967907332
representative_application,application_hash_handwritten,100,99,29,8375,0,0,7749396622089507157
representative_application,application_hash_handwritten,100,99,30,8459,0,0,5914597544721144954
representative_application,application_hash_handwritten,100,99,31,10041,0,0,8593148281290798140
representative_application,application_hash_handwritten,100,99,32,10625,0,0,17312262507819578045
representative_application,application_hash_handwritten,100,99,33,10875,0,0,8449402800832754808
representative_application,application_hash_handwritten,100,99,34,10417,0,0,3614604414420252230
representative_application,application_hash_handwritten,100,99,35,8750,0,0,2366660716473973818
representative_application,application_hash_handwritten,100,99,36,8750,0,0,8524431054321544384
representative_application,application_hash_handwritten,100,99,37,10500,0,0,11652126080490940142
representative_application,application_hash_handwritten,100,99,38,10917,0,0,7153169922785203678
representative_application,application_hash_handwritten,100,99,39,10875,0,0,6082470906507506694
